date,series,nav_full_x0,dd_full_x0,nav_half_x0,dd_half_x0,nav_quarter_x0,dd_quarter_x0,nav_full_x10,dd_full_x10,nav_half_x10,dd_half_x10,nav_quarter_x10,dd_quarter_x10,nav_full_x25,dd_full_x25,nav_half_x25,dd_half_x25,nav_quarter_x25,dd_quarter_x25,nav_full_x100,dd_full_x100,nav_half_x100,dd_half_x100,nav_quarter_x100,dd_quarter_x100,wf_f_x0,wf_f_x10,wf_f_x25,wf_f_x100
1926-07-31,mkt,1.07932,-0.0521428,1.04066,-0.0260738,1.02152,-0.0128504,1.07932,-0.0521428,1.04066,-0.0260738,1.02152,-0.0128504,1.07932,-0.0521428,1.04066,-0.0260738,1.02152,-0.0128504,1.07932,-0.0521428,1.04066,-0.0260738,1.02152,-0.0128504,,,,
1926-08-31,mkt,1.15562,-0.0508012,1.07906,-0.0254372,1.04175,-0.0126527,1.15562,-0.0508012,1.07906,-0.0254372,1.04175,-0.0126527,1.15562,-0.0508012,1.07906,-0.0254372,1.04175,-0.0126527,1.15562,-0.0508012,1.07906,-0.0254372,1.04175,-0.0126527,,,,
1926-09-30,mkt,1.16774,-0.0600027,1.08652,-0.0297764,1.04672,-0.0144936,1.16774,-0.0600027,1.08652,-0.0297764,1.04672,-0.0144936,1.16774,-0.0600027,1.08652,-0.0297764,1.04672,-0.0144936,1.16774,-0.0600027,1.08652,-0.0297764,1.04672,-0.0144936,,,,
1926-10-31,mkt,1.06887,-0.168213,1.04236,-0.0849025,1.02689,-0.0412978,1.06887,-0.168213,1.04236,-0.0849025,1.02689,-0.0412978,1.06887,-0.168213,1.04236,-0.0849025,1.02689,-0.0412978,1.06887,-0.168213,1.04236,-0.0849025,1.02689,-0.0412978,,,,
1926-11-30,mkt,1.14395,-0.10184,1.07997,-0.0482867,1.04659,-0.0217305,1.14395,-0.10184,1.07997,-0.0482867,1.04659,-0.0217305,1.14395,-0.10184,1.07997,-0.0482867,1.04659,-0.0217305,1.14395,-0.10184,1.07997,-0.0482867,1.04659,-0.0217305,,,,
1926-12-31,mkt,1.22549,-0.0412342,1.11968,-0.0170283,1.06714,-0.00842449,1.22549,-0.0412342,1.11968,-0.0170283,1.06714,-0.00842449,1.22549,-0.0412342,1.11968,-0.0170283,1.06714,-0.00842449,1.22549,-0.0412342,1.11968,-0.0170283,1.06714,-0.00842449,,,,
1927-01-31,mkt,1.22548,-0.0609212,1.12148,-0.0292099,1.06944,-0.0142136,1.22548,-0.0609212,1.12148,-0.0292099,1.06944,-0.0142136,1.22548,-0.0609212,1.12148,-0.0292099,1.06944,-0.0142136,1.22548,-0.0609212,1.12148,-0.0292099,1.06944,-0.0142136,,,,
1927-02-28,mkt,1.36695,-0.0232594,1.18597,-0.00965769,1.10101,-0.00411688,1.36695,-0.0232594,1.18597,-0.00965769,1.10101,-0.00411688,1.36695,-0.0232594,1.18597,-0.00965769,1.10101,-0.00411688,1.36695,-0.0232594,1.18597,-0.00965769,1.10101,-0.00411688,,,,
1927-03-31,mkt,1.37346,-0.0419568,1.19126,-0.0208544,1.10516,-0.010246,1.37346,-0.0419568,1.19126,-0.0208544,1.10516,-0.010246,1.37346,-0.0419568,1.19126,-0.0208544,1.10516,-0.010246,1.37346,-0.0419568,1.19126,-0.0208544,1.10516,-0.010246,,,,
1927-04-30,mkt,1.39261,-0.0722796,1.20164,-0.0362142,1.11149,-0.0179377,1.39261,-0.0722796,1.20164,-0.0362142,1.11149,-0.0179377,1.39261,-0.0722796,1.20164,-0.0362142,1.11149,-0.0179377,1.39261,-0.0722796,1.20164,-0.0362142,1.11149,-0.0179377,,,,
1927-05-31,mkt,1.60267,-0.054206,1.29108,-0.0267004,1.15364,-0.0129481,1.60267,-0.054206,1.29108,-0.0267004,1.15364,-0.0129481,1.60267,-0.054206,1.29108,-0.0267004,1.15364,-0.0129481,1.60267,-0.054206,1.29108,-0.0267004,1.15364,-0.0129481,,,,
1927-06-30,mkt,1.50615,-0.0770764,1.25399,-0.0381346,1.13856,-0.0184388,1.50615,-0.0770764,1.25399,-0.0381346,1.13856,-0.0184388,1.50615,-0.0770764,1.25399,-0.0381346,1.13856,-0.0184388,1.50615,-0.0770764,1.25399,-0.0381346,1.13856,-0.0184388,,,,
1927-07-31,mkt,1.8121,-0.0558604,1.37761,-0.0269059,1.19494,-0.0125181,1.8121,-0.0558604,1.37761,-0.0269059,1.19494,-0.0125181,1.8121,-0.0558604,1.37761,-0.0269059,1.19494,-0.0125181,1.8121,-0.0558604,1.37761,-0.0269059,1.19494,-0.0125181,,,,
1927-08-31,mkt,1.90865,-0.0818002,1.41713,-0.0409384,1.21389,-0.0202145,1.90865,-0.0818002,1.41713,-0.0409384,1.21389,-0.0202145,1.90865,-0.0818002,1.41713,-0.0409384,1.21389,-0.0202145,1.90865,-0.0818002,1.41713,-0.0409384,1.21389,-0.0202145,,,,
1927-09-30,mkt,2.1577,-0.0342858,1.50989,-0.0168999,1.25482,-0.00820143,2.1577,-0.0342858,1.50989,-0.0168999,1.25482,-0.00820143,2.1577,-0.0342858,1.50989,-0.0168999,1.25482,-0.00820143,2.1577,-0.0342858,1.50989,-0.0168999,1.25482,-0.00820143,,,,
1927-10-31,mkt,1.92386,-0.142688,1.42901,-0.0721632,1.2226,-0.0354626,1.92386,-0.142688,1.42901,-0.0721632,1.2226,-0.0354626,1.92386,-0.142688,1.42901,-0.0721632,1.2226,-0.0354626,1.92386,-0.142688,1.42901,-0.0721632,1.2226,-0.0354626,,,,
1927-11-30,mkt,2.27094,-0.125696,1.55536,-0.0628746,1.27723,-0.0305378,2.27094,-0.125696,1.55536,-0.0628746,1.27723,-0.0305378,2.27094,-0.125696,1.55536,-0.0628746,1.27723,-0.0305378,2.27094,-0.125696,1.55536,-0.0628746,1.27723,-0.0305378,,,,
1927-12-31,mkt,2.40126,-0.046769,1.60214,-0.0233652,1.29812,-0.0115279,2.40126,-0.046769,1.60214,-0.0233652,1.29812,-0.0115279,2.40126,-0.046769,1.60214,-0.0233652,1.29812,-0.0115279,2.40126,-0.046769,1.60214,-0.0233652,1.29812,-0.0115279,,,,
1928-01-31,mkt,2.36847,-0.0600796,1.59422,-0.0295044,1.29674,-0.0141287,2.36847,-0.0600796,1.59422,-0.0295044,1.29674,-0.0141287,2.36847,-0.0600796,1.59422,-0.0295044,1.29674,-0.0141287,2.36847,-0.0600796,1.59422,-0.0295044,1.29674,-0.0141287,,,,
1928-02-29,mkt,2.26741,-0.118131,1.5626,-0.057999,1.28549,-0.0279677,2.26741,-0.118131,1.5626,-0.057999,1.28549,-0.0279677,2.26741,-0.118131,1.5626,-0.057999,1.28549,-0.0279677,2.26741,-0.118131,1.5626,-0.057999,1.28549,-0.0279677,,,,
1928-03-31,mkt,2.82885,-0.060624,1.74917,-0.0272177,1.36219,-0.011777,2.82885,-0.060624,1.74917,-0.0272177,1.36219,-0.011777,2.82885,-0.060624,1.74917,-0.0272177,1.36219,-0.011777,2.82885,-0.060624,1.74917,-0.0272177,1.36219,-0.011777,,,,
1928-04-30,mkt,3.15205,-0.0547462,1.85046,-0.0272508,1.403,-0.0134067,3.15205,-0.0547462,1.85046,-0.0272508,1.403,-0.0134067,3.15205,-0.0547462,1.85046,-0.0272508,1.403,-0.0134067,3.15205,-0.0547462,1.85046,-0.0272508,1.403,-0.0134067,,,,
1928-05-31,mkt,3.2742,-0.109734,1.89078,-0.0556409,1.42028,-0.0277911,3.2742,-0.109734,1.89078,-0.0556409,1.42028,-0.0277911,3.2742,-0.109734,1.89078,-0.0556409,1.42028,-0.0277911,3.2742,-0.109734,1.89078,-0.0556409,1.42028,-0.0277911,,,,
1928-06-30,mkt,2.85522,-0.25548,1.77427,-0.133661,1.37884,-0.0675369,2.85522,-0.25548,1.77427,-0.133661,1.37884,-0.0675369,2.85522,-0.25548,1.77427,-0.133661,1.37884,-0.0675369,2.85522,-0.25548,1.77427,-0.133661,1.37884,-0.0675369,,,,
1928-07-31,mkt,2.89973,-0.221142,1.79269,-0.110048,1.38817,-0.0528853,2.89973,-0.221142,1.79269,-0.110048,1.38817,-0.0528853,2.89973,-0.221142,1.79269,-0.110048,1.38817,-0.0528853,2.89973,-0.221142,1.79269,-0.110048,1.38817,-0.0528853,,,,
1928-08-31,mkt,3.43541,-0.178078,1.9556,-0.0842229,1.45215,-0.0379322,3.43541,-0.178078,1.9556,-0.0842229,1.45215,-0.0379322,3.43541,-0.178078,1.9556,-0.0842229,1.45215,-0.0379322,3.43541,-0.178078,1.9556,-0.0842229,1.45215,-0.0379322,,,,
1928-09-30,mkt,3.70218,-0.0371924,2.03365,-0.0184938,1.48282,-0.00910883,3.70218,-0.0371924,2.03365,-0.0184938,1.48282,-0.00910883,3.70218,-0.0371924,2.03365,-0.0184938,1.48282,-0.00910883,3.70218,-0.0371924,2.03365,-0.0184938,1.48282,-0.00910883,,,,
1928-10-31,mkt,3.84291,-0.0409462,2.07859,-0.02005,1.50325,-0.0098481,3.84291,-0.0409462,2.07859,-0.02005,1.50325,-0.0098481,3.84291,-0.0409462,2.07859,-0.02005,1.50325,-0.0098481,3.84291,-0.0409462,2.07859,-0.02005,1.50325,-0.0098481,,,,
1928-11-30,mkt,5.14955,-0.0393071,2.41494,-0.0195535,1.6246,-0.00967677,5.14955,-0.0393071,2.41494,-0.0195535,1.6246,-0.00967677,5.14955,-0.0393071,2.41494,-0.0195535,1.6246,-0.00967677,5.14955,-0.0393071,2.41494,-0.0195535,1.6246,-0.00967677,,,,
1928-12-31,mkt,5.15621,-0.22773,2.42515,-0.119339,1.62946,-0.0610846,5.15621,-0.22773,2.42515,-0.119339,1.62946,-0.0610846,5.15621,-0.22773,2.42515,-0.119339,1.62946,-0.0610846,5.15621,-0.22773,2.42515,-0.119339,1.62946,-0.0610846,,,,
1929-01-31,mkt,5.80377,-0.0622879,2.57925,-0.0312358,1.68311,-0.0154911,5.80377,-0.0622879,2.57925,-0.0312358,1.68311,-0.0154911,5.80377,-0.0622879,2.57925,-0.0312358,1.68311,-0.0154911,5.80377,-0.0622879,2.57925,-0.0312358,1.68311,-0.0154911,,,,
1929-02-28,mkt,5.7443,-0.156728,2.57685,-0.0791059,1.68662,-0.0389851,5.7443,-0.156728,2.57685,-0.0791059,1.68662,-0.0389851,5.7443,-0.156728,2.57685,-0.0791059,1.68662,-0.0389851,5.7443,-0.156728,2.57685,-0.0791059,1.68662,-0.0389851,,,,
1929-03-31,mkt,5.58264,-0.175794,2.55194,-0.0906186,1.68187,-0.0457096,5.58264,-0.175794,2.55194,-0.0906186,1.68187,-0.0457096,5.58264,-0.175794,2.55194,-0.0906186,1.68187,-0.0457096,5.58264,-0.175794,2.55194,-0.0906186,1.68187,-0.0457096,,,,
1929-04-30,mkt,5.79256,-0.1503,2.6071,-0.0743179,1.70285,-0.036217,5.79256,-0.1503,2.6071,-0.0743179,1.70285,-0.036217,5.79256,-0.1503,2.6071,-0.0743179,1.70285,-0.036217,5.79256,-0.1503,2.6071,-0.0743179,1.70285,-0.036217,,,,
1929-05-31,mkt,4.86415,-0.226175,2.40321,-0.115902,1.64048,-0.0572342,4.86415,-0.226175,2.40321,-0.115902,1.64048,-0.0572342,4.86415,-0.226175,2.40321,-0.115902,1.64048,-0.0572342,4.86415,-0.226175,2.40321,-0.115902,1.64048,-0.0572342,,,,
1929-06-30,mkt,6.2103,-0.176341,2.72493,-0.0873667,1.75165,-0.0417188,6.2103,-0.176341,2.72493,-0.0873667,1.75165,-0.0417188,6.2103,-0.176341,2.72493,-0.0873667,1.75165,-0.0417188,6.2103,-0.176341,2.72493,-0.0873667,1.75165,-0.0417188,,,,
1929-07-31,mkt,6.96748,-0.0530383,2.89252,-0.026157,1.80744,-0.0128,6.96748,-0.0530383,2.89252,-0.026157,1.80744,-0.0128,6.96748,-0.0530383,2.89252,-0.026157,1.80744,-0.0128,6.96748,-0.0530383,2.89252,-0.026157,1.80744,-0.0128,,,,
1929-08-31,mkt,8.53112,-0.121565,3.21747,-0.0609375,1.91247,-0.0301301,8.53112,-0.121565,3.21747,-0.0609375,1.91247,-0.0301301,8.53112,-0.121565,3.21747,-0.0609375,1.91247,-0.0301301,8.53112,-0.121565,3.21747,-0.0609375,1.91247,-0.0301301,,,,
1929-09-30,mkt,7.34521,-0.147129,2.99602,-0.0732844,1.84876,-0.0356802,7.34521,-0.147129,2.99602,-0.0732844,1.84876,-0.0356802,7.34521,-0.147129,2.99602,-0.0732844,1.84876,-0.0356802,7.34521,-0.147129,2.99602,-0.0732844,1.84876,-0.0356802,,,,
1929-10-31,mkt,3.61342,-0.719002,2.2203,-0.444111,1.61502,-0.244549,2.7941,-0.719002,1.93622,-0.444111,1.50451,-0.244549,2.7941,-0.719002,1.93622,-0.444111,1.50451,-0.244549,2.42005,-0.719002,1.79716,-0.444111,1.44832,-0.244549,,,,
1929-11-30,mkt,2.34431,-0.818402,1.84892,-0.53756,1.48736,-0.304755,1.81275,-0.859578,1.61236,-0.596727,1.38558,-0.352332,1.50986,-0.859578,1.46524,-0.596727,1.31922,-0.352332,1.12678,-0.882044,1.2588,-0.631297,1.22076,-0.381123,,,,
1929-12-31,mkt,2.38377,-0.757198,1.88112,-0.455994,1.50496,-0.241542,1.84327,-0.812252,1.64044,-0.525597,1.40197,-0.293444,1.53527,-0.843623,1.49076,-0.568884,1.33483,-0.327284,1.14575,-0.883298,1.28073,-0.629624,1.23521,-0.37749,,,,
1930-01-31,mkt,2.75313,-0.730066,2.02613,-0.425311,1.56429,-0.219806,2.12887,-0.791272,1.7669,-0.498839,1.45724,-0.273196,1.77315,-0.826149,1.60568,-0.544568,1.38745,-0.308005,1.32328,-0.870257,1.37945,-0.608734,1.2839,-0.35965,,,,
1930-02-28,mkt,2.93424,-0.681774,2.0966,-0.373693,1.5935,-0.183509,2.26892,-0.75393,1.82835,-0.453825,1.48446,-0.239382,1.8898,-0.795046,1.66152,-0.503661,1.41336,-0.275811,1.41033,-0.847046,1.42743,-0.57359,1.30788,-0.329858,,,,
1930-03-31,mkt,3.51075,-0.656518,2.29845,-0.348654,1.67101,-0.166824,2.71471,-0.7344,2.00438,-0.431991,1.55666,-0.223839,2.2611,-0.77878,1.82149,-0.483819,1.4821,-0.261013,1.68743,-0.834906,1.56486,-0.556543,1.37149,-0.316164,,,,
1930-04-30,mkt,3.32388,-0.621715,2.24197,-0.313506,1.65285,-0.142274,2.57021,-0.707489,1.95512,-0.401339,1.53974,-0.20097,2.14074,-0.756365,1.77673,-0.455964,1.466,-0.239239,1.59761,-0.818179,1.5264,-0.532613,1.35659,-0.296015,,,,
1930-05-31,mkt,3.15869,-0.687095,2.19629,-0.374305,1.63944,-0.180559,2.44248,-0.758044,1.91528,-0.454359,1.52726,-0.236634,2.03436,-0.798473,1.74052,-0.504146,1.45411,-0.273195,1.51821,-0.849603,1.4953,-0.574007,1.34559,-0.327437,,,,
1930-06-30,mkt,1.95007,-0.796773,1.74692,-0.488692,1.46789,-0.25557,1.5079,-0.842853,1.52341,-0.554111,1.36744,-0.306513,1.25594,-0.869111,1.38441,-0.594796,1.30195,-0.339727,0.844417,-0.911999,1.12731,-0.670047,1.17245,-0.405398,,,,
1930-07-31,mkt,2.15277,-0.787675,1.84398,-0.476424,1.51127,-0.246093,1.66464,-0.835818,1.60805,-0.543413,1.40786,-0.297684,1.38649,-0.863252,1.46133,-0.585074,1.34043,-0.331321,0.932191,-0.908059,1.18994,-0.662131,1.20711,-0.397828,,,,
1930-08-31,mkt,2.15362,-0.789773,1.85028,-0.475741,1.51505,-0.24384,1.6653,-0.837441,1.61355,-0.542817,1.41137,-0.295585,1.38704,-0.864603,1.46632,-0.584533,1.34377,-0.329322,0.932558,-0.908968,1.19401,-0.66169,1.21012,-0.396028,,,,
1930-09-30,mkt,1.49815,-0.826046,1.54975,-0.520636,1.3893,-0.275334,1.15845,-0.865489,1.35147,-0.581968,1.29423,-0.324923,0.964882,-0.887965,1.22816,-0.620111,1.23225,-0.357256,0.648726,-0.924675,1.00007,-0.690661,1.10969,-0.421183,,,,
1930-10-31,mkt,1.15243,-0.866284,1.37135,-0.576557,1.30976,-0.317654,0.891125,-0.896603,1.1959,-0.630734,1.22014,-0.364348,0.742225,-0.91388,1.08678,-0.664428,1.1617,-0.394792,0.499026,-0.942098,0.88495,-0.726747,1.04616,-0.454986,,,,
1930-11-30,mkt,1.05221,-0.894202,1.31886,-0.621867,1.28762,-0.354404,0.813631,-0.918191,1.15012,-0.670247,1.19951,-0.398583,0.677679,-0.931861,1.04518,-0.700336,1.14206,-0.427387,0.455629,-0.954187,0.851078,-0.755987,1.02847,-0.48434,,,,
1930-12-31,mkt,0.83922,-0.914914,1.18657,-0.65836,1.22476,-0.384522,0.648932,-0.934207,1.03475,-0.702071,1.14095,-0.42664,0.5405,-0.9452,0.940335,-0.729256,1.08631,-0.4541,0.363399,-0.963156,0.765704,-0.779536,0.978263,-0.508396,,,,
1931-01-31,mkt,0.976817,-0.896829,1.28669,-0.621254,1.27828,-0.35027,0.755329,-0.920222,1.12207,-0.669712,1.19081,-0.394732,0.62912,-0.933552,1.01968,-0.69985,1.13377,-0.423721,0.422981,-0.955325,0.830318,-0.755591,1.02101,-0.481038,,,,
1931-02-28,mkt,1.2739,-0.885689,1.47235,-0.600443,1.36809,-0.331935,0.985055,-0.911608,1.28397,-0.651564,1.27447,-0.377651,0.82046,-0.926378,1.16681,-0.683357,1.21343,-0.407458,0.551626,-0.950501,0.950124,-0.742161,1.09275,-0.466393,,,,
1931-03-31,mkt,1.06536,-0.876878,1.3502,-0.583342,1.31102,-0.316971,0.8238,-0.904795,1.17745,-0.636651,1.22131,-0.363711,0.686149,-0.920703,1.07001,-0.669805,1.16281,-0.394186,0.461324,-0.946686,0.871301,-0.731126,1.04716,-0.45444,,,,
1931-04-30,mkt,0.799758,-0.917114,1.17557,-0.657017,1.22481,-0.379796,0.618418,-0.935908,1.02516,-0.7009,1.14099,-0.422237,0.515085,-0.946617,0.931621,-0.728191,1.08635,-0.449908,0.309109,-0.964109,0.715549,-0.778669,0.949723,-0.504621,,,,
1931-05-31,mkt,0.544345,-0.936795,0.974521,-0.698565,1.11648,-0.41764,0.420918,-0.951126,0.849836,-0.737132,1.04008,-0.457491,0.350586,-0.959293,0.772293,-0.761118,0.990264,-0.483474,0.210391,-0.975571,0.593174,-0.816522,0.865724,-0.548435,,,,
1931-06-30,mkt,0.739783,-0.945997,1.15179,-0.720815,1.21809,-0.43928,0.572042,-0.958242,1.00442,-0.756535,1.13473,-0.477651,0.476458,-0.965219,0.912773,-0.77875,1.08039,-0.502669,0.216773,-0.979128,0.607483,-0.830065,0.878069,-0.565215,,,,
1931-07-31,mkt,0.611283,-0.929291,1.05208,-0.675202,1.16556,-0.392632,0.472679,-0.945324,0.917473,-0.716758,1.0858,-0.434195,0.393698,-0.95446,0.833758,-0.742602,1.03379,-0.461294,0.17912,-0.979281,0.554896,-0.828692,0.840203,-0.562173,,,,
1931-08-31,mkt,0.613354,-0.931965,1.05725,-0.68129,1.16935,-0.398299,0.47428,-0.947392,0.921979,-0.722068,1.08933,-0.439474,0.395031,-0.956182,0.837853,-0.747428,1.03716,-0.46632,0.179726,-0.980064,0.557622,-0.831904,0.842939,-0.566259,,,,
1931-09-30,mkt,0.238939,-0.972256,0.671413,-0.792321,0.935772,-0.511898,0.184761,-0.978547,0.58551,-0.818892,0.871736,-0.545299,0.153889,-0.982132,0.532085,-0.835418,0.829985,-0.567077,0.059905,-0.993044,0.326567,-0.898988,0.647253,-0.66239,,,,
1931-10-31,mkt,0.273556,-0.978507,0.737765,-0.816359,0.98774,-0.540518,0.163757,-0.983763,0.561474,-0.841698,0.857602,-0.574425,0.113007,-0.98866,0.462395,-0.867909,0.77636,-0.611482,0.0395888,-0.995854,0.268847,-0.921075,0.589059,-0.700722,,,,
1931-11-30,mkt,0.209287,-0.977665,0.651232,-0.807063,0.930916,-0.524919,0.125284,-0.98663,0.495619,-0.853166,0.808265,-0.587513,0.0864573,-0.990773,0.408161,-0.879077,0.731697,-0.626588,0.0302878,-0.996768,0.237314,-0.929692,0.555171,-0.716676,,,,
1931-12-31,mkt,0.138081,-0.985901,0.536687,-0.845523,0.848194,-0.574078,0.0826582,-0.99156,0.408444,-0.882436,0.736442,-0.630195,0.0472403,-0.995159,0.304754,-0.911501,0.633803,-0.679734,0.0165493,-0.998304,0.177191,-0.948545,0.480894,-0.757,,,,
1932-01-31,mkt,0.129148,-0.986656,0.525601,-0.848237,0.842861,-0.576722,0.077311,-0.992012,0.400007,-0.884501,0.731811,-0.632491,0.0441844,-0.995435,0.298459,-0.913822,0.629818,-0.683711,0.0118817,-0.99862,0.151342,-0.953187,0.445695,-0.767524,,,,
1932-02-29,mkt,0.142918,-0.986843,0.562529,-0.847297,0.876664,-0.57348,0.085554,-0.992124,0.428111,-0.883786,0.761161,-0.629675,0.0337303,-0.996155,0.263005,-0.919451,0.59295,-0.692351,0.00907048,-0.998966,0.133365,-0.959155,0.419605,-0.78229,,,,
1932-03-31,mkt,0.102555,-0.988092,0.481217,-0.851152,0.813583,-0.575632,0.061392,-0.992872,0.366229,-0.88672,0.706391,-0.631544,0.0242043,-0.99719,0.224989,-0.930407,0.550284,-0.71297,0.00650881,-0.999244,0.114087,-0.964711,0.389412,-0.796881,,,,
1932-04-30,mkt,0.0593268,-0.993122,0.370433,-0.885509,0.715914,-0.626723,0.0355144,-0.995883,0.281917,-0.912867,0.62159,-0.675904,0.0140018,-0.998377,0.173193,-0.946471,0.484224,-0.747526,0.00376526,-0.999563,0.0878225,-0.972856,0.342664,-0.821335,,,,
1932-05-31,mkt,0.0313624,-0.996358,0.273223,-0.915488,0.616974,-0.678184,0.0187743,-0.99782,0.207936,-0.935682,0.535686,-0.720584,0.00740189,-0.999141,0.127743,-0.960487,0.417304,-0.782333,0.00171418,-0.999801,0.0599452,-0.981458,0.28387,-0.851932,,,,
1932-06-30,mkt,0.0293327,-0.996594,0.269182,-0.916792,0.615269,-0.680668,0.0175593,-0.997961,0.20486,-0.936675,0.534205,-0.722741,0.00692287,-0.999196,0.125854,-0.961097,0.41615,-0.784013,0.00118348,-0.999863,0.0504502,-0.984395,0.261236,-0.863738,,,,
1932-07-31,mkt,0.0606985,-0.996675,0.392069,-0.917585,0.744935,-0.680562,0.0363355,-0.99801,0.298383,-0.937278,0.646788,-0.722649,0.0143256,-0.999215,0.183308,-0.961468,0.503853,-0.783941,0.00177528,-0.999866,0.0622942,-0.984554,0.290889,-0.86437,,,,
1932-08-31,mkt,0.130995,-0.993481,0.589321,-0.883293,0.918729,-0.618769,0.0784166,-0.996097,0.448501,-0.911181,0.797683,-0.668998,0.0256374,-0.998461,0.249813,-0.945435,0.59098,-0.742146,0.0020781,-0.999809,0.0681456,-0.981457,0.305072,-0.851133,,,,
1932-09-30,mkt,0.113131,-0.989286,0.563041,-0.844979,0.904342,-0.556679,0.052652,-0.993892,0.374854,-0.884239,0.732758,-0.618208,0.017214,-0.998003,0.208792,-0.935522,0.542879,-0.717141,0.00124717,-0.999855,0.0537626,-0.983397,0.272159,-0.858196,,,,
1932-10-31,mkt,0.0735528,-0.992808,0.465417,-0.869562,0.827196,-0.590635,0.0342321,-0.996653,0.309859,-0.913158,0.670248,-0.668306,0.00949085,-0.998977,0.158396,-0.953205,0.475273,-0.75826,0.000588339,-0.999935,0.0376124,-0.988679,0.228621,-0.882382,,,,
1932-11-30,mkt,0.0605112,-0.993023,0.42852,-0.869591,0.796741,-0.589127,0.0281624,-0.996753,0.285294,-0.913178,0.645572,-0.667084,0.00780803,-0.9991,0.145839,-0.955618,0.457775,-0.763929,0.000362864,-0.999958,0.0298287,-0.990774,0.204082,-0.89355,,,,
1932-12-31,mkt,0.0666936,-0.993209,0.452705,-0.869505,0.820207,-0.587507,0.0310398,-0.996839,0.301396,-0.913121,0.664586,-0.665771,0.00860577,-0.999124,0.15407,-0.955588,0.471257,-0.762999,0.000358819,-0.999963,0.0298044,-0.991344,0.204241,-0.896795,,,,
1933-01-31,mkt,0.068265,-0.992402,0.459662,-0.86129,0.827248,-0.574191,0.0317712,-0.996464,0.306028,-0.907652,0.670291,-0.654982,0.00880855,-0.99902,0.156437,-0.952793,0.475303,-0.755348,0.000329822,-0.999962,0.0286366,-0.991201,0.200308,-0.89588,,,,
1933-02-28,mkt,0.0431791,-0.995255,0.369238,-0.888927,0.743209,-0.61774,0.0200959,-0.997791,0.245826,-0.926052,0.602197,-0.690268,0.00557159,-0.999388,0.125663,-0.962199,0.427017,-0.780369,0.000208619,-0.999977,0.0230032,-0.99308,0.179959,-0.90744,,,,
1933-03-31,mkt,0.044296,-0.995025,0.381988,-0.886172,0.760421,-0.612944,0.0146213,-0.998302,0.211051,-0.934719,0.558862,-0.708495,0.00405374,-0.999529,0.107886,-0.966629,0.396288,-0.793294,0.000151786,-0.999982,0.0197491,-0.993891,0.167009,-0.912888,,,,
1933-04-30,mkt,0.0997177,-0.994803,0.58386,-0.881228,0.944758,-0.602325,0.0329149,-0.998285,0.322587,-0.934378,0.694339,-0.707733,0.00635472,-0.999524,0.136482,-0.966455,0.446916,-0.792754,0.000181992,-0.999982,0.0217511,-0.993859,0.175526,-0.91266,,,,
1933-05-31,mkt,0.162125,-0.988166,0.751248,-0.817067,1.07417,-0.503795,0.0535143,-0.996094,0.415069,-0.898928,0.789445,-0.63532,0.0103317,-0.999246,0.17561,-0.957238,0.508132,-0.765271,0.000262632,-0.999978,0.0263205,-0.993185,0.193445,-0.90781,,,,
1933-06-30,mkt,0.215304,-0.981018,0.879251,-0.764699,1.16661,-0.435051,0.071068,-0.993734,0.485792,-0.869995,0.857383,-0.584797,0.011528,-0.998864,0.187682,-0.946618,0.52681,-0.736619,0.00029304,-0.999971,0.0281299,-0.991999,0.200556,-0.899731,,,,
1933-07-31,mkt,0.153517,-0.983009,0.764984,-0.770724,1.0958,-0.438471,0.0506732,-0.994392,0.422659,-0.873324,0.805346,-0.587311,0.00681476,-0.999209,0.148031,-0.954212,0.470581,-0.754543,0.00017323,-0.99998,0.022187,-0.993137,0.179149,-0.906555,,,,
1933-08-31,mkt,0.202575,-0.981444,0.88598,-0.758212,1.18178,-0.421996,0.0668661,-0.993875,0.48951,-0.86641,0.868536,-0.575203,0.00899245,-0.999176,0.171445,-0.953212,0.507505,-0.751782,0.000200565,-0.999979,0.0240184,-0.992987,0.186685,-0.905504,,,,
1933-09-30,mkt,0.146979,-0.983586,0.762929,-0.768612,1.09952,-0.43213,0.0485151,-0.994582,0.421523,-0.872157,0.808079,-0.582651,0.00652453,-0.999271,0.147634,-0.955224,0.472178,-0.756134,0.000145521,-0.999984,0.0206826,-0.993727,0.173691,-0.910294,,,,
1933-10-31,mkt,0.111524,-0.988339,0.67742,-0.80225,1.04097,-0.473262,0.0368119,-0.996151,0.374279,-0.890742,0.765048,-0.61288,0.00495062,-0.999482,0.131087,-0.961734,0.447034,-0.773797,8.49521e-05,-0.99999,0.016039,-0.995039,0.153501,-0.919933,,,,
1933-11-30,mkt,0.140758,-0.986654,0.765928,-0.787256,1.10869,-0.452871,0.0464616,-0.995595,0.42318,-0.882457,0.814822,-0.597894,0.00624837,-0.999408,0.148214,-0.958832,0.476118,-0.765041,9.6107e-05,-0.99999,0.0171433,-0.994963,0.158894,-0.919321,,,,
1933-12-31,mkt,0.146038,-0.985089,0.783517,-0.773011,1.12257,-0.433645,0.0482046,-0.995078,0.432899,-0.874587,0.825022,-0.583765,0.00648276,-0.999338,0.151618,-0.956076,0.482078,-0.756784,9.97123e-05,-0.99999,0.0175369,-0.994919,0.160883,-0.918832,,,,
1934-01-31,mkt,0.196858,-0.984294,0.913896,-0.766697,1.21384,-0.425463,0.0649793,-0.994816,0.504934,-0.871098,0.892098,-0.577751,0.0087387,-0.999303,0.176847,-0.954854,0.521272,-0.75327,0.000117529,-0.999989,0.0190845,-0.994778,0.167932,-0.91766,,,,
1934-02-28,mkt,0.182416,-0.979221,0.883413,-0.729365,1.19465,-0.379865,0.060212,-0.993141,0.488092,-0.850472,0.877996,-0.544239,0.00809757,-0.999078,0.170948,-0.94763,0.513033,-0.733689,0.000108907,-0.999988,0.0184479,-0.994348,0.165278,-0.914206,,,,
1934-03-31,mkt,0.180832,-0.980597,0.883519,-0.737382,1.19606,-0.388481,0.0596894,-0.993596,0.48815,-0.854902,0.879029,-0.550572,0.00802729,-0.999139,0.170969,-0.949181,0.513636,-0.737389,0.000107962,-0.999988,0.0184501,-0.994516,0.165472,-0.915398,,,,
1934-04-30,mkt,0.171798,-0.980052,0.862633,-0.733174,1.18234,-0.383289,0.0567071,-0.993416,0.476611,-0.852577,0.868944,-0.546756,0.00762623,-0.999114,0.166927,-0.948367,0.507743,-0.735159,0.000102568,-0.999988,0.018014,-0.994428,0.163574,-0.914679,,,,
1934-05-31,mkt,0.139136,-0.985014,0.780541,-0.768048,1.1262,-0.42459,0.0459262,-0.995053,0.431254,-0.871845,0.827685,-0.577109,0.00617635,-0.999335,0.151042,-0.955115,0.483635,-0.752896,8.30677e-05,-0.999991,0.0162997,-0.995156,0.155807,-0.920393,,,,
1934-06-30,mkt,0.1475,-0.984868,0.807358,-0.766243,1.14671,-0.421928,0.0486869,-0.995005,0.446071,-0.870848,0.842764,-0.575153,0.00654762,-0.999328,0.156231,-0.954766,0.492445,-0.751753,7.93049e-05,-0.999991,0.0159777,-0.995119,0.154384,-0.920025,,,,
1934-07-31,mkt,0.106615,-0.988654,0.692557,-0.795045,1.06428,-0.457094,0.0351916,-0.996255,0.382643,-0.886761,0.782178,-0.600998,0.00473272,-0.999496,0.134016,-0.960339,0.457044,-0.766854,5.73228e-05,-0.999994,0.0137057,-0.995944,0.143286,-0.926908,,,,
1934-08-31,mkt,0.121612,-0.98771,0.742919,-0.78631,1.10353,-0.445394,0.0401418,-0.995943,0.410468,-0.881935,0.811025,-0.592399,0.00539845,-0.999454,0.143762,-0.958649,0.4739,-0.76183,6.53861e-05,-0.999993,0.0147024,-0.995771,0.14857,-0.925332,,,,
1934-09-30,mkt,0.119952,-0.988258,0.740175,-0.790116,1.10236,-0.449684,0.0395939,-0.996124,0.408952,-0.884038,0.810169,-0.595552,0.00532476,-0.999479,0.143231,-0.959386,0.473399,-0.763672,6.44936e-05,-0.999994,0.0146481,-0.995846,0.148413,-0.92591,,,,
1934-10-31,mkt,0.114029,-0.987039,0.723541,-0.778689,1.09061,-0.434593,0.0376389,-0.995722,0.399762,-0.877724,0.801531,-0.584461,0.00506184,-0.999425,0.140012,-0.957174,0.468352,-0.757192,6.13091e-05,-0.999993,0.0143189,-0.99562,0.146831,-0.923878,,,,
1934-11-30,mkt,0.140109,-0.986891,0.803004,-0.77731,1.14929,-0.432547,0.0462475,-0.995673,0.443665,-0.876962,0.844659,-0.582957,0.00621956,-0.999418,0.155388,-0.956907,0.493553,-0.756313,7.53315e-05,-0.999993,0.0158915,-0.995593,0.154731,-0.923603,,,,
1934-12-31,mkt,0.140897,-0.985427,0.806695,-0.764735,1.15245,-0.416458,0.0465073,-0.99519,0.445704,-0.870014,0.846982,-0.571133,0.00625451,-0.999353,0.156103,-0.954474,0.49491,-0.749403,7.57547e-05,-0.999992,0.0159645,-0.995344,0.155157,-0.921437,,,,
1935-01-31,mkt,0.128005,-0.985652,0.770215,-0.766067,1.12657,-0.417801,0.0422522,-0.995264,0.425549,-0.870751,0.827956,-0.57212,0.00568226,-0.999363,0.149043,-0.954732,0.483793,-0.74998,6.88236e-05,-0.999992,0.0152426,-0.99537,0.151672,-0.921618,,,,
1935-02-28,mkt,0.120974,-0.986244,0.750172,-0.770748,1.11234,-0.423532,0.0399314,-0.99546,0.414475,-0.873337,0.8175,-0.576332,0.00537015,-0.999389,0.145165,-0.955638,0.477683,-0.752442,6.50433e-05,-0.999993,0.0148459,-0.995463,0.149756,-0.922389,,,,
1935-03-31,mkt,0.108914,-0.988459,0.71355,-0.789366,1.08551,-0.447011,0.0359506,-0.996191,0.394241,-0.883623,0.797782,-0.593588,0.00483479,-0.999488,0.138078,-0.95924,0.466162,-0.762524,5.85591e-05,-0.999994,0.0141212,-0.995832,0.146144,-0.92555,,,,
1935-04-30,mkt,0.135983,-0.987423,0.798889,-0.779878,1.14917,-0.434543,0.0448856,-0.995849,0.441391,-0.878381,0.844566,-0.584424,0.00603641,-0.999442,0.154592,-0.957404,0.493498,-0.75717,7.31131e-05,-0.999993,0.01581,-0.995644,0.154714,-0.923872,,,,
1935-05-31,mkt,0.148013,-0.984363,0.835162,-0.754087,1.17556,-0.402041,0.0488563,-0.994839,0.461433,-0.864131,0.863965,-0.560537,0.00657041,-0.999306,0.161611,-0.952414,0.504834,-0.743212,7.95809e-05,-0.999992,0.0165279,-0.995133,0.158268,-0.919496,,,,
1935-06-30,mkt,0.171357,-0.983156,0.900261,-0.744239,1.22109,-0.38987,0.0565619,-0.99444,0.4974,-0.85869,0.897422,-0.551592,0.00760669,-0.999252,0.174209,-0.950508,0.524383,-0.737986,9.21324e-05,-0.999991,0.0178162,-0.994938,0.164397,-0.917857,,,,
1935-07-31,mkt,0.206903,-0.979869,0.990239,-0.719896,1.28098,-0.361202,0.0682949,-0.993355,0.547114,-0.84524,0.94144,-0.530524,0.0091846,-0.999106,0.19162,-0.945797,0.550104,-0.725675,0.000111244,-0.999989,0.0195969,-0.994457,0.172461,-0.913998,,,,
1935-08-31,mkt,0.22045,-0.976539,1.02427,-0.6973,1.30348,-0.335764,0.0727666,-0.992256,0.565917,-0.832756,0.957974,-0.511828,0.00978597,-0.998959,0.198206,-0.941425,0.559766,-0.71475,0.000118528,-0.999987,0.0202704,-0.99401,0.175489,-0.910573,,,,
1935-09-30,mkt,0.235076,-0.974905,1.05927,-0.686285,1.32605,-0.323437,0.0775942,-0.991717,0.585254,-0.82667,0.974561,-0.502768,0.0104352,-0.998886,0.204978,-0.939293,0.569457,-0.709456,0.000126391,-0.999987,0.020963,-0.993792,0.178528,-0.908913,,,,
1935-10-31,mkt,0.279207,-0.975487,1.15697,-0.68921,1.3866,-0.326207,0.092161,-0.991909,0.639232,-0.828286,1.01907,-0.504804,0.0123942,-0.998912,0.223883,-0.939859,0.595463,-0.710646,0.000150119,-0.999987,0.0228964,-0.993849,0.186681,-0.909286,,,,
1935-11-30,mkt,0.314648,-0.966715,1.23063,-0.637357,1.43077,-0.271917,0.103859,-0.989013,0.679931,-0.799637,1.05153,-0.464905,0.0139675,-0.998522,0.238138,-0.929825,0.614431,-0.687332,0.000169174,-0.999982,0.0243542,-0.992823,0.192627,-0.901977,,,,
1935-12-31,mkt,0.352228,-0.964641,1.30415,-0.625472,1.47349,-0.259708,0.116264,-0.988329,0.720549,-0.793071,1.08292,-0.455932,0.0156357,-0.99843,0.252364,-0.927525,0.632775,-0.682089,0.00018938,-0.999981,0.0258091,-0.992588,0.198378,-0.900333,,,,
1936-01-31,mkt,0.418111,-0.958766,1.42261,-0.594918,1.53942,-0.229815,0.138011,-0.986389,0.785999,-0.77619,1.13138,-0.433962,0.0185603,-0.99817,0.275287,-0.921613,0.661091,-0.669251,0.000224803,-0.999978,0.0281534,-0.991983,0.207255,-0.896309,,,,
1936-02-29,mkt,0.444469,-0.951681,1.46871,-0.561001,1.56469,-0.197976,0.146711,-0.984051,0.811471,-0.75745,1.14995,-0.410562,0.0197303,-0.997855,0.284208,-0.91505,0.671941,-0.655578,0.000238974,-0.999974,0.0290658,-0.991312,0.210657,-0.892022,,,,
1936-03-31,mkt,0.452328,-0.951966,1.48622,-0.560865,1.5752,-0.197203,0.149305,-0.984145,0.821146,-0.757375,1.15767,-0.409994,0.0200792,-0.997868,0.287597,-0.915024,0.676454,-0.655246,0.000243199,-0.999974,0.0294124,-0.99131,0.212072,-0.891918,,,,
1936-04-30,mkt,0.358445,-0.959841,1.32843,-0.596435,1.49071,-0.229447,0.118316,-0.986744,0.733965,-0.777027,1.09558,-0.433691,0.0159116,-0.998217,0.257062,-0.921907,0.64017,-0.669093,0.000192722,-0.999978,0.0262896,-0.992013,0.200697,-0.896259,,,,
1936-05-31,mkt,0.407342,-0.95804,1.41894,-0.587398,1.54142,-0.220824,0.134456,-0.98615,0.783974,-0.772035,1.13285,-0.427354,0.0180822,-0.998137,0.274577,-0.920158,0.661947,-0.66539,0.000219012,-0.999977,0.0280809,-0.991835,0.207524,-0.895098,,,,
1936-06-30,mkt,0.432566,-0.954844,1.46349,-0.571091,1.56577,-0.205168,0.142782,-0.985095,0.808587,-0.763025,1.15074,-0.415848,0.0192019,-0.997995,0.283198,-0.917002,0.672405,-0.658667,0.000232574,-0.999976,0.0289625,-0.991512,0.210802,-0.89299,,,,
1936-07-31,mkt,0.510998,-0.950425,1.5921,-0.550209,1.6335,-0.185873,0.168671,-0.983636,0.879648,-0.751487,1.20052,-0.401667,0.0226836,-0.997799,0.308086,-0.912961,0.701492,-0.650381,0.000274744,-0.999973,0.0315078,-0.991099,0.219921,-0.890393,0.858001,0.295017,4.17621e-05,4.17621e-05
1936-08-31,mkt,0.522019,-0.944862,1.61156,-0.524753,1.64406,-0.162764,0.172309,-0.9818,0.890399,-0.737423,1.20828,-0.384684,0.0231728,-0.997552,0.311852,-0.908036,0.706024,-0.640457,0.00028067,-0.99997,0.0318929,-0.990595,0.221342,-0.887281,0.934451,0.377637,4.17621e-05,4.17621e-05
1936-09-30,mkt,0.534576,-0.940275,1.63202,-0.505039,1.65476,-0.145427,0.176453,-0.980286,0.901703,-0.726531,1.21615,-0.371942,0.0237302,-0.997349,0.315811,-0.904221,0.71062,-0.633012,0.000287421,-0.999968,0.0322978,-0.990205,0.222783,-0.884947,0.944931,0.390025,4.17621e-05,4.17621e-05
1936-10-31,mkt,0.637887,-0.937718,1.78517,-0.494331,1.73125,-0.136137,0.210554,-0.979442,0.986321,-0.720614,1.27236,-0.365115,0.0283163,-0.997235,0.345447,-0.902149,0.743467,-0.629022,0.000342967,-0.999967,0.0353287,-0.989993,0.233081,-0.883697,0.956086,0.402556,4.17621e-05,4.17621e-05
1936-11-30,mkt,0.691159,-0.926515,1.86179,-0.449984,1.76886,-0.0987466,0.228139,-0.975744,1.02865,-0.696112,1.3,-0.337635,0.0306811,-0.996738,0.360274,-0.893567,0.75962,-0.612965,0.00037161,-0.99996,0.036845,-0.989115,0.238145,-0.878663,1.03677,0.489962,4.17621e-05,4.17621e-05
1936-12-31,mkt,0.69264,-0.92646,1.86583,-0.448406,1.77127,-0.0968912,0.228628,-0.975726,1.03089,-0.69524,1.30177,-0.336271,0.0307468,-0.996735,0.361055,-0.893262,0.760653,-0.612169,0.000372406,-0.99996,0.0369249,-0.989084,0.238469,-0.878413,1.07373,0.530982,4.17621e-05,4.17621e-05
1937-01-31,mkt,0.75357,-0.922331,1.94804,-0.432794,1.81031,-0.0840612,0.248739,-0.974363,1.07631,-0.686615,1.33046,-0.326842,0.0334516,-0.996552,0.376964,-0.890241,0.777418,-0.606659,0.000405166,-0.999958,0.0385519,-0.988775,0.243725,-0.876686,1.07504,0.533272,4.17621e-05,4.17621e-05
1937-02-28,mkt,0.77375,-0.911988,1.97551,-0.39553,1.82338,-0.0541867,0.2554,-0.970949,1.09148,-0.666026,1.34007,-0.304886,0.0343473,-0.996093,0.382279,-0.88303,0.783033,-0.59383,0.000416016,-0.999953,0.0390955,-0.988038,0.245485,-0.872664,1.11333,0.574911,4.17621e-05,4.17621e-05
1937-03-31,mkt,0.765868,-0.918898,1.96908,-0.418572,1.82124,-0.071928,0.252799,-0.97323,1.08793,-0.678757,1.3385,-0.317925,0.0339975,-0.9964,0.381034,-0.887488,0.782115,-0.601448,0.000411778,-0.999956,0.0389681,-0.988494,0.245197,-0.875052,1.12543,0.588452,4.17621e-05,4.17621e-05
1937-04-30,mkt,0.621243,-0.933003,1.78086,-0.469421,1.73378,-0.112574,0.205061,-0.977885,0.983937,-0.706851,1.27422,-0.347797,0.0275775,-0.997026,0.344612,-0.897328,0.744556,-0.618903,0.000334019,-0.999964,0.0352433,-0.9895,0.233422,-0.880524,1.12133,0.58551,4.17621e-05,4.17621e-05
1937-05-31,mkt,0.604588,-0.935503,1.76064,-0.478442,1.72483,-0.119744,0.199563,-0.978711,0.972763,-0.711836,1.26764,-0.353066,0.0268381,-0.997137,0.340699,-0.899074,0.740713,-0.621982,0.000325064,-0.999965,0.0348431,-0.989678,0.232217,-0.88149,1.02903,0.490232,4.17621e-05,4.17621e-05
1937-06-30,mkt,0.537508,-0.940663,1.66343,-0.498434,1.67737,-0.13622,0.177421,-0.980414,0.919055,-0.722881,1.23277,-0.365175,0.0238604,-0.997366,0.321888,-0.902943,0.720332,-0.629058,0.000288997,-0.999968,0.0329193,-0.990074,0.225828,-0.883708,1.01778,0.479888,4.17621e-05,4.17621e-05
1937-07-31,mkt,0.669717,-0.936544,1.8597,-0.481167,1.77429,-0.121413,0.221061,-0.979054,1.0275,-0.713341,1.30399,-0.354293,0.0297292,-0.997183,0.359868,-0.899601,0.761951,-0.622699,0.000360081,-0.999966,0.0368036,-0.989732,0.238876,-0.881714,0.96639,0.426544,4.17621e-05,4.17621e-05
1937-08-31,mkt,0.586248,-0.933408,1.74199,-0.467095,1.71772,-0.108984,0.19351,-0.978019,0.962463,-0.705566,1.26242,-0.345158,0.026024,-0.997044,0.337091,-0.896878,0.737657,-0.617362,0.000315203,-0.999964,0.0344741,-0.989454,0.231259,-0.880041,1.0645,0.53254,4.17621e-05,4.17621e-05
1937-09-30,mkt,0.387411,-0.96057,1.43389,-0.585187,1.56312,-0.211717,0.127877,-0.986985,0.792236,-0.770813,1.1488,-0.420661,0.0171975,-0.99825,0.277471,-0.91973,0.671267,-0.661479,0.000208296,-0.999979,0.0283768,-0.991791,0.210445,-0.893872,1.00603,0.471038,4.17621e-05,4.17621e-05
1937-10-31,mkt,0.28061,-0.976259,1.25,-0.673659,1.46805,-0.298593,0.0926241,-0.992164,0.690631,-0.819695,1.07893,-0.48451,0.0101533,-0.999047,0.217245,-0.939796,0.596606,-0.705701,0.000108076,-0.999989,0.0207847,-0.993979,0.180807,-0.908754,0.831016,0.293435,4.17621e-05,4.17621e-05
1937-11-30,mkt,0.216155,-0.979819,1.1123,-0.69249,1.38957,-0.315355,0.0713487,-0.993339,0.614556,-0.830099,1.02125,-0.496829,0.00782115,-0.99927,0.193315,-0.946556,0.564712,-0.721765,6.55586e-05,-0.999993,0.0163542,-0.995201,0.160778,-0.918349,0.709833,0.181539,4.17621e-05,4.17621e-05
1937-12-31,mkt,0.19053,-0.978961,1.04903,-0.683648,1.35096,-0.304261,0.0628904,-0.993055,0.579596,-0.825213,0.992874,-0.488675,0.00689397,-0.999239,0.182318,-0.945019,0.549023,-0.717256,5.77867e-05,-0.999994,0.0154238,-0.995349,0.156312,-0.9195,0.612058,0.087072,4.17621e-05,4.17621e-05
1938-01-31,mkt,0.190286,-0.978513,1.05431,-0.67843,1.35629,-0.297518,0.0628099,-0.992907,0.582511,-0.82233,0.996786,-0.48372,0.00688514,-0.999223,0.183235,-0.944112,0.551186,-0.714516,5.77127e-05,-0.999993,0.0155014,-0.995272,0.156927,-0.91872,0.563987,0.038897,4.17621e-05,4.17621e-05
1938-02-28,mkt,0.218359,-0.979858,1.13481,-0.688112,1.40879,-0.307884,0.0720761,-0.993351,0.626988,-0.82768,1.03538,-0.491338,0.00790089,-0.999271,0.197226,-0.945795,0.572525,-0.718728,6.62269e-05,-0.999994,0.016685,-0.995414,0.163003,-0.91992,0.568709,0.0479685,4.17621e-05,4.17621e-05
1938-03-31,mkt,0.103889,-0.987937,0.791457,-0.75519,1.17963,-0.384699,0.0342918,-0.996018,0.437286,-0.864741,0.866956,-0.547792,0.00375902,-0.999564,0.137553,-0.957453,0.479395,-0.749946,3.15089e-05,-0.999996,0.0116368,-0.996401,0.136488,-0.928807,0.62913,0.115625,4.17621e-05,4.17621e-05
1938-04-30,mkt,0.143921,-0.986627,0.941859,-0.741899,1.29051,-0.367997,0.0475057,-0.995586,0.520383,-0.857397,0.948445,-0.535517,0.00520751,-0.999516,0.163692,-0.955143,0.524456,-0.743158,3.79597e-05,-0.999996,0.0128824,-0.996205,0.143923,-0.926875,0.339973,4.17621e-05,4.17621e-05,4.17621e-05
1938-05-31,mkt,0.128623,-0.985067,0.893795,-0.723615,1.25836,-0.343769,0.0424559,-0.995071,0.493828,-0.847295,0.924814,-0.517711,0.00465396,-0.99946,0.155339,-0.951965,0.511389,-0.733312,3.39246e-05,-0.999996,0.012225,-0.99622,0.140337,-0.926815,0.482114,4.17621e-05,4.17621e-05,4.17621e-05
1938-06-30,mkt,0.221424,-0.984535,1.18112,-0.718515,1.44922,-0.337608,0.0730878,-0.994895,0.652574,-0.844477,1.06509,-0.513183,0.00801179,-0.99944,0.205274,-0.951079,0.588954,-0.730808,4.68018e-05,-0.999996,0.0144176,-0.99615,0.152561,-0.926127,0.441595,4.17621e-05,4.17621e-05,4.17621e-05
1938-07-31,mkt,0.263637,-0.973322,1.29427,-0.6273,1.51867,-0.236216,0.0870217,-0.991194,0.715095,-0.794081,1.11613,-0.438666,0.0095392,-0.999035,0.224941,-0.935226,0.617179,-0.689603,5.57243e-05,-0.999994,0.0157989,-0.995451,0.159873,-0.919596,0.661363,0.171505,4.17621e-05,4.17621e-05
1938-08-31,mkt,0.243339,-0.972649,1.248,-0.620934,1.49261,-0.2289,0.0803217,-0.990972,0.689527,-0.790563,1.09698,-0.43329,0.00880476,-0.99901,0.216898,-0.934119,0.606589,-0.68663,5.1434e-05,-0.999994,0.015234,-0.995373,0.157129,-0.918825,0.732509,0.249609,4.17621e-05,4.17621e-05
1938-09-30,mkt,0.241732,-0.978208,1.25795,-0.658073,1.50278,-0.265717,0.0797911,-0.992807,0.695025,-0.811083,1.10445,-0.460348,0.00874659,-0.999211,0.218628,-0.940574,0.610722,-0.701592,5.10942e-05,-0.999995,0.0153555,-0.995826,0.1582,-0.922701,0.703981,0.221517,4.17621e-05,4.17621e-05
1938-10-31,mkt,0.292607,-0.970713,1.38723,-0.602447,1.57905,-0.207631,0.0965841,-0.990333,0.766453,-0.780349,1.1605,-0.417658,0.0105874,-0.99894,0.241096,-0.930906,0.641716,-0.677986,6.18476e-05,-0.999994,0.0169336,-0.995147,0.166228,-0.916586,0.709396,0.234024,4.17621e-05,4.17621e-05
1938-11-30,mkt,0.277547,-0.969615,1.3546,-0.593282,1.56139,-0.197666,0.0916129,-0.98997,0.748426,-0.775286,1.14752,-0.410335,0.0100425,-0.998901,0.235425,-0.929314,0.634538,-0.673936,5.86643e-05,-0.999994,0.0165353,-0.995035,0.164369,-0.915537,0.783834,0.314211,4.17621e-05,4.17621e-05
1938-12-31,mkt,0.307776,-0.969653,1.42858,-0.593303,1.60406,-0.197572,0.101591,-0.989983,0.789299,-0.775297,1.17888,-0.410265,0.0111363,-0.998902,0.248283,-0.929317,0.65188,-0.673898,6.50538e-05,-0.999994,0.0174383,-0.995036,0.168861,-0.915527,0.765347,0.296162,4.17621e-05,4.17621e-05
1939-01-31,mkt,0.258967,-0.973866,1.31651,-0.620728,1.5416,-0.224164,0.0854802,-0.991374,0.727378,-0.790449,1.13298,-0.429808,0.00937023,-0.999054,0.228805,-0.934084,0.626499,-0.684705,5.47372e-05,-0.999994,0.0160703,-0.99537,0.162287,-0.918327,0.805492,0.339511,4.17621e-05,4.17621e-05
1939-02-28,mkt,0.282228,-0.970717,1.37681,-0.598111,1.57722,-0.201153,0.0931581,-0.990334,0.760696,-0.777954,1.15916,-0.412897,0.0102119,-0.99894,0.239285,-0.930153,0.640972,-0.675353,5.96538e-05,-0.999994,0.0168064,-0.995094,0.166036,-0.915904,0.743045,0.276022,4.17621e-05,4.17621e-05
1939-03-31,mkt,0.198628,-0.976937,1.16246,-0.640433,1.45149,-0.242897,0.0655632,-0.992387,0.642266,-0.801337,1.06676,-0.443576,0.00718696,-0.999166,0.202032,-0.937508,0.589877,-0.692318,4.19834e-05,-0.999995,0.0141899,-0.995611,0.1528,-0.920299,0.77659,0.312526,4.17621e-05,4.17621e-05
1939-04-30,mkt,0.194779,-0.980929,1.15814,-0.671941,1.45096,-0.276252,0.064293,-0.993705,0.639879,-0.818745,1.06636,-0.468091,0.00704771,-0.99931,0.201281,-0.942984,0.589659,-0.705873,4.117e-05,-0.999996,0.0141371,-0.995995,0.152744,-0.92381,0.649167,0.181141,4.17621e-05,4.17621e-05
1939-05-31,mkt,0.230357,-0.977603,1.26192,-0.643503,1.51531,-0.245008,0.0760367,-0.992607,0.697218,-0.803033,1.11366,-0.445128,0.00833504,-0.99919,0.219317,-0.938042,0.615813,-0.693176,4.86901e-05,-0.999995,0.0154039,-0.995648,0.159519,-0.920521,0.646439,0.181603,4.17621e-05,4.17621e-05
1939-06-30,mkt,0.198473,-0.977211,1.17369,-0.638989,1.4621,-0.2395,0.0655123,-0.992478,0.648474,-0.800539,1.07455,-0.44108,0.00718137,-0.999175,0.203984,-0.937257,0.59419,-0.690938,4.19508e-05,-0.999995,0.014327,-0.995593,0.153917,-0.919941,0.710064,0.250022,4.17621e-05,4.17621e-05
1939-07-31,mkt,0.254593,-0.976376,1.33241,-0.632399,1.55876,-0.232573,0.0840365,-0.992202,0.736168,-0.796898,1.14559,-0.435989,0.00921197,-0.999145,0.23157,-0.936112,0.633471,-0.688122,5.38128e-05,-0.999995,0.0162645,-0.995513,0.164093,-0.919212,0.656346,0.194277,4.17621e-05,4.17621e-05
1939-08-31,mkt,0.210047,-0.977046,1.21568,-0.635773,1.49057,-0.235116,0.0693326,-0.992423,0.671673,-0.798762,1.09548,-0.437858,0.00760015,-0.999169,0.211282,-0.936698,0.605759,-0.689156,4.43971e-05,-0.999995,0.0148396,-0.995554,0.156914,-0.91948,0.749875,0.294516,4.17621e-05,4.17621e-05
1939-09-30,mkt,0.308903,-0.97533,1.48786,-0.621805,1.65305,-0.220275,0.0828983,-0.991857,0.737272,-0.791045,1.14884,-0.42695,0.0090872,-0.999107,0.231917,-0.934271,0.635265,-0.683124,5.30839e-05,-0.999995,0.0162889,-0.995383,0.164557,-0.917917,0.682147,0.225262,4.17621e-05,4.17621e-05
1939-10-31,mkt,0.303657,-0.96638,1.47684,-0.554336,1.64739,-0.151461,0.0814905,-0.990978,0.731813,-0.779162,1.1449,-0.410282,0.00893288,-0.999011,0.2302,-0.930533,0.63309,-0.673907,5.21825e-05,-0.999994,0.0161682,-0.995121,0.163994,-0.91553,0.828392,0.299184,4.17621e-05,4.17621e-05
1939-11-30,mkt,0.274982,-0.968071,1.40641,-0.564976,1.60792,-0.161304,0.073795,-0.991431,0.696911,-0.784434,1.11747,-0.417123,0.00808931,-0.999061,0.219221,-0.932191,0.617921,-0.67769,4.72546e-05,-0.999995,0.0153971,-0.995237,0.160065,-0.91651,0.822794,0.293936,4.17621e-05,4.17621e-05
1939-12-31,mkt,0.296348,-0.967533,1.46097,-0.56118,1.63908,-0.157581,0.079529,-0.991287,0.72395,-0.782553,1.13913,-0.414535,0.00871786,-0.999045,0.227726,-0.9316,0.629897,-0.676259,5.09264e-05,-0.999994,0.0159945,-0.995196,0.163167,-0.916139,0.787269,0.256582,4.17621e-05,4.17621e-05
1940-01-31,mkt,0.277425,-0.968254,1.41487,-0.565629,1.61339,-0.161645,0.0744506,-0.991481,0.701108,-0.784757,1.12127,-0.41736,0.00816118,-0.999066,0.220541,-0.932293,0.620024,-0.677821,4.76745e-05,-0.999995,0.0154899,-0.995245,0.160609,-0.916544,0.814716,0.286191,4.17621e-05,4.17621e-05
1940-02-29,mkt,0.287935,-0.96783,1.44179,-0.562643,1.62877,-0.158724,0.0772712,-0.991367,0.714446,-0.783278,1.13196,-0.41533,0.00847036,-0.999054,0.224737,-0.931828,0.625934,-0.676699,4.94806e-05,-0.999994,0.0157845,-0.995212,0.16214,-0.916253,0.791372,0.261972,4.17621e-05,4.17621e-05
1940-03-31,mkt,0.303559,-0.967151,1.48107,-0.557846,1.651,-0.154023,0.0814641,-0.991185,0.73391,-0.780901,1.14741,-0.412063,0.00892999,-0.999034,0.230859,-0.93108,0.634476,-0.674892,5.21655e-05,-0.999994,0.0162146,-0.995159,0.164353,-0.915785,0.804944,0.276562,4.17621e-05,4.17621e-05
1940-04-30,mkt,0.304903,-0.965423,1.48533,-0.546007,1.65364,-0.142604,0.0818247,-0.990721,0.73602,-0.775034,1.14925,-0.404127,0.00896952,-0.998983,0.231523,-0.929235,0.635492,-0.670504,5.23964e-05,-0.999994,0.0162612,-0.99503,0.164616,-0.914648,0.824289,0.29741,4.17621e-05,4.17621e-05
1940-05-31,mkt,0.152417,-0.98337,1.0691,-0.67978,1.40872,-0.277123,0.0409032,-0.995537,0.529769,-0.841323,0.979033,-0.497615,0.00448376,-0.999511,0.166644,-0.950086,0.54137,-0.722199,2.61924e-05,-0.999997,0.0117044,-0.996494,0.140235,-0.928039,0.826229,0.299891,4.17621e-05,4.17621e-05
1940-06-30,mkt,0.177872,-0.983726,1.16171,-0.682433,1.47066,-0.279683,0.0477344,-0.995633,0.575659,-0.842637,1.02208,-0.499394,0.00523258,-0.999521,0.18108,-0.9505,0.565173,-0.723183,2.715e-05,-0.999997,0.0119654,-0.996523,0.141935,-0.928294,0.590137,0.0586073,4.17621e-05,4.17621e-05
1940-07-31,mkt,0.192645,-0.979745,1.20978,-0.644137,1.50102,-0.236608,0.0516989,-0.994564,0.599476,-0.823661,1.04318,-0.469458,0.00566716,-0.999404,0.188572,-0.944531,0.576842,-0.706629,2.94049e-05,-0.999997,0.0124604,-0.996335,0.144866,-0.926324,0.649078,0.124952,4.17621e-05,4.17621e-05
1940-08-31,mkt,0.203029,-0.979865,1.24453,-0.644516,1.52321,-0.236659,0.0544856,-0.994596,0.616697,-0.823848,1.0586,-0.469493,0.00597264,-0.999408,0.193989,-0.94459,0.585367,-0.706649,3.09899e-05,-0.999997,0.0128184,-0.996339,0.147007,-0.926329,0.677607,0.155706,4.17621e-05,4.17621e-05
1940-09-30,mkt,0.215108,-0.97715,1.28346,-0.620575,1.54758,-0.210993,0.0577272,-0.993868,0.635988,-0.811985,1.07554,-0.451656,0.00632798,-0.999328,0.200057,-0.940858,0.594735,-0.696785,3.28336e-05,-0.999997,0.0132193,-0.996092,0.149359,-0.923852,0.697469,0.178041,4.17621e-05,4.17621e-05
1940-10-31,mkt,0.232161,-0.975839,1.33444,-0.609392,1.57834,-0.199216,0.0623036,-0.993516,0.661253,-0.806443,1.09692,-0.443471,0.00682964,-0.999289,0.208004,-0.939115,0.606556,-0.692259,3.54365e-05,-0.999996,0.0137445,-0.995977,0.152328,-0.922715,0.718961,0.202014,4.17621e-05,4.17621e-05
1940-11-30,mkt,0.220644,-0.97498,1.30534,-0.601003,1.56238,-0.189885,0.0592127,-0.993286,0.646829,-0.802287,1.08583,-0.436986,0.00649081,-0.999264,0.203467,-0.937807,0.600422,-0.688674,2.99627e-05,-0.999997,0.0126597,-0.99613,0.146253,-0.924166,0.746209,0.231424,4.17621e-05,4.17621e-05
1940-12-31,mkt,0.224513,-0.97524,1.31713,-0.602978,1.56954,-0.191841,0.060251,-0.993355,0.652671,-0.803265,1.0908,-0.438345,0.00660463,-0.999272,0.205305,-0.938115,0.603172,-0.689425,3.0488e-05,-0.999997,0.012774,-0.99615,0.146923,-0.924349,0.730474,0.216746,4.17621e-05,4.17621e-05
1941-01-31,mkt,0.200276,-0.976782,1.2452,-0.615141,1.52645,-0.204112,0.0537467,-0.993769,0.617031,-0.809292,1.06085,-0.446873,0.00589165,-0.999317,0.194094,-0.940011,0.586612,-0.694141,2.71968e-05,-0.999997,0.0120765,-0.996267,0.142889,-0.925498,0.736715,0.223537,4.17621e-05,4.17621e-05
1941-02-28,mkt,0.191979,-0.979742,1.2212,-0.640026,1.5123,-0.23002,0.0515201,-0.994563,0.60514,-0.821623,1.05102,-0.464879,0.00564756,-0.999404,0.190353,-0.94389,0.581175,-0.704097,2.60701e-05,-0.999997,0.0118437,-0.996509,0.141565,-0.927923,0.697509,0.182414,4.17621e-05,4.17621e-05
1941-03-31,mkt,0.195964,-0.978324,1.23466,-0.627488,1.52087,-0.216641,0.0525897,-0.994183,0.611805,-0.81541,1.05697,-0.455581,0.00576481,-0.999362,0.19245,-0.941935,0.584467,-0.698956,2.66113e-05,-0.999997,0.0119742,-0.996387,0.142367,-0.92667,0.683872,0.168945,4.17621e-05,4.17621e-05
1941-04-30,mkt,0.168799,-0.980409,1.1472,-0.645307,1.46643,-0.235314,0.0452994,-0.994742,0.568467,-0.82424,1.01914,-0.468558,0.00496566,-0.999424,0.178818,-0.944713,0.563546,-0.706132,2.29223e-05,-0.999997,0.011126,-0.99656,0.137271,-0.928418,0.691474,0.177397,4.17621e-05,4.17621e-05
1941-05-31,mkt,0.174428,-0.980452,1.16705,-0.645617,1.47934,-0.235606,0.04681,-0.994754,0.578307,-0.824394,1.02812,-0.468761,0.00513125,-0.999425,0.181913,-0.944761,0.56851,-0.706244,2.36867e-05,-0.999997,0.0113186,-0.996563,0.13848,-0.928446,0.64042,0.123807,4.17621e-05,4.17621e-05
1941-06-30,mkt,0.201942,-0.979572,1.25664,-0.637453,1.53536,-0.226702,0.0541939,-0.994518,0.622701,-0.820348,1.06704,-0.462574,0.00594066,-0.999399,0.195877,-0.943489,0.590036,-0.702823,2.7423e-05,-0.999997,0.0121874,-0.996484,0.143723,-0.927612,0.652346,0.136918,4.17621e-05,4.17621e-05
1941-07-31,mkt,0.23391,-0.976693,1.35345,-0.612469,1.59369,-0.200356,0.0627729,-0.993745,0.67067,-0.807968,1.10759,-0.444263,0.00688108,-0.999314,0.210967,-0.939594,0.612455,-0.692698,3.17642e-05,-0.999997,0.0131263,-0.996242,0.149184,-0.925146,0.703607,0.19182,4.17621e-05,4.17621e-05
1941-08-31,mkt,0.232834,-0.974741,1.35065,-0.596212,1.59214,-0.183573,0.0624843,-0.993221,0.669285,-0.799912,1.10651,-0.432599,0.00684944,-0.999257,0.210531,-0.93706,0.611858,-0.686248,3.16181e-05,-0.999997,0.0130992,-0.996084,0.149039,-0.923575,0.754971,0.246778,4.17621e-05,4.17621e-05
1941-09-30,mkt,0.227222,-0.974248,1.33509,-0.592017,1.58318,-0.179209,0.0609781,-0.993089,0.661571,-0.797834,1.10028,-0.429566,0.00668434,-0.999242,0.208104,-0.936406,0.608414,-0.684571,3.0856e-05,-0.999997,0.0129482,-0.996043,0.1482,-0.923166,0.753516,0.245363,4.17621e-05,4.17621e-05
1941-10-31,mkt,0.196791,-0.977173,1.24358,-0.615661,1.5283,-0.203233,0.0528115,-0.993874,0.616229,-0.80955,1.06214,-0.446263,0.00578913,-0.999328,0.193841,-0.940092,0.587324,-0.693804,2.67236e-05,-0.999997,0.0120608,-0.996273,0.143063,-0.925415,0.745438,0.23711,4.17621e-05,4.17621e-05
1941-11-30,mkt,0.186638,-0.978329,1.21183,-0.625161,1.5089,-0.212953,0.0500868,-0.994184,0.600495,-0.814257,1.04865,-0.453018,0.00549045,-0.999362,0.188892,-0.941573,0.579867,-0.697539,2.53448e-05,-0.999997,0.0117528,-0.996365,0.141247,-0.926325,0.696261,0.185412,4.17621e-05,4.17621e-05
1941-12-31,mkt,0.161643,-0.982659,1.1335,-0.663342,1.46113,-0.253393,0.043379,-0.995346,0.56168,-0.833177,1.01546,-0.481123,0.00475515,-0.99949,0.176682,-0.947524,0.561511,-0.71308,2.19505e-05,-0.999998,0.0109931,-0.996735,0.136775,-0.930111,0.678339,0.166758,4.17621e-05,4.17621e-05
1942-01-31,mkt,0.164491,-0.980909,1.14503,-0.645955,1.46905,-0.233907,0.0441433,-0.994877,0.567391,-0.824561,1.02096,-0.467581,0.00483893,-0.999438,0.178479,-0.944814,0.564555,-0.705591,2.23373e-05,-0.999997,0.0111049,-0.996566,0.137517,-0.928287,0.632302,0.120681,4.17621e-05,4.17621e-05
1942-02-28,mkt,0.153796,-0.982753,1.10805,-0.663196,1.44542,-0.252631,0.0412732,-0.995372,0.549068,-0.833104,1.00454,-0.480593,0.00452431,-0.999493,0.172715,-0.947501,0.555473,-0.712787,2.0885e-05,-0.999998,0.0107463,-0.996734,0.135304,-0.930039,0.639275,0.128903,4.17621e-05,4.17621e-05
1942-03-31,mkt,0.128026,-0.985135,1.0129,-0.686695,1.38262,-0.278822,0.0343575,-0.996011,0.501918,-0.844749,0.96089,-0.498796,0.00376622,-0.999563,0.157884,-0.951164,0.531337,-0.722852,1.73855e-05,-0.999998,0.00982348,-0.996961,0.129425,-0.932491,0.616766,0.105416,4.17621e-05,4.17621e-05
1942-04-30,mkt,0.113425,-0.987597,0.955078,-0.713376,1.34316,-0.309955,0.0304391,-0.996671,0.473266,-0.85797,0.933469,-0.520433,0.00333669,-0.999635,0.148871,-0.955323,0.516175,-0.734817,1.54027e-05,-0.999998,0.00926272,-0.99722,0.125732,-0.935406,0.555368,0.0412902,4.17621e-05,4.17621e-05
1942-05-31,mkt,0.131662,-0.986589,1.02994,-0.701874,1.39513,-0.296195,0.0353332,-0.996401,0.510365,-0.852271,0.96959,-0.510869,0.00387318,-0.999605,0.160541,-0.95353,0.536148,-0.729529,1.78792e-05,-0.999998,0.00998881,-0.997109,0.130597,-0.934117,0.515389,4.17621e-05,4.17621e-05,4.17621e-05
1942-06-30,mkt,0.140839,-0.984601,1.06617,-0.680257,1.41977,-0.270961,0.0377959,-0.995867,0.528316,-0.841559,0.986712,-0.493333,0.00414314,-0.999547,0.166187,-0.950161,0.545616,-0.719831,1.91254e-05,-0.999998,0.0103401,-0.996899,0.132903,-0.931755,0.567063,0.0552362,4.17621e-05,4.17621e-05
1942-07-31,mkt,0.153679,-0.983809,1.11498,-0.671856,1.45232,-0.261283,0.0412419,-0.995655,0.552504,-0.837396,1.00934,-0.486606,0.00452089,-0.999524,0.173796,-0.948851,0.558126,-0.716112,2.08692e-05,-0.999998,0.0108135,-0.996818,0.135951,-0.930849,0.590702,0.080831,4.17621e-05,4.17621e-05
1942-08-31,mkt,0.160872,-0.982442,1.14116,-0.657878,1.4694,-0.245489,0.0431723,-0.995288,0.565477,-0.830469,1.0212,-0.47563,0.00473249,-0.999483,0.177877,-0.946672,0.564689,-0.710042,2.18459e-05,-0.999998,0.0110675,-0.996682,0.137549,-0.929371,0.621282,0.113939,4.17621e-05,4.17621e-05
1942-09-30,mkt,0.172098,-0.981521,1.18063,-0.648889,1.4947,-0.235572,0.0461848,-0.995041,0.585033,-0.826015,1.03878,-0.468738,0.00506272,-0.999456,0.184029,-0.945271,0.57441,-0.706231,2.33703e-05,-0.999997,0.0114502,-0.996595,0.139917,-0.928443,0.637088,0.130922,4.17621e-05,4.17621e-05
1942-10-31,mkt,0.203979,-0.979677,1.28655,-0.631707,1.56067,-0.217046,0.0547405,-0.994546,0.63752,-0.817501,1.08464,-0.455863,0.00600058,-0.999402,0.200539,-0.942593,0.599765,-0.699112,2.76997e-05,-0.999997,0.0124775,-0.996428,0.146093,-0.926708,0.660258,0.155642,4.17621e-05,4.17621e-05
1942-11-30,mkt,0.204493,-0.976415,1.28888,-0.602677,1.5623,-0.186481,0.0548785,-0.993671,0.638673,-0.803116,1.08577,-0.43462,0.00601571,-0.999306,0.200901,-0.938068,0.600389,-0.687366,2.77695e-05,-0.999997,0.0125,-0.996147,0.146245,-0.923847,0.718651,0.218122,4.17621e-05,4.17621e-05
1942-12-31,mkt,0.232857,-0.976175,1.37612,-0.600652,1.61454,-0.184407,0.0624903,-0.993606,0.681905,-0.802112,1.12207,-0.433179,0.0068501,-0.999299,0.214501,-0.937752,0.620464,-0.686568,3.16212e-05,-0.999997,0.0133462,-0.996127,0.151135,-0.923653,0.719875,0.219704,4.17621e-05,4.17621e-05
1943-01-31,mkt,0.278329,-0.972411,1.5054,-0.57,1.68893,-0.153555,0.0746934,-0.992596,0.745967,-0.786924,1.17377,-0.411738,0.00818779,-0.999188,0.234652,-0.932974,0.649052,-0.674712,3.77962e-05,-0.999996,0.0146,-0.99583,0.158099,-0.920765,0.76429,0.267157,4.17621e-05,4.17621e-05
1943-02-28,mkt,0.324915,-0.967796,1.62752,-0.53516,1.75637,-0.119804,0.0871954,-0.991358,0.80648,-0.769659,1.22064,-0.388282,0.00955825,-0.999053,0.253687,-0.927544,0.67497,-0.661742,4.41224e-05,-0.999996,0.0157843,-0.995492,0.164412,-0.917606,0.825188,0.331997,4.17621e-05,4.17621e-05
1943-03-31,mkt,0.37801,-0.96341,1.75723,-0.504192,1.82548,-0.0908097,0.101444,-0.99018,0.870757,-0.754314,1.26867,-0.368131,0.0111202,-0.998924,0.273906,-0.922717,0.701531,-0.650599,5.13324e-05,-0.999995,0.0170424,-0.995191,0.170882,-0.914891,0.877967,0.388275,4.17621e-05,4.17621e-05
1943-04-30,mkt,0.384249,-0.959971,1.77504,-0.480157,1.83555,-0.0684777,0.103118,-0.989258,0.879578,-0.742404,1.27567,-0.35261,0.0113037,-0.998822,0.276681,-0.91897,0.7054,-0.642017,5.21797e-05,-0.999995,0.017215,-0.994958,0.171824,-0.912801,0.929665,0.443551,4.17621e-05,4.17621e-05
1943-05-31,mkt,0.443867,-0.954707,1.90936,-0.446787,1.90413,-0.0389375,0.119118,-0.987845,0.946139,-0.725868,1.32333,-0.332081,0.0130575,-0.998668,0.297618,-0.913769,0.731756,-0.630665,6.02756e-05,-0.999994,0.0185177,-0.994635,0.178244,-0.910036,0.935938,0.451192,4.17621e-05,4.17621e-05
1943-06-30,mkt,0.464786,-0.951001,1.95524,-0.423868,1.92722,-0.019909,0.124731,-0.98685,0.968875,-0.714511,1.33938,-0.318169,0.0136729,-0.998559,0.30477,-0.910196,0.740628,-0.622972,6.31163e-05,-0.999993,0.0189627,-0.994412,0.180405,-0.908162,0.984948,0.503542,4.17621e-05,4.17621e-05
1943-07-31,mkt,0.406925,-0.952751,1.83279,-0.433089,1.86672,-0.0478224,0.109204,-0.98732,0.908196,-0.71908,1.29733,-0.323307,0.0119708,-0.99861,0.285683,-0.911634,0.717377,-0.625813,5.52591e-05,-0.999994,0.0177751,-0.994502,0.174742,-0.908854,1.00071,0.520613,4.17621e-05,4.17621e-05
1943-08-31,mkt,0.419887,-0.954939,1.86384,-0.446216,1.88299,-0.0588462,0.112682,-0.987907,0.923584,-0.725585,1.30864,-0.331141,0.0123521,-0.998674,0.290523,-0.91368,0.723632,-0.630145,5.70193e-05,-0.999994,0.0180763,-0.994629,0.176265,-0.909909,0.956547,0.474767,4.17621e-05,4.17621e-05
1943-09-30,mkt,0.446387,-0.951151,1.92252,-0.422902,1.91259,-0.0390272,0.119794,-0.986891,0.952661,-0.714033,1.32922,-0.317056,0.0131317,-0.998563,0.29967,-0.910046,0.735008,-0.622357,6.06178e-05,-0.999993,0.0186454,-0.994403,0.179036,-0.908012,0.967496,0.486964,4.17621e-05,4.17621e-05
1943-10-31,mkt,0.43227,-0.952194,1.89285,-0.428739,1.89802,-0.0437518,0.116005,-0.987171,0.937958,-0.716925,1.31909,-0.320414,0.0127164,-0.998594,0.295045,-0.910956,0.729407,-0.624213,5.87008e-05,-0.999994,0.0183576,-0.99446,0.177672,-0.908464,0.988216,0.50906,4.17621e-05,4.17621e-05
1943-11-30,mkt,0.366931,-0.957517,1.74688,-0.460438,1.82412,-0.0702208,0.0984709,-0.988599,0.865626,-0.732633,1.26773,-0.339225,0.0107943,-0.99875,0.272292,-0.915897,0.701006,-0.634615,4.9828e-05,-0.999994,0.0169419,-0.994767,0.170754,-0.910998,0.977594,0.49808,4.17621e-05,4.17621e-05
1943-12-31,mkt,0.430343,-0.956336,1.89313,-0.452947,1.89928,-0.0637701,0.115488,-0.988282,0.938097,-0.72892,1.31996,-0.33464,0.0126597,-0.998715,0.295089,-0.914729,0.72989,-0.63208,5.84391e-05,-0.999994,0.0183603,-0.994694,0.17779,-0.910381,0.923208,0.441389,4.17621e-05,4.17621e-05
1944-01-31,mkt,0.44965,-0.950189,1.93592,-0.415343,1.92082,-0.0319754,0.12067,-0.986632,0.959301,-0.710287,1.33493,-0.312044,0.0132276,-0.998535,0.301759,-0.908868,0.738168,-0.619586,6.10609e-05,-0.999993,0.0187753,-0.99433,0.179806,-0.907337,0.976926,0.49862,4.17621e-05,4.17621e-05
1944-02-29,mkt,0.453512,-0.950017,1.94477,-0.414037,1.92534,-0.0307698,0.121706,-0.986586,0.963684,-0.70964,1.33807,-0.311188,0.0133413,-0.99853,0.303137,-0.908664,0.739905,-0.619112,6.15854e-05,-0.999993,0.0188611,-0.994317,0.180229,-0.907222,0.991754,0.514515,4.17621e-05,4.17621e-05
1944-03-31,mkt,0.482866,-0.946859,2.00768,-0.395698,1.95646,-0.01737,0.129584,-0.985739,0.994858,-0.700552,1.3597,-0.300459,0.0142048,-0.998437,0.312943,-0.905805,0.751866,-0.613179,6.55716e-05,-0.999993,0.0194712,-0.994139,0.183143,-0.905777,0.994712,0.517783,4.17621e-05,4.17621e-05
1944-04-30,mkt,0.461421,-0.948017,1.96358,-0.401759,1.9351,-0.0300708,0.123828,-0.98605,0.973004,-0.703556,1.34485,-0.303815,0.0135739,-0.998471,0.306069,-0.90675,0.743655,-0.615035,6.26594e-05,-0.999993,0.0190435,-0.994198,0.181143,-0.906229,1.01586,0.540412,4.17621e-05,4.17621e-05
1944-05-31,mkt,0.525091,-0.94567,2.09521,-0.388354,1.99904,-0.019245,0.140915,-0.98542,1.03823,-0.696913,1.38929,-0.296045,0.0154469,-0.998402,0.326588,-0.904661,0.768227,-0.610738,7.13056e-05,-0.999993,0.0203202,-0.994068,0.187128,-0.905182,1.00081,0.524756,4.17621e-05,4.17621e-05
1944-06-30,mkt,0.603303,-0.939954,2.24691,-0.356831,2.07039,-0.00379243,0.161904,-0.983886,1.1134,-0.681293,1.43888,-0.278089,0.0177477,-0.998234,0.350233,-0.899747,0.795647,-0.600809,8.19265e-05,-0.999992,0.0217914,-0.993762,0.193807,-0.902763,1.04412,0.570689,4.17621e-05,4.17621e-05
1944-07-31,mkt,0.579128,-0.933606,2.20292,-0.322984,2.05036,-0.0266382,0.155417,-0.982182,1.0916,-0.66452,1.42496,-0.259144,0.0170366,-0.998047,0.343376,-0.894471,0.787952,-0.590334,7.86436e-05,-0.999991,0.0213648,-0.993434,0.191933,-0.900212,1.09063,0.620113,4.17621e-05,4.17621e-05
1944-08-31,mkt,0.602526,-0.934178,2.2478,-0.325771,2.07134,-0.0285951,0.161696,-0.982336,1.11385,-0.665901,1.43954,-0.260634,0.0177249,-0.998064,0.350373,-0.894906,0.796013,-0.591157,8.18211e-05,-0.999991,0.0218001,-0.993461,0.193896,-0.900412,1.07713,0.606191,4.17621e-05,4.17621e-05
1944-09-30,mkt,0.601498,-0.936619,2.24774,-0.337802,2.07173,-0.0370911,0.16142,-0.982991,1.11382,-0.671863,1.43981,-0.2671,0.0176946,-0.998135,0.350363,-0.896781,0.796164,-0.594733,8.16813e-05,-0.999991,0.0217995,-0.993578,0.193933,-0.901283,1.09043,0.620447,4.17621e-05,4.17621e-05
1944-10-31,mkt,0.603507,-0.930667,2.25242,-0.307002,2.0741,-0.0148081,0.161959,-0.981394,1.11613,-0.656601,1.44146,-0.25014,0.0177538,-0.99796,0.351092,-0.89198,0.797074,-0.585355,8.19542e-05,-0.999991,0.0218449,-0.993279,0.194155,-0.898999,1.09003,0.620447,4.17621e-05,4.17621e-05
1944-11-30,mkt,0.630573,-0.930367,2.30303,-0.305344,2.09742,-0.0135743,0.169223,-0.981313,1.14121,-0.65578,1.45766,-0.249201,0.01855,-0.997952,0.35898,-0.891722,0.806035,-0.584835,8.56296e-05,-0.999991,0.0223357,-0.993263,0.196337,-0.898872,1.09124,0.621926,4.17621e-05,4.17621e-05
1944-12-31,mkt,0.698713,-0.926725,2.42566,-0.287357,2.15285,-0.0143893,0.187509,-0.980336,1.20198,-0.646866,1.49619,-0.239528,0.0205545,-0.997844,0.378096,-0.888918,0.827336,-0.579487,9.48828e-05,-0.99999,0.023525,-0.993089,0.201526,-0.89757,1.10593,0.637589,4.17621e-05,4.17621e-05
1945-01-31,mkt,0.735041,-0.918381,2.48942,-0.247099,2.18129,-0.0176045,0.197258,-0.978096,1.23358,-0.626918,1.51595,-0.218141,0.0216232,-0.997599,0.388035,-0.882643,0.838267,-0.56766,9.9816e-05,-0.999989,0.0241434,-0.992698,0.204189,-0.894689,1.14021,0.674101,4.17621e-05,4.17621e-05
1945-02-28,mkt,0.859843,-0.913916,2.69364,-0.226657,2.26924,-0.00450594,0.23075,-0.976898,1.33477,-0.616788,1.57708,-0.207566,0.0252946,-0.997468,0.419866,-0.879456,0.872066,-0.561813,0.000116764,-0.999988,0.026124,-0.9925,0.212422,-0.893265,1.15716,0.692324,4.17621e-05,4.17621e-05
1945-03-31,mkt,0.771474,-0.914623,2.5551,-0.228493,2.21089,-0.0416663,0.207035,-0.977088,1.26612,-0.617698,1.53652,-0.208165,0.0226949,-0.997488,0.398271,-0.879743,0.849641,-0.562144,0.000104764,-0.999988,0.0247804,-0.992518,0.206959,-0.893345,1.20934,0.747688,4.17621e-05,4.17621e-05
1945-04-30,mkt,0.936826,-0.91011,2.81779,-0.208203,2.32221,-0.0290969,0.25141,-0.975877,1.39629,-0.607644,1.61389,-0.19778,0.0275592,-0.997356,0.439218,-0.87658,0.892421,-0.556401,0.000127218,-0.999988,0.027328,-0.992321,0.21738,-0.891946,1.17352,0.710541,4.17621e-05,4.17621e-05
1945-05-31,mkt,0.977951,-0.894883,2.88063,-0.142988,2.34829,-0.0134913,0.262446,-0.97179,1.42743,-0.575328,1.63202,-0.165206,0.028769,-0.996908,0.449013,-0.866415,0.902447,-0.538389,0.000132802,-0.999986,0.0279375,-0.991688,0.219822,-0.887559,1.23798,0.779023,4.17621e-05,4.17621e-05
1945-06-30,mkt,0.985911,-0.88729,2.89405,-0.112259,2.35411,-0.0186969,0.264582,-0.969753,1.43408,-0.560101,1.63606,-0.150297,0.0290032,-0.996684,0.451105,-0.861625,0.90468,-0.530145,0.000133883,-0.999985,0.0280677,-0.99139,0.220366,-0.885551,1.25227,0.794369,4.17621e-05,4.17621e-05
1945-07-31,mkt,0.92786,-0.896857,2.81107,-0.14931,2.32083,-0.0394261,0.249004,-0.97232,1.39296,-0.57846,1.61293,-0.167865,0.0272954,-0.996966,0.438171,-0.8674,0.891891,-0.539859,0.000126,-0.999986,0.0272629,-0.99175,0.21725,-0.887917,1.255,0.797534,4.17621e-05,4.17621e-05
1945-08-31,mkt,1.08252,-0.895096,3.04063,-0.141836,2.41459,-0.0351484,0.290508,-0.971848,1.50671,-0.574757,1.67809,-0.164159,0.0318451,-0.996914,0.473953,-0.866235,0.927923,-0.53781,0.000147002,-0.999986,0.0294892,-0.991677,0.226028,-0.887418,1.23499,0.777028,4.17621e-05,4.17621e-05
1945-09-30,mkt,1.22033,-0.874076,3.23111,-0.058624,2.4896,-0.0147873,0.327493,-0.966207,1.6011,-0.533523,1.73022,-0.1243,0.0358993,-0.996296,0.503644,-0.853265,0.956751,-0.51577,0.000165717,-0.999983,0.0313366,-0.99087,0.233049,-0.882049,1.28598,0.831556,4.17621e-05,4.17621e-05
1945-10-31,mkt,1.34588,-0.85519,3.39562,-0.0267165,2.55264,-0.0133838,0.361184,-0.961138,1.68262,-0.499312,1.77404,-0.09255,0.0395925,-0.99574,0.529287,-0.842503,0.980977,-0.498213,0.000182765,-0.99998,0.0329321,-0.990201,0.238951,-0.877773,1.32549,0.873657,0.0266121,4.17621e-05
1945-11-30,mkt,1.54017,-0.838616,3.63615,-0.0360655,2.64218,-0.0181407,0.413325,-0.95669,1.80181,-0.471027,1.83626,-0.0670901,0.0453081,-0.995252,0.566779,-0.833606,1.01539,-0.484135,0.00020915,-0.999978,0.0352648,-0.989647,0.247332,-0.874343,1.35773,0.908014,0.0643716,4.17621e-05
1945-12-31,mkt,1.58392,-0.82551,3.69229,-0.0521024,2.66336,-0.0262057,0.425065,-0.953173,1.82963,-0.448933,1.85098,-0.0473624,0.0465951,-0.994867,0.57553,-0.826656,1.02353,-0.473226,0.000215091,-0.999976,0.0358093,-0.989215,0.249315,-0.871686,1.40199,0.955196,0.116332,4.17621e-05
1946-01-31,mkt,1.84821,-0.820625,3.9955,-0.039311,2.7718,-0.0197697,0.495993,-0.951862,1.97988,-0.441073,1.92635,-0.0405072,0.0543701,-0.994723,0.622792,-0.824184,1.0652,-0.469435,0.000250981,-0.999976,0.03875,-0.989061,0.259466,-0.870763,1.41109,0.965373,0.128593,4.17621e-05
1946-02-28,mkt,1.56087,-0.830515,3.68969,-0.120136,2.66675,-0.0609846,0.41888,-0.954517,1.82834,-0.453311,1.85334,-0.0609846,0.045917,-0.995014,0.575123,-0.828033,1.02483,-0.474477,0.00021196,-0.999977,0.035784,-0.9893,0.249632,-0.871991,1.46143,1.0193,0.188488,4.17621e-05
1946-03-31,mkt,1.80782,-0.82296,3.97568,-0.100372,2.76902,-0.0503987,0.485153,-0.952489,1.97006,-0.441032,1.92441,-0.0503987,0.0531818,-0.994792,0.619702,-0.82417,1.06413,-0.468552,0.000245496,-0.999976,0.0385577,-0.98906,0.259205,-0.870548,1.40566,0.962788,0.131925,4.17621e-05
1946-04-30,mkt,2.01234,-0.790693,4.19737,-0.0211763,2.84566,-0.0106249,0.54004,-0.94383,2.07991,-0.391507,1.97767,-0.0106249,0.0591984,-0.993843,0.654257,-0.808592,1.09358,-0.445345,0.00027327,-0.999972,0.0407077,-0.988091,0.266379,-0.864895,1.45335,1.01361,0.187947,4.17621e-05
1946-05-31,mkt,2.22213,-0.781073,4.41445,-0.0364618,2.91894,-0.0183381,0.596339,-0.941248,2.18748,-0.377184,2.0286,-0.0183381,0.0653699,-0.99356,0.688095,-0.804086,1.12174,-0.438742,0.000301758,-0.99997,0.0428131,-0.98781,0.273239,-0.863286,1.48811,1.05055,0.228427,4.17621e-05
1946-06-30,mkt,1.99602,-0.780417,4.18883,-0.0773221,2.84421,-0.0392437,0.535659,-0.941072,2.07568,-0.375287,1.97667,-0.0392437,0.0587182,-0.99354,0.652927,-0.80349,1.09303,-0.437672,0.000271053,-0.99997,0.0406249,-0.987773,0.266244,-0.863026,1.52014,1.0847,0.266051,4.17621e-05
1946-07-31,mkt,1.85269,-0.80312,4.04176,-0.124865,2.79486,-0.0639418,0.497195,-0.947165,2.0028,-0.407477,1.94238,-0.0639418,0.0545019,-0.994208,0.630003,-0.813616,1.07406,-0.452128,0.00025159,-0.999973,0.0391986,-0.988403,0.261625,-0.866547,1.48511,1.0483,0.227886,4.17621e-05
1946-08-31,mkt,1.54867,-0.82018,3.70197,-0.161947,2.67598,-0.083536,0.415606,-0.951743,1.83442,-0.432584,1.85975,-0.083536,0.0455582,-0.99471,0.577037,-0.821513,1.02837,-0.463596,0.000210304,-0.999976,0.0359031,-0.988895,0.250496,-0.86934,1.46069,1.0233,0.202284,4.17621e-05
1946-09-30,mkt,1.13092,-0.881605,3.20748,-0.311653,2.49905,-0.167028,0.303497,-0.968227,1.58939,-0.533944,1.73679,-0.167028,0.0332689,-0.996517,0.49996,-0.853397,0.960381,-0.512463,0.000153575,-0.999984,0.0311074,-0.990878,0.233934,-0.881244,1.40245,0.962749,0.138564,4.17621e-05
1946-10-31,mkt,1.07727,-0.887164,3.14426,-0.326166,2.47705,-0.175292,0.2891,-0.969719,1.55806,-0.543771,1.7215,-0.175292,0.0316908,-0.996681,0.490106,-0.856488,0.951928,-0.517301,0.00014629,-0.999985,0.0304943,-0.991071,0.231875,-0.882422,1.30104,0.862041,0.0418945,4.17621e-05
1946-11-30,mkt,1.06897,-0.889672,3.14118,-0.329908,2.47759,-0.176415,0.286872,-0.970392,1.55654,-0.546305,1.72188,-0.176415,0.0314466,-0.996754,0.489626,-0.857285,0.952134,-0.517958,0.000145162,-0.999985,0.0304644,-0.99112,0.231925,-0.882582,1.28559,0.847729,0.0305087,4.17621e-05
1946-12-31,mkt,1.20763,-0.88088,3.34492,-0.303224,2.55789,-0.160026,0.324083,-0.968033,1.6575,-0.528238,1.77768,-0.160026,0.0355256,-0.996496,0.521384,-0.851602,0.982994,-0.508366,0.000163992,-0.999984,0.0324404,-0.990767,0.239442,-0.880246,1.28319,0.84652,0.0317569,4.17621e-05
1947-01-31,mkt,1.24399,-0.874256,3.39971,-0.282431,2.57967,-0.147079,0.333841,-0.966255,1.68465,-0.514159,1.79282,-0.147079,0.0365952,-0.996301,0.529924,-0.847174,0.991363,-0.500788,0.000168929,-0.999983,0.0329717,-0.990491,0.24148,-0.8784,1.32189,0.88808,0.0782707,4.17621e-05
1947-02-28,mkt,1.20627,-0.862977,3.35078,-0.24983,2.56161,-0.127596,0.32372,-0.963228,1.6604,-0.492087,1.78027,-0.127596,0.0354857,-0.995969,0.522296,-0.84023,0.984422,-0.489384,0.000163808,-0.999981,0.0324971,-0.990059,0.23979,-0.875622,1.33125,0.898584,0.090841,4.17621e-05
1947-03-31,mkt,1.149,-0.875372,3.27609,-0.283595,2.534,-0.147173,0.30835,-0.966554,1.62339,-0.514947,1.76108,-0.147173,0.0338009,-0.996334,0.510654,-0.847421,0.973815,-0.500842,0.00015603,-0.999983,0.0317728,-0.990507,0.237206,-0.878413,1.32149,0.888709,0.0809736,4.17621e-05
1947-04-30,mkt,1.00581,-0.889942,3.07059,-0.325472,2.45431,-0.172081,0.269923,-0.970465,1.52156,-0.543301,1.7057,-0.172081,0.0295886,-0.996762,0.478623,-0.85634,0.943188,-0.515421,0.000136586,-0.999985,0.0297798,-0.991062,0.229746,-0.881964,1.30613,0.873284,0.0659464,4.17621e-05
1947-05-31,mkt,0.976841,-0.900513,3.03136,-0.357671,2.43964,-0.191768,0.262148,-0.973301,1.50212,-0.565102,1.6955,-0.191768,0.0287364,-0.997073,0.472508,-0.863198,0.937552,-0.526944,0.000132652,-0.999986,0.0293993,-0.991488,0.228373,-0.884771,1.2642,0.82991,0.0207225,4.17621e-05
1947-06-30,mkt,1.11417,-0.889485,3.24149,-0.322556,2.52358,-0.169831,0.299003,-0.970342,1.60625,-0.541327,1.75384,-0.169831,0.0327763,-0.996749,0.505262,-0.855719,0.969808,-0.514104,0.000151301,-0.999985,0.0314373,-0.991023,0.23623,-0.881643,1.2551,0.821085,0.0127396,4.17621e-05
1947-07-31,mkt,1.23471,-0.865655,3.41689,-0.252077,2.59182,-0.127419,0.331352,-0.963947,1.69316,-0.493608,1.80126,-0.127419,0.0363224,-0.996048,0.532602,-0.840709,0.996032,-0.48928,0.00016767,-0.999982,0.0331383,-0.990089,0.242618,-0.875597,1.2965,0.865245,0.0613984,4.17621e-05
1947-08-31,mkt,1.17796,-0.866173,3.33959,-0.252208,2.56275,-0.127114,0.31612,-0.964086,1.65486,-0.493697,1.78106,-0.127114,0.0346527,-0.996063,0.520554,-0.840737,0.98486,-0.489102,0.000159962,-0.999982,0.0323887,-0.990091,0.239896,-0.875553,1.32873,0.899768,0.0997304,4.17621e-05
1947-09-30,mkt,1.15895,-0.871887,3.31562,-0.268067,2.55412,-0.136338,0.311019,-0.965619,1.64298,-0.504434,1.77506,-0.136338,0.0340935,-0.996231,0.516816,-0.844114,0.981546,-0.494501,0.000157381,-0.999983,0.0321562,-0.990301,0.239089,-0.876868,1.31398,0.884503,0.083868,4.17621e-05
1947-10-31,mkt,1.23324,-0.863707,3.4226,-0.244597,2.59544,-0.122465,0.330957,-0.963424,1.69599,-0.488543,1.80378,-0.122465,0.036279,-0.995991,0.533491,-0.839116,0.997426,-0.486381,0.00016747,-0.999981,0.0331937,-0.98999,0.242957,-0.874891,1.30886,0.879525,0.0793125,4.17621e-05
1947-11-30,mkt,1.16912,-0.86425,3.33333,-0.2454,2.56154,-0.122727,0.313749,-0.96357,1.65175,-0.489087,1.78022,-0.122727,0.0343928,-0.996007,0.519576,-0.839287,0.984398,-0.486534,0.000158763,-0.999982,0.0323279,-0.99,0.239784,-0.874928,1.32833,0.900309,0.102291,4.17621e-05
1947-12-31,mkt,1.26172,-0.871111,3.46523,-0.264511,2.61219,-0.133847,0.338599,-0.965411,1.71712,-0.502026,1.81542,-0.133847,0.0371168,-0.996208,0.540137,-0.843357,1.00386,-0.493043,0.000171337,-0.999982,0.0336072,-0.990254,0.244525,-0.876513,1.31161,0.882817,0.0837009,4.17621e-05
1948-01-31,mkt,1.13411,-0.875221,3.28804,-0.275531,2.54505,-0.140124,0.304355,-0.966514,1.62931,-0.509488,1.76876,-0.140124,0.033363,-0.996329,0.512518,-0.845704,0.978059,-0.496717,0.000154009,-0.999983,0.0318887,-0.9904,0.23824,-0.877408,1.33543,0.90822,0.111625,4.17621e-05
1948-02-29,mkt,1.00561,-0.887258,3.10061,-0.310457,2.47231,-0.160839,0.269869,-0.969744,1.53644,-0.533135,1.71821,-0.160839,0.0295827,-0.996683,0.483303,-0.853142,0.950107,-0.508841,0.000136559,-0.999985,0.030071,-0.990863,0.231431,-0.880361,1.30209,0.87349,0.0749391,4.17621e-05
1948-03-31,mkt,1.22816,-0.88495,3.43144,-0.302953,2.6018,-0.15614,0.329593,-0.969125,1.70037,-0.528054,1.8082,-0.15614,0.0361295,-0.996616,0.53487,-0.851544,0.999869,-0.506091,0.00016678,-0.999984,0.0332795,-0.990763,0.243552,-0.879691,1.26457,0.834593,0.0342927,4.17621e-05
1948-04-30,mkt,1.34717,-0.856575,3.59515,-0.220952,2.66338,-0.107657,0.361531,-0.96151,1.78149,-0.472534,1.851,-0.107657,0.0396306,-0.995781,0.560388,-0.83408,1.02353,-0.477714,0.000182941,-0.999981,0.0348672,-0.989676,0.249317,-0.872779,1.32695,0.900874,0.106831,4.17621e-05
1948-05-31,mkt,1.61757,-0.844559,3.94275,-0.188683,2.78976,-0.0892817,0.434096,-0.958285,1.95374,-0.450686,1.93882,-0.0892817,0.047585,-0.995427,0.614569,-0.827207,1.0721,-0.466959,0.00021966,-0.999979,0.0382384,-0.989249,0.261147,-0.87016,1.35577,0.931326,0.139915,4.17621e-05
1948-06-30,mkt,1.6107,-0.817115,3.93675,-0.118737,2.78806,-0.050504,0.432253,-0.95092,1.95077,-0.403328,1.93764,-0.050504,0.047383,-0.99462,0.613635,-0.81231,1.07145,-0.444262,0.000218728,-0.999975,0.0381802,-0.988322,0.260987,-0.864631,1.41263,0.991484,0.205321,4.17621e-05
1948-07-31,mkt,1.39792,-0.83946,3.67496,-0.173108,2.69509,-0.0799282,0.37515,-0.956917,1.82104,-0.440141,1.87304,-0.0799282,0.0411235,-0.995277,0.572828,-0.82389,1.03572,-0.461484,0.000189833,-0.999978,0.0356412,-0.989042,0.252285,-0.868826,1.41121,0.9903,0.204549,4.17621e-05
1948-08-31,mkt,1.40514,-0.842864,3.68669,-0.181176,2.6998,-0.0842197,0.377089,-0.95783,1.82685,-0.445604,1.87631,-0.0842197,0.041336,-0.995377,0.574656,-0.825609,1.03753,-0.463996,0.000190814,-0.999979,0.0357549,-0.989149,0.252726,-0.869438,1.36709,0.9447,0.157225,4.17621e-05
1948-09-30,mkt,1.29261,-0.855785,3.54207,-0.214114,2.64744,-0.102419,0.34689,-0.961298,1.75519,-0.467904,1.83992,-0.102419,0.0380256,-0.995758,0.552114,-0.832624,1.01741,-0.474648,0.000175533,-0.99998,0.0343524,-0.989586,0.247824,-0.872033,1.36868,0.946616,0.159785,4.17621e-05
1948-10-31,mkt,1.50231,-0.845984,3.82067,-0.187654,2.74996,-0.0873786,0.403164,-0.958668,1.89324,-0.449989,1.91117,-0.0873786,0.0441943,-0.995469,0.59554,-0.826988,1.05681,-0.465845,0.000204008,-0.999979,0.0370544,-0.989235,0.257422,-0.869888,1.34274,0.920044,0.132632,4.17621e-05
1948-11-30,mkt,1.14866,-0.866626,3.3573,-0.239973,2.58084,-0.116118,0.308258,-0.964207,1.66363,-0.485413,1.79363,-0.116118,0.0337908,-0.996076,0.523313,-0.838131,0.991814,-0.482666,0.000155984,-0.999982,0.0325604,-0.989929,0.24159,-0.873986,1.38921,0.969181,0.185952,4.17621e-05
1948-12-31,mkt,1.24751,-0.861148,3.50093,-0.224363,2.63588,-0.107041,0.334786,-0.962737,1.7348,-0.474844,1.83188,-0.107041,0.0366988,-0.995915,0.545701,-0.834806,1.01296,-0.477353,0.000169408,-0.999981,0.0339534,-0.989722,0.246742,-0.872692,1.30624,0.883938,0.0981876,4.17621e-05
1949-01-31,mkt,1.25249,-0.860378,3.51106,-0.221765,2.64028,-0.105417,0.336123,-0.962531,1.73982,-0.473085,1.83495,-0.105417,0.0368453,-0.995893,0.54728,-0.834253,1.01466,-0.476403,0.000170084,-0.999981,0.0340516,-0.989687,0.247155,-0.87246,1.33166,0.910948,0.127758,4.17621e-05
1949-02-28,mkt,1.15721,-0.870052,3.37785,-0.248057,2.59028,-0.120321,0.310553,-0.965127,1.67381,-0.490886,1.80019,-0.120321,0.0340424,-0.996177,0.526516,-0.839853,0.995442,-0.485126,0.000157145,-0.999982,0.0327597,-0.990036,0.242474,-0.874585,1.33287,0.912594,0.130239,4.17621e-05
1949-03-31,mkt,1.28169,-0.864055,3.55754,-0.230824,2.65879,-0.110275,0.343959,-0.963517,1.76286,-0.479218,1.84781,-0.110275,0.0377043,-0.996001,0.554526,-0.836182,1.02177,-0.479246,0.000174049,-0.999982,0.0345025,-0.989807,0.248887,-0.873153,1.30853,0.887333,0.103834,4.17621e-05
1949-04-30,mkt,1.21949,-0.859292,3.47133,-0.21668,2.62659,-0.101906,0.327268,-0.962239,1.72013,-0.469642,1.82543,-0.101906,0.0358747,-0.995861,0.541087,-0.83317,1.0094,-0.474348,0.000165603,-0.999981,0.0336663,-0.98962,0.245873,-0.871959,1.33991,0.920672,0.140289,4.17621e-05
1949-05-31,mkt,1.12514,-0.869357,3.33649,-0.244684,2.57548,-0.117952,0.301946,-0.96494,1.65332,-0.488602,1.78991,-0.117952,0.0330989,-0.996157,0.520069,-0.839134,0.989755,-0.48374,0.00015279,-0.999982,0.0323586,-0.989991,0.241089,-0.874247,1.32462,0.904722,0.123448,4.17621e-05
1949-06-30,mkt,1.12532,-0.882508,3.34057,-0.283257,2.57779,-0.140637,0.301996,-0.96847,1.65534,-0.514719,1.79151,-0.140637,0.0331044,-0.996544,0.520705,-0.847349,0.990641,-0.497017,0.000152815,-0.999984,0.0323981,-0.990502,0.241305,-0.877481,1.29989,0.878984,0.0962955,4.17621e-05
1949-07-31,mkt,1.29492,-0.866909,3.58474,-0.236736,2.67057,-0.113063,0.347509,-0.964283,1.77633,-0.483221,1.856,-0.113063,0.0380935,-0.996085,0.558764,-0.837442,1.0263,-0.480878,0.000175846,-0.999982,0.0347662,-0.989886,0.24999,-0.87355,1.29997,0.879525,0.097814,4.17621e-05
1949-08-31,mkt,1.38219,-0.847598,3.70591,-0.182965,2.71577,-0.0822749,0.370929,-0.959101,1.83638,-0.446814,1.88741,-0.0822749,0.0406608,-0.995517,0.577653,-0.82599,1.04367,-0.462858,0.000187697,-0.999979,0.0359414,-0.989173,0.254221,-0.869161,1.34301,0.924918,0.146912,4.17621e-05
1949-09-30,mkt,1.49241,-0.838012,3.85533,-0.156452,2.77078,-0.0671712,0.400509,-0.956528,1.91042,-0.428864,1.92564,-0.0671712,0.0439033,-0.995235,0.600943,-0.820343,1.06481,-0.454018,0.000202665,-0.999978,0.0373905,-0.988822,0.25937,-0.867007,1.36295,0.946179,0.170257,4.17621e-05
1949-10-31,mkt,1.61633,-0.828616,4.01406,-0.132024,2.82757,-0.053675,0.433765,-0.954007,1.98908,-0.412324,1.96511,-0.053675,0.0475487,-0.994958,0.625685,-0.81514,1.08663,-0.446118,0.000219493,-0.999977,0.03893,-0.988498,0.264687,-0.865083,1.38636,0.971265,0.198141,4.17621e-05
1949-11-30,mkt,1.69297,-0.81262,4.10998,-0.0918311,2.86148,-0.0318553,0.45433,-0.949714,2.03661,-0.385111,1.98867,-0.0318553,0.0498031,-0.994488,0.640636,-0.80658,1.09966,-0.433347,0.000229899,-0.999975,0.0398602,-0.987965,0.267861,-0.861972,1.41071,0.997042,0.226201,4.17621e-05
1949-12-31,mkt,1.92769,-0.800339,4.38729,-0.0622767,2.95672,-0.0161577,0.517321,-0.946418,2.17402,-0.365101,2.05486,-0.0161577,0.056708,-0.994126,0.683861,-0.800286,1.13626,-0.42416,0.000261774,-0.999973,0.0425497,-0.987574,0.276776,-0.859734,1.42482,1.01205,0.242714,4.17621e-05
1950-01-31,mkt,2.01035,-0.779626,4.48347,-0.0301941,2.98947,-0.015136,0.539504,-0.94086,2.22168,-0.332731,2.07762,-0.015136,0.0591397,-0.993517,0.698853,-0.790103,1.14885,-0.409607,0.000272999,-0.99997,0.0434825,-0.98694,0.279841,-0.85619,1.4644,1.05378,0.287837,4.17621e-05
1950-02-28,mkt,2.08818,-0.766512,4.57058,-0.0141037,3.01856,-0.00705807,0.560393,-0.93734,2.26484,-0.312709,2.09784,-0.00705807,0.0614295,-0.993131,0.71243,-0.783805,1.16003,-0.400717,0.000283568,-0.999968,0.0443272,-0.986548,0.282564,-0.854024,1.4771,1.06743,0.303032,4.17621e-05
1950-03-31,mkt,2.1546,-0.758143,4.64491,-0.0235486,3.04337,-0.0118067,0.578216,-0.935094,2.30168,-0.300253,2.11508,-0.0118067,0.0633832,-0.992885,0.724018,-0.779887,1.16956,-0.395257,0.000292587,-0.999967,0.0450482,-0.986305,0.284887,-0.852694,1.48865,1.07962,0.316334,4.17621e-05
1950-04-30,mkt,2.38073,-0.748057,4.88498,-0.0195869,3.12141,-0.0098025,0.638901,-0.932388,2.42064,-0.285539,2.16932,-0.0098025,0.0700355,-0.992588,0.761438,-0.775259,1.19955,-0.388874,0.000323295,-0.999966,0.0473765,-0.986017,0.292193,-0.851139,1.49812,1.08976,0.327585,4.17621e-05
1950-05-31,mkt,2.65716,-0.722676,5.16253,-0.00732581,3.20913,-0.00366291,0.713084,-0.925576,2.55817,-0.250018,2.23028,-0.00366291,0.0781673,-0.991842,0.8047,-0.764085,1.23326,-0.373783,0.000360833,-0.999962,0.0500682,-0.985321,0.300404,-0.847463,1.5284,1.12176,0.362347,4.17621e-05
1950-06-30,mkt,2.23774,-0.74878,4.76031,-0.117122,3.08507,-0.0594062,0.600529,-0.932582,2.35886,-0.28266,2.14406,-0.0594062,0.0658292,-0.99261,0.742005,-0.774353,1.18559,-0.386846,0.000303878,-0.999966,0.0461674,-0.98596,0.288791,-0.850645,1.56174,1.15691,0.40033,4.17621e-05
1950-07-31,mkt,2.30376,-0.775691,4.84199,-0.164752,3.11336,-0.0848609,0.618244,-0.939804,2.39934,-0.321359,2.16372,-0.0848609,0.0677711,-0.993401,0.754737,-0.786526,1.19646,-0.403439,0.000312842,-0.99997,0.0469596,-0.986718,0.291439,-0.854687,1.50869,1.1031,0.346174,4.17621e-05
1950-08-31,mkt,2.60407,-0.72719,5.15084,-0.0775053,3.21157,-0.0378912,0.698838,-0.926788,2.55238,-0.250471,2.23198,-0.0378912,0.0766057,-0.991975,0.802878,-0.764228,1.2342,-0.37282,0.000353624,-0.999963,0.0499549,-0.98533,0.300632,-0.847229,1.51701,1.11279,0.358578,4.17621e-05
1950-09-30,mkt,2.94605,-0.694364,5.48839,-0.0228687,3.3191,-0.00951724,0.790612,-0.917978,2.71964,-0.206079,2.30671,-0.00951724,0.0866658,-0.991009,0.855493,-0.750263,1.27553,-0.354324,0.000400064,-0.999958,0.0532286,-0.984461,0.310698,-0.842724,1.55389,1.15176,0.400806,4.17621e-05
1950-10-31,mkt,2.92385,-0.660505,5.4734,-0.0388545,3.31542,-0.0194926,0.784653,-0.908892,2.71221,-0.161069,2.30415,-0.0194926,0.0860127,-0.990013,0.853156,-0.736105,1.27411,-0.335417,0.000397048,-0.999954,0.0530832,-0.983581,0.310354,-0.838118,1.5903,1.1903,0.44274,4.17621e-05
1950-11-30,mkt,3.12377,-0.668581,5.66873,-0.0524513,3.37572,-0.0263906,0.838306,-0.911059,2.80901,-0.170667,2.34606,-0.0263906,0.091894,-0.99025,0.883603,-0.739124,1.29729,-0.339144,0.000424197,-0.999955,0.0549776,-0.983768,0.315998,-0.839026,1.58778,1.18804,0.441119,4.17621e-05
1950-12-31,mkt,3.58072,-0.662364,6.08123,-0.0760911,3.49811,-0.0384176,0.960934,-0.909391,3.01341,-0.161038,2.43112,-0.0384176,0.105336,-0.990068,0.947901,-0.736095,1.34432,-0.334952,0.000486249,-0.999954,0.0589782,-0.98358,0.327455,-0.838005,1.60714,1.20913,0.465274,4.17621e-05
1951-01-31,mkt,4.12789,-0.570326,6.53679,-0.0249542,3.62781,-0.0125178,1.10777,-0.884691,3.23915,-0.0522445,2.52126,-0.0125178,0.121433,-0.98736,1.01891,-0.701873,1.39416,-0.292894,0.000560553,-0.999942,0.0633964,-0.981451,0.339596,-0.82776,1.64752,1.25227,0.513075,4.17621e-05
1951-02-28,mkt,4.27846,-0.513176,6.65759,-0.0188061,3.66154,-0.00941103,1.14818,-0.869354,3.29901,-0.0188061,2.5447,-0.00941103,0.125862,-0.985679,1.03774,-0.682361,1.40713,-0.269945,0.000581,-0.999934,0.0645679,-0.980237,0.342754,-0.82217,1.68972,1.29697,0.561839,4.17621e-05
1951-03-31,mkt,4.03169,-0.5392,6.46913,-0.052239,3.61023,-0.0263057,1.08196,-0.876338,3.20563,-0.052239,2.50904,-0.0263057,0.118603,-0.986444,1.00836,-0.69069,1.38741,-0.279435,0.00054749,-0.999937,0.0627402,-0.980755,0.337951,-0.824482,1.7003,1.30822,0.574203,4.17621e-05
1951-04-30,mkt,4.56922,-0.540805,6.90005,-0.0533355,3.73382,-0.0266323,1.22621,-0.876769,3.41916,-0.0533355,2.59493,-0.0266323,0.134416,-0.986492,1.07553,-0.691048,1.4349,-0.279677,0.000620485,-0.999938,0.0669194,-0.980777,0.34952,-0.824541,1.68221,1.28959,0.554994,4.17621e-05
1951-05-31,mkt,4.28561,-0.528315,6.68816,-0.0741609,3.67682,-0.0376359,1.1501,-0.873417,3.31416,-0.0741609,2.55532,-0.0376359,0.126073,-0.986124,1.04251,-0.68608,1.413,-0.272822,0.000581972,-0.999936,0.0648645,-0.980468,0.344184,-0.822871,1.71859,1.32798,0.596658,4.17621e-05
1951-06-30,mkt,3.99832,-0.535744,6.4721,-0.079687,3.62147,-0.039289,1.073,-0.875411,3.2071,-0.079687,2.51685,-0.039289,0.117621,-0.986343,1.00883,-0.687953,1.39173,-0.274071,0.000542959,-0.999937,0.062769,-0.980585,0.339002,-0.823175,1.69915,1.30795,0.57581,4.17621e-05
1951-07-31,mkt,4.76701,-0.52841,7.07933,-0.0723713,3.7922,-0.0354226,1.27929,-0.873442,3.50799,-0.0723713,2.6355,-0.0354226,0.140234,-0.986127,1.10348,-0.685473,1.45734,-0.271149,0.000647344,-0.999936,0.0686581,-0.98043,0.354984,-0.822463,1.67757,1.28561,0.552434,4.17621e-05
1951-08-31,mkt,5.32894,-0.436732,7.49642,-0.0115668,3.90718,-0.00564339,1.43009,-0.848839,3.71467,-0.0115668,2.71541,-0.00564339,0.156765,-0.98343,1.16849,-0.655651,1.50152,-0.23644,0.000723652,-0.999924,0.0727032,-0.978575,0.365747,-0.814009,1.7291,1.33988,0.611144,4.17621e-05
1951-09-30,mkt,5.43065,-0.379562,7.57679,-0.0221773,3.93206,-0.0107076,1.45739,-0.833497,3.7545,-0.0221773,2.7327,-0.0107076,0.159757,-0.981748,1.18102,-0.638058,1.51108,-0.216209,0.000737465,-0.999916,0.0734827,-0.97748,0.368076,-0.809081,1.7614,1.37389,0.647894,4.17621e-05
1951-10-31,mkt,5.07502,-0.438985,7.34313,-0.0798977,3.87718,-0.0400314,1.36195,-0.849444,3.63872,-0.0798977,2.69456,-0.0400314,0.149295,-0.983496,1.1446,-0.654654,1.48999,-0.232562,0.000689171,-0.999924,0.0712166,-0.978513,0.362939,-0.813064,1.76635,1.37918,0.653762,4.17621e-05
1951-11-30,mkt,5.14483,-0.441521,7.39819,-0.0812746,3.89231,-0.040458,1.38068,-0.850125,3.666,-0.0812746,2.70508,-0.040458,0.151349,-0.983571,1.15318,-0.655171,1.49581,-0.232903,0.00069865,-0.999924,0.0717506,-0.978545,0.364356,-0.813147,1.74496,1.35723,0.631117,4.17621e-05
1951-12-31,mkt,5.60147,-0.398869,7.72154,-0.0466702,3.97672,-0.0225106,1.50323,-0.838679,3.82623,-0.0466702,2.76374,-0.0225106,0.164782,-0.982316,1.20358,-0.642183,1.52825,-0.218555,0.000760661,-0.999918,0.0748865,-0.977737,0.372257,-0.809652,1.74877,1.36143,0.63611,4.17621e-05
1952-01-31,mkt,5.82311,-0.354482,7.88544,-0.0192454,4.02423,-0.00949298,1.56271,-0.826767,3.90745,-0.0192454,2.79676,-0.00949298,0.171302,-0.98101,1.22913,-0.628972,1.54651,-0.203924,0.000790759,-0.999912,0.0764761,-0.976915,0.376705,-0.806088,1.77389,1.38788,0.664631,4.17621e-05
1952-02-29,mkt,5.43241,-0.386297,7.63023,-0.0643535,3.96379,-0.0316319,1.45786,-0.835305,3.78098,-0.0643535,2.75476,-0.0316319,0.159809,-0.981946,1.18935,-0.637297,1.52328,-0.211366,0.000737703,-0.999917,0.074001,-0.977433,0.371047,-0.807901,1.7845,1.3991,0.676899,4.17621e-05
1952-03-31,mkt,6.08045,-0.367908,8.07529,-0.049994,4.07811,-0.0238587,1.63177,-0.83037,4.00152,-0.049994,2.8342,-0.0238587,0.178873,-0.981405,1.25872,-0.63173,1.56721,-0.205035,0.000825705,-0.999914,0.0783173,-0.977086,0.381748,-0.806359,1.76295,1.37676,0.653452,4.17621e-05
1952-04-30,mkt,5.31552,-0.382801,7.55468,-0.0644689,3.94503,-0.0326314,1.42649,-0.834366,3.74355,-0.0644689,2.74172,-0.0326314,0.15637,-0.981843,1.17757,-0.635758,1.51607,-0.209211,0.000721829,-0.999916,0.0732683,-0.977337,0.369291,-0.807376,1.7962,1.41172,0.69114,4.17621e-05
1952-05-31,mkt,5.78258,-0.393882,7.89234,-0.0728199,4.03765,-0.0369006,1.55183,-0.83734,3.91087,-0.0728199,2.80608,-0.0369006,0.17011,-0.982169,1.23021,-0.639009,1.55166,-0.212701,0.000785255,-0.999918,0.0765431,-0.977539,0.377961,-0.808226,1.75612,1.36995,0.646813,4.17621e-05
1952-06-30,mkt,6.3895,-0.332119,8.30627,-0.0251426,4.1467,-0.0110827,1.71471,-0.820765,4.11598,-0.0251426,2.88187,-0.0110827,0.187964,-0.980353,1.29472,-0.620446,1.59357,-0.191596,0.000867673,-0.999909,0.0805575,-0.976384,0.388169,-0.803086,1.78015,1.39529,0.674228,4.17621e-05
1952-07-31,mkt,6.55477,-0.26719,8.4238,-0.014166,4.18072,-0.00694739,1.75906,-0.803341,4.17422,-0.014166,2.90552,-0.00694739,0.192826,-0.978442,1.31305,-0.601669,1.60664,-0.170606,0.000890116,-0.9999,0.0816974,-0.975216,0.391353,-0.797973,1.80899,1.42557,0.706772,4.17621e-05
1952-08-31,mkt,6.43444,-0.270037,8.35646,-0.0252819,4.16854,-0.0122767,1.72677,-0.804105,4.14085,-0.0252819,2.89705,-0.0122767,0.189286,-0.978526,1.30255,-0.601822,1.60197,-0.169563,0.000873775,-0.999901,0.0810442,-0.975225,0.390213,-0.797719,1.81582,1.43277,0.714644,4.17621e-05
1952-09-30,mkt,6.10692,-0.302317,8.15209,-0.0462156,4.12189,-0.0221095,1.63887,-0.812767,4.03958,-0.0462156,2.86463,-0.0221095,0.179651,-0.979476,1.27069,-0.610374,1.58404,-0.17783,0.000829299,-0.999905,0.0790622,-0.975758,0.385847,-0.799732,1.80963,1.42638,0.707917,4.17621e-05
1952-10-31,mkt,6.00648,-0.342944,8.09886,-0.0726947,4.1136,-0.0343946,1.61192,-0.82367,4.0132,-0.0726947,2.85887,-0.0343946,0.176697,-0.980671,1.2624,-0.621191,1.58085,-0.188159,0.00081566,-0.999911,0.078546,-0.976431,0.38507,-0.802248,1.79343,1.40949,0.690059,4.17621e-05
1952-11-30,mkt,6.99554,-0.292283,8.751,-0.0370286,4.28005,-0.0155557,1.87735,-0.810075,4.33635,-0.0370286,2.97455,-0.0155557,0.205792,-0.979181,1.36405,-0.606621,1.64482,-0.17232,0.000949971,-0.999904,0.0848707,-0.975524,0.400652,-0.79839,1.7876,1.4036,0.684231,4.17621e-05
1952-12-31,mkt,7.55765,-0.186608,9.10698,-0.00450772,4.37118,-0.00218932,2.0282,-0.781715,4.51275,-0.00450772,3.03789,-0.00218932,0.222328,-0.976072,1.41953,-0.577696,1.67984,-0.141492,0.0010263,-0.99989,0.0883231,-0.973724,0.409183,-0.790881,1.83195,1.45021,0.734426,4.17621e-05
1953-01-31,mkt,7.50283,-0.164493,9.08571,-0.0304218,4.37094,-0.0150497,2.01348,-0.775781,4.50221,-0.0304218,3.03772,-0.0150497,0.220716,-0.975421,1.41622,-0.571345,1.67975,-0.133922,0.00101886,-0.999887,0.0881168,-0.973329,0.40916,-0.789037,1.85405,1.47343,0.759344,4.17621e-05
1953-02-28,mkt,7.46389,-0.174841,9.07251,-0.0349743,4.37196,-0.0160683,2.00303,-0.778558,4.49567,-0.0349743,3.03843,-0.0160683,0.21957,-0.975726,1.41416,-0.573358,1.68014,-0.134818,0.00101357,-0.999888,0.0879888,-0.973454,0.409256,-0.789255,1.85116,1.4705,0.756386,4.17621e-05
1953-03-31,mkt,7.19203,-0.164915,8.92039,-0.0393468,4.34051,-0.0193821,1.93008,-0.775894,4.42029,-0.0393468,3.01657,-0.0193821,0.211573,-0.975434,1.39045,-0.569912,1.66805,-0.129937,0.000976653,-0.999887,0.0865135,-0.97324,0.406311,-0.788066,1.84898,1.46827,0.754224,4.17621e-05
1953-04-30,mkt,6.676,-0.252111,8.61063,-0.0894526,4.26984,-0.0443532,1.79159,-0.799294,4.2668,-0.0894526,2.96745,-0.0443532,0.196392,-0.977999,1.34217,-0.592344,1.64089,-0.152093,0.000906578,-0.999898,0.0835093,-0.974636,0.399696,-0.793463,1.83711,1.45604,0.741526,4.17621e-05
1953-05-31,mkt,6.77417,-0.21679,8.68579,-0.0677602,4.2933,-0.0327279,1.81794,-0.789815,4.30404,-0.0677602,2.98376,-0.0327279,0.19928,-0.97696,1.35388,-0.582632,1.64991,-0.141778,0.00091991,-0.999894,0.0842382,-0.974031,0.401892,-0.790951,1.81418,1.43233,0.716703,4.17621e-05
1953-06-30,mkt,6.44508,-0.29577,8.4892,-0.114056,4.25007,-0.0555192,1.72962,-0.81101,4.20663,-0.114056,2.95371,-0.0555192,0.189599,-0.979283,1.32324,-0.603359,1.6333,-0.162,0.00087522,-0.999904,0.0823316,-0.975321,0.397845,-0.795876,1.81771,1.43614,0.721044,4.17621e-05
1953-07-31,mkt,6.86629,-0.251693,8.77562,-0.08523,4.32655,-0.0390128,1.84266,-0.799182,4.34855,-0.08523,3.00687,-0.0390128,0.20199,-0.977987,1.36788,-0.590454,1.66269,-0.147355,0.000932419,-0.999898,0.0851094,-0.974518,0.405005,-0.792309,1.80199,1.41997,0.704418,4.17621e-05
1953-08-31,mkt,6.08254,-0.29374,8.27283,-0.109084,4.20576,-0.049825,1.63233,-0.810466,4.09941,-0.109084,2.92292,-0.049825,0.178934,-0.979224,1.28951,-0.601133,1.61627,-0.156948,0.000825989,-0.999904,0.0802331,-0.975183,0.393698,-0.794646,1.81977,1.43876,0.724789,4.17621e-05
1953-09-30,mkt,6.11261,-0.344092,8.3097,-0.140522,4.22053,-0.0661811,1.6404,-0.823978,4.11768,-0.140522,2.93318,-0.0661811,0.179818,-0.980705,1.29526,-0.615208,1.62194,-0.17146,0.000830071,-0.999911,0.0805908,-0.976058,0.39508,-0.798181,1.78323,1.40068,0.684398,4.17621e-05
1953-10-31,mkt,6.88133,-0.288516,8.82958,-0.103771,4.35556,-0.0455645,1.8467,-0.809064,4.37529,-0.103771,3.02703,-0.0455645,0.202432,-0.97907,1.3763,-0.598754,1.67384,-0.153168,0.000934461,-0.999903,0.0856328,-0.975035,0.40772,-0.793725,1.78367,1.40147,0.685916,4.17621e-05
1953-11-30,mkt,7.39891,-0.19619,9.1579,-0.0461425,4.43608,-0.0144048,1.9856,-0.784287,4.53799,-0.0461425,3.08299,-0.0144048,0.217659,-0.976354,1.42747,-0.572954,1.70478,-0.125521,0.00100475,-0.999891,0.088817,-0.973429,0.415258,-0.786991,1.81767,1.43725,0.724519,4.17621e-05
1953-12-31,mkt,7.4122,-0.157211,9.17894,-0.0222947,4.44639,-0.0108825,1.98916,-0.773826,4.54841,-0.0222947,3.09015,-0.0108825,0.21805,-0.975207,1.43075,-0.562123,1.70874,-0.113533,0.00100655,-0.999886,0.089021,-0.972755,0.416223,-0.784071,1.83886,1.45955,0.748563,4.17621e-05
1954-01-31,mkt,8.45873,-0.131586,9.81906,-0.0157089,4.60386,-0.00772564,2.27001,-0.766949,4.86561,-0.0157089,3.19959,-0.00772564,0.248836,-0.974453,1.53053,-0.555264,1.76926,-0.106222,0.00114867,-0.999882,0.0952291,-0.972329,0.430963,-0.78229,1.83863,1.45938,0.748602,4.17621e-05
1954-02-28,mkt,8.82929,-0.0288654,10.0345,-0.0144768,4.65441,-0.00724939,2.36946,-0.7389,4.97238,-0.0144768,3.23473,-0.00724939,0.259737,-0.971379,1.56412,-0.52881,1.78869,-0.0793203,0.00119899,-0.999868,0.0973189,-0.970683,0.435696,-0.775737,1.87659,1.49929,0.791578,4.17621e-05
1954-03-31,mkt,9.7001,-0.0336774,10.5208,-0.0169224,4.76621,-0.00848217,2.60315,-0.721133,5.21335,-0.0169224,3.31242,-0.00848217,0.285354,-0.969431,1.63991,-0.512903,1.83165,-0.0638413,0.00131724,-0.999859,0.102035,-0.969693,0.446161,-0.771967,1.88902,1.51239,0.805787,4.17621e-05
1954-04-30,mkt,10.8101,-0.0238089,11.1115,-0.0119044,4.89872,-0.00595222,2.90103,-0.698198,5.50602,-0.0119044,3.40452,-0.00595222,0.318007,-0.966917,1.73198,-0.493073,1.88257,-0.0448828,0.00146797,-0.999847,0.107763,-0.968459,0.458565,-0.767349,1.9164,1.5412,0.83678,4.17621e-05
1954-05-31,mkt,11.7076,-0.00915727,11.5659,-0.00457863,4.99815,-0.00228932,3.14188,-0.664212,5.73121,-0.00457863,3.47362,-0.00228932,0.344409,-0.963191,1.80282,-0.465112,1.92078,-0.018813,0.00158985,-0.99983,0.112171,-0.966719,0.467873,-0.760998,1.94786,1.57427,0.872512,4.17621e-05
1954-06-30,mkt,12.0276,-0.0752548,11.7306,-0.0379773,5.03443,-0.0190766,3.22778,-0.661053,5.81283,-0.0379773,3.49883,-0.0190766,0.353825,-0.962845,1.82849,-0.462275,1.93472,-0.0190766,0.00163331,-0.999828,0.113768,-0.966543,0.471268,-0.760329,1.97106,1.59861,0.898727,4.17621e-05
1954-07-31,mkt,13.6458,-0.0241383,12.4993,-0.0121175,5.19724,-0.0060709,3.66203,-0.625018,6.19375,-0.0121175,3.61198,-0.0060709,0.401426,-0.958895,1.94831,-0.434271,1.99729,-0.0060709,0.00185305,-0.99981,0.121223,-0.964801,0.486509,-0.754152,1.97857,1.60671,0.907807,4.17621e-05
1954-08-31,mkt,12.7992,-0.103017,12.114,-0.052562,5.1174,-0.0265481,3.43484,-0.601171,6.00281,-0.052562,3.55649,-0.0265481,0.376523,-0.956281,1.88825,-0.415935,1.96661,-0.0265481,0.00173809,-0.999798,0.117486,-0.96366,0.479036,-0.750133,2.01519,1.64513,0.949201,4.17621e-05
1954-09-30,mkt,15.038,-0.0837731,13.1358,-0.0423987,5.32938,-0.0213269,4.03564,-0.592615,6.50915,-0.0423987,3.70381,-0.0213269,0.442381,-0.955343,2.04752,-0.40967,2.04807,-0.0213269,0.0020421,-0.999794,0.127396,-0.96327,0.498878,-0.748793,1.99606,1.62536,0.928559,4.17621e-05
1954-10-31,mkt,14.3793,-0.073216,12.8493,-0.0370117,5.27138,-0.0186065,3.85888,-0.551935,6.36717,-0.0370117,3.66351,-0.0186065,0.423006,-0.950884,2.00286,-0.380483,2.02579,-0.0186065,0.00195266,-0.999773,0.124618,-0.961454,0.493449,-0.742615,2.04281,1.6744,0.981267,4.17621e-05
1954-11-30,mkt,18.1632,-0.0623044,14.4536,-0.0313428,5.59199,-0.0157179,4.87434,-0.54666,7.16214,-0.0313428,3.88632,-0.0157179,0.534318,-0.950305,2.25293,-0.376836,2.14899,-0.0157179,0.0024665,-0.999771,0.140177,-0.961227,0.523461,-0.741857,2.02953,1.66066,0.966788,4.17621e-05
1954-12-31,mkt,20.8531,-0.0354346,15.4961,-0.0178195,5.79102,-0.00893536,5.5962,-0.440988,7.67875,-0.0178195,4.02465,-0.00893536,0.613448,-0.938722,2.41543,-0.307418,2.22548,-0.00893536,0.00283178,-0.999717,0.150288,-0.956908,0.542093,-0.7278,2.0969,1.73143,1.04304,4.17621e-05
1955-01-31,mkt,21.1036,-0.116542,15.6129,-0.0589197,5.81502,-0.0296135,5.66343,-0.409717,7.73662,-0.0589197,4.04132,-0.0296135,0.620818,-0.935294,2.43364,-0.286955,2.2347,-0.0296135,0.0028658,-0.999701,0.15142,-0.955635,0.544339,-0.723678,2.13657,1.77312,1.08803,4.17621e-05
1955-02-28,mkt,22.7853,-0.0209309,16.2294,-0.0104654,5.92928,-0.00523272,6.11473,-0.338826,8.04209,-0.0104654,4.12073,-0.00523272,0.670288,-0.927523,2.52973,-0.245179,2.27862,-0.00523272,0.00309416,-0.999665,0.157399,-0.953035,0.555035,-0.715682,2.1389,1.77605,1.09226,4.17621e-05
1955-03-31,mkt,22.5909,-0.162687,16.1928,-0.0838172,5.92556,-0.0425362,6.06259,-0.377373,8.02394,-0.0838172,4.11814,-0.0425362,0.664573,-0.931748,2.52402,-0.266272,2.27718,-0.0425362,0.00306777,-0.999685,0.157044,-0.954348,0.554686,-0.719566,2.16083,1.79909,1.11714,4.17621e-05
1955-04-30,mkt,24.5014,-0.0363803,16.8863,-0.0162938,6.0577,-0.00770141,6.57527,-0.283451,8.36761,-0.0162938,4.20998,-0.00770141,0.720772,-0.921453,2.63212,-0.212196,2.32797,-0.00770141,0.0033272,-0.999637,0.16377,-0.950983,0.567056,-0.70933,2.15681,1.79559,1.11475,4.17621e-05
1955-05-31,mkt,25.1358,-0.0647033,17.1308,-0.0317582,6.10864,-0.0151658,6.74554,-0.274365,8.48877,-0.0317582,4.24539,-0.0151658,0.739437,-0.920457,2.67024,-0.205542,2.34754,-0.0151658,0.00341336,-0.999633,0.166141,-0.950569,0.571825,-0.707623,2.17942,1.81934,1.14038,4.17621e-05
1955-06-30,mkt,29.6363,-0.0133434,18.6079,-0.00667172,6.36713,-0.00333586,7.95331,-0.21307,9.22073,-0.00667172,4.42503,-0.00333586,0.871831,-0.913738,2.90048,-0.172108,2.44688,-0.00333586,0.00402451,-0.999602,0.180467,-0.948489,0.596022,-0.701383,2.18575,1.82617,1.14803,4.17621e-05
1955-07-31,mkt,31.0807,-0.0573851,19.0686,-0.028804,6.44653,-0.014429,8.34092,-0.0711938,9.44901,-0.028804,4.48021,-0.014429,0.91432,-0.898185,2.97229,-0.0997783,2.4774,-0.014429,0.00422065,-0.99953,0.184935,-0.943988,0.603454,-0.688543,2.23294,1.87561,1.20111,4.17621e-05
1955-08-31,mkt,31.2781,-0.0935163,19.1631,-0.0467587,6.47094,-0.0231333,8.3939,-0.106796,9.49585,-0.0467587,4.49718,-0.0231333,0.920129,-0.902088,2.98702,-0.116421,2.48678,-0.0231333,0.00424746,-0.999548,0.185852,-0.945024,0.605739,-0.691286,2.24611,1.88958,1.21648,4.17621e-05
1955-09-30,mkt,30.6498,-0.169964,19.0859,-0.0849318,6.47223,-0.0424159,8.2253,-0.169964,9.45756,-0.0849318,4.49807,-0.0424159,0.901646,-0.901286,2.97498,-0.107135,2.48727,-0.0424159,0.00416214,-0.999544,0.185102,-0.944446,0.60586,-0.688819,2.24675,1.89043,1.21781,4.17621e-05
1955-10-31,mkt,28.513,-0.244694,18.4575,-0.125069,6.374,-0.0627276,7.65183,-0.244694,9.14619,-0.125069,4.4298,-0.0627276,0.838784,-0.910173,2.87703,-0.146298,2.44952,-0.0627276,0.00387196,-0.999585,0.179008,-0.946883,0.596664,-0.695419,2.23611,1.88113,1.21128,4.17621e-05
1955-11-30,mkt,34.0694,-0.180558,20.212,-0.0876275,6.67806,-0.0420678,9.14298,-0.180558,10.0156,-0.0876275,4.64112,-0.0420678,1.00224,-0.902546,3.15051,-0.109765,2.56637,-0.0420678,0.00462651,-0.99955,0.196024,-0.94461,0.625127,-0.688706,2.21354,1.85806,1.1877,4.17621e-05
1955-12-31,mkt,35.4793,-0.0334305,20.6531,-0.0166375,6.75807,-0.00818679,9.52135,-0.0334305,10.2341,-0.0166375,4.69672,-0.00818679,1.04372,-0.884176,3.21926,-0.0273122,2.59712,-0.00818679,0.00481797,-0.999465,0.200302,-0.93948,0.632617,-0.674219,2.26318,1.9102,1.24392,4.17621e-05
1956-01-31,mkt,32.737,-0.121494,19.8773,-0.0614009,6.63836,-0.0303039,8.78542,-0.121494,9.84973,-0.0614009,4.61353,-0.0303039,0.963046,-0.893535,3.09834,-0.0653723,2.55111,-0.0303039,0.00444558,-0.999509,0.192778,-0.941848,0.621411,-0.680024,2.27392,1.92152,1.25618,4.17621e-05
1956-02-29,mkt,36.0851,-0.0956479,20.9054,-0.0464164,6.81597,-0.0216794,9.68392,-0.0956479,10.3592,-0.0464164,4.73696,-0.0216794,1.06154,-0.890403,3.2586,-0.0504512,2.61937,-0.0216794,0.00490024,-0.999494,0.202749,-0.940919,0.638037,-0.677178,2.24965,1.89646,1.22997,4.17621e-05
1956-03-31,mkt,42.718,-0.022924,22.7816,-0.011412,7.12365,-0.005656,11.4639,-0.022924,11.2889,-0.011412,4.9508,-0.005656,1.25666,-0.874827,3.55104,-0.011412,2.73761,-0.005656,0.00580095,-0.999422,0.220945,-0.936796,0.666839,-0.66588,2.27621,1.92446,1.26035,4.17621e-05
1956-04-30,mkt,43.0513,-0.0724438,22.9083,-0.0359325,7.15203,-0.0174053,11.5534,-0.0724438,11.3517,-0.0359325,4.97052,-0.0174053,1.26647,-0.861917,3.57079,-0.0359325,2.74852,-0.0174053,0.00584622,-0.999363,0.222174,-0.933428,0.669495,-0.656361,2.32316,1.97366,1.31327,4.17621e-05
1956-05-31,mkt,37.4174,-0.19568,21.409,-0.101643,6.92397,-0.0512165,10.0415,-0.19568,10.6088,-0.101643,4.81202,-0.0512165,1.10073,-0.879542,3.3371,-0.101643,2.66087,-0.0512165,0.00508116,-0.999444,0.207633,-0.937682,0.648147,-0.667046,2.32425,1.97497,1.31506,4.17621e-05
1956-06-30,mkt,40.9028,-0.15791,22.4245,-0.0797278,7.09506,-0.0391458,10.9768,-0.15791,11.1119,-0.0797278,4.93092,-0.0391458,1.20326,-0.873886,3.49538,-0.0797278,2.72662,-0.0391458,0.00555446,-0.999418,0.217482,-0.936161,0.664162,-0.66281,2.28262,1.93193,1.26992,4.17621e-05
1956-07-31,mkt,46.2844,-0.0667629,23.8862,-0.0300323,7.33089,-0.0126523,12.421,-0.0667629,11.8363,-0.0300323,5.09483,-0.0126523,1.36158,-0.860235,3.72323,-0.0300323,2.81725,-0.0126523,0.00628527,-0.999355,0.231658,-0.932714,0.686238,-0.653513,2.30667,1.95725,1.29747,4.17621e-05
1956-08-31,mkt,42.547,-0.120588,22.9469,-0.0606225,7.19506,-0.029644,11.4181,-0.120588,11.3708,-0.0606225,5.00042,-0.029644,1.25163,-0.858569,3.57681,-0.0606225,2.76505,-0.029644,0.00577774,-0.999347,0.222548,-0.932102,0.673523,-0.651119,2.34085,1.99307,1.33591,4.17621e-05
1956-09-30,mkt,37.0487,-0.213119,21.4463,-0.109907,6.96347,-0.054333,9.94252,-0.213119,10.6272,-0.109907,4.83947,-0.054333,1.08989,-0.87345,3.3429,-0.109907,2.67605,-0.054333,0.00503109,-0.999416,0.207995,-0.935664,0.651844,-0.659996,2.31559,1.96696,1.30855,4.17621e-05
1956-10-31,mkt,37.5388,-0.244333,21.6359,-0.127517,7.00412,-0.0636404,10.074,-0.244333,10.7211,-0.127517,4.86773,-0.0636404,1.1043,-0.878471,3.37245,-0.127517,2.69168,-0.0636404,0.00509764,-0.999439,0.209833,-0.936937,0.65565,-0.663342,2.27531,1.92508,1.26422,4.17621e-05
1956-11-30,mkt,37.8467,-0.226795,21.7708,-0.114028,7.03497,-0.0540603,10.1567,-0.226795,10.788,-0.114028,4.88916,-0.0540603,1.11336,-0.87565,3.39349,-0.114028,2.70353,-0.0540603,0.00513945,-0.999426,0.211142,-0.935962,0.658537,-0.659897,2.2775,1.92768,1.2677,4.17621e-05
1956-12-31,mkt,41.0825,-0.164521,22.7153,-0.0785426,7.19368,-0.0350618,11.0251,-0.164521,11.256,-0.0785426,4.99947,-0.0350618,1.20855,-0.865635,3.5407,-0.0785426,2.76452,-0.0350618,0.00557887,-0.99938,0.220302,-0.933397,0.673394,-0.653067,2.27827,1.92889,1.26969,4.17621e-05
1957-01-31,mkt,37.3963,-0.215984,21.7086,-0.105016,7.04122,-0.0471272,10.0358,-0.215984,10.7572,-0.105016,4.89351,-0.0471272,1.10011,-0.873911,3.38379,-0.105016,2.70593,-0.0471272,0.00507829,-0.999418,0.210538,-0.93531,0.659122,-0.657405,2.30053,1.95228,1.29498,4.17621e-05
1957-02-28,mkt,35.4189,-0.298946,21.1648,-0.152793,6.96055,-0.0722682,9.50513,-0.298946,10.4877,-0.152793,4.83745,-0.0722682,1.04194,-0.887253,3.29903,-0.152793,2.67493,-0.0722682,0.00480976,-0.99948,0.205265,-0.938764,0.651571,-0.666444,2.27286,1.92354,1.26466,4.17621e-05
1957-03-31,mkt,37.4582,-0.230144,21.7942,-0.111273,7.07118,-0.0491316,10.0524,-0.230144,10.7996,-0.111273,4.91433,-0.0491316,1.10193,-0.876188,3.39714,-0.111273,2.71745,-0.0491316,0.0050867,-0.999428,0.211369,-0.935763,0.661927,-0.658125,2.25625,1.90647,1.24698,4.17621e-05
1957-04-30,mkt,41.8248,-0.20455,23.059,-0.0954936,7.28153,-0.0396724,11.2242,-0.20455,11.4264,-0.0954936,5.06052,-0.0396724,1.23039,-0.872072,3.59429,-0.0954936,2.79828,-0.0396724,0.00567966,-0.999409,0.223636,-0.934622,0.681618,-0.654724,2.27124,1.92223,1.26395,4.17621e-05
1957-05-31,mkt,45.7757,-0.0988086,24.1586,-0.0359907,7.46198,-0.00799013,12.2845,-0.0988086,11.9712,-0.0359907,5.18593,-0.00799013,1.34661,-0.855067,3.76568,-0.0359907,2.86763,-0.00799013,0.00621619,-0.999331,0.2343,-0.930321,0.698509,-0.643151,2.30162,1.95399,1.29801,4.17621e-05
1957-06-30,mkt,44.9163,-0.0817658,23.9658,-0.041327,7.44044,-0.0205892,12.0539,-0.0817658,11.8757,-0.041327,5.17096,-0.0205892,1.32133,-0.850917,3.73563,-0.041327,2.85935,-0.0205892,0.00609948,-0.999312,0.23243,-0.929148,0.696493,-0.639426,2.32614,1.97972,1.3257,4.17621e-05
1957-07-31,mkt,45.7451,-0.0727895,24.2228,-0.036429,7.48927,-0.0178493,12.2763,-0.0727895,12.0031,-0.036429,5.20489,-0.0178493,1.34571,-0.845839,3.77569,-0.036429,2.87812,-0.0178493,0.00621203,-0.999288,0.234923,-0.927929,0.701064,-0.636242,2.31983,1.97326,1.3191,4.17621e-05
1957-08-31,mkt,39.7924,-0.248049,22.6559,-0.130273,7.25406,-0.0656712,10.6788,-0.248049,11.2266,-0.130273,5.04143,-0.0656712,1.1706,-0.873702,3.53145,-0.130273,2.78773,-0.0656712,0.00540368,-0.999417,0.219726,-0.934528,0.679046,-0.65247,2.32397,1.97774,1.32414,4.17621e-05
1957-09-30,mkt,33.8195,-0.312221,20.934,-0.165782,6.98213,-0.0834537,9.07592,-0.312221,10.3734,-0.165782,4.85244,-0.0834537,0.994891,-0.884481,3.26306,-0.165782,2.68322,-0.0834537,0.00459258,-0.999467,0.203027,-0.937201,0.653591,-0.659084,2.28262,1.93509,1.27973,4.17621e-05
1957-10-31,mkt,29.9255,-0.467709,19.7963,-0.263677,6.80462,-0.137694,8.03092,-0.467709,9.8096,-0.263677,4.72907,-0.137694,0.880338,-0.910596,3.08572,-0.263677,2.61501,-0.137694,0.00364222,-0.999594,0.181481,-0.945046,0.619016,-0.680589,2.23519,1.88598,1.22812,4.17621e-05
1957-11-30,mkt,31.6353,-0.449357,20.4303,-0.248935,6.92414,-0.127938,8.48975,-0.449357,10.1237,-0.248935,4.81214,-0.127938,0.930636,-0.907514,3.18453,-0.248935,2.66094,-0.127938,0.00385032,-0.999617,0.187292,-0.946556,0.629889,-0.684775,2.1969,1.84729,1.18945,4.17621e-05
1957-12-31,mkt,28.4787,-0.441324,19.4248,-0.240311,6.76045,-0.121268,7.64265,-0.441324,9.6255,-0.240311,4.69838,-0.121268,0.837778,-0.906165,3.02781,-0.240311,2.59803,-0.121268,0.00346614,-0.999612,0.178075,-0.945942,0.614998,-0.682365,2.2098,1.86163,1.20651,4.17621e-05
1958-01-31,mkt,32.0914,-0.405927,20.6561,-0.215924,6.98022,-0.106777,8.61215,-0.405927,10.2356,-0.215924,4.85111,-0.106777,0.944053,-0.90022,3.21973,-0.215924,2.68249,-0.106777,0.00390583,-0.999587,0.189362,-0.944207,0.634991,-0.677126,2.17898,1.82977,1.17315,4.17621e-05
1958-02-28,mkt,30.8421,-0.382837,20.2814,-0.198488,6.9245,-0.0949489,8.27689,-0.382837,10.05,-0.198488,4.81239,-0.0949489,0.907302,-0.896341,3.16133,-0.198488,2.66108,-0.0949489,0.00375378,-0.999571,0.185928,-0.942966,0.629922,-0.672851,2.21132,1.86375,1.2098,4.17621e-05
1958-03-31,mkt,33.4986,-0.361613,21.1454,-0.184599,7.07117,-0.0869755,8.9898,-0.361613,10.4781,-0.184599,4.91432,-0.0869755,0.98545,-0.892776,3.296,-0.184599,2.71744,-0.0869755,0.0040771,-0.999556,0.193848,-0.941978,0.643264,-0.669969,2.19922,1.8513,1.19687,4.17621e-05
1958-04-30,mkt,36.2152,-0.350645,21.9989,-0.177254,7.21353,-0.0827692,9.71884,-0.350645,10.9011,-0.177254,5.01326,-0.0827692,1.06537,-0.890934,3.42904,-0.177254,2.77215,-0.0827692,0.00440774,-0.999549,0.201673,-0.941455,0.656215,-0.668448,2.22202,1.87522,1.2226,4.17621e-05
1958-05-31,mkt,38.5112,-0.266567,22.7169,-0.124576,7.33861,-0.0532258,10.335,-0.266567,11.2568,-0.124576,5.10019,-0.0532258,1.13291,-0.876813,3.54096,-0.124576,2.82022,-0.0532258,0.00468718,-0.99949,0.208255,-0.937707,0.667594,-0.657769,2.24334,1.89765,1.24688,4.17621e-05
1958-06-30,mkt,41.4995,-0.207176,23.5901,-0.0891688,7.47898,-0.0336969,11.1369,-0.207176,11.6895,-0.0891688,5.19774,-0.0336969,1.22082,-0.866837,3.67706,-0.0891688,2.87416,-0.0336969,0.00505089,-0.999449,0.21626,-0.935187,0.680363,-0.65071,2.25964,1.91476,1.26534,4.17621e-05
1958-07-31,mkt,46.37,-0.160373,24.9488,-0.0621295,7.69233,-0.0193182,12.444,-0.160373,12.3628,-0.0621295,5.34602,-0.0193182,1.3641,-0.858976,3.88885,-0.0621295,2.95615,-0.0193182,0.00564368,-0.999417,0.228716,-0.933263,0.699772,-0.645513,2.28019,1.9363,1.28854,4.17621e-05
1958-08-31,mkt,48.6678,-0.0458518,25.5714,-0.0230409,7.78864,-0.011549,13.0607,-0.0458518,12.6713,-0.0230409,5.41295,-0.011549,1.43169,-0.83944,3.9859,-0.0230409,2.99316,-0.011549,0.00592334,-0.999336,0.234424,-0.928744,0.708532,-0.633645,2.31067,1.96827,1.32293,4.17621e-05
1958-09-30,mkt,54.8798,-0.0133823,27.1933,-0.00659719,8.04104,-0.00320009,14.7277,-0.0133823,13.475,-0.00659719,5.58836,-0.00320009,1.61444,-0.831528,4.2387,-0.00659719,3.09016,-0.00320009,0.0066794,-0.999303,0.249292,-0.926998,0.731494,-0.629157,2.32374,1.98204,1.33789,4.17621e-05
1958-10-31,mkt,58.6444,-0.0518914,28.1597,-0.0254523,8.19333,-0.0122575,15.738,-0.0518914,13.9539,-0.0254523,5.6942,-0.0122575,1.72518,-0.813555,4.38935,-0.0254523,3.14869,-0.0122575,0.00713758,-0.999229,0.258152,-0.923094,0.745347,-0.618936,2.35621,2.01603,1.37437,4.17621e-05
1958-11-30,mkt,63.2848,-0.100182,29.317,-0.0506593,8.37023,-0.0253603,16.9833,-0.100182,14.5274,-0.0506593,5.81714,-0.0253603,1.86169,-0.799775,4.56974,-0.0506593,3.21667,-0.0253603,0.00770237,-0.999172,0.268761,-0.92003,0.76144,-0.610535,2.37345,2.03421,1.3941,4.17621e-05
1958-12-31,mkt,72.2346,-0.0336288,31.3716,-0.0167523,8.66884,-0.0082482,19.3851,-0.0336288,15.5454,-0.0167523,6.02468,-0.0082482,2.12497,-0.783701,4.88999,-0.0167523,3.33143,-0.0082482,0.00879164,-0.999105,0.287596,-0.916832,0.788605,-0.602701,2.39289,2.05486,1.41691,4.17621e-05
1959-01-31,mkt,73.602,-0.0425127,31.7156,-0.0211153,8.72646,-0.0103349,19.7521,-0.0425127,15.7159,-0.0211153,6.06471,-0.0103349,2.1652,-0.756772,4.94362,-0.0211153,3.35357,-0.0103349,0.00895807,-0.998994,0.29075,-0.911646,0.793846,-0.589962,2.42842,2.09209,1.45689,4.17621e-05
1959-02-28,mkt,75.4988,-0.100718,32.1733,-0.050718,8.79898,-0.0249641,20.2611,-0.100718,15.9427,-0.050718,6.11512,-0.0249641,2.221,-0.766977,5.01495,-0.050718,3.38144,-0.0249641,0.00918893,-0.999036,0.294945,-0.913371,0.800443,-0.593459,2.43256,2.09657,1.46194,4.17621e-05
1959-03-31,mkt,76.1497,-0.0529554,32.3588,-0.0260348,8.83448,-0.012493,20.4358,-0.0529554,16.0346,-0.0260348,6.13979,-0.012493,2.24015,-0.739891,5.04387,-0.0260348,3.39508,-0.012493,0.00926815,-0.998924,0.296646,-0.908243,0.803672,-0.581024,2.43845,2.10289,1.46908,4.17621e-05
1959-04-30,mkt,83.7114,-0.0441883,33.9769,-0.021478,9.06346,-0.0101335,22.4651,-0.0441883,16.8365,-0.021478,6.29892,-0.0101335,2.46259,-0.737483,5.29609,-0.021478,3.48307,-0.0101335,0.0101885,-0.998914,0.31148,-0.907813,0.824503,-0.5798,2.43987,2.10448,1.471,4.17621e-05
1959-05-31,mkt,87.6695,-0.0496679,34.8198,-0.0242787,9.18564,-0.0116641,23.5273,-0.0496679,17.2542,-0.0242787,6.38384,-0.0116641,2.57903,-0.72205,5.42748,-0.0242787,3.53003,-0.0116641,0.0106702,-0.99885,0.319207,-0.904972,0.835618,-0.572765,2.46504,2.13084,1.49929,4.17621e-05
1959-06-30,mkt,87.0674,-0.100687,34.765,-0.0510126,9.19027,-0.0254146,23.3657,-0.100687,17.227,-0.0510126,6.38706,-0.0254146,2.56132,-0.730694,5.41893,-0.0510126,3.53181,-0.0254146,0.0105969,-0.998886,0.318705,-0.906301,0.836039,-0.575216,2.47685,2.14325,1.51273,4.17621e-05
1959-07-31,mkt,94.5379,-0.0464539,36.2792,-0.0229914,9.3995,-0.0111368,25.3705,-0.0464539,17.9773,-0.0229914,6.53247,-0.0111368,2.78108,-0.697872,5.65496,-0.0229914,3.61222,-0.0111368,0.0115062,-0.99875,0.332586,-0.900551,0.855073,-0.56169,2.4736,2.14008,1.50983,4.17621e-05
1959-08-31,mkt,91.1031,-0.098341,35.683,-0.0492908,9.3338,-0.0242241,24.4488,-0.098341,17.6819,-0.0492908,6.48681,-0.0242241,2.68004,-0.706599,5.56203,-0.0492908,3.58697,-0.0242241,0.0110881,-0.998786,0.327121,-0.901816,0.849096,-0.563926,2.49529,2.16281,1.53425,4.17621e-05
1959-09-30,mkt,79.9911,-0.226772,33.5201,-0.117534,9.05929,-0.0585368,21.4667,-0.226772,16.6101,-0.117534,6.29602,-0.0585368,2.35315,-0.748391,5.22489,-0.117534,3.48147,-0.0585368,0.00973568,-0.998959,0.307292,-0.908863,0.824123,-0.57926,2.48363,2.15093,1.52209,4.17621e-05
1959-10-31,mkt,82.7531,-0.188974,34.1485,-0.0944627,9.15501,-0.0450569,22.2079,-0.188974,16.9215,-0.0944627,6.36255,-0.0450569,2.4344,-0.736091,5.32283,-0.0944627,3.51826,-0.0450569,0.0100718,-0.998908,0.313053,-0.906481,0.832832,-0.573236,2.44584,2.11196,1.48147,4.17621e-05
1959-11-30,mkt,86.3474,-0.17081,34.9284,-0.0833195,9.26865,-0.0383446,23.1725,-0.17081,17.308,-0.0833195,6.44153,-0.0383446,2.54014,-0.730181,5.44441,-0.0833195,3.56193,-0.0383446,0.0105093,-0.998884,0.320203,-0.90533,0.843169,-0.570236,2.45409,2.12071,1.49107,4.17621e-05
1959-12-31,mkt,92.3807,-0.0821834,36.2162,-0.0347088,9.45931,-0.012473,24.7916,-0.0821834,17.9461,-0.0347088,6.57403,-0.012473,2.71762,-0.701341,5.64514,-0.0347088,3.6352,-0.012473,0.0112436,-0.998764,0.332009,-0.90031,0.860513,-0.558674,2.4649,2.13207,1.5034,4.17621e-05
1960-01-31,mkt,76.679,-0.195095,33.0862,-0.0956594,9.0611,-0.0471531,20.5778,-0.195095,16.3951,-0.0956594,6.29728,-0.0471531,2.25571,-0.738083,5.15725,-0.0956594,3.48217,-0.0471531,0.00933256,-0.998916,0.303314,-0.90618,0.824288,-0.570048,2.48201,2.14997,1.52263,4.17621e-05
1960-02-29,mkt,79.0372,-0.226832,33.6551,-0.112594,9.14988,-0.0554054,21.2107,-0.226832,16.677,-0.112594,6.35899,-0.0554054,2.32509,-0.74841,5.24593,-0.112594,3.51629,-0.0554054,0.00961959,-0.998959,0.30853,-0.907937,0.832365,-0.573772,2.429,2.09494,1.46444,4.17621e-05
1960-03-31,mkt,75.9228,-0.269248,33.0879,-0.135771,9.09517,-0.0667169,20.3749,-0.269248,16.3959,-0.135771,6.32096,-0.0667169,2.23347,-0.762212,5.15752,-0.135771,3.49526,-0.0667169,0.00924053,-0.999016,0.30333,-0.910341,0.827388,-0.578876,2.43593,2.10242,1.47295,4.17621e-05
1960-04-30,mkt,72.6378,-0.237516,32.413,-0.114059,9.01207,-0.0523086,19.4933,-0.237516,16.0615,-0.114059,6.26321,-0.0523086,2.13683,-0.751887,5.05232,-0.114059,3.46333,-0.0523086,0.00884072,-0.998973,0.297143,-0.908089,0.819828,-0.572374,2.42286,2.08905,1.45918,4.17621e-05
1960-05-31,mkt,78.763,-0.247613,33.7996,-0.119882,9.21333,-0.0553752,21.1371,-0.247613,16.7486,-0.119882,6.40308,-0.0553752,2.31702,-0.755173,5.26846,-0.119882,3.54067,-0.0553752,0.00958621,-0.998987,0.309855,-0.908693,0.838137,-0.573758,2.4097,2.07548,1.44503,4.17621e-05
1960-06-30,mkt,83.224,-0.169676,34.7951,-0.0741326,9.35919,-0.0300337,22.3343,-0.169676,17.2419,-0.0741326,6.50445,-0.0300337,2.44826,-0.729812,5.42362,-0.0741326,3.59673,-0.0300337,0.0101292,-0.998882,0.31898,-0.903947,0.851406,-0.562323,2.43102,2.09777,1.46898,4.17621e-05
1960-07-31,mkt,78.1942,-0.232085,33.7895,-0.107209,9.23415,-0.0455537,20.9845,-0.232085,16.7436,-0.107209,6.41755,-0.0455537,2.30029,-0.75012,5.26688,-0.107209,3.54867,-0.0455537,0.00951698,-0.998966,0.309762,-0.907378,0.840031,-0.569326,2.44516,2.11263,1.48501,4.17621e-05
1960-08-31,mkt,84.5745,-0.208733,35.1998,-0.0929968,9.43695,-0.0375369,22.6967,-0.208733,17.4424,-0.0929968,6.5585,-0.0375369,2.48798,-0.742521,5.4867,-0.0929968,3.62661,-0.0375369,0.0102935,-0.998935,0.322691,-0.905904,0.85848,-0.565709,2.42671,2.09367,1.46531,4.17621e-05
1960-09-30,mkt,71.8117,-0.285109,32.5193,-0.134721,9.0835,-0.0607016,19.2716,-0.285109,16.1142,-0.134721,6.31286,-0.0607016,2.11253,-0.767374,5.06889,-0.134721,3.49078,-0.0607016,0.00874017,-0.999038,0.298117,-0.910232,0.826326,-0.574809,2.44709,2.11506,1.48838,4.17621e-05
1960-10-31,mkt,70.4937,-0.29738,32.2825,-0.140611,9.06193,-0.0628076,18.9179,-0.29738,15.9968,-0.140611,6.29786,-0.0628076,2.07376,-0.771367,5.03198,-0.140611,3.48249,-0.0628076,0.00857976,-0.999054,0.295947,-0.910843,0.824364,-0.575762,2.40027,2.06672,1.43783,4.17621e-05
1960-11-30,mkt,79.5757,-0.240781,34.3522,-0.10611,9.35855,-0.0438512,21.3552,-0.240781,17.0224,-0.10611,6.50401,-0.0438512,2.34093,-0.752949,5.35458,-0.10611,3.59648,-0.0438512,0.00968512,-0.998978,0.31492,-0.907264,0.851347,-0.567181,2.39383,2.06025,1.43146,4.17621e-05
1960-12-31,mkt,89.8834,-0.173629,36.5606,-0.0659376,9.66568,-0.0214095,24.1214,-0.173629,18.1167,-0.0659376,6.71746,-0.0214095,2.64416,-0.731098,5.69882,-0.0659376,3.71451,-0.0214095,0.0109397,-0.998887,0.335166,-0.903097,0.879287,-0.557022,2.4259,2.09384,1.46752,4.17621e-05
1961-01-31,mkt,105.223,-0.0778694,39.6215,-0.0119675,10.0742,-0.00559059,28.238,-0.0778694,19.6335,-0.0119675,7.00135,-0.00559059,3.09541,-0.699938,6.17593,-0.0119675,3.87149,-0.00559059,0.0128066,-0.998759,0.363226,-0.897497,0.916448,-0.543924,2.45823,2.12765,1.50373,4.17621e-05
1961-02-28,mkt,115.448,-0.0392596,41.5598,-0.0195993,10.3286,-0.00967956,30.9821,-0.0392596,20.594,-0.0195993,7.17817,-0.00967956,3.39622,-0.64434,6.47806,-0.0195993,3.96927,-0.00967956,0.0140512,-0.998529,0.380995,-0.88816,0.939593,-0.522825,2.50006,2.1714,1.55062,4.17621e-05
1961-03-31,mkt,124.57,-0.0197638,43.2313,-0.00966975,10.5467,-0.00460945,33.4301,-0.0197638,21.4223,-0.00966975,7.32972,-0.00460945,3.66457,-0.60572,6.7386,-0.00966975,4.05307,-0.00460945,0.0151614,-0.998369,0.396319,-0.882156,0.95943,-0.509888,2.52438,2.19684,1.57793,4.17621e-05
1961-04-30,mkt,125.488,-0.0883852,43.4725,-0.0444906,10.589,-0.022133,33.6765,-0.0883852,21.5418,-0.0444906,7.35913,-0.022133,3.69157,-0.587257,6.7762,-0.0444906,4.06933,-0.022133,0.0152731,-0.998292,0.39853,-0.879084,0.963279,-0.502498,2.54412,2.21752,1.60013,4.17621e-05
1961-05-31,mkt,133.686,-0.0583851,44.9322,-0.0284552,10.7775,-0.0136644,35.8763,-0.0583851,22.2651,-0.0284552,7.49014,-0.0136644,3.93271,-0.573675,7.00372,-0.0284552,4.14178,-0.0136644,0.0162708,-0.998236,0.411911,-0.877055,0.980429,-0.49819,2.54466,2.21831,1.60148,4.17621e-05
1961-06-30,mkt,123.319,-0.107559,43.2221,-0.0534554,10.5832,-0.0256663,33.0942,-0.107559,21.4177,-0.0534554,7.35515,-0.0256663,3.62774,-0.581742,6.73716,-0.0534554,4.06713,-0.0256663,0.015009,-0.99827,0.396234,-0.87789,0.962758,-0.498842,2.56092,2.23536,1.6198,4.17621e-05
1961-07-31,mkt,132.793,-0.113882,44.9191,-0.0558742,10.8012,-0.0261249,35.6368,-0.113882,22.2586,-0.0558742,7.5066,-0.0261249,3.90646,-0.584705,7.00169,-0.0558742,4.15088,-0.0261249,0.0161622,-0.998282,0.411792,-0.878202,0.982582,-0.499078,2.53795,2.21155,1.59474,4.17621e-05
1961-08-31,mkt,142.249,-0.0299232,46.5592,-0.014919,11.0101,-0.00737384,38.1744,-0.0299232,23.0713,-0.014919,7.65181,-0.00737384,4.18463,-0.54267,7.25733,-0.014919,4.23117,-0.00737384,0.0173131,-0.998108,0.426827,-0.872078,1.00159,-0.486316,2.55699,2.23149,1.61626,4.17621e-05
1961-09-30,mkt,134.477,-0.104334,45.3457,-0.0524799,10.8784,-0.0258311,36.0887,-0.104334,22.47,-0.0524799,7.56027,-0.0258311,3.95599,-0.558571,7.06817,-0.0524799,4.18056,-0.0258311,0.0163671,-0.998174,0.415702,-0.873986,0.989608,-0.489114,2.57466,2.25002,1.63613,4.17621e-05
1961-10-31,mkt,143.874,-0.0690259,46.9647,-0.0336003,11.0837,-0.0158542,38.6105,-0.0690259,23.2723,-0.0336003,7.70293,-0.0158542,4.23244,-0.541169,7.32055,-0.0336003,4.25944,-0.0158542,0.0175109,-0.998102,0.430545,-0.871475,1.00828,-0.483882,2.5582,2.23305,1.61845,4.17621e-05
1961-11-30,mkt,161.554,-0.01391,49.8315,-0.00685994,11.4292,-0.0033312,43.3552,-0.01391,24.6928,-0.00685994,7.94309,-0.0033312,4.75254,-0.50594,7.7674,-0.00685994,4.39224,-0.0033312,0.0196627,-0.997956,0.456826,-0.866464,1.03972,-0.473336,2.57568,2.25133,1.63803,4.17621e-05
1961-12-31,mkt,161.085,-0.0620744,49.8211,-0.0310911,11.4402,-0.0152974,43.2292,-0.0620744,24.6877,-0.0310911,7.95069,-0.0152974,4.73873,-0.460615,7.76578,-0.0310911,4.39644,-0.0152974,0.0196055,-0.997768,0.45673,-0.860167,1.04071,-0.460079,2.60617,2.28316,1.67208,4.17621e-05
1962-01-31,mkt,145.394,-0.164955,47.4162,-0.0840477,11.1748,-0.0412369,39.0185,-0.164955,23.496,-0.0840477,7.76625,-0.0412369,4.27716,-0.51978,7.39092,-0.0840477,4.29445,-0.0412369,0.0176959,-0.998013,0.434684,-0.86781,1.01657,-0.474302,2.60458,2.28158,1.67052,4.17621e-05
1962-02-28,mkt,152.526,-0.123903,48.6216,-0.0615588,11.3273,-0.0293655,40.9323,-0.123903,24.0933,-0.0615588,7.87223,-0.0293655,4.48695,-0.496172,7.5788,-0.0615588,4.35306,-0.0293655,0.0185638,-0.997916,0.445734,-0.864564,1.03044,-0.467793,2.57554,2.25156,1.63894,4.17621e-05
1962-03-31,mkt,149.989,-0.109123,48.2797,-0.0513887,11.3005,-0.0220651,40.2517,-0.109123,23.9239,-0.0513887,7.85359,-0.0220651,4.41233,-0.487673,7.52552,-0.0513887,4.34275,-0.0220651,0.0182551,-0.99788,0.4426,-0.863097,1.028,-0.46379,2.58778,2.26433,1.65264,4.17621e-05
1962-04-30,mkt,125.498,-0.254594,44.2477,-0.13061,10.8316,-0.0626388,33.679,-0.254594,21.9259,-0.13061,7.52775,-0.0626388,3.69185,-0.57133,6.89704,-0.13061,4.16257,-0.0626388,0.0152743,-0.998226,0.405637,-0.87453,0.985352,-0.486037,2.58241,2.25881,1.64692,4.17621e-05
1962-05-31,mkt,96.9235,-0.524867,39.3089,-0.300129,10.2444,-0.156712,26.0107,-0.524867,19.4786,-0.300129,7.11962,-0.156712,2.85126,-0.726759,6.1272,-0.300129,3.93689,-0.156712,0.0104503,-0.99887,0.338537,-0.898995,0.902786,-0.537618,2.53267,2.20728,1.59262,4.17621e-05
1962-06-30,mkt,75.9615,-0.597782,35.0235,-0.350981,9.69286,-0.185709,20.3853,-0.597782,17.3551,-0.350981,6.73635,-0.185709,2.23461,-0.768691,5.45922,-0.350981,3.72495,-0.185709,0.00819015,-0.999152,0.30163,-0.912006,0.854185,-0.567479,2.45267,2.12687,1.51277,4.17621e-05
1962-07-31,mkt,88.9007,-0.524338,37.9878,-0.293148,10.1093,-0.149744,23.8577,-0.524338,18.824,-0.293148,7.02574,-0.149744,2.61525,-0.726455,5.92128,-0.293148,3.88498,-0.149744,0.00958524,-0.998997,0.32716,-0.904165,0.890881,-0.548377,2.38174,2.05453,1.43883,4.17621e-05
1962-08-31,mkt,94.0244,-0.491228,39.1367,-0.26707,10.2744,-0.132832,25.2327,-0.491228,19.3933,-0.26707,7.14051,-0.132832,2.76598,-0.707414,6.10036,-0.26707,3.94844,-0.132832,0.0101377,-0.998928,0.337054,-0.900629,0.905434,-0.539393,2.42192,2.0968,1.48467,4.17621e-05
1962-09-30,mkt,81.6645,-0.523349,36.5446,-0.288274,9.94019,-0.14362,21.9158,-0.523349,18.1088,-0.288274,6.90824,-0.14362,2.40238,-0.725886,5.69632,-0.288274,3.82,-0.14362,0.00880504,-0.998995,0.31473,-0.903504,0.875981,-0.545124,2.43573,2.11135,1.50047,4.17621e-05
1962-10-31,mkt,81.1925,-0.579695,36.5784,-0.330096,9.9629,-0.168121,21.7891,-0.579695,18.1255,-0.330096,6.92402,-0.168121,2.38849,-0.75829,5.70159,-0.330096,3.82873,-0.168121,0.00875415,-0.999114,0.315022,-0.909175,0.877983,-0.558137,2.39662,2.0709,1.45803,4.17621e-05
1962-11-30,mkt,106.274,-0.504957,41.9356,-0.271732,10.6811,-0.132034,28.52,-0.504957,20.7802,-0.271732,7.42319,-0.132034,3.12632,-0.71531,6.53663,-0.271732,4.10475,-0.132034,0.0114584,-0.998957,0.361159,-0.901262,0.941279,-0.538969,2.39208,2.06692,1.45527,4.17621e-05
1962-12-31,mkt,109.229,-0.376275,42.5761,-0.18027,10.7744,-0.0779855,29.313,-0.376275,21.0976,-0.18027,7.48798,-0.0779855,3.21326,-0.641307,6.63648,-0.18027,4.14058,-0.0779855,0.011777,-0.998685,0.366676,-0.888861,0.949495,-0.510261,2.46234,2.14035,1.53388,4.17621e-05
1963-01-31,mkt,123.97,-0.360325,45.4332,-0.169281,11.1438,-0.0707915,33.2691,-0.360325,22.5134,-0.169281,7.74474,-0.0707915,3.64692,-0.632134,7.08182,-0.169281,4.28256,-0.0707915,0.0133664,-0.998652,0.391282,-0.887371,0.982052,-0.50644,2.46867,2.14705,1.54126,4.17621e-05
1963-02-28,mkt,116.566,-0.307646,44.1109,-0.133299,10.9917,-0.0487816,31.282,-0.307646,21.8581,-0.133299,7.63904,-0.0487816,3.42909,-0.601839,6.87571,-0.133299,4.22411,-0.0487816,0.0125681,-0.998541,0.379894,-0.882493,0.968649,-0.494749,2.5012,2.18106,1.5777,4.17621e-05
1963-03-31,mkt,126.348,-0.313735,45.9848,-0.137067,11.2353,-0.0508019,33.9072,-0.313735,22.7867,-0.137067,7.80831,-0.0508019,3.71686,-0.605341,7.16779,-0.137067,4.31771,-0.0508019,0.0136228,-0.998554,0.396032,-0.883004,0.990113,-0.495822,2.48403,2.16328,1.55897,4.17621e-05
1963-04-30,mkt,142.008,-0.242919,48.8133,-0.0924013,11.5885,-0.0254111,38.1097,-0.242919,24.1883,-0.0924013,8.05377,-0.0254111,4.17753,-0.564616,7.60868,-0.0924013,4.45344,-0.0254111,0.0153112,-0.998404,0.420391,-0.876948,1.02124,-0.482335,2.50465,2.18481,1.58197,4.17621e-05
1963-05-31,mkt,148.787,-0.164184,50.0301,-0.0449812,11.7456,-0.00531994,39.929,-0.164184,24.7912,-0.0449812,8.16293,-0.00531994,4.37696,-0.519337,7.79835,-0.0449812,4.5138,-0.00531994,0.0160422,-0.998238,0.430871,-0.870519,1.03508,-0.468312,2.53485,2.21629,1.61556,4.17621e-05
1963-06-30,mkt,141.334,-0.169308,48.8196,-0.0458692,11.6148,-0.0138124,37.9289,-0.169308,24.1914,-0.0458692,8.07205,-0.0138124,4.15772,-0.522284,7.60967,-0.0458692,4.46355,-0.0138124,0.0152386,-0.998249,0.420446,-0.870639,1.02356,-0.467556,2.54641,2.22839,1.62853,4.17621e-05
1963-07-31,mkt,140.019,-0.202706,48.665,-0.0641936,11.6103,-0.0224673,37.576,-0.202706,24.1148,-0.0641936,8.06893,-0.0224673,4.11903,-0.54149,7.58557,-0.0641936,4.46183,-0.0224673,0.0150968,-0.998319,0.419114,-0.873124,1.02316,-0.472229,2.53206,2.2135,1.61283,4.17621e-05
1963-08-31,mkt,159.569,-0.170001,52.0215,-0.0447249,12.018,-0.0119336,42.8225,-0.170001,25.778,-0.0447249,8.35226,-0.0119336,4.69415,-0.522682,8.10876,-0.0447249,4.6185,-0.0119336,0.0172047,-0.998251,0.448022,-0.870484,1.05909,-0.466541,2.52863,2.21003,1.60933,4.17621e-05
1963-09-30,mkt,153.253,-0.0897407,51.046,-0.0298338,11.9175,-0.0145697,41.1274,-0.0897407,25.2946,-0.0298338,8.2824,-0.0145697,4.50833,-0.476526,7.95671,-0.0298338,4.57987,-0.0145697,0.0165237,-0.998081,0.43962,-0.864018,1.05023,-0.452196,2.5624,2.24526,1.64688,4.17621e-05
1963-10-31,mkt,163.755,-0.0792106,52.8455,-0.0237878,12.1407,-0.0111302,43.9459,-0.0792106,26.1864,-0.0237878,8.43757,-0.0111302,4.81729,-0.47047,8.2372,-0.0237878,4.66567,-0.0111302,0.017656,-0.998059,0.455118,-0.863171,1.06991,-0.450284,2.55093,2.23338,1.63439,4.17621e-05
1963-11-30,mkt,159.721,-0.165897,52.4174,-0.0787328,12.121,-0.0382963,42.8632,-0.165897,25.9742,-0.0787328,8.42387,-0.0382963,4.69861,-0.520322,8.17047,-0.0787328,4.65809,-0.0382963,0.0172211,-0.998242,0.451431,-0.869284,1.06817,-0.461278,2.5675,2.25069,1.65301,4.17621e-05
1963-12-31,mkt,167.776,-0.0426019,53.7897,-0.0167711,12.2922,-0.008211,45.025,-0.0426019,26.6542,-0.0167711,8.5428,-0.008211,4.93558,-0.449417,8.38438,-0.0167711,4.72386,-0.008211,0.0180896,-0.997982,0.46325,-0.859593,1.08325,-0.44098,2.55739,2.24085,1.64388,4.17621e-05
1964-01-31,mkt,178.058,-0.0171974,55.4818,-0.0084576,12.4982,-0.00408102,47.7843,-0.0171974,27.4927,-0.0084576,8.68597,-0.00408102,5.23805,-0.417863,8.64814,-0.0084576,4.80303,-0.00408102,0.0191982,-0.997866,0.477823,-0.85557,1.1014,-0.432699,2.56962,2.25365,1.65755,4.17621e-05
1964-02-29,mkt,185.785,-0.0113459,56.73,-0.00524732,12.6502,-0.0022171,49.8579,-0.0113459,28.1112,-0.00524732,8.79161,-0.0022171,5.46535,-0.394952,8.84269,-0.00524732,4.86144,-0.0022171,0.0200313,-0.997782,0.488572,-0.852563,1.1148,-0.426121,2.58461,2.26924,1.67423,4.17621e-05
1964-03-31,mkt,193.107,-0.0173126,57.9027,-0.00847725,12.7939,-0.00404384,51.8228,-0.0173126,28.6923,-0.00847725,8.89152,-0.00404384,5.68075,-0.361688,9.02548,-0.00847725,4.91669,-0.00404384,0.0208207,-0.99766,0.498672,-0.848427,1.12747,-0.417622,2.59524,2.28033,1.68602,4.17621e-05
1964-04-30,mkt,194.03,-0.041231,58.1169,-0.0204588,12.8323,-0.00996534,52.0706,-0.041231,28.7985,-0.0204588,8.91822,-0.00996534,5.7079,-0.337468,9.05887,-0.0204588,4.93145,-0.00996534,0.0209203,-0.997572,0.500516,-0.84524,1.13085,-0.410542,2.60478,2.29029,1.69663,4.17621e-05
1964-05-31,mkt,201.751,-0.0252144,59.3308,-0.0124066,12.9792,-0.00596562,54.1425,-0.0252144,29.4,-0.0124066,9.02026,-0.00596562,5.93503,-0.323649,9.24809,-0.0124066,4.98788,-0.00596562,0.0217527,-0.997521,0.510971,-0.843587,1.14379,-0.407074,2.60525,2.29083,1.6973,4.17621e-05
1964-06-30,mkt,208.813,-0.0727079,60.4461,-0.0359559,13.1161,-0.0172035,56.0379,-0.0727079,29.9527,-0.0359559,9.1154,-0.0172035,6.1428,-0.349282,9.42193,-0.0359559,5.04048,-0.0172035,0.0225142,-0.997615,0.520576,-0.846345,1.15586,-0.411549,2.61481,2.30084,1.70802,4.17621e-05
1964-07-31,mkt,218.775,-0.0318889,61.9484,-0.0156933,13.2932,-0.00752137,58.7111,-0.0318889,30.6971,-0.0156933,9.23848,-0.00752137,6.43583,-0.275103,9.6561,-0.0156933,5.10854,-0.00752137,0.0235882,-0.997343,0.533514,-0.837655,1.17146,-0.394596,2.62297,2.3094,1.71728,4.17621e-05
1964-08-31,mkt,210.915,-0.0752582,60.9089,-0.0374744,13.196,-0.0181744,56.6019,-0.0752582,30.182,-0.0374744,9.17099,-0.0181744,6.20462,-0.292534,9.49406,-0.0374744,5.07122,-0.0181744,0.0227408,-0.997407,0.524562,-0.83937,1.1629,-0.397003,2.63449,2.32141,1.73012,4.17621e-05
1964-09-30,mkt,226.483,-0.0468784,63.1905,-0.0217874,13.4555,-0.00927695,60.7798,-0.0468784,31.3126,-0.0217874,9.35127,-0.00927695,6.6626,-0.270822,9.84971,-0.0217874,5.17091,-0.00927695,0.0244193,-0.997327,0.544212,-0.836752,1.18576,-0.391539,2.62395,2.31054,1.71876,4.17621e-05
1964-10-31,mkt,230.435,-0.0287792,63.8191,-0.014297,13.5376,-0.00701286,61.8403,-0.0287792,31.6241,-0.014297,9.40836,-0.00701286,6.77885,-0.229144,9.94769,-0.014297,5.20248,-0.00701286,0.0248454,-0.997175,0.549625,-0.831958,1.193,-0.382005,2.64203,2.32937,1.7388,4.17621e-05
1964-11-30,mkt,231.035,-0.047367,64.0345,-0.0233973,13.5868,-0.0112523,62.0014,-0.047367,31.7308,-0.0233973,9.44255,-0.0112523,6.79651,-0.210839,9.98127,-0.0233973,5.22139,-0.0112523,0.0249102,-0.997108,0.551481,-0.829526,1.19734,-0.376494,2.64581,2.33337,1.74311,4.17621e-05
1964-12-31,mkt,231.703,-0.0865522,64.216,-0.0429939,13.622,-0.0206401,62.1807,-0.0865522,31.8207,-0.0429939,9.467,-0.0206401,6.81616,-0.2433,10.0096,-0.0429939,5.23491,-0.0206401,0.0249822,-0.997227,0.553044,-0.832841,1.20044,-0.381393,2.64533,2.33287,1.74271,4.17621e-05
1965-01-31,mkt,254.104,-0.0557661,67.3241,-0.026297,13.9621,-0.0115104,68.1922,-0.0557661,33.3609,-0.026297,9.7034,-0.0115104,7.47514,-0.217797,10.494,-0.026297,5.36563,-0.0115104,0.0273974,-0.997133,0.579811,-0.829925,1.23041,-0.375627,2.64519,2.33283,1.74281,4.17621e-05
1965-02-28,mkt,257.927,-0.0528964,67.9774,-0.0261552,14.0574,-0.0126292,69.2181,-0.0528964,33.6846,-0.0261552,9.76961,-0.0126292,7.58759,-0.172554,10.5959,-0.0261552,5.40224,-0.0126292,0.0278096,-0.996967,0.585438,-0.824703,1.23881,-0.364896,2.66877,2.35739,1.76895,4.17621e-05
1965-03-31,mkt,250.148,-0.0383197,67.1059,-0.0183004,13.9995,-0.0081848,67.1305,-0.0383197,33.2528,-0.0183004,9.7294,-0.0081848,7.35876,-0.150343,10.46,-0.0183004,5.38,-0.0081848,0.0269709,-0.996886,0.577932,-0.821774,1.23371,-0.357589,2.67137,2.36016,1.77205,4.17621e-05
1965-04-30,mkt,271.438,-0.0287554,69.985,-0.0131789,14.3121,-0.00535112,72.8441,-0.0287554,34.6794,-0.0131789,9.94665,-0.00535112,7.98508,-0.141893,10.9088,-0.0131789,5.50013,-0.00535112,0.0292664,-0.996855,0.602727,-0.820844,1.26126,-0.355753,2.66201,2.35046,1.76178,4.17621e-05
1965-05-31,mkt,266.963,-0.0645556,69.5621,-0.0316734,14.2983,-0.0149354,71.6432,-0.0645556,34.4699,-0.0316734,9.93703,-0.0149354,7.85343,-0.102619,10.8429,-0.0316734,5.49481,-0.0149354,0.0287839,-0.996711,0.599085,-0.816197,1.26004,-0.345501,2.68275,2.37208,1.78481,0.0082433
1965-06-30,mkt,230.568,-0.23992,64.8958,-0.124231,13.8465,-0.0609417,61.8761,-0.23992,32.1576,-0.124231,9.62303,-0.0609417,6.78278,-0.270848,10.1155,-0.124231,5.32119,-0.0609417,0.0248598,-0.997328,0.558898,-0.833766,1.22022,-0.376068,2.67709,2.36622,1.77871,0.00167569
1965-07-31,mkt,239.643,-0.181667,66.2582,-0.0897218,14.0072,-0.041521,64.3115,-0.181667,32.8327,-0.0897218,9.73475,-0.041521,7.04975,-0.214965,10.3279,-0.0897218,5.38297,-0.041521,0.0258383,-0.997123,0.570631,-0.827215,1.23439,-0.363165,2.6357,2.32364,1.73435,4.17621e-05
1965-08-31,mkt,257.588,-0.142165,68.7759,-0.0675948,14.2869,-0.0295786,69.1271,-0.142165,34.0803,-0.0675948,9.92913,-0.0295786,7.57762,-0.17707,10.7203,-0.0675948,5.49045,-0.0295786,0.027773,-0.996984,0.592315,-0.823015,1.25904,-0.35523,2.64483,2.33321,1.74475,4.17621e-05
1965-09-30,mkt,277.786,-0.0815306,71.5127,-0.0340582,14.5845,-0.0111719,74.5477,-0.0815306,35.4365,-0.0340582,10.136,-0.0111719,8.17182,-0.118903,11.1469,-0.0340582,5.60482,-0.0111719,0.0299508,-0.996771,0.615885,-0.816649,1.28527,-0.343,2.66309,2.35221,1.76497,4.17621e-05
1965-10-31,mkt,297.545,-0.021441,74.1016,-0.0105562,14.8624,-0.005087,79.8501,-0.021441,36.7193,-0.0105562,10.329,-0.005087,8.75307,-0.0525434,11.5505,-0.0105562,5.71158,-0.005087,0.0320812,-0.996527,0.63818,-0.809627,1.30975,-0.329796,2.68204,2.37201,1.78608,0.0145087
1965-11-30,mkt,298.538,-0.0215388,74.3813,-0.0104966,14.9206,-0.00495506,80.1167,-0.0215388,36.8579,-0.0104966,10.3695,-0.00495506,8.78228,-0.0215388,11.594,-0.0104966,5.73395,-0.00495506,0.0321883,-0.996306,0.640589,-0.803283,1.31488,-0.31753,2.69928,2.39,1.80525,0.0369411
1965-12-31,mkt,307.645,-0.0370939,75.6931,-0.0174359,15.0857,-0.00753907,82.5607,-0.0370939,37.5079,-0.0174359,10.4842,-0.00753907,9.05019,-0.0370939,11.7985,-0.0174359,5.79741,-0.00753907,0.0331702,-0.996356,0.651887,-0.80426,1.32943,-0.318045,2.69899,2.38969,1.80502,0.036853
1966-01-31,mkt,314.673,-0.0240107,76.7222,-0.0113271,15.2202,-0.00527494,84.4468,-0.0240107,38.0179,-0.0113271,10.5778,-0.00527494,9.25694,-0.0240107,11.9589,-0.0113271,5.84912,-0.00527494,0.033928,-0.99617,0.66075,-0.798901,1.34129,-0.307424,2.70542,2.39646,1.8123,0.0457424
1966-02-28,mkt,305.709,-0.071613,75.7853,-0.0353994,15.1568,-0.0168492,82.0412,-0.071613,37.5536,-0.0353994,10.5337,-0.0168492,8.99325,-0.071613,11.8129,-0.0353994,5.82473,-0.0168492,0.0329615,-0.996222,0.652681,-0.799457,1.33569,-0.305756,2.7101,2.40135,1.81755,0.0520078
1966-03-31,mkt,286.98,-0.164455,73.6604,-0.0831232,14.9804,-0.0400796,77.0148,-0.164455,36.5007,-0.0831232,10.4111,-0.0400796,8.44226,-0.164455,11.4817,-0.0831232,5.75696,-0.0400796,0.0309421,-0.9966,0.634381,-0.809379,1.32015,-0.32216,2.70128,2.39221,1.80801,0.0414328
1966-04-30,mkt,304.144,-0.0994344,76.0039,-0.0466011,15.2484,-0.0198033,81.6212,-0.0994344,37.662,-0.0466011,10.5973,-0.0198033,8.9472,-0.0994344,11.847,-0.0466011,5.85993,-0.0198033,0.0327927,-0.996335,0.654564,-0.801786,1.34377,-0.307842,2.68258,2.37302,1.78808,0.0199633
1966-05-31,mkt,261.172,-0.261784,70.7054,-0.132889,14.7448,-0.062606,70.089,-0.261784,35.0364,-0.132889,10.2473,-0.062606,7.68306,-0.261784,11.0211,-0.132889,5.66639,-0.062606,0.0281595,-0.996996,0.608932,-0.819725,1.29939,-0.337624,2.69639,2.38746,1.80357,0.038332
1966-06-30,mkt,252.367,-0.224754,69.688,-0.109548,14.6722,-0.0485778,67.7261,-0.224754,34.5323,-0.109548,10.1969,-0.0485778,7.42404,-0.224754,10.8625,-0.109548,5.6385,-0.0485778,0.0272101,-0.996845,0.60017,-0.814873,1.29299,-0.327712,2.65355,2.34338,1.7577,4.17621e-05
1966-07-31,mkt,242.311,-0.254581,68.4794,-0.122558,14.5765,-0.0518352,65.0273,-0.254581,33.9334,-0.122558,10.1304,-0.0518352,7.12821,-0.254581,10.6741,-0.122558,5.60175,-0.0518352,0.0261259,-0.996966,0.589761,-0.817577,1.28456,-0.330014,2.64294,2.3325,1.74638,4.17621e-05
1966-08-31,mkt,194.93,-0.448187,61.7343,-0.241675,13.8815,-0.116115,52.312,-0.448187,30.591,-0.241675,9.64736,-0.116115,5.73437,-0.448187,9.62273,-0.241675,5.33464,-0.116115,0.0210172,-0.997754,0.531671,-0.842342,1.22331,-0.375435,2.63042,2.31964,1.73318,4.17621e-05
1966-09-30,mkt,189.871,-0.422737,61.1342,-0.22339,13.8473,-0.104764,50.9544,-0.422737,30.2936,-0.22339,9.62361,-0.104764,5.58555,-0.422737,9.52918,-0.22339,5.32151,-0.104764,0.0204718,-0.997651,0.526502,-0.838541,1.2203,-0.367414,2.56948,2.25706,1.66823,4.17621e-05
1966-10-31,mkt,209.439,-0.487714,64.4724,-0.265536,14.2575,-0.127172,56.2058,-0.487714,31.9478,-0.265536,9.90869,-0.127172,6.16121,-0.487714,10.0495,-0.265536,5.47914,-0.127172,0.0225817,-0.997915,0.555252,-0.847303,1.25645,-0.383248,2.56026,2.24776,1.65905,4.17621e-05
1966-11-30,mkt,217.736,-0.352772,65.9108,-0.17034,14.4468,-0.0690092,58.4324,-0.352772,32.6605,-0.17034,10.0403,-0.0690092,6.40529,-0.352772,10.2737,-0.17034,5.5519,-0.0690092,0.0234763,-0.997366,0.567639,-0.827511,1.27313,-0.342149,2.58268,2.27161,1.68538,4.17621e-05
1966-12-31,mkt,219.228,-0.33688,66.3053,-0.159611,14.5221,-0.0624178,58.8329,-0.33688,32.8561,-0.159611,10.0926,-0.0624178,6.44918,-0.33688,10.3352,-0.159611,5.58083,-0.0624178,0.0236371,-0.997301,0.571037,-0.825281,1.27976,-0.337491,2.5911,2.28052,1.69518,4.17621e-05
1967-01-31,mkt,269.739,-0.324042,73.7478,-0.149356,15.35,-0.0546278,72.388,-0.324042,36.544,-0.149356,10.668,-0.0546278,7.93507,-0.324042,11.4953,-0.149356,5.899,-0.0546278,0.0290831,-0.997249,0.635134,-0.823149,1.35273,-0.331987,2.59131,2.28087,1.69576,4.17621e-05
1967-02-28,mkt,276.179,-0.173295,74.791,-0.056718,15.489,-0.0104826,74.1164,-0.173295,37.0609,-0.056718,10.7645,-0.0104826,8.12454,-0.173295,11.6579,-0.056718,5.95239,-0.0104826,0.0297776,-0.996636,0.644118,-0.803889,1.36497,-0.294964,2.64344,2.3352,1.75368,0.000176907
1967-03-31,mkt,307.062,-0.128437,79.0643,-0.0292089,15.9618,-0.00345761,82.4043,-0.128437,39.1785,-0.0292089,11.0932,-0.00345761,9.03304,-0.128437,12.324,-0.0292089,6.13412,-0.00345761,0.0331073,-0.996453,0.680921,-0.79817,1.40664,-0.283321,2.64819,2.34024,1.75922,0.00714995
1967-04-30,mkt,340.036,-0.107103,83.4243,-0.0340434,16.4316,-0.0162009,91.2533,-0.107103,41.339,-0.0340434,11.4197,-0.0162009,10.0031,-0.107103,13.0036,-0.0340434,6.31466,-0.0162009,0.0366626,-0.996366,0.71847,-0.795039,1.44804,-0.275722,2.67412,2.3673,1.78808,0.0410987
1967-05-31,mkt,303.598,-0.127766,79.0593,-0.0639036,16.0341,-0.0307595,81.4745,-0.127766,39.176,-0.0639036,11.1434,-0.0307595,8.93113,-0.127766,12.3232,-0.0639036,6.1619,-0.0307595,0.0327338,-0.996199,0.680878,-0.789394,1.41301,-0.262968,2.69876,2.39302,1.81576,0.0741282
1967-06-30,mkt,322.954,-0.148401,81.7057,-0.0745589,16.322,-0.0360581,86.6692,-0.148401,40.4873,-0.0745589,11.3435,-0.0360581,9.50056,-0.148401,12.7357,-0.0745589,6.27253,-0.0360581,0.0348209,-0.996289,0.703669,-0.791791,1.43838,-0.266997,2.6675,2.36072,1.78188,0.0363762
1967-07-31,mkt,364.194,-0.0634725,86.9557,-0.0279465,16.8727,-0.0109021,97.7363,-0.0634725,43.0888,-0.0279465,11.7262,-0.0109021,10.7137,-0.0634725,13.5541,-0.0279465,6.48417,-0.0109021,0.0392673,-0.995919,0.748883,-0.781304,1.48691,-0.247868,2.68192,2.37595,1.79845,0.0571283
1967-08-31,mkt,356.467,-0.0790073,86.1484,-0.0396024,16.8146,-0.019378,95.6626,-0.0790073,42.6888,-0.0396024,11.6858,-0.019378,10.4864,-0.0790073,13.4282,-0.0396024,6.46182,-0.019378,0.0384341,-0.995678,0.741931,-0.774221,1.48179,-0.233533,2.71172,2.40697,1.83143,0.0954603
1967-09-30,mkt,387.397,-0.0450191,90.0126,-0.0216994,17.2231,-0.00997083,103.963,-0.0450191,44.6037,-0.0216994,11.9697,-0.00997083,11.3963,-0.0450191,14.0306,-0.0216994,6.61883,-0.00997083,0.0417691,-0.995519,0.77521,-0.770013,1.51779,-0.22618,2.70532,2.40037,1.82458,0.087971
1967-10-31,mkt,357.997,-0.0949563,86.7518,-0.0468478,16.9471,-0.0220676,96.0734,-0.0949563,42.9878,-0.0468478,11.7779,-0.0220676,10.5314,-0.0949563,13.5223,-0.0468478,6.51274,-0.0220676,0.0385992,-0.995518,0.747127,-0.768902,1.49346,-0.221003,2.72543,2.42138,1.84696,0.114249
1967-11-30,mkt,362.299,-0.160972,87.524,-0.0813394,17.0602,-0.0393989,97.2278,-0.160972,43.3705,-0.0813394,11.8565,-0.0393989,10.658,-0.160972,13.6427,-0.0813394,6.55622,-0.0393989,0.039063,-0.995845,0.753778,-0.777264,1.50343,-0.234809,2.70353,2.39872,1.8231,0.0874061
1967-12-31,mkt,393.177,-0.0709583,91.3816,-0.0313775,17.468,-0.0118647,105.514,-0.0709583,45.282,-0.0313775,12.1399,-0.0118647,11.5663,-0.0709583,14.2439,-0.0313775,6.71295,-0.0118647,0.0423922,-0.995399,0.787,-0.765151,1.53937,-0.212876,2.70461,2.40003,1.825,0.0910719
1968-01-31,mkt,353.994,-0.116432,86.9405,-0.0584741,17.0778,-0.0283337,94.9991,-0.116432,43.0813,-0.0584741,11.8687,-0.0283337,10.4137,-0.116432,13.5517,-0.0584741,6.56298,-0.0283337,0.0381676,-0.995568,0.748752,-0.768399,1.50498,-0.214994,2.72438,2.42064,1.84696,0.116809
1968-02-29,mkt,321.089,-0.203063,83.0268,-0.104715,16.7241,-0.0516345,86.1686,-0.203063,41.142,-0.104715,11.6229,-0.0516345,9.44569,-0.203063,12.9417,-0.104715,6.42706,-0.0516345,0.0346198,-0.996003,0.715047,-0.779773,1.47382,-0.233819,2.69568,2.39094,1.81569,0.0816024
1968-03-31,mkt,323.016,-0.248211,83.5666,-0.128674,16.8195,-0.0629524,86.6857,-0.248211,41.4095,-0.128674,11.6892,-0.0629524,9.50237,-0.248211,13.0258,-0.128674,6.46371,-0.0629524,0.0348275,-0.996229,0.719695,-0.785667,1.48222,-0.242963,2.66867,2.36308,1.78656,0.049472
1968-04-30,mkt,404.988,-0.143388,93.8781,-0.0666544,17.8685,-0.0279417,108.684,-0.143388,46.5191,-0.0666544,12.4182,-0.0279417,11.9138,-0.143388,14.6331,-0.0666544,6.86684,-0.0279417,0.0436657,-0.995703,0.808501,-0.770411,1.57466,-0.214678,2.66763,2.36235,1.7865,0.0518013
1968-05-31,mkt,431.008,-0.0485987,97.0904,-0.0237209,18.2131,-0.0111156,115.667,-0.0485987,48.1109,-0.0237209,12.6577,-0.0111156,12.6792,-0.0485987,15.1338,-0.0237209,6.99926,-0.0111156,0.0464712,-0.994983,0.836166,-0.75083,1.60503,-0.178963,2.7234,2.42057,1.84883,0.125802
1968-06-30,mkt,439.852,-0.062402,98.2955,-0.0305456,18.3591,-0.0143586,118.04,-0.062402,48.708,-0.0305456,12.7592,-0.0143586,12.9394,-0.062402,15.3216,-0.0305456,7.05539,-0.0143586,0.0474248,-0.994493,0.846544,-0.73815,1.6179,-0.156096,2.73788,2.43573,1.86504,0.144972
1968-07-31,mkt,410.909,-0.13612,95.3224,-0.0686683,18.129,-0.0333722,110.273,-0.13612,47.2348,-0.0686683,12.5993,-0.0333722,12.088,-0.13612,14.8582,-0.0686683,6.96694,-0.0333722,0.0443041,-0.994872,0.820939,-0.746511,1.59762,-0.167524,2.74169,2.43981,1.86958,0.151031
1968-08-31,mkt,426.769,-0.158018,97.3448,-0.0801762,18.3545,-0.0390136,114.529,-0.158018,48.2369,-0.0801762,12.756,-0.0390136,12.5545,-0.158018,15.1735,-0.0801762,7.05361,-0.0390136,0.0460141,-0.995002,0.838357,-0.749643,1.61749,-0.172383,2.72206,2.41959,1.84856,0.128131
1968-09-30,mkt,475.049,-0.0910329,102.9,-0.0424523,18.9041,-0.0177835,127.486,-0.0910329,50.9898,-0.0424523,13.138,-0.0177835,13.9748,-0.0910329,16.0394,-0.0424523,7.26482,-0.0177835,0.0512196,-0.994604,0.886202,-0.739376,1.66593,-0.154099,2.73058,2.42848,1.85813,0.139581
1968-10-31,mkt,481.66,-0.0393724,103.82,-0.0193048,19.0235,-0.0091819,129.26,-0.0393724,51.4457,-0.0193048,13.221,-0.0091819,14.1693,-0.0393724,16.1828,-0.0193048,7.31072,-0.0091819,0.0519324,-0.994027,0.894126,-0.725255,1.67645,-0.129963,2.75691,2.45591,1.88729,0.173485
1968-11-30,mkt,554.467,-0.0470446,111.609,-0.0230218,19.759,-0.0108606,148.799,-0.0470446,55.305,-0.0230218,13.7321,-0.0108606,16.3111,-0.0470446,17.3968,-0.0230218,7.59335,-0.0108606,0.0597824,-0.994027,0.961199,-0.724716,1.74126,-0.127497,2.7593,2.45844,1.89006,0.177023
1968-12-31,mkt,500.863,-0.0985081,106.299,-0.0486371,19.3194,-0.0228915,134.413,-0.0985081,52.6738,-0.0486371,13.4266,-0.0228915,14.7342,-0.0985081,16.5691,-0.0486371,7.4244,-0.0228915,0.0540029,-0.993742,0.91547,-0.717146,1.70252,-0.112542,2.79416,2.49471,1.92862,0.221788
1969-01-31,mkt,486.209,-0.185533,105.027,-0.0944907,19.2487,-0.0457632,130.481,-0.185533,52.0438,-0.0944907,13.3775,-0.0457632,14.3031,-0.185533,16.371,-0.0944907,7.39725,-0.0457632,0.0524229,-0.994346,0.90452,-0.730779,1.69629,-0.133315,2.76691,2.46648,1.89881,0.188036
1969-02-28,mkt,416.876,-0.248149,97.5773,-0.125718,18.6066,-0.0585461,111.874,-0.248149,48.3522,-0.125718,12.9312,-0.0585461,12.2635,-0.248149,15.2097,-0.125718,7.15048,-0.0585461,0.0449475,-0.994781,0.840359,-0.740063,1.63971,-0.144925,2.75749,2.45685,1.88892,0.177667
1969-03-31,mkt,447.697,-0.260478,101.373,-0.131772,19.0053,-0.0605751,120.145,-0.260478,50.233,-0.131772,13.2083,-0.0605751,13.1702,-0.260478,15.8013,-0.131772,7.30373,-0.0605751,0.0482706,-0.994867,0.873048,-0.741863,1.67485,-0.146768,2.71599,2.4139,1.84375,0.126804
1969-04-30,mkt,467.27,-0.229318,103.943,-0.11199,19.3078,-0.0483428,125.398,-0.229318,51.5064,-0.11199,13.4185,-0.0483428,13.746,-0.229318,16.2019,-0.11199,7.41996,-0.0483428,0.0503809,-0.99465,0.89518,-0.735982,1.7015,-0.135658,2.73266,2.43135,1.86248,0.149202
1969-05-31,mkt,467.973,-0.160992,104.276,-0.0697158,19.381,-0.0232771,125.587,-0.160992,51.6715,-0.0697158,13.4694,-0.0232771,13.7667,-0.160992,16.2538,-0.0697158,7.44811,-0.0232771,0.0504567,-0.994176,0.898049,-0.723413,1.70796,-0.112892,2.74146,2.44058,1.87251,0.161574
1969-06-30,mkt,386.285,-0.328684,95.0154,-0.164841,18.5431,-0.0709863,103.665,-0.328684,47.0827,-0.164841,12.8871,-0.0709863,11.3636,-0.328684,14.8104,-0.164841,7.12608,-0.0709863,0.0416491,-0.99534,0.818295,-0.751695,1.63411,-0.156224,2.74038,2.43958,1.8716,0.161097
1969-07-31,mkt,320.004,-0.462176,86.9518,-0.248467,17.8048,-0.115332,85.8774,-0.462176,43.087,-0.248467,12.374,-0.115332,9.41377,-0.462176,13.5535,-0.248467,6.84238,-0.115332,0.0345028,-0.996267,0.74885,-0.776558,1.56906,-0.196501,2.68935,2.38676,1.81607,0.0986249
1969-08-31,mkt,361.35,-0.405283,92.6742,-0.208133,18.4241,-0.0906942,96.9732,-0.405283,45.9225,-0.208133,12.8044,-0.0906942,10.6301,-0.405283,14.4454,-0.208133,7.08036,-0.0906942,0.0389607,-0.995872,0.798132,-0.764566,1.62363,-0.174123,2.63715,2.3331,1.76036,0.0384596
1969-09-30,mkt,335.671,-0.403596,89.6721,-0.204869,18.184,-0.0868053,90.0819,-0.403596,44.4349,-0.204869,12.6375,-0.0868053,9.87466,-0.403596,13.9775,-0.204869,6.98807,-0.0868053,0.036192,-0.99586,0.772278,-0.763596,1.60246,-0.170591,2.66621,2.36352,1.79299,0.0774599
1969-10-31,mkt,383.521,-0.404402,96.25,-0.202928,18.9076,-0.0832273,102.923,-0.404402,47.6944,-0.202928,13.1404,-0.0832273,11.2823,-0.404402,15.0028,-0.202928,7.26615,-0.0832273,0.0413511,-0.995866,0.828928,-0.763019,1.66623,-0.167342,2.64496,2.34163,1.7702,0.0525728
1969-11-30,mkt,348.431,-0.388072,92.0492,-0.186416,18.5454,-0.0680827,93.5061,-0.388072,45.6128,-0.186416,12.8887,-0.0680827,10.25,-0.388072,14.348,-0.186416,7.12699,-0.0680827,0.0375677,-0.995752,0.79275,-0.75811,1.63432,-0.153587,2.67649,2.37454,1.80538,0.0942121
1969-12-31,mkt,326.338,-0.456791,89.481,-0.231295,18.3506,-0.0919829,87.5773,-0.456791,44.3402,-0.231295,12.7533,-0.0919829,9.60011,-0.456791,13.9477,-0.231295,7.05212,-0.0919829,0.0351857,-0.996229,0.770632,-0.771453,1.61715,-0.175294,2.65002,2.34715,1.77665,0.0620422
1970-01-31,mkt,262.954,-0.525754,80.6593,-0.277302,17.482,-0.115236,70.5671,-0.525754,39.9688,-0.277302,12.1497,-0.115236,7.73547,-0.525754,12.5726,-0.277302,6.71832,-0.115236,0.0283516,-0.996708,0.694657,-0.785132,1.54061,-0.196414,2.63042,2.32712,1.75597,0.0402484
1970-02-28,mkt,300.428,-0.515437,86.5368,-0.269333,18.1634,-0.110225,80.6238,-0.515437,42.8813,-0.269333,12.6232,-0.110225,8.83787,-0.515437,13.4888,-0.269333,6.98019,-0.110225,0.032392,-0.996636,0.745276,-0.782762,1.60066,-0.191862,2.57264,2.26736,1.6932,4.17621e-05
1970-03-31,mkt,293.491,-0.509282,85.8765,-0.260043,18.1551,-0.0997337,78.7624,-0.509282,42.5541,-0.260043,12.6174,-0.0997337,8.63383,-0.509282,13.3859,-0.260043,6.97697,-0.0997337,0.0316442,-0.996594,0.739589,-0.78,1.59992,-0.182334,2.60431,2.30047,1.7287,0.0121672
1970-04-30,mkt,216.788,-0.625704,74.0999,-0.350768,16.9089,-0.154015,58.1781,-0.625704,36.7185,-0.350768,11.7513,-0.154015,6.37741,-0.625704,11.5502,-0.350768,6.49806,-0.154015,0.0233741,-0.997402,0.638166,-0.806974,1.4901,-0.231635,2.59589,2.29192,1.72007,0.00374695
1970-05-31,mkt,177.723,-0.754263,67.8163,-0.469932,16.2582,-0.232484,47.6945,-0.754263,33.6048,-0.469932,11.2991,-0.232484,5.2282,-0.754263,10.5708,-0.469932,6.248,-0.232484,0.0168202,-0.998294,0.545962,-0.842403,1.38426,-0.302904,2.51579,2.20919,1.63334,4.17621e-05
1970-06-30,mkt,152.198,-0.725507,63.1224,-0.434431,15.747,-0.203044,40.8443,-0.725507,31.2788,-0.434431,10.9439,-0.203044,4.47729,-0.725507,9.83909,-0.434431,6.05156,-0.203044,0.0144044,-0.998327,0.508172,-0.842814,1.34074,-0.300664,2.45669,2.14964,1.574,4.17621e-05
1970-07-31,mkt,181.221,-0.742247,69.1493,-0.451561,16.5252,-0.214833,48.6332,-0.742247,34.2653,-0.451561,11.4847,-0.214833,5.33111,-0.742247,10.7785,-0.451561,6.3506,-0.214833,0.0171513,-0.998429,0.556693,-0.847575,1.40699,-0.31101,2.41344,2.10535,1.52836,4.17621e-05
1970-08-31,mkt,203.683,-0.708802,73.657,-0.414134,17.1159,-0.185541,54.6611,-0.708802,36.499,-0.414134,11.8952,-0.185541,5.99187,-0.708802,11.4812,-0.414134,6.57763,-0.185541,0.0192771,-0.998226,0.592982,-0.837173,1.45729,-0.285305,2.4551,2.14904,1.57541,4.17621e-05
1970-09-30,mkt,227.439,-0.638867,78.1572,-0.345429,17.6911,-0.137131,61.0363,-0.638867,38.729,-0.345429,12.295,-0.137131,6.69072,-0.638867,12.1826,-0.345429,6.79866,-0.137131,0.0215254,-0.9978,0.629212,-0.818078,1.50626,-0.242825,2.48164,2.177,1.60575,4.17621e-05
1970-10-31,mkt,214.621,-0.613745,76.1578,-0.318571,17.5057,-0.114915,57.5964,-0.613745,37.7382,-0.318571,12.1661,-0.114915,6.31364,-0.613745,11.871,-0.318571,6.72741,-0.114915,0.0203123,-0.997646,0.613116,-0.810614,1.49048,-0.22333,2.507,2.20357,1.63435,4.17621e-05
1970-11-30,mkt,241.989,-0.620279,81.0956,-0.323035,18.1041,-0.116328,64.9409,-0.620279,40.185,-0.323035,12.582,-0.116328,7.11874,-0.620279,12.6406,-0.323035,6.9574,-0.116328,0.0229025,-0.997686,0.652868,-0.811855,1.54143,-0.22457,2.49044,2.1866,1.61681,4.17621e-05
1970-12-31,mkt,280.791,-0.560166,87.5896,-0.27049,18.8587,-0.0818297,75.3541,-0.560166,43.403,-0.27049,13.1064,-0.0818297,8.26022,-0.560166,13.6529,-0.27049,7.24739,-0.0818297,0.0265748,-0.99732,0.705148,-0.797251,1.60568,-0.194298,2.51893,2.21637,1.6487,4.17621e-05
1971-01-31,mkt,318.433,-0.506599,93.5076,-0.225214,19.5268,-0.0515503,85.4558,-0.506599,46.3355,-0.225214,13.5707,-0.0515503,9.36755,-0.506599,14.5753,-0.225214,7.50412,-0.0515503,0.0301374,-0.996994,0.752792,-0.784668,1.66256,-0.167727,2.55483,2.25373,1.68845,4.17621e-05
1971-02-28,mkt,331.044,-0.420934,95.5667,-0.157127,19.7804,-0.0196615,88.84,-0.420934,47.3558,-0.157127,13.747,-0.0196615,9.73853,-0.420934,14.8963,-0.157127,7.60159,-0.0196615,0.0313309,-0.996472,0.769368,-0.765745,1.68415,-0.128829,2.58497,2.28515,1.72192,4.17621e-05
1971-03-31,mkt,368.37,-0.398361,100.969,-0.140399,20.3573,-0.00951537,98.8571,-0.398361,50.0326,-0.140399,14.1479,-0.00951537,10.8366,-0.398361,15.7383,-0.140399,7.82329,-0.00951537,0.0348636,-0.996334,0.812857,-0.761095,1.73327,-0.119785,2.59333,2.2939,1.73143,0.00494354
1971-04-30,mkt,400.047,-0.334522,105.356,-0.0945323,20.818,-0.00574558,107.358,-0.334522,52.2068,-0.0945323,14.4681,-0.00574558,11.7684,-0.334522,16.4222,-0.0945323,8.00034,-0.00574558,0.0378615,-0.995945,0.84818,-0.748348,1.7725,-0.0954735,2.61913,2.32081,1.76005,0.0384991
1971-05-31,mkt,360.058,-0.356205,100.099,-0.107125,20.3147,-0.0321,96.6264,-0.356205,49.602,-0.107125,14.1183,-0.0321,10.5921,-0.356205,15.6028,-0.107125,7.80692,-0.0321,0.0340769,-0.996077,0.80586,-0.751848,1.72965,-0.0999643,2.63907,2.34153,1.78208,0.0641651
1971-06-30,mkt,360.249,-0.38754,100.431,-0.127075,20.3974,-0.0411556,96.6776,-0.38754,49.7661,-0.127075,14.1758,-0.0411556,10.5977,-0.38754,15.6545,-0.127075,7.83868,-0.0411556,0.0340949,-0.996268,0.808527,-0.757392,1.73668,-0.108385,2.61168,2.31323,1.75237,0.0308578
1971-07-31,mkt,320.334,-0.422266,94.9527,-0.149234,19.8775,-0.0506623,85.966,-0.422266,47.0516,-0.149234,13.8145,-0.0506623,9.42348,-0.422266,14.8006,-0.149234,7.63892,-0.0506623,0.0303173,-0.99648,0.764426,-0.763551,1.69242,-0.117225,2.60987,2.31155,1.751,0.0306514
1971-08-31,mkt,352.721,-0.45182,100.067,-0.170491,20.4618,-0.0619534,94.6573,-0.45182,49.5859,-0.170491,14.2205,-0.0619534,10.3762,-0.45182,15.5978,-0.170491,7.86344,-0.0619534,0.0333824,-0.99666,0.8056,-0.769459,1.74217,-0.127724,2.57885,2.27948,1.71735,4.17621e-05
1971-09-30,mkt,346.167,-0.386678,99.3854,-0.117683,20.4371,-0.0287212,92.8987,-0.386678,49.2481,-0.117683,14.2034,-0.0287212,10.1834,-0.386678,15.4915,-0.117683,7.85394,-0.0287212,0.0327622,-0.996263,0.800111,-0.754782,1.74006,-0.0968224,2.59982,2.30174,1.74186,0.0245924
1971-10-31,mkt,308.51,-0.452288,94.079,-0.16386,19.9288,-0.0522531,82.7929,-0.452288,46.6186,-0.16386,13.8501,-0.0522531,9.07564,-0.452288,14.6644,-0.16386,7.65862,-0.0522531,0.0291982,-0.996663,0.757391,-0.767616,1.69679,-0.118704,2.59366,2.29545,1.7354,0.017892
1971-11-30,mkt,304.84,-0.510881,93.8659,-0.207512,19.9562,-0.0753271,81.8078,-0.510881,46.513,-0.207512,13.8692,-0.0753271,8.96766,-0.510881,14.6312,-0.207512,7.66914,-0.0753271,0.0288509,-0.99702,0.755676,-0.779748,1.69912,-0.140161,2.56319,2.26399,1.70242,4.17621e-05
1971-12-31,mkt,379.885,-0.425216,105.114,-0.13977,21.1696,-0.0359309,101.947,-0.425216,52.0868,-0.13977,14.7125,-0.0359309,11.1753,-0.425216,16.3845,-0.13977,8.13545,-0.0359309,0.0359533,-0.996498,0.84623,-0.760921,1.80243,-0.103527,2.55759,2.25858,1.69744,4.17621e-05
1972-01-31,mkt,405.348,-0.321429,108.744,-0.0626543,21.5571,-0.00945771,108.781,-0.321429,53.8854,-0.0626543,14.9818,-0.00945771,11.9244,-0.321429,16.9502,-0.0626543,8.28437,-0.00945771,0.0383632,-0.995865,0.875451,-0.739488,1.83543,-0.0620255,2.61054,2.31371,1.75618,0.0469512
1972-02-29,mkt,437.096,-0.26619,113.06,-0.0237865,22.004,-0.00502639,117.301,-0.26619,56.0243,-0.0237865,15.2923,-0.00502639,12.8583,-0.26619,17.623,-0.0237865,8.4561,-0.00502639,0.041368,-0.995529,0.910201,-0.728686,1.87347,-0.0416626,2.62573,2.32956,1.77316,0.0671946
1972-03-31,mkt,444.571,-0.210873,114.205,-0.0312226,22.1422,-0.0152891,119.307,-0.210873,56.5916,-0.0312226,15.3884,-0.0152891,13.0782,-0.210873,17.8015,-0.0312226,8.50922,-0.0152891,0.0420754,-0.995192,0.919417,-0.717988,1.88524,-0.0211505,2.64382,2.34836,1.79312,0.090428
1972-04-30,mkt,448.36,-0.204048,114.844,-0.0400821,22.2282,-0.0197116,120.323,-0.204048,56.9084,-0.0400821,15.4482,-0.0197116,13.1897,-0.204048,17.9012,-0.0400821,8.54227,-0.0197116,0.042434,-0.99515,0.924565,-0.716303,1.89256,-0.0197116,2.64698,2.35177,1.79697,0.0956274
1972-05-31,mkt,463.478,-0.25462,116.975,-0.0703304,22.462,-0.0347618,124.38,-0.25462,57.964,-0.0703304,15.6107,-0.0347618,13.6344,-0.25462,18.2332,-0.0703304,8.63212,-0.0347618,0.0438648,-0.995458,0.941715,-0.725243,1.91247,-0.0347618,2.64823,2.35315,1.79859,0.0980449
1972-06-30,mkt,435.017,-0.223433,113.486,-0.0487451,22.1505,-0.0231521,116.743,-0.223433,56.2351,-0.0487451,15.3942,-0.0231521,12.7972,-0.223433,17.6894,-0.0487451,8.51241,-0.0231521,0.0411712,-0.995268,0.913626,-0.718863,1.88595,-0.0231521,2.6552,2.36056,1.80674,0.108517
1972-07-31,mkt,427.201,-0.250382,112.742,-0.0638059,22.1248,-0.0295223,114.645,-0.250382,55.8669,-0.0638059,15.3763,-0.0295223,12.5672,-0.250382,17.5735,-0.0638059,8.50254,-0.0295223,0.0404314,-0.995432,0.907644,-0.723314,1.88376,-0.0295223,2.63859,2.34341,1.78875,0.088384
1972-08-31,mkt,465.293,-0.210503,117.853,-0.038281,22.6495,-0.0155855,124.868,-0.210503,58.3994,-0.038281,15.7409,-0.0155855,13.6878,-0.210503,18.3702,-0.038281,8.70416,-0.0155855,0.0440366,-0.995189,0.948788,-0.715771,1.92843,-0.0155855,2.6326,2.33728,1.78252,0.0820548
1972-09-30,mkt,453.167,-0.227631,116.588,-0.054797,22.5749,-0.0254903,121.613,-0.227631,57.7723,-0.054797,15.6891,-0.0254903,13.3311,-0.227631,18.1729,-0.054797,8.67552,-0.0254903,0.042889,-0.995294,0.9386,-0.717935,1.92209,-0.0254903,2.65277,2.35833,1.80498,0.108556
1972-10-31,mkt,460.352,-0.257579,117.849,-0.0713866,22.7507,-0.0324936,123.542,-0.257579,58.3975,-0.0713866,15.8113,-0.0324936,13.5425,-0.257579,18.3696,-0.0713866,8.74307,-0.0324936,0.043569,-0.995476,0.948757,-0.722886,1.93705,-0.0324936,2.64479,2.35015,1.79653,0.099524
1972-11-30,mkt,519.301,-0.147416,125.464,-0.00809087,23.5234,-0.00384891,139.361,-0.147416,62.1709,-0.00809087,16.3483,-0.00384891,15.2766,-0.147416,19.5565,-0.00809087,9.04002,-0.00384891,0.0491481,-0.994805,1.01006,-0.70256,2.00284,-0.00384891,2.64692,2.3525,1.79932,0.103873
1972-12-31,mkt,529.325,-0.100831,126.964,-0.0432838,23.7111,-0.021049,142.052,-0.100831,62.9139,-0.0432838,16.4787,-0.021049,15.5715,-0.100831,19.7903,-0.0432838,9.11213,-0.021049,0.0500968,-0.994521,1.02213,-0.693329,2.01882,-0.021049,2.67544,2.38215,1.83085,0.140559
1973-01-31,mkt,486.482,-0.125533,122.035,-0.0600597,23.298,-0.0292379,130.554,-0.125533,60.4716,-0.0600597,16.1917,-0.0292379,14.3112,-0.125533,19.022,-0.0600597,8.95341,-0.0292379,0.046042,-0.994672,0.982454,-0.696648,1.98365,-0.0292379,2.67878,2.38575,1.83482,0.145768
1973-02-28,mkt,427.856,-0.240814,114.787,-0.121619,22.6446,-0.059536,114.821,-0.240814,56.8801,-0.121619,15.7376,-0.059536,12.5865,-0.240814,17.8922,-0.121619,8.70231,-0.059536,0.0404934,-0.995374,0.924104,-0.716516,1.92802,-0.059536,2.65631,2.36254,1.81053,0.118789
1973-03-31,mkt,414.034,-0.29612,113.31,-0.151991,22.5552,-0.0741525,111.112,-0.29612,56.1482,-0.151991,15.6754,-0.0741525,12.1799,-0.29612,17.662,-0.151991,8.66792,-0.0741525,0.0391853,-0.995711,0.912214,-0.726318,1.9204,-0.0741525,2.62243,2.32766,1.77416,0.0789146
1973-04-30,mkt,356.554,-0.356942,105.608,-0.185141,21.8478,-0.0887694,95.6861,-0.356942,52.3317,-0.185141,15.1838,-0.0887694,10.489,-0.356942,16.4615,-0.185141,8.39608,-0.0887694,0.0337452,-0.996082,0.85021,-0.737016,1.86018,-0.0887694,2.61195,2.31708,1.76358,0.0688163
1973-05-31,mkt,328.99,-0.437074,101.937,-0.235233,21.5261,-0.115548,88.2888,-0.437074,50.5123,-0.235233,14.9602,-0.115548,9.6781,-0.437074,15.8892,-0.235233,8.27246,-0.115548,0.0311365,-0.99657,0.820651,-0.753183,1.83279,-0.115548,2.5721,2.27609,1.72088,0.022096
1973-06-30,mkt,315.919,-0.457076,100.272,-0.24519,21.4036,-0.118641,84.7811,-0.457076,49.6874,-0.24519,14.8751,-0.118641,9.29359,-0.457076,15.6297,-0.24519,8.22538,-0.118641,0.0298994,-0.996692,0.807249,-0.756396,1.82236,-0.118641,2.54856,2.25227,1.69697,4.17621e-05
1973-07-31,mkt,359.905,-0.469181,107.521,-0.252618,22.242,-0.122027,96.5855,-0.469181,53.2796,-0.252618,15.4577,-0.122027,10.5876,-0.469181,16.7597,-0.252618,8.54757,-0.122027,0.0340624,-0.996766,0.865608,-0.758794,1.89374,-0.122027,2.5359,2.23954,1.68431,4.17621e-05
1973-08-31,mkt,326.92,-0.46515,102.923,-0.244642,21.8414,-0.112555,87.7333,-0.46515,51.0012,-0.244642,15.1793,-0.112555,9.61721,-0.46515,16.043,-0.244642,8.39362,-0.112555,0.0309406,-0.996741,0.828594,-0.75622,1.85963,-0.112555,2.56517,2.27026,1.71737,0.0274473
1973-09-30,mkt,371.149,-0.421753,110.16,-0.212338,22.6862,-0.0914581,99.6029,-0.421753,54.5872,-0.212338,15.7665,-0.0914581,10.9183,-0.421753,17.171,-0.212338,8.7183,-0.0914581,0.0351266,-0.996477,0.886853,-0.745794,1.93156,-0.0914581,2.53889,2.24322,1.68925,4.17621e-05
1973-10-31,mkt,364.812,-0.34205,109.709,-0.1535,22.724,-0.0545054,97.9021,-0.34205,54.3638,-0.1535,15.7928,-0.0545054,10.7319,-0.34205,17.1007,-0.1535,8.73282,-0.0545054,0.0345268,-0.995991,0.883224,-0.726805,1.93478,-0.0545054,2.56767,2.27319,1.72121,0.0344204
1973-11-30,mkt,254.755,-0.543402,92.3349,-0.290447,20.9333,-0.129185,68.3669,-0.543402,45.7544,-0.290447,14.5482,-0.129185,7.49429,-0.543402,14.3925,-0.290447,8.04463,-0.129185,0.0241107,-0.997218,0.743351,-0.771002,1.78231,-0.129185,2.56072,2.26622,1.71437,0.0282582
1973-12-31,mkt,258.745,-0.591303,93.7285,-0.325641,21.1763,-0.150048,69.4378,-0.591303,46.445,-0.325641,14.7171,-0.150048,7.61168,-0.591303,14.6098,-0.325641,8.13804,-0.150048,0.0244884,-0.99751,0.75457,-0.782361,1.80301,-0.150048,2.46706,2.17005,1.61464,4.17621e-05
1974-01-31,mkt,257.67,-0.582287,94.084,-0.313991,21.3002,-0.138547,69.1491,-0.582287,46.6211,-0.313991,14.8032,-0.138547,7.58003,-0.582287,14.6652,-0.313991,8.18563,-0.138547,0.0243865,-0.997455,0.757432,-0.778601,1.81355,-0.138547,2.46575,2.16965,1.61616,4.17621e-05
1974-02-28,mkt,255.202,-0.602147,94.0329,-0.327029,21.3627,-0.143555,68.487,-0.602147,46.5958,-0.327029,14.8466,-0.143555,7.50745,-0.602147,14.6572,-0.327029,8.20965,-0.143555,0.024153,-0.997576,0.75702,-0.782809,1.81887,-0.143555,2.46086,2.1652,1.61262,4.17621e-05
1974-03-31,mkt,237.436,-0.571776,91.1061,-0.297039,21.1008,-0.119925,63.7191,-0.571776,45.1455,-0.297039,14.6646,-0.119925,6.9848,-0.571776,14.201,-0.297039,8.10901,-0.119925,0.0224716,-0.997391,0.733458,-0.77313,1.79657,-0.119925,2.45588,2.16039,1.60819,4.17621e-05
1974-04-30,mkt,207.249,-0.63387,85.6001,-0.34673,20.5467,-0.148244,55.6179,-0.63387,42.4171,-0.34673,14.2795,-0.148244,6.09676,-0.63387,13.3428,-0.34673,7.89606,-0.148244,0.0196146,-0.997769,0.689132,-0.789167,1.7494,-0.148244,2.43556,2.1396,1.58686,4.17621e-05
1974-05-31,mkt,183.301,-0.673013,80.905,-0.379362,20.0497,-0.166445,49.1912,-0.673013,40.0906,-0.379362,13.9341,-0.166445,5.39228,-0.673013,12.6109,-0.379362,7.70506,-0.166445,0.0173481,-0.998008,0.651333,-0.799698,1.70708,-0.166445,2.39902,2.10206,1.54789,4.17621e-05
1974-06-30,mkt,170.327,-0.692809,78.3699,-0.395309,19.8016,-0.174113,45.7096,-0.692809,38.8344,-0.395309,13.7617,-0.174113,5.01063,-0.692809,12.2158,-0.395309,7.60973,-0.174113,0.0161202,-0.998128,0.630925,-0.804845,1.68596,-0.174113,2.36601,2.0682,1.51293,4.17621e-05
1974-07-31,mkt,136.417,-0.753967,70.6636,-0.45477,18.8847,-0.214068,36.6093,-0.753967,35.0157,-0.45477,13.1245,-0.214068,4.01307,-0.753967,11.0146,-0.45477,7.25736,-0.214068,0.0129109,-0.998501,0.568884,-0.824035,1.60789,-0.214068,2.34513,2.04699,1.49138,4.17621e-05
1974-08-31,mkt,105.306,-0.82309,62.5226,-0.534765,17.8389,-0.269571,28.2604,-0.82309,30.9816,-0.534765,12.3976,-0.269571,3.09786,-0.82309,9.7456,-0.534765,6.85545,-0.269571,0.00996647,-0.998922,0.503344,-0.849852,1.51884,-0.269571,2.28613,1.9868,1.42977,4.17621e-05
1974-09-30,mkt,75.4521,-0.86392,53.4692,-0.587439,16.5887,-0.308118,20.2486,-0.86392,26.4954,-0.587439,11.5288,-0.308118,2.21962,-0.86392,8.33442,-0.587439,6.375,-0.308118,0.00714099,-0.999171,0.430459,-0.866852,1.4124,-0.308118,2.21875,1.91778,1.35867,4.17621e-05
1974-10-31,mkt,109.907,-0.870402,65.1384,-0.597161,18.3849,-0.31607,29.4951,-0.870402,32.2778,-0.597161,12.7772,-0.31607,3.23321,-0.870402,10.1533,-0.597161,7.06531,-0.31607,0.00936374,-0.99921,0.496812,-0.86999,1.5229,-0.31607,2.13159,1.82887,1.26774,4.17621e-05
1974-11-30,mkt,97.3499,-0.838162,61.6672,-0.543689,17.9549,-0.267346,26.1252,-0.838162,30.5577,-0.543689,12.4783,-0.267346,2.86381,-0.838162,9.61226,-0.543689,6.90003,-0.267346,0.0082939,-0.999112,0.470337,-0.860481,1.48727,-0.28721,2.2171,1.91913,1.36605,4.17621e-05
1974-12-31,mkt,88.726,-0.856231,59.2394,-0.568513,17.6668,-0.286096,23.8108,-0.856231,29.3547,-0.568513,12.2781,-0.286096,2.61011,-0.856231,9.23384,-0.568513,6.78935,-0.286096,0.00755917,-0.999211,0.45182,-0.868071,1.46342,-0.305452,2.18447,1.88598,1.3324,4.17621e-05
1975-01-31,mkt,123.707,-0.829549,70.3955,-0.527951,19.3374,-0.250975,33.1984,-0.829549,34.8828,-0.527951,13.4391,-0.250975,3.63916,-0.829549,10.9728,-0.527951,7.43136,-0.250975,0.0105394,-0.999065,0.536908,-0.855669,1.6018,-0.271283,2.15866,1.85992,1.30632,4.17621e-05
1975-02-28,mkt,142.46,-0.77149,75.8103,-0.45012,20.1137,-0.188308,38.231,-0.77149,37.566,-0.45012,13.9786,-0.188308,4.19083,-0.77149,11.8168,-0.45012,7.72968,-0.188308,0.0121371,-0.998747,0.578206,-0.831871,1.6661,-0.210315,2.23492,1.93964,1.39165,4.17621e-05
1975-03-31,mkt,152.429,-0.739792,78.7226,-0.409478,20.5471,-0.155424,40.9064,-0.739792,39.0091,-0.409478,14.2798,-0.155424,4.4841,-0.739792,12.2707,-0.409478,7.89623,-0.155424,0.0129865,-0.998573,0.600419,-0.819445,1.702,-0.178322,2.26668,1.97291,1.42742,4.17621e-05
1975-04-30,mkt,169.883,-0.748062,83.4226,-0.418099,21.2066,-0.160741,45.5903,-0.748062,41.3381,-0.418099,14.7382,-0.160741,4.99755,-0.748062,13.0033,-0.418099,8.14969,-0.160741,0.0144735,-0.998618,0.636266,-0.822081,1.75663,-0.183496,2.2806,1.9877,1.44385,4.17621e-05
1975-05-31,mkt,193.995,-0.686655,89.4542,-0.348953,22.0135,-0.110358,52.0611,-0.686655,44.3269,-0.348953,15.299,-0.110358,5.70687,-0.686655,13.9435,-0.348953,8.45977,-0.110358,0.0165277,-0.998281,0.682269,-0.800939,1.82347,-0.134479,2.30428,2.01259,1.47073,4.17621e-05
1975-06-30,mkt,220.016,-0.658289,95.5638,-0.316997,22.8066,-0.0857527,59.0444,-0.658289,47.3544,-0.316997,15.8501,-0.0857527,6.47237,-0.658289,14.8958,-0.316997,8.76455,-0.0857527,0.0187447,-0.998126,0.728867,-0.791169,1.88916,-0.11054,2.33391,2.04358,1.50394,4.17621e-05
1975-07-31,mkt,184.467,-0.673251,87.7913,-0.328854,21.9135,-0.0904377,49.5042,-0.673251,43.5029,-0.328854,15.2295,-0.0904377,5.42658,-0.673251,13.6843,-0.328854,8.42134,-0.0904377,0.015716,-0.998208,0.669586,-0.794794,1.81519,-0.115098,2.36204,2.07296,1.53533,4.17621e-05
1975-08-31,mkt,170.981,-0.726139,84.8672,-0.383788,21.6015,-0.126718,45.8851,-0.726139,42.054,-0.383788,15.0126,-0.126718,5.02987,-0.726139,13.2285,-0.383788,8.30141,-0.126718,0.0145671,-0.998498,0.647284,-0.81159,1.78934,-0.150395,2.31831,2.02788,1.48832,4.17621e-05
1975-09-30,mkt,152.992,-0.736812,80.6799,-0.393635,21.138,-0.131443,41.0575,-0.736812,39.979,-0.393635,14.6905,-0.131443,4.50066,-0.736812,12.5758,-0.393635,8.12329,-0.131443,0.0130344,-0.998556,0.615347,-0.814601,1.75094,-0.154992,2.29781,2.0071,1.46729,4.17621e-05
1975-10-31,mkt,175.346,-0.732393,86.7086,-0.386808,21.9727,-0.124888,47.0566,-0.732393,42.9664,-0.386808,15.2706,-0.124888,5.15828,-0.732393,13.5155,-0.386808,8.44407,-0.124888,0.014939,-0.998532,0.661328,-0.812514,1.82009,-0.148614,2.26864,1.9773,1.43668,4.17621e-05
1975-11-30,mkt,188.219,-0.691471,90.0627,-0.339063,22.4398,-0.0890123,50.5111,-0.691471,44.6285,-0.339063,15.5952,-0.0890123,5.53696,-0.691471,14.0384,-0.339063,8.62358,-0.0890123,0.0160356,-0.998308,0.68691,-0.797915,1.85878,-0.113711,2.29879,2.00885,1.47056,4.17621e-05
1975-12-31,mkt,180.684,-0.703885,88.5409,-0.350168,22.3049,-0.0943295,48.4888,-0.703885,43.8743,-0.350168,15.5015,-0.0943295,5.31528,-0.703885,13.8012,-0.350168,8.57175,-0.0943295,0.0153937,-0.998376,0.675303,-0.801311,1.84761,-0.118884,2.31421,2.02495,1.48777,4.17621e-05
1976-01-31,mkt,243.863,-0.66733,103.237,-0.309635,24.145,-0.0647105,65.4439,-0.66733,51.1568,-0.309635,16.7803,-0.0647105,7.17387,-0.66733,16.0919,-0.309635,9.27891,-0.0647105,0.0207763,-0.998175,0.787392,-0.788918,2.00003,-0.0900685,2.30262,2.01324,1.47595,4.17621e-05
1976-02-29,mkt,246.333,-0.568579,104.058,-0.210447,24.2929,-0.014523,66.1068,-0.568579,51.5636,-0.210447,16.8831,-0.014523,7.24654,-0.568579,16.2199,-0.210447,9.33574,-0.014523,0.0209868,-0.997634,0.793654,-0.75859,2.01228,-0.0240199,2.37134,2.08468,1.5518,4.17621e-05
1976-03-31,mkt,262.147,-0.56278,107.69,-0.203064,24.7757,-0.0177604,70.3506,-0.56278,53.3632,-0.203064,17.2186,-0.0177604,7.71174,-0.56278,16.786,-0.203064,9.52126,-0.0177604,0.0223341,-0.997602,0.821353,-0.756333,2.05227,-0.0177604,2.37208,2.08566,1.55324,4.17621e-05
1976-04-30,mkt,252.561,-0.559964,106.011,-0.197391,24.6385,-0.0216601,67.7781,-0.559964,52.5313,-0.197391,17.1233,-0.0216601,7.42974,-0.559964,16.5243,-0.197391,9.46854,-0.0216601,0.0215174,-0.997586,0.808549,-0.754599,2.04091,-0.0216601,2.38494,2.09919,1.56786,4.17621e-05
1976-05-31,mkt,244.26,-0.56792,104.539,-0.201285,24.5202,-0.0208835,65.5505,-0.56792,51.8018,-0.201285,17.0411,-0.0208835,7.18556,-0.56792,16.2948,-0.201285,9.42308,-0.0208835,0.0208102,-0.99763,0.79732,-0.755789,2.03111,-0.0208835,2.37457,2.08861,1.55705,4.17621e-05
1976-06-30,mkt,271.362,-0.575618,110.505,-0.207837,25.27,-0.0242857,72.8236,-0.575618,54.758,-0.207837,17.5622,-0.0242857,7.98283,-0.575618,17.2247,-0.207837,9.71124,-0.0242857,0.0231192,-0.997672,0.84282,-0.757792,2.09322,-0.0242857,2.3652,2.07908,1.54731,4.17621e-05
1976-07-31,mkt,264.68,-0.527679,109.403,-0.160421,25.1989,-0.0164009,71.0303,-0.527679,54.2122,-0.160421,17.5127,-0.0164009,7.78625,-0.527679,17.0531,-0.160421,9.68389,-0.0164009,0.0225498,-0.997409,0.834421,-0.743295,2.08732,-0.0164009,2.38838,2.1032,1.57302,4.17621e-05
1976-08-31,mkt,261.679,-0.545568,109.081,-0.174646,25.2206,-0.0229107,70.2251,-0.545568,54.0525,-0.174646,17.5278,-0.0229107,7.69798,-0.545568,17.0028,-0.174646,9.69224,-0.0229107,0.0222942,-0.997507,0.831963,-0.747644,2.08912,-0.0229107,2.38128,2.09592,1.56548,4.17621e-05
1976-09-30,mkt,276.88,-0.515774,112.508,-0.147224,25.6714,-0.0132678,74.3044,-0.515774,55.7506,-0.147224,17.8411,-0.0132678,8.14516,-0.515774,17.537,-0.147224,9.86548,-0.0132678,0.0235893,-0.997344,0.858099,-0.73926,2.12647,-0.0132678,2.37712,2.09174,1.56134,4.17621e-05
1976-10-31,mkt,260.236,-0.561699,109.404,-0.184829,25.3738,-0.0421183,69.8377,-0.561699,54.2124,-0.184829,17.6343,-0.0421183,7.65552,-0.561699,17.0531,-0.184829,9.75113,-0.0421183,0.0221712,-0.997596,0.834424,-0.750758,2.10182,-0.0421183,2.38894,2.1041,1.57456,4.17621e-05
1976-11-30,mkt,263.286,-0.56974,110.355,-0.190843,25.5403,-0.0443572,70.6562,-0.56974,54.684,-0.190843,17.75,-0.0443572,7.74524,-0.56974,17.2014,-0.190843,9.81509,-0.0443572,0.0224311,-0.99764,0.841682,-0.752596,2.1156,-0.0443572,2.37268,2.08747,1.55747,4.17621e-05
1976-12-31,mkt,304.985,-0.523266,119.087,-0.146632,26.5929,-0.0170215,81.8467,-0.523266,59.0109,-0.146632,18.4815,-0.0170215,8.97193,-0.523266,18.5625,-0.146632,10.2196,-0.0170215,0.0259837,-0.997385,0.908281,-0.739079,2.20279,-0.0170215,2.37383,2.08885,1.55928,4.17621e-05
1977-01-31,mkt,274.672,-0.505077,113.306,-0.126327,25.9969,-0.0229289,73.7119,-0.505077,56.1461,-0.126327,18.0673,-0.0229289,8.0802,-0.505077,17.6613,-0.126327,9.99058,-0.0229289,0.0234011,-0.997285,0.864186,-0.73287,2.15343,-0.0229289,2.40697,2.1232,1.59559,4.17621e-05
1977-02-28,mkt,261.889,-0.530226,110.875,-0.146905,25.767,-0.0325139,70.2815,-0.530226,54.9416,-0.146905,17.9076,-0.0325139,7.70417,-0.530226,17.2825,-0.146905,9.90223,-0.0325139,0.0223121,-0.997423,0.845648,-0.739162,2.13439,-0.0325139,2.38107,2.0965,1.56769,4.17621e-05
1977-03-31,mkt,253.547,-0.542719,109.399,-0.155894,25.6569,-0.035196,68.0428,-0.542719,54.2101,-0.155894,17.831,-0.035196,7.45876,-0.542719,17.0524,-0.155894,9.85991,-0.035196,0.0216014,-0.997492,0.834387,-0.741911,2.12526,-0.035196,2.3688,2.08389,1.55449,4.17621e-05
1977-04-30,mkt,254.948,-0.555709,110.001,-0.165999,25.7836,-0.0391971,68.4187,-0.555709,54.5085,-0.165999,17.9191,-0.0391971,7.49997,-0.555709,17.1462,-0.165999,9.90862,-0.0391971,0.0217207,-0.997563,0.838981,-0.745,2.13576,-0.0391971,2.35979,2.07463,1.545,4.17621e-05
1977-05-31,mkt,246.068,-0.556207,108.342,-0.164046,25.6451,-0.0356412,66.0358,-0.556207,53.6866,-0.164046,17.8228,-0.0356412,7.23875,-0.556207,16.8877,-0.164046,9.85536,-0.0356412,0.0209642,-0.997566,0.82633,-0.744403,2.12428,-0.0356412,2.35958,2.0746,1.54523,4.17621e-05
1977-06-30,mkt,278.614,-0.549093,115.584,-0.157163,26.5491,-0.0314743,74.7699,-0.549093,57.2747,-0.157163,18.4511,-0.0314743,8.19617,-0.549093,18.0164,-0.157163,10.2028,-0.0314743,0.023737,-0.997527,0.881558,-0.742299,2.19917,-0.0314743,2.34994,2.06473,1.53502,4.17621e-05
1977-07-31,mkt,267.125,-0.518231,113.439,-0.12472,26.3545,-0.0177493,71.6866,-0.518231,56.2121,-0.12472,18.3158,-0.0177493,7.85819,-0.518231,17.6821,-0.12472,10.128,-0.0177493,0.0227582,-0.997357,0.865202,-0.732379,2.18305,-0.0177493,2.37774,2.09353,1.56551,4.17621e-05
1977-08-31,mkt,255.909,-0.54542,111.328,-0.147832,26.1706,-0.0287276,68.6768,-0.54542,55.1661,-0.147832,18.1881,-0.0287276,7.52825,-0.54542,17.3531,-0.147832,10.0573,-0.0287276,0.0218027,-0.997507,0.849103,-0.739446,2.16782,-0.0287276,2.36666,2.08218,1.55372,4.17621e-05
1977-09-30,mkt,254.913,-0.556759,111.381,-0.156646,26.234,-0.0319125,68.4092,-0.556759,55.1923,-0.156646,18.2321,-0.0319125,7.49893,-0.556759,17.3613,-0.156646,10.0817,-0.0319125,0.0217177,-0.997569,0.849506,-0.74214,2.17307,-0.0319125,2.35527,2.07046,1.54156,4.17621e-05
1977-10-31,mkt,227.498,-0.605534,105.505,-0.202202,25.5901,-0.0561532,61.0522,-0.605534,52.2806,-0.202202,17.7846,-0.0561532,6.69246,-0.605534,16.4454,-0.202202,9.83423,-0.0561532,0.0193821,-0.997836,0.80469,-0.75607,2.11973,-0.0561532,2.35311,2.0683,1.53943,4.17621e-05
1977-11-30,mkt,252.351,-0.606335,111.473,-0.202359,26.3664,-0.0556278,67.7217,-0.606335,55.2381,-0.202359,18.3241,-0.0556278,7.42356,-0.606335,17.3757,-0.202359,10.1326,-0.0556278,0.0214995,-0.997841,0.85021,-0.756117,2.18404,-0.0556278,2.32506,2.0394,1.50927,4.17621e-05
1977-12-31,mkt,254.719,-0.57128,112.285,-0.163754,26.521,-0.0295291,68.3573,-0.57128,55.6402,-0.163754,18.4316,-0.0295291,7.49324,-0.57128,17.5022,-0.163754,10.192,-0.0295291,0.0217013,-0.997648,0.856399,-0.744314,2.19684,-0.0295291,2.34755,2.06292,1.53442,4.17621e-05
1978-01-31,mkt,217.413,-0.614877,104.033,-0.204679,25.5864,-0.0509768,58.3457,-0.614877,51.5513,-0.204679,17.782,-0.0509768,6.39578,-0.614877,16.216,-0.204679,9.83281,-0.0509768,0.0185229,-0.997888,0.793465,-0.756827,2.11942,-0.0509768,2.3484,2.06386,1.53566,4.17621e-05
1978-02-28,mkt,210.186,-0.620922,102.53,-0.208896,25.4519,-0.0513247,56.4063,-0.620922,50.8062,-0.208896,17.6885,-0.0513247,6.18319,-0.620922,15.9816,-0.208896,9.78112,-0.0513247,0.0179072,-0.997921,0.781995,-0.758116,2.10828,-0.0513247,2.30984,2.02414,1.49417,4.17621e-05
1978-03-31,mkt,226.72,-0.621556,106.765,-0.209219,26.0321,-0.0511314,60.8433,-0.621556,52.9047,-0.209219,18.0918,-0.0511314,6.66956,-0.621556,16.6417,-0.209219,10.0041,-0.0511314,0.0193158,-0.997924,0.814295,-0.758215,2.15634,-0.0511314,2.3007,2.01482,1.48453,4.17621e-05
1978-04-30,mkt,277.274,-0.598576,118.557,-0.183624,27.5224,-0.0339129,74.4102,-0.598576,58.7483,-0.183624,19.1275,-0.0339129,8.15674,-0.598576,18.4799,-0.183624,10.5768,-0.0339129,0.0236228,-0.997798,0.904239,-0.750389,2.27979,-0.0339129,2.31711,2.03182,1.50263,4.17621e-05
1978-05-31,mkt,291.04,-0.502361,121.816,-0.0869902,27.9644,-0.0149049,78.1044,-0.502361,60.3633,-0.0869902,19.4347,-0.0149049,8.5617,-0.502361,18.9879,-0.0869902,10.7467,-0.0149049,0.0247956,-0.99727,0.929096,-0.720843,2.3164,-0.0149049,2.36187,2.07837,1.55204,4.17621e-05
1978-06-30,mkt,278.949,-0.506519,119.608,-0.0863642,27.7758,-0.0320361,74.8598,-0.506519,59.269,-0.0863642,19.3036,-0.0320361,8.20603,-0.506519,18.6437,-0.0863642,10.6742,-0.0320361,0.0237656,-0.997293,0.912254,-0.720652,2.30078,-0.0320361,2.37161,2.08861,1.56309,4.17621e-05
1978-07-31,mkt,319.151,-0.512284,128.398,-0.0908587,28.8691,-0.0336766,85.6484,-0.512284,63.6247,-0.0908587,20.0635,-0.0336766,9.38867,-0.512284,20.0138,-0.0908587,11.0944,-0.0336766,0.0271906,-0.997325,0.979296,-0.722026,2.39135,-0.0336766,2.36016,2.07692,1.55106,4.17621e-05
1978-08-31,mkt,352.334,-0.422478,135.319,-0.0169231,29.7108,-0.00815214,94.5537,-0.422478,67.0542,-0.0169231,20.6484,-0.00815214,10.3648,-0.422478,21.0926,-0.0169231,11.4178,-0.00815214,0.0300177,-0.996832,1.03208,-0.696552,2.46106,-0.00815214,2.38965,2.10754,1.58353,4.17621e-05
1978-09-30,mkt,340.721,-0.39695,133.576,-0.066821,29.6133,-0.0324241,91.4371,-0.39695,66.1903,-0.066821,20.5806,-0.0324241,10.0232,-0.39695,20.8209,-0.066821,11.3804,-0.0324241,0.0290283,-0.996692,1.01878,-0.687925,2.45299,-0.0324241,2.41101,2.1298,1.60721,0.00118673
1978-10-31,mkt,245.414,-0.557387,113.994,-0.195837,27.4621,-0.0979105,65.8602,-0.557387,56.4869,-0.195837,19.0856,-0.0979105,7.21951,-0.557387,17.7686,-0.195837,10.5537,-0.0979105,0.0209085,-0.997572,0.869432,-0.731071,2.2748,-0.0979105,2.4012,2.11983,1.59703,4.17621e-05
1978-11-30,mkt,263.025,-0.562643,118.699,-0.197773,28.1306,-0.0971664,70.5863,-0.562643,58.8187,-0.197773,19.5502,-0.0971664,7.73758,-0.562643,18.5021,-0.197773,10.8106,-0.0971664,0.0224089,-0.997601,0.905322,-0.731718,2.33017,-0.0971664,2.32172,2.03809,1.51202,4.17621e-05
1978-12-31,mkt,270.245,-0.543503,120.966,-0.175827,28.5215,-0.0808395,72.524,-0.543503,59.9419,-0.175827,19.8219,-0.0808395,7.94998,-0.543503,18.8554,-0.175827,10.9608,-0.0808395,0.023024,-0.997496,0.922611,-0.724379,2.36256,-0.0808395,2.33445,2.05176,1.52748,4.17621e-05
1979-01-31,mkt,302.41,-0.504933,128.488,-0.139808,29.4981,-0.0592128,81.1557,-0.504933,63.6694,-0.139808,20.5006,-0.0592128,8.89618,-0.504933,20.0279,-0.139808,11.3361,-0.0592128,0.0257643,-0.997285,0.979984,-0.712333,2.44344,-0.0592128,2.33785,2.05561,1.53206,4.17621e-05
1979-02-28,mkt,276.742,-0.502257,123.466,-0.13039,29.0306,-0.0473285,74.2675,-0.502257,61.1805,-0.13039,20.1757,-0.0473285,8.14111,-0.502257,19.245,-0.13039,11.1564,-0.0473285,0.0235776,-0.99727,0.941675,-0.709184,2.40473,-0.0473285,2.36181,2.0805,1.55857,4.17621e-05
1979-03-31,mkt,321.873,-0.491937,133.818,-0.121035,30.361,-0.041826,86.3789,-0.491937,66.3104,-0.121035,21.1003,-0.041826,9.46874,-0.491937,20.8587,-0.121035,11.6677,-0.041826,0.0274225,-0.997213,1.02063,-0.706055,2.51492,-0.041826,2.33899,2.05709,1.53422,4.17621e-05
1979-04-30,mkt,323.405,-0.429739,134.739,-0.0641302,30.5911,-0.0120274,86.7902,-0.429739,66.7668,-0.0641302,21.2602,-0.0120274,9.51383,-0.429739,21.0022,-0.0641302,11.7561,-0.0120274,0.0275531,-0.996872,1.02766,-0.687025,2.53398,-0.0120274,2.37147,2.0908,1.56989,4.17621e-05
1979-05-31,mkt,307.623,-0.468843,132.093,-0.0907001,30.4287,-0.0251757,82.5547,-0.468843,65.4558,-0.0907001,21.1473,-0.0251757,9.04953,-0.468843,20.5898,-0.0907001,11.6937,-0.0251757,0.0262085,-0.997087,1.00748,-0.695911,2.52053,-0.0251757,2.37036,2.08976,1.56898,4.17621e-05
1979-06-30,mkt,341.597,-0.443518,139.842,-0.0665626,31.4436,-0.00967352,91.6723,-0.443518,69.2955,-0.0665626,21.8527,-0.00967352,10.049,-0.443518,21.7976,-0.0665626,12.0837,-0.00967352,0.029103,-0.996948,1.06658,-0.687839,2.6046,-0.00967352,2.35618,2.07525,1.55406,4.17621e-05
1979-07-31,mkt,351.418,-0.404779,142.516,-0.033818,31.8809,-0.0156293,94.3078,-0.404779,70.6206,-0.033818,22.1566,-0.0156293,10.3379,-0.404779,22.2145,-0.033818,12.2518,-0.0156293,0.0299397,-0.996735,1.08697,-0.674739,2.64083,-0.0156293,2.37814,2.09801,1.57814,4.17621e-05
1979-08-31,mkt,406.811,-0.360331,153.925,-0.00349372,33.2501,-0.00159686,109.173,-0.360331,76.2739,-0.00349372,23.1081,-0.00159686,11.9674,-0.360331,23.9928,-0.00349372,12.778,-0.00159686,0.034659,-0.996491,1.17399,-0.662141,2.75424,-0.00159686,2.38228,2.10246,1.58303,4.17621e-05
1979-09-30,mkt,400.105,-0.319627,153.379,-0.0362844,33.3253,-0.0178282,107.374,-0.319627,76.0032,-0.0362844,23.1604,-0.0178282,11.7701,-0.319627,23.9076,-0.0362844,12.8069,-0.0178282,0.0340877,-0.996268,1.16982,-0.650043,2.76047,-0.0178282,2.41417,2.1355,1.61789,0.0296096
1979-10-31,mkt,322.078,-0.4483,138.64,-0.14145,31.8517,-0.0702973,86.4338,-0.4483,68.6996,-0.14145,22.1363,-0.0702973,9.47476,-0.4483,21.6102,-0.14145,12.2406,-0.0702973,0.02744,-0.996974,1.05741,-0.681607,2.63841,-0.0702973,2.40784,2.12913,1.61162,0.0238059
1979-11-30,mkt,370.592,-0.441677,149.678,-0.134029,33.2797,-0.0642337,99.4533,-0.441677,74.1694,-0.134029,23.1288,-0.0642337,10.9019,-0.441677,23.3308,-0.134029,12.7894,-0.0642337,0.0315732,-0.996938,1.1416,-0.678855,2.7567,-0.0642337,2.35362,2.07367,1.55443,4.17621e-05
1979-12-31,mkt,391.479,-0.336537,154.665,-0.0510863,34.0023,-0.0160351,105.059,-0.336537,76.6407,-0.0510863,23.6309,-0.0160351,11.5164,-0.336537,24.1082,-0.0510863,13.067,-0.0160351,0.0333527,-0.996361,1.17963,-0.648095,2.81654,-0.0160351,2.38259,2.10383,1.58663,0.00110321
1980-01-31,mkt,452.8,-0.34386,167.325,-0.0507291,35.5359,-0.0209555,121.515,-0.34386,82.9138,-0.0507291,24.6967,-0.0209555,13.3203,-0.34386,26.0814,-0.0507291,13.6564,-0.0209555,0.0385771,-0.996401,1.27619,-0.647963,2.94358,-0.0209555,2.39258,2.11427,1.59774,0.0141549
1980-02-29,mkt,440.36,-0.225755,165.89,-0.0625883,35.5366,-0.0298399,118.176,-0.225755,82.2028,-0.0625883,24.6973,-0.0298399,12.9543,-0.225755,25.8578,-0.0625883,13.6567,-0.0298399,0.0375172,-0.995753,1.26524,-0.613699,2.94364,-0.0298399,2.4228,2.14583,1.63148,0.0542583
1980-03-31,mkt,308.316,-0.50285,140.356,-0.241343,32.9327,-0.121032,82.7408,-0.50285,69.55,-0.241343,22.8876,-0.121032,9.06994,-0.50285,21.8777,-0.241343,12.656,-0.121032,0.0262675,-0.997273,1.0705,-0.687363,2.72795,-0.121032,2.41357,2.13654,1.62226,0.0455997
1980-04-30,mkt,343.419,-0.470585,149.393,-0.211751,34.21,-0.10052,92.1611,-0.470585,74.028,-0.211751,23.7753,-0.10052,10.1026,-0.470585,23.2863,-0.211751,13.1469,-0.10052,0.0292582,-0.997096,1.13942,-0.675168,2.83376,-0.10052,2.32545,2.04641,1.5295,4.17621e-05
1980-05-31,mkt,394.826,-0.39108,161.034,-0.151796,35.6772,-0.0632493,105.957,-0.39108,79.7967,-0.151796,24.7949,-0.0632493,11.6149,-0.39108,25.1009,-0.151796,13.7107,-0.0632493,0.0336379,-0.99666,1.22821,-0.650461,2.95529,-0.0632493,2.34567,2.06776,1.55274,4.17621e-05
1980-06-30,mkt,427.769,-0.295852,168.308,-0.0829757,36.5979,-0.0215307,114.798,-0.295852,83.401,-0.0829757,25.4348,-0.0215307,12.584,-0.295852,26.2347,-0.0829757,14.0645,-0.0215307,0.0364446,-0.996138,1.28369,-0.622101,3.03155,-0.0215307,2.37481,2.09808,1.58501,0.0144571
1980-07-31,mkt,504.811,-0.217247,183.415,-0.029343,38.2985,-0.00794704,135.473,-0.217247,90.8869,-0.029343,26.6167,-0.00794704,14.8503,-0.217247,28.5895,-0.029343,14.7181,-0.00794704,0.0430082,-0.995707,1.39891,-0.599999,3.17242,-0.00794704,2.3909,2.11492,1.60309,0.0361059
1980-08-31,mkt,529.82,-0.101837,188.757,-0.0338676,38.9883,-0.0164372,142.184,-0.101837,93.5343,-0.0338676,27.0961,-0.0164372,15.5861,-0.101837,29.4222,-0.0338676,14.9832,-0.0164372,0.045139,-0.995074,1.43966,-0.570088,3.22956,-0.0164372,2.42688,2.1523,1.64267,0.0819759
1980-09-30,mkt,561.75,-0.14002,195.62,-0.0707061,39.8802,-0.035093,150.753,-0.14002,96.9351,-0.0707061,27.7159,-0.035093,16.5254,-0.14002,30.492,-0.0707061,15.3259,-0.035093,0.0478593,-0.994655,1.492,-0.548746,3.30344,-0.035093,2.43537,2.16133,1.65268,0.0951111
1980-10-31,mkt,579.89,-0.146619,200.018,-0.0733795,40.5295,-0.0350645,155.621,-0.146619,99.1145,-0.0733795,28.1672,-0.0350645,17.059,-0.146619,31.1775,-0.0733795,15.5754,-0.0350645,0.0494047,-0.994406,1.52554,-0.534161,3.35722,-0.0350645,2.44497,2.17171,1.66442,0.111315
1980-11-30,mkt,739.633,-0.102067,227.325,-0.0479327,43.4223,-0.0210811,198.49,-0.102067,112.646,-0.0479327,30.1776,-0.0210811,21.7583,-0.102067,35.4339,-0.0479327,16.6871,-0.0210811,0.0630143,-0.994114,1.73381,-0.521368,3.59684,-0.0210811,2.4487,2.17592,1.66952,0.119306
1980-12-31,mkt,661.559,-0.23718,216.961,-0.122664,42.7282,-0.0603955,177.538,-0.23718,107.51,-0.122664,29.6953,-0.0603955,19.4615,-0.23718,33.8185,-0.122664,16.4204,-0.0603955,0.0563627,-0.994419,1.65477,-0.529489,3.53935,-0.0603955,2.50023,2.22951,1.72647,0.185785
1981-01-31,mkt,582.347,-0.213638,204.94,-0.100045,41.7616,-0.0400745,156.281,-0.213638,101.553,-0.100045,29.0235,-0.0400745,17.1313,-0.213638,31.9446,-0.100045,16.0489,-0.0400745,0.0496141,-0.994246,1.56308,-0.517358,3.45928,-0.0400745,2.47002,2.19878,1.69518,0.15379
1981-02-28,mkt,596.396,-0.266389,208.863,-0.125168,42.4144,-0.0517598,160.051,-0.266389,103.497,-0.125168,29.4772,-0.0517598,17.5446,-0.266389,32.5561,-0.125168,16.2998,-0.0517598,0.050811,-0.994632,1.593,-0.530831,3.51336,-0.0517598,2.43766,2.16564,1.66099,0.11731
1981-03-31,mkt,659.636,-0.208447,221.15,-0.088379,43.899,-0.0257788,177.022,-0.208447,109.586,-0.088379,30.5089,-0.0257788,19.4049,-0.208447,34.4714,-0.088379,16.8703,-0.0257788,0.0561988,-0.994208,1.68671,-0.511102,3.63633,-0.0257788,2.43941,2.16774,1.66369,0.122057
1981-04-30,mkt,628.729,-0.153008,217.195,-0.0492909,43.7412,-0.0125514,168.728,-0.153008,107.626,-0.0492909,30.3993,-0.0125514,18.4957,-0.153008,33.8549,-0.0492909,16.8097,-0.0125514,0.0535656,-0.993803,1.65655,-0.490139,3.62326,-0.0125514,2.45864,2.18784,1.68525,0.147969
1981-05-31,mkt,637.237,-0.197868,220.126,-0.0695056,44.3079,-0.0227457,171.011,-0.197868,109.078,-0.0695056,30.7931,-0.0227457,18.746,-0.197868,34.3118,-0.0695056,17.0275,-0.0227457,0.0542905,-0.994131,1.67891,-0.50098,3.6702,-0.0227457,2.44493,2.17379,1.67079,0.132608
1981-06-30,mkt,606.017,-0.180652,216.266,-0.0517427,44.2175,-0.0127365,162.633,-0.180652,107.166,-0.0517427,30.7303,-0.0127365,17.8276,-0.180652,33.7101,-0.0517427,16.9927,-0.0127365,0.0516307,-0.994005,1.64946,-0.491454,3.66271,-0.0127365,2.4447,2.17369,1.67096,0.133674
1981-07-31,mkt,588.558,-0.257883,214.726,-0.08991,44.361,-0.0277398,157.947,-0.257883,106.402,-0.08991,30.83,-0.0277398,17.314,-0.257883,33.47,-0.08991,17.0479,-0.0277398,0.0501432,-0.99457,1.63772,-0.511923,3.6746,-0.0277398,2.42977,2.15847,1.65526,0.117104
1981-08-31,mkt,491.383,-0.33564,197.759,-0.130061,42.8581,-0.0501249,131.869,-0.33564,97.9947,-0.130061,29.7855,-0.0501249,14.4553,-0.33564,30.8253,-0.130061,16.4703,-0.0501249,0.0418642,-0.995139,1.50831,-0.533456,3.55011,-0.0501249,2.41957,2.1481,1.64473,0.106369
1981-09-30,mkt,407.899,-0.491196,181.786,-0.232871,41.377,-0.102701,109.465,-0.491196,90.08,-0.232871,28.7562,-0.102701,11.9994,-0.491196,28.3356,-0.232871,15.9011,-0.102701,0.0347517,-0.996277,1.38649,-0.588592,3.42742,-0.102701,2.37497,2.10231,1.5973,0.0551086
1981-10-31,mkt,465.526,-0.438712,195.575,-0.193019,43.171,-0.0785341,124.93,-0.438712,96.9124,-0.193019,30.003,-0.0785341,13.6947,-0.438712,30.4849,-0.193019,16.5905,-0.0785341,0.0396613,-0.995893,1.49165,-0.56722,3.57603,-0.0785341,2.3284,2.05473,1.54837,0.00344476
1981-11-30,mkt,511.436,-0.383516,206.228,-0.145624,44.5647,-0.043722,137.251,-0.383516,102.191,-0.145624,30.9716,-0.043722,15.0452,-0.383516,32.1454,-0.145624,17.1261,-0.043722,0.0435727,-0.995489,1.5729,-0.541802,3.69147,-0.043722,2.35452,2.08198,1.57756,0.0382288
1981-12-31,mkt,467.669,-0.378811,198.202,-0.136164,43.8885,-0.0321835,125.505,-0.378811,98.2146,-0.136164,30.5016,-0.0321835,13.7577,-0.378811,30.8945,-0.136164,16.8663,-0.0321835,0.0398439,-0.995455,1.51169,-0.536729,3.63546,-0.0321835,2.37264,2.1009,1.59778,0.0622093
1982-01-31,mkt,430.786,-0.474569,191.361,-0.201438,43.3182,-0.0656308,115.607,-0.474569,94.8244,-0.201438,30.1053,-0.0656308,12.6727,-0.474569,29.8281,-0.201438,16.6471,-0.0656308,0.0367016,-0.996156,1.45951,-0.571735,3.58822,-0.0656308,2.35015,2.07781,1.57377,0.0361059
1982-02-28,mkt,370.709,-0.51456,178.593,-0.22753,42.0608,-0.0763684,99.4849,-0.51456,88.4978,-0.22753,29.2314,-0.0763684,10.9054,-0.51456,27.8379,-0.22753,16.1639,-0.0763684,0.0315832,-0.996448,1.36214,-0.585728,3.48407,-0.0763684,2.32859,2.0559,1.55153,0.0135824
1982-03-31,mkt,355.874,-0.560557,176.013,-0.263044,41.9615,-0.0959197,95.5035,-0.560557,87.219,-0.263044,29.1624,-0.0959197,10.469,-0.560557,27.4357,-0.263044,16.1258,-0.0959197,0.0303193,-0.996785,1.34245,-0.604774,3.47584,-0.0959197,2.29194,2.01828,1.51256,4.17621e-05
1982-04-30,mkt,390.176,-0.501364,185.418,-0.211458,43.3034,-0.061198,104.709,-0.501364,91.8797,-0.211458,30.095,-0.061198,11.4781,-0.501364,28.9017,-0.211458,16.6414,-0.061198,0.0332418,-0.996352,1.41419,-0.577108,3.587,-0.061198,2.27989,2.0061,1.50027,4.17621e-05
1982-05-31,mkt,354.636,-0.520524,177.78,-0.217948,42.6218,-0.0553627,95.1714,-0.520524,88.0946,-0.217948,29.6213,-0.0553627,10.4326,-0.520524,27.7111,-0.217948,16.3795,-0.0553627,0.0302139,-0.996492,1.35593,-0.580589,3.53054,-0.0553627,2.29758,2.02451,1.51991,4.17621e-05
1982-06-30,mkt,329.151,-0.577061,172.217,-0.262731,42.1462,-0.0798773,88.3322,-0.577061,85.338,-0.262731,29.2908,-0.0798773,9.68286,-0.577061,26.844,-0.262731,16.1967,-0.0798773,0.0280426,-0.996905,1.3135,-0.604606,3.49114,-0.0798773,2.27352,1.99983,1.49423,4.17621e-05
1982-07-31,mkt,305.339,-0.587175,166.856,-0.266001,41.7104,-0.0773678,81.9418,-0.587175,82.6817,-0.266001,28.9879,-0.0773678,8.98235,-0.587175,26.0084,-0.266001,16.0292,-0.0773678,0.0260139,-0.996979,1.27262,-0.60636,3.45504,-0.0773678,2.25419,1.98002,1.47389,4.17621e-05
1982-08-31,mkt,401.353,-0.630538,192.719,-0.304198,45.0221,-0.0985662,107.708,-0.630538,95.4975,-0.304198,31.2895,-0.0985662,11.8069,-0.630538,30.0398,-0.304198,17.302,-0.0985662,0.034194,-0.997297,1.46987,-0.626844,3.72937,-0.0985662,2.23463,1.95996,1.45308,4.17621e-05
1982-09-30,mkt,415.393,-0.469748,196.75,-0.16182,45.6022,-0.0183662,111.476,-0.469748,97.4947,-0.16182,31.6927,-0.0183662,12.2199,-0.469748,30.668,-0.16182,17.5249,-0.0183662,0.0353901,-0.99612,1.50061,-0.550488,3.77742,-0.0183662,2.2915,2.01946,1.51697,4.17621e-05
1982-10-31,mkt,546.776,-0.425806,227.41,-0.124509,49.2342,-0.0233781,146.735,-0.425806,112.688,-0.124509,34.2168,-0.0233781,16.0849,-0.425806,35.4472,-0.124509,18.9206,-0.0233781,0.0465835,-0.995799,1.73446,-0.530478,4.07827,-0.0233781,2.29727,2.0257,1.52405,4.17621e-05
1982-11-30,mkt,614.403,-0.245946,242.721,-0.0743887,51.0731,-0.0361522,164.883,-0.245946,120.275,-0.0743887,35.4948,-0.0361522,18.0743,-0.245946,37.8337,-0.0743887,19.6273,-0.0361522,0.0523451,-0.994483,1.85124,-0.455271,4.23059,-0.0361522,2.35389,2.08497,1.58778,0.074025
1982-12-31,mkt,624.945,-0.228555,246.008,-0.0679201,51.6089,-0.0333877,167.712,-0.228555,121.904,-0.0679201,35.8672,-0.0333877,18.3844,-0.228555,38.3461,-0.0679201,19.8332,-0.0333877,0.0532433,-0.994356,1.87631,-0.446653,4.27498,-0.0333877,2.37568,2.10814,1.61333,0.107308
1983-01-31,mkt,684.838,-0.186862,258.969,-0.0589578,53.1503,-0.0289705,183.785,-0.186862,128.326,-0.0589578,36.9384,-0.0289705,20.1463,-0.186862,40.3664,-0.0589578,20.4256,-0.0289705,0.058346,-0.99405,1.97516,-0.430462,4.40265,-0.0289705,2.37679,2.1096,1.61545,0.111689
1983-02-28,mkt,734.132,-0.101666,269.209,-0.0252878,54.3616,-0.0107346,197.014,-0.101666,133.4,-0.0252878,37.7802,-0.0107346,21.5964,-0.101666,41.9625,-0.0252878,20.8911,-0.0107346,0.0625457,-0.993427,2.05326,-0.398058,4.50299,-0.0107346,2.39377,2.12758,1.6352,0.136775
1983-03-31,mkt,792.995,-0.0622894,281.026,-0.03016,55.747,-0.0139318,212.811,-0.0622894,139.256,-0.03016,38.7431,-0.0139318,23.328,-0.0622894,43.8044,-0.03016,21.4235,-0.0139318,0.0675606,-0.992568,2.14339,-0.355866,4.61775,-0.0139318,2.40697,2.14139,1.65008,0.154895
1983-04-30,mkt,942.979,-0.0431383,307.964,-0.0186304,58.6053,-0.00855075,253.061,-0.0431383,152.604,-0.0186304,40.7295,-0.00855075,27.7402,-0.0431383,48.0034,-0.0186304,22.5219,-0.00855075,0.0803387,-0.992417,2.34885,-0.347709,4.85451,-0.00855075,2.42169,2.15679,1.66652,0.174439
1983-05-31,mkt,959.528,-0.0459207,311.912,-0.0226509,59.1788,-0.0109106,257.502,-0.0459207,154.56,-0.0226509,41.1281,-0.0109106,28.2271,-0.0459207,48.6187,-0.0226509,22.7424,-0.0109106,0.0817487,-0.990974,2.37896,-0.285126,4.90202,-0.0109106,2.45723,2.19363,1.70546,0.219124
1983-06-30,mkt,1042.71,-0.0768691,326.576,-0.0382191,60.7703,-0.0188076,279.826,-0.0768691,161.827,-0.0382191,42.2342,-0.0188076,30.6741,-0.0768691,50.9044,-0.0382191,23.354,-0.0188076,0.0888357,-0.990561,2.4908,-0.265386,5.03385,-0.0188076,2.45897,2.19561,1.70785,0.222869
1983-07-31,mkt,939.769,-0.14031,311.81,-0.0661993,59.6439,-0.0287394,252.2,-0.14031,154.51,-0.0661993,41.4513,-0.0287394,27.6458,-0.14031,48.6028,-0.0661993,22.9211,-0.0287394,0.0800653,-0.990703,2.37818,-0.264391,4.94055,-0.0287394,2.47491,2.21223,1.72562,0.244051
1983-08-31,mkt,932.363,-0.195148,311.951,-0.0953074,59.8779,-0.043045,250.212,-0.195148,154.58,-0.0953074,41.6139,-0.043045,27.4279,-0.195148,48.6249,-0.0953074,23.011,-0.043045,0.0794343,-0.991296,2.37926,-0.287321,4.95993,-0.043045,2.44911,2.18591,1.69868,0.215935
1983-09-30,mkt,960.403,-0.14719,318.164,-0.0656464,60.7364,-0.0246672,257.737,-0.14719,157.659,-0.0656464,42.2106,-0.0246672,28.2528,-0.14719,49.5932,-0.0656464,23.3409,-0.0246672,0.0818233,-0.990778,2.42664,-0.263955,5.03104,-0.0246672,2.44513,2.18198,1.69491,0.212859
1983-10-31,mkt,882.756,-0.192465,306.566,-0.0819047,59.8821,-0.0350333,236.9,-0.192465,151.911,-0.0819047,41.6169,-0.0350333,25.9686,-0.192465,47.7854,-0.0819047,23.0126,-0.0350333,0.075208,-0.991267,2.33818,-0.276763,4.96028,-0.0350333,2.44924,2.18635,1.69973,0.2191
1983-11-30,mkt,938.393,-0.213535,317.25,-0.0930293,61.1172,-0.0400031,251.83,-0.213535,157.206,-0.0930293,42.4753,-0.0400031,27.6053,-0.213535,49.4507,-0.0930293,23.4873,-0.0400031,0.0799481,-0.991495,2.41967,-0.285526,5.06259,-0.0400031,2.42836,2.16497,1.67761,0.195358
1983-12-31,mkt,900.65,-0.207969,311.888,-0.0856812,60.7947,-0.0322002,241.702,-0.207969,154.549,-0.0856812,42.2511,-0.0322002,26.495,-0.207969,48.6149,-0.0856812,23.3633,-0.0322002,0.0767325,-0.991435,2.37877,-0.279738,5.03587,-0.0322002,2.43991,2.177,1.69039,0.210314
1984-01-31,mkt,860.691,-0.213993,306.366,-0.0834702,60.5172,-0.0255082,230.978,-0.213993,151.812,-0.0834702,42.0582,-0.0255082,25.3195,-0.213993,47.7542,-0.0834702,23.2567,-0.0255082,0.0733281,-0.9915,2.33666,-0.277996,5.01288,-0.0255082,2.42933,2.16611,1.67915,0.198117
1984-02-29,mkt,761.529,-0.33752,289.8,-0.154879,59.1179,-0.0608287,204.366,-0.33752,143.603,-0.154879,41.0858,-0.0608287,22.4024,-0.33752,45.172,-0.154879,22.7189,-0.0608287,0.0648798,-0.992836,2.21031,-0.334249,4.89697,-0.0608287,2.41711,2.15365,1.66628,0.184473
1984-03-31,mkt,778.105,-0.333189,294.172,-0.149708,59.7726,-0.055981,208.815,-0.333189,145.77,-0.149708,41.5408,-0.055981,22.89,-0.333189,45.8536,-0.149708,22.9705,-0.055981,0.066292,-0.992789,2.24366,-0.330176,4.95121,-0.055981,2.38746,2.12334,1.63513,0.151571
1984-04-30,mkt,772.719,-0.342637,294.522,-0.151774,60.0578,-0.0532908,207.369,-0.342637,145.944,-0.151774,41.739,-0.0532908,22.7316,-0.342637,45.9082,-0.151774,23.0801,-0.0532908,0.0658331,-0.992891,2.24633,-0.331803,4.97483,-0.0532908,2.39006,2.1262,1.63842,0.15635
1984-05-31,mkt,662.999,-0.39799,274.235,-0.181945,58.2195,-0.0639209,177.925,-0.39799,135.891,-0.181945,40.4614,-0.0639209,19.5039,-0.39799,42.7459,-0.181945,22.3737,-0.0639209,0.0564854,-0.99349,2.0916,-0.35557,4.82256,-0.0639209,2.38632,2.12247,1.63476,0.153043
1984-06-30,mkt,698.555,-0.398751,282.96,-0.180007,59.4022,-0.0603515,187.467,-0.398751,140.214,-0.180007,41.2834,-0.0603515,20.5498,-0.398751,44.1059,-0.180007,22.8282,-0.0603515,0.0595146,-0.993498,2.15814,-0.354043,4.92053,-0.0603515,2.35046,2.08558,1.59643,0.111148
1984-07-31,mkt,654.497,-0.429326,275.21,-0.196264,58.8385,-0.0646603,175.643,-0.429326,136.374,-0.196264,40.8916,-0.0646603,19.2538,-0.429326,42.8979,-0.196264,22.6116,-0.0646603,0.0557611,-0.993829,2.09903,-0.36685,4.87383,-0.0646603,2.35931,2.0949,1.60652,0.12364
1984-08-31,mkt,847.338,-0.369391,315.267,-0.153698,63.3006,-0.038944,227.395,-0.369391,156.223,-0.153698,43.9927,-0.038944,24.9267,-0.369391,49.1418,-0.153698,24.3263,-0.038944,0.0721905,-0.993181,2.40455,-0.333318,5.24345,-0.038944,2.34287,2.07804,1.58908,0.10489
1984-09-30,mkt,836.315,-0.24996,314.873,-0.070663,63.5709,-0.0102267,224.436,-0.24996,156.028,-0.070663,44.1805,-0.0102267,24.6024,-0.24996,49.0803,-0.070663,24.4302,-0.0102267,0.0712513,-0.991889,2.40154,-0.267907,5.26583,-0.0102267,2.39556,2.13277,1.64712,0.17234
1984-10-31,mkt,823.92,-0.287259,314.222,-0.0884089,63.8107,-0.0226598,221.11,-0.287259,155.705,-0.0884089,44.3472,-0.0226598,24.2378,-0.287259,48.9788,-0.0884089,24.5224,-0.0226598,0.0701953,-0.992292,2.39658,-0.281886,5.2857,-0.0226598,2.39023,2.12741,1.64169,0.166925
1984-11-30,mkt,790.316,-0.279802,308.926,-0.0779896,63.4809,-0.0242607,212.092,-0.279802,153.081,-0.0779896,44.118,-0.0242607,23.2492,-0.279802,48.1533,-0.0779896,24.3956,-0.0242607,0.0673324,-0.992212,2.35618,-0.273679,5.25838,-0.0242607,2.38444,2.12156,1.63584,0.161328
1984-12-31,mkt,832.079,-0.297759,318.162,-0.0868728,64.6282,-0.0269954,223.3,-0.297759,157.658,-0.0868728,44.9153,-0.0269954,24.4778,-0.297759,49.593,-0.0868728,24.8365,-0.0269954,0.0708904,-0.992406,2.42663,-0.280676,5.35341,-0.0269954,2.37352,2.11043,1.62445,0.149409
1985-01-31,mkt,1020.15,-0.271375,353.822,-0.0672577,68.3971,-0.0137486,273.77,-0.271375,175.328,-0.0672577,47.5347,-0.0137486,30.0103,-0.271375,55.1513,-0.0672577,26.2849,-0.0137486,0.0869133,-0.992121,2.6986,-0.265224,5.66561,-0.0137486,2.38292,2.12024,1.63493,0.161972
1985-02-28,mkt,1057.68,-0.0774883,361.479,-0.0243474,69.3393,-0.011194,283.841,-0.0774883,179.123,-0.0243474,48.1895,-0.011194,31.1143,-0.0774883,56.3449,-0.0243474,26.647,-0.011194,0.0901105,-0.990024,2.75701,-0.169942,5.74366,-0.011194,2.42492,2.16372,1.68084,0.214481
1985-03-31,mkt,1039.89,-0.0929485,359.743,-0.0430371,69.3998,-0.0200885,279.067,-0.0929485,178.262,-0.0430371,48.2315,-0.0200885,30.591,-0.0929485,56.0744,-0.0430371,26.6703,-0.0200885,0.0885949,-0.990191,2.74377,-0.172567,5.74867,-0.0200885,2.43115,2.17026,1.68783,0.222829
1985-04-30,mkt,1019.47,-0.0808975,357.433,-0.0343872,69.4004,-0.0135266,273.59,-0.0808975,177.118,-0.0343872,48.2319,-0.0135266,29.9905,-0.0808975,55.7142,-0.0343872,26.6705,-0.0135266,0.086856,-0.990061,2.72615,-0.165088,5.74872,-0.0135266,2.42573,2.16474,1.68225,0.217247
1985-05-31,mkt,1165.57,-0.0834648,383.68,-0.0330097,72.1518,-0.0153263,312.797,-0.0834648,190.123,-0.0330097,50.1441,-0.0153263,34.2884,-0.0834648,59.8054,-0.0330097,27.7279,-0.0153263,0.0993031,-0.990089,2.92633,-0.163897,5.97663,-0.0153263,2.41984,2.15874,1.67605,0.210672
1985-06-30,mkt,1210.51,-0.0667151,392.342,-0.0330359,73.1885,-0.0158756,324.855,-0.0667151,194.416,-0.0330359,50.8646,-0.0158756,35.6102,-0.0667151,61.1556,-0.0330359,28.1262,-0.0158756,0.103131,-0.988968,2.9924,-0.113221,6.0625,-0.0158756,2.44692,2.18679,1.70563,0.244424
1985-07-31,mkt,1193.87,-0.0835806,391.133,-0.0412446,73.3269,-0.0195862,320.392,-0.0835806,193.817,-0.0412446,50.9608,-0.0195862,35.1209,-0.0835806,60.9672,-0.0412446,28.1794,-0.0195862,0.101714,-0.988361,2.98318,-0.0842784,6.07397,-0.0195862,2.45348,2.19363,1.71293,0.253043
1985-08-31,mkt,1167.13,-0.119601,387.743,-0.0585715,73.1769,-0.026952,313.215,-0.119601,192.137,-0.0585715,50.8565,-0.026952,34.3343,-0.119601,60.4387,-0.0585715,28.1218,-0.026952,0.0994358,-0.988819,2.95732,-0.100828,6.06154,-0.026952,2.44867,2.18878,1.70802,0.248169
1985-09-30,mkt,1038.36,-0.198814,367.007,-0.0980409,71.4078,-0.0440001,278.659,-0.198814,181.862,-0.0980409,49.627,-0.0440001,30.5462,-0.198814,57.2065,-0.0980409,27.4419,-0.0440001,0.0884653,-0.989825,2.79917,-0.138525,5.915,-0.0440001,2.44251,2.18248,1.70159,0.241491
1985-10-31,mkt,1156.37,-0.195982,388.862,-0.0951469,73.7679,-0.0412601,310.329,-0.195982,192.692,-0.0951469,51.2672,-0.0412601,34.0178,-0.195982,60.6132,-0.0951469,28.3489,-0.0412601,0.0985194,-0.989789,2.96586,-0.135761,6.11049,-0.0412601,2.41556,2.15477,1.67281,0.210107
1985-11-30,mkt,1368.04,-0.0824844,424.483,-0.030256,77.3158,-0.00458665,367.132,-0.0824844,210.343,-0.030256,53.733,-0.00458665,40.2445,-0.0824844,66.1655,-0.030256,29.7124,-0.00458665,0.116553,-0.988347,3.23754,-0.073783,6.40439,-0.00458665,2.43687,2.1769,1.69616,0.236815
1985-12-31,mkt,1516.65,-0.0553946,448.728,-0.0270402,79.7607,-0.0126803,407.014,-0.0553946,222.357,-0.0270402,55.4321,-0.0126803,44.6163,-0.0553946,69.9447,-0.0270402,30.6519,-0.0126803,0.129214,-0.986732,3.42246,-0.0270402,6.6069,-0.0126803,2.47144,2.21259,1.73374,0.279457
1986-01-31,mkt,1548.48,-0.0988126,455.474,-0.0484057,80.6483,-0.0227116,415.555,-0.0988126,225.699,-0.0484057,56.049,-0.0227116,45.5525,-0.0988126,70.9962,-0.0484057,30.993,-0.0227116,0.131925,-0.986018,3.47391,-0.0484057,6.68043,-0.0227116,2.49165,2.23361,1.75601,0.305258
1986-02-28,mkt,1861.25,-0.0237705,501.123,-0.0117353,84.8491,-0.00571763,499.49,-0.0237705,248.32,-0.0117353,58.9685,-0.00571763,54.7535,-0.0237705,78.1116,-0.0117353,32.6074,-0.00571763,0.158572,-0.984402,3.82207,-0.0117353,7.0284,-0.00571763,2.49373,2.23596,1.75891,0.309901
1986-03-31,mkt,2117.81,-0.0221016,536.543,-0.0105579,88.0765,-0.00512895,568.342,-0.0221016,265.871,-0.0105579,61.2114,-0.00512895,62.3009,-0.0221016,83.6327,-0.0105579,33.8477,-0.00512895,0.18043,-0.981921,4.09222,-0.0105579,7.29574,-0.00512895,2.53152,2.27507,1.80003,0.356582
1986-04-30,mkt,2047.64,-0.0980548,529.594,-0.0494182,87.7323,-0.0244339,549.512,-0.0980548,262.428,-0.0494182,60.9722,-0.0244339,60.2367,-0.0980548,82.5496,-0.0494182,33.7154,-0.0244339,0.174452,-0.981104,4.03922,-0.0494182,7.26722,-0.0244339,2.55739,2.30189,1.82829,0.388959
1986-05-31,mkt,2308.47,-0.109061,563.96,-0.0535616,90.7434,-0.0251091,619.508,-0.109061,279.457,-0.0535616,63.0648,-0.0251091,67.9096,-0.109061,87.9063,-0.0535616,34.8726,-0.0251091,0.196674,-0.980109,4.30134,-0.0535616,7.51664,-0.0251091,2.54789,2.29235,1.8189,0.3803
1986-06-30,mkt,2376.83,-0.0768541,573.961,-0.0379907,91.757,-0.0182857,637.856,-0.0768541,284.413,-0.0379907,63.7693,-0.0182857,69.9209,-0.0768541,89.4652,-0.0379907,35.2621,-0.0182857,0.202499,-0.978851,4.37761,-0.0379907,7.60061,-0.0182857,2.57204,2.31738,1.84534,0.410713
1986-07-31,mkt,1998.43,-0.184829,528.496,-0.0937593,88.2843,-0.0462471,536.305,-0.184829,261.884,-0.0937593,61.3558,-0.0462471,58.7891,-0.184829,82.3783,-0.0937593,33.9275,-0.0462471,0.17026,-0.980422,4.03085,-0.0937593,7.31294,-0.0462471,2.57666,2.32229,1.85076,0.417782
1986-08-31,mkt,2336.45,-0.185951,573.08,-0.0940785,92.1436,-0.0457433,627.019,-0.185951,283.976,-0.0940785,64.038,-0.0457433,68.733,-0.185951,89.3279,-0.0940785,35.4107,-0.0457433,0.199058,-0.980449,4.37089,-0.0940785,7.63263,-0.0457433,2.53695,2.28171,1.80899,0.37343
1986-09-30,mkt,1842.24,-0.254025,511.609,-0.126024,87.3129,-0.0591954,494.389,-0.254025,253.516,-0.126024,60.6807,-0.0591954,54.1943,-0.254025,79.7461,-0.126024,33.5542,-0.0591954,0.156953,-0.982084,3.90205,-0.126024,7.23248,-0.0591954,2.56888,2.31475,1.84382,0.413067
1986-10-31,mkt,2080.32,-0.22456,545.233,-0.108491,90.3572,-0.0484444,558.283,-0.22456,270.177,-0.108491,62.7965,-0.0484444,61.1982,-0.22456,84.9872,-0.108491,34.7242,-0.0484444,0.177237,-0.981376,4.1585,-0.108491,7.48466,-0.0484444,2.51451,2.25931,1.78693,0.353315
1986-11-30,mkt,2147.19,-0.203793,555.585,-0.0923477,91.4091,-0.0362075,576.229,-0.203793,275.307,-0.0923477,63.5275,-0.0362075,63.1654,-0.203793,86.6009,-0.0923477,35.1284,-0.0362075,0.182934,-0.980878,4.23746,-0.0923477,7.57179,-0.0362075,2.539,2.28467,1.81367,0.383735
1986-12-31,mkt,1973.9,-0.186957,534.303,-0.0791271,89.8571,-0.028051,529.723,-0.186957,264.762,-0.0791271,62.4489,-0.028051,58.0676,-0.186957,83.2836,-0.0791271,34.532,-0.028051,0.16817,-0.980473,4.07514,-0.0791271,7.44323,-0.028051,2.54405,2.29006,1.81967,0.391647
1987-01-31,mkt,2678.51,-0.148718,624.845,-0.0573794,97.4222,-0.0164768,718.813,-0.148718,309.628,-0.0573794,67.7065,-0.0164768,78.7954,-0.148718,97.3967,-0.0573794,37.4392,-0.0164768,0.2282,-0.979555,4.76571,-0.0573794,8.06987,-0.0164768,2.52452,2.27005,1.79903,0.369551
1987-02-28,mkt,2999.43,-0.0463873,663.076,-0.0230556,100.572,-0.0112684,804.937,-0.0463873,328.572,-0.0230556,69.8956,-0.0112684,88.2361,-0.0463873,103.356,-0.0230556,38.6497,-0.0112684,0.255541,-0.972841,5.05729,-0.0230556,8.33079,-0.0112684,2.58717,2.33493,1.86743,0.447797
1987-03-31,mkt,3132.5,-0.0930599,679.961,-0.0466841,102.1,-0.0230806,840.649,-0.0930599,336.939,-0.0466841,70.9576,-0.0230806,92.1508,-0.0930599,105.988,-0.0466841,39.237,-0.0230806,0.266879,-0.970493,5.18608,-0.0466841,8.45738,-0.0230806,2.60963,2.35823,1.89208,0.476286
1987-04-30,mkt,2956.84,-0.186064,663.827,-0.094395,101.162,-0.0468884,793.509,-0.186064,328.944,-0.094395,70.3058,-0.0468884,86.9834,-0.186064,103.473,-0.094395,38.8766,-0.0468884,0.251914,-0.972688,5.06302,-0.094395,8.37969,-0.0468884,2.61687,2.36588,1.9005,0.487028
1987-05-31,mkt,2966.53,-0.209298,667.282,-0.103193,101.668,-0.0486303,796.107,-0.209298,330.656,-0.103193,70.6571,-0.0486303,87.2682,-0.209298,104.011,-0.103193,39.0708,-0.0486303,0.252738,-0.973468,5.08937,-0.103193,8.42156,-0.0486303,2.6014,2.35042,1.88525,0.473058
1987-06-30,mkt,3286.77,-0.13652,704.333,-0.0616249,104.698,-0.0259324,882.05,-0.13652,349.016,-0.0616249,72.7627,-0.0259324,96.6892,-0.13652,109.787,-0.0616249,40.2351,-0.0259324,0.280023,-0.971026,5.37196,-0.0616249,8.67253,-0.0259324,2.59996,2.34921,1.88448,0.473868
1987-07-31,mkt,3639.3,-0.0509275,743.13,-0.0252861,107.792,-0.0122988,976.656,-0.0509275,368.241,-0.0252861,74.9135,-0.0122988,107.06,-0.0509275,115.834,-0.0252861,41.4244,-0.0122988,0.310057,-0.967684,5.66787,-0.0252861,8.92887,-0.0122988,2.6202,2.37015,1.90656,0.499121
1987-08-31,mkt,3988.47,-0.0609811,780.505,-0.0304987,110.734,-0.0150267,1070.36,-0.0609811,386.761,-0.0304987,76.958,-0.0150267,117.331,-0.0609811,121.66,-0.0304987,42.555,-0.0150267,0.339805,-0.964622,5.95292,-0.0304987,9.17256,-0.0150267,2.64042,2.39107,1.92856,0.524112
1987-09-30,mkt,3728.53,-0.177084,757.401,-0.0900311,109.355,-0.0440496,1000.6,-0.177084,375.312,-0.0900311,75.9992,-0.0440496,109.685,-0.177084,118.059,-0.0900311,42.0248,-0.0440496,0.317659,-0.96606,5.77671,-0.0900311,9.05828,-0.0440496,2.65786,2.40922,1.94793,0.546915
1987-10-31,mkt,1608.34,-0.697406,533.747,-0.409321,93.3645,-0.217109,431.619,-0.697406,264.486,-0.409321,64.8865,-0.217109,38.6383,-0.752888,74.7897,-0.469011,33.9657,-0.258876,0.0995511,-0.989808,3.44531,-0.469011,7.0994,-0.258876,2.64142,2.39256,1.93099,0.529733
1987-11-30,mkt,1291.43,-0.690246,481.569,-0.396145,88.9669,-0.204812,346.571,-0.690246,238.63,-0.396145,61.8302,-0.204812,31.0249,-0.747041,67.4785,-0.457165,32.3659,-0.247234,0.0799353,-0.990719,3.1085,-0.488941,6.765,-0.270037,2.40919,2.16845,1.6797,0.278395
1987-12-31,mkt,1524.51,-0.715849,526.697,-0.420831,93.3499,-0.220737,409.124,-0.715849,260.992,-0.420831,64.8763,-0.220737,36.6246,-0.76795,73.8018,-0.479357,33.9604,-0.26231,0.0943628,-0.991486,3.3998,-0.509834,7.09829,-0.284656,2.36147,2.11982,1.62986,0.227243
1988-01-31,mkt,1676.64,-0.646803,556.314,-0.34697,96.1775,-0.168714,449.95,-0.646803,275.668,-0.34697,66.8415,-0.168714,40.2793,-0.711563,77.9518,-0.412959,34.9891,-0.213062,0.103779,-0.989417,3.59098,-0.447323,7.3133,-0.2369,2.39069,2.15072,1.66399,0.270364
1988-02-29,mkt,1896.1,-0.619235,593.443,-0.320702,99.5619,-0.151159,508.843,-0.619235,294.067,-0.320702,69.1936,-0.151159,45.5514,-0.68905,83.1544,-0.389346,36.2203,-0.196444,0.117363,-0.988591,3.83064,-0.425092,7.57065,-0.220785,2.40499,2.16651,1.68269,0.297738
1988-03-31,mkt,1789.17,-0.575874,578.424,-0.279227,98.5467,-0.122225,480.149,-0.575874,286.624,-0.279227,68.488,-0.122225,42.9827,-0.65364,81.0499,-0.352062,35.851,-0.169054,0.110744,-0.987291,3.73369,-0.389991,7.49345,-0.194225,2.4277,2.1902,1.70808,0.327456
1988-04-30,mkt,1813.64,-0.584744,584.826,-0.284077,99.3426,-0.124369,486.715,-0.584744,289.797,-0.284077,69.0412,-0.124369,43.5705,-0.660883,81.947,-0.356422,36.1405,-0.171083,0.112259,-0.987557,3.77502,-0.394095,7.55397,-0.196193,2.41465,2.17684,1.69429,0.313063
1988-05-31,mkt,1802.66,-0.607141,585.125,-0.30144,99.6133,-0.131825,483.768,-0.607141,289.945,-0.30144,69.2293,-0.131825,43.3067,-0.679174,81.9889,-0.372031,36.239,-0.178141,0.111579,-0.988228,3.77695,-0.40879,7.57455,-0.203037,2.41503,2.17756,1.69581,0.316991
1988-06-30,mkt,2036.98,-0.553392,624.2,-0.253986,103.147,-0.101984,546.651,-0.553392,309.308,-0.253986,71.6852,-0.101984,48.9359,-0.63528,87.4641,-0.329372,37.5246,-0.149892,0.126083,-0.986618,4.02918,-0.368629,7.84326,-0.175643,2.41208,2.1747,1.69324,0.315585
1988-07-31,mkt,1977.96,-0.557946,617.557,-0.252979,102.931,-0.0967438,530.813,-0.557946,306.016,-0.252979,71.5349,-0.0967438,47.5181,-0.638998,86.5334,-0.328467,37.4459,-0.144932,0.12243,-0.986754,3.9863,-0.367777,7.82682,-0.170834,2.43428,2.19792,1.71818,0.345056
1988-08-31,mkt,1820.28,-0.580988,595.026,-0.269894,101.408,-0.104347,488.498,-0.580988,294.851,-0.269894,70.4765,-0.104347,43.7301,-0.657816,83.3762,-0.343673,36.8919,-0.15213,0.11267,-0.987445,3.84086,-0.382092,7.71101,-0.177813,2.4267,2.19016,1.71033,0.337225
1988-09-30,mkt,1991.6,-0.575832,624.773,-0.264391,104.257,-0.099863,534.472,-0.575832,309.592,-0.264391,72.4566,-0.099863,47.8457,-0.653605,87.5445,-0.338726,37.9284,-0.147884,0.123274,-0.98729,4.03288,-0.377435,7.92767,-0.173697,2.40843,2.17142,1.69079,0.316165
1988-10-31,mkt,2060.17,-0.528376,638.01,-0.221327,105.712,-0.0706952,552.873,-0.528376,316.151,-0.221327,73.4675,-0.0706952,49.493,-0.614851,89.3992,-0.300013,38.4576,-0.120273,0.127518,-0.985868,4.11832,-0.340989,8.03827,-0.146922,2.42439,2.18804,1.70856,0.336824
1988-11-30,mkt,1948.62,-0.566949,623.026,-0.249201,104.816,-0.0828718,522.939,-0.566949,308.726,-0.249201,72.8452,-0.0828718,46.8133,-0.646351,87.2996,-0.325071,38.1318,-0.1318,0.120614,-0.987024,4.0216,-0.364579,7.97018,-0.158099,2.42919,2.19313,1.71423,0.344118
1988-12-31,mkt,2036.82,-0.537093,639.18,-0.222281,106.51,-0.0649767,546.607,-0.537093,316.73,-0.222281,74.0221,-0.0649767,48.932,-0.621969,89.5631,-0.300871,38.7479,-0.114859,0.126073,-0.986129,4.12587,-0.341796,8.09895,-0.141672,2.41645,2.18005,1.70072,0.329841
1989-01-31,mkt,2387.29,-0.521796,694.582,-0.206869,111.397,-0.0528337,640.663,-0.521796,344.184,-0.206869,77.4184,-0.0528337,57.3518,-0.609477,97.3262,-0.287017,40.5257,-0.103364,0.147766,-0.985671,4.48349,-0.328753,8.47055,-0.130525,2.42366,2.1876,1.70874,0.33921
1989-02-28,mkt,2259.47,-0.463721,678.158,-0.154351,110.406,-0.0195747,606.358,-0.463721,336.045,-0.154351,76.7299,-0.0195747,54.2809,-0.56205,95.0249,-0.239806,40.1653,-0.0687097,0.139854,-0.983931,4.37747,-0.284305,8.39522,-0.0969205,2.45306,2.21811,1.74116,0.376306
1989-03-31,mkt,2363.57,-0.463142,696.494,-0.153497,112.282,-0.0198066,634.296,-0.463142,345.131,-0.153497,78.0338,-0.0198066,56.7819,-0.561577,97.5941,-0.239037,40.8479,-0.0678151,0.146298,-0.983914,4.49583,-0.283582,8.53788,-0.096053,2.44073,2.20542,1.728,0.362213
1989-04-30,mkt,2650.66,-0.429824,740.165,-0.123851,116.111,-0.00503589,711.34,-0.429824,366.772,-0.123851,80.6948,-0.00503589,63.6788,-0.534369,103.713,-0.212387,42.2408,-0.048151,0.164068,-0.982915,4.77773,-0.258492,8.82903,-0.0769846,2.44762,2.21271,1.73596,0.372046
1989-05-31,mkt,2909.59,-0.380114,779.362,-0.0822401,119.689,-0.00561763,780.828,-0.380114,386.195,-0.0822401,83.1817,-0.00561763,69.8994,-0.493773,109.206,-0.174981,43.5426,-0.0216839,0.180095,-0.981426,5.03074,-0.223276,9.10112,-0.0513192,2.4685,2.23435,1.75898,0.398482
1989-06-30,mkt,2817.96,-0.324102,770.263,-0.0387068,119.41,-0.0190149,756.236,-0.324102,381.686,-0.0387068,82.9877,-0.0190149,67.6979,-0.448031,107.931,-0.131744,43.441,-0.0190149,0.174423,-0.979747,4.97201,-0.18257,9.0799,-0.0202535,2.48452,2.25102,1.77679,0.4191
1989-07-31,mkt,3390.25,-0.318063,847.902,-0.0342685,125.679,-0.0166031,909.82,-0.318063,420.158,-0.0342685,87.3442,-0.0166031,81.4467,-0.4431,118.81,-0.127735,45.7215,-0.0166031,0.209846,-0.979566,5.47316,-0.178795,9.55656,-0.0178448,2.47633,2.24268,1.76829,0.410463
1989-08-31,mkt,3535.54,-0.207745,869.548,-0.0252377,127.738,-0.0112978,948.809,-0.207745,430.884,-0.0252377,88.7751,-0.0112978,84.9369,-0.353009,121.843,-0.0540503,46.4705,-0.0112978,0.218839,-0.976261,5.61289,-0.109424,9.71311,-0.0112978,2.51071,2.27832,1.80612,0.453673
1989-09-30,mkt,3486.45,-0.194354,866.39,-0.0315394,127.9,-0.0146694,935.634,-0.194354,429.319,-0.0315394,88.8878,-0.0146694,83.7576,-0.342073,121.4,-0.0431304,46.5295,-0.0146694,0.2158,-0.97586,5.5925,-0.099143,9.72544,-0.0146694,2.51696,2.28493,1.8133,0.462552
1989-10-31,mkt,3151.58,-0.269897,829.84,-0.0926457,125.708,-0.0444499,845.769,-0.269897,411.208,-0.0926457,87.3645,-0.0444499,75.7128,-0.403765,116.279,-0.0926457,45.7321,-0.0444499,0.195073,-0.978123,5.35657,-0.134771,9.55878,-0.0444499,2.51285,2.28071,1.80893,0.458002
1989-11-30,mkt,3253.54,-0.280844,846.279,-0.098474,127.365,-0.0467237,873.131,-0.280844,419.354,-0.098474,88.516,-0.0467237,78.1622,-0.412705,118.582,-0.098474,46.3349,-0.0467237,0.201384,-0.978451,5.46269,-0.140329,9.68476,-0.0467237,2.48896,2.25666,1.78488,0.434846
1989-12-31,mkt,3369.54,-0.255034,864.387,-0.0775397,129.128,-0.0311717,904.261,-0.255034,428.327,-0.0775397,89.7414,-0.0311717,80.949,-0.391627,121.12,-0.0775397,46.9763,-0.0311717,0.208564,-0.977678,5.57957,-0.120367,9.81884,-0.0311717,2.49353,2.26146,1.79015,0.441313
1990-01-31,mkt,2729.82,-0.372832,782.198,-0.14835,123.304,-0.0647887,732.584,-0.372832,387.6,-0.14835,85.6939,-0.0647887,65.5806,-0.487827,109.603,-0.14835,44.8576,-0.0647887,0.168968,-0.981207,5.04905,-0.187889,9.37599,-0.0647887,2.49869,2.26688,1.79606,0.448612
1990-02-28,mkt,2820.94,-0.359117,797.949,-0.136226,124.916,-0.0555691,757.037,-0.359117,395.405,-0.136226,86.814,-0.0555691,67.7696,-0.476626,111.81,-0.136226,45.444,-0.0555691,0.174608,-0.980797,5.15072,-0.176329,9.49854,-0.0555691,2.4552,2.2222,1.74952,0.398219
1990-03-31,mkt,2971.1,-0.318581,822.152,-0.108672,127.236,-0.0400147,797.333,-0.318581,407.398,-0.108672,88.4264,-0.0400147,71.3769,-0.443522,115.202,-0.108672,46.288,-0.0400147,0.183902,-0.979582,5.30695,-0.150053,9.67496,-0.0400147,2.46,2.22726,1.75505,0.405128
1990-04-30,mkt,2728.88,-0.353274,790.868,-0.125251,125.189,-0.0429396,732.333,-0.353274,391.896,-0.125251,87.0039,-0.0429396,65.5581,-0.471855,110.818,-0.125251,45.5434,-0.0429396,0.16891,-0.980621,5.10501,-0.165863,9.51932,-0.0429396,2.46832,2.23596,1.76443,0.416309
1990-05-31,mkt,3384.52,-0.338077,884.421,-0.114739,132.852,-0.0369097,908.282,-0.338077,438.254,-0.114739,92.3298,-0.0369097,81.309,-0.459444,123.927,-0.114739,48.3313,-0.0369097,0.209492,-0.980166,5.70889,-0.155839,10.102,-0.0369097,2.45021,2.21733,1.74497,0.395159
1990-06-30,mkt,3302.02,-0.238528,877.103,-0.0491588,132.748,-0.0223815,886.14,-0.238528,434.628,-0.0491588,92.2573,-0.0223815,79.3269,-0.378148,122.901,-0.0491588,48.2933,-0.0223815,0.204385,-0.977183,5.66165,-0.0877826,10.0941,-0.0223815,2.48998,2.2586,1.78881,0.445284
1990-07-31,mkt,3154.31,-0.250555,860.76,-0.0562093,131.951,-0.0270709,846.5,-0.250555,426.53,-0.0562093,91.7031,-0.0270709,75.7783,-0.38797,120.611,-0.0562093,48.0032,-0.0270709,0.195242,-0.977544,5.55616,-0.0911226,10.0335,-0.0270709,2.4834,2.25189,1.78203,0.438485
1990-08-31,mkt,2375.42,-0.498782,753.506,-0.222871,124.043,-0.113768,637.477,-0.498782,373.382,-0.222871,86.2077,-0.113768,57.0667,-0.590683,105.583,-0.222871,45.1266,-0.113768,0.147032,-0.984981,4.86384,-0.251619,9.43221,-0.113768,2.47272,2.24098,1.77074,0.426725
1990-09-30,mkt,2017.44,-0.534517,697.51,-0.246358,119.733,-0.123523,541.407,-0.534517,345.635,-0.246358,83.2122,-0.123523,48.4665,-0.619865,97.7365,-0.246358,43.5586,-0.123523,0.124873,-0.986052,4.50239,-0.274237,9.10446,-0.123523,2.41305,2.18005,1.70808,0.36136
1990-10-31,mkt,1916.15,-0.564759,684.416,-0.268658,119.114,-0.13485,514.224,-0.564759,339.146,-0.268658,82.7817,-0.13485,46.0331,-0.644563,95.9018,-0.268658,43.3332,-0.13485,0.118604,-0.986958,4.41787,-0.295712,9.05736,-0.13485,2.37936,2.14548,1.67207,0.322479
1990-11-30,mkt,2253.76,-0.530767,745.897,-0.237751,124.795,-0.114426,604.828,-0.530767,369.612,-0.237751,86.7304,-0.114426,54.1439,-0.616803,104.517,-0.237751,45.4002,-0.114426,0.139501,-0.98594,4.81473,-0.265949,9.4894,-0.114426,2.36599,2.13209,1.65902,0.311078
1990-12-31,mkt,2412.34,-0.449646,774.463,-0.170461,127.563,-0.072848,647.384,-0.449646,383.767,-0.170461,88.654,-0.072848,57.9535,-0.550556,108.519,-0.170461,46.4072,-0.072848,0.149317,-0.983509,4.99911,-0.201148,9.69987,-0.072848,2.39495,2.16228,1.69137,0.349095
1991-01-31,mkt,2714.9,-0.498148,825.33,-0.20423,132.054,-0.0885242,728.58,-0.498148,408.973,-0.20423,91.7752,-0.0885242,65.2221,-0.590165,115.647,-0.20423,48.041,-0.0885242,0.168044,-0.984962,5.32746,-0.233668,10.0414,-0.0885242,2.40651,2.17434,1.70426,0.364104
1991-02-28,mkt,3257.83,-0.349136,908.251,-0.0905688,138.986,-0.0234535,874.282,-0.349136,450.063,-0.0905688,96.5924,-0.0234535,78.2653,-0.468475,127.266,-0.0905688,50.5626,-0.0234535,0.20165,-0.980497,5.86271,-0.124211,10.5684,-0.0234535,2.42685,2.19565,1.72746,0.392415
1991-03-31,mkt,3493.29,-0.215349,943.333,-0.0322269,141.964,-0.0151727,937.47,-0.215349,467.447,-0.0322269,98.6624,-0.0151727,83.9219,-0.359219,132.182,-0.0322269,51.6462,-0.0151727,0.216224,-0.976489,6.08916,-0.0322269,10.7949,-0.0151727,2.45953,2.22971,1.76385,0.434957
1991-04-30,mkt,3472.67,-0.180587,943.937,-0.0544291,142.372,-0.0267169,931.938,-0.180587,467.746,-0.0544291,98.946,-0.0267169,83.4267,-0.330831,132.266,-0.0544291,51.7946,-0.0267169,0.214948,-0.975447,6.09306,-0.0544291,10.8259,-0.0267169,2.47145,2.24214,1.77726,0.450998
1991-05-31,mkt,3818.1,-0.204133,993.074,-0.0716299,146.394,-0.0342714,1024.64,-0.204133,492.095,-0.0716299,101.741,-0.0342714,91.7251,-0.350059,139.152,-0.0716299,53.2577,-0.0342714,0.236329,-0.976153,6.41024,-0.0716299,11.1317,-0.0342714,2.46853,2.23933,1.77471,0.449439
1991-06-30,mkt,3351.49,-0.199715,933.052,-0.0653908,142.214,-0.0301307,899.418,-0.199715,462.352,-0.0653908,98.8361,-0.0301307,80.5155,-0.346451,130.741,-0.0653908,51.7371,-0.0301307,0.207447,-0.97602,6.0228,-0.0653908,10.8139,-0.0301307,2.48499,2.25651,1.79318,0.471252
1991-07-31,mkt,3745.13,-0.18562,989.223,-0.0562723,146.782,-0.0247326,1005.06,-0.18562,490.187,-0.0562723,102.011,-0.0247326,89.9723,-0.334941,138.612,-0.0562723,53.3989,-0.0247326,0.231812,-0.975598,6.38538,-0.0562723,11.1612,-0.0247326,2.4588,2.22956,1.76501,0.440376
1991-08-31,mkt,3979.92,-0.156754,1023.56,-0.0433309,149.694,-0.0214738,1068.06,-0.156754,507.203,-0.0433309,104.034,-0.0214738,95.6127,-0.311368,143.424,-0.0433309,54.4582,-0.0214738,0.246345,-0.974733,6.60705,-0.0433309,11.3827,-0.0214738,2.47863,2.25015,1.78694,0.465722
1991-09-30,mkt,3830.9,-0.115292,1006.64,-0.0379064,148.763,-0.0180515,1028.07,-0.115292,498.815,-0.0379064,103.388,-0.0180515,92.0327,-0.277508,141.052,-0.0379064,54.1196,-0.0180515,0.237121,-0.973491,6.49778,-0.0379064,11.3119,-0.0180515,2.48835,2.26041,1.7982,0.479752
1991-10-31,mkt,3969.13,-0.145848,1027.87,-0.0526449,150.703,-0.0237648,1065.17,-0.145848,509.338,-0.0526449,104.735,-0.0237648,95.3536,-0.302461,144.027,-0.0526449,54.8251,-0.0237648,0.245677,-0.974406,6.63486,-0.0526449,11.4594,-0.0237648,2.48005,2.25189,1.78932,0.470204
1991-11-30,mkt,3547.21,-0.151824,975.342,-0.0719517,147.157,-0.0355202,951.941,-0.151824,483.308,-0.0719517,102.271,-0.0355202,85.2173,-0.307341,136.667,-0.0719517,53.5351,-0.0355202,0.219561,-0.974585,6.29578,-0.0719517,11.1897,-0.0355202,2.48535,2.25744,1.79546,0.477877
1991-12-31,mkt,4644.2,-0.134836,1120.01,-0.0614534,158.085,-0.0289556,1246.33,-0.134836,554.997,-0.0614534,109.866,-0.0289556,111.571,-0.293468,156.939,-0.0614534,57.5107,-0.0289556,0.287462,-0.974076,7.22964,-0.0614534,12.0207,-0.0289556,2.46201,2.2336,1.77083,0.451824
1992-01-31,mkt,4582.21,-0.0636568,1115.78,-0.0307068,158.162,-0.0145724,1229.7,-0.0636568,552.899,-0.0307068,109.919,-0.0145724,110.082,-0.102456,156.345,-0.0307068,57.5388,-0.0145724,0.283625,-0.967068,7.2023,-0.0307068,12.0266,-0.0145724,2.51136,2.28479,1.82526,0.514309
1992-02-29,mkt,4712.89,-0.0628105,1133.45,-0.0292969,159.589,-0.0144228,1264.77,-0.0628105,561.655,-0.0292969,110.911,-0.0144228,113.221,-0.101645,158.821,-0.0292969,58.058,-0.0144228,0.291713,-0.967038,7.31636,-0.0292969,12.1351,-0.0144228,2.5075,2.28089,1.82131,0.51056
1992-03-31,mkt,4405.93,-0.102676,1098.78,-0.047158,157.492,-0.0209286,1182.39,-0.102676,544.477,-0.047158,109.454,-0.0209286,105.847,-0.139859,153.964,-0.047158,57.295,-0.0209286,0.272713,-0.96844,7.09259,-0.047158,11.9756,-0.0209286,2.51198,2.28562,1.82651,0.517053
1992-04-30,mkt,4535,-0.168043,1118.69,-0.0813613,159.303,-0.0378556,1217.03,-0.168043,554.342,-0.0813613,110.712,-0.0378556,108.948,-0.202517,156.753,-0.0813613,57.9537,-0.0378556,0.280703,-0.970739,7.2211,-0.0813613,12.1133,-0.0378556,2.49808,2.27132,1.81157,0.500654
1992-05-31,mkt,4572.68,-0.0945095,1124.97,-0.0385998,159.927,-0.0134246,1227.14,-0.0945095,557.452,-0.0385998,111.146,-0.0134246,109.853,-0.13203,157.633,-0.0385998,58.1809,-0.0134246,0.283035,-0.968153,7.26162,-0.0385998,12.1608,-0.0134246,2.50176,2.27533,1.81618,0.507168
1992-06-30,mkt,4303.02,-0.163759,1093.19,-0.0744276,157.851,-0.0307117,1154.77,-0.163759,541.707,-0.0744276,109.703,-0.0307117,103.375,-0.19841,153.181,-0.0744276,57.4256,-0.0307117,0.266344,-0.970588,7.05651,-0.0744276,12.0029,-0.0307117,2.50266,2.27627,1.81734,0.50889
1992-07-31,mkt,4743.08,-0.119012,1149.76,-0.0490249,162.089,-0.0168088,1272.87,-0.119012,569.737,-0.0490249,112.648,-0.0168088,113.947,-0.155518,161.107,-0.0490249,58.9673,-0.0168088,0.293582,-0.969014,7.42165,-0.0490249,12.3251,-0.0168088,2.4903,2.2636,1.80418,0.494698
1992-08-31,mkt,4460.53,-0.109135,1116.51,-0.0433296,159.908,-0.0211031,1197.04,-0.109135,553.262,-0.0433296,111.133,-0.0211031,107.159,-0.14605,156.448,-0.0433296,58.1741,-0.0211031,0.276094,-0.968667,7.20703,-0.0433296,12.1593,-0.0211031,2.50783,2.28183,1.82356,0.517053
1992-09-30,mkt,4603.87,-0.0816361,1136.25,-0.0317469,161.512,-0.0154772,1235.51,-0.0816361,563.044,-0.0317469,112.247,-0.0154772,110.602,-0.11969,159.214,-0.0317469,58.7575,-0.0154772,0.284965,-0.9677,7.33446,-0.0317469,12.2813,-0.0154772,2.49558,2.26922,1.81038,0.502555
1992-10-31,mkt,4728.32,-0.135108,1153.57,-0.0610029,162.944,-0.0298783,1268.91,-0.135108,571.623,-0.0610029,113.243,-0.0298783,113.592,-0.170947,161.64,-0.0610029,59.2787,-0.0298783,0.292668,-0.969581,7.44621,-0.0610029,12.3902,-0.0298783,2.50071,2.27462,1.81623,0.509759
1992-11-30,mkt,5260.79,-0.0384107,1218.46,-0.0124504,167.648,-0.00613525,1411.8,-0.0384107,603.779,-0.0124504,116.512,-0.00613525,126.384,-0.0782562,170.733,-0.0124504,60.9899,-0.00613525,0.325627,-0.96618,7.8651,-0.0124504,12.7479,-0.00613525,2.50486,2.27901,1.82107,0.515784
1992-12-31,mkt,5484.32,-0.0377886,1245.8,-0.0187472,169.717,-0.00911202,1471.79,-0.0377886,617.326,-0.0187472,117.95,-0.00911202,131.754,-0.0377886,174.564,-0.0187472,61.7426,-0.00911202,0.339463,-0.96245,8.04156,-0.0187472,12.9052,-0.00911202,2.52438,2.2992,1.84248,0.54014
1993-01-31,mkt,5625.91,-0.0432333,1263.39,-0.0214828,171.094,-0.0104831,1509.79,-0.0432333,626.042,-0.0214828,118.907,-0.0104831,135.156,-0.0432333,177.028,-0.0214828,62.2434,-0.0104831,0.348227,-0.962114,8.1551,-0.0214828,13.0099,-0.0104831,2.53163,2.30672,1.85047,0.549377
1993-02-28,mkt,5640.48,-0.1153,1267.68,-0.0582547,171.596,-0.0289436,1513.7,-0.1153,628.17,-0.0582547,119.256,-0.0289436,135.506,-0.1153,177.63,-0.0582547,62.426,-0.0289436,0.349129,-0.96184,8.18281,-0.0582547,13.0481,-0.0289436,2.53585,2.31112,1.8552,0.554933
1993-03-31,mkt,5993.21,-0.0635052,1309.07,-0.03054,174.603,-0.014362,1608.36,-0.0635052,648.677,-0.03054,121.346,-0.014362,143.98,-0.0635052,183.429,-0.03054,63.5201,-0.014362,0.370962,-0.959606,8.44995,-0.03054,13.2768,-0.014362,2.53516,2.31058,1.85493,0.555692
1993-04-30,mkt,5529.46,-0.132746,1259.79,-0.0662832,171.501,-0.0319158,1483.9,-0.132746,624.258,-0.0662832,119.19,-0.0319158,132.838,-0.132746,176.524,-0.0662832,62.3916,-0.0319158,0.342257,-0.961901,8.13186,-0.0662832,13.0409,-0.0319158,2.54571,2.32153,1.86669,0.569458
1993-05-31,mkt,5960,-0.0868909,1309.99,-0.0409691,175.086,-0.018123,1599.45,-0.0868909,649.137,-0.0409691,121.681,-0.018123,143.182,-0.0868909,183.559,-0.0409691,63.6958,-0.018123,0.368906,-0.959886,8.45594,-0.0409691,13.3135,-0.018123,2.52954,2.30494,1.84946,0.550894
1993-06-30,mkt,6014,-0.0659406,1317.96,-0.0304603,175.831,-0.014546,1613.94,-0.0659406,653.084,-0.0304603,122.199,-0.014546,144.479,-0.0659406,184.675,-0.0304603,63.9667,-0.014546,0.372248,-0.958966,8.50736,-0.0304603,13.3701,-0.014546,2.54285,2.31881,1.86423,0.567983
1993-07-31,mkt,5966.29,-0.0537449,1314.57,-0.0235399,175.805,-0.0105834,1601.13,-0.0537449,651.405,-0.0235399,122.181,-0.0105834,143.333,-0.0537449,184.2,-0.0235399,63.9573,-0.0105834,0.369295,-0.95843,8.48548,-0.0235399,13.3681,-0.0105834,2.54383,2.31986,1.86546,0.56979
1993-08-31,mkt,6573.36,-0.0161526,1381.62,-0.00382454,180.44,-0.00186227,1764.05,-0.0161526,684.629,-0.00382454,125.402,-0.00186227,157.917,-0.0161526,193.595,-0.00382454,65.6434,-0.00186227,0.406871,-0.956779,8.91828,-0.00382454,13.7206,-0.00186227,2.54167,2.31769,1.86325,0.567667
1993-09-30,mkt,6557.56,-0.0527588,1381.97,-0.025839,180.671,-0.0122953,1759.81,-0.0527588,684.803,-0.025839,125.563,-0.0122953,157.537,-0.0527588,193.644,-0.025839,65.7274,-0.0122953,0.405893,-0.95521,8.92054,-0.025839,13.7381,-0.0122953,2.55934,2.33594,1.88257,0.589464
1993-10-31,mkt,6815.69,-0.0431086,1410.7,-0.0213776,182.741,-0.0103823,1829.08,-0.0431086,699.041,-0.0213776,127.002,-0.0103823,163.738,-0.0431086,197.671,-0.0213776,66.4807,-0.0103823,0.42187,-0.9529,9.10602,-0.0213776,13.8956,-0.0103823,2.55818,2.33481,1.88152,0.588638
1993-11-30,mkt,6496.38,-0.0875715,1379.57,-0.0429004,180.931,-0.0202491,1743.39,-0.0875715,683.612,-0.0429004,125.743,-0.0202491,156.068,-0.0875715,193.308,-0.0429004,65.8221,-0.0202491,0.402106,-0.954541,8.90502,-0.0429004,13.7579,-0.0202491,2.56485,2.34175,1.88891,0.597138
1993-12-31,mkt,6792.89,-0.0602121,1412.51,-0.0277409,183.288,-0.0116949,1822.96,-0.0602121,699.936,-0.0277409,127.382,-0.0116949,163.191,-0.0602121,197.924,-0.0277409,66.6797,-0.0116949,0.420459,-0.953178,9.11767,-0.0277409,13.9372,-0.0116949,2.55504,2.33168,1.87842,0.585962
1994-01-31,mkt,7324.07,-0.0312856,1468.64,-0.012189,187.104,-0.00479611,1965.51,-0.0312856,727.751,-0.012189,130.034,-0.00479611,175.952,-0.0312856,205.789,-0.012189,68.0679,-0.00479611,0.453338,-0.951737,9.48001,-0.012189,14.2273,-0.00479611,2.56287,2.3398,1.88705,0.595758
1994-02-28,mkt,6841.86,-0.0872989,1422.01,-0.0431736,184.322,-0.020902,1836.11,-0.0872989,704.643,-0.0431736,128.1,-0.020902,164.367,-0.0872989,199.255,-0.0431736,67.0559,-0.020902,0.423491,-0.951763,9.17899,-0.0431736,14.0158,-0.020902,2.57636,2.35379,1.90187,0.612689
1994-03-31,mkt,6022.23,-0.181058,1336.76,-0.0917444,178.954,-0.0446828,1616.15,-0.181058,662.4,-0.0917444,124.369,-0.0446828,144.677,-0.181058,187.309,-0.0917444,65.1029,-0.0446828,0.372758,-0.956718,8.62871,-0.0917444,13.6076,-0.0446828,2.56265,2.33972,1.8873,0.597053
1994-04-30,mkt,6121.55,-0.2173,1350.66,-0.110683,180.108,-0.0544601,1642.8,-0.2173,669.289,-0.110683,125.172,-0.0544601,147.063,-0.2173,189.257,-0.110683,65.5229,-0.0544601,0.378905,-0.958634,8.71845,-0.110683,13.6954,-0.0544601,2.5377,2.31404,1.86049,0.567762
1994-05-31,mkt,6219.61,-0.218297,1363.7,-0.110032,181.193,-0.0526967,1669.12,-0.218297,675.747,-0.110032,125.926,-0.0526967,149.418,-0.218297,191.084,-0.110032,65.9174,-0.0526967,0.384975,-0.958686,8.80258,-0.110032,13.7778,-0.0526967,2.53953,2.31614,1.86301,0.571707
1994-06-30,mkt,5741.79,-0.229325,1312.57,-0.114256,177.988,-0.0532932,1540.89,-0.229325,650.412,-0.114256,123.698,-0.0532932,137.94,-0.229325,183.92,-0.114256,64.7516,-0.0532932,0.355399,-0.959269,8.47256,-0.114256,13.5342,-0.0532932,2.5417,2.31845,1.86561,0.575166
1994-07-31,mkt,6179.03,-0.21203,1363.35,-0.103951,181.593,-0.0474401,1658.23,-0.21203,675.579,-0.103951,126.203,-0.0474401,148.444,-0.21203,191.036,-0.103951,66.0629,-0.0474401,0.382463,-0.958355,8.80038,-0.103951,13.8082,-0.0474401,2.52586,2.30213,1.84862,0.556697
1994-08-31,mkt,6873.72,-0.163474,1441.76,-0.0752228,187.188,-0.0309079,1844.65,-0.163474,714.43,-0.0752228,130.092,-0.0309079,165.133,-0.163474,202.022,-0.0752228,68.0982,-0.0309079,0.425462,-0.955789,9.30647,-0.0752228,14.2337,-0.0309079,2.53902,2.31582,1.86308,0.573181
1994-09-30,mkt,6485.18,-0.136605,1404.14,-0.0565402,185.144,-0.0187583,1740.38,-0.136605,695.791,-0.0565402,128.671,-0.0187583,155.798,-0.136605,196.751,-0.0565402,67.3546,-0.0187583,0.401413,-0.954369,9.06367,-0.0565402,14.0782,-0.0187583,2.55789,2.33532,1.88376,0.596627
1994-10-31,mkt,6728.38,-0.170727,1434.39,-0.0742924,187.558,-0.0270949,1805.65,-0.170727,710.778,-0.0742924,130.349,-0.0270949,161.641,-0.170727,200.989,-0.0742924,68.233,-0.0270949,0.416466,-0.956172,9.2589,-0.0742924,14.2618,-0.0270949,2.54582,2.3229,1.87084,0.582682
1994-11-30,mkt,6061.57,-0.197676,1365.22,-0.0852622,183.395,-0.0304107,1626.7,-0.197676,676.504,-0.0852622,127.456,-0.0304107,145.622,-0.197676,191.298,-0.0852622,66.7184,-0.0304107,0.375193,-0.957596,8.81244,-0.0852622,13.9453,-0.0304107,2.55135,2.32872,1.87719,0.590512
1994-12-31,mkt,6214.89,-0.225802,1386.07,-0.10018,185.204,-0.0372925,1667.85,-0.225802,686.832,-0.10018,128.713,-0.0372925,149.305,-0.225802,194.218,-0.10018,67.3765,-0.0372925,0.384683,-0.959083,8.94698,-0.10018,14.0828,-0.0372925,2.53054,2.30737,1.85487,0.566066
1995-01-31,mkt,6530.4,-0.160439,1424.15,-0.0612588,188.137,-0.0150629,1752.52,-0.160439,705.703,-0.0612588,130.751,-0.0150629,156.885,-0.160439,199.554,-0.0612588,68.4436,-0.0150629,0.404212,-0.955628,9.19279,-0.0612588,14.3058,-0.0150629,2.53404,2.31105,1.8589,0.571127
1995-02-28,mkt,7185.94,-0.108292,1497.33,-0.0302774,193.295,-0.00516354,1928.44,-0.108292,741.966,-0.0302774,134.336,-0.00516354,172.633,-0.108292,209.809,-0.0302774,70.3202,-0.00516354,0.444788,-0.952872,9.66517,-0.0302774,14.6981,-0.00516354,2.54234,2.31964,1.86803,0.581549
1995-03-31,mkt,7636.32,-0.051797,1547.61,-0.0143902,196.984,-0.00670948,2049.31,-0.051797,766.884,-0.0143902,136.9,-0.00670948,183.453,-0.051797,216.855,-0.0143902,71.662,-0.00670948,0.472665,-0.949887,9.98977,-0.0143902,14.9785,-0.00670948,2.55925,2.33717,1.88658,0.602693
1995-04-30,mkt,8092.83,-0.0297224,1596.5,-0.0146363,200.459,-0.00703693,2171.82,-0.0297224,791.107,-0.0146363,139.315,-0.00703693,194.42,-0.0297224,223.705,-0.0146363,72.9264,-0.00703693,0.500922,-0.944906,10.3053,-0.0146363,15.2428,-0.00703693,2.56951,2.34777,1.8979,0.615612
1995-05-31,mkt,8744.34,-0.0407474,1664.24,-0.0201409,205.152,-0.00978723,2346.66,-0.0407474,824.674,-0.0201409,142.576,-0.00978723,210.072,-0.0407474,233.196,-0.0201409,74.6335,-0.00978723,0.541248,-0.942023,10.7426,-0.0201409,15.5996,-0.00978723,2.57951,2.35812,1.90883,0.62804
1995-06-30,mkt,9401.58,-0.0428314,1730.33,-0.0212506,209.673,-0.0103591,2523.04,-0.0428314,857.422,-0.0212506,145.718,-0.0103591,225.861,-0.0428314,242.457,-0.0212506,76.2782,-0.0103591,0.581929,-0.937793,11.1692,-0.0212506,15.9434,-0.0103591,2.59263,2.37179,1.9234,0.644945
1995-07-31,mkt,10362.2,-0.0628101,1821.57,-0.0314309,215.6,-0.0155719,2780.83,-0.0628101,902.634,-0.0314309,149.838,-0.0155719,248.938,-0.0628101,255.241,-0.0314309,78.4347,-0.0155719,0.641387,-0.931834,11.7581,-0.0314309,16.3942,-0.0155719,2.60494,2.38456,1.937,0.660628
1995-08-31,mkt,10556.4,-0.0333015,1843.1,-0.0156526,217.38,-0.00696277,2832.96,-0.0333015,913.307,-0.0156526,151.075,-0.00696277,253.605,-0.0333015,258.259,-0.0156526,79.0821,-0.00696277,0.65341,-0.927296,11.8971,-0.0156526,16.5295,-0.00696277,2.62174,2.402,1.95561,0.682114
1995-09-30,mkt,11542.4,-0.0392353,1931.74,-0.01927,223.009,-0.00917311,3097.56,-0.0392353,957.227,-0.01927,154.987,-0.00917311,277.292,-0.0392353,270.679,-0.01927,81.1298,-0.00917311,0.71444,-0.92358,12.4693,-0.01927,16.9575,-0.00917311,2.62419,2.40459,1.95835,0.685369
1995-10-31,mkt,11128.7,-0.075651,1902.02,-0.0369426,221.804,-0.0171993,2986.52,-0.075651,942.5,-0.0369426,154.15,-0.0171993,267.352,-0.075651,266.515,-0.0369426,80.6917,-0.0171993,0.68883,-0.921811,12.2774,-0.0369426,16.8659,-0.0171993,2.63981,2.42071,1.97549,0.704823
1995-11-30,mkt,12354.3,-0.0416536,2009.1,-0.0174265,228.467,-0.00713318,3315.43,-0.0416536,995.563,-0.0174265,158.78,-0.00713318,296.796,-0.0416536,281.519,-0.0174265,83.1154,-0.00713318,0.764691,-0.918935,12.9686,-0.0174265,17.3725,-0.00713318,2.63178,2.41251,1.96699,0.695765
1995-12-31,mkt,12716.8,-0.0742973,2043.88,-0.0366973,230.937,-0.0180857,3412.71,-0.0742973,1012.8,-0.0366973,160.497,-0.0180857,305.505,-0.0742973,286.393,-0.0366973,84.0143,-0.0180857,0.787129,-0.913858,13.1932,-0.0366973,17.5604,-0.0180857,2.65005,2.43147,1.98707,0.718631
1996-01-31,mkt,13509.6,-0.104562,2113.58,-0.0514566,235.423,-0.0253527,3625.49,-0.104562,1047.33,-0.0514566,163.614,-0.0253527,324.552,-0.104562,296.159,-0.0514566,85.6461,-0.0253527,0.836205,-0.916674,13.643,-0.0514566,17.9014,-0.0253527,2.65413,2.43578,1.99179,0.724587
1996-02-29,mkt,14007.6,-0.0606792,2158.16,-0.0301938,238.416,-0.014686,3759.13,-0.0606792,1069.43,-0.0301938,165.694,-0.014686,336.515,-0.0606792,302.406,-0.0301938,86.7348,-0.014686,0.867028,-0.902494,13.9308,-0.0301938,18.129,-0.014686,2.6637,2.44574,2.00263,0.737663
1996-03-31,mkt,14292.9,-0.0904137,2187.36,-0.0443096,240.602,-0.0211757,3835.68,-0.0904137,1083.9,-0.0443096,167.213,-0.0211757,343.368,-0.0904137,306.497,-0.0443096,87.5301,-0.0211757,0.884684,-0.902822,14.1193,-0.0443096,18.2952,-0.0211757,2.66903,2.45137,2.00879,0.745247
1996-04-30,mkt,15110.1,-0.0904856,2255.46,-0.0448554,244.877,-0.0221976,4055,-0.0904856,1117.64,-0.0448554,170.185,-0.0221976,363.002,-0.0904856,316.039,-0.0448554,89.0856,-0.0221976,0.935271,-0.90283,14.5588,-0.0448554,18.6204,-0.0221976,2.67102,2.45358,2.01145,0.749328
1996-05-31,mkt,16091.5,-0.0583166,2334.54,-0.0289662,249.732,-0.0141351,4318.36,-0.0583166,1156.83,-0.0289662,173.559,-0.0141351,386.578,-0.0583166,327.121,-0.0289662,90.8519,-0.0141351,0.996014,-0.897127,15.0694,-0.0289662,18.9896,-0.0141351,2.67992,2.46288,2.02144,0.761198
1996-06-30,mkt,15667.8,-0.0894723,2309.17,-0.0433626,248.894,-0.0203933,4204.67,-0.0894723,1144.25,-0.0433626,172.977,-0.0203933,376.4,-0.0894723,323.565,-0.0433626,90.5469,-0.0203933,0.96979,-0.891284,14.9056,-0.0433626,18.9258,-0.0203933,2.69007,2.47348,2.03284,0.774648
1996-07-31,mkt,13326.3,-0.243277,2139.64,-0.124219,240.258,-0.0603913,3576.3,-0.243277,1060.25,-0.124219,166.975,-0.0603913,320.148,-0.243277,299.811,-0.124219,87.4053,-0.0603913,0.824858,-0.909648,13.8113,-0.124219,18.2692,-0.0603913,2.68411,2.46738,2.0265,0.767908
1996-08-31,mkt,14338.4,-0.164734,2226.17,-0.0789159,245.66,-0.0357054,3847.91,-0.164734,1103.13,-0.0789159,170.729,-0.0357054,344.463,-0.164734,311.935,-0.0789159,89.3704,-0.0357054,0.887506,-0.90027,14.3698,-0.0789159,18.6799,-0.0357054,2.65154,2.43403,1.99206,0.731481
1996-09-30,mkt,16336.3,-0.151925,2382.14,-0.0689738,254.661,-0.0280078,4384.07,-0.151925,1180.41,-0.0689738,176.984,-0.0280078,392.46,-0.151925,333.79,-0.0689738,92.6448,-0.0280078,1.01117,-0.898741,15.3766,-0.0689738,19.3643,-0.0280078,2.66356,2.44657,2.00549,0.747274
1996-10-31,mkt,16753,-0.0574012,2418.88,-0.0284416,257.234,-0.0137065,4495.89,-0.0574012,1198.62,-0.0284416,178.773,-0.0137065,402.47,-0.0574012,338.938,-0.0284416,93.5811,-0.0137065,1.03696,-0.882506,15.6137,-0.0284416,19.56,-0.0137065,2.68646,2.47031,2.03061,0.775807
1996-11-30,mkt,19682.6,-0.0403752,2628.33,-0.0192744,268.709,-0.00865783,5282.1,-0.0403752,1302.41,-0.0192744,186.747,-0.00865783,472.851,-0.0403752,368.287,-0.0192744,97.7555,-0.00865783,1.21829,-0.880139,16.9658,-0.0192744,20.4325,-0.00865783,2.68993,2.4739,2.03458,0.780605
1996-12-31,mkt,18855.8,-0.109805,2580.66,-0.054978,266.891,-0.0267574,5060.21,-0.109805,1278.79,-0.054978,185.484,-0.0267574,452.987,-0.109805,361.607,-0.054978,97.0941,-0.0267574,1.16712,-0.873851,16.658,-0.054978,20.2943,-0.0267574,2.71842,2.50342,2.06577,0.81592
1997-01-31,mkt,21467.7,-0.064431,2762.16,-0.0322769,276.788,-0.0159292,5761.14,-0.064431,1368.72,-0.0322769,192.362,-0.0159292,515.735,-0.064431,387.04,-0.0322769,100.695,-0.0159292,1.32878,-0.867115,17.8296,-0.0322769,21.0468,-0.0159292,2.70896,2.49375,2.05586,0.805746
1997-02-28,mkt,21217,-0.0793732,2753.99,-0.0393427,276.973,-0.0189842,5693.87,-0.0793732,1364.67,-0.0393427,192.491,-0.0189842,509.712,-0.0793732,385.894,-0.0393427,100.762,-0.0189842,1.31327,-0.850398,17.7768,-0.0393427,21.0609,-0.0189842,2.73122,2.51684,2.08047,0.834057
1997-03-31,mkt,18539,-0.195573,2583.25,-0.0988994,268.884,-0.0476364,4975.2,-0.195573,1280.07,-0.0988994,186.869,-0.0476364,445.377,-0.195573,361.97,-0.0988994,97.8191,-0.0476364,1.14751,-0.86676,16.6748,-0.0988994,20.4458,-0.0476364,2.72757,2.51321,2.0769,0.830929
1997-04-30,mkt,20549.1,-0.240912,2731.26,-0.12308,277.23,-0.0594472,5514.63,-0.240912,1353.41,-0.12308,192.67,-0.0594472,493.667,-0.240912,382.71,-0.12308,100.856,-0.0594472,1.27193,-0.874269,17.6302,-0.12308,21.0805,-0.0594472,2.70095,2.48593,2.04854,0.800411
1997-05-31,mkt,24365.7,-0.110509,2984.57,-0.0483253,290.514,-0.01852,6538.87,-0.110509,1478.93,-0.0483253,201.902,-0.01852,585.357,-0.110509,418.204,-0.0483253,105.688,-0.01852,1.50816,-0.85267,19.2652,-0.0483253,22.0906,-0.01852,2.71737,2.50313,2.06722,0.823056
1997-06-30,mkt,27099.6,-0.048747,3157.78,-0.0241861,299.539,-0.0118962,7272.55,-0.048747,1564.76,-0.0241861,208.174,-0.0118962,651.035,-0.048747,442.475,-0.0241861,108.971,-0.0118962,1.67738,-0.827745,20.3833,-0.0241861,22.7768,-0.0118962,2.7466,2.53351,2.09959,0.860468
1997-07-31,mkt,32598.5,-0.0601085,3475.41,-0.0300191,315.036,-0.0147759,8748.24,-0.0601085,1722.16,-0.0300191,218.944,-0.0147759,783.138,-0.0601085,486.982,-0.0300191,114.609,-0.0147759,2.01775,-0.802393,22.4336,-0.0300191,23.9552,-0.0147759,2.76431,2.55189,2.11927,0.883471
1997-08-31,mkt,29215.4,-0.133303,3302.03,-0.0676229,307.838,-0.0335348,7840.34,-0.133303,1636.24,-0.0676229,213.941,-0.0335348,701.864,-0.133303,462.687,-0.0676229,111.99,-0.0335348,1.80834,-0.792507,21.3144,-0.0676229,23.4079,-0.0335348,2.79605,2.58484,2.15431,0.923779
1997-09-30,mkt,33482.7,-0.0850422,3547.41,-0.0390687,319.856,-0.0167635,8985.53,-0.0850422,1757.83,-0.0390687,222.294,-0.0167635,804.381,-0.0850422,497.07,-0.0390687,116.363,-0.0167635,2.07248,-0.780953,22.8983,-0.0390687,24.3218,-0.0167635,2.77415,2.5624,2.13107,0.899038
1997-10-31,mkt,29862.6,-0.252512,3382.41,-0.129483,313.592,-0.0644998,8014.02,-0.252512,1676.07,-0.129483,217.94,-0.0644998,717.412,-0.252512,473.95,-0.129483,114.084,-0.0644998,1.8484,-0.804215,21.8333,-0.129483,23.8454,-0.0644998,2.79699,2.58613,2.15643,0.928619
1997-11-30,mkt,32196.1,-0.210869,3525.63,-0.102129,320.928,-0.0481337,8640.26,-0.210869,1747.04,-0.102129,223.039,-0.0481337,773.472,-0.210869,494.018,-0.102129,116.753,-0.0481337,1.99284,-0.793307,22.7577,-0.102129,24.4032,-0.0481337,2.76922,2.55847,2.12935,0.904373
1997-12-31,mkt,33366.1,-0.17231,3602.73,-0.0758676,325.263,-0.0316657,8954.23,-0.17231,1785.25,-0.0758676,226.051,-0.0316657,801.579,-0.17231,504.822,-0.0758676,118.329,-0.0316657,2.06526,-0.783208,23.2555,-0.0758676,24.7328,-0.0316657,2.78055,2.57038,2.14237,0.920567
1998-01-31,mkt,33466.8,-0.194246,3622.49,-0.0859353,326.964,-0.0356415,8981.26,-0.194246,1795.04,-0.0859353,227.234,-0.0356415,803.998,-0.194246,507.591,-0.0859353,118.949,-0.0356415,2.07149,-0.788953,23.383,-0.0859353,24.8622,-0.0356415,2.7849,2.57507,2.14773,0.927861
1998-02-28,mkt,40037.7,-0.0351426,3972.6,-0.00948054,343.115,-0.00464027,10744.7,-0.0351426,1968.53,-0.00948054,238.458,-0.00464027,961.857,-0.0351426,556.649,-0.00948054,124.824,-0.00464027,2.47821,-0.74728,25.6429,-0.00948054,26.0903,-0.00464027,2.78312,2.57348,2.14657,0.92815
1998-03-31,mkt,45317.7,-0.0372487,4239.12,-0.0184983,355.289,-0.00906766,12161.6,-0.0372487,2100.6,-0.0184983,246.919,-0.00906766,1088.7,-0.0372487,593.993,-0.0184983,129.253,-0.00906766,2.80503,-0.721561,27.3633,-0.0184983,27.0161,-0.00906766,2.81408,2.60552,2.18048,0.9667
1998-04-30,mkt,46242.7,-0.106832,4297.03,-0.0540627,358.582,-0.0269699,12409.9,-0.106832,2129.29,-0.0540627,249.207,-0.0269699,1110.92,-0.106832,602.109,-0.0540627,130.451,-0.0269699,2.86228,-0.688729,27.7371,-0.0540627,27.2664,-0.0269699,2.83483,2.62705,2.20337,0.992979
1998-05-31,mkt,42735.9,-0.1221,4142.09,-0.059352,352.824,-0.0274326,11468.8,-0.1221,2052.51,-0.059352,245.206,-0.0274326,1026.68,-0.1221,580.398,-0.059352,128.356,-0.0274326,2.64522,-0.69405,26.737,-0.059352,26.8286,-0.0274326,2.83657,2.62899,2.20577,0.996749
1998-06-30,mkt,46424.7,-0.163861,4333.26,-0.079941,361.807,-0.0366603,12458.7,-0.163861,2147.24,-0.079941,251.449,-0.0366603,1115.3,-0.163861,607.185,-0.079941,131.624,-0.0366603,2.87355,-0.708604,27.971,-0.079941,27.5117,-0.0366603,2.82111,2.61315,2.18927,0.978833
1998-07-31,mkt,43555.2,-0.156231,4213.58,-0.0792905,357.711,-0.0391909,11688.6,-0.156231,2087.94,-0.0792905,248.602,-0.0391909,1046.36,-0.156231,590.416,-0.0792905,130.134,-0.0391909,2.69593,-0.686968,27.1985,-0.0792905,27.2002,-0.0391909,2.83389,2.62651,2.2037,0.996238
1998-08-31,mkt,27095.7,-0.475091,3360.62,-0.265672,320.81,-0.138307,7271.49,-0.475091,1665.27,-0.265672,222.957,-0.138307,650.941,-0.475091,470.896,-0.265672,116.71,-0.138307,1.67714,-0.805263,21.6926,-0.265672,24.3943,-0.138307,2.82026,2.61264,2.18955,0.981756
1998-09-30,mkt,31237.5,-0.453792,3642.2,-0.249762,335.301,-0.128414,8383,-0.453792,1804.81,-0.249762,233.027,-0.128414,750.442,-0.453792,510.352,-0.249762,121.981,-0.128414,1.7123,-0.819411,22.0817,-0.291001,24.6949,-0.152361,2.72692,2.51753,2.09193,0.88008
1998-10-31,mkt,37031.6,-0.510098,3989.66,-0.282234,351.754,-0.144027,9937.92,-0.510098,1976.98,-0.282234,244.462,-0.144027,889.638,-0.510098,559.04,-0.282234,127.967,-0.144027,2.02991,-0.839044,24.1882,-0.325847,25.9067,-0.170928,2.74602,2.53806,2.11529,0.885209
1998-11-30,mkt,43202.5,-0.257985,4324.71,-0.113063,367.104,-0.046784,11594,-0.257985,2143.01,-0.113063,255.13,-0.046784,1037.89,-0.257985,605.987,-0.113063,133.551,-0.046784,2.36817,-0.756212,26.2195,-0.166955,27.0372,-0.0767406,2.77196,2.56539,2.1453,0.922774
1998-12-31,mkt,50374.8,-0.211237,4691.4,-0.0804659,383.423,-0.026975,13518.8,-0.211237,2324.71,-0.0804659,266.471,-0.026975,1210.19,-0.211237,657.368,-0.0804659,139.488,-0.026975,2.76132,-0.740853,28.4427,-0.136339,28.2391,-0.0566483,2.79728,2.59169,2.17336,0.955456
1999-01-31,mkt,54990.6,-0.114072,4922.92,-0.0578182,393.758,-0.0288081,14757.5,-0.114072,2439.44,-0.0578182,273.654,-0.0288081,1321.08,-0.114072,689.81,-0.0578182,143.248,-0.0288081,3.01434,-0.689745,29.8463,-0.0578182,29.0002,-0.0288081,2.82169,2.61716,2.20073,0.98796
1999-02-28,mkt,49156,-0.132537,4676.53,-0.0657346,384.779,-0.0325078,13191.7,-0.132537,2317.35,-0.0657346,267.414,-0.0325078,1180.91,-0.132537,655.285,-0.0657346,139.982,-0.0325078,2.69451,-0.696212,28.3525,-0.0657346,28.339,-0.0325078,2.83447,2.63062,2.21548,1.00639
1999-03-31,mkt,53666.6,-0.122616,4909.48,-0.0583692,395.393,-0.0272669,14402.2,-0.122616,2432.78,-0.0583692,274.79,-0.0272669,1289.28,-0.122616,687.926,-0.0583692,143.843,-0.0272669,2.94177,-0.692737,29.7648,-0.0583692,29.1206,-0.0272669,2.81176,2.6075,2.19186,0.982225
1999-04-30,mkt,59863.9,-0.120664,5207.73,-0.0610889,408.311,-0.0303623,16065.3,-0.120664,2580.57,-0.0610889,283.768,-0.0303623,1438.16,-0.120664,729.718,-0.0610889,148.542,-0.0303623,3.28147,-0.656776,31.5731,-0.0610889,30.0721,-0.0303623,2.82443,2.62084,2.20646,1.00047
1999-05-31,mkt,55996.8,-0.154139,5058.97,-0.077995,403.483,-0.0384756,15027.5,-0.154139,2506.85,-0.077995,280.413,-0.0384756,1345.26,-0.154139,708.873,-0.077995,146.786,-0.0384756,3.0695,-0.657118,30.6712,-0.077995,29.7165,-0.0384756,2.84103,2.63822,2.2253,1.02325
1999-06-30,mkt,63252.1,-0.152442,5399.44,-0.0751679,417.97,-0.0357098,16974.6,-0.152442,2675.57,-0.0751679,290.481,-0.0357098,1519.55,-0.152442,756.581,-0.0751679,152.056,-0.0357098,3.4672,-0.65643,32.7354,-0.0751679,30.7835,-0.0357098,2.82664,2.62366,2.21057,1.00866
1999-07-31,mkt,57700.1,-0.160837,5175.13,-0.0819321,410.198,-0.0406027,15484.6,-0.160837,2564.42,-0.0819321,285.08,-0.0406027,1386.17,-0.160837,725.15,-0.0819321,149.229,-0.0406027,3.16286,-0.632752,31.3754,-0.0819321,30.211,-0.0406027,2.84554,2.64338,2.23176,1.03394
1999-08-31,mkt,55589.2,-0.25369,5102.18,-0.13317,408.423,-0.0669904,14918.1,-0.25369,2528.27,-0.13317,283.846,-0.0669904,1335.46,-0.25369,714.928,-0.13317,148.583,-0.0669904,3.04715,-0.673388,30.9331,-0.13317,30.0803,-0.0669904,2.82762,2.62502,2.21281,1.01386
1999-09-30,mkt,51615,-0.267123,4937.27,-0.134715,402.827,-0.0636635,13851.6,-0.267123,2446.55,-0.134715,279.957,-0.0636635,1239.99,-0.267123,691.821,-0.134715,146.547,-0.0636635,2.8293,-0.679267,29.9333,-0.134715,29.6682,-0.0636635,2.81852,2.61589,2.20377,1.00548
1999-10-31,mkt,59978.4,-0.297884,5352.92,-0.150368,420.708,-0.0706018,16096,-0.297884,2652.51,-0.150368,292.384,-0.0706018,1440.91,-0.297884,750.061,-0.150368,153.052,-0.0706018,3.28775,-0.692729,32.4533,-0.150368,30.9851,-0.0706018,2.80313,2.60025,2.18782,0.989324
1999-11-30,mkt,65502.4,-0.143485,5612.42,-0.0588146,431.82,-0.020193,17578.4,-0.143485,2781.1,-0.0588146,300.106,-0.020193,1573.61,-0.143485,786.424,-0.0588146,157.095,-0.020193,3.59055,-0.625158,34.0266,-0.0588146,31.8035,-0.020193,2.82566,2.6239,2.21354,1.02082
1999-12-31,mkt,79710.1,-0.0440594,6211.08,-0.0210847,455.382,-0.00970397,21391.3,-0.0440594,3077.75,-0.0210847,316.481,-0.00970397,1914.94,-0.0440594,870.308,-0.0210847,165.666,-0.00970397,4.36935,-0.577337,37.6561,-0.0210847,33.5388,-0.00970397,2.83929,2.63807,2.22873,1.03871
2000-01-31,mkt,69668.8,-0.158928,5847.29,-0.0767507,443.268,-0.036948,18696.6,-0.158928,2897.49,-0.0767507,308.063,-0.036948,1673.71,-0.158928,819.334,-0.0767507,161.26,-0.036948,3.81893,-0.573293,35.4505,-0.0767507,32.6467,-0.036948,2.87179,2.67171,2.26431,1.07918
2000-02-29,mkt,74066.1,-0.139074,6055.51,-0.0626457,452.262,-0.0302359,19876.6,-0.139074,3000.67,-0.0626457,314.313,-0.0302359,1779.35,-0.139074,848.51,-0.0626457,164.532,-0.0302359,4.05997,-0.563221,36.7129,-0.0626457,33.3091,-0.0302359,2.84359,2.64324,2.23558,1.05091
2000-03-31,mkt,83784.5,-0.109819,6489.86,-0.0556424,469.914,-0.0277079,22484.7,-0.109819,3215.9,-0.0556424,326.581,-0.0277079,2012.82,-0.109819,909.372,-0.0556424,170.953,-0.0277079,4.12945,-0.538671,37.253,-0.0559915,33.66,-0.0277079,2.85153,2.65168,2.24504,1.06327
2000-04-30,mkt,69083.2,-0.385813,5965,-0.209155,452.484,-0.107793,18539.4,-0.385813,2955.81,-0.209155,314.468,-0.107793,1659.64,-0.385813,835.827,-0.209155,164.612,-0.107793,3.40487,-0.679148,34.2402,-0.209155,32.4116,-0.107793,2.86769,2.66892,2.26436,1.06653
2000-05-31,mkt,60868.2,-0.39069,5643.75,-0.20426,441.734,-0.100992,16334.8,-0.39069,2796.63,-0.20426,306.996,-0.100992,1462.28,-0.39069,790.814,-0.20426,160.701,-0.100992,2.99998,-0.681696,32.3962,-0.20426,31.6415,-0.100992,2.8253,2.6264,2.2222,1.02738
2000-06-30,mkt,68292.9,-0.289454,6007.09,-0.138475,457.041,-0.0635281,18327.3,-0.289454,2976.67,-0.138475,317.635,-0.0635281,1640.65,-0.289454,841.725,-0.138475,166.27,-0.0635281,3.36592,-0.62881,34.4818,-0.138475,32.738,-0.0635281,2.79829,2.5992,2.19493,1.0013
2000-07-31,mkt,63895.6,-0.318885,5836.19,-0.149335,451.665,-0.0646762,17147.2,-0.318885,2891.99,-0.149335,313.898,-0.0646762,1535.01,-0.318885,817.779,-0.149335,164.314,-0.0646762,3.14919,-0.644185,33.5008,-0.149335,32.3529,-0.0646762,2.8152,2.61687,2.21412,1.02466
2000-08-31,mkt,76466.1,-0.296967,6405.05,-0.135502,474.364,-0.0568912,20520.7,-0.296967,3173.87,-0.135502,329.674,-0.0568912,1837,-0.296967,897.489,-0.135502,172.572,-0.0568912,3.76875,-0.632735,36.7662,-0.135502,33.9788,-0.0568912,2.80121,2.60273,2.19984,1.01058
2000-09-30,mkt,66210.1,-0.293106,5987.96,-0.127128,460.229,-0.047204,17768.4,-0.293106,2967.19,-0.127128,319.85,-0.047204,1590.62,-0.293106,839.044,-0.127128,167.43,-0.047204,3.26327,-0.630718,34.372,-0.127128,32.9663,-0.047204,2.83039,2.63289,2.2317,1.04676
2000-10-31,mkt,61040.1,-0.44682,5802.3,-0.224668,455.206,-0.0999916,16380.9,-0.44682,2875.19,-0.224668,316.359,-0.0999916,1466.41,-0.44682,813.03,-0.224668,165.603,-0.0999916,3.00845,-0.711019,33.3063,-0.224668,32.6066,-0.0999916,2.80348,2.60534,2.20316,1.0162
2000-11-30,mkt,45169.2,-0.50518,5022.69,-0.257706,424.849,-0.11399,12121.8,-0.50518,2488.88,-0.257706,295.262,-0.11399,1085.14,-0.50518,703.789,-0.257706,154.559,-0.11399,2.22624,-0.741506,28.8312,-0.257706,30.4321,-0.11399,2.78399,2.58589,2.18403,0.999203
2000-12-31,mkt,46167.1,-0.556832,5124.45,-0.29252,431.087,-0.132112,12389.6,-0.556832,2539.3,-0.29252,299.597,-0.132112,1109.11,-0.556832,718.048,-0.29252,156.828,-0.132112,2.03281,-0.793173,27.7549,-0.332454,29.9777,-0.15744,2.72873,2.52943,2.12577,0.937477
2001-01-31,mkt,49866.9,-0.540675,5370.87,-0.277313,443.313,-0.12141,13382.5,-0.540675,2661.41,-0.277313,308.094,-0.12141,1197.99,-0.540675,752.577,-0.277313,161.276,-0.12141,1.92517,-0.810687,27.1759,-0.358276,29.7751,-0.171987,2.72692,2.5282,2.12587,0.918803
2001-02-28,mkt,37771.9,-0.586216,4694.86,-0.306156,415.518,-0.13345,10136.6,-0.586216,2326.43,-0.306156,288.777,-0.13345,907.424,-0.586216,657.852,-0.306156,151.164,-0.13345,1.45822,-0.830682,23.7554,-0.388389,27.9082,-0.18747,2.73509,2.53715,2.13642,0.907227
2001-03-31,mkt,30674.6,-0.692899,4268.01,-0.398364,397.685,-0.190835,8231.94,-0.692899,2114.91,-0.398364,276.383,-0.190835,736.919,-0.692899,598.041,-0.398364,144.677,-0.190835,1.18422,-0.874336,21.5956,-0.469669,26.7105,-0.241277,2.68549,2.48637,2.08372,0.85032
2001-04-30,mkt,36956.2,-0.711906,4726.37,-0.414892,420.065,-0.200685,9917.69,-0.711906,2342.04,-0.414892,291.937,-0.200685,887.827,-0.711906,662.268,-0.414892,152.818,-0.200685,1.27116,-0.888474,22.5337,-0.498101,27.372,-0.260511,2.64472,2.44512,2.04205,0.808916
2001-05-31,mkt,37454.4,-0.597829,4774.6,-0.303052,422.918,-0.124408,10051.4,-0.597829,2365.94,-0.303052,293.92,-0.124408,899.795,-0.597829,669.027,-0.303052,153.856,-0.124408,1.2883,-0.853378,22.7636,-0.421133,27.558,-0.203481,2.67084,2.47272,2.07242,0.824173
2001-06-30,mkt,35526.8,-0.631472,4661.73,-0.330193,418.478,-0.139969,9534.1,-0.631472,2310.01,-0.330193,290.834,-0.139969,853.488,-0.631472,653.21,-0.330193,152.241,-0.139969,1.222,-0.865643,22.2255,-0.443675,27.2687,-0.217637,2.67108,2.47319,2.07346,0.827138
2001-07-31,mkt,33478.5,-0.662286,4541.11,-0.356346,413.713,-0.15533,8984.41,-0.662286,2250.24,-0.356346,287.522,-0.15533,804.28,-0.662286,636.31,-0.356346,150.507,-0.15533,1.15154,-0.876877,21.6504,-0.465397,26.9581,-0.231611,2.66078,2.46277,2.06289,0.816431
2001-08-31,mkt,28085.3,-0.695548,4171.54,-0.386765,397.154,-0.173991,7537.07,-0.695548,2067.11,-0.386765,276.014,-0.173991,674.715,-0.695548,584.525,-0.386765,144.483,-0.173991,0.966035,-0.889004,19.8885,-0.490663,25.8791,-0.248587,2.64875,2.45065,2.05071,0.80474
2001-09-30,mkt,21526.2,-0.803725,3681.31,-0.504756,374.237,-0.256079,5776.83,-0.803725,1824.19,-0.504756,260.087,-0.256079,517.14,-0.803725,515.832,-0.504756,136.146,-0.256079,0.740424,-0.928443,17.5512,-0.588663,24.3858,-0.323261,2.61752,2.41869,2.01767,0.769272
2001-10-31,mkt,22828.4,-0.766938,3806.87,-0.459094,381.292,-0.221759,6126.32,-0.766938,1886.41,-0.459094,264.991,-0.221759,548.425,-0.766938,533.427,-0.459094,138.713,-0.221759,0.785217,-0.915031,18.1498,-0.550738,24.8456,-0.292041,2.56784,2.36829,1.96641,0.717156
2001-11-30,mkt,27551.4,-0.736154,4193.97,-0.421877,400.808,-0.193824,7393.79,-0.736154,2078.22,-0.421877,278.554,-0.193824,661.888,-0.736154,587.667,-0.421877,145.813,-0.193824,0.94767,-0.903808,19.9954,-0.519826,26.1172,-0.266629,2.5754,2.37639,1.97551,0.729632
2001-12-31,mkt,28657.8,-0.708262,4288.38,-0.389659,405.86,-0.169934,7690.7,-0.708262,2125,-0.389659,282.065,-0.169934,688.468,-0.708262,600.896,-0.389659,147.651,-0.169934,0.985726,-0.893639,20.4455,-0.493066,26.4464,-0.244895,2.60545,2.40749,2.00846,0.767686
2002-01-31,mkt,27533.6,-0.71651,4215.33,-0.396248,402.988,-0.172782,7389.01,-0.71651,2088.81,-0.396248,280.069,-0.172782,661.461,-0.71651,590.661,-0.396248,146.606,-0.172782,0.947058,-0.896646,20.0972,-0.498539,26.2593,-0.247487,2.61065,2.41302,2.01459,0.775696
2002-02-28,mkt,25819.4,-0.733429,4094.75,-0.413699,397.774,-0.184363,6928.98,-0.733429,2029.06,-0.413699,276.445,-0.184363,620.279,-0.733429,573.764,-0.413699,144.709,-0.184363,0.888096,-0.902814,19.5223,-0.513034,25.9195,-0.258022,2.60242,2.40474,2.00632,0.767823
2002-03-31,mkt,28740,-0.700697,4331.49,-0.37721,409.689,-0.158326,7712.77,-0.700697,2146.37,-0.37721,284.725,-0.158326,690.444,-0.700697,606.937,-0.37721,149.043,-0.158326,0.988555,-0.890881,20.651,-0.482726,26.6959,-0.234336,2.58992,2.39207,1.99357,0.755284
2002-04-30,mkt,24922.9,-0.735311,4045.77,-0.411383,396.57,-0.179488,6688.4,-0.735311,2004.78,-0.411383,275.608,-0.179488,598.743,-0.735311,566.901,-0.411383,144.271,-0.179488,0.857261,-0.903501,19.2888,-0.51111,25.8411,-0.253587,2.60641,2.40923,2.01185,0.776881
2002-05-31,mkt,23920,-0.745447,3980.37,-0.422264,394.097,-0.18675,6419.27,-0.745447,1972.38,-0.422264,273.89,-0.18675,574.65,-0.745447,557.737,-0.422264,143.371,-0.18675,0.822765,-0.907196,18.977,-0.520148,25.68,-0.260193,2.581,2.38329,1.98512,0.74857
2002-06-30,mkt,19547.4,-0.79556,3612.79,-0.478476,376.119,-0.224903,5245.82,-0.79556,1790.23,-0.478476,261.395,-0.224903,469.603,-0.79556,506.232,-0.478476,136.831,-0.224903,0.672362,-0.925466,17.2245,-0.566836,24.5085,-0.2949,2.57175,2.37407,1.97618,0.740986
2002-07-31,mkt,15222.3,-0.878591,3229.67,-0.594739,357.075,-0.314884,4085.11,-0.878591,1600.39,-0.594739,248.16,-0.314884,365.697,-0.878591,452.547,-0.594739,129.903,-0.314884,0.401635,-0.956358,13.4256,-0.665745,21.6987,-0.378894,2.53578,2.33742,1.93848,0.701363
2002-08-31,mkt,15175.5,-0.867181,3252.42,-0.573016,359.395,-0.2952,4072.56,-0.867181,1611.66,-0.573016,249.772,-0.2952,364.574,-0.867181,455.736,-0.573016,130.747,-0.2952,0.400402,-0.962856,13.5202,-0.690785,21.8397,-0.402079,2.48651,2.28796,1.88933,0.601134
2002-09-30,mkt,11261.8,-0.876629,2821.96,-0.582948,335.607,-0.300101,3022.25,-0.876629,1398.36,-0.582948,233.24,-0.300101,270.551,-0.876629,395.419,-0.582948,122.093,-0.300101,0.297139,-0.965498,11.7308,-0.697977,20.3942,-0.406237,2.48117,2.28323,1.88603,0.603273
2002-10-31,mkt,13445.4,-0.894074,3114.88,-0.61214,353.811,-0.324249,3608.26,-0.894074,1543.51,-0.61214,245.892,-0.324249,323.01,-0.894074,436.463,-0.61214,128.715,-0.324249,0.316838,-0.970377,12.2168,-0.719118,20.8743,-0.426723,2.42779,2.22902,1.83073,0.546455
2002-11-30,mkt,15538,-0.857538,3364.26,-0.546508,368.411,-0.267152,4169.84,-0.857538,1667.08,-0.546508,256.039,-0.267152,373.282,-0.857538,471.406,-0.546508,134.027,-0.267152,0.36615,-0.964417,13.1949,-0.690143,21.7357,-0.396387,2.45159,2.25438,1.85915,0.562095
2002-12-31,mkt,13261.9,-0.856478,3118.21,-0.542016,355.25,-0.261507,3559.02,-0.856478,1545.16,-0.542016,246.892,-0.261507,318.602,-0.856478,436.93,-0.542016,129.239,-0.261507,0.312514,-0.964153,12.2299,-0.687074,20.9592,-0.391738,2.4729,2.2767,1.88319,0.591787
2003-01-31,mkt,12255.3,-0.870096,3009.66,-0.562532,349.364,-0.27746,3288.87,-0.870096,1491.37,-0.562532,242.801,-0.27746,294.419,-0.870096,421.72,-0.562532,127.098,-0.27746,0.288793,-0.967554,11.8042,-0.701092,20.612,-0.404878,2.44528,2.2485,1.85422,0.561221
2003-02-28,mkt,11607.7,-0.88151,2934.91,-0.581904,345.171,-0.293518,3115.08,-0.88151,1454.33,-0.581904,239.887,-0.293518,278.86,-0.88151,411.245,-0.581904,125.572,-0.293518,0.273532,-0.970405,11.511,-0.714328,20.3645,-0.418104,2.43002,2.23324,1.83916,0.547571
2003-03-31,mkt,11806.5,-0.887622,2973.88,-0.591857,347.865,-0.301562,3168.42,-0.887622,1473.64,-0.591857,241.759,-0.301562,283.636,-0.887622,416.706,-0.591857,126.552,-0.301562,0.278217,-0.971931,11.6638,-0.721128,20.5235,-0.424729,2.41998,2.22313,1.82905,0.537823
2003-04-30,mkt,14424.8,-0.866873,3294.9,-0.554056,366.378,-0.269223,3871.08,-0.866873,1632.71,-0.554056,254.626,-0.269223,346.537,-0.866873,461.687,-0.554056,133.287,-0.269223,0.339916,-0.966749,12.9229,-0.6953,21.6158,-0.398093,2.42016,2.22378,1.83068,0.543311
2003-05-31,mkt,16737.4,-0.842104,3555.62,-0.513244,380.77,-0.236078,4491.7,-0.842104,1761.9,-0.513244,264.628,-0.236078,402.095,-0.842104,498.22,-0.513244,138.523,-0.236078,0.394412,-0.960562,13.9454,-0.667415,22.4649,-0.370794,2.45155,2.25628,1.8651,0.58344
2003-06-30,mkt,17289,-0.814775,3619.89,-0.471841,384.36,-0.203889,4639.75,-0.814775,1793.75,-0.471841,267.123,-0.203889,415.348,-0.814775,507.226,-0.471841,139.829,-0.203889,0.407412,-0.953737,14.1975,-0.639126,22.6767,-0.344281,2.47477,2.28031,1.89056,0.613115
2003-07-31,mkt,18285.5,-0.80738,3729.02,-0.459915,390.276,-0.194601,4907.17,-0.80738,1847.83,-0.459915,271.234,-0.194601,439.288,-0.80738,522.518,-0.459915,141.981,-0.194601,0.430894,-0.951889,14.6256,-0.630977,23.0257,-0.33663,2.47907,2.2849,1.89569,0.620141
2003-08-31,mkt,19378.1,-0.813419,3842.13,-0.467929,396.236,-0.200199,5200.37,-0.813419,1903.88,-0.467929,275.376,-0.200199,465.534,-0.813419,538.368,-0.467929,144.15,-0.200199,0.456639,-0.953398,15.0692,-0.636453,23.3774,-0.341241,2.4872,2.2934,1.90493,0.631695
2003-09-30,mkt,18684.1,-0.795347,3778.99,-0.441638,393.13,-0.180266,5014.13,-0.795347,1872.59,-0.441638,273.218,-0.180266,448.863,-0.795347,529.52,-0.441638,143.019,-0.180266,0.440287,-0.948884,14.8216,-0.618488,23.1941,-0.324824,2.4961,2.30264,1.91476,0.643275
2003-10-31,mkt,21745.2,-0.783752,4081.89,-0.425728,408.71,-0.168555,5835.62,-0.783752,2022.69,-0.425728,284.045,-0.168555,522.402,-0.783752,571.963,-0.425728,148.687,-0.168555,0.512421,-0.945988,16.0095,-0.607618,24.1133,-0.315178,2.48922,2.29574,1.90789,0.636893
2003-11-30,mkt,22478.4,-0.770482,4153.71,-0.407505,412.379,-0.155157,6032.37,-0.770482,2058.28,-0.407505,286.596,-0.155157,540.015,-0.770482,582.027,-0.407505,150.022,-0.155157,0.529697,-0.942674,16.2912,-0.595167,24.3298,-0.304143,2.51309,2.32037,1.93386,0.666695
2003-12-31,mkt,25032.7,-0.758008,4386.97,-0.391272,423.888,-0.14354,6717.87,-0.758008,2173.86,-0.391272,294.594,-0.14354,601.38,-0.758008,614.711,-0.391272,154.209,-0.14354,0.58989,-0.939558,17.2061,-0.584075,25.0088,-0.294574,2.51793,2.32544,1.93932,0.673435
2004-01-31,mkt,26420.5,-0.726991,4510.41,-0.353099,429.893,-0.116977,7090.3,-0.726991,2235.03,-0.353099,298.767,-0.116977,634.72,-0.726991,632.008,-0.353099,156.394,-0.116977,0.622592,-0.931811,17.6902,-0.557993,25.363,-0.272695,2.53484,2.3429,1.95771,0.694495
2004-02-29,mkt,27354.5,-0.715922,4592.2,-0.339549,433.838,-0.107586,7340.94,-0.715922,2275.56,-0.339549,301.509,-0.107586,657.157,-0.715922,643.468,-0.339549,157.829,-0.107586,0.644601,-0.929046,18.011,-0.548734,25.5958,-0.264961,2.5431,2.35145,1.96681,0.705181
2004-03-31,mkt,26291.7,-0.73669,4510.21,-0.362932,430.141,-0.123109,7055.72,-0.73669,2234.93,-0.362932,298.94,-0.123109,631.625,-0.73669,631.979,-0.362932,156.484,-0.123109,0.619557,-0.934233,17.6894,-0.564711,25.3777,-0.277746,2.54834,2.35689,1.97261,0.712095
2004-04-30,mkt,24976.1,-0.726392,4400.89,-0.3496,425.016,-0.113643,6702.68,-0.726392,2180.76,-0.3496,295.377,-0.113643,600.021,-0.726392,616.662,-0.3496,154.619,-0.113643,0.588556,-0.931661,17.2607,-0.555602,25.0753,-0.269949,2.54087,2.34938,1.96514,0.705112
2004-05-31,mkt,25697.8,-0.744721,4468.44,-0.371349,428.371,-0.128445,6896.34,-0.744721,2214.23,-0.371349,297.709,-0.128445,617.358,-0.744721,626.127,-0.371349,155.84,-0.128445,0.605562,-0.936239,17.5256,-0.570462,25.2732,-0.282141,2.53188,2.34027,1.95586,0.695612
2004-06-30,mkt,26910.7,-0.721871,4575.88,-0.343546,433.566,-0.109288,7221.86,-0.721871,2267.47,-0.343546,301.32,-0.109288,646.498,-0.721871,641.182,-0.343546,157.73,-0.109288,0.634145,-0.930532,17.947,-0.551465,25.5798,-0.266363,2.53589,2.34449,1.96045,0.701473
2004-07-31,mkt,24087.6,-0.748253,4332.8,-0.37464,421.98,-0.130356,6464.22,-0.748253,2147.02,-0.37464,293.268,-0.130356,578.674,-0.748253,607.12,-0.37464,153.515,-0.130356,0.567618,-0.937122,16.9936,-0.572711,24.8962,-0.283715,2.5429,2.35172,1.96817,0.710579
2004-08-31,mkt,24091.5,-0.762091,4343.83,-0.391213,423.125,-0.141368,6465.29,-0.762091,2152.48,-0.391213,294.064,-0.141368,578.77,-0.762091,608.667,-0.391213,153.932,-0.141368,0.567711,-0.940578,17.0369,-0.584035,24.9638,-0.292785,2.52452,2.33293,1.94872,0.689587
2004-09-30,mkt,25123.9,-0.733984,4443.39,-0.355449,428.464,-0.115765,6742.34,-0.733984,2201.82,-0.355449,297.774,-0.115765,603.571,-0.733984,622.617,-0.355449,155.874,-0.115765,0.592039,-0.933558,17.4274,-0.559599,25.2787,-0.271697,2.52336,2.33193,1.94793,0.689698
2004-10-31,mkt,26054.1,-0.736242,4534.4,-0.356129,433.398,-0.114295,6991.96,-0.736242,2246.92,-0.356129,301.203,-0.114295,625.917,-0.736242,635.369,-0.356129,157.669,-0.114295,0.613958,-0.934121,17.7843,-0.560063,25.5698,-0.270486,2.52943,2.33817,1.9546,0.697571
2004-11-30,mkt,29280.8,-0.714153,4815.4,-0.329297,447.173,-0.095716,7857.9,-0.714153,2386.16,-0.329297,310.776,-0.095716,703.436,-0.714153,674.743,-0.329297,162.68,-0.095716,0.689995,-0.928604,18.8864,-0.54173,26.3825,-0.255184,2.53429,2.3433,1.96016,0.704491
2004-12-31,mkt,32003.6,-0.678118,5042.98,-0.28671,458.193,-0.0660616,8588.6,-0.678118,2498.93,-0.28671,318.435,-0.0660616,768.847,-0.678118,706.633,-0.28671,166.689,-0.0660616,0.754157,-0.919604,19.779,-0.512631,27.0327,-0.230759,2.55233,2.36187,1.97968,0.726709
2005-01-31,mkt,29737.1,-0.688482,4869.96,-0.296457,450.806,-0.0707469,7980.36,-0.688482,2413.2,-0.296457,313.301,-0.0707469,714.398,-0.688482,682.389,-0.296457,164.002,-0.0707469,0.700748,-0.922193,19.1004,-0.519291,26.5969,-0.234618,2.56586,2.37583,1.99436,0.743525
2005-02-28,mkt,31217.4,-0.672945,4998.23,-0.277904,457.225,-0.0574686,8377.6,-0.672945,2476.75,-0.277904,317.762,-0.0574686,749.959,-0.672945,700.361,-0.277904,166.337,-0.0574686,0.73563,-0.918312,19.6035,-0.506614,26.9756,-0.223681,2.55327,2.36296,1.98108,0.729342
2005-03-31,mkt,29657.7,-0.68617,4880.42,-0.291296,452.378,-0.0649616,7959.04,-0.68617,2418.38,-0.291296,314.394,-0.0649616,712.489,-0.68617,683.854,-0.291296,164.574,-0.0649616,0.698876,-0.921615,19.1415,-0.515765,26.6896,-0.229853,2.56028,2.37024,1.98885,0.738532
2005-04-30,mkt,27628.3,-0.706368,4722.85,-0.313237,445.657,-0.0785816,7414.43,-0.706368,2340.3,-0.313237,309.723,-0.0785816,663.736,-0.706368,661.775,-0.313237,162.129,-0.0785816,0.651054,-0.92666,18.5234,-0.530756,26.2931,-0.241071,2.55129,2.36108,1.97941,0.728558
2005-05-31,mkt,30358.6,-0.697613,4959.73,-0.3017,457.265,-0.069822,8147.14,-0.697613,2457.68,-0.3017,317.79,-0.069822,729.328,-0.697613,694.967,-0.3017,166.351,-0.069822,0.715393,-0.924473,19.4525,-0.522873,26.9779,-0.233856,2.53864,2.34821,1.96634,0.715129
2005-06-30,mkt,30855.8,-0.664992,5008.08,-0.263776,460.049,-0.0439704,8280.57,-0.664992,2481.64,-0.263776,319.725,-0.0439704,741.273,-0.664992,701.742,-0.263776,167.364,-0.0439704,0.727109,-0.916325,19.6421,-0.496961,27.1422,-0.212563,2.55294,2.36298,1.98187,0.732997
2005-07-31,mkt,34140.5,-0.659117,5276.25,-0.256693,472.747,-0.0384778,9162.07,-0.659117,2614.52,-0.256693,328.55,-0.0384778,820.184,-0.659117,739.319,-0.256693,171.984,-0.0384778,0.804513,-0.914858,20.6939,-0.492122,27.8914,-0.208039,2.5549,2.36505,1.98414,0.735831
2005-08-31,mkt,33112.2,-0.650753,5205.47,-0.245359,470.18,-0.029026,8886.1,-0.650753,2579.45,-0.245359,326.766,-0.029026,795.479,-0.650753,729.4,-0.245359,171.05,-0.029026,0.78028,-0.912769,20.4163,-0.484377,27.7399,-0.200254,2.57041,2.38105,2.00094,0.754952
2005-09-30,mkt,33533.1,-0.649032,5246.95,-0.242379,472.613,-0.0261286,8999.06,-0.649032,2600,-0.242379,328.457,-0.0261286,805.592,-0.649032,735.213,-0.242379,171.935,-0.0261286,0.7902,-0.912339,20.579,-0.482341,27.8835,-0.197868,2.56474,2.3753,1.99508,0.748902
2005-10-31,mkt,31701.6,-0.675123,5115.61,-0.270097,467.347,-0.0432134,8507.56,-0.675123,2534.92,-0.270097,324.797,-0.0432134,761.593,-0.675123,716.809,-0.270097,170.019,-0.0432134,0.747041,-0.918856,20.0639,-0.50128,27.5728,-0.21194,2.56608,2.37675,1.99668,0.751066
2005-11-30,mkt,34807.1,-0.655134,5368.67,-0.246569,479.332,-0.0269847,9340.94,-0.655134,2660.32,-0.246569,333.126,-0.0269847,836.197,-0.655134,752.269,-0.246569,174.379,-0.0269847,0.82022,-0.913863,21.0564,-0.485204,28.2799,-0.198573,2.55575,2.36624,1.98606,0.740517
2005-12-31,mkt,34706.2,-0.6198,5374.32,-0.20574,480.64,-0.010741,9313.89,-0.6198,2663.12,-0.20574,334.035,-0.010741,833.775,-0.6198,753.06,-0.20574,174.855,-0.010741,0.817844,-0.905038,21.0786,-0.457307,28.357,-0.174403,2.57002,2.38098,2.00154,0.758096
2006-01-31,mkt,37607.6,-0.607016,5610.19,-0.190889,492.156,-0.014677,10092.5,-0.607016,2780,-0.190889,342.039,-0.014677,903.476,-0.607016,786.111,-0.190889,179.045,-0.014677,0.886214,-0.901845,22.0037,-0.44716,29.0365,-0.166137,2.56864,2.3796,2.00018,0.756869
2006-02-28,mkt,37418.3,-0.6096,5609.93,-0.192353,493.152,-0.014316,10041.7,-0.6096,2779.87,-0.192353,342.731,-0.014316,898.929,-0.6096,786.074,-0.192353,179.407,-0.014316,0.881753,-0.90249,22.0026,-0.44816,29.0952,-0.165187,2.58031,2.39167,2.01294,0.771615
2006-03-31,mkt,38997.3,-0.59953,5743.09,-0.179818,500.182,-0.0116078,10465.4,-0.59953,2845.86,-0.179818,347.616,-0.0116078,936.862,-0.59953,804.734,-0.179818,181.964,-0.0116078,0.918961,-0.899975,22.5249,-0.439595,29.51,-0.156846,2.57857,2.38991,2.0112,0.770141
2006-04-30,mkt,39853.3,-0.583234,5819.67,-0.160925,504.525,-0.0123059,10695.2,-0.583234,2883.8,-0.160925,350.635,-0.0123059,957.427,-0.583234,815.464,-0.160925,183.545,-0.0123059,0.939133,-0.895905,22.8253,-0.426687,29.7662,-0.145113,2.58411,2.39567,2.01729,0.777255
2006-05-31,mkt,36295.5,-0.613835,5573.14,-0.189084,494.966,-0.0358786,9740.38,-0.613835,2761.64,-0.189084,343.991,-0.0358786,871.955,-0.613835,780.919,-0.189084,180.067,-0.0358786,0.855294,-0.903548,21.8583,-0.445926,29.2022,-0.15691,2.58667,2.39832,2.02019,0.780784
2006-06-30,mkt,35935.1,-0.646163,5569.19,-0.22166,496.14,-0.0538123,9643.67,-0.646163,2759.68,-0.22166,344.807,-0.0538123,863.297,-0.646163,780.366,-0.22166,180.494,-0.0538123,0.846802,-0.911622,21.8429,-0.468185,29.2715,-0.172592,2.57027,2.38159,2.00299,0.76262
2006-07-31,mkt,35231.4,-0.643437,5533.68,-0.215482,495.731,-0.0474518,9454.81,-0.643437,2742.09,-0.215482,344.524,-0.0474518,846.39,-0.643437,775.39,-0.215482,180.346,-0.0474518,0.830218,-0.910942,21.7036,-0.463963,29.2474,-0.16703,2.5667,2.37813,1.99978,0.76055
2006-08-31,mkt,37267.4,-0.624752,5707.33,-0.192944,504.673,-0.0319565,10001.2,-0.624752,2828.14,-0.192944,350.738,-0.0319565,895.303,-0.624752,799.723,-0.192944,183.599,-0.0319565,0.878197,-0.906275,22.3847,-0.448564,29.775,-0.15348,2.562,2.37346,1.99519,0.756511
2006-09-30,mkt,39162,-0.601487,5865.28,-0.166184,512.698,-0.0139342,10509.6,-0.601487,2906.4,-0.166184,356.315,-0.0139342,940.819,-0.601487,821.855,-0.166184,186.518,-0.0139342,0.922842,-0.900464,23.0042,-0.43028,30.2484,-0.137721,2.56991,2.38163,2.0038,0.766459
2006-10-31,mkt,42657.2,-0.575729,6137.7,-0.137884,525.685,-0.005556,11447.6,-0.575729,3041.39,-0.137884,365.34,-0.005556,1024.79,-0.575729,860.027,-0.137884,191.242,-0.005556,1.00521,-0.89403,24.0726,-0.410943,31.0146,-0.121638,2.57683,2.38877,2.01138,0.775228
2006-11-30,mkt,44689.4,-0.545093,6299.18,-0.104699,533.754,-0.0116821,11993,-0.545093,3121.41,-0.104699,370.948,-0.0116821,1073.61,-0.545093,882.653,-0.104699,194.178,-0.0116821,1.05309,-0.886378,24.7059,-0.388269,31.4907,-0.102627,2.58946,2.40178,2.02503,0.790711
2006-12-31,mkt,45830.2,-0.514182,6393.89,-0.0725233,538.872,-0.00735701,12299.1,-0.514182,3168.34,-0.0725233,374.505,-0.00735701,1101.01,-0.514182,895.925,-0.0725233,196.04,-0.00735701,1.07998,-0.878658,25.0774,-0.366284,31.7926,-0.0847844,2.59581,2.40836,2.03201,0.798895
2007-01-31,mkt,47649.1,-0.505816,6535.37,-0.0621725,545.949,-0.00755657,12787.3,-0.505816,3238.45,-0.0621725,379.424,-0.00755657,1144.71,-0.505816,915.75,-0.0621725,198.615,-0.00755657,1.12284,-0.876568,25.6323,-0.359212,32.2102,-0.077581,2.59898,2.41164,2.03552,0.803002
2007-02-28,mkt,45264.2,-0.51026,6390.32,-0.0615441,541.056,-0.0255414,12147.3,-0.51026,3166.57,-0.0615441,376.023,-0.0255414,1087.42,-0.51026,895.424,-0.0615441,196.835,-0.0255414,1.06664,-0.877678,25.0634,-0.358782,31.9215,-0.0736582,2.60425,2.4171,2.04129,0.809717
2007-03-31,mkt,46146.6,-0.536673,6475.42,-0.0865952,546.034,-0.0381882,12384,-0.536673,3208.74,-0.0865952,379.483,-0.0381882,1108.61,-0.536673,907.349,-0.0865952,198.645,-0.0381882,1.08743,-0.884275,25.3972,-0.375899,32.2152,-0.0856805,2.59465,2.40738,2.03141,0.799679
2007-04-30,mkt,50609,-0.491463,6798.14,-0.0400639,560.663,-0.0117396,13581.6,-0.491463,3368.66,-0.0400639,389.65,-0.0117396,1215.82,-0.491463,952.569,-0.0400639,203.967,-0.0117396,1.19259,-0.872983,26.6629,-0.344106,33.0783,-0.060538,2.59617,2.40905,2.03342,0.802892
2007-05-31,mkt,55114.4,-0.442287,7114.48,-0.0183762,574.915,-0.00908808,14790.7,-0.442287,3525.41,-0.0183762,399.554,-0.00908808,1324.06,-0.442287,996.895,-0.0183762,209.152,-0.00908808,1.29876,-0.860701,27.9036,-0.311417,33.9191,-0.035368,2.60987,2.42317,2.04821,0.819686
2007-06-30,mkt,52421.7,-0.437206,6961.57,-0.0411422,570.07,-0.020403,14068.1,-0.437206,3449.64,-0.0411422,396.188,-0.020403,1259.37,-0.437206,975.468,-0.0411422,207.39,-0.020403,1.2353,-0.859432,27.3039,-0.305271,33.6333,-0.0283013,2.62225,2.43593,2.0617,0.835105
2007-07-31,mkt,47423.3,-0.480487,6648.93,-0.0845627,558.577,-0.0419812,12726.7,-0.480487,3294.72,-0.0845627,388.2,-0.0419812,1139.29,-0.480487,931.662,-0.0845627,203.208,-0.0419812,1.11752,-0.870242,26.0777,-0.328597,32.9552,-0.0419812,2.6129,2.42645,2.052,0.825221
2007-08-31,mkt,48335.1,-0.52871,6756.27,-0.124993,564.951,-0.0617841,12971.4,-0.52871,3347.91,-0.124993,392.63,-0.0617841,1161.19,-0.52871,946.702,-0.124993,205.527,-0.0617841,1.13901,-0.882286,26.4987,-0.35825,33.3312,-0.0617841,2.59505,2.40833,2.03356,0.806172
2007-09-30,mkt,52530.3,-0.492097,7067.44,-0.0880756,579.135,-0.0400332,14097.2,-0.492097,3502.1,-0.0880756,402.487,-0.0400332,1261.98,-0.492097,990.304,-0.0880756,210.687,-0.0400332,1.23786,-0.873142,27.7191,-0.331174,34.1681,-0.0400332,2.59472,2.4084,2.03443,0.810075
2007-10-31,mkt,54982.6,-0.445117,7249.49,-0.0518634,587.436,-0.0257183,14755.3,-0.445117,3592.32,-0.0518634,408.256,-0.0257183,1320.89,-0.445117,1015.81,-0.0518634,213.707,-0.0257183,1.29565,-0.861408,28.4332,-0.297949,34.6578,-0.0257183,2.6063,2.42042,2.04728,0.8254
2007-11-30,mkt,48030.4,-0.536257,6821.11,-0.127786,571.664,-0.0626144,12889.6,-0.536257,3380.04,-0.127786,397.295,-0.0626144,1153.87,-0.536257,955.787,-0.127786,207.97,-0.0626144,1.13182,-0.884172,26.753,-0.354166,33.7273,-0.0626144,2.61221,2.42663,2.05403,0.833921
2007-12-31,mkt,46808.6,-0.508949,6754.35,-0.0995363,569.718,-0.046096,12561.7,-0.508949,3346.96,-0.0995363,395.943,-0.046096,1124.52,-0.508949,946.432,-0.0995363,207.262,-0.046096,1.10303,-0.877351,26.4912,-0.333249,33.6125,-0.046096,2.58743,2.4016,2.02878,0.809137
2008-01-31,mkt,39140.4,-0.62372,6207.77,-0.208105,547.296,-0.103658,10503.8,-0.62372,3076.12,-0.208105,380.36,-0.103658,940.3,-0.62372,869.846,-0.208105,199.105,-0.103658,0.922333,-0.906017,24.3475,-0.413639,32.2897,-0.103658,2.5818,2.396,2.02336,0.804519
2008-02-29,mkt,35887.5,-0.609053,5966.86,-0.190515,537.477,-0.09274,9630.9,-0.609053,2956.74,-0.190515,373.536,-0.09274,862.154,-0.609053,836.088,-0.190515,195.533,-0.09274,0.845681,-0.902354,23.4026,-0.400614,31.7104,-0.09274,2.55084,2.36465,1.99148,0.771973
2008-03-31,mkt,34622.7,-0.65389,5897.02,-0.23505,535.559,-0.116545,9291.47,-0.65389,2922.13,-0.23505,372.203,-0.116545,831.769,-0.65389,826.302,-0.23505,194.835,-0.116545,0.815876,-0.913553,23.1286,-0.43359,31.5971,-0.116545,2.53525,2.34886,1.97555,0.756332
2008-04-30,mkt,38831.2,-0.617009,6266.12,-0.190343,552.99,-0.0886704,10420.9,-0.617009,3105.03,-0.190343,384.317,-0.0886704,932.873,-0.617009,878.021,-0.190343,201.176,-0.0886704,0.915049,-0.904341,24.5763,-0.400486,32.6256,-0.0886704,2.52628,2.34016,1.96745,0.750887
2008-05-31,mkt,40716.4,-0.57791,6431.51,-0.147036,561.01,-0.0627744,10926.8,-0.57791,3186.98,-0.147036,389.891,-0.0627744,978.162,-0.57791,901.196,-0.147036,204.094,-0.0627744,0.959472,-0.894575,25.225,-0.36842,33.0988,-0.0627744,2.54261,2.35707,1.98552,0.772442
2008-06-30,mkt,32197.5,-0.647283,5741.73,-0.216973,531.004,-0.100241,8640.63,-0.647283,2845.18,-0.216973,369.037,-0.100241,773.505,-0.647283,804.543,-0.216973,193.177,-0.100241,0.758726,-0.911902,22.5196,-0.420205,31.3284,-0.100241,2.54892,2.36367,1.99266,0.781226
2008-07-31,mkt,31363.3,-0.69195,5693.83,-0.26688,529.848,-0.128661,8416.77,-0.69195,2821.45,-0.26688,368.234,-0.128661,753.465,-0.69195,797.831,-0.26688,192.757,-0.128661,0.739069,-0.923059,22.3317,-0.457159,31.2603,-0.128661,2.51017,2.32421,1.95208,0.738285
2008-08-31,mkt,32499,-0.670257,5818.02,-0.23913,536.528,-0.111161,8721.56,-0.670257,2882.98,-0.23913,372.876,-0.111161,780.75,-0.670257,815.233,-0.23913,195.187,-0.111161,0.765832,-0.91764,22.8188,-0.436611,31.6543,-0.111161,2.50364,2.31783,1.94613,0.734224
2008-09-30,mkt,23951.4,-0.767345,5103.66,-0.345818,505.505,-0.170023,6427.68,-0.767345,2529,-0.345818,351.316,-0.170023,575.403,-0.767345,715.135,-0.345818,183.901,-0.170023,0.403623,-0.953134,16.8457,-0.566287,27.3217,-0.215314,2.50732,2.32182,1.95081,0.741276
2008-10-31,mkt,13033.3,-0.898204,3943.65,-0.549268,449.504,-0.304165,2146.93,-0.922492,1508.37,-0.609997,273.306,-0.354284,192.192,-0.922492,426.527,-0.609997,143.066,-0.354284,0.108214,-0.988888,8.97447,-0.782922,20.0721,-0.441379,2.44782,2.26284,1.89353,0.628798
2008-11-30,mkt,9791.66,-0.93152,3524.96,-0.618573,428.192,-0.354912,1612.94,-0.957966,1348.23,-0.70559,260.348,-0.435632,144.39,-0.957966,381.243,-0.70559,136.283,-0.435632,0.0511091,-0.994884,6.30332,-0.849516,16.9082,-0.532546,2.33081,2.07634,1.70571,0.400757
2008-12-31,mkt,9786.51,-0.91788,3591.14,-0.575631,434.14,-0.316972,1612.09,-0.949594,1373.54,-0.672445,263.965,-0.40244,144.314,-0.949594,388.401,-0.672445,138.176,-0.40244,0.0450166,-0.995457,6.01634,-0.856735,16.5844,-0.542852,2.27335,2.0208,1.65365,0.276188
2009-01-31,mkt,7637.72,-0.92041,3205.81,-0.575282,411.238,-0.313877,1258.13,-0.951147,1226.16,-0.672175,250.039,-0.399732,112.627,-0.951147,346.726,-0.672175,130.886,-0.399732,0.0351325,-0.99612,5.37079,-0.865668,15.7095,-0.555746,2.26487,2.01441,1.65054,0.262738
2009-02-28,mkt,5658.05,-0.938017,2782.41,-0.62055,383.9,-0.3495,932.027,-0.961954,1064.22,-0.707116,233.418,-0.430897,83.4347,-0.961954,300.933,-0.707116,122.186,-0.430897,0.0260262,-0.996978,4.66145,-0.879985,14.6652,-0.578811,2.22358,1.97297,1.60934,0.224431
2009-03-31,mkt,6799,-0.950817,3101.17,-0.660456,407.018,-0.383992,1119.97,-0.969811,1186.14,-0.737918,247.474,-0.461074,84.9275,-0.969811,307.64,-0.737918,123.949,-0.461074,0.0227125,-0.997602,4.39932,-0.892607,14.2828,-0.601144,2.1757,1.92451,1.56051,0.175955
2009-04-30,mkt,8615.71,-0.922303,3514.78,-0.56795,434.047,-0.302885,1419.23,-0.952308,1344.33,-0.666516,263.908,-0.390116,107.62,-0.959601,348.67,-0.694125,132.181,-0.416452,0.0287814,-0.997249,4.98606,-0.884289,15.2313,-0.585369,2.19623,1.94764,1.56171,0.158065
2009-05-31,mkt,9707.88,-0.904717,3751.03,-0.517851,449.007,-0.262363,1599.14,-0.941514,1434.69,-0.627846,273.004,-0.354664,121.263,-0.950458,372.106,-0.658657,136.736,-0.382532,0.0324298,-0.996626,5.3212,-0.870872,15.7562,-0.561267,2.22819,1.98144,1.59814,0.204019
2009-06-30,mkt,9742.68,-0.901523,3769.45,-0.506484,450.456,-0.252234,1604.87,-0.939553,1441.74,-0.619072,273.885,-0.345802,121.697,-0.948797,373.933,-0.650609,137.178,-0.374053,0.0325461,-0.996513,5.34734,-0.867828,15.807,-0.555242,2.24341,1.99775,1.6161,0.228181
2009-07-31,mkt,11753,-0.905522,4153.35,-0.515794,473.218,-0.259015,1936.03,-0.942008,1588.57,-0.626258,287.724,-0.351735,146.809,-0.950876,412.017,-0.657201,144.109,-0.379729,0.0392618,-0.996655,5.89194,-0.870321,16.6058,-0.559275,2.24261,1.99728,1.61621,0.230593
2009-08-31,mkt,12742.4,-0.873951,4333.16,-0.438788,483.59,-0.20157,2099,-0.922629,1657.35,-0.566819,294.031,-0.301478,159.168,-0.934461,429.854,-0.602683,147.268,-0.331642,0.0425669,-0.995537,6.14701,-0.849697,16.9698,-0.525108,2.26855,2.02445,1.64506,0.265261
2009-09-30,mkt,14087.1,-0.869227,4563.68,-0.427791,496.494,-0.193583,2320.51,-0.919729,1745.52,-0.558332,301.877,-0.29449,175.964,-0.932004,452.722,-0.594898,151.198,-0.324957,0.0470588,-0.99537,6.47403,-0.846752,17.4226,-0.520358,2.27944,2.0359,1.65735,0.280475
2009-10-31,mkt,13050.3,-0.858054,4407.67,-0.402727,488.349,-0.175725,2149.73,-0.912871,1685.84,-0.538985,296.924,-0.278867,163.014,-0.926195,437.245,-0.577153,148.717,-0.310008,0.0435955,-0.994974,6.25271,-0.84004,17.1368,-0.509736,2.29325,2.05038,1.67269,0.298854
2009-11-30,mkt,15007.6,-0.855091,4734.92,-0.394817,506.377,-0.169702,2472.14,-0.911053,1811.01,-0.53288,307.886,-0.273598,187.462,-0.924655,469.709,-0.571554,154.207,-0.304967,0.0501339,-0.994869,6.71695,-0.837921,17.7694,-0.506154,2.28071,2.03779,1.6602,0.287411
2009-12-31,mkt,16098.5,-0.834868,4908.1,-0.352634,515.662,-0.140806,2651.84,-0.898639,1877.25,-0.50032,313.531,-0.248318,201.089,-0.91414,486.889,-0.54169,157.035,-0.280778,0.0537781,-0.994153,6.96262,-0.826624,18.0952,-0.488967,2.30014,2.05807,1.68164,0.312663
2010-01-31,mkt,14660.6,-0.839397,4691.68,-0.360174,504.375,-0.145361,2414.98,-0.901419,1794.47,-0.50614,306.669,-0.252303,183.128,-0.916494,465.42,-0.547028,153.598,-0.284591,0.0489746,-0.994313,6.65561,-0.828643,17.6991,-0.491676,2.30993,2.06822,1.69239,0.325265
2010-02-28,mkt,15923.2,-0.846474,4899.63,-0.373628,515.694,-0.15413,2622.97,-0.905763,1874.01,-0.516525,313.55,-0.259975,198.9,-0.920174,486.048,-0.556552,157.044,-0.291931,0.0531926,-0.994564,6.9506,-0.832246,18.0963,-0.496892,2.29568,2.0537,1.67756,0.309919
2010-03-31,mkt,18655.3,-0.820088,5306.69,-0.321326,536.775,-0.119324,3073.01,-0.889567,2029.7,-0.476155,326.368,-0.229523,233.026,-0.906455,526.429,-0.519525,163.464,-0.262795,0.0623193,-0.99363,7.52806,-0.818239,18.8361,-0.47619,2.30668,2.0653,1.69,0.325333
2010-04-30,mkt,19573,-0.791625,5444.42,-0.269201,543.912,-0.086,3224.18,-0.872096,2082.38,-0.435922,330.708,-0.20037,244.49,-0.891655,540.092,-0.482623,165.638,-0.2349,0.065385,-0.992622,7.72344,-0.804279,19.0865,-0.45637,2.32923,2.08863,1.71441,0.353066
2010-05-31,mkt,15496.2,-0.839298,4879.96,-0.353172,515.884,-0.138446,2552.63,-0.901358,1866.49,-0.500736,313.666,-0.246253,193.566,-0.916443,484.097,-0.542071,157.103,-0.278802,0.046346,-0.994906,6.54025,-0.836338,17.5888,-0.50212,2.33539,2.09521,1.7215,0.362187
2010-06-30,mkt,13162.9,-0.855803,4521,-0.383451,497.185,-0.157544,2168.27,-0.91149,1729.19,-0.524107,302.297,-0.262961,164.42,-0.925025,448.487,-0.563507,151.408,-0.294789,0.0393675,-0.995429,6.05916,-0.843999,16.9512,-0.513157,2.29856,2.058,1.6841,0.305701
2010-07-31,mkt,15569,-0.859142,4932.04,-0.390609,519.698,-0.162442,2564.62,-0.913539,1886.41,-0.529632,315.985,-0.267246,194.475,-0.926761,489.264,-0.568574,158.264,-0.298889,0.0465637,-0.995535,6.61006,-0.845811,17.7188,-0.515987,2.2729,2.03208,1.65808,0.280296
2010-08-31,mkt,13618.6,-0.851653,4624.51,-0.371418,503.551,-0.148271,2243.33,-0.908942,1768.78,-0.514819,306.168,-0.254848,170.112,-0.922867,458.756,-0.554988,153.347,-0.287026,0.0407303,-0.995297,6.19789,-0.840955,17.1683,-0.507798,2.29563,2.05591,1.68338,0.310856
2010-09-30,mkt,17189.5,-0.838906,5206.26,-0.344171,534.567,-0.129735,2831.55,-0.901118,1991.29,-0.493788,325.026,-0.238632,214.717,-0.916239,516.466,-0.535698,162.792,-0.27151,0.0514102,-0.994893,6.97756,-0.834061,18.2257,-0.497086,2.2754,2.03529,1.66237,0.289175
2010-10-31,mkt,18941.6,-0.813959,5470.5,-0.294225,548.1,-0.0968827,3120.17,-0.885805,2092.36,-0.455236,333.254,-0.20989,236.603,-0.903268,542.679,-0.500338,166.913,-0.24401,0.0566503,-0.994102,7.33171,-0.821423,18.6871,-0.478102,2.30779,2.06891,1.69772,0.330242
2010-11-30,mkt,19179.3,-0.79348,5513.11,-0.255091,550.441,-0.071774,3159.33,-0.873235,2108.65,-0.42503,334.677,-0.187924,239.572,-0.89262,546.906,-0.472633,167.626,-0.222992,0.0573613,-0.993453,7.38881,-0.811521,18.7669,-0.463592,2.32124,2.08288,1.71242,0.347331
2010-12-31,mkt,22749,-0.778241,6008.4,-0.227301,574.735,-0.0543718,3747.35,-0.863881,2298.09,-0.40358,349.448,-0.172699,284.162,-0.884696,596.039,-0.452959,175.024,-0.208425,0.0680375,-0.99297,8.05261,-0.80449,19.5952,-0.453535,2.32233,2.08419,1.71403,0.350253
2011-01-31,mkt,23926.9,-0.744843,6167.27,-0.170789,582.408,-0.0202926,3941.37,-0.843381,2358.86,-0.359961,354.114,-0.142884,298.874,-0.867331,611.799,-0.41295,177.361,-0.179897,0.0715602,-0.991911,8.26554,-0.790191,19.8568,-0.433841,2.34634,2.10904,1.73998,0.379766
2011-02-28,mkt,26109.1,-0.72775,6449.31,-0.142613,595.736,-0.0193534,4300.84,-0.832888,2466.73,-0.338212,362.217,-0.128228,326.133,-0.858443,639.778,-0.393003,181.42,-0.165874,0.0780867,-0.99137,8.64353,-0.783062,20.3112,-0.42416,2.3531,2.11612,1.74754,0.388782
2011-03-31,mkt,26282.2,-0.750708,6483.71,-0.17768,597.622,-0.0409875,4329.36,-0.84698,2479.89,-0.36528,363.364,-0.145759,328.296,-0.87038,643.191,-0.417829,181.994,-0.182648,0.0786046,-0.992097,8.68964,-0.791935,20.3756,-0.43574,2.36505,2.12854,1.76061,0.404217
2011-04-30,mkt,28307.6,-0.724244,6732.97,-0.134436,609.094,-0.0162752,4663,-0.830736,2575.22,-0.331901,370.339,-0.123408,353.595,-0.856621,667.917,-0.387214,185.488,-0.161262,0.0846622,-0.991258,9.0237,-0.780993,20.7667,-0.420976,2.36505,2.12877,1.76119,0.406271
2011-05-31,mkt,27303,-0.719669,6618.53,-0.126309,604.035,-0.0243531,4497.52,-0.827928,2531.46,-0.325628,367.263,-0.119055,341.047,-0.854242,656.565,-0.38146,183.947,-0.157097,0.0816577,-0.991113,8.87034,-0.778937,20.5942,-0.418101,2.3753,2.13941,1.77237,0.419184
2011-06-30,mkt,25938.9,-0.747467,6464.62,-0.169489,597.281,-0.0484102,4272.81,-0.844991,2472.59,-0.358957,363.157,-0.140777,324.007,-0.868695,641.297,-0.41203,181.89,-0.177881,0.0775778,-0.991995,8.66406,-0.789862,20.3639,-0.432449,2.36974,2.13378,1.76668,0.413454
2011-07-31,mkt,24268.8,-0.73414,6263.88,-0.145766,588.187,-0.0343242,3997.7,-0.836811,2395.81,-0.340646,357.628,-0.128058,303.146,-0.861766,621.383,-0.395235,179.121,-0.165712,0.0725829,-0.991572,8.39502,-0.78386,20.0539,-0.424048,2.36151,2.12551,1.75845,0.405734
2011-08-31,mkt,19734,-0.826867,5756.03,-0.301659,566.418,-0.125222,3250.71,-0.893728,2201.57,-0.460975,344.392,-0.210133,246.501,-0.909979,571.004,-0.505601,172.492,-0.244242,0.046488,-0.995677,6.8222,-0.843197,18.1435,-0.507968,2.35129,2.11514,1.74797,0.395228
2011-09-30,mkt,15793.7,-0.826984,5182.98,-0.294031,538.344,-0.117061,2601.63,-0.8938,1982.39,-0.455087,327.322,-0.202764,197.281,-0.91004,514.157,-0.500201,163.942,-0.237191,0.0372056,-0.99568,6.14301,-0.842033,17.2442,-0.505249,2.31364,2.07837,1.71303,0.32714
2011-10-31,mkt,20563.2,-0.841379,5955.44,-0.322577,578.085,-0.13454,3387.29,-0.902636,2277.84,-0.477121,351.485,-0.218546,256.858,-0.917525,590.786,-0.520411,176.045,-0.252292,0.0484412,-0.996039,7.05855,-0.84842,18.5172,-0.515043,2.27955,2.04393,1.67832,0.292856
2011-11-30,mkt,20082.9,-0.818579,5926.12,-0.267776,577.654,-0.0978183,3308.17,-0.888641,2266.62,-0.434822,351.223,-0.185389,250.859,-0.90567,587.877,-0.481614,175.913,-0.220567,0.0423859,-0.99547,6.63823,-0.836158,17.9812,-0.494466,2.31361,2.07975,1.71673,0.340837
2011-12-31,mkt,20359.3,-0.800075,5982.24,-0.228483,580.761,-0.0730447,3353.71,-0.877283,2288.09,-0.404492,353.112,-0.16302,254.312,-0.896049,593.444,-0.453795,176.859,-0.199164,0.0429694,-0.995528,6.70109,-0.836842,18.0779,-0.495244,2.30737,2.074,1.71191,0.321115
2012-01-31,mkt,23126,-0.768215,6379.49,-0.168166,599.822,-0.0371614,3809.46,-0.857727,2440.03,-0.357936,364.702,-0.13062,288.871,-0.879483,632.852,-0.411093,182.664,-0.168163,0.0488087,-0.994815,7.14607,-0.824087,18.6713,-0.475704,2.30815,2.07509,1.71347,0.324712
2012-02-29,mkt,25839.2,-0.739368,6747.72,-0.11748,616.992,-0.00813641,4256.39,-0.84002,2580.87,-0.318813,375.141,-0.104412,322.762,-0.864484,669.381,-0.37521,187.893,-0.143087,0.054535,-0.99417,7.55855,-0.813368,19.2057,-0.459899,2.32564,2.09319,1.73237,0.346283
2012-03-31,mkt,27913.6,-0.730562,7021.05,-0.101933,629.538,-0.016154,4598.09,-0.834614,2685.41,-0.306813,382.769,-0.0963659,348.673,-0.859906,696.495,-0.364203,191.713,-0.135388,0.0589131,-0.993973,7.86472,-0.81008,19.5962,-0.455046,2.34081,2.10889,1.74877,0.365152
2012-04-30,mkt,27202,-0.723526,6941.75,-0.0890047,626.215,-0.0293895,4480.88,-0.830296,2655.08,-0.296834,380.749,-0.0895654,339.785,-0.856247,688.628,-0.35505,190.701,-0.128881,0.0574113,-0.993815,7.77589,-0.807346,19.4928,-0.450945,2.35105,2.11956,1.76006,0.378539
2012-05-31,mkt,22952,-0.757448,6385.39,-0.145191,600.805,-0.0593778,3780.8,-0.851118,2442.28,-0.340203,365.299,-0.117695,286.698,-0.873885,633.437,-0.394828,182.963,-0.155795,0.0484415,-0.994574,7.15268,-0.819228,18.7018,-0.467909,2.34676,2.11532,1.75588,0.374968
2012-06-30,mkt,25171.3,-0.765976,6708.13,-0.159364,616.286,-0.0669383,4146.37,-0.856352,2565.72,-0.351142,374.712,-0.124786,314.42,-0.878319,665.453,-0.404862,187.678,-0.162581,0.0531254,-0.994765,7.5142,-0.822225,19.1838,-0.472186,2.32258,2.09049,1.73034,0.347331
2012-07-31,mkt,25617.5,-0.739381,6776.49,-0.109894,619.631,-0.0390643,4219.86,-0.840028,2591.87,-0.312958,376.746,-0.0986404,319.992,-0.864491,672.235,-0.369839,188.696,-0.137564,0.0540669,-0.99417,7.59078,-0.811764,19.2879,-0.456418,2.33403,2.10262,1.74344,0.364241
2012-08-31,mkt,27304,-0.728109,7000.69,-0.0903104,629.904,-0.0284044,4497.68,-0.833109,2677.62,-0.297842,382.992,-0.0886413,341.059,-0.85863,694.475,-0.355975,191.825,-0.127997,0.0576265,-0.993918,7.84191,-0.807622,19.6076,-0.450388,2.33586,2.10467,1.74577,0.367811
2012-09-30,mkt,29227.4,-0.700656,7249.55,-0.0449104,641.148,-0.015744,4814.51,-0.816258,2772.81,-0.262799,389.829,-0.0660333,365.084,-0.844356,719.163,-0.323833,195.249,-0.106365,0.0616859,-0.993304,8.12069,-0.798021,19.9576,-0.436754,2.34442,2.11355,1.75512,0.378718
2012-10-31,mkt,27838.7,-0.697645,7080.85,-0.0514707,633.768,-0.0258217,4585.75,-0.81441,2708.28,-0.257854,385.342,-0.0625113,347.738,-0.84279,702.427,-0.319298,193.002,-0.102995,0.058755,-0.993236,7.93171,-0.796666,19.7279,-0.43463,2.35342,2.12295,1.76501,0.39043
2012-11-30,mkt,28289.5,-0.727943,7149.95,-0.0992616,637.12,-0.0504248,4660.01,-0.833007,2734.71,-0.295247,387.379,-0.0861877,353.369,-0.858544,709.282,-0.353594,194.022,-0.125649,0.0597064,-0.993914,8.00912,-0.806911,19.8322,-0.448908,2.34634,2.11572,1.75764,0.382731
2012-12-31,mkt,29124.9,-0.695106,7260.78,-0.0458677,642.173,-0.0225334,4797.62,-0.812851,2777.1,-0.253471,390.452,-0.0593468,363.804,-0.84147,720.277,-0.315277,195.561,-0.0999673,0.0614696,-0.993179,8.13326,-0.795465,19.9895,-0.432721,2.34781,2.11741,1.75967,0.386191
2013-01-31,mkt,33485.5,-0.660463,7791.26,-0.00744284,665.347,-0.00372487,5515.94,-0.791587,2980,-0.211096,404.542,-0.0326738,418.274,-0.823458,772.901,-0.276411,202.618,-0.0744461,0.070673,-0.992404,8.72748,-0.783856,20.7109,-0.416636,2.35147,2.12125,1.76382,0.391367
2013-02-28,mkt,34497.9,-0.63932,7917.07,-0.0377663,670.885,-0.0189266,5682.69,-0.778609,3028.12,-0.18599,407.909,-0.0189266,430.919,-0.812464,785.381,-0.253383,204.305,-0.0595714,0.0728095,-0.991931,8.86841,-0.776977,20.8833,-0.40726,2.37043,2.14086,1.7843,0.414834
2013-03-31,mkt,38208.9,-0.619908,8335.55,-0.0132644,688.461,-0.0066194,6293.99,-0.766693,3188.18,-0.164229,418.596,-0.0066194,477.273,-0.802371,826.895,-0.233423,209.657,-0.0470427,0.0806417,-0.991497,9.33718,-0.771015,21.4304,-0.399364,2.37403,2.14472,1.78845,0.420258
2013-04-30,mkt,39626.8,-0.606968,8502.64,-0.0450406,695.607,-0.0225451,6527.56,-0.758751,3252.09,-0.148607,422.941,-0.0225451,494.985,-0.795643,843.47,-0.219095,211.834,-0.0377539,0.0836344,-0.991208,9.52434,-0.766735,21.6528,-0.393509,2.38795,2.15906,1.80345,0.437342
2013-05-31,mkt,42497.7,-0.578163,8813.7,-0.0251369,708.387,-0.012564,7000.47,-0.741069,3371.06,-0.117633,430.711,-0.012564,530.846,-0.780666,874.327,-0.190686,215.725,-0.020316,0.0896935,-0.990563,9.87278,-0.758249,22.0507,-0.382518,2.39221,2.16366,1.80846,0.444057
2013-06-30,mkt,40969,-0.577162,8670.27,-0.069352,702.932,-0.0348106,6748.65,-0.740455,3316.2,-0.114324,427.394,-0.0348106,511.75,-0.780145,860.099,-0.18765,214.064,-0.0348106,0.0864671,-0.990541,9.71212,-0.757342,21.8808,-0.380968,2.40142,2.17321,1.81857,0.456016
2013-07-31,mkt,47269,-0.544052,9317.49,-0.0333602,728.783,-0.0162615,7786.44,-0.720132,3563.75,-0.0800714,443.112,-0.0162615,590.446,-0.76293,924.304,-0.156234,221.937,-0.0162615,0.0997637,-0.9898,10.4371,-0.747957,22.6855,-0.369071,2.39549,2.16729,1.81272,0.450819
2013-08-31,mkt,43866.1,-0.521519,8984.43,-0.057622,715.809,-0.0290575,7225.88,-0.7063,3436.36,-0.057622,435.224,-0.0290575,547.939,-0.751213,891.265,-0.134467,217.986,-0.0290575,0.0925816,-0.989296,10.064,-0.741455,22.2817,-0.36077,2.41494,2.18739,1.83367,0.474575
2013-09-30,mkt,48239.1,-0.513673,9426.4,-0.0498751,733.298,-0.0250615,7946.23,-0.701484,3605.41,-0.0498751,445.857,-0.0250615,602.563,-0.747134,935.109,-0.127351,223.312,-0.0250615,0.101811,-0.989121,10.5591,-0.73933,22.8261,-0.358139,2.40423,2.17644,1.82247,0.462663
2013-10-31,mkt,53518.7,-0.495264,9941.79,-0.0481271,753.325,-0.024231,8815.92,-0.690185,3802.54,-0.0481271,458.034,-0.024231,668.511,-0.737562,986.236,-0.110175,229.41,-0.024231,0.112954,-0.988709,11.1364,-0.734199,23.4495,-0.351705,2.41706,2.18973,1.83632,0.478525
2013-11-30,mkt,57906.1,-0.425456,10347.9,-0.0217307,768.682,-0.0108618,9538.64,-0.647335,3957.87,-0.0217307,467.372,-0.0108618,723.315,-0.701265,1026.53,-0.0495915,234.087,-0.0108618,0.122214,-0.987147,11.5914,-0.716102,23.9275,-0.329813,2.43071,2.20392,1.8513,0.49613
2013-12-31,mkt,62155.2,-0.392746,10727.4,-0.0226335,782.769,-0.0113489,10238.6,-0.627258,4103.01,-0.0226335,475.937,-0.0113489,776.391,-0.684258,1064.17,-0.0226335,238.377,-0.0113489,0.131182,-0.986416,12.0164,-0.707935,24.366,-0.320126,2.44119,2.21479,1.86269,0.509333
2014-01-31,mkt,56726.3,-0.387216,10261.3,-0.0521248,765.815,-0.0262441,9344.29,-0.623863,3924.73,-0.0521248,465.628,-0.0262441,708.578,-0.681383,1017.93,-0.0521248,233.214,-0.0262441,0.119724,-0.986292,11.4943,-0.706177,23.8383,-0.317834,2.45061,2.22458,1.87293,0.521203
2014-02-28,mkt,63741.7,-0.418897,10890.4,-0.0762843,789.179,-0.0385639,10499.9,-0.643309,4165.37,-0.0762843,479.834,-0.0385639,796.208,-0.697855,1080.34,-0.0762843,240.329,-0.0385639,0.13453,-0.987001,12.1991,-0.713666,24.5656,-0.326465,2.43747,2.21115,1.85922,0.506699
2014-03-31,mkt,64297.5,-0.320185,10946.9,-0.027426,791.39,-0.0136927,10591.5,-0.582718,4186.99,-0.027426,481.179,-0.0136927,803.151,-0.64653,1085.95,-0.027426,241.003,-0.0136927,0.135703,-0.984792,12.2624,-0.689869,24.6344,-0.29879,2.45284,2.22715,1.87601,0.52629
2014-04-30,mkt,63772.5,-0.359579,10918.2,-0.059846,790.639,-0.0301378,10505,-0.606899,4176,-0.059846,480.722,-0.0301378,796.594,-0.667013,1083.1,-0.059846,240.774,-0.0301378,0.134595,-0.985674,12.2302,-0.698628,24.611,-0.308558,2.45364,2.22801,1.87704,0.52807
2014-05-31,mkt,67147.1,-0.318615,11209.9,-0.0297985,801.248,-0.014648,11060.9,-0.581755,4287.57,-0.0297985,487.172,-0.014648,838.745,-0.645714,1112.03,-0.0297985,244.004,-0.014648,0.141717,-0.984757,12.5569,-0.688996,24.9412,-0.297515,2.45184,2.22628,1.8755,0.527269
2014-06-30,mkt,71754.9,-0.264227,11591.4,-0.0138213,814.826,-0.006922,11819.9,-0.54837,4433.49,-0.0138213,495.428,-0.006922,896.303,-0.617434,1149.88,-0.0138213,248.139,-0.006922,0.151442,-0.983541,12.9843,-0.676664,25.3639,-0.283635,2.45859,2.23331,1.88286,0.535948
2014-07-31,mkt,67849.3,-0.256725,11281.9,-0.0430429,804.055,-0.0215551,11176.5,-0.543766,4315.1,-0.0430429,488.879,-0.0215551,847.517,-0.613534,1119.18,-0.0430429,244.859,-0.0215551,0.143199,-0.983373,12.6376,-0.67463,25.0286,-0.281172,2.46752,2.24254,1.89252,0.546923
2014-08-31,mkt,75569.3,-0.274808,11912,-0.054623,826.299,-0.0274592,12448.2,-0.554865,4556.09,-0.054623,502.404,-0.0274592,943.949,-0.622936,1181.68,-0.054623,251.633,-0.0274592,0.159493,-0.983777,13.3434,-0.678567,25.721,-0.28551,2.45942,2.23431,1.88409,0.538113
2014-09-30,mkt,71635.5,-0.21971,11605.7,-0.0337042,815.744,-0.0168969,11800.2,-0.521045,4438.93,-0.0337042,495.986,-0.0168969,894.811,-0.594288,1151.29,-0.0337042,248.419,-0.0168969,0.15119,-0.982545,13.0002,-0.666272,25.3925,-0.271804,2.4739,2.24928,1.8997,0.555871
2014-10-31,mkt,75939.8,-0.326209,11980.6,-0.100591,829.356,-0.0511479,12509.3,-0.586416,4582.33,-0.100591,504.262,-0.0511479,948.578,-0.649662,1188.48,-0.100591,252.564,-0.0511479,0.160275,-0.984927,13.4202,-0.689372,25.8162,-0.297175,2.46629,2.24149,1.89172,0.547434
2014-11-30,mkt,81110.4,-0.175711,12383.5,-0.00457805,843.219,-0.00228917,13361,-0.494038,4736.45,-0.00457805,512.691,-0.00228917,1013.16,-0.57141,1228.46,-0.00457805,256.786,-0.00228917,0.171188,-0.98156,13.8716,-0.656062,26.2477,-0.26025,2.47297,2.24863,1.89955,0.557924
2014-12-31,mkt,80604.6,-0.21569,12366.5,-0.0639261,843.011,-0.0323006,13277.7,-0.518578,4729.94,-0.0639261,512.565,-0.0323006,1006.85,-0.592198,1226.77,-0.0639261,256.723,-0.0323006,0.17012,-0.982455,13.8525,-0.664196,26.2412,-0.268883,2.48189,2.2578,1.90912,0.568699
2015-01-31,mkt,73913.1,-0.19738,11865.6,-0.0631461,826.168,-0.0318148,12175.4,-0.507338,4538.34,-0.0631461,502.324,-0.0318148,923.261,-0.582677,1177.07,-0.0631461,251.593,-0.0318148,0.155997,-0.982045,13.2914,-0.659619,25.7169,-0.263545,2.48019,2.25622,1.90776,0.568341
2015-02-28,mkt,86167.6,-0.164028,12820.3,-0.0428553,858.915,-0.0211238,14194,-0.486867,4903.52,-0.0428553,522.235,-0.0211238,1076.33,-0.565336,1271.79,-0.0428553,261.566,-0.0211238,0.181861,-0.981299,14.3609,-0.652247,26.7363,-0.255413,2.46741,2.24326,1.89462,0.554976
2015-03-31,mkt,83424.6,-0.120888,12631.7,-0.0422765,852.861,-0.0212635,13742.2,-0.460386,4831.38,-0.0422765,518.554,-0.0212635,1042.07,-0.542905,1253.08,-0.0422765,259.722,-0.0212635,0.176072,-0.980334,14.1496,-0.643021,26.5478,-0.245407,2.48795,2.26449,1.91672,0.580185
2015-04-30,mkt,84608,-0.0951873,12727.8,-0.0274984,856.213,-0.0135174,13937.1,-0.444611,4868.13,-0.0274984,520.592,-0.0135174,1056.85,-0.529542,1262.61,-0.0274984,260.743,-0.0135174,0.178569,-0.979759,14.2572,-0.637512,26.6522,-0.239435,2.48289,2.2594,1.91168,0.575414
2015-05-31,mkt,87501.5,-0.0780863,12952.5,-0.0252982,863.885,-0.0126372,14413.8,-0.434114,4954.06,-0.0252982,525.256,-0.0126372,1093,-0.520651,1284.9,-0.0252982,263.079,-0.0126372,0.184676,-0.979377,14.5089,-0.633828,26.891,-0.235437,2.48452,2.26117,1.91356,0.57791
2015-06-30,mkt,83886,-0.0889122,12694,-0.041939,855.421,-0.0210809,13818.2,-0.440759,4855.2,-0.041939,520.11,-0.0210809,1047.83,-0.52628,1259.26,-0.041939,260.502,-0.0210809,0.177046,-0.979619,14.2194,-0.635479,26.6275,-0.236899,2.48878,2.26558,1.91827,0.583619
2015-07-31,mkt,87210.6,-0.106379,12956.2,-0.0508544,864.428,-0.0255672,14365.8,-0.451481,4955.48,-0.0508544,525.587,-0.0255672,1089.36,-0.535362,1285.27,-0.0508544,263.245,-0.0255672,0.184062,-0.980009,14.5131,-0.638871,26.9079,-0.240396,2.48258,2.25929,1.91191,0.577083
2015-08-31,mkt,73194.1,-0.302419,11927.3,-0.158061,830.388,-0.081362,12057,-0.571813,4561.93,-0.158061,504.89,-0.081362,914.28,-0.637293,1183.2,-0.158061,252.878,-0.081362,0.15448,-0.984395,13.3605,-0.679661,25.8483,-0.28389,2.48737,2.26431,1.91726,0.583756
2015-09-30,mkt,66880.9,-0.301682,11440.9,-0.153601,813.982,-0.0778307,11017,-0.571361,4375.93,-0.153601,494.915,-0.0778307,835.421,-0.636909,1134.95,-0.153601,247.882,-0.0778307,0.141156,-0.984378,12.8157,-0.677964,25.3376,-0.281137,2.46123,2.23788,1.89056,0.55714
2015-10-31,mkt,81027.9,-0.264841,12611.4,-0.13131,854.924,-0.0656971,13347.4,-0.548747,4823.61,-0.13131,519.808,-0.0656971,1012.13,-0.617754,1251.06,-0.13131,260.35,-0.0656971,0.171014,-0.983554,14.1268,-0.669482,26.6121,-0.271678,2.44736,2.22393,1.87662,0.543848
2015-11-30,mkt,82065.1,-0.167261,12703.8,-0.0736107,858.251,-0.0346824,13518.3,-0.488851,4858.94,-0.0736107,521.831,-0.0346824,1025.09,-0.567017,1260.23,-0.0736107,261.364,-0.0346824,0.173203,-0.981371,14.2303,-0.647529,26.7156,-0.247501,2.47265,2.25008,1.90399,0.575388
2015-12-31,mkt,77144.7,-0.194776,12346.4,-0.0869273,846.596,-0.0410909,12707.7,-0.50574,4722.26,-0.0869273,514.745,-0.0410909,963.628,-0.581323,1224.78,-0.0869273,257.814,-0.0410909,0.162818,-0.981987,13.83,-0.652596,26.3528,-0.252497,2.4739,2.25149,1.90559,0.577773
2016-01-31,mkt,65496.3,-0.355013,11420.9,-0.180422,815.038,-0.0908595,10788.9,-0.604096,4368.27,-0.180422,495.557,-0.0908595,818.126,-0.664638,1132.96,-0.180422,248.204,-0.0908595,0.138233,-0.985571,12.7933,-0.688168,25.3705,-0.291293,2.46442,2.24192,1.89605,0.568673
2016-02-29,mkt,65005.4,-0.391288,11405.4,-0.201756,814.975,-0.102194,10708.1,-0.626363,4362.35,-0.201756,495.519,-0.102194,811.994,-0.6835,1131.43,-0.201756,248.185,-0.102194,0.137197,-0.986383,12.776,-0.696285,25.3685,-0.300129,2.44044,2.21762,1.87142,0.543753
2016-03-31,mkt,77291.3,-0.244281,12451.4,-0.109011,851.783,-0.0510467,12731.9,-0.536127,4762.41,-0.109011,517.898,-0.0510467,965.459,-0.607064,1235.19,-0.109011,259.394,-0.0510467,0.163127,-0.983094,13.9476,-0.660998,26.5143,-0.260258,2.4383,2.21563,1.86972,0.543463
2016-04-30,mkt,78971,-0.172045,12595.7,-0.0663594,856.87,-0.0283273,13008.6,-0.491788,4817.61,-0.0663594,520.991,-0.0283273,986.44,-0.569505,1249.51,-0.0663594,260.943,-0.0283273,0.166672,-0.981478,14.1093,-0.64477,26.6726,-0.242547,2.46107,2.23922,1.89435,0.571707
2016-05-31,mkt,82498.7,-0.16636,12885.7,-0.0621892,866.876,-0.0259072,13589.7,-0.488298,4928.52,-0.0621892,527.075,-0.0259072,1030.51,-0.566549,1278.27,-0.0621892,263.99,-0.0259072,0.174118,-0.981351,14.4341,-0.643184,26.9841,-0.240661,2.46361,2.24189,1.89725,0.575456
2016-06-30,mkt,81861.2,-0.210393,12872.2,-0.0850754,867.02,-0.0395842,13484.7,-0.515326,4923.34,-0.0850754,527.163,-0.0395842,1022.54,-0.589444,1276.93,-0.0850754,264.034,-0.0395842,0.172772,-0.982336,14.4189,-0.651891,26.9886,-0.249541,2.46904,2.24758,1.90332,0.582776
2016-07-31,mkt,90485.1,-0.117429,13539.5,-0.0319905,889.317,-0.0119266,14905.2,-0.458263,5178.6,-0.0319905,540.719,-0.0119266,1130.26,-0.541107,1343.13,-0.0319905,270.824,-0.0119266,0.190973,-0.980257,15.1665,-0.631694,27.6826,-0.22793,2.46665,2.24539,1.90147,0.582529
2016-08-31,mkt,91549.1,-0.0309827,13622.7,-0.0112312,892.108,-0.00562039,15080.5,-0.405201,5210.43,-0.0112312,542.417,-0.00562039,1143.56,-0.496159,1351.39,-0.0112312,271.674,-0.00562039,0.193219,-0.978323,15.2597,-0.613906,27.7695,-0.209417,2.47986,2.25907,1.91572,0.598749
2016-09-30,mkt,91861.7,-0.0730462,13666.6,-0.0363272,893.879,-0.0181098,15132,-0.415539,5227.22,-0.0363272,543.494,-0.0181098,1147.46,-0.504916,1355.75,-0.0363272,272.213,-0.0181098,0.193879,-0.9787,15.3089,-0.61682,27.8247,-0.212175,2.48131,2.26054,1.91733,0.600708
2016-10-31,mkt,87007.9,-0.0725784,13305.5,-0.0351965,882.068,-0.0173079,14332.5,-0.415244,5089.08,-0.0351965,536.312,-0.0173079,1086.83,-0.504666,1319.92,-0.0351965,268.617,-0.0173079,0.183635,-0.978689,14.9043,-0.61637,27.457,-0.211532,2.48102,2.26041,1.9174,0.601782
2016-11-30,mkt,98288.9,-0.118142,14154.6,-0.0590994,909.988,-0.0295328,16190.7,-0.443973,5413.85,-0.0590994,553.288,-0.0295328,1227.74,-0.529002,1404.15,-0.0590994,277.119,-0.0295328,0.207444,-0.979736,15.8555,-0.625875,28.3261,-0.22134,2.47359,2.25276,1.90952,0.593235
2016-12-31,mkt,102854,-0.0391644,14486.6,-0.0196681,920.713,-0.00985545,16942.7,-0.345307,5540.85,-0.0196681,559.809,-0.00985545,1284.76,-0.445424,1437.09,-0.0196681,280.385,-0.00985545,0.217078,-0.97614,16.2274,-0.593704,28.6599,-0.188383,2.4895,2.26922,1.92676,0.613021
2017-01-31,mkt,108105,-0.0234368,14857.3,-0.011746,932.505,-0.0058799,17807.7,-0.293368,5682.64,-0.011746,566.979,-0.0058799,1350.36,-0.401428,1473.86,-0.011746,283.976,-0.0058799,0.228161,-0.974247,16.6427,-0.577669,29.027,-0.172411,2.49534,2.27529,1.93314,0.62043
2017-02-28,mkt,118327,-0.0231817,15547.7,-0.0116168,953.98,-0.0058149,19491.6,-0.272888,5946.67,-0.0116168,580.036,-0.0058149,1478.05,-0.384079,1542.34,-0.0116168,290.516,-0.0058149,0.249736,-0.973501,17.4159,-0.571458,29.6955,-0.166283,2.50183,2.28205,1.94015,0.628525
2017-03-31,mkt,118726,-0.0619439,15583.1,-0.0311221,955.211,-0.0155973,19557.3,-0.224919,5960.24,-0.0311221,580.784,-0.0155973,1483.03,-0.343446,1545.86,-0.0311221,290.891,-0.0155973,0.250578,-0.971753,17.4557,-0.557206,29.7338,-0.152369,2.51381,2.29436,1.95302,0.643028
2017-04-30,mkt,121965,-0.0749932,15800.6,-0.0377246,961.948,-0.0189164,20090.8,-0.235701,6043.4,-0.0377246,584.88,-0.0189164,1523.48,-0.352579,1567.43,-0.0377246,292.942,-0.0189164,0.257413,-0.972145,17.6992,-0.560224,29.9435,-0.155227,2.51396,2.29459,1.95333,0.643744
2017-05-31,mkt,125236,-0.0522868,16019.4,-0.0261535,968.708,-0.0130793,20629.6,-0.207759,6127.08,-0.0261535,588.991,-0.0130793,1564.35,-0.32891,1589.14,-0.0261535,295.001,-0.0130793,0.264317,-0.971127,17.9443,-0.55194,30.1539,-0.147159,2.51736,2.29813,1.95706,0.648183
2017-06-30,mkt,127649,-0.0351462,16180.4,-0.0176171,973.678,-0.00881943,21027.2,-0.148311,6188.68,-0.0176171,592.013,-0.00881943,1594.49,-0.278553,1605.11,-0.0176171,296.515,-0.00881943,0.269411,-0.968961,18.1247,-0.535238,30.3086,-0.131317,2.52064,2.30159,1.9607,0.652576
2017-07-31,mkt,133890,-0.0430753,16575.1,-0.0214352,985.539,-0.0106902,22055.1,-0.15531,6339.63,-0.0214352,599.224,-0.0106902,1672.44,-0.284482,1644.26,-0.0214352,300.127,-0.0106902,0.282581,-0.969216,18.5668,-0.537044,30.6778,-0.132956,2.52296,2.304,1.9633,0.655746
2017-08-31,mkt,134246,-0.0638942,16608.9,-0.0319403,986.72,-0.0159658,22113.8,-0.14655,6352.59,-0.0319403,599.942,-0.0159658,1676.89,-0.277061,1647.62,-0.0319403,300.486,-0.0159658,0.283333,-0.968896,18.6047,-0.534326,30.7146,-0.130265,2.5292,2.31047,1.97004,0.66344
2017-09-30,mkt,143061,-0.0234962,17150,-0.0110458,1002.73,-0.00534563,23565.8,-0.109719,6559.51,-0.0110458,609.674,-0.00534563,1787,-0.245863,1701.29,-0.0110458,305.361,-0.00534563,0.301937,-0.967554,19.2108,-0.524275,31.2128,-0.120878,2.5292,2.31054,1.97022,0.664088
2017-10-31,mkt,151639,-0.0195979,17660.6,-0.00980527,1017.6,-0.00490417,24978.8,-0.0254412,6754.82,-0.00980527,618.719,-0.00490417,1894.14,-0.174473,1751.95,-0.00980527,309.891,-0.00490417,0.320041,-0.964483,19.7827,-0.50216,31.6759,-0.100628,2.53759,2.31917,1.97921,0.674262
2017-11-30,mkt,164183,-0.029316,18382.8,-0.0147202,1038.29,-0.00737566,27045.2,-0.029316,7031.05,-0.0147202,631.297,-0.00737566,2050.84,-0.151251,1823.59,-0.0147202,316.191,-0.00737566,0.346517,-0.963484,20.5917,-0.495076,32.3198,-0.0941926,2.54524,2.32709,1.98747,0.683605
2017-12-31,mkt,168684,-0.0218202,18637.5,-0.0109494,1045.52,-0.00548451,27786.6,-0.0218202,7128.46,-0.0109494,635.693,-0.00548451,2107.06,-0.0852261,1848.86,-0.0109494,318.392,-0.00548451,0.356016,-0.960643,20.877,-0.475645,32.5449,-0.0768576,2.55568,2.33784,1.99869,0.696344
2018-01-31,mkt,194425,-0.0449658,20043.3,-0.0224652,1085.55,-0.0111157,32026.8,-0.0449658,7666.16,-0.0224652,660.035,-0.0111157,2428.59,-0.0449658,1988.32,-0.0224652,330.584,-0.0111157,0.410343,-0.957739,22.4518,-0.456465,33.7911,-0.0600131,2.55914,2.34146,2.00248,0.700715
2018-02-28,mkt,174732,-0.245377,19108.9,-0.127777,1062.16,-0.0648442,28782.9,-0.245377,7308.75,-0.127777,645.813,-0.0648442,2182.61,-0.245377,1895.62,-0.127777,323.461,-0.0648442,0.368781,-0.962352,21.405,-0.484226,33.063,-0.0822407,2.57745,2.36039,2.0222,0.723139
2018-03-31,mkt,163378,-0.232621,18549.1,-0.116487,1048.32,-0.0567,26912.5,-0.232621,7094.64,-0.116487,637.397,-0.0567,2040.78,-0.232621,1840.08,-0.116487,319.246,-0.0567,0.344817,-0.961716,20.778,-0.477549,32.6322,-0.0742481,2.56052,2.3434,2.00529,0.707256
2018-04-30,mkt,163994,-0.245686,18642.3,-0.122471,1052.6,-0.0593028,27014.1,-0.245686,7130.3,-0.122471,639.998,-0.0593028,2048.48,-0.245686,1849.33,-0.122471,320.549,-0.0593028,0.346118,-0.962368,20.8824,-0.481088,32.7653,-0.0768024,2.54989,2.33269,1.99461,0.697102
2018-05-31,mkt,175728,-0.207307,19333.1,-0.0979076,1073.3,-0.044739,28947,-0.207307,7394.52,-0.0979076,652.586,-0.044739,2195.05,-0.207307,1917.86,-0.0979076,326.853,-0.044739,0.370883,-0.960453,21.6562,-0.466563,33.4098,-0.0625096,2.54906,2.33204,1.99422,0.697997
2018-06-30,mkt,178040,-0.140044,19491.9,-0.057445,1078.99,-0.0213861,29327.8,-0.140044,7455.26,-0.057445,656.046,-0.0213861,2223.93,-0.140044,1933.61,-0.057445,328.586,-0.0213861,0.375762,-0.957097,21.8341,-0.442636,33.5869,-0.0395911,2.55756,2.34088,2.00351,0.708772
2018-07-31,mkt,193402,-0.127201,20348.3,-0.0501893,1103.76,-0.0174163,31858.3,-0.127201,7782.8,-0.0501893,671.102,-0.0174163,2415.82,-0.127201,2018.57,-0.0501893,336.127,-0.0174163,0.408185,-0.956457,22.7934,-0.438345,34.3577,-0.0356951,2.55872,2.3421,2.00489,0.710689
2018-08-31,mkt,211560,-0.0531254,21316,-0.0173298,1131.12,-0.00836526,34849.4,-0.0531254,8152.92,-0.0173298,687.741,-0.00836526,2642.63,-0.0531254,2114.56,-0.0173298,344.461,-0.00836526,0.446508,-0.952761,23.8774,-0.414096,35.2095,-0.0139794,2.56915,2.35288,2.01615,0.723581
2018-09-30,mkt,212218,-0.0373417,21374.1,-0.0185049,1133.8,-0.00898602,34957.7,-0.0373417,8175.16,-0.0185049,689.371,-0.00898602,2650.85,-0.0373417,2120.33,-0.0185049,345.277,-0.00898602,0.447896,-0.949665,23.9425,-0.394126,35.293,-0.00898602,2.58051,2.36461,2.02838,0.737526
2018-10-31,mkt,170851,-0.264511,19283.8,-0.137769,1079.32,-0.0692666,28143.6,-0.264511,7375.66,-0.137769,656.247,-0.0692666,2134.13,-0.264511,1912.97,-0.137769,328.687,-0.0692666,0.36059,-0.961113,21.601,-0.464263,33.5972,-0.0692666,2.58053,2.36468,2.02849,0.737774
2018-11-30,mkt,177761,-0.269952,19742.7,-0.138259,1093.96,-0.0681716,29281.9,-0.269952,7551.17,-0.138259,665.147,-0.0681716,2220.45,-0.269952,1958.49,-0.138259,333.144,-0.0681716,0.375175,-0.9614,22.115,-0.464567,34.0528,-0.0681716,2.54928,2.33291,1.99617,0.704465
2018-12-31,mkt,135055,-0.470642,17329.4,-0.26198,1027.45,-0.135792,22247,-0.470642,6628.13,-0.26198,624.705,-0.135792,1686.99,-0.470642,1719.09,-0.26198,312.889,-0.135792,0.251636,-0.972011,18.2026,-0.54144,30.9528,-0.135792,2.55294,2.33688,2.00067,0.711116
2019-01-31,mkt,165937,-0.410663,19280,-0.219022,1085.6,-0.110125,27334.2,-0.410663,7374.2,-0.219022,660.061,-0.110125,2072.75,-0.410663,1912.59,-0.219022,330.597,-0.110125,0.309176,-0.972492,20.2515,-0.544974,32.7046,-0.138772,2.51334,2.29668,1.95987,0.64921
2019-02-28,mkt,181368,-0.228201,20185.3,-0.103491,1111.98,-0.0451072,29876,-0.228201,7720.47,-0.103491,676.104,-0.0451072,2265.5,-0.228201,2002.4,-0.103491,338.633,-0.0451072,0.337927,-0.963975,21.2025,-0.477661,33.4995,-0.0758467,2.53895,2.3233,1.98782,0.682088
2019-03-31,mkt,186419,-0.199229,20508.9,-0.0851077,1122.35,-0.0340455,30708,-0.199229,7844.23,-0.0851077,682.407,-0.0340455,2328.59,-0.199229,2034.5,-0.0851077,341.79,-0.0340455,0.347337,-0.962623,21.5423,-0.46695,33.8118,-0.0651411,2.55022,2.33489,1.99992,0.695901
2019-04-30,mkt,206572,-0.110053,21619.6,-0.0336829,1153.66,-0.00616715,34027.8,-0.110053,8269.07,-0.0336829,701.444,-0.00616715,2580.33,-0.110053,2144.69,-0.0336829,351.324,-0.00616715,0.384888,-0.95846,22.7091,-0.436989,34.755,-0.0381602,2.55298,2.33784,2.00315,0.700204
2019-05-31,mkt,170891,-0.207932,19722.5,-0.0895392,1103.6,-0.0445145,28150.2,-0.207932,7543.44,-0.0895392,671.006,-0.0445145,2134.63,-0.207932,1956.49,-0.0895392,336.079,-0.0445145,0.318407,-0.963029,20.7163,-0.466633,33.2469,-0.0614148,2.56605,2.35134,2.0172,0.716066
2019-06-30,mkt,203805,-0.214899,21581.1,-0.0934977,1155.88,-0.0465439,33571.9,-0.214899,8254.35,-0.0934977,702.792,-0.0465439,2545.76,-0.214899,2140.87,-0.0934977,352,-0.0465439,0.379731,-0.963354,22.6686,-0.468952,34.8218,-0.0634083,2.53982,2.32452,1.98967,0.686554
2019-07-31,mkt,210475,-0.0409033,21967.5,-0.0204028,1167.62,-0.0100767,34670.7,-0.0409033,8402.14,-0.0204028,709.933,-0.0100767,2629.08,-0.0409033,2179.2,-0.0204028,355.576,-0.0100767,0.392159,-0.955039,23.0745,-0.410584,35.1756,-0.0120321,2.56226,2.3477,2.01383,0.714123
2019-08-31,mkt,195259,-0.171294,21267.9,-0.0865225,1151.29,-0.0429638,32164.2,-0.171294,8134.54,-0.0865225,700.001,-0.0429638,2439.01,-0.171294,2109.8,-0.0865225,350.601,-0.0429638,0.363808,-0.960656,22.3396,-0.446017,34.6835,-0.0429638,2.56594,2.35154,2.01787,0.718947
2019-09-30,mkt,202654,-0.130172,21702.1,-0.0621769,1164.32,-0.0293184,33382.4,-0.130172,8300.61,-0.0621769,707.928,-0.0293184,2531.39,-0.130172,2152.87,-0.0621769,354.572,-0.0293184,0.377588,-0.958704,22.7957,-0.431253,35.0763,-0.0293184,2.5537,2.33933,2.00582,0.708056
2019-10-31,mkt,213589,-0.148381,22336.1,-0.0701617,1182.97,-0.0322089,35183.7,-0.148381,8543.12,-0.0701617,719.267,-0.0322089,2667.98,-0.148381,2215.77,-0.0701617,360.251,-0.0322089,0.397962,-0.959568,23.4617,-0.436095,35.6381,-0.0322089,2.55803,2.34384,2.01058,0.713723
2019-11-30,mkt,236099,-0.0123259,23514.2,-0.00607141,1215.08,-0.00293782,38891.6,-0.0123259,8993.71,-0.00607141,738.786,-0.00293782,2949.15,-0.0123259,2332.63,-0.00607141,370.028,-0.00293782,0.439902,-0.952493,24.6991,-0.387435,36.6053,-0.00293782,2.56391,2.35002,2.0172,0.721954
2019-12-31,mkt,253940,-0.0499005,24422.6,-0.0250069,1239.76,-0.0124053,41830.5,-0.0499005,9341.14,-0.0250069,753.793,-0.0124053,3172.01,-0.0499005,2422.74,-0.0250069,377.544,-0.0124053,0.473144,-0.950936,25.6533,-0.37663,37.3488,-0.0124053,2.57665,2.36314,2.03083,0.737347
2020-01-31,mkt,253223,-0.0812258,24437.5,-0.0403909,1241.74,-0.0197992,41712.4,-0.0812258,9346.86,-0.0403909,754.998,-0.0197992,3163.05,-0.0812258,2424.23,-0.0403909,378.147,-0.0197992,0.471808,-0.945217,25.669,-0.339121,37.4085,-0.0197992,2.58571,2.37248,2.0406,0.748501
2020-02-29,mkt,201006,-0.306978,21888.7,-0.163997,1177.55,-0.0845048,33111,-0.306978,8372,-0.163997,715.97,-0.0845048,2510.81,-0.306978,2171.38,-0.163997,358.6,-0.0845048,0.374517,-0.956514,22.9917,-0.40805,35.4748,-0.0845048,2.58455,2.37139,2.03962,0.74799
2020-03-31,mkt,117128,-0.713041,17905.9,-0.42991,1083.45,-0.233409,12553.2,-0.767654,5460.42,-0.489886,586.277,-0.276007,951.909,-0.767654,1416.23,-0.489886,293.642,-0.276007,0.084949,-0.990537,11.5,-0.710306,25.3767,-0.352436,2.55182,2.33811,2.00576,0.712964
2020-04-30,mkt,158808,-0.643716,21100,-0.356373,1179.72,-0.182453,17020.2,-0.768192,6434.46,-0.486837,638.37,-0.272406,1088.45,-0.768192,1527.03,-0.486837,305.543,-0.272406,0.0971342,-0.991298,12.3997,-0.721347,26.4052,-0.364381,2.44845,2.18594,1.85689,0.499495
2020-05-31,mkt,181333,-0.494156,22632.4,-0.224799,1222.97,-0.100273,19434.3,-0.670884,6901.77,-0.381934,661.772,-0.199268,1242.84,-0.722444,1637.93,-0.434462,316.745,-0.234804,0.110911,-0.98958,13.3003,-0.692907,27.3733,-0.331532,2.48182,2.22173,1.87329,0.52312
2020-06-30,mkt,189872,-0.402702,23317.2,-0.151271,1243.36,-0.0568513,20349.5,-0.611382,7110.58,-0.32331,672.803,-0.160623,1301.36,-0.672263,1687.48,-0.38082,322.024,-0.197874,0.116134,-0.987696,13.7027,-0.663779,27.8295,-0.299271,2.49685,2.2377,1.89042,0.544717
2020-07-31,mkt,219382,-0.338345,25102.7,-0.104665,1290.59,-0.0307504,23512.3,-0.569509,7655.07,-0.286151,698.361,-0.137394,1503.62,-0.63695,1816.7,-0.346819,334.257,-0.175676,0.134184,-0.986371,14.7519,-0.645316,28.8867,-0.279879,2.49949,2.24116,1.89504,0.554149
2020-08-31,mkt,265484,-0.224427,27632.5,-0.0290804,1354.28,-0.00542895,28453.2,-0.495392,8426.54,-0.225888,732.826,-0.101355,1819.6,-0.574444,1999.79,-0.291677,350.753,-0.141237,0.162382,-0.984024,16.2386,-0.615374,30.3123,-0.249793,2.51696,2.25943,1.91425,0.576615
2020-09-30,mkt,238137,-0.258742,26291.5,-0.121759,1322.5,-0.0619737,25522.3,-0.517717,8017.6,-0.239686,715.63,-0.108389,1632.16,-0.593272,1902.74,-0.304303,342.523,-0.147958,0.145655,-0.984731,15.4506,-0.622229,29.601,-0.255664,2.54065,2.28399,1.93988,0.605753
2020-10-31,mkt,223485,-0.229477,25551.9,-0.101224,1304.8,-0.0501887,23952,-0.498677,7792.06,-0.221908,706.052,-0.0971868,1531.74,-0.577214,1849.21,-0.288036,337.938,-0.137253,0.136694,-0.984128,15.0159,-0.613396,29.2048,-0.246313,2.52481,2.26808,1.92402,0.590802
2020-11-30,mkt,302155,-0.20589,29772.8,-0.0874672,1409.2,-0.0429199,32383.5,-0.483331,9079.22,-0.209999,762.545,-0.0902776,2070.94,-0.564272,2154.68,-0.277139,364.977,-0.130651,0.184812,-0.983642,17.4964,-0.607479,31.5416,-0.240545,2.5153,2.2586,1.91465,0.582281
2020-12-31,mkt,339599,-0.0320792,31581.1,-0.0160653,1451.57,-0.00803899,36396.5,-0.304648,9630.67,-0.0816351,785.47,-0.0186371,2327.58,-0.413582,2285.55,-0.159684,375.95,-0.0621894,0.207714,-0.977985,18.5591,-0.5437,32.4898,-0.180738,2.55211,2.29693,1.95474,0.628482
2021-01-31,mkt,337464,-0.0973817,31540,-0.0490138,1451.29,-0.0245842,36167.7,-0.266313,9618.14,-0.0560492,785.318,-0.0245842,2312.94,-0.381253,2282.58,-0.136273,375.878,-0.0490616,0.206409,-0.976771,18.5349,-0.530988,32.4836,-0.16927,2.56648,2.31185,1.97031,0.646283
2021-02-28,mkt,361434,-0.0998965,32694,-0.0503612,1478.2,-0.0252807,38736.7,-0.208933,9970.06,-0.0503612,799.879,-0.0252807,2477.23,-0.332862,2366.1,-0.101412,382.847,-0.0295991,0.22107,-0.974955,19.2131,-0.512058,33.0859,-0.152267,2.56478,2.31029,1.96893,0.645882
2021-03-31,mkt,389428,-0.141764,34031.4,-0.0716799,1509.19,-0.0360145,41737,-0.226941,10377.9,-0.0716799,816.649,-0.0360145,2669.1,-0.348049,2462.89,-0.109482,390.873,-0.0360145,0.238192,-0.975525,19.9991,-0.51644,33.7795,-0.155558,2.57257,2.31848,1.97772,0.656683
2021-04-30,mkt,440882,-0.0427116,36244.6,-0.0214704,1557.86,-0.0107638,47251.5,-0.097406,11052.8,-0.0214704,842.987,-0.0107638,3021.76,-0.238807,2623.05,-0.0360125,403.48,-0.0107638,0.269664,-0.971424,21.2996,-0.476545,34.869,-0.121013,2.58053,2.32702,1.98695,0.668749
2021-05-31,mkt,442441,-0.115859,36362.3,-0.0588604,1560.96,-0.0296616,47418.6,-0.115859,11088.7,-0.0588604,844.666,-0.0296616,3032.45,-0.246412,2631.57,-0.0588604,404.283,-0.0296616,0.270617,-0.971709,21.3688,-0.478297,34.9384,-0.122122,2.59552,2.34261,2.0033,0.687644
2021-06-30,mkt,474074,-0.0510861,37659.6,-0.0257221,1588.77,-0.012906,50808.9,-0.0510861,11484.3,-0.0257221,859.714,-0.012906,3249.26,-0.175054,2725.46,-0.0257221,411.486,-0.012906,0.289966,-0.969031,22.1312,-0.45365,35.5608,-0.101415,2.59523,2.34246,2.00333,0.688581
2021-07-31,mkt,489761,-0.0851486,38316.5,-0.0432595,1602.98,-0.021803,52490.2,-0.0851486,11684.6,-0.0432595,867.401,-0.021803,3356.77,-0.14843,2773,-0.0432595,415.165,-0.021803,0.299561,-0.968031,22.5172,-0.444483,35.8788,-0.0937363,2.60356,2.35116,2.01243,0.699088
2021-08-31,mkt,527966,-0.0492613,39806,-0.0248082,1634.08,-0.0124486,56584.8,-0.0492613,12138.9,-0.0248082,884.229,-0.0124486,3618.62,-0.0826038,2880.8,-0.0248082,423.219,-0.0124486,0.322928,-0.96556,23.3926,-0.422984,36.5749,-0.076193,2.6071,2.35491,2.01647,0.704217
2021-09-30,mkt,467536,-0.125011,37507.2,-0.0633912,1586.7,-0.0319087,50108.2,-0.125011,11437.8,-0.0633912,858.591,-0.0319087,3204.45,-0.125011,2714.43,-0.0633912,410.948,-0.0319087,0.285967,-0.966796,22.0417,-0.43251,35.5144,-0.0834822,2.61618,2.36432,2.02635,0.71564
2021-10-31,mkt,551706,-0.132832,40787,-0.0673219,1655.06,-0.0338742,59129.1,-0.132832,12438,-0.0673219,895.583,-0.0338742,3781.33,-0.132832,2951.79,-0.0673219,428.654,-0.0338742,0.337449,-0.967092,23.9691,-0.434892,37.0445,-0.085343,2.60043,2.34817,2.00975,0.697792
2021-11-30,mkt,527627,-0.102879,39936.1,-0.0517712,1638.2,-0.0259616,56548.4,-0.102879,12178.5,-0.0517712,886.459,-0.0259616,3616.3,-0.102879,2890.21,-0.0517712,424.287,-0.0259616,0.322721,-0.962528,23.469,-0.395762,36.6671,-0.0537346,2.62044,2.36901,2.03152,0.722823
2021-12-31,mkt,569927,-0.140199,41609.4,-0.0714944,1673.22,-0.0360916,61082,-0.140199,12688.8,-0.0714944,905.408,-0.0360916,3906.22,-0.140199,3011.31,-0.0714944,433.356,-0.0360916,0.348594,-0.964087,24.4524,-0.40833,37.4509,-0.0635758,2.61431,2.36278,2.02521,0.716493
2022-01-31,mkt,479042,-0.278533,38263.1,-0.145746,1605.73,-0.0744323,51341.4,-0.278533,11668.3,-0.145746,868.888,-0.0744323,3283.31,-0.278533,2769.13,-0.145746,415.877,-0.0744323,0.293005,-0.969865,22.4858,-0.455645,35.9403,-0.100823,2.62261,2.37162,2.03476,0.728668
2022-02-28,mkt,447359,-0.31552,37108.9,-0.164752,1582.73,-0.0839174,47945.7,-0.31552,11316.4,-0.164752,856.444,-0.0839174,3066.15,-0.31552,2685.6,-0.164752,409.921,-0.0839174,0.273626,-0.97141,21.8075,-0.467757,35.4256,-0.110038,2.59963,2.3481,2.01073,0.703596
2022-03-31,mkt,478869,-0.348741,38574,-0.182648,1615.57,-0.0930563,51322.8,-0.348741,11763.2,-0.182648,874.215,-0.0930563,3282.12,-0.348741,2791.63,-0.182648,418.426,-0.0930563,0.292899,-0.972797,22.6685,-0.47916,36.1606,-0.118916,2.58939,2.33789,2.00065,0.694385
2022-04-30,mkt,365439,-0.378646,33856.9,-0.196112,1515.32,-0.0990225,39165.9,-0.378646,10324.7,-0.196112,819.967,-0.0990225,2504.68,-0.378646,2450.26,-0.196112,392.462,-0.0990225,0.223519,-0.974047,19.8965,-0.48774,33.9168,-0.124712,2.59552,2.34471,2.00835,0.705802
2022-05-31,mkt,355482,-0.47758,33653.1,-0.258218,1513.64,-0.133194,38098.9,-0.47758,10262.5,-0.258218,819.059,-0.133194,2436.44,-0.47758,2435.5,-0.258218,392.027,-0.133194,0.21743,-0.978179,19.7767,-0.527316,33.8792,-0.15791,2.55983,2.30826,1.97118,0.667053
2022-06-30,mkt,277690,-0.564571,29953.6,-0.318267,1430.48,-0.167669,29761.5,-0.564571,9134.37,-0.318267,774.058,-0.167669,1903.26,-0.564571,2167.77,-0.318267,370.488,-0.167669,0.169848,-0.981813,17.6027,-0.565581,32.0178,-0.191402,2.55272,2.3017,1.96547,0.665204
2022-07-31,mkt,350175,-0.523874,33735.6,-0.285341,1519.24,-0.147267,37530,-0.523874,10287.7,-0.285341,822.089,-0.147267,2400.06,-0.523874,2441.48,-0.285341,393.477,-0.147267,0.214183,-0.980113,19.8252,-0.5446,34.0046,-0.171581,2.51905,2.26757,1.93101,0.630868
2022-08-31,mkt,314974,-0.464451,32133,-0.237045,1485.58,-0.116707,33757.4,-0.464451,9798.97,-0.237045,803.872,-0.116707,2158.8,-0.464451,2325.49,-0.237045,384.758,-0.116707,0.192653,-0.977631,18.8834,-0.513823,33.251,-0.141893,2.5462,2.29592,1.96085,0.665894
2022-09-30,mkt,241461,-0.589445,28295.2,-0.328167,1397.09,-0.169319,25878.6,-0.589445,8628.65,-0.328167,755.991,-0.169319,1654.95,-0.589445,2047.75,-0.328167,361.841,-0.169319,0.147689,-0.982851,16.6281,-0.571889,31.2705,-0.193005,2.53145,2.281,1.94579,0.65088
2022-10-31,mkt,290993,-0.593663,31266.1,-0.329054,1472.19,-0.168755,31187.2,-0.593663,9534.62,-0.329054,796.632,-0.168755,1994.44,-0.593663,2262.76,-0.329054,381.293,-0.168755,0.177985,-0.983028,18.374,-0.572455,32.9515,-0.192456,2.49645,2.24531,1.90937,0.612936
2022-11-30,mkt,323936,-0.556153,33201.5,-0.296232,1520.78,-0.147442,34717.8,-0.556153,10124.8,-0.296232,822.92,-0.147442,2220.22,-0.556153,2402.82,-0.296232,393.875,-0.147442,0.172484,-0.981576,18.1601,-0.552217,32.8164,-0.171752,2.51662,2.26663,1.93223,0.64169
2022-12-31,mkt,272227,-0.556343,30578.6,-0.289523,1463.47,-0.139471,29175.9,-0.556343,9324.97,-0.289523,791.909,-0.139471,1865.81,-0.556343,2213,-0.289523,379.032,-0.139471,0.144951,-0.983868,16.7255,-0.578617,31.5798,-0.194032,2.52704,2.27792,1.94466,0.637677
2023-01-31,mkt,321199,-0.546789,33348.8,-0.281211,1532.15,-0.133914,34424.5,-0.546789,10169.7,-0.281211,829.076,-0.133914,2201.46,-0.546789,2413.48,-0.281211,396.821,-0.133914,0.171027,-0.98352,18.2407,-0.573687,33.0619,-0.188827,2.50415,2.25452,1.92072,0.612441
2023-02-28,mkt,300185,-0.490438,32354.2,-0.23259,1512.62,-0.101275,32172.4,-0.490438,9866.44,-0.23259,818.509,-0.101275,2057.44,-0.490438,2341.51,-0.23259,391.764,-0.101275,0.159838,-0.981471,17.6967,-0.54485,32.6405,-0.158257,2.52293,2.27413,1.94131,0.636603
2023-03-31,mkt,319434,-0.537475,33542.1,-0.267257,1544.72,-0.120604,34235.3,-0.537475,10228.7,-0.267257,835.878,-0.120604,2189.37,-0.537475,2427.47,-0.267257,400.077,-0.120604,0.170087,-0.983182,18.3464,-0.565411,33.3332,-0.176361,2.5135,2.26454,1.93159,0.626676
2023-04-30,mkt,325190,-0.483355,33938.9,-0.221461,1557.15,-0.0902246,34852.3,-0.483355,10349.7,-0.221461,842.602,-0.0902246,2228.82,-0.483355,2456.19,-0.221461,403.296,-0.0902246,0.173152,-0.981214,18.5635,-0.53825,33.6013,-0.147908,2.5193,2.27078,1.93841,0.635887
2023-05-31,mkt,328534,-0.484021,34229.7,-0.221064,1567.73,-0.0893196,35210.7,-0.484021,10438.4,-0.221064,848.329,-0.0893196,2251.74,-0.484021,2477.23,-0.221064,406.036,-0.0893196,0.174933,-0.981238,18.7225,-0.538014,33.8297,-0.14706,2.52057,2.27219,1.94,0.63823
2023-06-30,mkt,387442,-0.426376,37287.8,-0.176253,1640.12,-0.0614535,41524.1,-0.426376,11370.9,-0.176253,887.501,-0.0614535,2655.49,-0.426376,2698.55,-0.176253,424.785,-0.0614535,0.206299,-0.979142,20.3952,-0.511437,35.3918,-0.120961,2.52075,2.27248,1.94046,0.639415
2023-07-31,mkt,421547,-0.361471,38994.5,-0.127929,1680.84,-0.0317492,45179.3,-0.361471,11891.4,-0.127929,909.532,-0.0317492,2889.24,-0.361471,2822.07,-0.127929,435.33,-0.0317492,0.224459,-0.976782,21.3287,-0.482776,36.2703,-0.0931398,2.53982,2.29228,1.96114,0.663082
2023-08-31,mkt,396842,-0.378072,37967.7,-0.135885,1662.88,-0.0331109,42531.5,-0.378072,11578.3,-0.135885,899.814,-0.0331109,2719.91,-0.378072,2747.75,-0.135885,430.679,-0.0331109,0.211304,-0.977386,20.7671,-0.487495,35.8828,-0.0944152,2.54928,2.30213,1.97142,0.67491
2023-09-30,mkt,345662,-0.420309,35538.9,-0.162251,1612.41,-0.0450518,37046.3,-0.420309,10837.6,-0.162251,872.502,-0.0450518,2369.13,-0.420309,2571.98,-0.162251,417.607,-0.0450518,0.184052,-0.978921,19.4386,-0.503132,34.7937,-0.105599,2.54087,2.29351,1.96266,0.665826
2023-10-31,mkt,318105,-0.483643,34222.8,-0.206325,1586.38,-0.0680233,34092.9,-0.483643,10436.3,-0.206325,858.422,-0.0680233,2180.26,-0.483643,2476.74,-0.206325,410.867,-0.0680233,0.169379,-0.981224,18.7188,-0.529272,34.2322,-0.127114,2.52318,2.27536,1.94394,0.645482
2023-11-30,mkt,397220,-0.44586,38369.8,-0.177375,1683.81,-0.0508422,42572,-0.44586,11700.9,-0.177375,911.14,-0.0508422,2722.5,-0.44586,2776.86,-0.177375,436.1,-0.0508422,0.211505,-0.97985,20.987,-0.512102,36.3345,-0.111022,2.51187,2.26378,1.93216,0.633238
2023-12-31,mkt,450346,-0.32854,40970.2,-0.0911692,1743.77,-0.0099384,48265.9,-0.32854,12493.9,-0.0911692,943.585,-0.0099384,3086.63,-0.32854,2965.05,-0.0911692,451.629,-0.0099384,0.239793,-0.975585,22.4094,-0.460974,37.6283,-0.0630617,2.53773,2.29064,1.96016,0.665204
2024-01-31,mkt,459692,-0.274042,41519.6,-0.0523927,1759.53,-0.0152737,49267.5,-0.274042,12661.4,-0.0523927,952.113,-0.0152737,3150.68,-0.274042,3004.81,-0.0523927,455.711,-0.0152737,0.244769,-0.973603,22.7099,-0.437975,37.9684,-0.0412564,2.55207,2.30556,1.97573,0.683052
2024-02-29,mkt,523222,-0.193283,44434.8,-0.0207309,1824.42,-0.0102654,56076.4,-0.193283,13550.4,-0.0207309,987.225,-0.0102654,3586.11,-0.193283,3215.79,-0.0207309,472.516,-0.0102654,0.278597,-0.970666,24.3044,-0.405858,39.3686,-0.0121374,2.55359,2.30721,1.97761,0.685685
2024-03-31,mkt,564307,-0.121703,46269.9,-0.0159225,1865.75,-0.00776949,60479.6,-0.121703,14110,-0.0159225,1009.59,-0.00776949,3867.7,-0.121703,3348.59,-0.0159225,483.222,-0.00776949,0.300473,-0.968064,25.3081,-0.377971,40.2605,-0.00776949,2.56824,2.32247,1.99353,0.704133
2024-04-30,mkt,498853,-0.180538,43663.1,-0.0736328,1817.08,-0.0358632,53464.7,-0.180538,13315.1,-0.0736328,983.253,-0.0358632,3419.09,-0.180538,3159.94,-0.0736328,470.615,-0.0358632,0.265622,-0.970203,23.8823,-0.396389,39.2102,-0.0358632,2.57659,2.33113,2.00263,0.71466
2024-05-31,mkt,558533,-0.157624,46335.5,-0.0594838,1876.31,-0.0276127,59860.8,-0.157624,14130,-0.0594838,1015.31,-0.0276127,3828.13,-0.157624,3353.34,-0.0594838,485.957,-0.0276127,0.297399,-0.96937,25.344,-0.38717,40.4885,-0.0276127,2.56048,2.31466,1.9857,0.696591
2024-06-30,mkt,602200,-0.0501996,48219.1,-0.0133803,1917.86,-0.00576133,64540.9,-0.0501996,14704.4,-0.0133803,1037.79,-0.00576133,4127.42,-0.0501996,3489.66,-0.0133803,496.718,-0.00576133,0.32065,-0.965464,26.3743,-0.347312,41.385,-0.00576133,2.57326,2.32792,1.99956,0.712453
2024-07-31,mkt,622127,-0.120285,49193.9,-0.0605224,1942.15,-0.02983,66676.5,-0.120285,15001.7,-0.0605224,1050.93,-0.02983,4263.99,-0.120285,3560.2,-0.0605224,503.01,-0.02983,0.33126,-0.963585,26.9074,-0.326417,41.9092,-0.02983,2.58174,2.3367,2.00875,0.722849
2024-08-31,mkt,646230,-0.225021,50401.9,-0.11602,1971.68,-0.0578511,69259.8,-0.225021,15370.1,-0.11602,1066.91,-0.0578511,4429.19,-0.225021,3647.63,-0.11602,510.657,-0.0578511,0.344094,-0.967921,27.5682,-0.366207,42.5464,-0.0578511,2.5844,2.33962,2.01192,0.727331
2024-09-30,mkt,676011,-0.146356,51725,-0.0679163,2002.08,-0.0297576,72451.6,-0.146356,15773.6,-0.0679163,1083.36,-0.0297576,4633.31,-0.146356,3743.38,-0.0679163,518.53,-0.0297576,0.359952,-0.964664,28.2919,-0.331718,43.2023,-0.0297576,2.587,2.34257,2.01542,0.732929
2024-10-31,mkt,659628,-0.0692491,51260.4,-0.033979,1998.12,-0.016152,70695.7,-0.0692491,15631.9,-0.033979,1081.22,-0.016152,4521.03,-0.0692491,3709.76,-0.033979,517.505,-0.016152,0.351228,-0.959486,28.0378,-0.282565,43.1169,-0.016152,2.59129,2.34716,2.02033,0.73918
2024-11-30,mkt,777472,-0.0655968,55834.4,-0.0327488,2090.22,-0.0160624,83325.7,-0.0655968,17026.7,-0.0327488,1131.06,-0.0160624,5328.72,-0.0655968,4040.78,-0.0327488,541.359,-0.0160624,0.413976,-0.958992,30.5396,-0.275971,45.1044,-0.0160624,2.58736,2.34315,2.01633,0.735251
2024-12-31,mkt,715411,-0.106622,53761.7,-0.0528919,2056.21,-0.0256633,76674.2,-0.106622,16394.6,-0.0528919,1112.65,-0.0256633,4903.35,-0.106622,3890.78,-0.0528919,532.549,-0.0256633,0.380931,-0.95584,29.4059,-0.244403,44.3703,-0.0256633,2.60601,2.36256,2.03659,0.758607
2025-01-31,mkt,769473,-0.126748,55943.5,-0.0614776,2102.43,-0.0285895,82468.4,-0.126748,17060,-0.0614776,1137.66,-0.0285895,5273.89,-0.126748,4048.68,-0.0614776,544.521,-0.0285895,0.409717,-0.956835,30.5993,-0.251253,45.3678,-0.0285895,2.59472,2.35105,2.02488,0.746474
2025-02-28,mkt,722233,-0.132902,54369,-0.0663262,2077.21,-0.0329966,77405.3,-0.132902,16579.9,-0.0663262,1124.02,-0.0329966,4950.11,-0.132902,3934.74,-0.0663262,537.989,-0.0329966,0.384563,-0.957139,29.7381,-0.250104,44.8235,-0.0329966,2.60233,2.35906,2.03335,0.75669
2025-03-31,mkt,604385,-0.271764,50015.1,-0.141624,1998.21,-0.0713868,64775,-0.271764,15252.1,-0.141624,1081.27,-0.0713868,4142.39,-0.271764,3619.64,-0.141624,517.529,-0.0713868,0.321813,-0.964003,27.3566,-0.310581,43.1189,-0.0713868,2.59372,2.35025,2.02437,0.747343
2025-04-30,mkt,570269,-0.456789,49492.3,-0.251362,2000.23,-0.12958,48790.3,-0.533809,13398.6,-0.304265,1017.91,-0.15981,3120.16,-0.533809,3179.75,-0.304265,487.203,-0.15981,0.242399,-0.976956,24.032,-0.441209,40.5922,-0.15981,2.57016,2.32626,1.99996,0.722091
2025-05-31,mkt,664161,-0.275575,53635.5,-0.125355,2087.77,-0.0551404,56823.4,-0.421699,14520.2,-0.223531,1062.45,-0.111406,3633.89,-0.421699,3445.95,-0.223531,508.523,-0.111406,0.282308,-0.971414,26.0439,-0.376366,42.3686,-0.111406,2.55521,2.2868,1.96045,0.683699
2025-06-30,mkt,753331,-0.160865,57280.7,-0.0547172,2162.28,-0.0151415,64452.6,-0.330128,15507.1,-0.160822,1100.37,-0.073789,4121.77,-0.330128,3680.14,-0.160822,526.672,-0.073789,0.320211,-0.966888,27.8139,-0.326001,43.8807,-0.073789,2.57192,2.30433,1.97888,0.705402
2025-07-31,mkt,795917,-0.0600362,59028.7,-0.0116261,2200.06,-0.00561592,68096,-0.249637,15980.3,-0.109389,1119.6,-0.0437371,4354.77,-0.249637,3792.44,-0.109389,535.874,-0.0437371,0.338313,-0.962909,28.6627,-0.284691,44.6474,-0.0437371,2.58609,2.3191,1.99429,0.723002
2025-08-31,mkt,836052,-0.0651087,60693,-0.0324309,2236.17,-0.0158848,71529.9,-0.241319,16430.9,-0.101923,1137.98,-0.0374707,4574.37,-0.241319,3899.37,-0.101923,544.67,-0.0374707,0.355373,-0.962498,29.4708,-0.278695,45.3802,-0.0374707,2.59194,2.32517,2.00065,0.730296
2025-09-30,mkt,915475,-0.0389291,63669.4,-0.0192935,2295.39,-0.00937905,78325.1,-0.178381,17236.6,-0.0626362,1168.11,-0.0143592,5008.93,-0.178381,4090.6,-0.0626362,559.094,-0.0143592,0.389132,-0.959387,30.9161,-0.247141,46.582,-0.0143592,2.59678,2.3303,2.00611,0.736989
2025-10-31,mkt,963852,-0.0793865,65582.9,-0.0396312,2335.89,-0.0196501,82464,-0.135209,17754.7,-0.0396312,1188.72,-0.0196501,5273.61,-0.135209,4213.54,-0.0396312,568.96,-0.0196501,0.409695,-0.957253,31.8452,-0.224543,47.4039,-0.0196501,2.60688,2.34081,2.01705,0.749396
2025-11-30,mkt,960120,-0.141028,65685.1,-0.0704433,2343.09,-0.0339235,82144.8,-0.156184,17782.3,-0.0704433,1192.39,-0.0339235,5253.2,-0.156184,4220.1,-0.0704433,570.712,-0.0339235,0.408109,-0.95829,31.8948,-0.230317,47.55,-0.0339235,2.6117,2.34596,2.02258,0.756443
2025-12-31,mkt,954322,-0.0702736,65669.3,-0.035161,2348.31,-0.0172872,81648.7,-0.0862197,17778,-0.035161,1195.04,-0.0172872,5221.47,-0.0862197,4219.09,-0.035161,571.984,-0.0172872,0.405644,-0.954831,31.8872,-0.19696,47.6559,-0.0172872,2.61005,2.34442,2.02115,0.755753
2026-01-31,mkt,982141,-0.0670661,66803.3,-0.0332328,2373.68,-0.0161661,84028.8,-0.0670661,18085,-0.0332328,1207.95,-0.0161661,5373.68,-0.0670661,4291.94,-0.0332328,578.164,-0.0161661,0.417469,-0.953416,32.4378,-0.182106,48.1708,-0.0161661,2.60853,2.3429,2.01968,0.754389
2026-02-28,mkt,950886,-0.082428,65875.5,-0.0398198,2360.11,-0.018775,81354.7,-0.082428,17833.9,-0.0398198,1201.05,-0.018775,5202.67,-0.082428,4232.33,-0.0398198,574.858,-0.018775,0.404184,-0.954183,31.9873,-0.187679,47.8954,-0.018775,2.6111,2.34565,2.0226,0.75807
2026-03-31,mkt,824264,-0.244282,61559.7,-0.124537,2285.48,-0.0607065,70521.4,-0.244282,16665.5,-0.124537,1163.07,-0.0607065,4509.87,-0.244282,3955.05,-0.124537,556.681,-0.0607065,0.350362,-0.962264,29.8916,-0.259351,46.3809,-0.0607065,2.60646,2.34094,2.01792,0.75352
2026-04-30,mkt,1.0543e+06,-0.170495,69785.7,-0.0820184,2436.76,-0.0378859,90202.5,-0.170495,18892.4,-0.0820184,1240.05,-0.0378859,5768.5,-0.170495,4483.56,-0.0820184,593.528,-0.0378859,0.448141,-0.95858,33.886,-0.22338,49.4509,-0.0378859,2.58805,2.32214,1.99873,0.733577
1926-07-31,scv,0.990318,-0.0708715,0.997017,-0.0356315,0.999912,-0.0177152,0.990318,-0.0708715,0.997017,-0.0356315,0.999912,-0.0177152,0.990318,-0.0708715,0.997017,-0.0356315,0.999912,-0.0177152,0.990318,-0.0708715,0.997017,-0.0356315,0.999912,-0.0177152,,,,
1926-08-31,scv,1.14059,-0.0413046,1.07228,-0.0206025,1.03854,-0.0102138,1.14059,-0.0413046,1.07228,-0.0206025,1.03854,-0.0102138,1.14059,-0.0413046,1.07228,-0.0206025,1.03854,-0.0102138,1.14059,-0.0413046,1.07228,-0.0206025,1.03854,-0.0102138,,,,
1926-09-30,scv,1.11954,-0.0725944,1.06433,-0.0359695,1.0361,-0.0174508,1.11954,-0.0725944,1.06433,-0.0359695,1.0361,-0.0174508,1.11954,-0.0725944,1.06433,-0.0359695,1.0361,-0.0174508,1.11954,-0.0725944,1.06433,-0.0359695,1.0361,-0.0174508,,,,
1926-10-31,scv,1.04673,-0.257689,1.0333,-0.134636,1.02286,-0.0674794,1.04673,-0.257689,1.0333,-0.134636,1.02286,-0.0674794,1.04673,-0.257689,1.0333,-0.134636,1.02286,-0.0674794,1.04673,-0.257689,1.0333,-0.134636,1.02286,-0.0674794,,,,
1926-11-30,scv,1.10267,-0.13236,1.06229,-0.0632275,1.03847,-0.029051,1.10267,-0.13236,1.06229,-0.0632275,1.03847,-0.029051,1.10267,-0.13236,1.06229,-0.0632275,1.03847,-0.029051,1.10267,-0.13236,1.06229,-0.0632275,1.03847,-0.029051,,,,
1926-12-31,scv,1.19677,-0.0836009,1.1095,-0.0418697,1.063,-0.0206875,1.19677,-0.0836009,1.1095,-0.0418697,1.063,-0.0206875,1.19677,-0.0836009,1.1095,-0.0418697,1.063,-0.0206875,1.19677,-0.0836009,1.1095,-0.0418697,1.063,-0.0206875,,,,
1927-01-31,scv,1.32225,-0.0694023,1.16965,-0.0346512,1.09327,-0.0172756,1.32225,-0.0694023,1.16965,-0.0346512,1.09327,-0.0172756,1.32225,-0.0694023,1.16965,-0.0346512,1.09327,-0.0172756,1.32225,-0.0694023,1.16965,-0.0346512,1.09327,-0.0172756,,,,
1927-02-28,scv,1.56046,-0.092133,1.27417,-0.0465037,1.1428,-0.0231748,1.56046,-0.092133,1.27417,-0.0465037,1.1428,-0.0231748,1.56046,-0.092133,1.27417,-0.0465037,1.1428,-0.0231748,1.56046,-0.092133,1.27417,-0.0465037,1.1428,-0.0231748,,,,
1927-03-31,scv,1.41624,-0.164033,1.21742,-0.0822243,1.11901,-0.0398694,1.41624,-0.164033,1.21742,-0.0822243,1.11901,-0.0398694,1.41624,-0.164033,1.21742,-0.0822243,1.11901,-0.0398694,1.41624,-0.164033,1.21742,-0.0822243,1.11901,-0.0398694,,,,
1927-04-30,scv,1.54654,-0.136987,1.27514,-0.0667724,1.14697,-0.0313057,1.54654,-0.136987,1.27514,-0.0667724,1.14697,-0.0313057,1.54654,-0.136987,1.27514,-0.0667724,1.14697,-0.0313057,1.54654,-0.136987,1.27514,-0.0667724,1.14697,-0.0313057,,,,
1927-05-31,scv,2.18088,-0.0334592,1.51827,-0.0158284,1.25356,-0.00731176,2.18088,-0.0334592,1.51827,-0.0158284,1.25356,-0.00731176,2.18088,-0.0334592,1.51827,-0.0158284,1.25356,-0.00731176,2.18088,-0.0334592,1.51827,-0.0158284,1.25356,-0.00731176,,,,
1927-06-30,scv,1.92172,-0.155709,1.43051,-0.0786079,1.21905,-0.0388075,1.92172,-0.155709,1.43051,-0.0786079,1.21905,-0.0388075,1.92172,-0.155709,1.43051,-0.0786079,1.21905,-0.0388075,1.92172,-0.155709,1.43051,-0.0786079,1.21905,-0.0388075,,,,
1927-07-31,scv,2.13277,-0.136846,1.50964,-0.0682695,1.25404,-0.0333669,2.13277,-0.136846,1.50964,-0.0682695,1.25404,-0.0333669,2.13277,-0.136846,1.50964,-0.0682695,1.25404,-0.0333669,2.13277,-0.136846,1.50964,-0.0682695,1.25404,-0.0333669,,,,
1927-08-31,scv,2.15347,-0.163313,1.52251,-0.0792114,1.26179,-0.0369002,2.15347,-0.163313,1.52251,-0.0792114,1.26179,-0.0369002,2.15347,-0.163313,1.52251,-0.0792114,1.26179,-0.0369002,2.15347,-0.163313,1.52251,-0.0792114,1.26179,-0.0369002,,,,
1927-09-30,scv,2.16085,-0.0803957,1.52837,-0.0380553,1.26608,-0.0181153,2.16085,-0.0803957,1.52837,-0.0380553,1.26608,-0.0181153,2.16085,-0.0803957,1.52837,-0.0380553,1.26608,-0.0181153,2.16085,-0.0803957,1.52837,-0.0380553,1.26608,-0.0181153,,,,
1927-10-31,scv,1.79594,-0.224838,1.39808,-0.113755,1.21306,-0.0558456,1.79594,-0.224838,1.39808,-0.113755,1.21306,-0.0558456,1.79594,-0.224838,1.39808,-0.113755,1.21306,-0.0558456,1.79594,-0.224838,1.39808,-0.113755,1.21306,-0.0558456,,,,
1927-11-30,scv,2.35308,-0.209353,1.60374,-0.104823,1.3011,-0.0509951,2.35308,-0.209353,1.60374,-0.104823,1.3011,-0.0509951,2.35308,-0.209353,1.60374,-0.104823,1.3011,-0.0509951,2.35308,-0.209353,1.60374,-0.104823,1.3011,-0.0509951,,,,
1927-12-31,scv,2.49853,-0.0559861,1.65639,-0.0280959,1.32434,-0.0139987,2.49853,-0.0559861,1.65639,-0.0280959,1.32434,-0.0139987,2.49853,-0.0559861,1.65639,-0.0280959,1.32434,-0.0139987,2.49853,-0.0559861,1.65639,-0.0280959,1.32434,-0.0139987,,,,
1928-01-31,scv,2.72581,-0.07094,1.73682,-0.0356574,1.35869,-0.0178005,2.72581,-0.07094,1.73682,-0.0356574,1.35869,-0.0178005,2.72581,-0.07094,1.73682,-0.0356574,1.35869,-0.0178005,2.72581,-0.07094,1.73682,-0.0356574,1.35869,-0.0178005,,,,
1928-02-29,scv,2.39796,-0.21818,1.63508,-0.113451,1.32064,-0.0573659,2.39796,-0.21818,1.63508,-0.113451,1.32064,-0.0573659,2.39796,-0.21818,1.63508,-0.113451,1.32064,-0.0573659,2.39796,-0.21818,1.63508,-0.113451,1.32064,-0.0573659,,,,
1928-03-31,scv,3.05802,-0.152501,1.85099,-0.0760298,1.40742,-0.0370713,3.05802,-0.152501,1.85099,-0.0760298,1.40742,-0.0370713,3.05802,-0.152501,1.85099,-0.0760298,1.40742,-0.0370713,3.05802,-0.152501,1.85099,-0.0760298,1.40742,-0.0370713,,,,
1928-04-30,scv,3.94781,-0.0484337,2.10995,-0.0242616,1.50512,-0.012067,3.94781,-0.0484337,2.10995,-0.0242616,1.50512,-0.012067,3.94781,-0.0484337,2.10995,-0.0242616,1.50512,-0.012067,3.94781,-0.0484337,2.10995,-0.0242616,1.50512,-0.012067,,,,
1928-05-31,scv,4.19474,-0.122904,2.18354,-0.0621305,1.53391,-0.0310457,4.19474,-0.122904,2.18354,-0.0621305,1.53391,-0.0310457,4.19474,-0.122904,2.18354,-0.0621305,1.53391,-0.0310457,4.19474,-0.122904,2.18354,-0.0621305,1.53391,-0.0310457,,,,
1928-06-30,scv,3.35153,-0.380644,1.97317,-0.205972,1.4635,-0.106301,3.35153,-0.380644,1.97317,-0.205972,1.4635,-0.106301,3.35153,-0.380644,1.97317,-0.205972,1.4635,-0.106301,3.35153,-0.380644,1.97317,-0.205972,1.4635,-0.106301,,,,
1928-07-31,scv,3.23182,-0.310385,1.94383,-0.155953,1.45509,-0.0758609,3.23182,-0.310385,1.94383,-0.155953,1.45509,-0.0758609,3.23182,-0.310385,1.94383,-0.155953,1.45509,-0.0758609,3.23182,-0.310385,1.94383,-0.155953,1.45509,-0.0758609,,,,
1928-08-31,scv,3.55856,-0.285003,2.04394,-0.139266,1.49437,-0.0656842,3.55856,-0.285003,2.04394,-0.139266,1.49437,-0.0656842,3.55856,-0.285003,2.04394,-0.139266,1.49437,-0.0656842,3.55856,-0.285003,2.04394,-0.139266,1.49437,-0.0656842,,,,
1928-09-30,scv,4.17617,-0.183507,2.21932,-0.0789238,1.55946,-0.0324636,4.17617,-0.183507,2.21932,-0.0789238,1.55946,-0.0324636,4.17617,-0.183507,2.21932,-0.0789238,1.55946,-0.0324636,4.17617,-0.183507,2.21932,-0.0789238,1.55946,-0.0324636,,,,
1928-10-31,scv,4.31349,-0.0786361,2.26505,-0.0395187,1.58019,-0.0196595,4.31349,-0.0786361,2.26505,-0.0395187,1.58019,-0.0196595,4.31349,-0.0786361,2.26505,-0.0395187,1.58019,-0.0196595,4.31349,-0.0786361,2.26505,-0.0395187,1.58019,-0.0196595,,,,
1928-11-30,scv,5.86502,-0.0689001,2.65221,-0.0340782,1.71466,-0.016569,5.86502,-0.0689001,2.65221,-0.0340782,1.71466,-0.016569,5.86502,-0.0689001,2.65221,-0.0340782,1.71466,-0.016569,5.86502,-0.0689001,2.65221,-0.0340782,1.71466,-0.016569,,,,
1928-12-31,scv,5.70292,-0.257591,2.62986,-0.135235,1.70974,-0.0692002,5.70292,-0.257591,2.62986,-0.135235,1.70974,-0.0692002,5.70292,-0.257591,2.62986,-0.135235,1.70974,-0.0692002,5.70292,-0.257591,2.62986,-0.135235,1.70974,-0.0692002,,,,
1929-01-31,scv,5.93397,-0.0921386,2.69065,-0.0465643,1.73238,-0.0231461,5.93397,-0.0921386,2.69065,-0.0465643,1.73238,-0.0231461,5.93397,-0.0921386,2.69065,-0.0465643,1.73238,-0.0231461,5.93397,-0.0921386,2.69065,-0.0465643,1.73238,-0.0231461,,,,
1929-02-28,scv,5.91252,-0.207061,2.69878,-0.106965,1.73968,-0.053758,5.91252,-0.207061,2.69878,-0.106965,1.73968,-0.053758,5.91252,-0.207061,2.69878,-0.106965,1.73968,-0.053758,5.91252,-0.207061,2.69878,-0.106965,1.73968,-0.053758,,,,
1929-03-31,scv,5.12218,-0.313974,2.53082,-0.163536,1.68932,-0.0813467,5.12218,-0.313974,2.53082,-0.163536,1.68932,-0.0813467,5.12218,-0.313974,2.53082,-0.163536,1.68932,-0.0813467,5.12218,-0.313974,2.53082,-0.163536,1.68932,-0.0813467,,,,
1929-04-30,scv,5.17187,-0.277787,2.55201,-0.138332,1.69952,-0.0663174,5.17187,-0.277787,2.55201,-0.138332,1.69952,-0.0663174,5.17187,-0.277787,2.55201,-0.138332,1.69952,-0.0663174,5.17187,-0.277787,2.55201,-0.138332,1.69952,-0.0663174,,,,
1929-05-31,scv,3.44833,-0.454677,2.0993,-0.244839,1.54721,-0.121998,3.44833,-0.454677,2.0993,-0.244839,1.54721,-0.121998,3.44833,-0.454677,2.0993,-0.244839,1.54721,-0.121998,3.44833,-0.454677,2.0993,-0.244839,1.54721,-0.121998,,,,
1929-06-30,scv,4.05545,-0.442926,2.2846,-0.236378,1.6185,-0.116722,4.05545,-0.442926,2.2846,-0.236378,1.6185,-0.116722,4.05545,-0.442926,2.2846,-0.236378,1.6185,-0.116722,4.05545,-0.442926,2.2846,-0.236378,1.6185,-0.116722,,,,
1929-07-31,scv,4.47154,-0.345626,2.40456,-0.169515,1.66304,-0.0763706,4.47154,-0.345626,2.40456,-0.169515,1.66304,-0.0763706,4.47154,-0.345626,2.40456,-0.169515,1.66304,-0.0763706,4.47154,-0.345626,2.40456,-0.169515,1.66304,-0.0763706,,,,
1929-08-31,scv,4.34708,-0.391507,2.38261,-0.195627,1.66069,-0.088619,4.34708,-0.391507,2.38261,-0.195627,1.66069,-0.088619,4.34708,-0.391507,2.38261,-0.195627,1.66069,-0.088619,4.34708,-0.391507,2.38261,-0.195627,1.66069,-0.088619,,,,
1929-09-30,scv,3.90019,-0.384769,2.26172,-0.187247,1.62035,-0.0807728,3.90019,-0.384769,2.26172,-0.187247,1.62035,-0.0807728,3.90019,-0.384769,2.26172,-0.187247,1.62035,-0.0807728,3.90019,-0.384769,2.26172,-0.187247,1.62035,-0.0807728,,,,
1929-10-31,scv,1.78959,-0.784052,1.6023,-0.499169,1.38054,-0.270722,1.78959,-0.784052,1.6023,-0.499169,1.38054,-0.270722,1.78959,-0.784052,1.6023,-0.499169,1.38054,-0.270722,1.47583,-0.784052,1.44821,-0.499169,1.31068,-0.270722,,,,
1929-11-30,scv,1.19764,-0.876925,1.35132,-0.61094,1.27859,-0.352454,1.19764,-0.876925,1.35132,-0.61094,1.27859,-0.352454,1.19764,-0.876925,1.35132,-0.61094,1.27859,-0.352454,0.836165,-0.898503,1.11981,-0.648355,1.16112,-0.385222,,,,
1929-12-31,scv,1.13106,-0.834187,1.32531,-0.5412,1.27028,-0.292798,1.13106,-0.834187,1.32531,-0.5412,1.27028,-0.292798,1.13106,-0.834187,1.32531,-0.5412,1.27028,-0.292798,0.789679,-0.884233,1.09825,-0.619802,1.15357,-0.357771,,,,
1930-01-31,scv,1.40903,-0.819289,1.48257,-0.52062,1.3456,-0.276897,1.40903,-0.819289,1.48257,-0.52062,1.3456,-0.276897,1.40903,-0.819289,1.48257,-0.52062,1.3456,-0.276897,0.983751,-0.873832,1.22857,-0.602749,1.22198,-0.343331,,,,
1930-02-28,scv,1.58374,-0.776925,1.57565,-0.466147,1.3892,-0.2357,1.58374,-0.776925,1.57565,-0.466147,1.3892,-0.2357,1.58374,-0.776925,1.57565,-0.466147,1.3892,-0.2357,1.10573,-0.844255,1.30571,-0.557607,1.26157,-0.305918,,,,
1930-03-31,scv,2.08488,-0.750745,1.81235,-0.434209,1.49228,-0.211945,2.08488,-0.750745,1.81235,-0.434209,1.49228,-0.211945,2.08488,-0.750745,1.81235,-0.434209,1.49228,-0.211945,1.45561,-0.825976,1.50186,-0.531141,1.35518,-0.284346,,,,
1930-04-30,scv,1.87194,-0.715852,1.72253,-0.392901,1.45724,-0.181294,1.87194,-0.715852,1.72253,-0.392901,1.45724,-0.181294,1.87194,-0.715852,1.72253,-0.392901,1.45724,-0.181294,1.30694,-0.801615,1.42742,-0.49691,1.32336,-0.256511,,,,
1930-05-31,scv,1.69093,-0.772004,1.64698,-0.454625,1.42838,-0.223343,1.69093,-0.772004,1.64698,-0.454625,1.42838,-0.223343,1.69093,-0.772004,1.64698,-0.454625,1.42838,-0.223343,1.18057,-0.840818,1.36482,-0.548059,1.29715,-0.294697,,,,
1930-06-30,scv,0.900732,-0.876224,1.22156,-0.590952,1.23607,-0.323432,0.900732,-0.876224,1.22156,-0.590952,1.23607,-0.323432,0.900732,-0.876224,1.22156,-0.590952,1.23607,-0.323432,0.62887,-0.913583,1.01228,-0.661031,1.12251,-0.38559,,,,
1930-07-31,scv,0.95351,-0.865225,1.26272,-0.572095,1.25937,-0.307338,0.95351,-0.865225,1.26272,-0.572095,1.25937,-0.307338,0.95351,-0.865225,1.26272,-0.572095,1.25937,-0.307338,0.665718,-0.905903,1.04639,-0.645405,1.14366,-0.370975,,,,
1930-08-31,scv,0.888786,-0.873755,1.22176,-0.583631,1.23943,-0.315317,0.888786,-0.873755,1.22176,-0.583631,1.23943,-0.315317,0.888786,-0.873755,1.22176,-0.583631,1.23943,-0.315317,0.620529,-0.911859,1.01245,-0.654964,1.12556,-0.378221,,,,
1930-09-30,scv,0.475577,-0.924652,0.900931,-0.675509,1.06741,-0.393705,0.475577,-0.924652,0.900931,-0.675509,1.06741,-0.393705,0.475577,-0.924652,0.900931,-0.675509,1.06741,-0.393705,0.332037,-0.947394,0.746582,-0.731101,0.96934,-0.449407,,,,
1930-10-31,scv,0.340728,-0.948026,0.771131,-0.727826,0.990253,-0.443374,0.340728,-0.948026,0.771131,-0.727826,0.990253,-0.443374,0.340728,-0.948026,0.771131,-0.727826,0.990253,-0.443374,0.237889,-0.963713,0.639019,-0.774455,0.899275,-0.494513,,,,
1930-11-30,scv,0.310098,-0.961062,0.742127,-0.763239,0.974411,-0.480042,0.310098,-0.961062,0.742127,-0.763239,0.974411,-0.480042,0.310098,-0.961062,0.742127,-0.763239,0.974411,-0.480042,0.216503,-0.972815,0.614985,-0.803802,0.884889,-0.527812,,,,
1930-12-31,scv,0.171246,-0.97752,0.561474,-0.816454,0.852101,-0.539289,0.171246,-0.97752,0.561474,-0.816454,0.852101,-0.539289,0.171246,-0.97752,0.561474,-0.816454,0.852101,-0.539289,0.103644,-0.984305,0.432084,-0.8479,0.745153,-0.581616,,,,
1931-01-31,scv,0.253528,-0.970083,0.689043,-0.787379,0.94693,-0.503539,0.253528,-0.970083,0.689043,-0.787379,0.94693,-0.503539,0.253528,-0.970083,0.689043,-0.787379,0.94693,-0.503539,0.153444,-0.981893,0.530255,-0.836377,0.82808,-0.56585,,,,
1931-02-28,scv,0.389208,-0.959453,0.856378,-0.750652,1.0565,-0.460866,0.389208,-0.959453,0.856378,-0.750652,1.0565,-0.460866,0.389208,-0.959453,0.856378,-0.750652,1.0565,-0.460866,0.235563,-0.975459,0.659028,-0.808114,0.923901,-0.528533,,,,
1931-03-31,scv,0.313967,-0.950532,0.771522,-0.722889,1.00355,-0.430765,0.313967,-0.950532,0.771522,-0.722889,1.00355,-0.430765,0.313967,-0.950532,0.771522,-0.722889,1.00355,-0.430765,0.190024,-0.97006,0.593727,-0.786748,0.877598,-0.50221,,,,
1931-04-30,scv,0.176089,-0.975012,0.582452,-0.801762,0.87368,-0.517786,0.176089,-0.975012,0.582452,-0.801762,0.87368,-0.517786,0.176089,-0.975012,0.582452,-0.801762,0.87368,-0.517786,0.106576,-0.984876,0.448227,-0.847446,0.764023,-0.578309,,,,
1931-05-31,scv,0.115563,-0.981691,0.473882,-0.82932,0.788885,-0.551907,0.115563,-0.981691,0.473882,-0.82932,0.788885,-0.551907,0.115563,-0.981691,0.473882,-0.82932,0.788885,-0.551907,0.0699431,-0.988919,0.364677,-0.868653,0.689871,-0.608148,,,,
1931-06-30,scv,0.189933,-0.985138,0.617627,-0.845753,0.904509,-0.573717,0.189933,-0.985138,0.617627,-0.845753,0.904509,-0.573717,0.154778,-0.985138,0.554638,-0.845753,0.855908,-0.573717,0.0799424,-0.991005,0.393058,-0.881299,0.717657,-0.62722,,,,
1931-07-31,scv,0.15839,-0.976578,0.567643,-0.802985,0.868505,-0.516047,0.15839,-0.976578,0.567643,-0.802985,0.868505,-0.516047,0.129073,-0.980913,0.509752,-0.823077,0.821838,-0.54205,0.0666657,-0.990142,0.361248,-0.874619,0.68909,-0.616021,,,,
1931-08-31,scv,0.141412,-0.978453,0.537737,-0.810387,0.845857,-0.524821,0.141412,-0.978453,0.537737,-0.810387,0.845857,-0.524821,0.115238,-0.982441,0.482896,-0.829725,0.800407,-0.550353,0.0595198,-0.990931,0.342216,-0.87933,0.671121,-0.622983,,,,
1931-09-30,scv,0.0391732,-0.993794,0.291075,-0.895163,0.626606,-0.644083,0.0391732,-0.993794,0.291075,-0.895163,0.626606,-0.644083,0.025688,-0.99593,0.233102,-0.916043,0.559018,-0.682474,0.0132678,-0.997898,0.165194,-0.940502,0.468722,-0.733762,,,,
1931-10-31,scv,0.0453678,-0.99562,0.322159,-0.910902,0.663777,-0.671033,0.0453678,-0.99562,0.322159,-0.910902,0.663777,-0.671033,0.0297501,-0.997128,0.257996,-0.928647,0.59218,-0.706516,0.0108735,-0.998517,0.152659,-0.949434,0.452784,-0.753921,,,,
1931-11-30,scv,0.0334876,-0.994732,0.27927,-0.899773,0.619922,-0.648525,0.0334876,-0.994732,0.27927,-0.899773,0.619922,-0.648525,0.0219597,-0.996545,0.223649,-0.919735,0.553056,-0.686436,0.0080261,-0.998737,0.132335,-0.952506,0.42287,-0.760247,,,,
1931-12-31,scv,0.0149021,-0.99807,0.191916,-0.937791,0.517724,-0.721377,0.0149021,-0.99807,0.191916,-0.937791,0.517724,-0.721377,0.00977215,-0.998734,0.153693,-0.950181,0.461881,-0.75143,0.00212645,-0.999666,0.0693825,-0.975124,0.30752,-0.825726,,,,
1932-01-31,scv,0.0197141,-0.997704,0.223498,-0.931739,0.561001,-0.707629,0.0197141,-0.997704,0.223498,-0.931739,0.561001,-0.707629,0.0129276,-0.998495,0.178985,-0.945334,0.500489,-0.739165,0.00281308,-0.999672,0.0808004,-0.975322,0.333226,-0.826336,,,,
1932-02-29,scv,0.0202433,-0.99721,0.227717,-0.923828,0.567548,-0.689848,0.0202433,-0.99721,0.227717,-0.923828,0.567548,-0.689848,0.0132746,-0.99817,0.182363,-0.938999,0.50633,-0.723302,0.0028886,-0.999602,0.0823256,-0.972462,0.337115,-0.815774,,,,
1932-03-31,scv,0.0144636,-0.997708,0.193847,-0.930181,0.525062,-0.701761,0.0144636,-0.997708,0.193847,-0.930181,0.525062,-0.701761,0.00948456,-0.998497,0.155239,-0.944087,0.468427,-0.73393,0.00206387,-0.999673,0.0700807,-0.974759,0.311879,-0.82285,,,,
1932-04-30,scv,0.008602,-0.998637,0.150912,-0.945646,0.464352,-0.736244,0.008602,-0.998637,0.150912,-0.945646,0.464352,-0.736244,0.0056408,-0.999106,0.120855,-0.956471,0.414266,-0.764694,0.00122745,-0.999806,0.0545584,-0.98035,0.275818,-0.843333,,,,
1932-05-31,scv,0.0048244,-0.999236,0.114252,-0.958849,0.405077,-0.769913,0.0048244,-0.999236,0.114252,-0.958849,0.405077,-0.769913,0.00316362,-0.999499,0.091497,-0.967045,0.361384,-0.794731,0.000688412,-0.999891,0.0413051,-0.985123,0.24061,-0.863332,,,,
1932-06-30,scv,0.00496704,-0.999233,0.117,-0.958769,0.410871,-0.769689,0.00496704,-0.999233,0.117,-0.958769,0.410871,-0.769689,0.00325716,-0.999497,0.0936974,-0.966981,0.366553,-0.794531,0.000708767,-0.999891,0.0422984,-0.985094,0.244051,-0.863199,,,,
1932-07-31,scv,0.0184429,-0.999152,0.229732,-0.95621,0.578606,-0.762027,0.0184429,-0.999152,0.229732,-0.95621,0.578606,-0.762027,0.012094,-0.999444,0.183977,-0.964932,0.516196,-0.787695,0.00191256,-0.999879,0.0703529,-0.984169,0.31577,-0.858647,,,,
1932-08-31,scv,0.0882661,-0.9971,0.526693,-0.91746,0.886946,-0.671641,0.0882661,-0.9971,0.526693,-0.91746,0.886946,-0.671641,0.0381798,-0.998098,0.338884,-0.933899,0.707136,-0.707059,0.00357566,-0.999699,0.0985763,-0.974723,0.376084,-0.8208,,,,
1932-09-30,scv,0.0537606,-0.992589,0.431582,-0.857887,0.812614,-0.561146,0.038247,-0.99394,0.358812,-0.870765,0.737798,-0.580925,0.0165438,-0.997379,0.230867,-0.916848,0.588224,-0.665884,0.00154938,-0.999755,0.0671557,-0.975812,0.312842,-0.822304,,,,
1932-10-31,scv,0.022796,-0.99673,0.291141,-0.90142,0.672975,-0.630493,0.0162178,-0.997674,0.242051,-0.918042,0.611016,-0.664513,0.00701507,-0.998994,0.15574,-0.947267,0.487145,-0.732526,0.000569301,-0.999912,0.0420633,-0.985012,0.249477,-0.859082,,,,
1932-11-30,scv,0.0143993,-0.997719,0.236392,-0.914858,0.609619,-0.653732,0.0102441,-0.998377,0.196534,-0.929214,0.553493,-0.685612,0.00443113,-0.999298,0.126453,-0.954455,0.441283,-0.749348,0.000359605,-0.999943,0.0341534,-0.987699,0.225991,-0.871636,,,,
1932-12-31,scv,0.0101938,-0.998838,0.20238,-0.938645,0.566578,-0.705352,0.00725216,-0.999174,0.168257,-0.94899,0.514414,-0.73248,0.0025226,-0.999643,0.0965078,-0.967179,0.38659,-0.786714,0.000204719,-0.999971,0.0260655,-0.991136,0.197981,-0.890772,,,,
1933-01-31,scv,0.0123501,-0.998383,0.224752,-0.927057,0.598458,-0.678068,0.00878628,-0.998849,0.186856,-0.939356,0.543359,-0.707707,0.00305623,-0.9996,0.107176,-0.965216,0.408343,-0.780338,0.000209424,-0.999968,0.0265042,-0.990605,0.199909,-0.887506,,,,
1933-02-28,scv,0.00615591,-0.999039,0.161546,-0.942257,0.509511,-0.711696,0.00437951,-0.999317,0.134307,-0.951993,0.462602,-0.738239,0.00152337,-0.999762,0.0770354,-0.972464,0.347652,-0.803283,0.000104387,-0.999984,0.0190505,-0.993191,0.170197,-0.903695,,,,
1933-03-31,scv,0.00791751,-0.999012,0.193656,-0.941388,0.567249,-0.709458,0.00323298,-0.999488,0.117423,-0.957708,0.434409,-0.753252,0.00112456,-0.999822,0.0673507,-0.975742,0.326465,-0.814565,6.39258e-05,-0.99999,0.015104,-0.99456,0.152017,-0.913653,,,,
1933-04-30,scv,0.0255398,-0.998794,0.358967,-0.931586,0.778925,-0.680887,0.00804465,-0.999507,0.189568,-0.958518,0.555368,-0.755617,0.00228862,-0.999829,0.0978381,-0.976207,0.395357,-0.816343,9.17147e-05,-0.99999,0.0182813,-0.994664,0.167691,-0.914481,,,,
1933-05-31,scv,0.108115,-0.995419,0.759503,-0.862173,1.1414,-0.542958,0.0340547,-0.998557,0.401089,-0.927214,0.813811,-0.674132,0.0096882,-0.99959,0.207006,-0.962435,0.579339,-0.76802,0.000241293,-0.999984,0.0302072,-0.992981,0.216601,-0.901606,,,,
1933-06-30,scv,0.155194,-0.984936,0.950528,-0.738517,1.29147,-0.363208,0.03516,-0.995335,0.42,-0.862067,0.838944,-0.545972,0.0100027,-0.998673,0.216766,-0.928811,0.59723,-0.676785,0.000210947,-0.999972,0.0290066,-0.990474,0.213625,-0.884241,,,,
1933-07-31,scv,0.100226,-0.986568,0.837189,-0.728992,1.23643,-0.338181,0.0164836,-0.997388,0.311179,-0.887921,0.733921,-0.583127,0.0046894,-0.999257,0.160603,-0.942155,0.522466,-0.703235,8.63202e-05,-0.999986,0.0200319,-0.992785,0.180315,-0.89758,,,,
1933-08-31,scv,0.121374,-0.983831,0.933318,-0.693089,1.30985,-0.290502,0.0199617,-0.997341,0.34691,-0.885923,0.777501,-0.578856,0.00567889,-0.999243,0.179044,-0.941124,0.55349,-0.700195,8.90385e-05,-0.999988,0.0205444,-0.993244,0.183058,-0.900761,,,,
1933-09-30,scv,0.0592823,-0.990608,0.669271,-0.758947,1.11569,-0.366281,0.00974978,-0.998455,0.248765,-0.910401,0.662249,-0.623838,0.00277371,-0.999561,0.12839,-0.953757,0.471444,-0.732216,4.34886e-05,-0.999993,0.0147321,-0.994694,0.155922,-0.911435,,,,
1933-10-31,scv,0.0352293,-0.995331,0.536451,-0.825528,1.00832,-0.457585,0.00579394,-0.999232,0.199397,-0.93515,0.598519,-0.678033,0.00133928,-0.999788,0.0922656,-0.966768,0.402837,-0.771185,1.52628e-05,-0.999998,0.00896841,-0.99677,0.122412,-0.930469,,,,
1933-11-30,scv,0.0403744,-0.994432,0.580771,-0.807026,1.0521,-0.427624,0.00664012,-0.999084,0.21587,-0.928272,0.624504,-0.660249,0.00153487,-0.999788,0.0998883,-0.96681,0.420327,-0.771329,1.74919e-05,-0.999998,0.00970935,-0.996774,0.127727,-0.930512,,,,
1933-12-31,scv,0.038625,-0.995158,0.57637,-0.816057,1.05197,-0.438123,0.00635241,-0.999204,0.214234,-0.931629,0.62443,-0.666481,0.00146837,-0.999816,0.0991312,-0.968363,0.420277,-0.775523,1.41263e-05,-0.999998,0.00882154,-0.996925,0.122078,-0.931787,,,,
1934-01-31,scv,0.0940261,-0.994155,0.913134,-0.79695,1.32954,-0.408918,0.0123718,-0.999039,0.301705,-0.924527,0.742774,-0.649146,0.00285976,-0.999778,0.139606,-0.965077,0.499929,-0.763855,2.39209e-05,-0.999998,0.0115559,-0.996892,0.139962,-0.931407,,,,
1934-02-28,scv,0.102905,-0.984969,0.970764,-0.664433,1.37629,-0.234242,0.0135401,-0.998022,0.320746,-0.889126,0.768897,-0.572192,0.00312982,-0.999543,0.148417,-0.948696,0.517511,-0.712061,2.61798e-05,-0.999996,0.0122853,-0.995753,0.144884,-0.919388,,,,
1934-03-31,scv,0.100331,-0.986391,0.968093,-0.677711,1.37775,-0.247827,0.0132013,-0.998209,0.319864,-0.893514,0.769712,-0.579782,0.00305151,-0.999586,0.148009,-0.950726,0.51806,-0.71717,2.55247e-05,-0.999997,0.0122515,-0.995921,0.145038,-0.920818,,,,
1934-04-30,scv,0.0942644,-0.985065,0.943573,-0.66015,1.36203,-0.226357,0.0124031,-0.998035,0.311763,-0.887711,0.760928,-0.567787,0.00286701,-0.999546,0.14426,-0.948041,0.512148,-0.709096,2.39815e-05,-0.999996,0.0119412,-0.995699,0.143382,-0.918558,,,,
1934-05-31,scv,0.0632584,-0.991405,0.78527,-0.739201,1.24726,-0.320459,0.00832343,-0.998869,0.259458,-0.91383,0.696811,-0.62036,0.00192398,-0.999739,0.120058,-0.960127,0.468993,-0.74448,1.60934e-05,-0.999998,0.00993779,-0.9967,0.131301,-0.928464,,,,
1934-06-30,scv,0.0584115,-0.990848,0.759957,-0.729536,1.22919,-0.307096,0.00768568,-0.998796,0.251095,-0.910637,0.686716,-0.612894,0.00177656,-0.999722,0.116187,-0.95865,0.462199,-0.739456,1.48603e-05,-0.999998,0.00961744,-0.996577,0.129399,-0.927057,,,,
1934-07-31,scv,0.0244083,-0.996775,0.507931,-0.833565,1.01242,-0.452048,0.0032116,-0.999576,0.167823,-0.945009,0.565609,-0.693875,0.000742368,-0.999902,0.0776559,-0.974554,0.380687,-0.79396,5.25431e-06,-0.999999,0.00589232,-0.997894,0.101944,-0.942316,,,,
1934-08-31,scv,0.0324741,-0.995863,0.590169,-0.810273,1.09335,-0.413972,0.00427288,-0.999456,0.194995,-0.937313,0.610824,-0.672603,0.000987684,-0.999874,0.0902291,-0.970993,0.411119,-0.779643,6.9906e-06,-0.999999,0.00684634,-0.997799,0.110094,-0.94099,,,,
1934-09-30,scv,0.0290761,-0.99627,0.561003,-0.818514,1.0672,-0.425776,0.00382579,-0.999509,0.185359,-0.940036,0.596216,-0.679197,0.000884337,-0.999887,0.0857701,-0.972253,0.401287,-0.784081,6.25913e-06,-0.999999,0.006508,-0.997895,0.107461,-0.942179,,,,
1934-10-31,scv,0.0256468,-0.995937,0.529502,-0.809287,1.03809,-0.410354,0.00337456,-0.999465,0.174951,-0.936987,0.579955,-0.670582,0.000780036,-0.999876,0.0809539,-0.970843,0.390342,-0.778283,5.52092e-06,-0.999999,0.00614257,-0.997788,0.10453,-0.940626,,,,
1934-11-30,scv,0.0354482,-0.996063,0.624875,-0.812257,1.12879,-0.414944,0.00466421,-0.999482,0.206463,-0.937968,0.630626,-0.673146,0.00107814,-0.99988,0.0955353,-0.971296,0.424447,-0.780009,7.63083e-06,-0.999999,0.00724896,-0.997822,0.113663,-0.941088,,,,
1934-12-31,scv,0.0366463,-0.995255,0.638038,-0.792824,1.14187,-0.384613,0.00482186,-0.999376,0.210812,-0.931548,0.637933,-0.6562,0.00111458,-0.999856,0.0975476,-0.968326,0.429365,-0.768603,6.87066e-06,-0.999999,0.00689109,-0.997597,0.110873,-0.938034,,,,
1935-01-31,scv,0.0331142,-0.994968,0.610153,-0.784806,1.11827,-0.37147,0.0043571,-0.999338,0.201598,-0.928899,0.624745,-0.648858,0.00100715,-0.999847,0.0932844,-0.9671,0.420489,-0.763661,6.20843e-06,-0.999999,0.00658993,-0.997676,0.108581,-0.938972,,,,
1935-02-28,scv,0.0272364,-0.995848,0.556377,-0.80346,1.06929,-0.398528,0.00358372,-0.999454,0.18383,-0.935062,0.597384,-0.663974,0.000828383,-0.999874,0.0850627,-0.969952,0.402074,-0.773836,5.10644e-06,-0.999999,0.00600912,-0.997877,0.103825,-0.941599,,,,
1935-03-31,scv,0.0191005,-0.997391,0.469632,-0.843179,0.984285,-0.461893,0.00251322,-0.999657,0.155169,-0.948185,0.549893,-0.699375,0.000580934,-0.999921,0.0718006,-0.976024,0.370109,-0.797662,3.58108e-06,-1,0.00507224,-0.998306,0.0955713,-0.947751,,,,
1935-04-30,scv,0.0250336,-0.99704,0.539463,-0.832646,1.05583,-0.44384,0.00329387,-0.999611,0.178242,-0.944705,0.589863,-0.689289,0.000761384,-0.99991,0.0824768,-0.974414,0.397011,-0.790874,4.69343e-06,-0.999999,0.00582644,-0.998193,0.102518,-0.945998,,,,
1935-05-31,scv,0.026039,-0.996101,0.552464,-0.807307,1.06958,-0.40273,0.00342617,-0.999487,0.182538,-0.936333,0.597544,-0.666322,0.000791965,-0.999881,0.0844645,-0.97054,0.402181,-0.775416,4.88194e-06,-0.999999,0.00596686,-0.997919,0.103853,-0.942007,,,,
1935-06-30,scv,0.0264744,-0.996118,0.558438,-0.806881,1.07601,-0.401422,0.00348346,-0.999489,0.184511,-0.936192,0.601135,-0.665591,0.000805208,-0.999882,0.0853779,-0.970475,0.404598,-0.774924,4.96358e-06,-0.999999,0.00603138,-0.997914,0.104477,-0.94188,,,,
1935-07-31,scv,0.0372475,-0.995862,0.66416,-0.800195,1.17425,-0.390828,0.00490096,-0.999455,0.219443,-0.933983,0.656019,-0.659673,0.00113287,-0.999874,0.101541,-0.969452,0.441538,-0.770941,6.98337e-06,-0.999999,0.00717323,-0.997842,0.114016,-0.940851,,,,
1935-08-31,scv,0.0527896,-0.994051,0.799578,-0.759805,1.29197,-0.331639,0.00694597,-0.999217,0.264186,-0.920638,0.721786,-0.626605,0.00160557,-0.999819,0.122245,-0.963277,0.485803,-0.748684,9.8973e-06,-0.999999,0.0086358,-0.997406,0.125446,-0.935104,,,,
1935-09-30,scv,0.0528817,-0.992013,0.803781,-0.717552,1.29677,-0.272594,0.00695809,-0.998949,0.265574,-0.906677,0.724468,-0.593619,0.00160837,-0.999757,0.122888,-0.956817,0.487608,-0.726482,9.91457e-06,-0.999999,0.00868119,-0.996949,0.125913,-0.929371,,,,
1935-10-31,scv,0.0627617,-0.992989,0.880837,-0.734441,1.35947,-0.294089,0.00825807,-0.999077,0.291034,-0.912258,0.759498,-0.605627,0.00190887,-0.999787,0.134668,-0.9594,0.511185,-0.734565,1.17669e-05,-0.999999,0.00951344,-0.997132,0.132001,-0.931458,,,,
1935-11-30,scv,0.101567,-0.989754,1.1296,-0.677664,1.54272,-0.22147,0.0133641,-0.998652,0.373226,-0.893498,0.861874,-0.565057,0.00308912,-0.999688,0.1727,-0.950719,0.58009,-0.707259,1.90424e-05,-0.999998,0.0122001,-0.996519,0.149794,-0.924407,,,,
1935-12-31,scv,0.105512,-0.985516,1.15666,-0.612728,1.56291,-0.14436,0.0138831,-0.998094,0.382169,-0.872043,0.873156,-0.521978,0.0032091,-0.999559,0.176838,-0.940791,0.587684,-0.678264,1.9782e-05,-0.999997,0.0124925,-0.995817,0.151755,-0.91692,,,,
1936-01-31,scv,0.186345,-0.982307,1.54871,-0.57124,1.81199,-0.0992964,0.0245189,-0.997672,0.511704,-0.858335,1.01231,-0.496802,0.00566758,-0.999462,0.236778,-0.934448,0.681341,-0.661319,3.49369e-05,-0.999997,0.0167268,-0.995369,0.175939,-0.912544,,,,
1936-02-29,scv,0.21503,-0.970969,1.66995,-0.446848,1.88339,-0.0217211,0.0282932,-0.99618,0.551763,-0.817235,1.0522,-0.427399,0.00654003,-0.999117,0.255314,-0.91543,0.708187,-0.614607,4.0315e-05,-0.999995,0.0180362,-0.994026,0.182872,-0.900482,,,,
1936-03-31,scv,0.216412,-0.970615,1.6871,-0.438844,1.8963,-0.0545034,0.0284751,-0.996134,0.557428,-0.81459,1.05941,-0.42209,0.00658207,-0.999106,0.257935,-0.914207,0.713044,-0.611034,4.05741e-05,-0.999994,0.0182214,-0.993939,0.184126,-0.899559,,,,
1936-04-30,scv,0.131055,-0.97976,1.3299,-0.527119,1.68874,-0.13574,0.017244,-0.997337,0.439407,-0.843757,0.943449,-0.467555,0.00398597,-0.999384,0.203324,-0.927703,0.634995,-0.641635,2.45709e-05,-0.999996,0.0143635,-0.994893,0.163971,-0.907461,,,,
1936-05-31,scv,0.16323,-0.978304,1.49176,-0.510201,1.79083,-0.120321,0.0214775,-0.997145,0.492886,-0.838167,1.00049,-0.458056,0.00496457,-0.99934,0.22807,-0.925116,0.673385,-0.635241,3.06033e-05,-0.999996,0.0161116,-0.99471,0.173885,-0.90581,,,,
1936-06-30,scv,0.157632,-0.976498,1.46794,-0.487653,1.77708,-0.0991688,0.020741,-0.996908,0.485018,-0.830717,0.992807,-0.445025,0.00479431,-0.999285,0.224429,-0.921669,0.668216,-0.62647,2.95538e-05,-0.999996,0.0158544,-0.994466,0.17255,-0.903545,,,,
1936-07-31,scv,0.201179,-0.976462,1.66162,-0.486571,1.89163,-0.0979103,0.0264707,-0.996903,0.54901,-0.83036,1.0568,-0.44425,0.00611875,-0.999284,0.25404,-0.921503,0.711287,-0.625948,3.77181e-05,-0.999996,0.0179463,-0.994455,0.183672,-0.903411,0.824192,0.138737,4.87083e-05,4.87083e-05
1936-08-31,scv,0.223959,-0.969897,1.75872,-0.41713,1.94764,-0.0379235,0.0294681,-0.996039,0.581092,-0.807416,1.08809,-0.407294,0.0068116,-0.999084,0.268885,-0.910887,0.732346,-0.601075,4.1989e-05,-0.999994,0.018995,-0.993705,0.18911,-0.896988,0.894722,0.218615,4.87083e-05,4.87083e-05
1936-09-30,scv,0.25192,-0.964083,1.8681,-0.362682,2.00805,-0.0191724,0.0331472,-0.995274,0.617233,-0.789426,1.12184,-0.380067,0.00766203,-0.998908,0.285609,-0.902562,0.755064,-0.58275,4.72314e-05,-0.999993,0.0201764,-0.993117,0.194976,-0.892256,0.926526,0.255955,4.87083e-05,4.87083e-05
1936-10-31,scv,0.298033,-0.959211,2.03744,-0.31977,2.09853,-0.0279864,0.0392146,-0.994633,0.673183,-0.775248,1.17239,-0.359286,0.00906453,-0.998759,0.311498,-0.896002,0.789084,-0.568763,5.58769e-05,-0.999992,0.0220053,-0.992653,0.203761,-0.888644,0.960565,0.294705,4.87083e-05,4.87083e-05
1936-11-30,scv,0.405284,-0.952401,2.38811,-0.26321,2.2749,-0.027734,0.0533265,-0.993737,0.789047,-0.75656,1.27092,-0.332732,0.0123265,-0.998552,0.365111,-0.887354,0.855405,-0.550891,7.59848e-05,-0.999991,0.0257927,-0.992042,0.220887,-0.884029,1.00917,0.350373,4.87083e-05,4.87083e-05
1936-12-31,scv,0.492524,-0.936182,2.63984,-0.142495,2.39346,-0.0317366,0.0648054,-0.991603,0.872218,-0.716675,1.33716,-0.279209,0.0149799,-0.998059,0.403596,-0.868899,0.899982,-0.514867,9.23411e-05,-0.999988,0.0285114,-0.990739,0.232398,-0.874727,1.0975,0.451423,4.87083e-05,4.87083e-05
1937-01-31,scv,0.638415,-0.923443,3.01607,-0.0581885,2.5606,-0.0285082,0.0840015,-0.989927,0.996527,-0.68882,1.43053,-0.244075,0.0194171,-0.997672,0.461117,-0.856009,0.96283,-0.491219,0.000119694,-0.999986,0.0325749,-0.989828,0.248627,-0.86862,1.153,0.51452,0.0045278,4.87083e-05
1937-02-28,scv,0.718462,-0.899002,3.20832,-0.0398943,2.64274,-0.0199472,0.094534,-0.986711,1.06005,-0.641132,1.47642,-0.187392,0.0218517,-0.996928,0.49051,-0.833943,0.993716,-0.453069,0.000134701,-0.999981,0.0346513,-0.988269,0.256602,-0.858769,1.22647,0.597774,0.0939973,4.87083e-05
1937-03-31,scv,0.845799,-0.884589,3.50643,-0.101181,2.76777,-0.0511864,0.111289,-0.984814,1.15855,-0.615545,1.54628,-0.158467,0.0257246,-0.99649,0.536087,-0.822104,1.04073,-0.4336,0.000158575,-0.999978,0.037871,-0.987433,0.268743,-0.853742,1.25987,0.636208,0.135779,4.87083e-05
1937-04-30,scv,0.551108,-0.924811,2.86697,-0.266932,2.51041,-0.140747,0.0725138,-0.990107,0.947264,-0.684033,1.4025,-0.23378,0.0167617,-0.997713,0.438322,-0.853794,0.943961,-0.48429,0.000103325,-0.999986,0.0309645,-0.989672,0.243754,-0.866831,1.306,0.691098,0.196956,4.87083e-05
1937-05-31,scv,0.483156,-0.9292,2.69957,-0.284086,2.43928,-0.149541,0.0635729,-0.990684,0.891954,-0.691426,1.36276,-0.241621,0.014695,-0.997847,0.412729,-0.857216,0.917212,-0.489568,9.05849e-05,-0.999987,0.0291565,-0.989913,0.236847,-0.868194,1.18913,0.568882,0.0737484,4.87083e-05
1937-06-30,scv,0.349261,-0.947454,2.30653,-0.379554,2.25741,-0.20712,0.0459552,-0.993086,0.762093,-0.732575,1.26115,-0.292966,0.0106226,-0.998402,0.352639,-0.876256,0.848828,-0.524126,6.54815e-05,-0.99999,0.0249116,-0.991258,0.219189,-0.877117,1.15402,0.533044,0.0383743,4.87083e-05
1937-07-31,scv,0.459927,-0.942958,2.65733,-0.353347,2.42546,-0.190481,0.0605164,-0.992494,0.877997,-0.721279,1.35504,-0.278129,0.0139885,-0.998265,0.40627,-0.871029,0.912018,-0.51414,8.62297e-05,-0.999989,0.0287003,-0.990889,0.235506,-0.874539,1.06625,0.438654,4.87083e-05,4.87083e-05
1937-08-31,scv,0.390412,-0.93898,2.45197,-0.327608,2.33072,-0.173409,0.0513697,-0.991971,0.810146,-0.710185,1.30211,-0.262905,0.0118742,-0.998144,0.374874,-0.865896,0.876394,-0.503893,7.31967e-05,-0.999989,0.0264824,-0.990526,0.226307,-0.871893,1.14227,0.524791,0.0336632,4.87083e-05
1937-09-30,scv,0.173566,-0.977544,1.68779,-0.579702,1.94825,-0.341896,0.0228375,-0.997045,0.557655,-0.818843,1.08843,-0.41315,0.00527892,-0.999317,0.25804,-0.916174,0.732576,-0.605016,2.79223e-05,-0.999996,0.0168364,-0.994531,0.181657,-0.902056,1.09793,0.47667,4.87083e-05,4.87083e-05
1937-10-31,scv,0.108837,-0.992568,1.43421,-0.750112,1.82936,-0.488755,0.00734301,-0.999182,0.329233,-0.901151,0.844143,-0.562908,0.00169735,-0.999811,0.152344,-0.95426,0.568156,-0.705812,8.97795e-06,-0.999999,0.00993999,-0.997016,0.140886,-0.92705,0.889914,0.262752,4.87083e-05,4.87083e-05
1937-11-30,scv,0.0733951,-0.990745,1.19958,-0.705715,1.68056,-0.436865,0.00495183,-0.999376,0.275373,-0.911873,0.775479,-0.585233,0.00114462,-0.999856,0.127422,-0.959222,0.521941,-0.720838,6.05437e-06,-0.999999,0.00831387,-0.997339,0.129426,-0.930776,0.797025,4.87083e-05,4.87083e-05,4.87083e-05
1937-12-31,scv,0.0494499,-0.993086,0.992814,-0.742828,1.53198,-0.472127,0.00333629,-0.999534,0.227907,-0.922987,0.706918,-0.611205,0.00077119,-0.999892,0.105458,-0.964364,0.475796,-0.738319,4.07913e-06,-0.999999,0.00688082,-0.997675,0.117983,-0.935111,0.706785,4.87083e-05,4.87083e-05,4.87083e-05
1938-01-31,scv,0.0535634,-0.991745,1.04344,-0.717542,1.57439,-0.446533,0.00361382,-0.999443,0.239528,-0.915415,0.726487,-0.592354,0.000835342,-0.999871,0.110835,-0.960861,0.488967,-0.725631,4.41845e-06,-0.999999,0.00723167,-0.997446,0.121249,-0.931965,0.613117,4.87083e-05,4.87083e-05,4.87083e-05
1938-02-28,scv,0.0605413,-0.992122,1.11353,-0.72206,1.62795,-0.449522,0.00408461,-0.999468,0.255619,-0.916768,0.751203,-0.594556,0.000944165,-0.999877,0.118281,-0.961486,0.505602,-0.727113,4.99406e-06,-0.999999,0.00771748,-0.997487,0.125374,-0.932332,0.6381,4.87083e-05,4.87083e-05,4.87083e-05
1938-03-31,scv,0.021,-0.996673,0.668566,-0.815411,1.26709,-0.549094,0.00141683,-0.999776,0.153474,-0.944723,0.584687,-0.667894,0.000327503,-0.999948,0.0710161,-0.974422,0.393527,-0.776474,1.73229e-06,-1,0.00463358,-0.998331,0.0975831,-0.944572,0.670098,4.87083e-05,4.87083e-05,4.87083e-05
1938-04-30,scv,0.0342185,-0.996206,0.865654,-0.802453,1.4472,-0.533268,0.00230866,-0.999744,0.198717,-0.940842,0.667799,-0.656237,0.000533651,-0.999941,0.091951,-0.972626,0.449466,-0.768628,2.37447e-06,-1,0.0054821,-0.998214,0.106432,-0.942627,0.423936,4.87083e-05,4.87083e-05,4.87083e-05
1938-05-31,scv,0.028946,-0.995414,0.799016,-0.779394,1.39161,-0.504782,0.00195293,-0.999691,0.18342,-0.933937,0.642146,-0.635256,0.000451424,-0.999928,0.0848726,-0.969431,0.432201,-0.754507,2.0086e-06,-1,0.00506009,-0.998177,0.102343,-0.941868,0.550186,4.87083e-05,4.87083e-05,4.87083e-05
1938-06-30,scv,0.0558544,-0.995177,1.11908,-0.773634,1.65044,-0.498279,0.00376839,-0.999675,0.256892,-0.932212,0.76158,-0.630467,0.000871071,-0.999925,0.11887,-0.968633,0.512587,-0.751283,3.87581e-06,-1,0.007087,-0.99813,0.121378,-0.941105,0.512313,4.87083e-05,4.87083e-05,4.87083e-05
1938-07-31,scv,0.0812271,-0.990506,1.36346,-0.679774,1.8264,-0.40198,0.00548024,-0.999359,0.312993,-0.904105,0.842775,-0.55954,0.00126677,-0.999852,0.144829,-0.955627,0.567236,-0.703545,5.63645e-06,-0.999999,0.00863469,-0.997354,0.134319,-0.929801,0.673233,4.87083e-05,4.87083e-05,4.87083e-05
1938-08-31,scv,0.0601203,-0.990738,1.18541,-0.67731,1.70728,-0.396757,0.00405621,-0.999375,0.272119,-0.903367,0.787807,-0.555693,0.000937599,-0.999856,0.125916,-0.955286,0.530239,-0.700956,4.17182e-06,-0.999999,0.00750708,-0.997334,0.125558,-0.929188,0.766632,4.87083e-05,4.87083e-05,4.87083e-05
1938-09-30,scv,0.0507778,-0.994682,1.1285,-0.748638,1.68025,-0.465258,0.00342589,-0.999641,0.259055,-0.924727,0.775337,-0.606146,0.0007919,-0.999917,0.119871,-0.965169,0.521846,-0.734914,2.64133e-06,-1,0.00615566,-0.998073,0.114524,-0.939419,0.700566,4.87083e-05,4.87083e-05,4.87083e-05
1938-10-31,scv,0.0772303,-0.991291,1.40012,-0.675561,1.87449,-0.389723,0.00521059,-0.999412,0.321408,-0.902843,0.864968,-0.550512,0.00120444,-0.999864,0.148723,-0.955043,0.582172,-0.697469,4.01732e-06,-1,0.00763728,-0.997691,0.127763,-0.933607,0.677939,4.87083e-05,4.87083e-05,4.87083e-05
1938-11-30,scv,0.0641247,-0.990569,1.28431,-0.658508,1.7982,-0.372096,0.00432638,-0.999364,0.294821,-0.897737,0.829761,-0.537529,0.00100005,-0.999853,0.136421,-0.95268,0.558476,-0.688731,3.3356e-06,-1,0.00700553,-0.99757,0.122563,-0.931689,0.776392,0.038764,4.87083e-05,4.87083e-05
1938-12-31,scv,0.0656661,-0.992208,1.30926,-0.688403,1.819,-0.399643,0.00443037,-0.999474,0.30055,-0.906689,0.839361,-0.557818,0.00102409,-0.999878,0.139072,-0.956823,0.564938,-0.702387,2.96062e-06,-1,0.00663187,-0.997783,0.119392,-0.934686,0.73684,4.87083e-05,4.87083e-05,4.87083e-05
1939-01-31,scv,0.0471222,-0.993803,1.12421,-0.717723,1.69104,-0.426404,0.00317925,-0.999582,0.258071,-0.915469,0.780313,-0.577528,0.000734889,-0.999903,0.119416,-0.960886,0.525195,-0.715653,2.12455e-06,-1,0.00569453,-0.998135,0.110993,-0.939907,0.745311,0.0114227,4.87083e-05,4.87083e-05
1939-02-28,scv,0.0553601,-0.992733,1.22269,-0.693167,1.76507,-0.401397,0.00373505,-0.99951,0.280676,-0.908115,0.814474,-0.55911,0.000863362,-0.999887,0.129876,-0.957483,0.548187,-0.703256,2.49596e-06,-1,0.00619334,-0.997972,0.115852,-0.937287,0.676632,4.87083e-05,4.87083e-05,4.87083e-05
1939-03-31,scv,0.0251307,-0.996018,0.846634,-0.766247,1.47775,-0.474127,0.00169552,-0.999731,0.194351,-0.93,0.681896,-0.612678,0.000391923,-0.999938,0.0899307,-0.967609,0.458955,-0.73931,1.13304e-06,-1,0.00428849,-0.998455,0.0969938,-0.944907,0.714213,4.87083e-05,4.87083e-05,4.87083e-05
1939-04-30,scv,0.025164,-0.997116,0.865038,-0.798715,1.50129,-0.510693,0.00169777,-0.999805,0.198575,-0.939723,0.692758,-0.63961,0.000392442,-0.999955,0.0918856,-0.972108,0.466266,-0.757437,9.83835e-07,-1,0.00406999,-0.99867,0.0949044,-0.948738,0.552347,4.87083e-05,4.87083e-05,4.87083e-05
1939-05-31,scv,0.0323692,-0.995989,0.984706,-0.760435,1.60327,-0.464933,0.00218389,-0.999729,0.226046,-0.92826,0.739812,-0.605906,0.000504811,-0.999937,0.104597,-0.966804,0.497935,-0.734753,1.26554e-06,-1,0.00463303,-0.99853,0.101351,-0.946011,0.563494,4.87083e-05,4.87083e-05,4.87083e-05
1939-06-30,scv,0.0233251,-0.996305,0.840347,-0.767983,1.48299,-0.472265,0.0015737,-0.999751,0.192907,-0.93052,0.684311,-0.611306,0.000363763,-0.999942,0.0892629,-0.96785,0.46058,-0.738387,9.11939e-07,-1,0.00395382,-0.998576,0.0937472,-0.946751,0.61996,4.87083e-05,4.87083e-05,4.87083e-05
1939-07-31,scv,0.0328737,-0.996172,1.00237,-0.763822,1.62164,-0.467533,0.00221793,-0.999742,0.230101,-0.929274,0.74829,-0.607821,0.000512678,-0.99994,0.106473,-0.967273,0.503642,-0.736041,1.28526e-06,-1,0.00471614,-0.99855,0.102512,-0.946273,0.551717,4.87083e-05,4.87083e-05,4.87083e-05
1939-08-31,scv,0.0219103,-0.996877,0.827797,-0.783942,1.47784,-0.489108,0.00147825,-0.999789,0.190027,-0.935299,0.681933,-0.623712,0.000341699,-0.999951,0.0879298,-0.970061,0.45898,-0.746737,8.56626e-07,-1,0.00389477,-0.998674,0.0934214,-0.94845,0.628076,4.87083e-05,4.87083e-05,4.87083e-05
1939-09-30,scv,0.0646753,-0.996494,1.4973,-0.770304,2.01778,-0.472783,0.00265308,-0.999763,0.259927,-0.931215,0.801848,-0.611688,0.000613263,-0.999945,0.120275,-0.968172,0.539689,-0.738644,9.32011e-07,-1,0.00410451,-0.998638,0.0961445,-0.947637,0.546713,4.87083e-05,4.87083e-05,4.87083e-05
1939-10-31,scv,0.0553002,-0.991586,1.39235,-0.624727,1.94859,-0.315575,0.0022685,-0.999655,0.241709,-0.915015,0.774351,-0.565871,0.000524367,-0.99992,0.111845,-0.960676,0.521182,-0.707806,6.94401e-07,-1,0.00355447,-0.99872,0.0895429,-0.949139,0.795839,4.87083e-05,4.87083e-05,4.87083e-05
1939-11-30,scv,0.0362317,-0.99426,1.13132,-0.687647,1.75809,-0.374367,0.00148628,-0.999765,0.196394,-0.929264,0.698649,-0.603162,0.000343556,-0.999946,0.0908761,-0.967269,0.470231,-0.732906,4.54959e-07,-1,0.00288808,-0.99896,0.080789,-0.954111,0.765537,4.87083e-05,4.87083e-05,4.87083e-05
1939-12-31,scv,0.0362077,-0.994813,1.13488,-0.702221,1.7624,-0.388698,0.00148529,-0.999787,0.197012,-0.932565,0.700363,-0.612252,0.000343328,-0.999951,0.091162,-0.968796,0.471384,-0.739024,4.54658e-07,-1,0.00289717,-0.999008,0.0809871,-0.955162,0.680174,4.87083e-05,4.87083e-05,4.87083e-05
1940-01-31,scv,0.0331452,-0.994883,1.09004,-0.70305,1.72892,-0.388934,0.00135966,-0.99979,0.189228,-0.932752,0.687055,-0.612402,0.000314289,-0.999951,0.0875602,-0.968883,0.462427,-0.739125,4.16202e-07,-1,0.0027827,-0.999011,0.0794483,-0.95518,0.681463,4.87083e-05,4.87083e-05,4.87083e-05
1940-02-29,scv,0.035988,-0.994775,1.13762,-0.699772,1.76696,-0.385485,0.00147628,-0.999786,0.197488,-0.93201,0.702173,-0.610214,0.000341245,-0.99995,0.0913826,-0.968539,0.472602,-0.737652,4.51899e-07,-1,0.00290418,-0.999,0.0811965,-0.954927,0.665026,4.87083e-05,4.87083e-05,4.87083e-05
1940-03-31,scv,0.0381116,-0.994778,1.1732,-0.699139,1.79534,-0.384457,0.00156339,-0.999786,0.203664,-0.931867,0.71345,-0.609562,0.000361381,-0.99995,0.0942404,-0.968473,0.480193,-0.737213,4.78564e-07,-1,0.002995,-0.998998,0.0825005,-0.954851,0.68253,4.87083e-05,4.87083e-05,4.87083e-05
1940-04-30,scv,0.0422663,-0.994037,1.23941,-0.678109,1.84678,-0.363111,0.00173383,-0.999755,0.215158,-0.927104,0.733891,-0.596022,0.000400777,-0.999943,0.0995588,-0.966269,0.493951,-0.7281,5.30735e-07,-1,0.00316402,-0.998928,0.0848643,-0.953286,0.695058,4.87083e-05,4.87083e-05,4.87083e-05
1940-05-31,scv,0.0117946,-0.998485,0.70524,-0.825812,1.41565,-0.524278,0.00048383,-0.999938,0.122428,-0.960553,0.562564,-0.698251,0.000111838,-0.999986,0.0566503,-0.981747,0.378638,-0.796905,1.27477e-07,-1,0.00166562,-0.999463,0.0625236,-0.966463,0.71744,4.87083e-05,4.87083e-05,4.87083e-05
1940-06-30,scv,0.0141169,-0.998277,0.781614,-0.812643,1.49531,-0.505578,0.000579098,-0.999929,0.135686,-0.957571,0.594224,-0.686389,0.000133859,-0.999984,0.0627852,-0.980367,0.399947,-0.788922,1.26224e-07,-1,0.00167151,-0.999429,0.0627661,-0.965296,0.496094,4.87083e-05,4.87083e-05,4.87083e-05
1940-07-31,scv,0.0154178,-0.99779,0.817723,-0.785487,1.52989,-0.469468,0.000632461,-0.999909,0.141955,-0.951421,0.607965,-0.663484,0.000146195,-0.999979,0.0656858,-0.977521,0.409195,-0.773506,1.37856e-07,-1,0.00174873,-0.999402,0.0642175,-0.964455,0.537514,4.87083e-05,4.87083e-05,4.87083e-05
1940-08-31,scv,0.0161193,-0.997928,0.838682,-0.791767,1.55056,-0.476968,0.000661236,-0.999915,0.145593,-0.952843,0.616177,-0.668242,0.000152846,-0.99998,0.0673694,-0.978179,0.414722,-0.776708,1.44128e-07,-1,0.00179355,-0.999419,0.0650849,-0.964957,0.555167,4.87083e-05,4.87083e-05,4.87083e-05
1940-09-30,scv,0.018268,-0.997509,0.898367,-0.770521,1.60726,-0.450227,0.00074938,-0.999898,0.155954,-0.948032,0.63871,-0.65128,0.000173221,-0.999976,0.0721637,-0.975953,0.429888,-0.765292,1.6334e-07,-1,0.00192119,-0.99936,0.067465,-0.963166,0.565237,4.87083e-05,4.87083e-05,4.87083e-05
1940-10-31,scv,0.0215338,-0.997161,0.977698,-0.753995,1.67773,-0.430187,0.000883349,-0.999884,0.169726,-0.944289,0.666713,-0.638569,0.000204188,-0.999973,0.0785362,-0.974221,0.448736,-0.756736,1.92541e-07,-1,0.00209084,-0.999314,0.0704229,-0.961823,0.592283,4.87083e-05,4.87083e-05,4.87083e-05
1940-11-30,scv,0.0211286,-0.996875,0.977959,-0.74132,1.68225,-0.415374,0.000866726,-0.999872,0.169771,-0.941419,0.668511,-0.629173,0.00016238,-0.999975,0.0703348,-0.975025,0.425098,-0.760257,1.53118e-07,-1,0.0018725,-0.999335,0.0667134,-0.962376,0.62509,4.87083e-05,4.87083e-05,4.87083e-05
1940-12-31,scv,0.0197362,-0.997043,0.946189,-0.745984,1.65514,-0.41923,0.000809606,-0.999879,0.164256,-0.942475,0.657737,-0.631618,0.000151679,-0.999977,0.06805,-0.976168,0.418247,-0.765751,1.43027e-07,-1,0.00181167,-0.999366,0.0656381,-0.963238,0.625571,4.87083e-05,4.87083e-05,4.87083e-05
1941-01-31,scv,0.0193877,-0.996975,0.940839,-0.742208,1.65177,-0.414442,0.00079531,-0.999876,0.163327,-0.94162,0.656397,-0.628581,0.000149,-0.999977,0.0676652,-0.975814,0.417395,-0.763819,1.40501e-07,-1,0.00180142,-0.999356,0.0655044,-0.962935,0.612922,4.87083e-05,4.87083e-05,4.87083e-05
1941-02-28,scv,0.0176526,-0.997626,0.902271,-0.770684,1.61955,-0.447184,0.000724137,-0.999903,0.156632,-0.948069,0.643592,-0.64935,0.000135666,-0.999982,0.0648914,-0.978485,0.409253,-0.777026,1.27928e-07,-1,0.00172758,-0.999427,0.0642266,-0.965007,0.610905,4.87083e-05,4.87083e-05,4.87083e-05
1941-03-31,scv,0.0194941,-0.997306,0.949543,-0.755462,1.66204,-0.428961,0.000799675,-0.999889,0.164838,-0.944622,0.66048,-0.637791,0.000149818,-0.999979,0.0682911,-0.977057,0.419991,-0.769675,1.41273e-07,-1,0.00181809,-0.999389,0.0659118,-0.963854,0.595149,4.87083e-05,4.87083e-05,4.87083e-05
1941-04-30,scv,0.0166331,-0.99752,0.880427,-0.764338,1.6019,-0.438814,0.000682314,-0.999898,0.15284,-0.946632,0.63658,-0.644041,0.00012783,-0.999981,0.0633203,-0.97789,0.404794,-0.77365,1.20539e-07,-1,0.00168575,-0.999411,0.0635268,-0.964477,0.614722,4.87083e-05,4.87083e-05,4.87083e-05
1941-05-31,scv,0.01729,-0.997387,0.899292,-0.757964,1.61973,-0.431177,0.000709262,-0.999893,0.156115,-0.945188,0.643664,-0.639197,0.000132879,-0.99998,0.0646771,-0.977292,0.409298,-0.77057,1.253e-07,-1,0.00172187,-0.999395,0.0642337,-0.963994,0.586071,4.87083e-05,4.87083e-05,4.87083e-05
1941-06-30,scv,0.0216102,-0.997275,1.00661,-0.752364,1.71418,-0.424367,0.000886482,-0.999888,0.174745,-0.94392,0.6812,-0.634877,0.000166081,-0.999979,0.0723955,-0.976767,0.433167,-0.767823,1.56608e-07,-1,0.00192736,-0.999381,0.0679796,-0.963563,0.594278,4.87083e-05,4.87083e-05,4.87083e-05
1941-07-31,scv,0.0343589,-0.99661,1.27378,-0.723468,1.93005,-0.391519,0.00140945,-0.999861,0.221125,-0.937376,0.766986,-0.614042,0.000264059,-0.999974,0.0916103,-0.974056,0.487717,-0.754574,2.48997e-07,-1,0.00243891,-0.999309,0.0765405,-0.961484,0.637229,4.87083e-05,4.87083e-05,4.87083e-05
1941-08-31,scv,0.0339046,-0.995238,1.26683,-0.670861,1.92534,-0.335445,0.00139082,-0.999805,0.219918,-0.925463,0.765113,-0.578474,0.000260567,-0.999963,0.0911102,-0.96912,0.486526,-0.731957,2.45705e-07,-1,0.00242559,-0.999178,0.0763536,-0.957934,0.726787,4.87083e-05,4.87083e-05,4.87083e-05
1941-09-30,scv,0.0319396,-0.995233,1.23233,-0.669817,1.89998,-0.333968,0.00131021,-0.999804,0.213929,-0.925227,0.755035,-0.577537,0.000245466,-0.999963,0.0886289,-0.969022,0.480118,-0.731361,2.31465e-07,-1,0.00235953,-0.999175,0.0753479,-0.957841,0.724655,4.87083e-05,4.87083e-05,4.87083e-05
1941-10-31,scv,0.0266236,-0.996045,1.12899,-0.698459,1.82011,-0.363113,0.00109214,-0.999838,0.19599,-0.931713,0.723295,-0.596024,0.00020461,-0.99997,0.081197,-0.971709,0.459934,-0.743116,1.9294e-07,-1,0.00216167,-0.999247,0.0721804,-0.959686,0.714167,4.87083e-05,4.87083e-05,4.87083e-05
1941-11-30,scv,0.0245187,-0.996172,1.08529,-0.702748,1.78528,-0.367349,0.00100579,-0.999843,0.188403,-0.932684,0.709454,-0.598711,0.000188434,-0.999971,0.0780538,-0.972112,0.451134,-0.744825,1.77686e-07,-1,0.00207799,-0.999258,0.0707992,-0.959954,0.680999,4.87083e-05,4.87083e-05,4.87083e-05
1941-12-31,scv,0.0158559,-0.997754,0.893535,-0.767914,1.62859,-0.438628,0.000650431,-0.999908,0.155115,-0.947441,0.647185,-0.643923,0.000121857,-0.999983,0.064263,-0.978225,0.411537,-0.773575,1.14907e-07,-1,0.00171085,-0.99942,0.0645851,-0.964466,0.666046,4.87083e-05,4.87083e-05,4.87083e-05
1942-01-31,scv,0.0227763,-0.997098,1.07672,-0.734162,1.79028,-0.397977,0.000934317,-0.999881,0.186917,-0.939798,0.711441,-0.618138,0.000175043,-0.999978,0.077438,-0.975059,0.452397,-0.757178,1.42892e-07,-1,0.00191321,-0.999355,0.0683468,-0.962461,0.593842,4.87083e-05,4.87083e-05,4.87083e-05
1942-02-28,scv,0.0216097,-0.996776,1.05103,-0.718444,1.76971,-0.379686,0.000886461,-0.999868,0.182456,-0.936239,0.703265,-0.606536,0.000166077,-0.999975,0.0755901,-0.973584,0.447198,-0.749801,1.35573e-07,-1,0.00186755,-0.999347,0.0675614,-0.962201,0.663616,4.87083e-05,4.87083e-05,4.87083e-05
1942-03-31,scv,0.0182478,-0.997109,0.967873,-0.732897,1.69914,-0.395582,0.00074855,-0.999881,0.16802,-0.939512,0.675224,-0.616619,0.00014024,-0.999978,0.0696095,-0.97494,0.429367,-0.756212,1.14481e-07,-1,0.00171979,-0.999381,0.0648675,-0.963169,0.654658,4.87083e-05,4.87083e-05,4.87083e-05
1942-04-30,scv,0.0162834,-0.997559,0.917194,-0.753728,1.65533,-0.419118,0.000667969,-0.9999,0.159223,-0.944229,0.657814,-0.631548,0.000125143,-0.999981,0.0659646,-0.976895,0.418296,-0.765706,1.02157e-07,-1,0.00162974,-0.999429,0.0631949,-0.964603,0.624069,4.87083e-05,4.87083e-05,4.87083e-05
1942-05-31,scv,0.0170136,-0.997448,0.9382,-0.747988,1.67448,-0.41228,0.000697925,-0.999895,0.162869,-0.942929,0.665422,-0.627211,0.000130755,-0.99998,0.0674754,-0.976356,0.423134,-0.762948,1.06739e-07,-1,0.00166706,-0.999416,0.0639258,-0.964187,0.604256,4.87083e-05,4.87083e-05,4.87083e-05
1942-06-30,scv,0.0180158,-0.997305,0.966457,-0.740968,1.69995,-0.404123,0.000739033,-0.999889,0.167775,-0.941339,0.675545,-0.622036,0.000138457,-0.999979,0.0695076,-0.975697,0.429571,-0.759657,1.13026e-07,-1,0.00171727,-0.9994,0.0648984,-0.96369,0.612681,4.87083e-05,4.87083e-05,4.87083e-05
1942-07-31,scv,0.0206766,-0.997151,1.03669,-0.733424,1.76121,-0.39535,0.000848187,-0.999883,0.179967,-0.939631,0.699887,-0.616472,0.000158907,-0.999978,0.0745589,-0.97499,0.44505,-0.756119,1.29719e-07,-1,0.00184207,-0.999382,0.0672369,-0.963155,0.623726,4.87083e-05,4.87083e-05,4.87083e-05
1942-08-31,scv,0.0220825,-0.996792,1.07258,-0.716669,1.79194,-0.376391,0.000905858,-0.999868,0.186197,-0.935837,0.712101,-0.604446,0.000169711,-0.999975,0.07714,-0.973418,0.452817,-0.748472,1.3854e-07,-1,0.00190584,-0.999343,0.0684102,-0.962,0.64978,4.87083e-05,4.87083e-05,4.87083e-05
1942-09-30,scv,0.0259021,-0.996532,1.1627,-0.70514,1.86613,-0.363695,0.00106254,-0.999858,0.201841,-0.933226,0.741582,-0.596393,0.000199066,-0.999973,0.0836212,-0.972336,0.471564,-0.743351,1.62502e-07,-1,0.00206597,-0.999317,0.0712425,-0.961226,0.662401,4.87083e-05,4.87083e-05,4.87083e-05
1942-10-31,scv,0.0374587,-0.99571,1.40218,-0.671709,2.05079,-0.328397,0.00153661,-0.999824,0.243415,-0.925655,0.814965,-0.574004,0.000287882,-0.999967,0.100845,-0.969199,0.518227,-0.729114,2.35005e-07,-1,0.0024915,-0.999239,0.0782922,-0.959075,0.692267,4.87083e-05,4.87083e-05,4.87083e-05
1942-11-30,scv,0.0332531,-0.994732,1.32328,-0.634645,1.99307,-0.290749,0.00136409,-0.999784,0.229719,-0.917261,0.792026,-0.550124,0.00025556,-0.99996,0.0951707,-0.965722,0.50364,-0.713929,2.0862e-07,-1,0.00235131,-0.999153,0.0760884,-0.956781,0.761531,0.046748,4.87083e-05,4.87083e-05
1942-12-31,scv,0.0355463,-0.994963,1.37136,-0.642639,2.03016,-0.298499,0.00145816,-0.999793,0.238065,-0.919072,0.806766,-0.555039,0.000273185,-0.999961,0.0986285,-0.966472,0.513013,-0.717055,2.23008e-07,-1,0.00243674,-0.999172,0.0775045,-0.957253,0.740072,0.0231748,4.87083e-05,4.87083e-05
1943-01-31,scv,0.063711,-0.994019,1.84368,-0.609634,2.35646,-0.266352,0.00261352,-0.999755,0.320058,-0.911597,0.936435,-0.534648,0.000489639,-0.999954,0.132597,-0.963375,0.595468,-0.704088,3.99705e-07,-1,0.00327599,-0.999095,0.0899616,-0.955295,0.753203,0.0390508,4.87083e-05,4.87083e-05
1943-02-28,scv,0.0985595,-0.989967,2.30494,-0.492409,2.63823,-0.16258,0.00404306,-0.999588,0.400132,-0.885051,1.04841,-0.468826,0.000757461,-0.999923,0.165771,-0.952377,0.666669,-0.662233,6.18334e-07,-1,0.00409559,-0.998823,0.100719,-0.948971,0.862042,0.163622,4.87083e-05,4.87083e-05
1943-03-31,scv,0.143333,-0.984713,2.79424,-0.370318,2.9087,-0.066115,0.00587975,-0.999373,0.485073,-0.857402,1.15589,-0.407638,0.00110156,-0.999883,0.200962,-0.940923,0.735017,-0.623324,8.99233e-07,-1,0.00496502,-0.99854,0.111044,-0.943093,0.943571,0.257485,4.87083e-05,4.87083e-05
1943-04-30,scv,0.172698,-0.979174,3.10605,-0.253964,3.07581,-0.0636037,0.00708433,-0.999146,0.539203,-0.831052,1.2223,-0.352927,0.00132724,-0.99984,0.223387,-0.930006,0.777245,-0.588534,1.08346e-06,-1,0.00551907,-0.998271,0.117424,-0.937837,1.01333,0.337994,4.87083e-05,4.87083e-05
1943-05-31,scv,0.240745,-0.971277,3.68857,-0.12109,3.35677,-0.0309033,0.0098757,-0.998822,0.640326,-0.800961,1.33395,-0.297088,0.0018502,-0.999779,0.265282,-0.91754,0.848242,-0.553027,1.51036e-06,-1,0.00655413,-0.997963,0.12815,-0.932473,1.04981,0.383587,0.0026221,4.87083e-05
1943-06-30,scv,0.240974,-0.968253,3.70558,-0.10726,3.3679,-0.0545442,0.00988511,-0.998698,0.643279,-0.788931,1.33837,-0.2746,0.00185196,-0.999756,0.266505,-0.912556,0.851055,-0.538727,1.5118e-06,-1,0.00658435,-0.99784,0.128575,-0.930312,1.11102,0.454335,0.0776802,4.87083e-05
1943-07-31,scv,0.18222,-0.97113,3.24822,-0.169471,3.15937,-0.0870084,0.00747493,-0.998816,0.563882,-0.796905,1.2555,-0.286864,0.00140042,-0.999778,0.233612,-0.915859,0.79836,-0.546525,1.1432e-06,-1,0.00577168,-0.997921,0.120614,-0.93149,1.1118,0.456742,0.0811533,4.87083e-05
1943-08-31,scv,0.184254,-0.973952,3.27682,-0.209005,3.17578,-0.108417,0.00755836,-0.998931,0.568848,-0.806572,1.26203,-0.303586,0.00141605,-0.9998,0.235669,-0.919864,0.802508,-0.557159,1.15596e-06,-1,0.0058225,-0.99802,0.121241,-0.933097,1.06268,0.40481,0.0288032,4.87083e-05
1943-09-30,scv,0.212116,-0.971502,3.52375,-0.171917,3.29513,-0.0875529,0.00870132,-0.998831,0.611714,-0.797503,1.30946,-0.287289,0.00163018,-0.999781,0.253428,-0.916107,0.832667,-0.546796,1.33076e-06,-1,0.00626127,-0.997927,0.125797,-0.931531,1.06523,0.408862,0.0337376,4.87083e-05
1943-10-31,scv,0.215992,-0.970676,3.56319,-0.157475,3.31524,-0.0789395,0.00886031,-0.998797,0.618561,-0.793971,1.31745,-0.280561,0.00165997,-0.999775,0.256265,-0.914644,0.837749,-0.542518,1.35507e-06,-1,0.00633135,-0.997891,0.126565,-0.930885,1.09087,0.438384,0.0650026,4.87083e-05
1943-11-30,scv,0.154443,-0.977268,3.04837,-0.250871,3.07467,-0.129553,0.00633546,-0.999068,0.529189,-0.81681,1.22184,-0.320095,0.00118694,-0.999825,0.219239,-0.924106,0.776956,-0.567657,9.68929e-07,-1,0.00541658,-0.998125,0.11738,-0.934683,1.09444,0.44317,0.0704186,4.87083e-05
1943-12-31,scv,0.207144,-0.974137,3.54055,-0.198359,3.31602,-0.0988268,0.00849734,-0.998939,0.61463,-0.803969,1.31776,-0.296095,0.00159196,-0.999801,0.254636,-0.918786,0.837946,-0.552395,1.29956e-06,-1,0.00629111,-0.997994,0.126595,-0.932377,1.03658,0.382567,0.00961438,4.87083e-05
1944-01-31,scv,0.239194,-0.96709,3.81027,-0.0934683,3.44131,-0.0410729,0.00981211,-0.99865,0.661453,-0.778319,1.36754,-0.250984,0.00183828,-0.999747,0.274035,-0.908159,0.869604,-0.52371,1.50064e-06,-1,0.00677037,-0.997731,0.131377,-0.928043,1.08937,0.442631,0.0728202,4.87083e-05
1944-02-29,scv,0.243245,-0.963972,3.84711,-0.0498897,3.45896,-0.0211566,0.00997827,-0.998522,0.667849,-0.767662,1.37456,-0.232867,0.00186941,-0.999723,0.276685,-0.903744,0.874065,-0.512189,1.52605e-06,-1,0.00683584,-0.997622,0.132051,-0.926303,1.1152,0.471987,0.103706,4.87083e-05
1944-03-31,scv,0.295505,-0.960712,4.25129,-0.0576411,3.63844,-0.028971,0.012122,-0.998388,0.738012,-0.757118,1.44588,-0.215442,0.00227105,-0.999698,0.305753,-0.899376,0.919421,-0.501109,1.85391e-06,-1,0.007554,-0.997514,0.138903,-0.924629,1.11833,0.475965,0.108102,4.87083e-05
1944-04-30,scv,0.262177,-0.961509,4.01764,-0.111923,3.53987,-0.0565643,0.0107549,-0.998421,0.697452,-0.758234,1.40671,-0.216172,0.00201491,-0.999704,0.288949,-0.899838,0.89451,-0.501573,1.64482e-06,-1,0.00713884,-0.997525,0.13514,-0.924699,1.15324,0.51581,0.150176,4.87083e-05
1944-05-31,scv,0.31618,-0.95819,4.41675,-0.0738156,3.71252,-0.0363763,0.0129702,-0.998285,0.766736,-0.74786,1.47532,-0.1994,0.00242995,-0.999679,0.317653,-0.89554,0.938138,-0.490908,1.98363e-06,-1,0.00784801,-0.997419,0.141731,-0.923088,1.13248,0.493859,0.127933,4.87083e-05
1944-06-30,scv,0.417926,-0.952689,5.0861,-0.0279975,3.98554,-0.0140539,0.0171439,-0.998059,0.882933,-0.731574,1.58382,-0.173785,0.00321189,-0.999636,0.365792,-0.888793,1.00713,-0.474619,2.62195e-06,-1,0.00903736,-0.997252,0.152154,-0.920627,1.16577,0.531347,0.167193,4.87083e-05
1944-07-31,scv,0.397186,-0.94056,4.97777,-0.104802,3.9467,-0.0532726,0.0162932,-0.997562,0.864128,-0.697676,1.56838,-0.122114,0.0030525,-0.999543,0.358001,-0.874749,0.997316,-0.441763,2.49183e-06,-1,0.00884488,-0.996906,0.150672,-0.915663,1.21527,0.587045,0.225533,4.87083e-05
1944-08-31,scv,0.416919,-0.940211,5.10794,-0.101373,3.99954,-0.0512482,0.0171026,-0.997547,0.886726,-0.696518,1.58938,-0.120237,0.00320415,-0.999541,0.367363,-0.87427,1.01067,-0.440569,2.61563e-06,-1,0.00907618,-0.996894,0.152689,-0.915483,1.20665,0.578814,0.217818,4.87083e-05
1944-09-30,scv,0.411053,-0.94622,5.0888,-0.144521,3.99527,-0.0734612,0.016862,-0.997794,0.883403,-0.711089,1.58768,-0.140835,0.00315907,-0.999587,0.365987,-0.880307,1.00959,-0.453667,2.57883e-06,-1,0.00904217,-0.997043,0.152526,-0.917462,1.21535,0.589057,0.228788,4.87083e-05
1944-10-31,scv,0.403856,-0.937653,5.05063,-0.0770772,3.98153,-0.037159,0.0165668,-0.997442,0.876777,-0.688313,1.58222,-0.107172,0.00310376,-0.999521,0.363242,-0.87087,1.00612,-0.432262,2.53368e-06,-1,0.00897434,-0.99681,0.152001,-0.914228,1.21316,0.587796,0.228157,4.87083e-05
1944-11-30,scv,0.445719,-0.936381,5.31159,-0.0669028,4.08417,-0.0316594,0.0182841,-0.99739,0.922079,-0.684877,1.62301,-0.102073,0.00342549,-0.999511,0.38201,-0.869447,1.03205,-0.429019,2.79632e-06,-1,0.00943804,-0.996775,0.15592,-0.913738,1.21017,0.58493,0.225441,4.87083e-05
1944-12-31,scv,0.585836,-0.928853,6.10286,-0.0297651,4.38025,-0.0148444,0.0240319,-0.997081,1.05944,-0.666645,1.74067,-0.0763869,0.00450233,-0.999453,0.438918,-0.861894,1.10687,-0.412685,3.67537e-06,-1,0.010844,-0.996588,0.167223,-0.91127,1.22761,0.604692,0.246217,4.87083e-05
1945-01-31,scv,0.651624,-0.906642,6.45208,-0.0629505,4.50659,-0.0317591,0.0267306,-0.99617,1.12006,-0.617304,1.79088,-0.0317591,0.00500794,-0.999283,0.464034,-0.841452,1.1388,-0.370371,4.08811e-06,-0.999999,0.0114645,-0.996083,0.172046,-0.904877,1.27573,0.658933,0.30313,4.87083e-05
1945-02-28,scv,0.861067,-0.894264,7.42837,-0.0231647,4.83744,-0.0116293,0.0353223,-0.995663,1.28955,-0.591704,1.92235,-0.0116293,0.00661757,-0.999187,0.534248,-0.830846,1.2224,-0.349243,5.40209e-06,-0.999999,0.0131993,-0.995821,0.184677,-0.901685,1.29451,0.680638,0.326193,4.87083e-05
1945-03-31,scv,0.70837,-0.898271,6.77651,-0.147574,4.62677,-0.075588,0.0290584,-0.995827,1.17639,-0.596763,1.83863,-0.075588,0.00544405,-0.999218,0.487367,-0.832942,1.16917,-0.352206,4.44411e-06,-0.999999,0.012041,-0.995873,0.176634,-0.902133,1.34329,0.735338,0.38342,4.87083e-05
1945-04-30,scv,0.920464,-0.889638,7.73845,-0.111464,4.9465,-0.0560302,0.0377588,-0.995473,1.34338,-0.579681,1.96569,-0.0560302,0.00707405,-0.999152,0.55655,-0.825865,1.24996,-0.3385,5.77473e-06,-0.999999,0.0137503,-0.995698,0.18884,-0.900063,1.30945,0.699695,0.347508,4.87083e-05
1945-05-31,scv,1.0237,-0.862806,8.17547,-0.0431713,5.08652,-0.0217047,0.0419939,-0.994372,1.41924,-0.530285,2.02133,-0.0217047,0.00786749,-0.998946,0.58798,-0.805401,1.28534,-0.300306,6.42243e-06,-0.999999,0.0145268,-0.995192,0.194186,-0.894292,1.35512,0.750968,0.401193,4.87083e-05
1945-06-30,scv,1.22301,-0.834429,8.96134,-0.0656144,5.32906,-0.0329799,0.0501695,-0.993208,1.55567,-0.483498,2.11772,-0.0329799,0.00939919,-0.998728,0.6445,-0.786017,1.34663,-0.26611,7.6728e-06,-0.999999,0.0159232,-0.994713,0.203445,-0.889126,1.37364,0.772071,0.423529,4.87083e-05
1945-07-31,scv,1.03667,-0.846384,8.28002,-0.147378,5.12694,-0.0754555,0.0425256,-0.993698,1.43739,-0.499436,2.0374,-0.0754555,0.0079671,-0.998819,0.595499,-0.79262,1.29556,-0.276445,6.50375e-06,-0.999999,0.0147126,-0.994876,0.195729,-0.890687,1.40457,0.80725,0.460645,4.87083e-05
1945-08-31,scv,1.17427,-0.853134,8.84161,-0.16442,5.30235,-0.0842241,0.0481704,-0.993975,1.53488,-0.509441,2.1071,-0.0842241,0.00902465,-0.998871,0.635889,-0.796765,1.33988,-0.283307,7.36705e-06,-0.999999,0.0157104,-0.994979,0.202426,-0.891724,1.37592,0.776707,0.429593,4.87083e-05
1945-09-30,scv,1.39103,-0.815508,9.64079,-0.0622909,5.53938,-0.0295562,0.057062,-0.992432,1.67362,-0.449483,2.2013,-0.0295562,0.0106905,-0.998582,0.693366,-0.771925,1.39978,-0.240524,8.72692e-06,-0.999999,0.0171305,-0.994365,0.211475,-0.885261,1.39751,0.801685,0.456232,4.87083e-05
1945-10-31,scv,1.67954,-0.774738,10.6141,-0.0450082,5.81512,-0.022582,0.0688972,-0.990759,1.84259,-0.390522,2.31088,-0.022582,0.0129078,-0.998269,0.763368,-0.747498,1.46946,-0.2005,1.0537e-05,-0.999999,0.01886,-0.993762,0.222002,-0.879214,1.42674,0.834658,0.490872,4.87083e-05
1945-11-30,scv,2.26731,-0.724287,12.3575,-0.0385671,6.27779,-0.0194066,0.0930083,-0.98869,2.14523,-0.324357,2.49473,-0.0194066,0.017425,-0.997881,0.888751,-0.720087,1.58637,-0.157795,1.42245e-05,-0.999998,0.0219577,-0.993084,0.239665,-0.872762,1.45922,0.871201,0.529233,4.87083e-05
1945-12-31,scv,2.34984,-0.657302,12.6301,-0.0890527,6.35268,-0.0449233,0.0963941,-0.985942,2.19255,-0.242866,2.5245,-0.0449233,0.0180593,-0.997366,0.908355,-0.686325,1.6053,-0.107333,1.47423e-05,-0.999998,0.0224421,-0.99225,0.242524,-0.865138,1.51079,0.928835,0.589567,4.87083e-05
1946-01-31,scv,3.21603,-0.645093,14.8357,-0.0721945,6.89222,-0.0359233,0.131926,-0.985441,2.57545,-0.228854,2.7389,-0.0359233,0.0247162,-0.997272,1.06699,-0.68052,1.74164,-0.0989213,2.01765e-05,-0.999998,0.0263613,-0.992107,0.263121,-0.863868,1.51671,0.936653,0.598404,4.87083e-05
1946-02-28,scv,2.53394,-0.63163,13.3154,-0.165327,6.54676,-0.0842272,0.103946,-0.984889,2.31152,-0.203127,2.60162,-0.0842272,0.0194741,-0.997169,0.957644,-0.669862,1.65434,-0.0842272,1.58972e-05,-0.999998,0.0236598,-0.991844,0.249933,-0.861139,1.57015,0.996913,0.661845,4.87083e-05
1946-03-31,scv,2.94709,-0.623383,14.3937,-0.154315,6.81067,-0.0777351,0.120894,-0.984551,2.49871,-0.192613,2.7065,-0.0777351,0.0226493,-0.997106,1.0352,-0.665506,1.72103,-0.0777351,1.84892e-05,-0.999998,0.0255758,-0.991736,0.260008,-0.860155,1.52871,0.954615,0.619868,4.87083e-05
1946-04-30,scv,3.48784,-0.535937,15.6814,-0.0602229,7.11139,-0.0275106,0.143076,-0.980963,2.72224,-0.102782,2.826,-0.0275106,0.0268052,-0.996434,1.1278,-0.62829,1.79702,-0.0275106,2.18817e-05,-0.999997,0.0278638,-0.990816,0.271489,-0.852539,1.55423,0.983507,0.650336,4.87083e-05
1946-05-31,scv,4.05407,-0.491927,16.9434,-0.0448575,7.39613,-0.0225442,0.166304,-0.979158,2.94133,-0.059639,2.93915,-0.0225442,0.0311568,-0.996095,1.21857,-0.610416,1.86897,-0.0225442,2.54341e-05,-0.999997,0.0301063,-0.990375,0.282359,-0.848972,1.58275,1.01534,0.683716,4.87083e-05
1946-06-30,scv,3.39248,-0.505749,15.5382,-0.128583,7.08721,-0.0660729,0.139164,-0.979725,2.6974,-0.128583,2.81639,-0.0660729,0.0260722,-0.996202,1.11751,-0.614275,1.79091,-0.0660729,2.12834e-05,-0.999997,0.0276095,-0.99047,0.270565,-0.849578,1.60803,1.04389,0.713749,4.87083e-05
1946-07-31,scv,2.91285,-0.592856,14.4485,-0.206211,6.83995,-0.107853,0.11949,-0.983298,2.50822,-0.206211,2.71813,-0.107853,0.0223862,-0.996871,1.03914,-0.648636,1.72843,-0.107853,1.82744e-05,-0.999997,0.0256731,-0.991319,0.261126,-0.856307,1.5776,1.01109,0.680174,4.87083e-05
1946-08-31,scv,2.33006,-0.639665,12.9754,-0.249902,6.48821,-0.131828,0.0955823,-0.985219,2.2525,-0.249902,2.57836,-0.131828,0.0179072,-0.997231,0.933192,-0.667976,1.63955,-0.131828,1.46181e-05,-0.999998,0.0230557,-0.991797,0.247698,-0.860168,1.5515,0.983415,0.652033,4.87083e-05
1946-09-30,scv,1.3385,-0.81461,10.1307,-0.446836,5.77206,-0.249752,0.0549072,-0.992395,1.75866,-0.446836,2.29376,-0.249752,0.0102868,-0.998575,0.728597,-0.755147,1.45858,-0.249752,8.39736e-06,-0.999999,0.0180009,-0.993951,0.220358,-0.879162,1.51353,0.942792,0.610544,4.87083e-05
1946-10-31,scv,1.3392,-0.826402,10.2152,-0.462567,5.80796,-0.259762,0.0549362,-0.992879,1.77333,-0.462567,2.30803,-0.259762,0.0102922,-0.998666,0.734677,-0.76211,1.46765,-0.259762,8.40179e-06,-0.999999,0.0181511,-0.994123,0.221728,-0.880774,1.41989,0.848252,0.51734,4.87083e-05
1946-11-30,scv,1.3726,-0.8158,10.401,-0.440382,5.86878,-0.242571,0.0563062,-0.992444,1.80558,-0.440382,2.3322,-0.242571,0.0105489,-0.998584,0.748037,-0.75229,1.48302,-0.242571,8.61132e-06,-0.999999,0.0184812,-0.99388,0.22405,-0.878005,1.41982,0.850636,0.521295,4.87083e-05
1946-12-31,scv,1.5307,-0.795229,11.0197,-0.409097,6.0459,-0.2214,0.0627916,-0.9916,1.913,-0.409097,2.40258,-0.2214,0.0117639,-0.998426,0.79254,-0.738442,1.52777,-0.2214,9.60318e-06,-0.999999,0.0195807,-0.993538,0.230812,-0.874595,1.42387,0.856775,0.528677,4.87083e-05
1947-01-31,scv,1.66021,-0.794283,11.5123,-0.405177,6.18434,-0.217971,0.0681043,-0.991561,1.9985,-0.405177,2.4576,-0.217971,0.0127592,-0.998419,0.827962,-0.736707,1.56276,-0.217971,1.04157e-05,-0.999999,0.0204559,-0.993495,0.236097,-0.874043,1.44184,0.87758,0.550891,4.87083e-05
1947-02-28,scv,1.69046,-0.747073,11.6457,-0.33799,6.22398,-0.174211,0.0693451,-0.989625,2.02166,-0.33799,2.47335,-0.174211,0.0129917,-0.998056,0.837558,-0.706967,1.57278,-0.174211,1.06055e-05,-0.999998,0.0206929,-0.99276,0.23761,-0.866995,1.45519,0.893215,0.567667,4.87083e-05
1947-03-31,scv,1.56633,-0.77287,11.249,-0.370795,6.12227,-0.19435,0.0642532,-0.990683,1.9528,-0.370795,2.43293,-0.19435,0.0120377,-0.998254,0.80903,-0.721488,1.54707,-0.19435,9.82672e-06,-0.999999,0.0199881,-0.993119,0.233727,-0.870239,1.45811,0.897124,0.572183,4.87083e-05
1947-04-30,scv,1.22383,-0.820704,9.99122,-0.438269,5.77655,-0.237888,0.0502032,-0.992645,1.73445,-0.438269,2.29555,-0.237888,0.0094055,-0.998622,0.718569,-0.751355,1.45971,-0.237888,7.67795e-06,-0.999999,0.0177532,-0.993857,0.220529,-0.877251,1.44541,0.884165,0.559339,4.87083e-05
1947-05-31,scv,1.0925,-0.85972,9.48253,-0.50118,5.63384,-0.281141,0.0448158,-0.994246,1.64614,-0.50118,2.23884,-0.281141,0.00839617,-0.998922,0.681984,-0.779202,1.42365,-0.281141,6.85401e-06,-0.999999,0.0168493,-0.994545,0.215081,-0.884217,1.40474,0.84075,0.515105,4.87083e-05
1947-06-30,scv,1.24605,-0.833899,10.1486,-0.456269,5.83149,-0.249145,0.0511149,-0.993186,1.76176,-0.456269,2.31738,-0.249145,0.00957629,-0.998723,0.729884,-0.759322,1.47359,-0.249145,7.81737e-06,-0.999999,0.0180327,-0.994054,0.222626,-0.879064,1.38605,0.821521,0.495899,4.87083e-05
1947-07-31,scv,1.48954,-0.790399,11.1432,-0.387772,6.11704,-0.202774,0.061103,-0.991402,1.93443,-0.387772,2.43086,-0.202774,0.0114476,-0.998389,0.80142,-0.729003,1.54575,-0.202774,9.34493e-06,-0.999999,0.0198001,-0.993305,0.233528,-0.871595,1.40765,0.845897,0.52161,4.87083e-05
1947-08-31,scv,1.43398,-0.786926,10.9523,-0.379996,6.06702,-0.196854,0.0588241,-0.991259,1.9013,-0.379996,2.41098,-0.196854,0.0110206,-0.998362,0.787692,-0.725561,1.53311,-0.196854,8.9964e-06,-0.999999,0.0194609,-0.99322,0.231618,-0.870642,1.43686,0.879259,0.556938,4.87083e-05
1947-09-30,scv,1.53233,-0.789347,11.3487,-0.382314,6.17954,-0.197967,0.0628585,-0.991359,1.97011,-0.382314,2.45569,-0.197967,0.0117764,-0.998381,0.816202,-0.726587,1.56154,-0.197967,9.61341e-06,-0.999999,0.0201653,-0.993245,0.235914,-0.870821,1.4306,0.872897,0.550622,4.87083e-05
1947-10-31,scv,1.6518,-0.749962,11.8116,-0.32591,6.30812,-0.16179,0.0677591,-0.989743,2.05047,-0.32591,2.50679,-0.16179,0.0126946,-0.998078,0.849491,-0.70162,1.59404,-0.16179,1.03629e-05,-0.999998,0.0209878,-0.992628,0.240822,-0.864994,1.44138,0.885472,0.564097,4.87083e-05
1947-11-30,scv,1.52977,-0.757632,11.3765,-0.334241,6.19213,-0.166334,0.0627536,-0.990058,1.97493,-0.334241,2.46069,-0.166334,0.0117568,-0.998137,0.818196,-0.705308,1.56473,-0.166334,9.59736e-06,-0.999998,0.0202146,-0.992719,0.236394,-0.865726,1.45354,0.899554,0.57913,4.87083e-05
1947-12-31,scv,1.65536,-0.776786,11.8599,-0.360723,6.32576,-0.182968,0.0679052,-0.990843,2.05886,-0.360723,2.5138,-0.182968,0.0127219,-0.998285,0.852967,-0.71703,1.59849,-0.182968,1.03852e-05,-0.999999,0.0210736,-0.993009,0.241496,-0.868405,1.44101,0.886011,0.565191,4.87083e-05
1948-01-31,scv,1.63777,-0.759932,11.8219,-0.334754,6.31893,-0.165827,0.0671837,-0.990152,2.05225,-0.334754,2.51108,-0.165827,0.0125868,-0.998155,0.850229,-0.705534,1.59677,-0.165827,1.02749e-05,-0.999998,0.021006,-0.992725,0.241235,-0.865644,1.45383,0.900695,0.580849,4.87083e-05
1948-02-29,scv,1.3704,-0.803426,10.862,-0.395601,6.06342,-0.204131,0.0562158,-0.991936,1.88562,-0.395601,2.40955,-0.204131,0.0105319,-0.998489,0.781199,-0.732468,1.5322,-0.204131,8.59749e-06,-0.999999,0.0193005,-0.99339,0.231481,-0.871814,1.45201,0.899313,0.57976,4.87083e-05
1948-03-31,scv,1.87339,-0.784603,12.7469,-0.365904,6.57458,-0.18436,0.0768492,-0.991164,2.21282,-0.365904,2.61268,-0.18436,0.0143976,-0.998345,0.916755,-0.719323,1.66137,-0.18436,1.17531e-05,-0.999999,0.0226496,-0.993066,0.250995,-0.868629,1.423,0.86865,0.548679,4.87083e-05
1948-04-30,scv,2.12098,-0.707716,13.5824,-0.259738,6.78905,-0.118224,0.0870058,-0.98801,2.35787,-0.259738,2.69791,-0.118224,0.0163004,-0.997754,0.976847,-0.672329,1.71557,-0.118224,1.33064e-05,-0.999998,0.0241342,-0.991904,0.259183,-0.857977,1.4736,0.925316,0.608068,4.87083e-05
1948-05-31,scv,2.57564,-0.668168,15.003,-0.21012,7.13955,-0.088827,0.105656,-0.986388,2.60449,-0.21012,2.83719,-0.088827,0.0197946,-0.99745,1.07902,-0.650367,1.80414,-0.088827,1.61588e-05,-0.999998,0.0266585,-0.991362,0.272564,-0.853243,1.49365,0.947726,0.631572,4.87083e-05
1948-06-30,scv,2.59365,-0.620332,15.0919,-0.152969,7.16501,-0.0558365,0.106395,-0.984425,2.61991,-0.152969,2.84731,-0.0558365,0.019933,-0.997082,1.08541,-0.625069,1.81057,-0.0558365,1.62718e-05,-0.999998,0.0268164,-0.990737,0.273536,-0.847929,1.5249,0.98271,0.668207,4.87083e-05
1948-07-31,scv,2.19961,-0.658759,13.9445,-0.193076,6.89279,-0.0773658,0.0902314,-0.986002,2.42072,-0.193076,2.73913,-0.0773658,0.0169047,-0.997377,1.00289,-0.642822,1.74178,-0.0773658,1.37998e-05,-0.999998,0.0247776,-0.991175,0.263143,-0.851397,1.52584,0.984435,0.670442,4.87083e-05
1948-08-31,scv,2.17202,-0.677831,13.8716,-0.214861,6.8766,-0.0895919,0.0890993,-0.986784,2.40808,-0.214861,2.7327,-0.0895919,0.0166926,-0.997524,0.997648,-0.652465,1.73769,-0.0895919,1.36266e-05,-0.999998,0.0246482,-0.991414,0.262525,-0.853366,1.49911,0.956025,0.641476,4.87083e-05
1948-09-30,scv,1.83876,-0.720957,12.8058,-0.266666,6.6125,-0.119367,0.0754288,-0.988553,2.22305,-0.266666,2.62775,-0.119367,0.0141315,-0.997855,0.920993,-0.675396,1.67095,-0.119367,1.15359e-05,-0.999998,0.0227543,-0.99198,0.252443,-0.858162,1.49703,0.954013,0.639602,4.87083e-05
1948-10-31,scv,2.12198,-0.704142,13.7726,-0.244763,6.85957,-0.106273,0.0870468,-0.987863,2.39089,-0.244763,2.72593,-0.106273,0.0163081,-0.997726,0.990525,-0.665701,1.73339,-0.106273,1.33127e-05,-0.999998,0.0244722,-0.991741,0.261875,-0.856053,1.4701,0.925362,0.610423,4.87083e-05
1948-11-30,scv,1.40133,-0.777982,11.3194,-0.337578,6.23513,-0.160545,0.0574845,-0.990893,1.96503,-0.337578,2.47778,-0.160545,0.0107696,-0.998294,0.814095,-0.706785,1.57559,-0.160545,8.79154e-06,-0.999999,0.0201132,-0.992756,0.238036,-0.864794,1.49311,0.950907,0.637126,4.87083e-05
1948-12-31,scv,1.40216,-0.777851,11.3376,-0.336514,6.24218,-0.159595,0.0575186,-0.990887,1.96818,-0.336514,2.48059,-0.159595,0.010776,-0.998293,0.815403,-0.706314,1.57737,-0.159595,8.79674e-06,-0.999999,0.0201456,-0.992744,0.238305,-0.864641,1.4263,0.88064,0.566016,4.87083e-05
1949-01-31,scv,1.51485,-0.783038,11.8039,-0.344261,6.3719,-0.164502,0.0621414,-0.9911,2.04912,-0.344261,2.53213,-0.164502,0.0116421,-0.998333,0.848934,-0.709743,1.61015,-0.164502,9.50374e-06,-0.999999,0.020974,-0.992829,0.243257,-0.865431,1.42638,0.881076,0.566675,4.87083e-05
1949-02-28,scv,1.28454,-0.803382,10.8866,-0.373842,6.12165,-0.182938,0.0526938,-0.991934,1.88988,-0.373842,2.43269,-0.182938,0.00987211,-0.998489,0.782962,-0.722836,1.54692,-0.182938,8.05885e-06,-0.999999,0.0193441,-0.993152,0.233704,-0.8684,1.4387,0.895066,0.58148,4.87083e-05
1949-03-31,scv,1.59087,-0.791447,12.1409,-0.354983,6.46816,-0.170681,0.06526,-0.991445,2.10762,-0.354983,2.57039,-0.170681,0.0122264,-0.998397,0.873171,-0.714489,1.63448,-0.170681,9.9807e-06,-0.999999,0.0215728,-0.992946,0.246932,-0.866426,1.41232,0.866535,0.552106,4.87083e-05
1949-04-30,scv,1.44363,-0.775307,11.5746,-0.328735,6.31675,-0.153417,0.05922,-0.990783,2.00932,-0.328735,2.51022,-0.153417,0.0110948,-0.998273,0.832445,-0.70287,1.59622,-0.153417,9.05696e-06,-0.999999,0.0205666,-0.992659,0.241152,-0.863646,1.44643,0.90458,0.591922,4.87083e-05
1949-05-31,scv,1.2411,-0.803368,10.7523,-0.370766,6.09105,-0.179942,0.0509118,-0.991934,1.86658,-0.370766,2.42053,-0.179942,0.00953825,-0.998489,0.773308,-0.721475,1.53919,-0.179942,7.78632e-06,-0.999999,0.0191056,-0.993119,0.232536,-0.867918,1.43092,0.887753,0.574613,4.87083e-05
1949-06-30,scv,1.19332,-0.831975,10.5739,-0.417155,6.04461,-0.210363,0.0489516,-0.993107,1.83561,-0.417155,2.40207,-0.210363,0.00917102,-0.998709,0.760478,-0.742009,1.52745,-0.210363,7.48653e-06,-0.999999,0.0187886,-0.993626,0.230763,-0.872818,1.40678,0.861755,0.547957,4.87083e-05
1949-07-31,scv,1.3919,-0.804946,11.4288,-0.3714,6.28545,-0.179747,0.0570978,-0.991999,1.98401,-0.3714,2.49778,-0.179747,0.0106972,-0.998501,0.821961,-0.721756,1.58831,-0.179747,8.73239e-06,-0.999999,0.0203076,-0.993126,0.239957,-0.867887,1.40054,0.85568,0.542105,4.87083e-05
1949-08-31,scv,1.46477,-0.778924,11.7391,-0.330341,6.37226,-0.153241,0.0600868,-0.990931,2.03789,-0.330341,2.53228,-0.153241,0.0112572,-0.998301,0.84428,-0.703581,1.61024,-0.153241,9.18952e-06,-0.999999,0.020859,-0.992677,0.243271,-0.863617,1.42504,0.882801,0.570338,4.87083e-05
1949-09-30,scv,1.63154,-0.766446,12.4187,-0.310772,6.558,-0.140666,0.0669282,-0.990419,2.15586,-0.310772,2.60609,-0.140666,0.0125389,-0.998205,0.893154,-0.694919,1.65718,-0.140666,1.02358e-05,-0.999999,0.0220665,-0.992463,0.250362,-0.861592,1.43312,0.892029,0.58015,4.87083e-05
1949-10-31,scv,1.8177,-0.743521,13.1257,-0.276077,6.74437,-0.118793,0.0745649,-0.989479,2.27859,-0.276077,2.68015,-0.118793,0.0139696,-0.998029,0.944003,-0.679562,1.70427,-0.118793,1.14038e-05,-0.999998,0.0233228,-0.992083,0.257477,-0.858069,1.45021,0.911424,0.600611,4.87083e-05
1949-11-30,scv,1.82463,-0.733679,13.162,-0.261004,6.75512,-0.109272,0.0748491,-0.989075,2.28489,-0.261004,2.68442,-0.109272,0.0140229,-0.997953,0.946611,-0.67289,1.70699,-0.109272,1.14472e-05,-0.999998,0.0233872,-0.991918,0.257888,-0.856536,1.46736,0.930561,0.620665,4.87083e-05
1949-12-31,scv,2.30011,-0.702639,14.7982,-0.218723,7.1652,-0.0840262,0.0943538,-0.987802,2.56893,-0.218723,2.84738,-0.0840262,0.017677,-0.997715,1.06429,-0.654174,1.81062,-0.0840262,1.44302e-05,-0.999998,0.0262946,-0.991456,0.273543,-0.852469,1.46791,0.931432,0.621685,4.87083e-05
1950-01-31,scv,2.5921,-0.636801,15.7605,-0.135444,7.40038,-0.0361315,0.106332,-0.985101,2.73598,-0.135444,2.94084,-0.0361315,0.0199211,-0.997209,1.13349,-0.617312,1.87005,-0.0361315,1.62621e-05,-0.999998,0.0280044,-0.990545,0.282521,-0.844755,1.50458,0.971953,0.663931,4.87083e-05
1950-02-28,scv,2.62983,-0.600374,15.8847,-0.0899176,7.43065,-0.0247941,0.107879,-0.983607,2.75754,-0.0899176,2.95287,-0.0247941,0.020211,-0.996929,1.14243,-0.59716,1.8777,-0.0247941,1.64988e-05,-0.999997,0.0282251,-0.990047,0.283677,-0.840582,1.52329,0.993342,0.686582,4.87083e-05
1950-03-31,scv,2.47907,-0.611123,15.4446,-0.100674,7.32957,-0.0301519,0.101695,-0.984048,2.68114,-0.100674,2.9127,-0.0301519,0.0190525,-0.997011,1.11077,-0.601921,1.85215,-0.0301519,1.5553e-05,-0.999998,0.0274431,-0.990165,0.279818,-0.841458,1.52553,0.995967,0.689401,4.87083e-05
1950-04-30,scv,3.02249,-0.595438,17.0772,-0.0826049,7.70994,-0.0204272,0.123987,-0.983404,2.96456,-0.0826049,3.06386,-0.0204272,0.0232288,-0.996891,1.22819,-0.593923,1.94827,-0.0204272,1.89622e-05,-0.999997,0.0303441,-0.989967,0.294339,-0.839868,1.51613,0.986058,0.679349,4.87083e-05
1950-05-31,scv,3.27607,-0.524564,17.7967,-0.0240679,7.87263,-0.0120637,0.134389,-0.980497,3.08946,-0.0240679,3.12851,-0.0120637,0.0251776,-0.996346,1.27994,-0.559045,1.98938,-0.0120637,2.05531e-05,-0.999997,0.0316225,-0.989106,0.30055,-0.833062,1.54733,1.02058,0.715307,4.87083e-05
1950-06-30,scv,2.45398,-0.626371,15.5476,-0.156204,7.37454,-0.0794007,0.100666,-0.984673,2.69902,-0.156204,2.93057,-0.0794007,0.0188596,-0.997129,1.11818,-0.605271,1.86352,-0.0794007,1.53956e-05,-0.999998,0.0276261,-0.990248,0.281535,-0.841693,1.55996,1.03464,0.730089,4.87083e-05
1950-07-31,scv,3.29776,-0.624984,18.0854,-0.153596,7.96061,-0.0776964,0.135279,-0.984616,3.13958,-0.153596,3.16347,-0.0776964,0.0253443,-0.997118,1.3007,-0.604051,2.01162,-0.0776964,2.06892e-05,-0.999998,0.0321355,-0.990218,0.303909,-0.841399,1.514,0.986717,0.681825,4.87083e-05
1950-08-31,scv,3.78056,-0.474305,19.3849,-0.0168196,8.24389,-0.00840978,0.155084,-0.978435,3.36518,-0.0168196,3.27604,-0.00840978,0.0290548,-0.99596,1.39417,-0.530052,2.0832,-0.00840978,2.37182e-05,-0.999997,0.0344446,-0.988389,0.314724,-0.827104,1.56012,1.03811,0.735579,4.87083e-05
1950-09-30,scv,4.2984,-0.406304,20.7271,-0.0317158,8.53681,-0.0157725,0.176327,-0.975646,3.59818,-0.0317158,3.39245,-0.0157725,0.0330346,-0.995437,1.4907,-0.499968,2.15722,-0.0157725,2.6967e-05,-0.999996,0.0368295,-0.987646,0.325906,-0.821581,1.58144,1.06169,0.760196,4.87083e-05
1950-10-31,scv,4.27719,-0.322348,20.7338,-0.0689489,8.54405,-0.0347189,0.175457,-0.972202,3.59933,-0.0689489,3.39533,-0.0347189,0.0328716,-0.994792,1.49117,-0.462919,2.15905,-0.0347189,2.68339e-05,-0.999996,0.0368413,-0.986731,0.326183,-0.814726,1.60103,1.08359,0.783115,4.87083e-05
1950-11-30,scv,4.82947,-0.362512,22.1286,-0.0957528,8.83623,-0.0484089,0.198112,-0.973849,3.84147,-0.0957528,3.51144,-0.0484089,0.037116,-0.995101,1.59149,-0.478381,2.23288,-0.0484089,3.02987e-05,-0.999996,0.0393198,-0.987113,0.337337,-0.817353,1.60001,1.08317,0.783115,4.87083e-05
1950-12-31,scv,6.64255,-0.305659,26.0919,-0.0883975,9.60787,-0.0444516,0.272487,-0.971517,4.52949,-0.0883975,3.81808,-0.0444516,0.0510501,-0.994664,1.87653,-0.453002,2.42787,-0.0444516,4.16735e-05,-0.999996,0.0463621,-0.986486,0.366796,-0.812745,1.61854,1.10454,0.805886,4.87083e-05
1951-01-31,scv,8.70666,-0.0731165,29.9931,-0.036792,10.3117,-0.0184767,0.35716,-0.954686,5.20672,-0.036792,4.09776,-0.0184767,0.0669134,-0.99151,2.1571,-0.307187,2.60572,-0.0184767,5.46231e-05,-0.999993,0.053294,-0.982883,0.393665,-0.789034,1.66746,1.15929,0.863429,4.87083e-05
1951-02-28,scv,8.67162,-0.0862881,29.9652,-0.0433361,10.3097,-0.0217124,0.355723,-0.944061,5.20189,-0.0433361,4.09696,-0.0217124,0.0666441,-0.98952,2.1551,-0.226693,2.60521,-0.0217124,5.44033e-05,-0.999991,0.0532445,-0.980894,0.393587,-0.776858,1.70885,1.20544,0.911767,4.87083e-05
1951-03-31,scv,7.30777,-0.248191,27.5962,-0.129501,9.9015,-0.0660899,0.299775,-0.953973,4.79063,-0.129501,3.93476,-0.0660899,0.0561625,-0.991377,1.98472,-0.296343,2.50207,-0.0660899,4.58469e-05,-0.999993,0.049035,-0.982615,0.378006,-0.78698,1.70806,1.20484,0.911332,4.87083e-05
1951-04-30,scv,8.59891,-0.247862,30.0254,-0.129097,10.3457,-0.0657812,0.35274,-0.953953,5.21233,-0.129097,4.11127,-0.0657812,0.0660853,-0.991373,2.15943,-0.296016,2.61431,-0.0657812,5.39471e-05,-0.999993,0.0533514,-0.982607,0.394963,-0.78691,1.6812,1.17633,0.882291,4.87083e-05
1951-05-31,scv,7.75022,-0.236865,28.5529,-0.118927,10.0929,-0.058473,0.317925,-0.95328,4.95671,-0.118927,4.01084,-0.058473,0.0595628,-0.991247,2.05353,-0.287796,2.55045,-0.058473,4.86227e-05,-0.999993,0.050735,-0.982404,0.385314,-0.785243,1.70567,1.20347,0.910627,4.87083e-05
1951-06-30,scv,6.21642,-0.340071,25.6619,-0.177649,9.58416,-0.0888483,0.255007,-0.959598,4.45484,-0.177649,3.80865,-0.0888483,0.0477751,-0.992431,1.8456,-0.335263,2.42188,-0.0888483,3.9e-05,-0.999994,0.045598,-0.983577,0.36589,-0.792172,1.68943,1.18614,0.892974,4.87083e-05
1951-07-31,scv,7.37962,-0.327896,28.0153,-0.170022,10.0269,-0.0845776,0.302723,-0.958853,4.86339,-0.170022,3.98459,-0.0845776,0.0567147,-0.992291,2.01486,-0.329098,2.53375,-0.0845776,4.62977e-05,-0.999994,0.0497798,-0.983425,0.382792,-0.791197,1.65481,1.14899,0.854855,4.87083e-05
1951-08-31,scv,8.3998,-0.190808,29.9431,-0.0874155,10.3798,-0.038846,0.344572,-0.95046,5.19805,-0.0874155,4.12482,-0.038846,0.0645551,-0.990719,2.15351,-0.262324,2.62292,-0.038846,5.2698e-05,-0.999992,0.0532052,-0.981775,0.396264,-0.780766,1.68081,1.17757,0.884572,4.87083e-05
1951-09-30,scv,9.02388,-0.103486,31.0758,-0.0378242,10.5852,-0.0118094,0.370173,-0.945114,5.39469,-0.0378242,4.20648,-0.0118094,0.0693514,-0.989717,2.23498,-0.222237,2.67485,-0.0118094,5.66133e-05,-0.999992,0.0552179,-0.980784,0.404109,-0.774599,1.70028,1.19898,0.906816,4.87083e-05
1951-10-31,scv,8.11694,-0.198212,29.5617,-0.102562,10.3419,-0.0515382,0.332969,-0.94848,5.13184,-0.102562,4.10979,-0.0515382,0.0623813,-0.990348,2.12608,-0.243413,2.61337,-0.0515382,5.09234e-05,-0.999992,0.0525275,-0.981308,0.39482,-0.777123,1.71099,1.21071,0.919001,4.87083e-05
1951-11-30,scv,8.18172,-0.226041,29.703,-0.117826,10.3687,-0.0594137,0.335626,-0.950268,5.15636,-0.117826,4.12042,-0.0594137,0.0628791,-0.990683,2.13624,-0.256281,2.62012,-0.0594137,5.13298e-05,-0.999992,0.0527785,-0.981625,0.395841,-0.778974,1.69404,1.19267,0.900574,4.87083e-05
1951-12-31,scv,8.3293,-0.175181,29.9774,-0.0886653,10.4171,-0.043827,0.34168,-0.947,5.20399,-0.0886653,4.13967,-0.043827,0.0640133,-0.990071,2.15597,-0.231698,2.63237,-0.043827,5.22557e-05,-0.999992,0.053266,-0.981018,0.39769,-0.775311,1.69518,1.19408,0.902179,4.87083e-05
1952-01-31,scv,8.57725,-0.154747,30.4765,-0.0768991,10.5186,-0.0372789,0.351852,-0.945687,5.29064,-0.0768991,4.17998,-0.0372789,0.0659189,-0.989825,2.19187,-0.221778,2.658,-0.0372789,5.38113e-05,-0.999992,0.0541529,-0.980773,0.401563,-0.773773,1.69788,1.19711,0.905331,4.87083e-05
1952-02-29,scv,8.07368,-0.205454,29.6229,-0.102624,10.3839,-0.0489094,0.331194,-0.948946,5.14245,-0.102624,4.12648,-0.0489094,0.0620488,-0.990435,2.13048,-0.243466,2.62398,-0.0489094,5.0652e-05,-0.999992,0.0526361,-0.981309,0.396424,-0.776506,1.70194,1.20163,0.910117,4.87083e-05
1952-03-31,scv,8.85187,-0.184522,31.0262,-0.0904382,10.6278,-0.0421054,0.363117,-0.947601,5.38608,-0.0904382,4.22339,-0.0421054,0.0680294,-0.990183,2.23141,-0.233192,2.68561,-0.0421054,5.55342e-05,-0.999992,0.0551298,-0.981055,0.405734,-0.774907,1.69215,1.19117,0.899388,4.87083e-05
1952-04-30,scv,7.887,-0.202269,29.3134,-0.0993135,10.3326,-0.0465068,0.323536,-0.948741,5.08874,-0.0993135,4.10609,-0.0465068,0.0606141,-0.990397,2.10822,-0.240675,2.61102,-0.0465068,4.94808e-05,-0.999992,0.0520863,-0.98124,0.394465,-0.775941,1.70626,1.20661,0.915384,4.87083e-05
1952-05-31,scv,8.43785,-0.229689,30.3748,-0.114748,10.5327,-0.0546289,0.346133,-0.950503,5.27299,-0.114748,4.18559,-0.0546289,0.0648475,-0.990727,2.18456,-0.253687,2.66157,-0.0546289,5.29367e-05,-0.999992,0.0539723,-0.981561,0.402102,-0.77785,1.68841,1.1874,0.895622,4.87083e-05
1952-06-30,scv,9.21178,-0.159391,31.7791,-0.0736387,10.7855,-0.0315649,0.377881,-0.945986,5.51677,-0.0736387,4.28604,-0.0315649,0.0707954,-0.98988,2.28555,-0.219029,2.72544,-0.0315649,5.77921e-05,-0.999992,0.0564675,-0.980705,0.411752,-0.77243,1.69832,1.19832,0.90701,4.87083e-05
1952-07-31,scv,9.13529,-0.0896477,31.6859,-0.0342349,10.7818,-0.00982771,0.374743,-0.941504,5.5006,-0.0342349,4.2846,-0.00982771,0.0702075,-0.989041,2.27885,-0.18581,2.72453,-0.00982771,5.73122e-05,-0.999991,0.056302,-0.979884,0.411614,-0.767322,1.71143,1.21268,0.921912,4.87083e-05
1952-08-31,scv,9.1676,-0.107912,31.7816,-0.0426092,10.81,-0.012687,0.376068,-0.942678,5.5172,-0.0426092,4.29579,-0.012687,0.0704559,-0.989261,2.28573,-0.19287,2.73164,-0.012687,5.75149e-05,-0.999991,0.0564719,-0.980059,0.412688,-0.767994,1.7098,1.21091,0.920095,4.87083e-05
1952-09-30,scv,8.60152,-0.135022,30.8253,-0.0561899,10.658,-0.0187726,0.352847,-0.94442,5.3512,-0.0561899,4.23539,-0.0187726,0.0661054,-0.989587,2.21696,-0.204319,2.69323,-0.0187726,5.39635e-05,-0.999991,0.0547728,-0.980342,0.406886,-0.769424,1.70997,1.21119,0.92041,4.87083e-05
1952-10-31,scv,8.09295,-0.209312,29.9563,-0.0955867,10.5203,-0.0378103,0.331985,-0.949193,5.20034,-0.0955867,4.18067,-0.0378103,0.0621968,-0.990481,2.15446,-0.237533,2.65844,-0.0378103,5.07729e-05,-0.999992,0.0532287,-0.981162,0.401629,-0.773897,1.69985,1.2002,0.909097,4.87083e-05
1952-11-30,scv,9.49314,-0.17544,32.4856,-0.0761408,10.9659,-0.0273382,0.389423,-0.947017,5.63942,-0.0761408,4.35775,-0.0273382,0.0729578,-0.990074,2.33637,-0.221139,2.77104,-0.0273382,5.95573e-05,-0.999992,0.0577229,-0.980757,0.418641,-0.771437,1.69007,1.18971,0.898339,4.87083e-05
1952-12-31,scv,9.91748,-0.0425216,33.244,-0.00604906,11.1057,-0.00292622,0.40683,-0.938476,5.77107,-0.00604906,4.41329,-0.00292622,0.076219,-0.988474,2.39091,-0.159289,2.80636,-0.00292622,6.22195e-05,-0.999991,0.0590704,-0.979229,0.423977,-0.762211,1.71422,1.2161,0.925729,4.87083e-05
1953-01-31,scv,10.9582,-0.0266597,34.9949,-0.0132573,11.4075,-0.00653552,0.44952,-0.933979,6.07503,-0.0132573,4.53322,-0.00653552,0.0842169,-0.987631,2.51683,-0.128359,2.88262,-0.00653552,6.87484e-05,-0.99999,0.0621816,-0.978465,0.435498,-0.757698,1.72058,1.22304,0.932962,4.87083e-05
1953-02-28,scv,11.4862,-0.0510404,35.8758,-0.0255346,11.5618,-0.0126885,0.471181,-0.932229,6.22795,-0.0255346,4.59455,-0.0126885,0.0882751,-0.987303,2.58019,-0.115287,2.92162,-0.0126885,7.20612e-05,-0.99999,0.0637468,-0.978142,0.44139,-0.755547,1.73546,1.23938,0.949887,4.87083e-05
1953-03-31,scv,10.7897,-0.113387,34.8435,-0.057307,11.4095,-0.0285448,0.442608,-0.929876,6.04875,-0.057307,4.53404,-0.0285448,0.082922,-0.986862,2.50595,-0.0974244,2.88314,-0.0285448,6.76913e-05,-0.999989,0.0619126,-0.977701,0.435577,-0.752589,1.74231,1.24696,0.957802,4.87083e-05
1953-04-30,scv,10.3713,-0.182188,34.2377,-0.0928497,11.3251,-0.0459657,0.425445,-0.935318,5.94357,-0.0928497,4.50048,-0.0459657,0.0797065,-0.987882,2.46237,-0.131455,2.8618,-0.0459657,6.50665e-05,-0.99999,0.0608361,-0.978541,0.432352,-0.757026,1.73228,1.23625,0.946826,4.87083e-05
1953-05-31,scv,10.5293,-0.146537,34.5461,-0.0725756,11.3889,-0.0351034,0.431929,-0.932498,5.99712,-0.0725756,4.52586,-0.0351034,0.0809212,-0.987354,2.48456,-0.112043,2.87794,-0.0351034,6.60581e-05,-0.99999,0.0613842,-0.978062,0.434791,-0.754259,1.72573,1.22941,0.939908,4.87083e-05
1953-06-30,scv,9.33041,-0.262255,32.5988,-0.135411,11.0791,-0.0665205,0.382747,-0.94165,5.65907,-0.135411,4.40271,-0.0665205,0.0717071,-0.989068,2.34451,-0.172205,2.79963,-0.0665205,5.85363e-05,-0.999991,0.057924,-0.979548,0.422961,-0.762261,1.72765,1.23161,0.942264,4.87083e-05
1953-07-31,scv,9.66984,-0.248013,33.2379,-0.12543,11.2011,-0.0596404,0.396671,-0.940524,5.77001,-0.12543,4.45122,-0.0596404,0.0743158,-0.988857,2.39047,-0.162649,2.83048,-0.0596404,6.06658e-05,-0.999991,0.0590596,-0.979312,0.42762,-0.760509,1.70866,1.21119,0.921356,4.87083e-05
1953-08-31,scv,8.01742,-0.341189,30.3239,-0.179586,10.7124,-0.0878981,0.328886,-0.947893,5.26415,-0.179586,4.25702,-0.0878981,0.0616164,-0.990238,2.1809,-0.214499,2.70699,-0.0878981,5.0299e-05,-0.999992,0.0538818,-0.980593,0.408964,-0.767705,1.71371,1.2168,0.927185,4.87083e-05
1953-09-30,scv,7.45767,-0.438429,29.3323,-0.241144,10.5518,-0.122058,0.305925,-0.955584,5.09201,-0.241144,4.19319,-0.122058,0.0573145,-0.991679,2.10958,-0.273438,2.6664,-0.122058,4.67873e-05,-0.999993,0.0521198,-0.982049,0.402832,-0.776405,1.6846,1.18531,0.894722,4.87083e-05
1953-10-31,scv,8.09104,-0.400428,30.6,-0.214822,10.7901,-0.106153,0.331906,-0.952579,5.31208,-0.214822,4.28789,-0.106153,0.0621822,-0.991116,2.20075,-0.248237,2.72662,-0.106153,5.07609e-05,-0.999993,0.0543724,-0.981427,0.411929,-0.772354,1.67297,1.17308,0.882366,4.87083e-05
1953-11-30,scv,8.37925,-0.342899,31.1491,-0.176948,10.8873,-0.0839664,0.343729,-0.948028,5.4074,-0.176948,4.3265,-0.0839664,0.0643972,-0.990263,2.24024,-0.211974,2.75117,-0.0839664,5.25691e-05,-0.999992,0.0553481,-0.980531,0.415638,-0.766704,1.68504,1.18638,0.896178,4.87083e-05
1953-12-31,scv,7.71209,-0.366518,29.9296,-0.190448,10.6849,-0.0903939,0.316361,-0.949897,5.1957,-0.190448,4.24609,-0.0903939,0.0592699,-0.990613,2.15253,-0.2249,2.70004,-0.0903939,4.83835e-05,-0.999992,0.0531811,-0.98085,0.407914,-0.768341,1.69035,1.19223,0.902271,4.87083e-05
1954-01-31,scv,9.5534,-0.326398,33.3767,-0.164735,11.2975,-0.0758587,0.391895,-0.946723,5.79411,-0.164735,4.48953,-0.0758587,0.0734209,-0.990019,2.40045,-0.200281,2.85484,-0.0758587,5.99354e-05,-0.999992,0.0593062,-0.980242,0.431301,-0.764639,1.67729,1.1781,0.887707,4.87083e-05
1954-02-28,scv,9.93638,-0.224775,34.0477,-0.102635,11.4112,-0.0410872,0.407605,-0.938686,5.91059,-0.102635,4.53472,-0.0410872,0.0763642,-0.988513,2.44871,-0.140824,2.88358,-0.0410872,6.2338e-05,-0.999991,0.0604985,-0.978773,0.435643,-0.755783,1.70953,1.21347,0.924463,4.87083e-05
1954-03-31,scv,10.5609,-0.179888,35.1129,-0.0767943,11.5893,-0.0273189,0.433224,-0.935136,6.09552,-0.0767943,4.6055,-0.0273189,0.0811638,-0.987848,2.52532,-0.116082,2.92858,-0.0273189,6.62561e-05,-0.99999,0.0623913,-0.978162,0.442442,-0.752277,1.71551,1.22003,0.931265,4.87083e-05
1954-04-30,scv,10.6444,-0.142762,35.2654,-0.0557521,11.6156,-0.0161982,0.43665,-0.932199,6.12198,-0.0557521,4.61594,-0.0161982,0.0818058,-0.987298,2.53629,-0.0959357,2.93522,-0.0161982,6.67801e-05,-0.99999,0.0626622,-0.977664,0.443445,-0.749445,1.72478,1.23016,0.9418,4.87083e-05
1954-05-31,scv,12.2122,-0.137702,37.7883,-0.0526521,12.0251,-0.0145018,0.500961,-0.931799,6.55995,-0.0526521,4.77868,-0.0145018,0.0938544,-0.987223,2.71774,-0.0929676,3.03871,-0.0145018,7.66157e-05,-0.99999,0.0671451,-0.977591,0.459079,-0.749013,1.72592,1.23149,0.943256,4.87083e-05
1954-06-30,scv,12.6811,-0.0545611,38.5271,-0.0274016,12.1437,-0.0137311,0.520197,-0.92398,6.6882,-0.0274016,4.82579,-0.0137311,0.0974582,-0.985758,2.77087,-0.0417443,3.06866,-0.0137311,7.95576e-05,-0.999988,0.0684578,-0.976325,0.463605,-0.74198,1.7468,1.25434,0.966926,4.87083e-05
1954-07-31,scv,16.1473,-0.00750625,43.5012,-0.00375313,12.9058,-0.00187656,0.662384,-0.917469,7.5517,-0.00375313,5.12865,-0.00187656,0.124097,-0.984538,3.12861,-0.00375313,3.26125,-0.00187656,0.000101303,-0.999987,0.0772963,-0.975326,0.4927,-0.736578,1.75246,1.26062,0.973483,4.87083e-05
1954-08-31,scv,15.7124,-0.122998,42.96,-0.0630493,12.8289,-0.0319193,0.644548,-0.897882,7.45775,-0.0630493,5.09808,-0.0319193,0.120755,-0.980868,3.08969,-0.0630493,3.24181,-0.0319193,9.85755e-05,-0.999984,0.0763346,-0.972506,0.489763,-0.721811,1.78909,1.30064,1.01498,4.87083e-05
1954-09-30,scv,17.8056,-0.0959345,45.7579,-0.0485926,13.2419,-0.0244508,0.730411,-0.894731,7.94345,-0.0485926,5.26222,-0.0244508,0.136841,-0.980278,3.29091,-0.0485926,3.34618,-0.0244508,0.000111707,-0.999984,0.081306,-0.972082,0.505532,-0.719665,1.78477,1.29617,1.01051,4.87083e-05
1954-10-31,scv,17.4303,-0.0507595,45.294,-0.0255478,13.1762,-0.0128159,0.715015,-0.886717,7.86293,-0.0255478,5.23608,-0.0128159,0.133957,-0.978777,3.25755,-0.0255478,3.32956,-0.0128159,0.000109352,-0.999983,0.0804818,-0.971013,0.503021,-0.71428,1.80366,1.31688,1.03202,4.87083e-05
1954-11-30,scv,22.4655,-0.0497039,51.4756,-0.025006,14.0502,-0.0125415,0.92157,-0.886591,8.93603,-0.025006,5.58344,-0.0125415,0.172655,-0.978753,3.70212,-0.025006,3.55044,-0.0125415,0.000140942,-0.999983,0.0914656,-0.970996,0.53639,-0.714201,1.80031,1.31338,1.02845,4.87083e-05
1954-12-31,scv,30.2495,-0.0303407,59.8091,-0.0152304,15.1499,-0.00763023,1.24088,-0.855697,10.3827,-0.0152304,6.02043,-0.00763023,0.232477,-0.972965,4.30147,-0.0152304,3.82832,-0.00763023,0.000189777,-0.999978,0.106273,-0.967249,0.578372,-0.696216,1.83862,1.35524,1.07191,4.87083e-05
1955-01-31,scv,32.0156,-0.124487,61.6976,-0.0632293,15.3976,-0.0318621,1.31333,-0.824527,10.7106,-0.0632293,6.11887,-0.0318621,0.24605,-0.967125,4.4373,-0.0632293,3.89092,-0.0318621,0.000200857,-0.999973,0.109629,-0.963794,0.587829,-0.6804,1.88339,1.40418,1.12275,4.87083e-05
1955-02-28,scv,36.2711,-0.0316931,65.7161,-0.0158465,15.8939,-0.00792327,1.48789,-0.795668,11.4081,-0.0158465,6.3161,-0.00792327,0.278754,-0.961719,4.7263,-0.0158465,4.01633,-0.00792327,0.000227554,-0.999969,0.116769,-0.960871,0.606776,-0.667616,1.89136,1.41346,1.13272,4.87083e-05
1955-03-31,scv,36.6351,-0.190781,66.2904,-0.0984313,15.9779,-0.0499764,1.50282,-0.799102,11.5078,-0.0984313,6.34948,-0.0499764,0.281552,-0.962362,4.7676,-0.0984313,4.03756,-0.0499764,0.000229838,-0.999969,0.11779,-0.961081,0.609982,-0.668258,1.91005,1.4339,1.15395,4.87083e-05
1955-04-30,scv,39.1991,-0.0375836,68.6769,-0.0184794,16.2815,-0.00909286,1.608,-0.755923,11.9221,-0.0184794,6.47011,-0.00909286,0.301257,-0.954272,4.93924,-0.0184794,4.11426,-0.00909286,0.000245924,-0.999963,0.12203,-0.957037,0.621571,-0.651291,1.91071,1.43548,1.15608,4.87083e-05
1955-05-31,scv,39.401,-0.0887985,68.9984,-0.0436406,16.341,-0.0211023,1.61629,-0.763744,11.9779,-0.0436406,6.49374,-0.0211023,0.302809,-0.955738,4.96236,-0.0436406,4.12929,-0.0211023,0.000247191,-0.999964,0.122601,-0.957621,0.623842,-0.653065,1.92049,1.44621,1.16723,4.87083e-05
1955-06-30,scv,43.377,-0.0222407,72.4171,-0.0111204,16.7421,-0.00556019,1.77939,-0.745491,12.5714,-0.0111204,6.65316,-0.00556019,0.333366,-0.952318,5.20824,-0.0111204,4.23066,-0.00556019,0.000272135,-0.999961,0.128676,-0.955977,0.639157,-0.646195,1.92068,1.44667,1.16786,4.87083e-05
1955-07-31,scv,44.8917,-0.0513956,73.7093,-0.0258458,16.893,-0.0129599,1.84152,-0.727422,12.7957,-0.0258458,6.71313,-0.0129599,0.345007,-0.948933,5.30117,-0.0258458,4.2688,-0.0129599,0.000281638,-0.999958,0.130972,-0.954418,0.644918,-0.639939,1.93508,1.46236,1.18415,4.87083e-05
1955-08-31,scv,45.0021,-0.0927836,73.9283,-0.0468006,16.94,-0.0232409,1.84605,-0.728878,12.8338,-0.0468006,6.73182,-0.0232409,0.345855,-0.949206,5.31692,-0.0468006,4.28068,-0.0232409,0.000282331,-0.999959,0.131361,-0.954493,0.646713,-0.640048,1.94011,1.46794,1.18995,4.87083e-05
1955-09-30,scv,43.7775,-0.18422,73.4162,-0.0920601,16.9214,-0.04598,1.79582,-0.738465,12.7449,-0.0920601,6.72442,-0.04598,0.336444,-0.951002,5.2801,-0.0920601,4.27598,-0.04598,0.000274648,-0.99996,0.130452,-0.954984,0.646002,-0.640958,1.93999,1.46794,1.19007,4.87083e-05
1955-10-31,scv,41.9476,-0.215033,72.0328,-0.107544,16.7841,-0.0532776,1.72075,-0.748343,12.5047,-0.107544,6.66985,-0.0532776,0.322381,-0.952852,5.1806,-0.107544,4.24128,-0.0532776,0.000263168,-0.999962,0.127993,-0.955752,0.64076,-0.643704,1.93421,1.46299,1.1857,4.87083e-05
1955-11-30,scv,48.1595,-0.151669,77.2831,-0.0712614,17.4037,-0.0334308,1.97557,-0.728029,13.4161,-0.0712614,6.91609,-0.0334308,0.370121,-0.949047,5.5582,-0.0712614,4.39786,-0.0334308,0.000302139,-0.999958,0.137322,-0.953953,0.664416,-0.636235,1.92721,1.45568,1.17832,4.87083e-05
1955-12-31,scv,51.477,-0.0204172,80.0007,-0.010093,17.7266,-0.00490507,2.11166,-0.685927,13.8879,-0.010093,7.04438,-0.00490507,0.395617,-0.941159,5.75365,-0.010093,4.47944,-0.00490507,0.000322952,-0.999952,0.142151,-0.950453,0.676741,-0.622254,1.94754,1.4778,1.20124,4.87083e-05
1956-01-31,scv,48.7942,-0.105746,78.0301,-0.0528636,17.5287,-0.0257155,2.00161,-0.69714,13.5458,-0.0528636,6.96574,-0.0257155,0.374999,-0.94326,5.61193,-0.0528636,4.42943,-0.0257155,0.000306121,-0.999954,0.13865,-0.951221,0.669186,-0.624465,1.95712,1.48826,1.21209,4.87083e-05
1956-02-29,scv,51.8444,-0.10075,80.552,-0.0492983,17.8297,-0.0231701,2.12674,-0.695448,13.9836,-0.0492983,7.08536,-0.0231701,0.398441,-0.942943,5.7933,-0.0492983,4.50549,-0.0231701,0.000325257,-0.999953,0.143131,-0.951038,0.680677,-0.623484,1.94863,1.47918,1.2028,4.87083e-05
1956-03-31,scv,59.3457,-0.0171366,86.3056,-0.00851829,18.4766,-0.00420914,2.43445,-0.65946,14.9824,-0.00851829,7.34244,-0.00420914,0.45609,-0.9362,6.2071,-0.00851829,4.66897,-0.00420914,0.000372318,-0.999948,0.153354,-0.948171,0.705374,-0.612311,1.95727,1.48869,1.21268,4.87083e-05
1956-04-30,scv,59.2083,-0.0376434,86.3256,-0.0185576,18.4997,-0.00898743,2.42881,-0.627235,14.9859,-0.0185576,7.35163,-0.00898743,0.455035,-0.930163,6.20854,-0.0185576,4.67481,-0.00898743,0.000371456,-0.999943,0.15339,-0.945672,0.706257,-0.602489,1.97706,1.51023,1.23499,4.87083e-05
1956-05-31,scv,51.6999,-0.18814,80.8724,-0.0972607,17.932,-0.0488583,2.12081,-0.681006,14.0392,-0.0972607,7.12603,-0.0488583,0.39733,-0.940237,5.81634,-0.0972607,4.53135,-0.0488583,0.000324351,-0.999951,0.1437,-0.949589,0.684584,-0.616303,1.97631,1.50948,1.23428,4.87083e-05
1956-06-30,scv,53.2971,-0.182531,82.2624,-0.0930802,18.108,-0.0460938,2.18633,-0.678802,14.2805,-0.0930802,7.19594,-0.0460938,0.409605,-0.939824,5.91631,-0.0930802,4.57581,-0.0460938,0.000334371,-0.999951,0.14617,-0.949355,0.6913,-0.615187,1.9554,1.48712,1.21134,4.87083e-05
1956-07-31,scv,58.218,-0.125685,86.0836,-0.0610729,18.5441,-0.0285639,2.38819,-0.656466,14.9439,-0.0610729,7.36927,-0.0285639,0.447424,-0.935639,6.19114,-0.0610729,4.68603,-0.0285639,0.000365244,-0.999947,0.15296,-0.947568,0.707952,-0.608116,1.95941,1.49166,1.21614,4.87083e-05
1956-08-31,scv,54.5442,-0.11486,83.4643,-0.052642,18.2833,-0.0219942,2.23749,-0.652213,14.4892,-0.052642,7.26562,-0.0219942,0.41919,-0.934843,6.00276,-0.052642,4.62012,-0.0219942,0.000342195,-0.999947,0.148306,-0.947097,0.697994,-0.605465,1.97223,1.5056,1.23059,4.87083e-05
1956-09-30,scv,51.1164,-0.154492,80.9059,-0.0727818,18.0197,-0.0313771,2.09687,-0.667785,14.0451,-0.0727818,7.16085,-0.0313771,0.392845,-0.93776,5.81875,-0.0727818,4.5535,-0.0313771,0.00032069,-0.999949,0.14376,-0.948222,0.68793,-0.609251,1.96205,1.49464,1.21935,4.87083e-05
1956-10-31,scv,51.3946,-0.189431,81.2913,-0.0918934,18.0873,-0.0413111,2.10828,-0.681513,14.112,-0.0918934,7.18774,-0.0413111,0.394983,-0.940332,5.84647,-0.0918934,4.5706,-0.0413111,0.000322435,-0.999951,0.144445,-0.949289,0.690513,-0.613258,1.95198,1.48382,1.20821,4.87083e-05
1956-11-30,scv,54.3306,-0.123439,83.713,-0.0529391,18.3758,-0.0189388,2.22872,-0.655584,14.5324,-0.0529391,7.30237,-0.0189388,0.417548,-0.935474,6.02064,-0.0529391,4.64349,-0.0189388,0.000340855,-0.999947,0.148748,-0.947114,0.701525,-0.604233,1.95225,1.48428,1.20879,4.87083e-05
1956-12-31,scv,57.4099,-0.0931971,86.1613,-0.0360977,18.6618,-0.00979171,2.35504,-0.643701,14.9574,-0.0360977,7.41601,-0.00979171,0.441213,-0.933248,6.19672,-0.0360977,4.71575,-0.00979171,0.000360174,-0.999946,0.153098,-0.946173,0.712442,-0.600543,1.96006,1.4929,1.21779,4.87083e-05
1957-01-31,scv,60.42,-0.0825354,88.5504,-0.0412385,18.9429,-0.0202333,2.47852,-0.622799,15.3721,-0.0412385,7.52772,-0.0202333,0.464346,-0.929332,6.36855,-0.0412385,4.78679,-0.0202333,0.000379058,-0.999942,0.157343,-0.944554,0.723174,-0.59419,1.96795,1.50151,1.22674,4.87083e-05
1957-02-28,scv,55.6133,-0.196298,85.1374,-0.10138,18.5974,-0.0507057,2.28134,-0.663544,14.7796,-0.10138,7.39042,-0.0507057,0.427405,-0.936966,6.12309,-0.10138,4.69948,-0.0507057,0.000348902,-0.999949,0.151279,-0.947478,0.709984,-0.604316,1.97505,1.50936,1.23496,4.87083e-05
1957-03-31,scv,58.9809,-0.1274,87.7879,-0.0623812,18.9055,-0.0295025,2.41948,-0.634702,15.2398,-0.0623812,7.51286,-0.0295025,0.453286,-0.931562,6.31371,-0.0623812,4.77734,-0.0295025,0.000370029,-0.999944,0.155988,-0.945199,0.721747,-0.595478,1.96213,1.49562,1.22088,4.87083e-05
1957-04-30,scv,62.5011,-0.0895863,90.4836,-0.0414493,19.2147,-0.0177985,2.56389,-0.618872,15.7077,-0.0414493,7.63575,-0.0177985,0.480341,-0.928596,6.50758,-0.0414493,4.85548,-0.0177985,0.000392114,-0.999942,0.160778,-0.943976,0.733552,-0.5906,1.9705,1.50477,1.23035,4.87083e-05
1957-05-31,scv,65.3081,-0.031698,92.6134,-0.0156102,19.4619,-0.00752036,2.67903,-0.591833,16.0775,-0.0156102,7.73398,-0.00752036,0.501913,-0.92353,6.66076,-0.0156102,4.91794,-0.00752036,0.000409724,-0.999938,0.164563,-0.941949,0.742989,-0.582803,1.97878,1.51377,1.23969,4.87083e-05
1957-06-30,scv,66.3759,-0.0464519,93.4858,-0.0231961,19.5742,-0.0114034,2.72284,-0.581192,16.2289,-0.0231961,7.77861,-0.0114034,0.510119,-0.921537,6.7235,-0.0231961,4.94633,-0.0114034,0.000416423,-0.999936,0.166113,-0.941105,0.747277,-0.57919,1.98492,1.52048,1.24669,4.87083e-05
1957-07-31,scv,66.8653,-0.0497646,93.9559,-0.0245602,19.6462,-0.0118245,2.74291,-0.56995,16.3105,-0.0245602,7.8072,-0.0118245,0.513881,-0.919431,6.75731,-0.0245602,4.96451,-0.0118245,0.000419494,-0.999934,0.166948,-0.940256,0.750023,-0.575823,1.98699,1.52278,1.24907,4.87083e-05
1957-08-31,scv,57.2398,-0.209313,87.1119,-0.108606,18.9425,-0.0542233,2.34806,-0.642157,15.1224,-0.108606,7.52758,-0.0542233,0.439906,-0.932959,6.26509,-0.108606,4.7867,-0.0542233,0.000359107,-0.999945,0.154787,-0.945343,0.723161,-0.593388,1.9877,1.52356,1.24994,4.87083e-05
1957-09-30,scv,49.1867,-0.298443,80.9274,-0.158357,18.2813,-0.0797307,2.01771,-0.682495,14.0488,-0.158357,7.2648,-0.0797307,0.378015,-0.940516,5.8203,-0.158357,4.6196,-0.0797307,0.000308584,-0.999951,0.143798,-0.948394,0.697916,-0.604354,1.96397,1.49809,1.22372,4.87083e-05
1957-10-31,scv,38.0872,-0.510739,71.6233,-0.294001,17.2375,-0.155629,1.56239,-0.778574,12.4336,-0.294001,6.85002,-0.155629,0.292712,-0.958516,5.15115,-0.294001,4.35584,-0.155629,0.000238948,-0.999966,0.127266,-0.956711,0.658068,-0.636985,1.94086,1.47325,1.1982,4.87083e-05
1957-11-30,scv,38.9715,-0.492447,72.636,-0.278921,17.3825,-0.145447,1.59867,-0.770295,12.6094,-0.278921,6.90762,-0.145447,0.299508,-0.956965,5.22398,-0.278921,4.39248,-0.145447,0.000244496,-0.999965,0.129065,-0.955786,0.663603,-0.632607,1.9014,1.43147,1.1556,4.87083e-05
1957-12-31,scv,32.7121,-0.544589,66.6846,-0.314815,16.6768,-0.165491,1.3419,-0.793893,11.5763,-0.314815,6.6272,-0.165491,0.251402,-0.961386,4.79596,-0.314815,4.21416,-0.165491,0.000205226,-0.999968,0.11849,-0.957987,0.636663,-0.641224,1.90418,1.43485,1.15929,4.87083e-05
1958-01-31,scv,44.4085,-0.497279,77.9009,-0.279534,18.0517,-0.144038,1.8217,-0.772482,13.5234,-0.279534,7.17357,-0.144038,0.341294,-0.957375,5.60264,-0.279534,4.56159,-0.144038,0.000278607,-0.999965,0.13842,-0.955824,0.689152,-0.632001,1.87761,1.40622,1.12986,4.87083e-05
1958-02-28,scv,43.6046,-0.384472,77.3016,-0.20026,18.0019,-0.0961695,1.78873,-0.721429,13.4194,-0.20026,7.1538,-0.0961695,0.335115,-0.94781,5.55953,-0.20026,4.54902,-0.0961695,0.000273563,-0.999957,0.137355,-0.950963,0.687253,-0.611421,1.92238,1.45512,1.1806,4.87083e-05
1958-03-31,scv,47.4231,-0.371202,80.6434,-0.191488,18.3886,-0.0910687,1.94537,-0.715423,13.9995,-0.191488,7.30744,-0.0910687,0.364461,-0.946685,5.79987,-0.191488,4.64672,-0.0910687,0.000297519,-0.999956,0.143293,-0.950425,0.702013,-0.609228,1.91927,1.45186,1.17727,4.87083e-05
1958-04-30,scv,53.2484,-0.340349,85.49,-0.171563,18.9351,-0.0798456,2.18433,-0.70146,14.8408,-0.171563,7.52464,-0.0798456,0.409231,-0.944069,6.14844,-0.171563,4.78483,-0.0798456,0.000334065,-0.999954,0.151905,-0.949203,0.722879,-0.604403,1.93163,1.46534,1.19126,4.87083e-05
1958-05-31,scv,59.603,-0.235247,90.5738,-0.107615,19.5122,-0.0448515,2.445,-0.653894,15.7234,-0.107615,7.75396,-0.0448515,0.458068,-0.935158,6.51407,-0.107615,4.93065,-0.0448515,0.000373932,-0.999947,0.160938,-0.945282,0.744908,-0.589358,1.94871,1.48394,1.21056,4.87083e-05
1958-06-30,scv,64.5914,-0.14026,94.3199,-0.0525404,19.9133,-0.0147477,2.64963,-0.610906,16.3737,-0.0525404,7.91335,-0.0147477,0.496405,-0.927104,6.78349,-0.0525404,5.03201,-0.0147477,0.000405228,-0.99994,0.167595,-0.941905,0.760221,-0.576416,1.96504,1.50171,1.22894,4.87083e-05
1958-07-31,scv,78.0403,-0.0800478,103.766,-0.019275,20.8913,-0.00850947,3.20133,-0.583655,18.0135,-0.019275,8.30199,-0.00850947,0.599764,-0.921998,7.46286,-0.019275,5.27914,-0.00850947,0.000489603,-0.999936,0.184379,-0.939866,0.797557,-0.568973,1.97682,1.51455,1.24227,4.87083e-05
1958-08-31,scv,84.9016,-0.0472472,108.336,-0.0237662,21.3515,-0.0119188,3.48279,-0.489799,18.8069,-0.0237662,8.48488,-0.0119188,0.652496,-0.904415,7.79153,-0.0237662,5.39544,-0.0119188,0.000532649,-0.999922,0.1925,-0.933373,0.815127,-0.5462,2.00457,1.54483,1.27369,4.87083e-05
1958-09-30,scv,103.919,-0.0112984,120.061,-0.00559919,22.5045,-0.0027496,4.26291,-0.435285,20.8423,-0.00559919,8.9431,-0.0027496,0.798651,-0.894202,8.63478,-0.00559919,5.68681,-0.0027496,0.000651959,-0.999914,0.213333,-0.92984,0.859147,-0.534188,2.0168,1.55823,1.28767,4.87083e-05
1958-10-31,scv,112.146,-0.0764112,125.024,-0.0384849,22.9987,-0.0192373,4.6004,-0.345053,21.7039,-0.0384849,9.13947,-0.0192373,0.861879,-0.877297,8.99175,-0.0384849,5.81168,-0.0192373,0.000703574,-0.9999,0.222153,-0.924248,0.878012,-0.515118,2.04611,1.59011,1.32069,0.0147984
1958-11-30,scv,124.49,-0.0865663,132.071,-0.0434529,23.6695,-0.0216565,5.10675,-0.27512,22.9272,-0.0434529,9.40603,-0.0216565,0.956743,-0.864195,9.49857,-0.0434529,5.98118,-0.0216565,0.000781013,-0.999889,0.234674,-0.920201,0.90362,-0.501926,2.05662,1.60179,1.33295,0.029657
1958-12-31,scv,137.63,-0.024219,139.076,-0.0119422,24.3173,-0.00577929,5.64578,-0.201429,24.1432,-0.0119422,9.66348,-0.00577929,1.05773,-0.850389,10.0023,-0.0119422,6.14489,-0.00577929,0.00086345,-0.999878,0.24712,-0.916015,0.928353,-0.488315,2.07124,1.61795,1.34985,0.0502671
1959-01-31,scv,159.054,-0.0594084,149.833,-0.0296357,25.2739,-0.0146128,6.52463,-0.105752,26.0107,-0.0296357,10.0436,-0.0146128,1.22238,-0.832464,10.776,-0.0296357,6.38661,-0.0146128,0.00099786,-0.999863,0.266235,-0.910967,0.964871,-0.472472,2.08558,1.63354,1.36602,0.0690832
1959-02-28,scv,171.325,-0.0960692,155.81,-0.0478948,25.804,-0.0234206,7.02799,-0.0960692,27.0482,-0.0478948,10.2543,-0.0234206,1.31668,-0.821967,11.2059,-0.0478948,6.52057,-0.0234206,0.00107484,-0.999855,0.276855,-0.908001,0.98511,-0.462977,2.10617,1.65607,1.38944,0.0966681
1959-03-31,scv,178.753,-0.0613477,159.429,-0.0305979,26.1338,-0.0150175,7.3327,-0.0613477,27.6764,-0.0305979,10.3853,-0.0150175,1.37377,-0.79056,11.4661,-0.0305979,6.60392,-0.0150175,0.00112144,-0.999829,0.283285,-0.90008,0.997701,-0.43985,2.11647,1.66743,1.40132,0.110962
1959-04-30,scv,188.419,-0.060471,163.925,-0.0300968,26.5315,-0.0147137,7.72921,-0.060471,28.4569,-0.0300968,10.5434,-0.0147137,1.44806,-0.782145,11.7895,-0.0300968,6.70439,-0.0147137,0.00118209,-0.999822,0.291273,-0.897916,1.01288,-0.433124,2.12219,1.67375,1.40792,0.119003
1959-05-31,scv,194.424,-0.0835598,166.816,-0.0414825,26.7975,-0.0201028,7.97558,-0.0835598,28.9588,-0.0414825,10.6491,-0.0201028,1.49421,-0.781482,11.9974,-0.0414825,6.77161,-0.0201028,0.00121976,-0.999822,0.29641,-0.897553,1.02304,-0.431276,2.12946,1.68166,1.41617,0.128712
1959-06-30,scv,203.036,-0.114287,170.859,-0.0577894,27.1581,-0.0286095,8.32883,-0.114287,29.6606,-0.0577894,10.7924,-0.0286095,1.56039,-0.788028,12.2881,-0.0577894,6.86276,-0.0286095,0.00127379,-0.999827,0.303594,-0.898894,1.03681,-0.434235,2.13351,1.68623,1.42096,0.134685
1959-07-31,scv,222.596,-0.0242661,179.159,-0.0120284,27.8431,-0.00587555,9.13123,-0.0242661,31.1015,-0.0120284,11.0646,-0.00587555,1.71072,-0.747051,12.8851,-0.0120284,7.03583,-0.00587555,0.00139651,-0.999794,0.318343,-0.889381,1.06295,-0.407631,2.13916,1.69259,1.42766,0.143184
1959-08-31,scv,209.087,-0.117652,174.049,-0.0590669,27.4809,-0.02914,8.57705,-0.117652,30.2145,-0.0590669,10.9206,-0.02914,1.6069,-0.757836,12.5176,-0.0590669,6.94431,-0.02914,0.00131175,-0.999802,0.309264,-0.891428,1.04913,-0.411937,2.15218,1.70672,1.44235,0.160229
1959-09-30,scv,184.314,-0.277685,163.929,-0.146357,26.712,-0.0738495,7.56084,-0.277685,28.4577,-0.146357,10.6151,-0.0738495,1.41651,-0.801757,11.7898,-0.146357,6.75002,-0.0738495,0.00115633,-0.999838,0.291282,-0.9015,1.01977,-0.439018,2.1423,1.69632,1.43174,0.149007
1959-10-31,scv,189.943,-0.181932,166.674,-0.0895298,26.9675,-0.0421969,7.79174,-0.181932,28.9342,-0.0895298,10.7166,-0.0421969,1.45977,-0.775478,11.9872,-0.0895298,6.81458,-0.0421969,0.00119165,-0.999817,0.296159,-0.894943,1.02953,-0.419845,2.1229,1.67576,1.41079,0.126477
1959-11-30,scv,192.574,-0.189919,168.046,-0.0929366,27.1065,-0.0431044,7.89965,-0.189919,29.1724,-0.0929366,10.7719,-0.0431044,1.47999,-0.77767,12.0859,-0.0929366,6.84972,-0.0431044,0.00120815,-0.999819,0.298598,-0.895336,1.03484,-0.420395,2.12683,1.68009,1.4153,0.131968
1959-12-31,scv,202.456,-0.146027,172.729,-0.0679675,27.544,-0.029399,8.30505,-0.146027,29.9854,-0.0679675,10.9457,-0.029399,1.55594,-0.765623,12.4227,-0.0679675,6.96025,-0.029399,0.00127015,-0.999809,0.306918,-0.892455,1.05153,-0.412094,2.12848,1.68193,1.41727,0.134444
1960-01-31,scv,184.36,-0.18209,165.312,-0.0831166,27.0062,-0.0337267,7.5627,-0.18209,28.6977,-0.0831166,10.732,-0.0337267,1.41686,-0.775521,11.8892,-0.0831166,6.82436,-0.0337267,0.00115662,-0.999817,0.293739,-0.894203,1.03101,-0.414381,2.13504,1.68909,1.4247,0.143156
1960-02-29,scv,186.67,-0.228958,166.666,-0.108706,27.15,-0.046592,7.65749,-0.228958,28.9328,-0.108706,10.7892,-0.046592,1.43462,-0.788384,11.9866,-0.108706,6.8607,-0.046592,0.00117112,-0.999827,0.296144,-0.897156,1.0365,-0.422179,2.1205,1.67355,1.40875,0.125532
1960-03-31,scv,165.966,-0.311503,157.728,-0.155883,26.4818,-0.0709564,6.80816,-0.311503,27.3813,-0.155883,10.5236,-0.0709564,1.2755,-0.811039,11.3438,-0.155883,6.69184,-0.0709564,0.00104122,-0.999846,0.280264,-0.9026,1.01098,-0.436945,2.12176,1.67508,1.41047,0.128128
1960-04-30,scv,151.981,-0.325739,151.139,-0.161724,25.9509,-0.0714868,6.23448,-0.325739,26.2374,-0.161724,10.3126,-0.0714868,1.16802,-0.814946,10.8699,-0.161724,6.55768,-0.0714868,0.000953485,-0.999849,0.268556,-0.903273,0.990715,-0.437266,2.1035,1.65564,1.39054,0.106257
1960-05-31,scv,162.265,-0.344979,156.431,-0.173642,26.4331,-0.0780409,6.65634,-0.344979,27.156,-0.173642,10.5043,-0.0780409,1.24705,-0.820227,11.2505,-0.173642,6.67954,-0.0780409,0.001018,-0.999853,0.277958,-0.904649,1.00913,-0.441238,2.09022,1.64141,1.37585,0.0897218
1960-06-30,scv,168.629,-0.283845,159.705,-0.13458,26.7403,-0.0553863,6.91742,-0.283845,27.7245,-0.13458,10.6264,-0.0553863,1.29597,-0.803448,11.486,-0.13458,6.75717,-0.0553863,0.00105793,-0.99984,0.283777,-0.900141,1.02085,-0.427508,2.0993,1.65132,1.38617,0.101981
1960-07-31,scv,161.381,-0.33088,156.525,-0.161065,26.5048,-0.0679212,6.6201,-0.33088,27.1723,-0.161065,10.5328,-0.0679212,1.24027,-0.816357,11.2573,-0.161065,6.69767,-0.0679212,0.00101246,-0.99985,0.278125,-0.903198,1.01186,-0.435105,2.1045,1.65702,1.39207,0.108974
1960-08-31,scv,179.825,-0.307692,165.498,-0.146131,27.2886,-0.0593403,7.37669,-0.307692,28.73,-0.146131,10.8442,-0.0593403,1.38201,-0.809993,11.9026,-0.146131,6.89572,-0.0593403,0.00112817,-0.999845,0.294069,-0.901474,1.04179,-0.429905,2.09753,1.64966,1.38461,0.101036
1960-09-30,scv,150.126,-0.36846,151.638,-0.181354,26.1597,-0.0767251,6.15837,-0.36846,26.324,-0.181354,10.3956,-0.0767251,1.15376,-0.826671,10.9058,-0.181354,6.61045,-0.0767251,0.000941846,-0.999859,0.269442,-0.905539,0.998688,-0.440441,2.11282,1.66629,1.40187,0.12109
1960-10-31,scv,137.885,-0.402416,145.604,-0.202097,25.6665,-0.0873989,5.65625,-0.402416,25.2766,-0.202097,10.1996,-0.0873989,1.05969,-0.83599,10.4719,-0.202097,6.48582,-0.0873989,0.000865052,-0.999866,0.258721,-0.907932,0.979859,-0.44691,2.0857,1.63731,1.37211,0.088266
1960-11-30,scv,149.441,-0.38073,151.805,-0.187401,26.2365,-0.0787616,6.1303,-0.38073,26.3529,-0.187401,10.4262,-0.0787616,1.1485,-0.830039,10.9178,-0.187401,6.62987,-0.0787616,0.000937552,-0.999861,0.269738,-0.906236,1.00162,-0.441675,2.07274,1.62344,1.35791,0.0726538
1960-12-31,scv,158.895,-0.345786,156.739,-0.163566,26.6894,-0.0643035,6.51812,-0.345786,27.2096,-0.163566,10.6061,-0.0643035,1.22116,-0.820448,11.2727,-0.163566,6.7443,-0.0643035,0.000996865,-0.999853,0.278506,-0.903486,1.01891,-0.432913,2.08405,1.63578,1.37073,0.0876071
1961-01-31,scv,203.746,-0.29264,177.859,-0.129125,28.4681,-0.0441714,8.35795,-0.29264,30.8758,-0.129125,11.3129,-0.0441714,1.56585,-0.805862,12.7916,-0.129125,7.19376,-0.0441714,0.00127824,-0.999842,0.316033,-0.899512,1.08681,-0.420712,2.0926,1.6451,1.38036,0.0988004
1961-02-28,scv,247.845,-0.0826756,196.473,-0.00992852,29.9538,-0.00486921,10.167,-0.0826756,34.1073,-0.00992852,11.9034,-0.00486921,1.90476,-0.748236,14.1304,-0.00992852,7.56922,-0.00486921,0.00155491,-0.999794,0.349109,-0.885323,1.14354,-0.380346,2.12817,1.68375,1.42045,0.145316
1961-03-31,scv,288.378,-0.0266597,212.268,-0.0132573,31.1726,-0.00653552,11.8297,-0.0266597,36.8491,-0.0132573,12.3877,-0.00653552,2.21628,-0.699449,15.2663,-0.0132573,7.8772,-0.00653552,0.0018092,-0.999755,0.377173,-0.87451,1.19006,-0.351076,2.15616,1.71413,1.45189,0.181665
1961-04-30,scv,306.098,-0.0719044,219.213,-0.0359022,31.721,-0.0179011,12.5566,-0.0719044,38.0548,-0.0359022,12.6056,-0.0179011,2.35246,-0.649677,15.7658,-0.0359022,8.01576,-0.0179011,0.00192037,-0.999714,0.389514,-0.864056,1.211,-0.323079,2.17767,1.73743,1.47604,0.209611
1961-05-31,scv,346.863,-0.0335391,233.725,-0.0167196,32.793,-0.00830978,14.2288,-0.0335391,40.5741,-0.0167196,13.0316,-0.00830978,2.66575,-0.62943,16.8095,-0.0167196,8.28666,-0.00830978,0.00217612,-0.999697,0.415301,-0.860103,1.25193,-0.313079,2.18556,1.74624,1.4853,0.221091
1961-06-30,scv,294.911,-0.184692,215.925,-0.0949337,31.5606,-0.04713,12.0977,-0.184692,37.484,-0.0949337,12.5419,-0.04713,2.26648,-0.651667,15.5293,-0.0949337,7.97523,-0.04713,0.00185019,-0.999716,0.383671,-0.863924,1.20487,-0.320982,2.20319,1.76538,1.50516,0.244131
1961-07-31,scv,304.433,-0.193393,219.753,-0.0986565,31.8764,-0.0482259,12.4883,-0.193393,38.1486,-0.0986565,12.6674,-0.0482259,2.33966,-0.655384,15.8046,-0.0986565,8.05505,-0.0482259,0.00190993,-0.999719,0.390474,-0.864483,1.21693,-0.321763,2.17908,1.73954,1.47855,0.214293
1961-08-31,scv,312.323,-0.128838,222.904,-0.06159,32.1435,-0.0275166,12.812,-0.128838,38.6956,-0.06159,12.7735,-0.0275166,2.4003,-0.627803,16.0313,-0.06159,8.12252,-0.0275166,0.00195943,-0.999696,0.396073,-0.858911,1.22713,-0.307006,2.1832,1.74408,1.48333,0.220191
1961-09-30,scv,282.822,-0.21744,212.478,-0.109003,31.4196,-0.0511854,11.6018,-0.21744,36.8856,-0.109003,12.4859,-0.0511854,2.17357,-0.665658,15.2814,-0.109003,7.93961,-0.0511854,0.00177434,-0.999727,0.377547,-0.866039,1.19949,-0.323872,2.18646,1.7477,1.48707,0.224661
1961-10-31,scv,284.431,-0.207205,213.383,-0.102906,31.5236,-0.0476889,11.6678,-0.207205,37.0427,-0.102906,12.5272,-0.0476889,2.18594,-0.661285,15.3465,-0.102906,7.96588,-0.0476889,0.00178444,-0.999723,0.379155,-0.865122,1.20346,-0.321381,2.17158,1.73173,1.47069,0.20643
1961-11-30,scv,322.041,-0.185475,227.365,-0.0894697,32.5756,-0.0395043,13.2106,-0.185475,39.47,-0.0894697,12.9453,-0.0395043,2.47499,-0.652001,16.3521,-0.0894697,8.23174,-0.0395043,0.0020204,-0.999716,0.403999,-0.863102,1.24363,-0.315548,2.17199,1.73224,1.47124,0.207301
1961-12-31,scv,323.214,-0.0953668,228.056,-0.0383543,32.6595,-0.0111928,13.2587,-0.0953668,39.5899,-0.0383543,12.9786,-0.0111928,2.484,-0.613503,16.4018,-0.0383543,8.25293,-0.0111928,0.00202775,-0.999684,0.405227,-0.855417,1.24683,-0.295373,2.18952,1.75127,1.49095,0.230049
1962-01-31,scv,341.608,-0.0846148,234.889,-0.0316071,33.1879,-0.0134884,14.0133,-0.0846148,40.7761,-0.0316071,13.1886,-0.0134884,2.62536,-0.608909,16.8932,-0.0316071,8.38645,-0.0134884,0.00214315,-0.999681,0.417369,-0.854403,1.267,-0.292343,2.18969,1.75151,1.49122,0.230485
1962-02-28,scv,357.271,-0.0335421,240.485,-0.0167109,33.6143,-0.00822792,14.6558,-0.0335421,41.7475,-0.0167109,13.358,-0.00822792,2.74574,-0.582277,17.2957,-0.0167109,8.4942,-0.00822792,0.00224142,-0.999659,0.427311,-0.849346,1.28328,-0.279512,2.19714,1.75969,1.49974,0.240709
1962-03-31,scv,350.114,-0.0509443,238.388,-0.0251341,33.5064,-0.0121072,14.3622,-0.0509443,41.3835,-0.0251341,13.3151,-0.0121072,2.69074,-0.573696,17.1448,-0.0251341,8.46693,-0.0121072,0.00219652,-0.999652,0.423585,-0.847436,1.27916,-0.273428,2.20326,1.76632,1.50666,0.248722
1962-04-30,scv,284.634,-0.228443,215.43,-0.119017,31.894,-0.0596469,11.6761,-0.228443,37.3981,-0.119017,12.6744,-0.0596469,2.1875,-0.653426,15.4937,-0.119017,8.05948,-0.0596469,0.00178571,-0.999717,0.382792,-0.862128,1.2176,-0.308392,2.19996,1.76278,1.503,0.244761
1962-05-31,scv,209.943,-0.504563,186.702,-0.289025,29.7818,-0.15317,8.61219,-0.504563,32.411,-0.289025,11.835,-0.15317,1.61348,-0.777456,13.4276,-0.289025,7.52575,-0.15317,0.00131713,-0.999818,0.331746,-0.888734,1.13697,-0.377176,2.16932,1.72996,1.46928,0.20706
1962-06-30,scv,167.945,-0.598313,168.13,-0.354949,28.3319,-0.191279,6.88934,-0.598313,29.187,-0.354949,11.2588,-0.191279,1.29071,-0.819567,12.0919,-0.354949,7.15936,-0.191279,0.00105364,-0.999853,0.298746,-0.899051,1.08162,-0.405204,2.12251,1.68103,1.4197,0.155684
1962-07-31,scv,198.989,-0.530405,183.486,-0.301578,29.6401,-0.158027,8.16283,-0.530405,31.8527,-0.301578,11.7787,-0.158027,1.52929,-0.789064,13.1963,-0.301578,7.48994,-0.158027,0.0012484,-0.999828,0.326031,-0.890699,1.13156,-0.380748,2.08828,1.64522,1.38338,0.118104
1962-08-31,scv,212.161,-0.469975,189.794,-0.255969,30.1845,-0.129556,8.70316,-0.469975,32.9477,-0.255969,11.9951,-0.129556,1.63052,-0.761919,13.65,-0.255969,7.62751,-0.129556,0.00133104,-0.999806,0.33724,-0.883561,1.15234,-0.359809,2.11195,1.67112,1.41032,0.149833
1962-09-30,scv,177.025,-0.522442,173.668,-0.291545,28.9068,-0.148812,7.26184,-0.522442,30.1483,-0.291545,11.4873,-0.148812,1.3605,-0.785487,12.4902,-0.291545,7.30462,-0.148812,0.00111061,-0.999825,0.308586,-0.889129,1.10356,-0.373971,2.12069,1.68064,1.42026,0.161564
1962-10-31,scv,165.795,-0.597943,168.557,-0.348565,28.5234,-0.182802,6.80116,-0.597943,29.2611,-0.348565,11.3349,-0.182802,1.27419,-0.819401,12.1226,-0.348565,7.20775,-0.182802,0.00104015,-0.999853,0.299505,-0.898052,1.08893,-0.39897,2.09413,1.65207,1.39085,0.128564
1962-11-30,scv,237.756,-0.541913,202.389,-0.30402,31.2998,-0.154907,9.75309,-0.541913,35.1343,-0.30402,12.4382,-0.154907,1.82723,-0.794233,14.5559,-0.30402,7.90932,-0.154907,0.00149161,-0.999832,0.359621,-0.891081,1.19492,-0.378454,2.08381,1.64131,1.37998,0.117324
1962-12-31,scv,222.786,-0.412854,196.264,-0.209018,30.8592,-0.097154,9.13903,-0.412854,34.0709,-0.209018,12.2632,-0.097154,1.71218,-0.736261,14.1153,-0.209018,7.798,-0.097154,0.0013977,-0.999785,0.348736,-0.876213,1.1781,-0.335978,2.13487,1.69679,1.43744,0.183946
1963-01-31,scv,286.667,-0.386462,223.135,-0.190957,32.95,-0.0864605,11.7595,-0.386462,38.7357,-0.190957,13.094,-0.0864605,2.20313,-0.724406,16.0479,-0.190957,8.32634,-0.0864605,0.00179847,-0.999775,0.396484,-0.873387,1.25792,-0.328113,2.12501,1.6863,1.42669,0.172173
1963-02-28,scv,284.365,-0.229171,222.57,-0.0898186,32.944,-0.0288362,11.6651,-0.229171,38.6376,-0.0898186,13.0916,-0.0288362,2.18544,-0.653753,16.0072,-0.0898186,8.32482,-0.0288362,0.00178403,-0.999717,0.395479,-0.857559,1.25769,-0.285731,2.16051,1.72483,1.4666,0.218448
1963-03-31,scv,302.855,-0.238523,230.028,-0.0952944,33.5301,-0.0315614,12.4236,-0.238523,39.9323,-0.0952944,13.3245,-0.0315614,2.32754,-0.657954,16.5436,-0.0952944,8.47291,-0.0315614,0.00190003,-0.999721,0.408731,-0.858416,1.28006,-0.287736,2.15893,1.7232,1.465,0.216964
1963-04-30,scv,344.498,-0.167482,245.66,-0.0525965,34.6895,-0.00777671,14.1318,-0.167482,42.646,-0.0525965,13.7853,-0.00777671,2.64758,-0.626043,17.6679,-0.0525965,8.76591,-0.00777671,0.00216128,-0.999695,0.436508,-0.851734,1.32433,-0.270243,2.1675,1.73255,1.47469,0.228324
1963-05-31,scv,397.224,-0.0645755,264.165,-0.0093014,36.0148,-0.00445861,16.2947,-0.0645755,45.8584,-0.0093014,14.312,-0.00445861,3.05279,-0.579819,18.9988,-0.0093014,9.10081,-0.00445861,0.00249207,-0.999657,0.469389,-0.842613,1.37492,-0.247213,2.18556,1.7521,1.49491,0.251513
1963-06-30,scv,374.992,-0.0682709,257.038,-0.0343596,35.5651,-0.0171238,15.3827,-0.0682709,44.6211,-0.0343596,14.1333,-0.0171238,2.88193,-0.548347,18.4862,-0.0343596,8.98717,-0.0171238,0.00235259,-0.999631,0.456724,-0.836403,1.35776,-0.230946,2.20552,1.77365,1.51722,0.277149
1963-07-31,scv,361.536,-0.127634,252.774,-0.0644451,35.3116,-0.0316339,14.8307,-0.127634,43.8809,-0.0644451,14.0325,-0.0316339,2.77852,-0.577123,18.1795,-0.0644451,8.92311,-0.0316339,0.00226817,-0.999655,0.449148,-0.8415,1.34808,-0.2423,2.19683,1.7644,1.50768,0.266592
1963-08-31,scv,420.994,-0.096833,273.167,-0.0476934,36.7521,-0.0226489,17.2698,-0.096833,47.4211,-0.0476934,14.605,-0.0226489,3.23547,-0.562192,19.6462,-0.0476934,9.28712,-0.0226489,0.0026412,-0.999643,0.485384,-0.838662,1.40307,-0.235269,2.19117,1.75836,1.50151,0.259841
1963-09-30,scv,395.668,-0.0834849,265.187,-0.0415221,36.251,-0.0200726,16.2309,-0.0834849,46.0359,-0.0415221,14.4058,-0.0200726,3.04083,-0.518229,19.0723,-0.0415221,9.16048,-0.0200726,0.00248231,-0.999607,0.471205,-0.830284,1.38394,-0.213912,2.21249,1.78142,1.52538,0.287248
1963-10-31,scv,423.825,-0.0630093,274.871,-0.0307677,36.9526,-0.014526,17.3859,-0.0630093,47.717,-0.0307677,14.6846,-0.014526,3.25723,-0.507466,19.7688,-0.0307677,9.33778,-0.014526,0.00265896,-0.999598,0.488412,-0.82838,1.41073,-0.209463,2.20319,1.77147,1.51514,0.275842
1963-11-30,scv,414.638,-0.164862,273.047,-0.0841018,36.919,-0.0418068,17.0091,-0.164862,47.4002,-0.0841018,14.6713,-0.0418068,3.18663,-0.558866,19.6375,-0.0841018,9.32928,-0.0418068,0.00260132,-0.99964,0.48517,-0.836879,1.40944,-0.226957,2.21256,1.78166,1.5257,0.288102
1963-12-31,scv,414.879,-0.088506,273.478,-0.0409767,36.9892,-0.0181338,17.019,-0.088506,47.4752,-0.0409767,14.6992,-0.0181338,3.18848,-0.518533,19.6686,-0.0409767,9.34703,-0.0181338,0.00260283,-0.999607,0.485937,-0.829198,1.41212,-0.207858,2.2081,1.7773,1.52149,0.284921
1964-01-31,scv,460.253,-0.0316369,288.532,-0.0156738,38.0411,-0.00765075,18.8803,-0.0316369,50.0885,-0.0156738,15.1172,-0.00765075,3.53719,-0.471333,20.7512,-0.0156738,9.61284,-0.00765075,0.0028875,-0.999568,0.512686,-0.820898,1.45228,-0.188514,2.20783,1.77703,1.52123,0.284772
1964-02-29,scv,513.934,-0.0394405,305.247,-0.0194882,39.1667,-0.00942358,21.0823,-0.0394405,52.9902,-0.0194882,15.5645,-0.00942358,3.94975,-0.445086,21.9534,-0.0194882,9.89727,-0.00942358,0.00322428,-0.999547,0.542386,-0.816231,1.49525,-0.176993,2.2221,1.79254,1.53732,0.303491
1964-03-31,scv,588.361,-0.0136555,327.059,-0.00673932,40.5881,-0.00327256,24.1355,-0.0136555,56.7767,-0.00673932,16.1293,-0.00327256,4.52174,-0.376704,23.5221,-0.00673932,10.2564,-0.00327256,0.00369121,-0.999491,0.581144,-0.805,1.54951,-0.151322,2.23747,1.80915,1.55451,0.323207
1964-04-30,scv,561.931,-0.10982,320.187,-0.0554153,40.21,-0.0273121,23.0512,-0.10982,55.5837,-0.0554153,15.9791,-0.0273121,4.31862,-0.315785,23.0279,-0.0554153,10.1609,-0.0273121,0.0035254,-0.999441,0.568933,-0.795086,1.53508,-0.128062,2.25631,1.82952,1.57556,0.347387
1964-05-31,scv,591.954,-0.0877058,329.048,-0.043635,40.8062,-0.0211981,24.2828,-0.0877058,57.1219,-0.043635,16.216,-0.0211981,4.54935,-0.298787,23.6651,-0.043635,10.3116,-0.0211981,0.00371375,-0.999428,0.584678,-0.79253,1.55784,-0.122581,2.24922,1.82202,1.5679,0.33906
1964-06-30,scv,622.857,-0.122126,338.061,-0.060402,41.4117,-0.0286051,25.5505,-0.122126,58.6865,-0.060402,16.4566,-0.0286051,4.78685,-0.325243,24.3133,-0.060402,10.4646,-0.0286051,0.00390763,-0.999449,0.600692,-0.796167,1.58096,-0.129221,2.25622,1.82961,1.57579,0.348241
1964-07-31,scv,665.992,-0.0193273,350.005,-0.00954243,42.1848,-0.00462841,27.32,-0.0193273,60.7599,-0.00954243,16.7638,-0.00462841,5.11836,-0.227819,25.1723,-0.00954243,10.6599,-0.00462841,0.00417825,-0.99937,0.621914,-0.78167,1.61047,-0.097857,2.26299,1.83697,1.58346,0.357245
1964-08-31,scv,639.373,-0.0708952,343.426,-0.0354059,41.8342,-0.0173182,26.228,-0.0708952,59.6178,-0.0354059,16.6245,-0.0173182,4.91378,-0.238949,24.6992,-0.0354059,10.5713,-0.0173182,0.00401124,-0.999379,0.610225,-0.782914,1.59709,-0.0992399,2.27214,1.84688,1.59365,0.369018
1964-09-30,scv,702.348,-0.030726,360.385,-0.0136675,42.9016,-0.00535667,28.8113,-0.030726,62.5619,-0.0136675,17.0487,-0.00535667,5.39776,-0.206046,25.9189,-0.0136675,10.8411,-0.00535667,0.00440633,-0.999352,0.640359,-0.778022,1.63784,-0.0882755,2.26593,1.84023,1.58685,0.361469
1964-10-31,scv,745.06,-0.029925,371.733,-0.0149125,43.624,-0.00740625,30.5634,-0.029925,64.5318,-0.0149125,17.3358,-0.00740625,5.72602,-0.143537,26.735,-0.0149125,11.0236,-0.00740625,0.00467429,-0.999301,0.660523,-0.769176,1.66542,-0.0692792,2.27891,1.85426,1.60135,0.378125
1964-11-30,scv,739.505,-0.0452572,371.116,-0.022015,43.6726,-0.0102538,30.3356,-0.0452572,64.4247,-0.022015,17.3551,-0.0102538,5.68333,-0.118734,26.6906,-0.022015,11.0359,-0.0102538,0.00463945,-0.999281,0.659426,-0.765371,1.66727,-0.0599872,2.2868,1.86285,1.61026,0.388539
1964-12-31,scv,706.2,-0.107209,363.231,-0.0538299,43.2588,-0.0264588,28.9694,-0.107209,63.056,-0.0538299,17.1906,-0.0264588,5.42737,-0.17253,26.1236,-0.0538299,10.9313,-0.0264588,0.0044305,-0.999325,0.645416,-0.772114,1.65147,-0.0717681,2.28515,1.86108,1.60846,0.386601
1965-01-31,scv,841.555,-0.0672486,397.033,-0.0321857,45.2755,-0.0147648,34.5218,-0.0672486,68.9239,-0.0321857,17.9921,-0.0147648,6.46762,-0.135492,28.5546,-0.0321857,11.4409,-0.0147648,0.00527968,-0.999294,0.705478,-0.766901,1.72847,-0.0606183,2.27813,1.85363,1.60079,0.378171
1965-02-28,scv,937.332,-0.0416939,419.985,-0.0207594,46.6592,-0.0102078,38.4507,-0.0416939,72.9083,-0.0207594,18.5419,-0.0102078,7.20369,-0.0416939,30.2053,-0.0207594,11.7906,-0.0102078,0.00588055,-0.999177,0.746261,-0.747631,1.78129,-0.0206437,2.30261,1.88004,1.62813,0.409447
1965-03-31,scv,968.919,-0.0329891,428.055,-0.0162797,47.2156,-0.00786116,39.7465,-0.0329891,74.3092,-0.0162797,18.7631,-0.00786116,7.44645,-0.0329891,30.7857,-0.0162797,11.9312,-0.00786116,0.00607873,-0.999063,0.7606,-0.730378,1.80253,-0.00786116,2.3172,1.89585,1.64447,0.428332
1965-04-30,scv,1113.84,-0.0168249,459.534,-0.00783312,48.975,-0.00335896,45.6915,-0.0168249,79.7739,-0.00783312,19.4622,-0.00335896,8.56025,-0.0168249,33.0497,-0.00783312,12.3758,-0.00335896,0.00698795,-0.999033,0.816534,-0.725453,1.8697,-0.00335896,2.32116,1.90014,1.64891,0.433507
1965-05-31,scv,1064.95,-0.0784949,450.387,-0.0392435,48.5863,-0.0191718,43.6857,-0.0784949,78.1861,-0.0392435,19.3078,-0.0191718,8.18446,-0.0784949,32.3919,-0.0392435,12.2776,-0.0191718,0.00668118,-0.998958,0.800282,-0.714003,1.85486,-0.0191718,2.34051,1.921,1.67049,0.458244
1965-06-30,scv,814.252,-0.343919,396.225,-0.185127,45.7156,-0.0940565,33.4018,-0.343919,68.7836,-0.185127,18.167,-0.0940565,6.25778,-0.343919,28.4965,-0.185127,11.5522,-0.0940565,0.00510839,-0.999258,0.704042,-0.75743,1.74527,-0.0940565,2.33346,1.9135,1.6628,0.449624
1965-07-31,scv,906.369,-0.267132,418.796,-0.137764,47.0581,-0.0677162,37.1806,-0.267132,72.702,-0.137764,18.7004,-0.0677162,6.96573,-0.267132,30.1198,-0.137764,11.8914,-0.0677162,0.0056863,-0.999171,0.744149,-0.743331,1.79652,-0.0677162,2.29341,1.87109,1.61944,0.402695
1965-08-31,scv,1035.34,-0.198171,448.198,-0.09653,48.7383,-0.0445157,42.4714,-0.198171,77.8061,-0.09653,19.3681,-0.0445157,7.95695,-0.198171,32.2344,-0.09653,12.316,-0.0445157,0.00649546,-0.999093,0.796392,-0.731056,1.86066,-0.0445157,2.308,1.88692,1.63585,0.421872
1965-09-30,scv,1144.12,-0.0936823,471.852,-0.0381913,50.0657,-0.0130086,46.9337,-0.0936823,81.9123,-0.0381913,19.8957,-0.0130086,8.79296,-0.0936823,33.9356,-0.0381913,12.6514,-0.0130086,0.00717792,-0.998975,0.838422,-0.71369,1.91134,-0.0130086,2.32638,1.90677,1.65639,0.445377
1965-10-31,scv,1351.86,-0.0263358,513.738,-0.0131068,52.3032,-0.00646315,55.4552,-0.0263358,89.1836,-0.0131068,20.7848,-0.00646315,10.3894,-0.0263358,36.948,-0.0131068,13.2168,-0.00646315,0.00848117,-0.998857,0.912848,-0.697237,1.99676,-0.00646315,2.34004,1.92151,1.67166,0.463075
1965-11-30,scv,1524.76,-0.0148125,546.861,-0.00730625,54.0751,-0.00355313,62.548,-0.0148125,94.9337,-0.00730625,21.4889,-0.00355313,11.7183,-0.0148125,39.3303,-0.00730625,13.6646,-0.00355313,0.00956593,-0.998658,0.971704,-0.671425,2.0644,-0.00355313,2.36302,1.9464,1.69742,0.492718
1965-12-31,scv,1721.77,-0.0528739,582.947,-0.0260245,55.967,-0.0124586,70.6295,-0.0528739,101.198,-0.0260245,22.2408,-0.0124586,13.2323,-0.0528739,41.9256,-0.0260245,14.1426,-0.0124586,0.0108019,-0.998514,1.03582,-0.653241,2.13663,-0.0124586,2.3793,1.96397,1.71558,0.513603
1966-01-31,scv,2052.22,-0.0139785,638.014,-0.00688924,58.6794,-0.00334462,84.1853,-0.0139785,110.758,-0.00688924,23.3186,-0.00334462,15.772,-0.0139785,45.8859,-0.00688924,14.828,-0.00334462,0.0128751,-0.998269,1.13367,-0.624774,2.24018,-0.00334462,2.39537,1.98145,1.73374,0.534843
1966-02-28,scv,2232.16,-0.0647682,667.279,-0.0323674,60.1381,-0.0160295,91.5666,-0.0647682,115.838,-0.0323674,23.8983,-0.0160295,17.1549,-0.0647682,47.9907,-0.0323674,15.1967,-0.0160295,0.014004,-0.998065,1.18567,-0.602157,2.29587,-0.0160295,2.41931,2.00724,1.7604,0.56546
1966-03-31,scv,2065.08,-0.168093,644.894,-0.0853008,59.2932,-0.0421345,84.7126,-0.168093,111.952,-0.0853008,23.5626,-0.0421345,15.8708,-0.168093,46.3808,-0.0853008,14.9832,-0.0421345,0.0129557,-0.998154,1.1459,-0.60938,2.26361,-0.0421345,2.43019,2.01911,1.77275,0.580075
1966-04-30,scv,2425.03,-0.0533194,700.739,-0.0251612,61.9421,-0.0121478,99.4785,-0.0533194,121.647,-0.0251612,24.6152,-0.0121478,18.6371,-0.0533194,50.3972,-0.0251612,15.6525,-0.0121478,0.015214,-0.9979,1.24513,-0.582435,2.36474,-0.0121478,2.41759,2.006,1.75952,0.566527
1966-05-31,scv,1751.52,-0.407606,600.051,-0.225779,57.517,-0.117643,71.8499,-0.407606,104.167,-0.225779,22.8567,-0.117643,13.461,-0.407606,43.1557,-0.225779,14.5343,-0.117643,0.0109885,-0.998508,1.06622,-0.645331,2.1958,-0.117643,2.43925,2.02943,1.78375,0.594547
1966-06-30,scv,1732.92,-0.343691,598.887,-0.182571,57.605,-0.091698,71.0871,-0.343691,103.965,-0.182571,22.8917,-0.091698,13.3181,-0.343691,43.072,-0.182571,14.5565,-0.091698,0.0108719,-0.998347,1.06415,-0.625537,2.19916,-0.091698,2.39084,1.97835,1.73165,0.538534
1966-07-31,scv,1681.38,-0.339625,591.635,-0.175744,57.3826,-0.0843903,68.9728,-0.339625,102.706,-0.175744,22.8033,-0.0843903,12.922,-0.339625,42.5504,-0.175744,14.5004,-0.0843903,0.0105485,-0.998337,1.05126,-0.62241,2.19067,-0.0843903,2.38822,1.97577,1.72913,0.536374
1966-08-31,scv,1215.53,-0.547839,505.937,-0.314136,53.2312,-0.16213,49.8628,-0.547839,87.8295,-0.314136,21.1536,-0.16213,9.34171,-0.547839,36.387,-0.314136,13.4513,-0.16213,0.00762588,-0.998861,0.898988,-0.685807,2.03218,-0.16213,2.38307,1.97041,1.72369,0.530717
1966-09-30,scv,1155.48,-0.544957,494.745,-0.309629,52.761,-0.157848,47.3997,-0.544957,85.8865,-0.309629,20.9667,-0.157848,8.88026,-0.544957,35.5821,-0.309629,13.3325,-0.157848,0.00724919,-0.998854,0.8791,-0.683742,2.01424,-0.157848,2.33565,1.92003,1.67205,0.47412
1966-10-31,scv,1138.51,-0.615385,492.795,-0.364414,52.7854,-0.190767,46.7035,-0.615385,85.548,-0.364414,20.9764,-0.190767,8.74983,-0.615385,35.4418,-0.364414,13.3386,-0.190767,0.00714271,-0.999031,0.875635,-0.708839,2.01516,-0.190767,2.32764,1.91153,1.66343,0.4648
1966-11-30,scv,1206.6,-0.547087,508.63,-0.308565,53.7419,-0.15423,49.4965,-0.547087,88.2968,-0.308565,21.3565,-0.15423,9.2731,-0.547087,36.5806,-0.308565,13.5804,-0.15423,0.00756987,-0.998859,0.903771,-0.683255,2.05168,-0.15423,2.32446,1.9084,1.66032,0.462083
1966-12-31,scv,1229.84,-0.528213,514.744,-0.292638,54.1818,-0.142883,50.4499,-0.528213,89.3582,-0.292638,21.5313,-0.142883,9.45171,-0.528213,37.0204,-0.292638,13.6915,-0.142883,0.00771567,-0.998812,0.914635,-0.675959,2.06848,-0.142883,2.33181,1.91641,1.66865,0.471913
1967-01-31,scv,1906.92,-0.497672,643.463,-0.268241,60.7337,-0.126298,78.2249,-0.497672,111.703,-0.268241,24.135,-0.126298,14.6553,-0.497672,46.2779,-0.268241,15.3472,-0.126298,0.0119635,-0.998735,1.14335,-0.664783,2.31861,-0.126298,2.33376,1.91857,1.67093,0.474704
1967-02-28,scv,2058.81,-0.243503,670.378,-0.0986249,62.1206,-0.0278644,84.4552,-0.243503,116.376,-0.0986249,24.6862,-0.0278644,15.8226,-0.243503,48.2136,-0.0986249,15.6976,-0.0278644,0.0129164,-0.998095,1.19118,-0.587082,2.37155,-0.0278644,2.39375,1.98337,1.73799,0.552032
1967-03-31,scv,2373.12,-0.164276,721.602,-0.049986,64.5986,-0.0052943,97.3489,-0.164276,125.268,-0.049986,25.6709,-0.0052943,18.2382,-0.164276,51.8976,-0.049986,16.3238,-0.0052943,0.0148883,-0.997895,1.2822,-0.564801,2.46615,-0.0052943,2.4036,1.99408,1.74911,0.565145
1967-04-30,scv,2584.65,-0.110254,755.119,-0.0279479,66.2258,-0.0138124,106.026,-0.110254,131.087,-0.0279479,26.3175,-0.0138124,19.8638,-0.110254,54.3082,-0.0279479,16.735,-0.0138124,0.0162153,-0.997759,1.34175,-0.549424,2.52828,-0.0138124,2.42262,2.01459,1.77033,0.589492
1967-05-31,scv,2394.79,-0.119045,729.294,-0.0598094,65.2452,-0.0293765,98.2377,-0.119045,126.604,-0.0598094,25.9278,-0.0293765,18.4047,-0.119045,52.4508,-0.0598094,16.4872,-0.0293765,0.0150242,-0.99762,1.29586,-0.533264,2.49084,-0.0293765,2.43364,2.02656,1.78276,0.604061
1967-06-30,scv,2943.07,-0.162269,810.966,-0.0821761,68.9111,-0.0406323,120.729,-0.162269,140.782,-0.0821761,27.3846,-0.0406323,22.6184,-0.162269,58.3247,-0.0821761,17.4136,-0.0406323,0.018464,-0.997736,1.44098,-0.544368,2.63079,-0.0406323,2.42194,2.0142,1.77013,0.590346
1967-07-31,scv,3842.27,-0.0193219,929.181,-0.00946609,73.925,-0.00453432,157.615,-0.0193219,161.303,-0.00946609,29.3771,-0.00453432,29.529,-0.0193219,66.8267,-0.00946609,18.6806,-0.00453432,0.0241053,-0.997024,1.65104,-0.476419,2.82221,-0.00453432,2.44947,2.04412,1.80119,0.626832
1967-08-31,scv,3871,-0.0684061,934.077,-0.0340128,74.2119,-0.0165087,158.794,-0.0684061,162.153,-0.0340128,29.4911,-0.0165087,29.7498,-0.0684061,67.1788,-0.0340128,18.753,-0.0165087,0.0242855,-0.996325,1.65974,-0.415951,2.83316,-0.0165087,2.4855,2.08299,1.84137,0.672964
1967-09-30,scv,4360.11,-0.026246,993.685,-0.012935,76.7035,-0.00627051,178.858,-0.026246,172.501,-0.012935,30.4812,-0.00627051,33.5088,-0.026246,71.4658,-0.012935,19.3827,-0.00627051,0.0273541,-0.996101,1.76565,-0.398182,2.92828,-0.00627051,2.48606,2.08362,1.84207,0.67403
1967-10-31,scv,3918.29,-0.136185,944.676,-0.0685612,74.9647,-0.0332066,160.734,-0.136185,163.993,-0.0685612,29.7903,-0.0332066,30.1133,-0.136185,67.9411,-0.0685612,18.9433,-0.0332066,0.0245823,-0.996105,1.67857,-0.395423,2.8619,-0.0332066,2.50179,2.10061,1.85965,0.694159
1967-11-30,scv,3780.03,-0.242971,931.25,-0.125909,74.6096,-0.061963,155.062,-0.242971,161.663,-0.125909,29.6492,-0.061963,29.0507,-0.242971,66.9755,-0.125909,18.8536,-0.061963,0.0237148,-0.996587,1.65471,-0.432646,2.84834,-0.061963,2.48613,2.08389,1.84248,0.675027
1967-12-31,scv,4645.91,-0.14426,1035.01,-0.0693633,78.8238,-0.0311733,190.582,-0.14426,179.674,-0.0693633,31.3238,-0.0311733,35.7053,-0.14426,74.4376,-0.0693633,19.9185,-0.0311733,0.0291471,-0.996142,1.83908,-0.395944,3.00922,-0.0311733,2.47989,2.07748,1.83603,0.668688
1968-01-31,scv,5070.85,-0.103561,1084.96,-0.0518251,80.9052,-0.0252491,208.014,-0.103561,188.346,-0.0518251,32.151,-0.0252491,38.9711,-0.103561,78.0304,-0.0518251,20.4444,-0.0252491,0.0318131,-0.995286,1.92784,-0.330668,3.08868,-0.0252491,2.50759,2.10732,1.86688,0.704017
1968-02-29,scv,4346.77,-0.239584,1008.05,-0.125105,78.1643,-0.0626851,178.311,-0.239584,174.996,-0.125105,31.0618,-0.0626851,33.4063,-0.239584,72.4992,-0.125105,19.7518,-0.0626851,0.0272704,-0.995725,1.79119,-0.359307,2.98405,-0.0626851,2.51856,2.11928,1.87934,0.718849
1968-03-31,scv,4228.88,-0.313208,998.823,-0.166413,78.0165,-0.0835377,173.475,-0.313208,173.393,-0.166413,31.003,-0.0835377,32.5003,-0.313208,71.8354,-0.166413,19.7145,-0.0835377,0.0265308,-0.996138,1.77478,-0.389557,2.9784,-0.0835377,2.49606,2.09542,1.85489,0.691998
1968-04-30,scv,5919.09,-0.219419,1185.91,-0.107757,85.2133,-0.049542,242.81,-0.219419,205.87,-0.107757,33.863,-0.049542,45.49,-0.219419,85.2904,-0.107757,21.5331,-0.049542,0.0371347,-0.995611,2.10721,-0.346603,3.25315,-0.049542,2.4906,2.08996,1.84955,0.687361
1968-05-31,scv,7410.31,-0.0200947,1330.88,-0.00994734,90.4887,-0.00487367,303.982,-0.0200947,231.038,-0.00994734,35.9594,-0.00487367,56.9505,-0.0200947,95.7171,-0.00994734,22.8661,-0.00487367,0.0464902,-0.994006,2.36481,-0.23382,3.45455,-0.00487367,2.53566,2.13861,1.89986,0.745432
1968-06-30,scv,7664.75,-0.0913955,1357.05,-0.0455791,91.5495,-0.0220862,314.419,-0.0913955,235.58,-0.0455791,36.3809,-0.0220862,58.906,-0.0913955,97.5987,-0.0455791,23.1342,-0.0220862,0.0480865,-0.992463,2.4113,-0.136249,3.49505,-0.0220862,2.56554,2.1708,1.93316,0.783746
1968-07-31,scv,7628.75,-0.121553,1358.38,-0.0613083,91.8463,-0.0300062,312.943,-0.121553,235.811,-0.0613083,36.4989,-0.0300062,58.6293,-0.121553,97.6947,-0.0613083,23.2092,-0.0300062,0.0478606,-0.992461,2.41367,-0.13333,3.50638,-0.0300062,2.56928,2.17497,1.93756,0.789236
1968-08-31,scv,8613.41,-0.135844,1446.6,-0.0686151,94.9631,-0.0334418,353.335,-0.135844,251.127,-0.0686151,37.7374,-0.0334418,66.1967,-0.135844,104.04,-0.0686151,23.9968,-0.0334418,0.0540381,-0.992584,2.57043,-0.140076,3.62537,-0.0334418,2.56759,2.17328,1.93586,0.787752
1968-09-30,scv,10187.1,-0.00786227,1576.38,-0.00383114,99.3077,-0.00181557,417.89,-0.00786227,273.656,-0.00383114,39.464,-0.00181557,78.2911,-0.00786227,113.373,-0.00383114,25.0947,-0.00181557,0.063911,-0.991399,2.80103,-0.0719536,3.79123,-0.00181557,2.58354,2.19042,1.95363,0.808196
1968-10-31,scv,10491.5,-0.0360592,1603.09,-0.0178122,100.333,-0.00868718,430.378,-0.0360592,278.293,-0.0178122,39.8714,-0.00868718,80.6306,-0.0360592,115.294,-0.0178122,25.3537,-0.00868718,0.0658208,-0.989772,2.84849,-0.0178122,3.83037,-0.00868718,2.60587,2.21445,1.97844,0.836549
1968-11-30,scv,12492,-0.0548794,1753.01,-0.0272277,105.11,-0.0131861,512.439,-0.0548794,304.318,-0.0272277,41.7696,-0.0131861,96.0047,-0.0548794,126.076,-0.0272277,26.5608,-0.0131861,0.0783711,-0.989775,3.11488,-0.0272277,4.01273,-0.0131861,2.60925,2.21814,1.98228,0.841065
1968-12-31,scv,12036.4,-0.0867167,1724.52,-0.043157,104.45,-0.0208543,493.753,-0.0867167,299.373,-0.043157,41.5075,-0.0208543,92.5039,-0.0867167,124.028,-0.043157,26.3941,-0.0208543,0.0755133,-0.988108,3.06426,-0.043157,3.98755,-0.0208543,2.63241,2.24306,2.00804,0.870542
1969-01-31,scv,11678.1,-0.213482,1704.62,-0.110359,104.108,-0.054785,479.053,-0.213482,295.918,-0.110359,41.3714,-0.054785,89.7499,-0.213482,122.596,-0.110359,26.3076,-0.054785,0.0732651,-0.989759,3.0289,-0.110359,3.97448,-0.054785,2.62668,2.23696,2.00178,0.86367
1969-02-28,scv,9248.15,-0.294257,1522.74,-0.152736,98.6899,-0.0735952,379.373,-0.294257,264.343,-0.152736,39.2184,-0.0735952,71.075,-0.294257,109.515,-0.152736,24.9385,-0.0735952,0.0580203,-0.99081,2.70571,-0.152736,3.76764,-0.0735952,2.62132,2.23142,1.99621,0.858064
1969-03-31,scv,10023.9,-0.318147,1589.55,-0.165816,101.05,-0.0795303,411.197,-0.318147,275.942,-0.165816,40.1565,-0.0795303,77.0372,-0.318147,114.32,-0.165816,25.535,-0.0795303,0.0628874,-0.991121,2.82443,-0.165816,3.85776,-0.0795303,2.5882,2.19608,1.95987,0.817423
1969-04-30,scv,10244.5,-0.282464,1612.95,-0.141154,102.127,-0.0630689,420.246,-0.282464,280.004,-0.141154,40.5845,-0.0630689,78.7324,-0.282464,116.003,-0.141154,25.8072,-0.0630689,0.0642713,-0.990657,2.86601,-0.141154,3.89887,-0.0630689,2.59832,2.20705,1.97128,0.830749
1969-05-31,scv,10129.6,-0.236046,1607.66,-0.110709,102.181,-0.0435888,415.531,-0.236046,279.086,-0.110709,40.6056,-0.0435888,77.8492,-0.236046,115.623,-0.110709,25.8206,-0.0435888,0.0635503,-0.990052,2.85661,-0.110709,3.90091,-0.0435888,2.60014,2.20912,1.97344,0.833563
1969-06-30,scv,7249.05,-0.459526,1365.05,-0.249268,94.3907,-0.119066,297.367,-0.459526,236.969,-0.249268,37.51,-0.119066,55.7112,-0.459526,98.1744,-0.249268,23.8522,-0.119066,0.0454785,-0.992962,2.42552,-0.249268,3.60352,-0.119066,2.59793,2.20676,1.97104,0.83099
1969-07-31,scv,5748.68,-0.580674,1222.36,-0.335317,89.6556,-0.16819,235.819,-0.580674,212.198,-0.335317,35.6283,-0.16819,44.1804,-0.580674,87.9119,-0.335317,22.6556,-0.16819,0.0360656,-0.99454,2.17197,-0.335317,3.42274,-0.16819,2.55088,2.15658,1.91942,0.773286
1969-08-31,scv,6322.6,-0.545932,1285.65,-0.306919,92.1598,-0.149404,259.362,-0.545932,223.186,-0.306919,36.6234,-0.149404,48.5912,-0.545932,92.4642,-0.306919,23.2884,-0.149404,0.0396662,-0.994087,2.28445,-0.306919,3.51835,-0.149404,2.51718,2.12086,1.88283,0.733103
1969-09-30,scv,5774.08,-0.559238,1233.11,-0.31368,90.553,-0.150257,236.861,-0.559238,214.065,-0.31368,35.9849,-0.150257,44.3756,-0.559238,88.6855,-0.31368,22.8824,-0.150257,0.036225,-0.994261,2.19109,-0.31368,3.45701,-0.150257,2.52927,2.13394,1.89643,0.749002
1969-10-31,scv,6916.94,-0.569452,1355.43,-0.321029,95.286,-0.153512,283.743,-0.569452,235.299,-0.321029,37.8658,-0.153512,53.1589,-0.569452,97.4824,-0.321029,24.0784,-0.153512,0.0433949,-0.994394,2.40843,-0.321029,3.63769,-0.153512,2.51577,2.11955,1.88162,0.732473
1969-11-30,scv,5677.94,-0.570289,1232.3,-0.317198,91.1282,-0.146494,232.918,-0.570289,213.925,-0.317198,36.2135,-0.146494,43.6368,-0.570289,88.6273,-0.317198,23.0277,-0.146494,0.0356218,-0.994405,2.18965,-0.317198,3.47896,-0.146494,2.53916,2.14478,1.90772,0.762551
1969-12-31,scv,4657.1,-0.668527,1121.68,-0.397853,87.2665,-0.195931,191.041,-0.668527,194.72,-0.397853,34.6789,-0.195931,35.7913,-0.668527,80.6709,-0.397853,22.0519,-0.195931,0.0292174,-0.995684,1.99308,-0.397853,3.33154,-0.195931,2.51114,2.11479,1.87686,0.727882
1970-01-31,scv,4300.52,-0.671721,1083.01,-0.397222,86.0547,-0.191959,176.414,-0.671721,188.008,-0.397222,34.1974,-0.191959,33.0509,-0.671721,77.8903,-0.397222,21.7457,-0.191959,0.0269803,-0.995725,1.92438,-0.397222,3.28528,-0.191959,2.48232,2.0842,1.84549,0.693287
1970-02-28,scv,5027.71,-0.668702,1175.1,-0.39436,89.9094,-0.18992,206.244,-0.668702,203.995,-0.39436,35.7291,-0.18992,38.6395,-0.668702,84.5136,-0.39436,22.7197,-0.18992,0.0315424,-0.995686,2.08802,-0.39436,3.43243,-0.18992,2.46987,2.07109,1.83216,0.679079
1970-03-31,scv,4985.74,-0.640388,1174.6,-0.365186,90.1874,-0.166201,204.523,-0.640388,203.907,-0.365186,35.8396,-0.166201,38.317,-0.640388,84.4771,-0.365186,22.79,-0.166201,0.0312791,-0.995317,2.08711,-0.365186,3.44305,-0.166201,2.49018,2.09302,1.85481,0.705157
1970-04-30,scv,3529.02,-0.737275,992.138,-0.454831,83.1057,-0.224807,144.766,-0.737275,172.233,-0.454831,33.0254,-0.224807,27.1217,-0.737275,71.3546,-0.454831,21.0005,-0.224807,0.0221401,-0.996579,1.76291,-0.454831,3.17269,-0.224807,2.48793,2.09066,1.85249,0.702848
1970-05-31,scv,2706.61,-0.838085,877.714,-0.5689,78.5498,-0.307929,111.029,-0.838085,152.369,-0.5689,31.215,-0.307929,20.8011,-0.838085,63.1252,-0.5689,19.8492,-0.307929,0.0169805,-0.997892,1.55959,-0.5689,2.99876,-0.307929,2.43925,2.03877,1.79915,0.643344
1970-06-30,scv,2232.26,-0.829601,801.411,-0.553955,75.3451,-0.292521,91.5708,-0.829601,139.123,-0.553955,29.9415,-0.292521,17.1557,-0.829601,57.6375,-0.553955,19.0394,-0.292521,0.0140046,-0.997781,1.42401,-0.553955,2.87642,-0.292521,2.39921,1.99699,1.75681,0.59935
1970-07-31,scv,2650.11,-0.843941,876.307,-0.57281,78.9875,-0.307297,108.711,-0.843941,152.125,-0.57281,31.3889,-0.307297,20.3669,-0.843941,63.024,-0.57281,19.9598,-0.307297,0.016626,-0.997968,1.55709,-0.57281,3.01548,-0.307297,2.37112,1.96715,1.72626,0.56597
1970-08-31,scv,3149.33,-0.815911,959.858,-0.533973,82.9624,-0.273979,129.19,-0.815911,166.629,-0.533973,32.9685,-0.273979,24.2036,-0.815911,69.033,-0.533973,20.9643,-0.273979,0.019758,-0.997603,1.70555,-0.533973,3.16722,-0.273979,2.39348,1.99139,1.75139,0.595178
1970-09-30,scv,3988.89,-0.762065,1085.33,-0.468429,88.531,-0.222819,163.63,-0.762065,188.41,-0.468429,35.1814,-0.222819,30.6559,-0.762065,78.0566,-0.468429,22.3714,-0.222819,0.0250252,-0.996902,1.92849,-0.468429,3.37981,-0.222819,2.41558,2.01537,1.77625,0.62431
1970-10-31,scv,3509.47,-0.732106,1021.22,-0.431616,86.0858,-0.191668,143.964,-0.732106,177.281,-0.431616,34.2097,-0.191668,26.9714,-0.732106,73.446,-0.431616,21.7535,-0.191668,0.0220174,-0.996512,1.81458,-0.431616,3.28646,-0.191668,2.44631,2.04859,1.81068,0.664126
1970-11-30,scv,3730.84,-0.752321,1056.38,-0.452359,87.7585,-0.205314,153.045,-0.752321,183.384,-0.452359,34.8744,-0.205314,28.6727,-0.752321,75.9747,-0.452359,22.1762,-0.205314,0.0234062,-0.996775,1.87705,-0.452359,3.35032,-0.205314,2.42787,2.02899,1.79058,0.641865
1970-12-31,scv,4728.47,-0.712855,1193.05,-0.409559,93.4915,-0.174136,193.969,-0.712855,207.11,-0.409559,37.1527,-0.174136,36.3398,-0.712855,85.8041,-0.409559,23.6249,-0.174136,0.0296651,-0.996261,2.1199,-0.409559,3.56919,-0.174136,2.43512,2.037,1.79895,0.652108
1971-01-31,scv,6544.4,-0.640086,1408.32,-0.336861,101.816,-0.122624,268.461,-0.640086,244.48,-0.336861,40.4606,-0.122624,50.2958,-0.640086,101.286,-0.336861,25.7284,-0.122624,0.0410577,-0.995313,2.50241,-0.336861,3.88697,-0.122624,2.46637,2.07065,1.83374,0.692044
1971-02-28,scv,6896.62,-0.488447,1450.59,-0.204895,103.567,-0.0369979,282.91,-0.488447,251.819,-0.204895,41.1565,-0.0369979,53.0027,-0.488447,104.327,-0.204895,26.1709,-0.0369979,0.0432675,-0.993339,2.57752,-0.204895,3.95383,-0.0369979,2.50937,2.11695,1.88162,0.74699
1971-03-31,scv,7789.6,-0.468374,1544.41,-0.188628,107.004,-0.0250603,319.541,-0.468374,268.105,-0.188628,42.5223,-0.0250603,59.8655,-0.468374,111.074,-0.188628,27.0394,-0.0250603,0.0488698,-0.993078,2.74422,-0.188628,4.08504,-0.0250603,2.51529,2.12356,1.88857,0.755708
1971-04-30,scv,8523.82,-0.404994,1617.87,-0.140096,109.645,-0.00892787,349.66,-0.404994,280.858,-0.140096,43.5718,-0.00892787,65.5083,-0.404994,116.357,-0.140096,27.7068,-0.00892787,0.0534761,-0.992252,2.87476,-0.140096,4.18586,-0.00892787,2.53119,2.1407,1.90631,0.776123
1971-05-31,scv,7348.25,-0.445146,1504.84,-0.167044,105.871,-0.0441985,301.436,-0.445146,261.236,-0.167044,42.0722,-0.0441985,56.4736,-0.445146,108.228,-0.167044,26.7532,-0.0441985,0.0461008,-0.992775,2.67391,-0.167044,4.0418,-0.0441985,2.54289,2.15332,1.91935,0.791128
1971-06-30,scv,6801.26,-0.522749,1452.98,-0.225398,104.296,-0.0764746,278.998,-0.522749,252.233,-0.225398,41.4464,-0.0764746,52.2698,-0.522749,104.498,-0.225398,26.3553,-0.0764746,0.0426692,-0.993786,2.58176,-0.225398,3.98168,-0.0764746,2.52226,2.1313,1.8967,0.765927
1971-07-31,scv,5679.71,-0.566441,1331.74,-0.258786,100.082,-0.0938749,232.99,-0.566441,231.187,-0.258786,39.7715,-0.0938749,43.6504,-0.566441,95.7788,-0.258786,25.2902,-0.0938749,0.0356329,-0.994355,2.36634,-0.258786,3.82078,-0.0938749,2.51055,2.11901,1.88422,0.752527
1971-08-31,scv,6648.53,-0.596216,1450.21,-0.283586,104.785,-0.108354,272.733,-0.596216,251.752,-0.283586,41.6404,-0.108354,51.096,-0.596216,104.299,-0.283586,26.4787,-0.108354,0.036164,-0.994742,2.39307,-0.283586,3.85203,-0.108354,2.48523,2.092,1.85646,0.721595
1971-09-30,scv,6242.94,-0.528585,1409.26,-0.220121,103.531,-0.06561,256.095,-0.528585,244.644,-0.220121,41.1423,-0.06561,47.979,-0.528585,101.354,-0.220121,26.1619,-0.06561,0.0339579,-0.994678,2.32551,-0.275739,3.80595,-0.100247,2.5041,2.1129,1.87844,0.72395
1971-10-31,scv,5115.59,-0.614827,1279.77,-0.292669,98.894,-0.107844,209.849,-0.614827,222.165,-0.292669,39.2996,-0.107844,39.3149,-0.614827,92.0413,-0.292669,24.9901,-0.107844,0.0278258,-0.995652,2.11183,-0.343113,3.63549,-0.140915,2.49472,2.10297,1.86827,0.712831
1971-11-30,scv,4506.58,-0.703617,1206.9,-0.377376,96.3027,-0.161116,184.867,-0.703617,209.514,-0.377376,38.2698,-0.161116,34.6345,-0.703617,86.8001,-0.377376,24.3353,-0.161116,0.0245131,-0.996654,1.99157,-0.421779,3.54023,-0.192212,2.46676,2.0732,1.83768,0.678793
1971-12-31,scv,6128.58,-0.634787,1412.64,-0.307501,104.458,-0.114522,251.403,-0.634787,245.231,-0.307501,41.5105,-0.114522,47.1,-0.634787,101.597,-0.307501,26.396,-0.114522,0.0333358,-0.995877,2.33108,-0.356887,3.84001,-0.147345,2.44797,2.05346,1.81762,0.65757
1972-01-31,scv,8018.03,-0.524457,1619.59,-0.207232,112.002,-0.0502825,328.911,-0.524457,281.157,-0.207232,44.5085,-0.0502825,61.6211,-0.524457,116.481,-0.207232,28.3024,-0.0502825,0.0436133,-0.994631,2.67258,-0.263768,4.11735,-0.0854874,2.48825,2.09692,1.86251,0.709261
1972-02-29,scv,8585.29,-0.38244,1678.08,-0.0944757,114.129,-0.00483625,352.181,-0.38244,291.31,-0.0944757,45.3538,-0.00483625,65.9806,-0.38244,120.687,-0.0944757,28.8399,-0.00483625,0.0466989,-0.993028,2.76909,-0.159053,4.19554,-0.0212703,2.52362,2.13499,1.90191,0.754613
1972-03-31,scv,8426.08,-0.368092,1665.58,-0.0816521,113.85,-0.0256585,345.65,-0.368092,289.141,-0.0816521,45.2431,-0.0256585,64.7571,-0.368092,119.789,-0.0816521,28.7696,-0.0256585,0.0458328,-0.992866,2.74847,-0.147144,4.18531,-0.0256585,2.53241,2.14446,1.91168,0.765881
1972-04-30,scv,8501.49,-0.357713,1675.53,-0.0723071,114.318,-0.0226521,348.744,-0.357713,290.867,-0.0723071,45.429,-0.0226521,65.3366,-0.357713,120.504,-0.0723071,28.8878,-0.0226521,0.0462431,-0.992749,2.76488,-0.138466,4.2025,-0.0226521,2.52927,2.14121,1.9084,0.762597
1972-05-31,scv,7826.06,-0.446615,1611.25,-0.137899,112.26,-0.057255,321.036,-0.446615,279.708,-0.137899,44.611,-0.057255,60.1457,-0.446615,115.881,-0.137899,28.3676,-0.057255,0.0425691,-0.993753,2.65881,-0.19938,4.12683,-0.057255,2.52998,2.14203,1.90932,0.763887
1972-06-30,scv,7128.11,-0.464712,1539.95,-0.149961,109.878,-0.0620152,292.406,-0.464712,267.331,-0.149961,43.6645,-0.0620152,54.7818,-0.464712,110.753,-0.149961,27.7657,-0.0620152,0.0387727,-0.993957,2.54115,-0.210582,4.03927,-0.0620152,2.51801,2.12946,1.89648,0.749976
1972-07-31,scv,6658.91,-0.493804,1492.14,-0.171991,108.39,-0.0729227,273.158,-0.493804,259.032,-0.171991,43.073,-0.0729227,51.1758,-0.493804,107.315,-0.171991,27.3896,-0.0729227,0.0362205,-0.994285,2.46227,-0.231041,3.98456,-0.0729227,2.505,2.11557,1.8822,0.734003
1972-08-31,scv,7119.98,-0.486698,1545.08,-0.165387,110.429,-0.0684818,292.072,-0.486698,268.222,-0.165387,43.8835,-0.0684818,54.7193,-0.486698,111.122,-0.165387,27.905,-0.0684818,0.0387285,-0.994205,2.54963,-0.224907,4.05953,-0.0684818,2.49511,2.10503,1.87137,0.72203
1972-09-30,scv,6452.22,-0.521933,1474.37,-0.191832,108.099,-0.0806607,264.679,-0.521933,255.947,-0.191832,42.9576,-0.0806607,49.5873,-0.521933,106.037,-0.191832,27.3163,-0.0806607,0.0350962,-0.994603,2.43295,-0.249467,3.97388,-0.0806607,2.50371,2.11428,1.88094,0.732983
1972-10-31,scv,6193.72,-0.553421,1448.32,-0.217523,107.387,-0.094042,254.076,-0.553421,251.424,-0.217523,42.6745,-0.094042,47.6007,-0.553421,104.163,-0.217523,27.1362,-0.094042,0.0336902,-0.994958,2.38995,-0.273325,3.94769,-0.094042,2.48975,2.09938,1.86565,0.715909
1972-11-30,scv,7312.27,-0.519092,1577.38,-0.186906,112.304,-0.0753443,299.96,-0.519092,273.829,-0.186906,44.6284,-0.0753443,56.1971,-0.519092,113.445,-0.186906,28.3787,-0.0753443,0.0397744,-0.994571,2.60292,-0.244892,4.12844,-0.0753443,2.48346,2.09275,1.85882,0.708407
1972-12-31,scv,6796.86,-0.492827,1524.47,-0.161244,110.629,-0.0573662,278.817,-0.492827,264.645,-0.161244,43.9629,-0.0573662,52.236,-0.492827,109.64,-0.161244,27.9555,-0.0573662,0.0369709,-0.994274,2.51562,-0.22106,4.06688,-0.0573662,2.50512,2.11596,1.88279,0.735774
1973-01-31,scv,6060.77,-0.539621,1444.04,-0.198338,107.924,-0.0760991,248.622,-0.539621,250.682,-0.198338,42.8882,-0.0760991,46.5789,-0.539621,103.855,-0.198338,27.2721,-0.0760991,0.032967,-0.994803,2.38289,-0.255508,3.96746,-0.0760991,2.49456,2.10474,1.87128,0.723004
1973-02-28,scv,5075.1,-0.612994,1325.05,-0.262963,103.601,-0.112248,208.188,-0.612994,230.026,-0.262963,41.1701,-0.112248,39.0038,-0.612994,95.2979,-0.262963,26.1796,-0.112248,0.0276055,-0.995631,2.18655,-0.315525,3.80852,-0.112248,2.47812,2.08733,1.85343,0.703358
1973-03-31,scv,4856.49,-0.647875,1300.16,-0.29532,102.871,-0.13034,199.22,-0.647875,225.705,-0.29532,40.88,-0.13034,37.3237,-0.647875,93.5078,-0.29532,25.9951,-0.13034,0.0264164,-0.996025,2.14547,-0.345574,3.78169,-0.13034,2.45338,2.06094,1.82634,0.673159
1973-04-30,scv,4157.75,-0.682619,1207.59,-0.327886,99.4588,-0.147393,170.557,-0.682619,209.634,-0.327886,39.524,-0.147393,31.9536,-0.682619,86.8498,-0.327886,25.1329,-0.147393,0.0226157,-0.996417,1.99271,-0.375818,3.65625,-0.147393,2.44651,2.05373,1.819,0.665313
1973-05-31,scv,3296.97,-0.757877,1081.71,-0.41028,94.4249,-0.199454,135.247,-0.757877,187.782,-0.41028,37.5236,-0.199454,25.3383,-0.757877,77.7967,-0.41028,23.8608,-0.199454,0.0179336,-0.997267,1.78499,-0.452336,3.4712,-0.199454,2.42442,2.03021,1.79485,0.638415
1973-06-30,scv,3023.4,-0.774929,1039.26,-0.42904,92.7748,-0.210164,124.024,-0.774929,180.412,-0.42904,36.8678,-0.210164,23.2358,-0.774929,74.7433,-0.42904,23.4438,-0.210164,0.0164455,-0.997459,1.71494,-0.469758,3.41053,-0.210164,2.39108,1.9951,1.75909,0.600009
1973-07-31,scv,3795.71,-0.774601,1169.42,-0.428014,98.7516,-0.208651,155.706,-0.774601,203.008,-0.428014,39.243,-0.208651,29.1712,-0.774601,84.1047,-0.428014,24.9541,-0.208651,0.0206464,-0.997455,1.92973,-0.468805,3.63025,-0.208651,2.3784,1.9817,1.74539,0.585171
1973-08-31,scv,3334.81,-0.762309,1100.73,-0.408707,96.1561,-0.191068,136.799,-0.762309,191.083,-0.408707,38.2115,-0.191068,25.629,-0.762309,79.1643,-0.408707,24.2983,-0.191068,0.0181394,-0.997317,1.81637,-0.450875,3.53484,-0.191068,2.40776,2.01333,1.77809,0.62278
1973-09-30,scv,4123.13,-0.741798,1229.5,-0.38286,102.031,-0.172512,169.137,-0.741798,213.439,-0.38286,40.5463,-0.172512,31.6876,-0.741798,88.4259,-0.38286,25.7829,-0.172512,0.0224274,-0.997085,2.02887,-0.426871,3.75082,-0.172512,2.38912,1.9935,1.75772,0.60013
1973-10-31,scv,4160.19,-0.682434,1240.89,-0.30935,102.89,-0.120215,170.657,-0.682434,215.416,-0.30935,40.8876,-0.120215,31.9723,-0.682434,89.245,-0.30935,25.9999,-0.120215,0.0226289,-0.996415,2.04767,-0.358604,3.78239,-0.120215,2.41636,2.0228,1.78798,0.634799
1973-11-30,scv,2475.94,-0.812979,965.239,-0.465956,91.1439,-0.221388,101.567,-0.812979,167.563,-0.465956,36.2197,-0.221388,19.0284,-0.812979,69.42,-0.465956,23.0317,-0.221388,0.0134676,-0.997889,1.5928,-0.504042,3.35058,-0.221388,2.41613,2.02275,1.78807,0.635624
1973-12-31,scv,2334.05,-0.838866,943.003,-0.502036,90.4305,-0.247227,95.7461,-0.838866,163.703,-0.502036,35.9363,-0.247227,17.9379,-0.838866,67.8208,-0.502036,22.8514,-0.247227,0.0126958,-0.998181,1.5561,-0.537548,3.32436,-0.247227,2.34349,1.94584,1.70932,0.549407
1974-01-31,scv,3275.94,-0.810484,1124.7,-0.458356,99.1725,-0.212271,134.384,-0.810484,195.246,-0.458356,39.4102,-0.212271,25.1766,-0.810484,80.8887,-0.458356,25.0605,-0.212271,0.0178191,-0.99786,1.85594,-0.496984,3.64572,-0.212271,2.33357,1.93571,1.69926,0.539795
1974-02-28,scv,3412.13,-0.771108,1152.08,-0.4,100.679,-0.166453,139.971,-0.771108,199.998,-0.4,40.0091,-0.166453,26.2233,-0.771108,82.8576,-0.4,25.4413,-0.166453,0.01856,-0.997416,1.90111,-0.442789,3.70112,-0.166453,2.37695,1.98272,1.74802,0.5968
1974-03-31,scv,3410.82,-0.739636,1156.06,-0.357073,101.184,-0.135651,139.917,-0.739636,200.689,-0.357073,40.2095,-0.135651,26.2133,-0.739636,83.1439,-0.357073,25.5687,-0.135651,0.0185529,-0.997061,1.90768,-0.402923,3.71966,-0.135651,2.38134,1.98755,1.75304,0.602995
1974-04-30,scv,3025.14,-0.772334,1094.32,-0.395612,98.8812,-0.156119,124.096,-0.772334,189.971,-0.395612,39.2945,-0.156119,23.2491,-0.772334,78.7033,-0.395612,24.9869,-0.156119,0.0164549,-0.99743,1.8058,-0.438714,3.63501,-0.156119,2.38025,1.98648,1.75198,0.602049
1974-05-31,scv,2441.68,-0.813615,987.472,-0.450498,94.2661,-0.192343,100.161,-0.813615,171.423,-0.450498,37.4605,-0.192343,18.7651,-0.813615,71.019,-0.450498,23.8207,-0.192343,0.0132813,-0.997896,1.62948,-0.489686,3.46536,-0.192343,2.3627,1.96783,1.73287,0.58097
1974-06-30,scv,2332.42,-0.821956,969.055,-0.460648,93.6883,-0.196861,95.6791,-0.821956,168.225,-0.460648,37.2309,-0.196861,17.9253,-0.821956,69.6945,-0.460648,23.6747,-0.196861,0.012687,-0.99799,1.59909,-0.499112,3.44412,-0.196861,2.33267,1.93586,1.70004,0.544507
1974-07-31,scv,2097.75,-0.856759,924.763,-0.515018,91.8921,-0.237264,86.0527,-0.856759,160.536,-0.515018,36.5171,-0.237264,16.1218,-0.856759,66.509,-0.515018,23.2208,-0.237264,0.0114105,-0.998383,1.526,-0.549605,3.37809,-0.237264,2.32533,1.92819,1.69227,0.536253
1974-08-31,scv,1664.5,-0.879095,828.445,-0.550417,87.3141,-0.261072,68.2804,-0.879095,143.816,-0.550417,34.6978,-0.261072,12.7922,-0.879095,59.5818,-0.550417,22.0639,-0.261072,0.0090539,-0.998635,1.36706,-0.582479,3.20979,-0.261072,2.30919,1.91134,1.6752,0.518652
1974-09-30,scv,1309.52,-0.904519,740.645,-0.59857,82.9689,-0.299815,53.7183,-0.904519,128.574,-0.59857,32.9711,-0.299815,10.064,-0.904519,53.2672,-0.59857,20.9659,-0.299815,0.00712299,-0.998922,1.22218,-0.627198,3.05006,-0.299815,2.27644,1.87667,1.63976,0.479925
1974-10-31,scv,1599,-0.901702,822.4,-0.591053,87.6862,-0.291355,65.5932,-0.901702,142.767,-0.591053,34.8457,-0.291355,12.2888,-0.901702,59.147,-0.591053,22.158,-0.291355,0.00869759,-0.99889,1.35709,-0.620217,3.22347,-0.291355,2.24187,1.84023,1.60264,0.44023
1974-11-30,scv,1342.06,-0.898483,756.97,-0.580806,84.4132,-0.278522,55.0533,-0.898483,131.408,-0.580806,33.545,-0.278522,10.3142,-0.898483,54.4413,-0.580806,21.3309,-0.278522,0.00730001,-0.998854,1.24912,-0.6107,3.10315,-0.278522,2.26719,1.86778,1.63126,0.473953
1974-12-31,scv,1057.55,-0.926202,675.813,-0.64094,80.0627,-0.330079,43.3823,-0.926202,117.32,-0.64094,31.8162,-0.330079,8.12762,-0.926202,48.6045,-0.64094,20.2315,-0.330079,0.00575245,-0.999167,1.1152,-0.666546,2.94322,-0.330079,2.24233,1.84144,1.60434,0.444477
1975-01-31,scv,2161.81,-0.91054,974.523,-0.603459,96.5905,-0.294952,88.6806,-0.91054,169.175,-0.603459,38.3842,-0.294952,16.6142,-0.91054,70.0877,-0.603459,24.408,-0.294952,0.011759,-0.99899,1.60812,-0.631739,3.5508,-0.294952,2.20873,1.80587,1.56794,0.404902
1975-02-28,scv,2370.8,-0.830033,1023.88,-0.449055,99.2286,-0.165247,97.2538,-0.830033,177.744,-0.449055,39.4325,-0.165247,18.2204,-0.830033,73.6378,-0.449055,25.0747,-0.165247,0.0128957,-0.998081,1.68957,-0.488345,3.64779,-0.165247,2.30166,1.90626,1.67183,0.52494
1975-03-31,scv,2922.13,-0.811493,1142.08,-0.418214,105.081,-0.140387,119.87,-0.811493,198.263,-0.418214,41.7583,-0.140387,22.4575,-0.811493,82.1388,-0.418214,26.5536,-0.140387,0.0158947,-0.997872,1.88462,-0.459704,3.86294,-0.140387,2.31295,1.9186,1.68465,0.540139
1975-04-30,scv,3149.53,-0.793201,1189.72,-0.387471,107.519,-0.115164,129.198,-0.793201,206.532,-0.387471,42.7269,-0.115164,24.2051,-0.793201,85.5647,-0.387471,27.1695,-0.115164,0.0171316,-0.997665,1.96323,-0.431154,3.95254,-0.115164,2.33925,1.94715,1.71432,0.575095
1975-05-31,scv,3759.61,-0.756526,1304.03,-0.333557,112.834,-0.0752337,154.225,-0.756526,226.376,-0.333557,44.8391,-0.0752337,28.8938,-0.756526,93.7859,-0.333557,28.5126,-0.0752337,0.02045,-0.997251,2.15186,-0.381084,4.14793,-0.0752337,2.34821,1.95688,1.72447,0.587165
1975-06-30,scv,4447.8,-0.715059,1422.66,-0.275605,118.13,-0.0323255,182.455,-0.715059,246.97,-0.275605,46.9436,-0.0323255,34.1828,-0.715059,102.318,-0.275605,29.8509,-0.0323255,0.0241934,-0.996783,2.34761,-0.327266,4.34261,-0.0323255,2.37069,1.98114,1.74955,0.616029
1975-07-31,scv,4083.64,-0.693449,1368.96,-0.244584,116.192,-0.0593341,167.517,-0.693449,237.647,-0.244584,46.1738,-0.0593341,31.3841,-0.693449,98.4554,-0.244584,29.3614,-0.0593341,0.0222126,-0.996539,2.25899,-0.298457,4.2714,-0.0593341,2.39203,2.00415,1.77329,0.64327
1975-08-31,scv,3332.97,-0.77278,1242.37,-0.347397,110.99,-0.123828,136.723,-0.77278,215.673,-0.347397,44.1064,-0.123828,25.6149,-0.77278,89.3516,-0.347397,28.0467,-0.123828,0.0181294,-0.997435,2.05011,-0.393938,4.08015,-0.123828,2.37938,1.99092,1.75989,0.629262
1975-09-30,scv,2971.32,-0.779405,1178.2,-0.354643,108.46,-0.126341,121.888,-0.779405,204.533,-0.354643,43.1011,-0.126341,22.8355,-0.779405,84.7365,-0.354643,27.4075,-0.126341,0.0161622,-0.99751,1.94422,-0.400667,3.98716,-0.126341,2.35104,1.96103,1.72934,0.596123
1975-10-31,scv,3104.1,-0.781022,1207.96,-0.355504,110.096,-0.125462,127.335,-0.781022,209.699,-0.355504,43.751,-0.125462,23.856,-0.781022,86.8765,-0.355504,27.8208,-0.125462,0.0168845,-0.997528,1.99332,-0.401466,4.04728,-0.125462,2.33456,1.94358,1.7115,0.5767
1975-11-30,scv,3413.93,-0.767038,1269.95,-0.333205,113.117,-0.10823,140.044,-0.767038,220.461,-0.333205,44.9515,-0.10823,26.2371,-0.767038,91.3351,-0.333205,28.5841,-0.10823,0.0185697,-0.99737,2.09562,-0.380757,4.15833,-0.10823,2.33949,1.94895,1.71708,0.583446
1975-12-31,scv,3294.38,-0.780072,1252.28,-0.349641,112.619,-0.116808,135.14,-0.780072,217.393,-0.349641,44.7539,-0.116808,25.3183,-0.780072,90.0642,-0.349641,28.4585,-0.116808,0.0179195,-0.997517,2.06646,-0.396022,4.14005,-0.116808,2.35131,1.96174,1.73032,0.598645
1976-01-31,scv,6015.94,-0.73603,1701.92,-0.285626,131.687,-0.0726394,246.783,-0.73603,295.449,-0.285626,52.3313,-0.0726394,46.2344,-0.73603,122.402,-0.285626,33.2768,-0.0726394,0.0327231,-0.99702,2.80844,-0.336571,4.84101,-0.0726394,2.34546,1.95567,1.72427,0.592673
1976-02-29,scv,8152.5,-0.532385,1990.36,-0.0440041,142.778,-0.0192541,334.427,-0.532385,345.521,-0.0440041,56.7388,-0.0192541,62.6545,-0.532385,143.147,-0.0440041,36.0795,-0.0192541,0.0443447,-0.994721,3.2844,-0.112181,5.24873,-0.0192541,2.42293,2.03909,1.81039,0.691608
1976-03-31,scv,8465.84,-0.368023,2035.73,-0.0363794,144.779,-0.0180752,347.281,-0.368023,353.397,-0.0363794,57.5337,-0.0180752,65.0626,-0.368023,146.409,-0.0363794,36.585,-0.0180752,0.0460491,-0.992865,3.35927,-0.0363794,5.32227,-0.0180752,2.46125,2.08044,1.85324,0.741259
1976-04-30,scv,8065.18,-0.424188,1994.13,-0.0769012,143.647,-0.036498,330.846,-0.424188,346.176,-0.0769012,57.084,-0.036498,61.9834,-0.424188,143.418,-0.0769012,36.299,-0.036498,0.0438698,-0.993499,3.29063,-0.0769012,5.28067,-0.036498,2.46501,2.08468,1.85775,0.747036
1976-05-31,scv,7235.99,-0.459473,1894.57,-0.101564,140.331,-0.0462349,296.831,-0.459473,328.893,-0.101564,55.7663,-0.0462349,55.6109,-0.459473,136.258,-0.101564,35.4611,-0.0462349,0.0393595,-0.993898,3.12635,-0.101564,5.15878,-0.0462349,2.45751,2.07689,1.84986,0.738949
1976-06-30,scv,7959.84,-0.489781,1993.22,-0.126221,144.287,-0.0586794,326.524,-0.489781,346.019,-0.126221,57.3385,-0.0586794,61.1738,-0.489781,143.353,-0.126221,36.4609,-0.0586794,0.0432968,-0.99424,3.28913,-0.126221,5.30421,-0.0586794,2.44235,2.06087,1.83345,0.721056
1976-07-31,scv,8053.41,-0.398011,2009.83,-0.0486708,145.204,-0.0163259,330.363,-0.398011,348.901,-0.0486708,57.7029,-0.0163259,61.893,-0.398011,144.547,-0.0486708,36.6926,-0.0163259,0.0438057,-0.993204,3.31653,-0.0486708,5.33792,-0.0163259,2.45394,2.07337,1.84639,0.736061
1976-08-31,scv,7673.86,-0.429618,1966.97,-0.0699244,143.978,-0.0304001,314.793,-0.429618,341.461,-0.0699244,57.2156,-0.0304001,58.976,-0.429618,141.465,-0.0699244,36.3827,-0.0304001,0.0417412,-0.993561,3.24581,-0.0699244,5.29284,-0.0304001,2.45476,2.0743,1.84741,0.737373
1976-09-30,scv,8108.39,-0.404866,2026.98,-0.0492717,146.48,-0.0190852,332.618,-0.404866,351.879,-0.0492717,58.2099,-0.0190852,62.3155,-0.404866,145.78,-0.0492717,37.015,-0.0190852,0.0441048,-0.993281,3.34484,-0.0492717,5.38482,-0.0190852,2.4477,2.06684,1.83976,0.728948
1976-10-31,scv,7569.84,-0.449013,1963.77,-0.0817874,144.502,-0.0373912,310.526,-0.449013,340.906,-0.0817874,57.4239,-0.0373912,58.1766,-0.449013,141.235,-0.0817874,36.5152,-0.0373912,0.0411754,-0.99378,3.24053,-0.0817874,5.31211,-0.0373912,2.45421,2.07383,1.847,0.737327
1976-11-30,scv,8346.82,-0.436246,2067.63,-0.0689868,148.597,-0.0288143,342.399,-0.436246,358.935,-0.0689868,59.0509,-0.0288143,64.148,-0.436246,148.704,-0.0689868,37.5498,-0.0288143,0.0454018,-0.993635,3.41192,-0.0689868,5.46262,-0.0288143,2.44442,2.06349,1.83639,0.725675
1976-12-31,scv,10833.6,-0.355281,2362.34,-0.00668617,159.211,-0.00314418,444.409,-0.355281,410.097,-0.00668617,63.2688,-0.00314418,83.2594,-0.355281,169.9,-0.00668617,40.2319,-0.00314418,0.0589282,-0.992721,3.89824,-0.00668617,5.85281,-0.00314418,2.45641,2.07638,1.84974,0.741064
1977-01-31,scv,11690.9,-0.169967,2460.41,-0.0170272,162.843,-0.00814218,479.58,-0.169967,427.12,-0.0170272,64.7124,-0.00814218,89.8486,-0.169967,176.952,-0.0170272,41.1498,-0.00814218,0.0635918,-0.990629,4.06006,-0.0170272,5.98635,-0.00814218,2.48963,2.11195,1.88641,0.78268
1977-02-28,scv,11606,-0.114064,2456.61,-0.0197954,163.035,-0.0085254,476.093,-0.114064,426.461,-0.0197954,64.7887,-0.0085254,89.1954,-0.114064,176.679,-0.0197954,41.1983,-0.0085254,0.0631295,-0.989998,4.05379,-0.0197954,5.99341,-0.0085254,2.4988,2.12183,1.89662,0.794429
1977-03-31,scv,11566.6,-0.117066,2458.73,-0.0306547,163.492,-0.0145268,474.48,-0.117066,426.829,-0.0306547,64.9701,-0.0145268,88.8932,-0.117066,176.832,-0.0306547,41.3137,-0.0145268,0.0629156,-0.990032,4.05729,-0.0306547,6.01019,-0.0145268,2.49727,2.12026,1.89502,0.792704
1977-04-30,scv,12249,-0.13018,2536.72,-0.037525,166.421,-0.0177137,502.473,-0.13018,440.369,-0.037525,66.134,-0.0177137,94.1376,-0.13018,182.441,-0.037525,42.0538,-0.0177137,0.0666274,-0.99018,4.18599,-0.037525,6.11786,-0.0177137,2.49613,2.11904,1.89379,0.791489
1977-05-31,scv,12349.7,-0.0894566,2553.49,-0.0448946,167.337,-0.0219667,506.604,-0.0894566,443.279,-0.0448946,66.4982,-0.0219667,94.9115,-0.0894566,183.647,-0.0448946,42.2854,-0.0219667,0.0671751,-0.989357,4.21366,-0.0448946,6.15155,-0.0219667,2.50284,2.12632,1.90131,0.800229
1977-06-30,scv,14731.2,-0.0773769,2795.84,-0.0384637,175.497,-0.0185763,604.295,-0.0773769,485.351,-0.0384637,69.741,-0.0185763,113.214,-0.0773769,201.077,-0.0384637,44.3474,-0.0185763,0.0801289,-0.989216,4.61358,-0.0384637,6.45153,-0.0185763,2.5032,2.12674,1.90179,0.801009
1977-07-31,scv,14802,-0.0741632,2808.94,-0.0370554,176.259,-0.018147,607.198,-0.0741632,487.626,-0.0370554,70.0437,-0.018147,113.758,-0.0741632,202.019,-0.0370554,44.54,-0.018147,0.0805138,-0.987244,4.6352,-0.0370554,6.47954,-0.018147,2.52546,2.15058,1.92634,0.828737
1977-08-31,scv,14069.1,-0.119999,2745.26,-0.0588875,174.657,-0.0270688,577.137,-0.119999,476.57,-0.0588875,69.4073,-0.0270688,108.126,-0.119999,197.439,-0.0588875,44.1352,-0.0270688,0.0765278,-0.987875,4.53011,-0.0588875,6.42066,-0.0270688,2.52541,2.15058,1.92639,0.829024
1977-09-30,scv,14322.4,-0.128607,2776.24,-0.0619553,176.018,-0.0271614,587.527,-0.128607,481.949,-0.0619553,69.9481,-0.0271614,110.072,-0.128607,199.668,-0.0619553,44.4792,-0.0271614,0.0779054,-0.987994,4.58124,-0.0619553,6.47069,-0.0271614,2.51813,2.14286,1.91845,0.82014
1977-10-31,scv,13456.9,-0.189993,2697.91,-0.0931136,173.901,-0.0411469,552.02,-0.189993,468.35,-0.0931136,69.1068,-0.0411469,103.42,-0.189993,194.034,-0.0931136,43.9442,-0.0411469,0.0731973,-0.98884,4.45197,-0.0931136,6.39286,-0.0411469,2.51985,2.1447,1.92037,0.822375
1977-11-30,scv,16545.2,-0.177973,3000.04,-0.0857775,183.8,-0.0366766,678.707,-0.177973,520.799,-0.0857775,73.0405,-0.0366766,127.155,-0.177973,215.763,-0.0857775,46.4456,-0.0366766,0.0899958,-0.988674,4.95053,-0.0857775,6.75676,-0.0366766,2.51097,2.13531,1.91075,0.811812
1977-12-31,scv,17149.8,-0.044666,3062.06,-0.0211388,186.1,-0.00994824,703.509,-0.044666,531.565,-0.0211388,73.9545,-0.00994824,131.801,-0.044666,220.223,-0.0211388,47.0268,-0.00994824,0.0932845,-0.986053,5.05288,-0.0211388,6.84131,-0.00994824,2.537,2.16318,1.93948,0.844562
1978-01-31,scv,16481.9,-0.106803,3009.83,-0.0539563,184.92,-0.0265972,676.11,-0.106803,522.499,-0.0539563,73.4854,-0.0265972,126.668,-0.106803,216.467,-0.0539563,46.7285,-0.0265972,0.0896515,-0.986799,4.96669,-0.0539563,6.79792,-0.0265972,2.54093,2.16743,1.94392,0.849737
1978-02-28,scv,17511.3,-0.0264067,3109.1,-0.0130447,188.314,-0.00633269,718.338,-0.0264067,539.732,-0.0130447,74.8342,-0.00633269,134.58,-0.0264067,223.606,-0.0130447,47.5862,-0.00633269,0.0952508,-0.985505,5.1305,-0.0130447,6.92269,-0.00633269,2.535,2.16118,1.93751,0.842819
1978-03-31,scv,21006.9,-0.0251293,3414,-0.0122986,197.784,-0.00585771,861.735,-0.0251293,592.661,-0.0122986,78.5973,-0.00585771,161.445,-0.0251293,245.535,-0.0122986,49.9791,-0.00585771,0.114265,-0.984889,5.63363,-0.0122986,7.27081,-0.00585771,2.54224,2.16896,1.94557,0.852018
1978-04-30,scv,25185,-0.0194387,3751.4,-0.00956933,207.978,-0.00463467,1033.13,-0.0194387,651.233,-0.00956933,82.6486,-0.00463467,193.555,-0.0194387,269.8,-0.00956933,52.5552,-0.00463467,0.136991,-0.982163,6.19039,-0.00956933,7.64557,-0.00463467,2.56516,2.19345,1.97082,0.880594
1978-05-31,scv,29208.7,-0.0354312,4050.71,-0.0175949,216.617,-0.00861725,1198.18,-0.0354312,703.193,-0.0175949,86.0814,-0.00861725,224.478,-0.0354312,291.327,-0.0175949,54.7382,-0.00861725,0.158878,-0.977978,6.68431,-0.0175949,7.96314,-0.00861725,2.58762,2.21756,1.99561,0.908781
1978-06-30,scv,29244.4,-0.119165,4064.79,-0.0602336,217.506,-0.0296115,1199.65,-0.119165,705.636,-0.0602336,86.4349,-0.0296115,224.753,-0.119165,292.339,-0.0602336,54.9629,-0.0296115,0.159072,-0.975227,6.70754,-0.0602336,7.99584,-0.0296115,2.60602,2.23723,2.01593,0.931896
1978-07-31,scv,34003.2,-0.135008,4398.38,-0.0679135,226.963,-0.0328311,1394.86,-0.135008,763.548,-0.0679135,90.1931,-0.0328311,261.325,-0.135008,316.332,-0.0679135,57.3527,-0.0328311,0.184957,-0.975672,7.25802,-0.0679135,8.34349,-0.0328311,2.60531,2.23657,2.01534,0.931506
1978-08-31,scv,42265.2,-0.0181486,4918.39,-0.00897431,240.6,-0.00438715,1733.78,-0.0181486,853.82,-0.00897431,95.6121,-0.00438715,324.821,-0.0181486,353.731,-0.00897431,60.7986,-0.00438715,0.229898,-0.970731,8.11612,-0.00897431,8.84479,-0.00438715,2.62379,2.25638,2.03574,0.954718
1978-09-30,scv,40965.4,-0.142839,4861.12,-0.072813,239.967,-0.0360937,1680.46,-0.142839,843.878,-0.072813,95.3608,-0.0360937,314.832,-0.142839,349.612,-0.072813,60.6388,-0.0360937,0.222828,-0.965559,8.02161,-0.072813,8.82154,-0.0360937,2.65096,2.28542,2.0657,0.988826
1978-10-31,scv,22283.8,-0.522052,3619.91,-0.300261,208.077,-0.157806,914.114,-0.522052,628.407,-0.300261,82.6878,-0.157806,171.258,-0.522052,260.344,-0.300261,52.5802,-0.157806,0.121211,-0.980796,5.97342,-0.300261,7.64921,-0.157806,2.64572,2.27998,2.06019,0.983072
1978-11-30,scv,24684.4,-0.521101,3834.14,-0.296607,214.996,-0.153756,1012.59,-0.521101,665.597,-0.296607,85.4374,-0.153756,189.708,-0.521101,275.752,-0.296607,54.3286,-0.153756,0.134269,-0.980758,6.32694,-0.296607,7.90356,-0.153756,2.56341,2.19314,1.9714,0.886326
1978-12-31,scv,25603.5,-0.481933,3925.26,-0.264395,218.472,-0.13078,1050.29,-0.481933,681.415,-0.264395,86.8189,-0.13078,196.771,-0.481933,282.305,-0.264395,55.2071,-0.13078,0.139268,-0.979184,6.4773,-0.264395,8.03136,-0.13078,2.57443,2.20535,1.98425,0.902345
1979-01-31,scv,32495.1,-0.439541,4441.33,-0.233308,233.22,-0.110979,1333,-0.439541,771.003,-0.233308,92.6795,-0.110979,249.735,-0.439541,319.42,-0.233308,58.9338,-0.110979,0.176754,-0.977481,7.32889,-0.233308,8.5735,-0.110979,2.57756,2.20889,1.98801,0.907131
1979-02-28,scv,30281.6,-0.353081,4307.4,-0.171795,230.6,-0.0718591,1242.19,-0.353081,747.754,-0.171795,91.6382,-0.0718591,232.723,-0.353081,309.788,-0.171795,58.2717,-0.0718591,0.164714,-0.974007,7.10789,-0.171795,8.47718,-0.0718591,2.60692,2.24038,2.02049,0.944201
1979-03-31,scv,37395.3,-0.340684,4809.9,-0.160899,244.781,-0.0628328,1534.01,-0.340684,834.987,-0.160899,97.2738,-0.0628328,287.394,-0.340684,345.928,-0.160899,61.8552,-0.0628328,0.203408,-0.973509,7.93709,-0.160899,8.99851,-0.0628328,2.59648,2.22934,2.00925,0.931942
1979-04-30,scv,40334.1,-0.206536,5016.92,-0.075029,251.015,-0.0116031,1654.56,-0.206536,870.925,-0.075029,99.7511,-0.0116031,309.98,-0.206536,360.817,-0.075029,63.4305,-0.0116031,0.219393,-0.968119,8.27871,-0.075029,9.22768,-0.0116031,2.62226,2.25694,2.03763,0.964135
1979-05-31,scv,39120.1,-0.218636,4967.38,-0.0758611,250.933,-0.023824,1604.76,-0.218636,862.325,-0.0758611,99.7184,-0.023824,300.65,-0.218636,357.254,-0.0758611,63.4098,-0.023824,0.21279,-0.968605,8.19696,-0.0758611,9.22466,-0.023824,2.63083,2.26609,2.04706,0.974893
1979-06-30,scv,45356.6,-0.157809,5374.15,-0.0378038,262.14,-0.0066964,1860.59,-0.157809,932.94,-0.0378038,104.172,-0.0066964,348.58,-0.157809,386.509,-0.0378038,66.2416,-0.0066964,0.246713,-0.966161,8.8682,-0.0378038,9.63663,-0.0066964,2.62534,2.26034,2.04128,0.968846
1979-07-31,scv,48723.5,-0.0490136,5596.04,-0.0233179,268.653,-0.0103106,1998.71,-0.0490136,971.458,-0.0233179,106.76,-0.0103106,374.456,-0.0490136,402.467,-0.0233179,67.8874,-0.0103106,0.265027,-0.961723,9.23434,-0.0233179,9.87605,-0.0103106,2.64297,2.27926,2.06075,0.991015
1979-08-31,scv,58535.9,-0.00470417,6156.87,-0.00220208,282.79,-0.000951042,2401.23,-0.00470417,1068.82,-0.00220208,112.378,-0.000951042,449.867,-0.00470417,442.802,-0.00220208,71.4599,-0.000951042,0.318401,-0.957496,10.1598,-0.00220208,10.3958,-0.000951042,2.65084,2.2877,2.06951,1.00109
1979-09-30,scv,55906.3,-0.0835882,6044.87,-0.0418513,281.33,-0.0206399,2293.36,-0.0835882,1049.37,-0.0418513,111.798,-0.0206399,429.658,-0.0835882,434.747,-0.0418513,71.0909,-0.0206399,0.304097,-0.953771,9.97498,-0.0418513,10.3421,-0.0206399,2.67332,2.31169,2.0942,1.02903
1979-10-31,scv,38638.7,-0.372887,5080.72,-0.201354,259.5,-0.102894,1585.02,-0.372887,882,-0.201354,103.123,-0.102894,296.95,-0.372887,365.406,-0.201354,65.5746,-0.102894,0.210171,-0.968298,8.38399,-0.201354,9.53958,-0.102894,2.66608,2.30409,2.08646,1.0207
1979-11-30,scv,45541.1,-0.361914,5549.62,-0.192185,272.696,-0.0954802,1868.16,-0.361914,963.399,-0.192185,108.367,-0.0954802,349.998,-0.361914,399.129,-0.192185,68.9091,-0.0954802,0.247717,-0.967743,9.15774,-0.192185,10.0247,-0.0954802,2.61463,2.25022,2.03166,0.962169
1979-12-31,scv,51326.5,-0.226281,5922.58,-0.106063,283.139,-0.0442676,2105.49,-0.226281,1028.14,-0.106063,112.517,-0.0442676,394.46,-0.226281,425.952,-0.106063,71.5482,-0.0442676,0.279186,-0.960886,9.77319,-0.106063,10.4086,-0.0442676,2.63389,2.27092,2.053,0.986596
1980-01-31,scv,63201.1,-0.185751,6610.54,-0.0776809,300.56,-0.0240628,2592.6,-0.185751,1147.57,-0.0776809,119.44,-0.0240628,485.72,-0.185751,475.43,-0.0776809,75.9502,-0.0240628,0.343776,-0.958838,10.9084,-0.0776809,11.049,-0.0240628,2.6478,2.28574,2.0683,1.00391
1980-02-29,scv,57616.8,-0.147032,6341.76,-0.073451,295.62,-0.0347705,2363.53,-0.147032,1100.91,-0.073451,117.477,-0.0347705,442.803,-0.147032,456.099,-0.073451,74.7021,-0.0347705,0.313401,-0.950912,10.4649,-0.073451,10.8674,-0.0347705,2.67254,2.31237,2.09578,1.03547
1980-03-31,scv,32132,-0.578127,4811.05,-0.339146,259.696,-0.178424,1318.1,-0.578127,835.185,-0.339146,103.201,-0.178424,246.944,-0.578127,346.011,-0.339146,65.6241,-0.178424,0.174779,-0.975721,7.93898,-0.339146,9.54679,-0.178424,2.65938,2.29843,2.08148,1.0198
1980-04-30,scv,37034.8,-0.518947,5205.7,-0.291816,271.949,-0.1476,1519.22,-0.518947,903.697,-0.291816,108.07,-0.1476,284.624,-0.518947,374.394,-0.291816,68.7205,-0.1476,0.201447,-0.972316,8.59023,-0.291816,9.99725,-0.1476,2.57894,2.21409,1.99566,0.92789
1980-05-31,scv,45232.6,-0.44843,5781.15,-0.236826,287.841,-0.110178,1855.51,-0.44843,1003.59,-0.236826,114.385,-0.110178,347.627,-0.44843,415.78,-0.236826,72.7362,-0.110178,0.246038,-0.968257,9.5398,-0.236826,10.5814,-0.110178,2.59478,2.23118,2.01338,0.948551
1980-06-30,scv,50255,-0.319618,6115.34,-0.148162,297.007,-0.0556998,2061.53,-0.319618,1061.61,-0.148162,118.028,-0.0556998,386.226,-0.319618,439.816,-0.148162,75.0526,-0.0556998,0.273357,-0.960844,10.0913,-0.148162,10.9184,-0.0556998,2.61886,2.25697,2.03991,0.978704
1980-07-31,scv,60463.1,-0.243739,6725.54,-0.0989021,312.195,-0.0258133,2480.28,-0.243739,1167.54,-0.0989021,124.063,-0.0258133,464.678,-0.243739,483.701,-0.0989021,78.8903,-0.0258133,0.328883,-0.956478,11.0982,-0.0989021,11.4767,-0.0258133,2.63127,2.27025,2.05361,0.994242
1980-08-31,scv,66207.3,-0.0890525,7064.92,-0.022091,321.04,-0.0107736,2715.92,-0.0890525,1226.45,-0.022091,127.578,-0.0107736,508.824,-0.0890525,508.109,-0.022091,81.1256,-0.0107736,0.360128,-0.947575,11.6582,-0.022091,11.8019,-0.0107736,2.65399,2.2945,2.07862,1.02255
1980-09-30,scv,66933.8,-0.143877,7143.45,-0.0729059,324.29,-0.0359703,2745.72,-0.143877,1240.08,-0.0729059,128.87,-0.0359703,514.407,-0.143877,513.757,-0.0729059,81.9468,-0.0359703,0.36408,-0.943808,11.7878,-0.0729059,11.9214,-0.0359703,2.66436,2.30569,2.09015,1.03586
1980-10-31,scv,70966.4,-0.112258,7393.79,-0.0554743,331.494,-0.0265369,2911.15,-0.112258,1283.54,-0.0554743,131.732,-0.0265369,545.399,-0.112258,531.762,-0.0554743,83.7671,-0.0265369,0.386015,-0.941733,12.2009,-0.0554743,12.1862,-0.0265369,2.66404,2.30555,2.09012,1.03649
1980-11-30,scv,75742.1,-0.0859889,7676.7,-0.039575,339.34,-0.0165289,3107.05,-0.0859889,1332.66,-0.039575,134.851,-0.0165289,582.101,-0.0859889,552.109,-0.039575,85.75,-0.0165289,0.411992,-0.940009,12.6678,-0.039575,12.4746,-0.0165289,2.67002,2.31196,2.0968,1.04428
1980-12-31,scv,71271.8,-0.206065,7510.46,-0.102942,338.028,-0.0499657,2923.67,-0.206065,1303.8,-0.102942,134.329,-0.0499657,547.746,-0.206065,540.152,-0.102942,85.4183,-0.0499657,0.387676,-0.94789,12.3934,-0.102942,12.4264,-0.0499657,2.67689,2.31936,2.10445,1.05309
1981-01-31,scv,73958.9,-0.0816404,7701.04,-0.040521,344.202,-0.0198106,3033.9,-0.0816404,1336.88,-0.040521,136.783,-0.0198106,568.397,-0.0816404,553.859,-0.040521,86.9784,-0.0198106,0.402292,-0.938554,12.7079,-0.040521,12.6533,-0.0198106,2.66659,2.3087,2.09365,1.04183
1981-02-28,scv,77692.9,-0.0815207,7942.98,-0.0358878,351.618,-0.013103,3187.08,-0.0815207,1378.88,-0.0358878,139.73,-0.013103,597.094,-0.0815207,571.259,-0.0358878,88.8524,-0.013103,0.422603,-0.938546,13.1072,-0.0358878,12.926,-0.013103,2.66936,2.31181,2.09695,1.0462
1981-03-31,scv,93572.6,-0.0153456,8770.08,-0.0071889,371.562,-0.00309838,3838.49,-0.0153456,1522.46,-0.0071889,147.655,-0.00309838,719.135,-0.0153456,630.745,-0.0071889,93.8923,-0.00309838,0.508979,-0.932272,14.472,-0.0071889,13.6592,-0.00309838,2.67387,2.31669,2.10202,1.05215
1981-04-30,scv,101290,-0.0454602,9177.41,-0.0221361,382.144,-0.0103568,4155.06,-0.0454602,1593.18,-0.0221361,151.86,-0.0103568,778.445,-0.0454602,660.04,-0.0221361,96.5662,-0.0103568,0.550957,-0.91877,15.1442,-0.0221361,14.0481,-0.0103568,2.69568,2.34,2.12608,1.07946
1981-05-31,scv,103699,-0.118383,9347.38,-0.0581939,388.044,-0.0278184,4253.89,-0.118383,1622.68,-0.0581939,154.205,-0.0278184,796.961,-0.118383,672.264,-0.0581939,98.0572,-0.0278184,0.564062,-0.919378,15.4247,-0.0581939,14.2651,-0.0278184,2.70413,2.34908,2.13543,1.09016
1981-06-30,scv,105064,-0.0501123,9474.55,-0.0220357,393.298,-0.0077807,4309.88,-0.0501123,1644.76,-0.0220357,156.293,-0.0077807,807.449,-0.0501123,681.41,-0.0220357,99.3848,-0.0077807,0.571485,-0.911173,15.6345,-0.0220357,14.4582,-0.0077807,2.70527,2.35041,2.13684,1.09204
1981-07-31,scv,98229.4,-0.1531,9226.09,-0.0717678,390.721,-0.0285948,4029.52,-0.1531,1601.63,-0.0717678,155.269,-0.0285948,754.924,-0.1531,663.541,-0.0717678,98.7335,-0.0285948,0.53431,-0.919274,15.2245,-0.0717678,14.3634,-0.0285948,2.70508,2.35025,2.13669,1.09208
1981-08-31,scv,83559.7,-0.244533,8569.41,-0.115464,379.006,-0.0438355,3427.74,-0.244533,1487.63,-0.115464,150.614,-0.0438355,642.183,-0.244533,616.312,-0.115464,95.7734,-0.0438355,0.454515,-0.927989,14.1409,-0.115464,13.9328,-0.0438355,2.69471,2.33925,2.12545,1.07965
1981-09-30,scv,70658.5,-0.388124,7942.71,-0.198234,367.335,-0.0841405,2898.52,-0.388124,1378.83,-0.198234,145.976,-0.0841405,543.033,-0.388124,571.24,-0.198234,92.8242,-0.0841405,0.38434,-0.941676,13.1067,-0.198234,13.5038,-0.0841405,2.67237,2.31555,2.10115,1.0527
1981-10-31,scv,80960.7,-0.355703,8554.1,-0.176438,383.371,-0.0709486,3321.13,-0.355703,1484.97,-0.176438,152.348,-0.0709486,622.208,-0.355703,615.211,-0.176438,96.8764,-0.0709486,0.440378,-0.938586,14.1156,-0.176438,14.0933,-0.0709486,2.64882,2.29074,2.07575,1.02495
1981-11-30,scv,89916.1,-0.24935,9062.75,-0.105557,396.613,-0.02629,3688.49,-0.24935,1573.27,-0.105557,157.61,-0.02629,691.034,-0.24935,651.793,-0.105557,100.223,-0.02629,0.48909,-0.928449,14.955,-0.105557,14.5801,-0.02629,2.66436,2.30734,2.0929,1.04447
1981-12-31,scv,84937.7,-0.246141,8849.36,-0.0953566,393.668,-0.0128693,3484.27,-0.246141,1536.23,-0.0953566,156.44,-0.0128693,652.773,-0.246141,636.446,-0.0953566,99.4784,-0.0128693,0.462011,-0.928143,14.6028,-0.0953566,14.4718,-0.0128693,2.67618,2.31999,2.10591,1.05926
1982-01-31,scv,81702.2,-0.296276,8718.53,-0.122262,392.365,-0.0238569,3351.54,-0.296276,1513.51,-0.122262,155.922,-0.0238569,627.907,-0.296276,627.037,-0.122262,99.149,-0.0238569,0.444411,-0.932922,14.3869,-0.122262,14.4239,-0.0238569,2.66778,2.31106,2.09675,1.04911
1982-02-28,scv,78586.6,-0.307798,8593.83,-0.125128,391.431,-0.0208661,3223.74,-0.307798,1491.87,-0.125128,155.551,-0.0208661,603.963,-0.307798,618.069,-0.125128,98.913,-0.0208661,0.427464,-0.93402,14.1812,-0.125128,14.3896,-0.0208661,2.66164,2.30455,2.09012,1.04192
1982-03-31,scv,80644.7,-0.326098,8748.24,-0.134062,396.78,-0.0229562,3308.16,-0.326098,1518.67,-0.134062,157.677,-0.0229562,619.78,-0.326098,629.174,-0.134062,100.265,-0.0229562,0.438659,-0.935764,14.436,-0.134062,14.5862,-0.0229562,2.6554,2.29797,2.08338,1.03445
1982-04-30,scv,88301,-0.258158,9203.79,-0.088897,409.138,-0.00454073,3622.24,-0.258158,1597.75,-0.088897,162.588,-0.00454073,678.621,-0.258158,661.937,-0.088897,103.388,-0.00454073,0.480305,-0.929288,15.1877,-0.088897,15.0405,-0.00454073,2.65737,2.30013,2.08558,1.03709
1982-05-31,scv,83194.2,-0.254429,8981.18,-0.0772704,406.217,-0.0230023,3412.75,-0.254429,1559.11,-0.0772704,161.427,-0.0230023,639.373,-0.254429,645.927,-0.0772704,102.649,-0.0230023,0.452527,-0.928933,14.8204,-0.0772704,14.9331,-0.0230023,2.66742,2.31084,2.09663,1.04954
1982-06-30,scv,80074.8,-0.295953,8853.23,-0.100129,405.127,-0.0319621,3284.79,-0.295953,1536.9,-0.100129,160.994,-0.0319621,615.4,-0.295953,636.725,-0.100129,102.374,-0.0319621,0.435559,-0.932891,14.6092,-0.100129,14.8931,-0.0319621,2.65851,2.30137,2.08694,1.03881
1982-07-31,scv,76240.1,-0.31071,8687.37,-0.103289,403.464,-0.0300854,3127.48,-0.31071,1508.1,-0.103289,160.333,-0.0300854,585.929,-0.31071,624.796,-0.103289,101.954,-0.0300854,0.414701,-0.934297,14.3355,-0.103289,14.8319,-0.0300854,2.65239,2.29494,2.08032,1.03158
1982-08-31,scv,93189.6,-0.363995,9651.9,-0.137229,426.852,-0.0443456,3822.77,-0.363995,1675.55,-0.137229,169.627,-0.0443456,716.191,-0.363995,694.165,-0.137229,107.864,-0.0443456,0.506896,-0.939376,15.9272,-0.137229,15.6917,-0.0443456,2.6447,2.2868,2.07199,1.02238
1982-09-30,scv,106078,-0.158706,10323.7,-0.00876064,442.432,-0.00418417,4351.46,-0.158706,1792.17,-0.00876064,175.818,-0.00418417,815.24,-0.158706,742.481,-0.00876064,111.801,-0.00418417,0.576999,-0.919808,17.0357,-0.00876064,16.2644,-0.00418417,2.66844,2.31232,2.09836,1.05273
1982-10-31,scv,142302,-0.0729089,12018.7,-0.0364094,479.117,-0.0179684,5837.44,-0.0729089,2086.41,-0.0364094,190.397,-0.0179684,1093.64,-0.0729089,864.383,-0.0364094,121.071,-0.0179684,0.774038,-0.907671,19.8327,-0.0364094,17.613,-0.0179684,2.68405,2.32898,2.11552,1.07218
1982-11-30,scv,179080,-0.0585862,13549.9,-0.0292135,510.563,-0.0143618,7346.11,-0.0585862,2352.22,-0.0292135,202.893,-0.0143618,1376.28,-0.0585862,974.507,-0.0292135,129.017,-0.0143618,0.974087,-0.87542,22.3594,-0.0292135,18.769,-0.0143618,2.71923,2.36671,2.15451,1.1168
1982-12-31,scv,179889,-0.109004,13634.4,-0.0548425,513.931,-0.0268361,7379.33,-0.109004,2366.9,-0.0548425,204.231,-0.0268361,1382.51,-0.109004,980.586,-0.0548425,129.868,-0.0268361,0.978491,-0.854264,22.4989,-0.0548425,18.8928,-0.0268361,2.7464,2.39584,2.18461,1.15144
1983-01-31,scv,203309,-0.101398,14559.1,-0.0508,532.917,-0.0248645,8340.04,-0.101398,2527.42,-0.0508,211.776,-0.0248645,1562.49,-0.101398,1047.09,-0.0508,134.666,-0.0248645,1.10588,-0.846824,24.0248,-0.0508,19.5908,-0.0248645,2.74581,2.39533,2.18413,1.1512
1983-02-28,scv,242503,-0.0171174,15952.8,-0.00720625,559.495,-0.00345313,9947.84,-0.0171174,2769.37,-0.00720625,222.338,-0.00345313,1863.71,-0.0171174,1147.33,-0.00720625,141.382,-0.00345313,1.31907,-0.824544,26.3247,-0.00720625,20.5678,-0.00345313,2.75972,2.41028,2.19962,1.16915
1983-03-31,scv,282999,-0.0165712,17300.4,-0.00800316,584.722,-0.00370594,11609,-0.0165712,3003.3,-0.00800316,232.363,-0.00370594,2174.94,-0.0165712,1244.24,-0.00800316,147.757,-0.00370594,1.53935,-0.785955,28.5483,-0.00800316,21.4952,-0.00370594,2.78083,2.43281,2.22281,1.19537
1983-04-30,scv,340322,-0.0229024,19058.4,-0.0102616,616.258,-0.00393237,13960.5,-0.0229024,3308.49,-0.0102616,244.895,-0.00393237,2615.48,-0.0229024,1370.68,-0.0102616,155.726,-0.00393237,1.85115,-0.760562,31.4493,-0.0102616,22.6545,-0.00393237,2.79903,2.45221,2.24281,1.21799
1983-05-31,scv,385795,-0.030281,20373.3,-0.0149905,639.31,-0.00734526,15825.9,-0.030281,3536.75,-0.0149905,254.056,-0.00734526,2964.95,-0.030281,1465.25,-0.0149905,161.551,-0.00734526,2.09849,-0.71103,33.6191,-0.0149905,23.5019,-0.00734526,2.82073,2.47537,2.26663,1.24504
1983-06-30,scv,407073,-0.0759679,21015.2,-0.0379276,651.591,-0.0186123,16698.8,-0.0759679,3648.18,-0.0379276,258.936,-0.0186123,3128.49,-0.0759679,1511.41,-0.0379276,164.654,-0.0186123,2.21424,-0.669923,34.6783,-0.0379276,23.9534,-0.0186123,2.83511,2.49077,2.28256,1.26325
1983-07-31,scv,414439,-0.0572466,21301.6,-0.0282959,658.74,-0.0136162,17000.9,-0.0572466,3697.9,-0.0282959,261.777,-0.0136162,3185.09,-0.0572466,1532.01,-0.0282959,166.461,-0.0136162,2.2543,-0.649148,35.151,-0.0282959,24.2162,-0.0136162,2.8405,2.49664,2.28865,1.27051
1983-08-31,scv,405228,-0.132846,21144.7,-0.0668751,658.643,-0.0323248,16623,-0.132846,3670.67,-0.0668751,261.738,-0.0323248,3114.3,-0.132846,1520.73,-0.0668751,166.436,-0.0323248,2.2042,-0.671483,34.8921,-0.0668751,24.2126,-0.0323248,2.84142,2.49771,2.28979,1.27204
1983-09-30,scv,444196,-0.0727051,22237.1,-0.0323844,678.329,-0.0119963,18221.6,-0.0727051,3860.31,-0.0323844,269.562,-0.0119963,3413.78,-0.0727051,1599.29,-0.0323844,171.411,-0.0119963,2.41616,-0.648699,36.6947,-0.0323844,24.9364,-0.0119963,2.83758,2.49363,2.28566,1.26757
1983-10-31,scv,410943,-0.100428,21483.4,-0.0465349,669.577,-0.019425,16857.5,-0.100428,3729.46,-0.0465349,266.084,-0.019425,3158.23,-0.100428,1545.09,-0.0465349,169.2,-0.019425,2.23529,-0.645855,35.451,-0.0465349,24.6146,-0.019425,2.84781,2.50458,2.2969,1.28032
1983-11-30,scv,457026,-0.120722,22732.5,-0.0564647,690.98,-0.0236564,18747.9,-0.120722,3946.31,-0.0564647,274.589,-0.0236564,3512.39,-0.120722,1634.93,-0.0564647,174.608,-0.0236564,2.48595,-0.653844,37.5123,-0.0564647,25.4014,-0.0236564,2.83698,2.49308,2.28513,1.26718
1983-12-31,scv,455592,-0.031091,22770,-0.0142124,693.742,-0.00629315,18689,-0.031091,3952.81,-0.0142124,275.687,-0.00629315,3501.36,-0.031091,1637.62,-0.0142124,175.306,-0.00629315,2.47815,-0.616256,37.5741,-0.0142124,25.503,-0.00629315,2.84927,2.50618,2.29863,1.28245
1984-01-31,scv,474291,-0.0538669,23336,-0.0254723,705.309,-0.0110195,19456.1,-0.0538669,4051.06,-0.0254723,280.283,-0.0110195,3645.08,-0.0538669,1678.32,-0.0254723,178.229,-0.0110195,2.57986,-0.607439,38.508,-0.0254723,25.9282,-0.0110195,2.84805,2.50492,2.29734,1.28099
1984-02-29,scv,422645,-0.199819,22132,-0.100477,689.741,-0.046681,17337.5,-0.199819,3842.05,-0.100477,274.097,-0.046681,3248.16,-0.199819,1591.73,-0.100477,174.295,-0.046681,2.29894,-0.654315,36.5212,-0.100477,25.3559,-0.046681,2.85191,2.50902,2.30154,1.28587
1984-03-31,scv,445390,-0.15236,22799.7,-0.0722544,702.421,-0.0302733,18270.5,-0.15236,3957.97,-0.0722544,279.136,-0.0302733,3422.96,-0.15236,1639.76,-0.0722544,177.499,-0.0302733,2.42265,-0.633812,37.6231,-0.0722544,25.822,-0.0302733,2.83625,2.49246,2.28457,1.26711
1984-04-30,scv,438513,-0.155759,22718.1,-0.0703028,704.006,-0.0251629,17988.4,-0.155759,3943.8,-0.0703028,279.765,-0.0251629,3370.11,-0.155759,1633.88,-0.0703028,177.899,-0.0251629,2.38525,-0.635281,37.4884,-0.0703028,25.8803,-0.0251629,2.84181,2.49841,2.29074,1.27412
1984-05-31,scv,380339,-0.243481,21262.5,-0.113527,684.174,-0.0416379,15602.1,-0.243481,3691.11,-0.113527,271.884,-0.0416379,2923.03,-0.243481,1529.2,-0.113527,172.888,-0.0416379,2.06882,-0.673177,35.0864,-0.113527,25.1512,-0.0416379,2.8388,2.49523,2.28748,1.27055
1984-06-30,scv,385120,-0.247495,21490.6,-0.112158,690.768,-0.0370062,15798.2,-0.247495,3730.71,-0.112158,274.505,-0.0370062,2959.77,-0.247495,1545.6,-0.112158,174.554,-0.0370062,2.09482,-0.674911,35.4629,-0.112158,25.3936,-0.0370062,2.81974,2.47501,2.26675,1.24754
1984-07-31,scv,345848,-0.310941,20455.7,-0.14645,676.805,-0.0519256,14187.2,-0.310941,3551.06,-0.14645,268.956,-0.0519256,2657.95,-0.310941,1471.18,-0.14645,171.026,-0.0519256,1.8812,-0.702321,33.7552,-0.14645,24.8803,-0.0519256,2.82013,2.47549,2.26723,1.24817
1984-08-31,scv,436924,-0.290251,23116.9,-0.133299,722.95,-0.0438798,17923.3,-0.290251,4013.03,-0.133299,287.294,-0.0438798,3357.9,-0.290251,1662.57,-0.133299,182.687,-0.0438798,2.37661,-0.693382,38.1465,-0.133299,26.5767,-0.0438798,2.80559,2.46006,2.25138,1.23052
1984-09-30,scv,457286,-0.142756,23765.7,-0.0421002,736.544,-0.00337681,18758.5,-0.142756,4125.66,-0.0421002,292.696,-0.00337681,3514.38,-0.142756,1709.23,-0.0421002,186.122,-0.00337681,2.48736,-0.629663,39.2171,-0.0421002,27.0764,-0.00337681,2.8331,2.48939,2.28163,1.2648
1984-10-31,scv,452098,-0.120223,23744.6,-0.0237169,739.652,-0.00917531,18545.7,-0.120223,4122,-0.0237169,293.931,-0.00917531,3474.51,-0.120223,1707.71,-0.0237169,186.907,-0.00917531,2.45914,-0.619929,39.1823,-0.0237169,27.1907,-0.00917531,2.83746,2.49409,2.28646,1.27029
1984-11-30,scv,448273,-0.114145,23723.9,-0.0317589,741.702,-0.0146553,18388.8,-0.114145,4118.4,-0.0317589,294.746,-0.0146553,3445.12,-0.114145,1706.22,-0.0317589,187.425,-0.0146553,2.43834,-0.617303,39.1481,-0.0317589,27.266,-0.0146553,2.83479,2.49128,2.28358,1.26715
1984-12-31,scv,467763,-0.126921,24312.7,-0.0368034,753.152,-0.0152852,19188.3,-0.126921,4220.62,-0.0368034,299.295,-0.0152852,3594.91,-0.126921,1748.57,-0.0368034,190.318,-0.0152852,2.54435,-0.622822,40.1198,-0.0368034,27.6869,-0.0152852,2.83287,2.48924,2.28151,1.2649
1985-01-31,scv,586246,-0.0735669,27320.2,-0.00492114,801.105,-0.00129855,24048.7,-0.0735669,4742.72,-0.00492114,318.352,-0.00129855,4505.48,-0.0735669,1964.87,-0.00492114,202.436,-0.00129855,3.18883,-0.599773,45.0827,-0.00492114,29.4498,-0.00129855,2.83727,2.49393,2.28637,1.27051
1985-02-28,scv,604658,-0.0476617,27831.4,-0.0233141,810.917,-0.0109654,24803.9,-0.0476617,4831.46,-0.0233141,322.251,-0.0109654,4646.98,-0.0476617,2001.63,-0.0233141,204.915,-0.0109654,3.28898,-0.495473,45.9261,-0.0233141,29.8105,-0.0109654,2.8642,2.52265,2.31589,1.30379
1985-03-31,scv,620309,-0.0603664,28283.5,-0.0278662,820.095,-0.011324,25446,-0.0603664,4909.95,-0.0278662,325.898,-0.011324,4767.27,-0.0603664,2034.15,-0.0278662,207.235,-0.011324,3.37411,-0.486733,46.6723,-0.0278662,30.1479,-0.011324,2.86723,2.52588,2.31924,1.30765
1985-04-30,scv,638766,-0.0221693,28794.1,-0.00880776,830.091,-0.00396078,26203.1,-0.0221693,4998.58,-0.00880776,329.87,-0.00396078,4909.12,-0.0221693,2070.87,-0.00880776,209.761,-0.00396078,3.47451,-0.465869,47.5148,-0.00880776,30.5153,-0.00396078,2.86949,2.52833,2.32179,1.31059
1985-05-31,scv,690051,-0.0246827,30032.6,-0.0116555,850.599,-0.00509351,28306.9,-0.0246827,5213.58,-0.0116555,338.02,-0.00509351,5303.26,-0.0246827,2159.94,-0.0116555,214.943,-0.00509351,3.75347,-0.453011,49.5584,-0.0116555,31.2692,-0.00509351,2.87231,2.53131,2.32485,1.31409
1985-06-30,scv,727294,-0.0181786,30928.1,-0.00835959,865.803,-0.00343452,29834.7,-0.0181786,5369.04,-0.00835959,344.062,-0.00343452,5589.49,-0.0181786,2224.35,-0.00835959,218.785,-0.00343452,3.95605,-0.407272,51.0362,-0.00835959,31.8281,-0.00343452,2.88095,2.54049,2.33432,1.32482
1985-07-31,scv,741878,-0.09822,31358,-0.0490789,874.807,-0.0237472,30432.9,-0.09822,5443.67,-0.0490789,347.64,-0.0237472,5701.57,-0.09822,2255.27,-0.0490789,221.06,-0.0237472,4.03537,-0.372169,51.7457,-0.0490789,32.1591,-0.0237472,2.88665,2.54659,2.34058,1.33185
1985-08-31,scv,740909,-0.121025,31416.5,-0.0603837,877.619,-0.0288891,30393.2,-0.121025,5453.82,-0.0603837,348.758,-0.0288891,5694.12,-0.121025,2259.47,-0.0603837,221.771,-0.0288891,4.0301,-0.383186,51.8421,-0.0603837,32.2625,-0.0288891,2.88794,2.54809,2.34216,1.33387
1985-09-30,scv,649296,-0.205319,29507.2,-0.103147,853.056,-0.0479483,26635.1,-0.205319,5122.38,-0.103147,338.996,-0.0479483,4990.05,-0.205319,2122.16,-0.103147,215.564,-0.0479483,3.53179,-0.442339,48.6916,-0.103147,31.3595,-0.0479483,2.88707,2.54717,2.34129,1.33302
1985-10-31,scv,703434,-0.190944,30824.6,-0.0930058,874.943,-0.040525,28855.9,-0.190944,5351.07,-0.0930058,347.694,-0.040525,5406.11,-0.190944,2216.9,-0.0930058,221.095,-0.040525,3.82626,-0.432251,50.8654,-0.0930058,32.1642,-0.040525,2.86981,2.52891,2.32249,1.31217
1985-11-30,scv,824134,-0.126511,33478.1,-0.0549213,914.657,-0.0179111,33807.2,-0.126511,5811.72,-0.0549213,363.476,-0.0179111,6333.73,-0.126511,2407.75,-0.0549213,231.13,-0.0179111,4.4828,-0.387036,55.2442,-0.0549213,33.6241,-0.0179111,2.87879,2.53845,2.33232,1.32329
1985-12-31,scv,887477,-0.0295475,34865.5,-0.013902,936.463,-0.00634085,36405.6,-0.0295475,6052.56,-0.013902,372.142,-0.00634085,6820.54,-0.0295475,2507.53,-0.013902,236.641,-0.00634085,4.82735,-0.295878,57.5336,-0.013902,34.4257,-0.00634085,2.89736,2.55828,2.35277,1.34635
1986-01-31,scv,937656,-0.0764635,35990.8,-0.0382714,954.83,-0.0189205,38464,-0.0764635,6247.92,-0.0382714,379.44,-0.0189205,7206.18,-0.0764635,2588.46,-0.0382714,241.282,-0.0189205,5.10029,-0.248762,59.3905,-0.0382714,35.1009,-0.0189205,2.90552,2.56695,2.36173,1.35662
1986-02-28,scv,1.12048e+06,-0.0143607,39476.3,-0.00689435,1002.98,-0.00315065,45963.7,-0.0143607,6852.99,-0.00689435,398.576,-0.00315065,8611.24,-0.0143607,2839.14,-0.00689435,253.45,-0.00315065,6.09474,-0.195114,65.1421,-0.00689435,36.8711,-0.00315065,2.91093,2.57288,2.36789,1.36393
1986-03-31,scv,1.27858e+06,-0.0270902,42321.6,-0.0132748,1041.78,-0.00634479,52449.2,-0.0270902,7346.92,-0.0132748,413.992,-0.00634479,9826.29,-0.0270902,3043.77,-0.0132748,263.252,-0.00634479,6.95471,-0.0284594,69.8373,-0.0132748,38.2971,-0.00634479,2.93191,2.59522,2.39089,1.38998
1986-04-30,scv,1.28391e+06,-0.0599168,42526.3,-0.0297881,1046.73,-0.014487,52667.9,-0.0599168,7382.46,-0.0297881,415.963,-0.014487,9867.26,-0.0599168,3058.5,-0.0297881,264.506,-0.014487,6.98371,-0.0599168,70.1751,-0.0297881,38.4795,-0.014487,2.94706,2.61141,2.40757,1.40894
1986-05-31,scv,1.39471e+06,-0.0694914,44432.8,-0.0337795,1072.29,-0.0161084,57213.3,-0.0694914,7713.43,-0.0337795,426.118,-0.0161084,10718.8,-0.0694914,3195.61,-0.0337795,270.963,-0.0161084,7.58642,-0.0694914,73.3212,-0.0337795,39.4189,-0.0161084,2.94674,2.61114,2.40732,1.40894
1986-06-30,scv,1.45397e+06,-0.0483484,45482.6,-0.0236314,1087.28,-0.0111547,59644.1,-0.0483484,7895.66,-0.0236314,432.076,-0.0111547,11174.2,-0.0483484,3271.11,-0.0236314,274.752,-0.0111547,7.90875,-0.0483484,75.0534,-0.0236314,39.9701,-0.0111547,2.95618,2.62121,2.41774,1.42077
1986-07-31,scv,1.21335e+06,-0.173121,41689.4,-0.0878778,1043.55,-0.0428591,49773.5,-0.173121,7237.18,-0.0878778,414.697,-0.0428591,9324.99,-0.173121,2998.31,-0.0878778,263.701,-0.0428591,6.59991,-0.173121,68.7941,-0.0878778,38.3624,-0.0428591,2.96053,2.62588,2.42257,1.42638
1986-08-31,scv,1.35903e+06,-0.181823,44226.7,-0.0924767,1077.18,-0.0450758,55749.3,-0.181823,7677.65,-0.0924767,428.059,-0.0450758,10444.5,-0.181823,3180.79,-0.0924767,272.198,-0.0450758,7.3923,-0.181823,72.981,-0.0924767,39.5985,-0.0450758,2.93713,2.60116,2.39725,1.39845
1986-09-30,scv,1.17588e+06,-0.234701,41298,-0.118101,1043.53,-0.0554201,48236.4,-0.234701,7169.23,-0.118101,414.691,-0.0554201,9037.02,-0.234701,2970.15,-0.118101,263.697,-0.0554201,6.39609,-0.234701,68.1482,-0.118101,38.3618,-0.0554201,2.95036,2.61525,2.41177,1.41491
1986-10-31,scv,1.22177e+06,-0.200489,42201.3,-0.0960496,1057.36,-0.0417003,50118.8,-0.200489,7326.03,-0.0960496,420.187,-0.0417003,9389.68,-0.200489,3035.12,-0.0960496,267.192,-0.0417003,6.6457,-0.200489,69.6387,-0.0960496,38.8702,-0.0417003,2.93109,2.59502,2.39108,1.3925
1986-11-30,scv,1.22986e+06,-0.207677,42441.8,-0.0978223,1062.52,-0.0400301,50450.8,-0.207677,7367.79,-0.0978223,422.234,-0.0400301,9451.89,-0.207677,3052.41,-0.0978223,268.494,-0.0400301,6.68972,-0.207677,70.0356,-0.0978223,39.0597,-0.0400301,2.93512,2.59931,2.39557,1.39755
1986-12-31,scv,1.1555e+06,-0.221358,41250,-0.102661,1049.93,-0.0398681,47400.5,-0.221358,7160.9,-0.102661,417.233,-0.0398681,8880.41,-0.221358,2966.7,-0.102661,265.313,-0.0398681,6.28525,-0.221358,68.069,-0.102661,38.597,-0.0398681,2.93521,2.59946,2.39572,1.39797
1987-01-31,scv,1.46101e+06,-0.179329,46535.9,-0.0783684,1117.85,-0.0267077,59932.9,-0.179329,8078.51,-0.0783684,444.224,-0.0267077,11228.3,-0.179329,3346.86,-0.0783684,282.477,-0.0267077,7.94704,-0.179329,76.7915,-0.0783684,41.0939,-0.0267077,2.92674,2.59055,2.38657,1.38794
1987-02-28,scv,1.6643e+06,-0.020622,49786.4,-0.0101387,1158.57,-0.00487626,68272,-0.020622,8642.8,-0.0101387,460.407,-0.00487626,12790.7,-0.020622,3580.64,-0.0101387,292.767,-0.00487626,9.05279,-0.020622,82.1555,-0.0101387,42.5909,-0.00487626,2.95437,2.62003,2.41699,1.42254
1987-03-31,scv,1.82622e+06,-0.0509487,52295.5,-0.0253672,1190.18,-0.0125068,74914.4,-0.0509487,9078.36,-0.0253672,472.968,-0.0125068,14035.1,-0.0509487,3761.09,-0.0253672,300.755,-0.0125068,9.93357,-0.0509487,86.2957,-0.0253672,43.7529,-0.0125068,2.96959,2.63625,2.43371,1.44152
1987-04-30,scv,1.62813e+06,-0.177235,49569.7,-0.0892319,1161.69,-0.0437723,66788.3,-0.177235,8605.17,-0.0892319,461.645,-0.0437723,12512.7,-0.177235,3565.05,-0.0892319,293.555,-0.0437723,8.85605,-0.177235,81.7977,-0.0892319,42.7054,-0.0437723,2.98008,2.64749,2.44534,1.45476
1987-05-31,scv,1.64761e+06,-0.175082,50002,-0.085864,1169.3,-0.0402125,67587.3,-0.175082,8680.22,-0.085864,464.668,-0.0402125,12662.4,-0.175082,3596.15,-0.085864,295.477,-0.0402125,8.96201,-0.175082,82.5112,-0.085864,42.985,-0.0402125,2.96452,2.63119,2.42869,1.43689
1987-06-30,scv,1.81288e+06,-0.13304,52572.4,-0.0620422,1201.66,-0.027074,74366.9,-0.13304,9126.43,-0.0620422,477.527,-0.027074,13932.5,-0.13304,3781.01,-0.0620422,303.654,-0.027074,9.86098,-0.13304,86.7527,-0.0620422,44.1746,-0.027074,2.96507,2.6319,2.42944,1.43807
1987-07-31,scv,2.09726e+06,-0.0465332,56692.1,-0.0159331,1250.72,-0.00759048,86032.6,-0.0465332,9841.6,-0.0159331,497.024,-0.00759048,16118.1,-0.0465332,4077.3,-0.0159331,316.052,-0.00759048,11.4078,-0.0465332,93.5509,-0.0159331,45.9782,-0.00759048,2.97615,2.64365,2.4416,1.4517
1987-08-31,scv,2.24921e+06,-0.0376613,58859.7,-0.0187085,1277.23,-0.00917372,92265.9,-0.0376613,10217.9,-0.0187085,507.559,-0.00917372,17285.9,-0.0376613,4233.19,-0.0187085,322.75,-0.00917372,12.2344,-0.0376613,97.1278,-0.0187085,46.9527,-0.00917372,2.99321,2.66181,2.46027,1.47282
1987-09-30,scv,2.14236e+06,-0.113725,57618.8,-0.0570774,1266.64,-0.0279785,87882.9,-0.113725,10002.5,-0.0570774,503.35,-0.0279785,16464.7,-0.113725,4143.95,-0.0570774,320.074,-0.0279785,11.6532,-0.113725,95.0801,-0.0570774,46.5634,-0.0279785,3.00096,2.67009,2.46884,1.48263
1987-10-31,scv,761316,-0.732576,36052.4,-0.457328,1015.51,-0.252251,31230.3,-0.732576,6258.61,-0.457328,403.555,-0.252251,5850.96,-0.732576,2592.89,-0.457328,256.616,-0.252251,3.0044,-0.775988,50.3313,-0.505334,34.2669,-0.286957,2.99399,2.66283,2.46139,1.47469
1987-11-30,scv,679602,-0.700231,34219.6,-0.420635,991.973,-0.224402,27878.3,-0.700231,5940.43,-0.420635,394.201,-0.224402,5222.95,-0.700231,2461.07,-0.420635,250.668,-0.224402,2.68192,-0.782516,47.7725,-0.509848,33.4726,-0.288076,2.84113,2.50752,2.30591,1.27325
1987-12-31,scv,757810,-0.730661,36307.5,-0.450216,1024.7,-0.243969,31086.5,-0.730661,6302.89,-0.450216,407.205,-0.243969,5824,-0.730661,2611.24,-0.450216,258.937,-0.243969,2.99056,-0.804593,50.6875,-0.534874,34.5768,-0.306037,2.82564,2.49135,2.28952,1.25594
1988-01-31,scv,885964,-0.656747,39395.7,-0.375684,1069.12,-0.191921,36343.6,-0.656747,6838.99,-0.375684,424.86,-0.191921,6808.92,-0.656747,2833.34,-0.375684,270.163,-0.191921,3.4963,-0.750968,54.9987,-0.471819,36.0759,-0.258262,2.83698,2.50371,2.30239,1.2716
1988-02-29,scv,1.0724e+06,-0.60174,43451.7,-0.326561,1125.2,-0.159961,43991.5,-0.60174,7543.1,-0.326561,447.145,-0.159961,8241.75,-0.60174,3125.05,-0.326561,284.334,-0.159961,4.23204,-0.71106,60.6611,-0.43026,37.9682,-0.228926,2.85426,2.5224,2.32184,1.29454
1988-03-31,scv,1.15859e+06,-0.528189,45304,-0.265204,1151.81,-0.120668,47527.2,-0.528189,7864.66,-0.265204,457.719,-0.120668,8904.15,-0.528189,3258.26,-0.265204,291.058,-0.120668,4.57217,-0.657699,63.247,-0.378351,38.866,-0.192859,2.87651,2.54605,2.34616,1.32217
1988-04-30,scv,1.22322e+06,-0.500641,46689.8,-0.241663,1171.92,-0.104444,50178.5,-0.500641,8105.23,-0.241663,465.71,-0.104444,9400.87,-0.500641,3357.93,-0.241663,296.139,-0.104444,4.82723,-0.637712,65.1817,-0.358435,39.5446,-0.177967,2.88481,2.55499,2.35539,1.33295
1988-05-31,scv,1.20581e+06,-0.491237,46478.6,-0.230846,1171.88,-0.0946192,49464.1,-0.491237,8068.57,-0.230846,465.695,-0.0946192,9267.04,-0.491237,3342.75,-0.230846,296.13,-0.0946192,4.75851,-0.63089,64.8869,-0.349283,39.5433,-0.168948,2.89034,2.56095,2.36163,1.34038
1988-06-30,scv,1.40806e+06,-0.454856,50356.9,-0.203186,1222.61,-0.0778855,57760.7,-0.454856,8741.83,-0.203186,485.852,-0.0778855,10821.4,-0.454856,3621.67,-0.203186,308.948,-0.0778855,5.55665,-0.604495,70.3012,-0.325883,41.2549,-0.153588,2.88782,2.55839,2.35901,1.33764
1988-07-31,scv,1.40102e+06,-0.392542,50387.4,-0.154471,1226.68,-0.0454436,57471.8,-0.392542,8747.12,-0.154471,487.473,-0.0454436,10767.3,-0.392542,3623.86,-0.154471,309.978,-0.0454436,5.52886,-0.559286,70.3437,-0.284669,41.3926,-0.12381,2.90568,2.57737,2.37855,1.35983
1988-08-31,scv,1.33052e+06,-0.42928,49292.2,-0.177813,1217.59,-0.0559445,54579.9,-0.42928,8557.01,-0.177813,483.859,-0.0559445,10225.5,-0.42928,3545.1,-0.177813,307.68,-0.0559445,5.25066,-0.585939,68.8149,-0.304417,41.0857,-0.133449,2.9043,2.57591,2.37707,1.35822
1988-09-30,scv,1.41314e+06,-0.422728,50970.1,-0.172153,1242.11,-0.0516812,57969.1,-0.422728,8848.28,-0.172153,493.603,-0.0516812,10860.4,-0.422728,3665.77,-0.172153,313.876,-0.0516812,5.5767,-0.581186,71.1573,-0.299628,41.913,-0.129535,2.89709,2.56829,2.36928,1.34963
1988-10-31,scv,1.42024e+06,-0.39156,51272.2,-0.147212,1249.79,-0.0344079,58260.5,-0.39156,8900.72,-0.147212,496.656,-0.0344079,10915,-0.39156,3687.5,-0.147212,315.818,-0.0344079,5.60474,-0.558573,71.579,-0.278528,42.1723,-0.11368,2.90343,2.57509,2.37624,1.35757
1988-11-30,scv,1.30945e+06,-0.43459,49407.4,-0.173022,1230.85,-0.0438554,53715.5,-0.43459,8576.99,-0.173022,489.128,-0.0438554,10063.5,-0.43459,3553.38,-0.173022,311.031,-0.0438554,5.1675,-0.589792,68.9756,-0.300363,41.5331,-0.122352,2.90312,2.57482,2.376,1.3574
1988-12-31,scv,1.39504e+06,-0.421103,51167.5,-0.162295,1256.6,-0.0366513,57226.5,-0.421103,8882.54,-0.162295,499.36,-0.0366513,10721.3,-0.421103,3679.97,-0.162295,317.537,-0.0366513,5.50527,-0.580007,71.4328,-0.291288,42.4019,-0.115739,2.89246,2.5635,2.3644,1.34451
1989-01-31,scv,1.59758e+06,-0.385155,54943.5,-0.133915,1306.33,-0.0174781,65535.1,-0.385155,9538.05,-0.133915,519.125,-0.0174781,12277.9,-0.385155,3951.54,-0.133915,330.105,-0.0174781,6.30456,-0.553927,76.7044,-0.267278,44.0802,-0.0981401,2.89918,2.57065,2.3718,1.35288
1989-02-28,scv,1.63938e+06,-0.294321,55834.3,-0.068966,1320.74,-0.0106309,67249.9,-0.294321,9692.69,-0.068966,524.851,-0.0106309,12599.2,-0.294321,4015.6,-0.068966,333.747,-0.0106309,6.46952,-0.488026,77.9479,-0.21233,44.5664,-0.0619222,2.91448,2.58696,2.38858,1.37192
1989-03-31,scv,1.77738e+06,-0.276057,58357.1,-0.0540032,1354.88,-0.014435,72910.6,-0.276057,10130.7,-0.0540032,538.416,-0.014435,13659.7,-0.276057,4197.05,-0.0540032,342.372,-0.014435,7.01409,-0.474775,81.47,-0.199672,45.7182,-0.0516407,2.91676,2.58936,2.39105,1.37486
1989-04-30,scv,1.94421e+06,-0.214478,61229.7,-0.0106964,1392.06,-0.00338362,79754.2,-0.214478,10629.3,-0.0106964,553.192,-0.00338362,14941.8,-0.214478,4403.64,-0.0106964,351.768,-0.00338362,7.67245,-0.430099,85.4802,-0.163033,46.9729,-0.0267054,2.92535,2.59859,2.40057,1.38578
1989-05-31,scv,2.12119e+06,-0.145654,64247.4,-0.00517576,1432.29,-0.00224109,87014.2,-0.145654,11153.2,-0.00517576,569.179,-0.00224109,16302,-0.145654,4620.67,-0.00517576,361.934,-0.00224109,8.37088,-0.380167,89.6932,-0.124441,48.3304,-0.00224109,2.93524,2.60913,2.41138,1.39806
1989-06-30,scv,2.0889e+06,-0.0785965,63989.3,-0.0294941,1434.26,-0.0125979,85689.8,-0.0785965,11108.4,-0.0294941,569.961,-0.0125979,16053.9,-0.0785965,4602.11,-0.0294941,362.431,-0.0125979,8.24346,-0.331517,89.3328,-0.0834348,48.3968,-0.0125979,2.94451,2.61898,2.42155,1.40953
1989-07-31,scv,2.26417e+06,-0.0788324,66832.3,-0.0294727,1470.25,-0.012439,92879.6,-0.0788324,11601.9,-0.0294727,584.262,-0.012439,17400.9,-0.0788324,4806.58,-0.0294727,371.525,-0.012439,8.93514,-0.331688,93.3019,-0.0834146,49.6111,-0.012439,2.94172,2.61604,2.41856,1.4063
1989-08-31,scv,2.40208e+06,-0.0558771,69095,-0.0270704,1500.2,-0.0124179,98536.8,-0.0558771,11994.7,-0.0270704,596.165,-0.0124179,18460.7,-0.0558771,4969.31,-0.0270704,379.094,-0.0124179,9.47937,-0.277627,96.4607,-0.0440218,50.6219,-0.0124179,2.95048,2.62541,2.42818,1.41722
1989-09-30,scv,2.32487e+06,-0.0609188,68194.6,-0.0284638,1494.95,-0.012633,95369.6,-0.0609188,11838.4,-0.0284638,594.08,-0.012633,17867.4,-0.0609188,4904.56,-0.0284638,377.768,-0.012633,9.17467,-0.274896,95.2037,-0.0361792,50.4448,-0.012633,2.95657,2.6319,2.43485,1.42489
1989-10-31,scv,1.90215e+06,-0.225867,62005.6,-0.113171,1430.87,-0.0557438,78029.2,-0.225867,10764,-0.113171,568.615,-0.0557438,14618.7,-0.225867,4459.44,-0.113171,361.575,-0.0557438,7.50651,-0.402259,86.5635,-0.120063,48.2825,-0.0557438,2.95186,2.62687,2.42973,1.41924
1989-11-30,scv,1.87895e+06,-0.230698,61837.1,-0.113585,1433.53,-0.054299,77077.1,-0.230698,10734.8,-0.113585,569.671,-0.054299,14440.3,-0.230698,4447.33,-0.113585,362.247,-0.054299,7.41492,-0.405989,86.3283,-0.120473,48.3722,-0.054299,2.92611,2.59978,2.40206,1.38884
1989-12-31,scv,1.84045e+06,-0.294551,61418.8,-0.148239,1433.16,-0.069513,75498,-0.294551,10662.2,-0.148239,569.526,-0.069513,14144.4,-0.294551,4417.24,-0.148239,362.155,-0.069513,7.263,-0.455293,85.7443,-0.154858,48.3599,-0.069513,2.92375,2.5973,2.39953,1.38614
1990-01-31,scv,1.44265e+06,-0.409653,54630,-0.216502,1356.55,-0.103549,59179.5,-0.409653,9483.63,-0.216502,539.081,-0.103549,11087.2,-0.409653,3928.99,-0.216502,342.795,-0.103549,5.69314,-0.544168,76.2667,-0.222591,45.7747,-0.103549,2.92025,2.59369,2.39584,1.38221
1990-02-28,scv,1.51574e+06,-0.394099,56174.8,-0.205977,1379.64,-0.0972676,62177.7,-0.394099,9751.81,-0.205977,548.254,-0.0972676,11648.9,-0.394099,4040.1,-0.205977,348.628,-0.0972676,5.98157,-0.532158,78.4234,-0.212147,46.5536,-0.0972676,2.88967,2.56137,2.36275,1.34558
1990-03-31,scv,1.59137e+06,-0.370387,57759.8,-0.188032,1403.65,-0.0844492,65280.5,-0.370387,10027,-0.188032,557.797,-0.0844492,12230.2,-0.370387,4154.09,-0.188032,354.696,-0.0844492,6.28006,-0.51385,80.6361,-0.194342,47.3639,-0.0844492,2.89474,2.56681,2.36833,1.35198
1990-04-30,scv,1.38878e+06,-0.424414,54141.1,-0.218423,1363.18,-0.0960798,56970,-0.424414,9398.77,-0.218423,541.715,-0.0960798,10673.2,-0.424414,3893.83,-0.218423,344.47,-0.0960798,5.48058,-0.555566,75.5843,-0.224497,45.9984,-0.0960798,2.89969,2.57206,2.37377,1.35815
1990-05-31,scv,1.54002e+06,-0.421359,57212.5,-0.216111,1406.01,-0.0944702,63173.8,-0.421359,9931.94,-0.216111,558.737,-0.0944702,11835.5,-0.421359,4114.72,-0.216111,355.294,-0.0944702,6.0774,-0.553207,79.872,-0.222202,47.4437,-0.0944702,2.88248,2.55385,2.35508,1.33732
1990-06-30,scv,1.51716e+06,-0.382639,56983.2,-0.185287,1407.73,-0.0714498,62236,-0.382639,9892.13,-0.185287,559.418,-0.0714498,11659.8,-0.382639,4098.23,-0.185287,355.727,-0.0714498,5.98719,-0.52331,79.5519,-0.191618,47.5016,-0.0714498,2.89396,2.56605,2.36761,1.3515
1990-07-31,scv,1.32652e+06,-0.450219,53487.9,-0.227853,1368.41,-0.0926153,54415.9,-0.450219,9285.37,-0.227853,543.792,-0.0926153,10194.7,-0.450219,3846.85,-0.227853,345.791,-0.0926153,5.23487,-0.575491,74.6723,-0.233853,46.1747,-0.0926153,2.89124,2.56322,2.36474,1.34841
1990-08-31,scv,929732,-0.652734,45126.9,-0.38251,1262.57,-0.18577,38139,-0.652734,7833.91,-0.38251,501.735,-0.18577,7145.28,-0.652734,3245.53,-0.38251,319.047,-0.18577,3.66902,-0.731861,62.9998,-0.387309,42.6035,-0.18577,2.87408,2.5451,2.34616,1.3278
1990-09-30,scv,718464,-0.704537,39830.6,-0.42733,1189.9,-0.212692,29472.4,-0.704537,6914.49,-0.42733,472.857,-0.212692,5521.62,-0.704537,2864.62,-0.42733,300.684,-0.212692,2.83529,-0.77186,55.6059,-0.43178,40.1515,-0.212692,2.82855,2.49727,2.29737,1.27478
1990-10-31,scv,592224,-0.755237,36335.9,-0.47627,1140.81,-0.244232,24293.9,-0.755237,6307.83,-0.47627,453.347,-0.244232,4551.42,-0.755237,2613.28,-0.47627,288.278,-0.244232,2.3371,-0.811008,50.7271,-0.48034,38.4949,-0.244232,2.79639,2.46326,2.2625,1.2361
1990-11-30,scv,674993,-0.753249,38938.6,-0.473988,1184.87,-0.24236,27689.2,-0.753249,6759.65,-0.473988,470.857,-0.24236,5187.53,-0.753249,2800.47,-0.473988,299.412,-0.24236,2.66374,-0.809473,54.3606,-0.478075,39.9816,-0.24236,2.7717,2.43724,2.23586,1.20673
1990-12-31,scv,720459,-0.715963,40377.5,-0.433498,1210.4,-0.211132,29554.3,-0.715963,7009.42,-0.433498,481.002,-0.211132,5536.96,-0.715963,2903.95,-0.433498,305.863,-0.211132,2.84316,-0.780683,56.3693,-0.4379,40.8431,-0.211132,2.78638,2.45287,2.25199,1.22513
1991-01-31,scv,881214,-0.731335,44841,-0.446266,1278.99,-0.216836,36148.7,-0.731335,7784.28,-0.446266,508.257,-0.216836,6772.41,-0.731335,3224.96,-0.446266,323.195,-0.216836,3.47755,-0.792552,62.6006,-0.450569,43.1574,-0.216836,2.79313,2.46015,2.25949,1.23385
1991-02-28,scv,1.16875e+06,-0.621976,51886,-0.341238,1380.38,-0.144286,47943.7,-0.621976,9007.27,-0.341238,548.551,-0.144286,8982.19,-0.621976,3731.64,-0.341238,348.817,-0.144286,4.61225,-0.708112,72.4359,-0.346357,46.5788,-0.144286,2.81578,2.48441,2.28457,1.26291
1991-03-31,scv,1.38224e+06,-0.505143,56597,-0.242812,1444.95,-0.0795921,56701.7,-0.505143,9825.09,-0.242812,574.208,-0.0795921,10623,-0.505143,4070.46,-0.242812,365.132,-0.0795921,5.45478,-0.6179,79.0127,-0.248696,48.7574,-0.0795921,2.84788,2.51876,2.31999,1.30348
1991-04-30,scv,1.43195e+06,-0.434017,57779.5,-0.187805,1463.48,-0.0446006,58740.8,-0.434017,10030.4,-0.187805,581.572,-0.0446006,11005,-0.434017,4155.51,-0.187805,369.815,-0.0446006,5.65094,-0.562981,80.6637,-0.194116,49.3827,-0.0446006,2.86691,2.53904,2.3409,1.32744
1991-05-31,scv,1.53009e+06,-0.42467,59893,-0.177524,1493.5,-0.0352053,62766.6,-0.42467,10397.3,-0.177524,593.502,-0.0352053,11759.2,-0.42467,4307.5,-0.177524,377.401,-0.0352053,6.03823,-0.555763,83.6141,-0.183915,50.3958,-0.0352053,2.87019,2.54258,2.34463,1.332
1991-06-30,scv,1.34654e+06,-0.4423,56330.4,-0.187256,1451.5,-0.0379652,55236.9,-0.4423,9778.82,-0.187256,576.814,-0.0379652,10348.5,-0.4423,4051.29,-0.187256,366.789,-0.0379652,5.31386,-0.569377,78.6406,-0.193572,48.9787,-0.0379652,2.87726,2.55016,2.35245,1.34101
1991-07-31,scv,1.45016e+06,-0.455472,58607.3,-0.196356,1483.94,-0.0427701,59487.9,-0.455472,10174.1,-0.196356,589.703,-0.0427701,11145,-0.455472,4215.04,-0.196356,374.985,-0.0427701,5.72281,-0.579547,81.8192,-0.202601,50.0732,-0.0427701,2.86126,2.53328,2.33514,1.32183
1991-08-31,scv,1.61233e+06,-0.421181,62044.1,-0.167712,1530.86,-0.0248884,66140,-0.421181,10770.7,-0.167712,608.351,-0.0248884,12391.2,-0.421181,4462.21,-0.167712,386.843,-0.0248884,6.36275,-0.553069,86.6172,-0.17418,51.6566,-0.0248884,2.86939,2.54195,2.34408,1.332
1991-09-30,scv,1.54836e+06,-0.37919,60948.2,-0.135527,1520.48,-0.0164207,63516.1,-0.37919,10580.5,-0.135527,604.225,-0.0164207,11899.6,-0.37919,4383.4,-0.135527,384.22,-0.0164207,6.11033,-0.520646,85.0874,-0.142245,51.3063,-0.0164207,2.88056,2.55401,2.35661,1.34684
1991-10-31,scv,1.61024e+06,-0.408121,62347.3,-0.154252,1541.68,-0.0254859,66054.6,-0.408121,10823.3,-0.154252,612.651,-0.0254859,12375.2,-0.408121,4484.02,-0.154252,389.578,-0.0254859,6.35454,-0.542986,87.0405,-0.160825,52.0217,-0.0254859,2.87505,2.54824,2.35068,1.34038
1991-11-30,scv,1.35925e+06,-0.440034,57482.6,-0.172766,1483.82,-0.0464798,55758.6,-0.440034,9978.84,-0.172766,589.655,-0.0464798,10446.3,-0.440034,4134.15,-0.172766,374.955,-0.0464798,5.36405,-0.567627,80.2492,-0.179194,50.0691,-0.0464798,2.87874,2.55224,2.35488,1.34543
1991-12-31,scv,1.63924e+06,-0.469574,63364.2,-0.194004,1561.82,-0.0579161,67244.2,-0.469574,10999.9,-0.194004,620.652,-0.0579161,12598.1,-0.469574,4557.16,-0.194004,394.665,-0.0579161,6.46898,-0.590436,88.4602,-0.200267,52.7011,-0.0579161,2.85735,2.52974,2.33189,1.32023
1992-01-31,scv,2.15074e+06,-0.317074,72834.2,-0.0828079,1678.7,-0.0102949,88226.5,-0.317074,12643.8,-0.0828079,667.1,-0.0102949,16529.1,-0.317074,5238.24,-0.0828079,424.201,-0.0102949,8.4875,-0.472684,101.681,-0.0899354,56.6451,-0.0102949,2.87828,2.55212,2.355,1.34691
1992-02-29,scv,2.58906e+06,-0.095643,80052,-0.0168594,1761.94,-0.00829983,106207,-0.095643,13896.8,-0.0168594,700.18,-0.00829983,19897.7,-0.095643,5757.34,-0.0168594,445.236,-0.00829983,10.2172,-0.301708,111.757,-0.0168594,59.454,-0.00829983,2.90928,2.58519,2.38904,1.38566
1992-03-31,scv,2.51046e+06,-0.0707674,79054.8,-0.0350137,1755.09,-0.0168884,102983,-0.0707674,13723.7,-0.0350137,697.455,-0.0168884,19293.7,-0.0707674,5685.62,-0.0350137,443.503,-0.0168884,9.90707,-0.217317,110.365,-0.0350137,59.2226,-0.0168884,2.93058,2.60784,2.4124,1.41224
1992-04-30,scv,2.41497e+06,-0.16496,77811.4,-0.0826424,1745.51,-0.0394149,99065.4,-0.16496,13507.9,-0.0826424,693.651,-0.0394149,18559.8,-0.16496,5596.2,-0.0826424,441.085,-0.0394149,9.53022,-0.296655,108.629,-0.0826424,58.8997,-0.0394149,2.92606,2.60313,2.40757,1.40712
1992-05-31,scv,2.56798e+06,-0.0869658,80342.3,-0.0384775,1775.58,-0.0148344,105342,-0.0869658,13947.2,-0.0384775,705.599,-0.0148344,19735.7,-0.0869658,5778.22,-0.0384775,448.682,-0.0148344,10.134,-0.230961,112.163,-0.0384775,59.9141,-0.0148344,2.92021,2.59711,2.40152,1.40093
1992-06-30,scv,2.35918e+06,-0.145139,77145.5,-0.0732207,1742.11,-0.0366421,96777.1,-0.145139,13392.3,-0.0732207,692.299,-0.0366421,18131.1,-0.145139,5548.31,-0.0732207,440.225,-0.0366421,9.31008,-0.279959,107.7,-0.0732207,58.7848,-0.0366421,2.92708,2.60442,2.40905,1.40953
1992-07-31,scv,2.60292e+06,-0.100382,81151.3,-0.0485899,1788.9,-0.0233471,106776,-0.100382,14087.7,-0.0485899,710.891,-0.0233471,20004.3,-0.100382,5836.4,-0.0485899,452.047,-0.0233471,10.272,-0.242261,113.292,-0.0485899,60.3635,-0.0233471,2.91644,2.59322,2.39761,1.39692
1992-08-31,scv,2.4015e+06,-0.11063,78053.5,-0.052254,1756.39,-0.0256818,98512.9,-0.11063,13549.9,-0.052254,697.975,-0.0256818,18456.3,-0.11063,5613.61,-0.052254,443.834,-0.0256818,9.47707,-0.250892,108.967,-0.052254,59.2668,-0.0256818,2.92759,2.60512,2.4098,1.41083
1992-09-30,scv,2.49633e+06,-0.0854629,79686.7,-0.0386703,1776.67,-0.0184719,102403,-0.0854629,13833.4,-0.0386703,706.032,-0.0184719,19185.1,-0.0854629,5731.07,-0.0386703,448.957,-0.0184719,9.85133,-0.229695,111.247,-0.0386703,59.9509,-0.0184719,2.9177,2.59463,2.39907,1.39889
1992-10-31,scv,2.62272e+06,-0.120602,81810.3,-0.0556935,1802.4,-0.025943,107588,-0.120602,14202.1,-0.0556935,716.255,-0.025943,20156.4,-0.120602,5883.8,-0.0556935,455.458,-0.025943,10.3501,-0.259292,114.212,-0.0556935,60.819,-0.025943,2.92186,2.5991,2.40368,1.40418
1992-11-30,scv,3.12376e+06,-0.00923122,89405.3,-0.00452111,1886.26,-0.00216193,128141,-0.00923122,15520.5,-0.00452111,749.583,-0.00216193,24007.1,-0.00923122,6430.03,-0.00452111,476.651,-0.00216193,12.3273,-0.153135,124.815,-0.00452111,63.649,-0.00216193,2.92717,2.60476,2.40956,1.41098
1992-12-31,scv,3.56426e+06,-0.0339984,95641.8,-0.0168109,1953.27,-0.0081334,146211,-0.0339984,16603.2,-0.0168109,776.212,-0.0081334,27392.5,-0.0339984,6878.56,-0.0168109,493.584,-0.0081334,14.0657,-0.0339984,133.522,-0.0168109,65.9101,-0.0081334,2.94735,2.62624,2.43163,1.43591
1993-01-31,scv,4.21036e+06,-0.0194669,104103,-0.00965187,2040.13,-0.00473054,172715,-0.0194669,18072.1,-0.00965187,810.727,-0.00473054,32357.9,-0.0194669,7487.11,-0.00965187,515.532,-0.00473054,16.6154,-0.0194669,145.334,-0.00965187,68.8409,-0.00473054,2.96243,2.64227,2.44809,1.45461
1993-02-28,scv,4.30911e+06,-0.103779,105547,-0.0520537,2056.79,-0.0257672,176766,-0.103779,18322.7,-0.0520537,817.351,-0.0257672,33116.8,-0.103779,7590.94,-0.0520537,519.744,-0.0257672,17.0051,-0.103779,147.35,-0.0520537,69.4033,-0.0257672,2.98153,2.66256,2.46901,1.47828
1993-03-31,scv,4.73397e+06,-0.0329652,110786,-0.0161217,2109.79,-0.00763296,194194,-0.0329652,19232.1,-0.0161217,838.412,-0.00763296,36382,-0.0329652,7967.72,-0.0161217,533.136,-0.00763296,18.6817,-0.0329652,154.664,-0.0161217,71.1917,-0.00763296,2.98333,2.66463,2.4712,1.48129
1993-04-30,scv,4.38589e+06,-0.107351,106809,-0.0530881,2074.05,-0.0255176,179916,-0.107351,18541.8,-0.0530881,824.21,-0.0255176,33706.9,-0.107351,7681.71,-0.0530881,524.105,-0.0255176,17.3081,-0.107351,149.112,-0.0530881,69.9857,-0.0255176,2.99394,2.67591,2.48283,1.49445
1993-05-31,scv,4.76088e+06,-0.077166,111416,-0.0369651,2120.55,-0.017046,195298,-0.077166,19341.6,-0.0369651,842.686,-0.017046,36588.9,-0.077166,8013.08,-0.0369651,535.854,-0.017046,18.7879,-0.077166,155.544,-0.0369651,71.5546,-0.017046,2.98445,2.66589,2.47258,1.48314
1993-06-30,scv,4.91713e+06,-0.0421295,113384,-0.0209345,2141.69,-0.0102471,201708,-0.0421295,19683.2,-0.0209345,851.086,-0.0102471,37789.7,-0.0421295,8154.59,-0.0209345,541.196,-0.0102471,19.4045,-0.0421295,158.291,-0.0209345,72.2678,-0.0102471,2.99372,2.67575,2.48271,1.49464
1993-07-31,scv,5.19431e+06,-0.0254311,116677,-0.0125185,2174.93,-0.00602244,213078,-0.0254311,20254.8,-0.0125185,864.297,-0.00602244,39919.9,-0.0254311,8391.42,-0.0125185,549.596,-0.00602244,20.4984,-0.0254311,162.888,-0.0125185,73.3896,-0.00602244,2.99712,2.67936,2.48645,1.49896
1993-08-31,scv,5.69712e+06,-0.0087963,122350,-0.00434815,2229.72,-0.00212407,233704,-0.0087963,21239.6,-0.00434815,886.071,-0.00212407,43784.2,-0.0087963,8799.39,-0.00434815,563.442,-0.00212407,22.4826,-0.0087963,170.807,-0.00434815,75.2385,-0.00212407,3.00319,2.68587,2.49312,1.5065
1993-09-30,scv,6.08789e+06,-0.0519426,126679,-0.0260424,2271.52,-0.012964,249734,-0.0519426,21991.1,-0.0260424,902.681,-0.012964,46787.3,-0.0519426,9110.73,-0.0260424,574.004,-0.012964,24.0247,-0.0519426,176.851,-0.0260424,76.6489,-0.012964,3.01368,2.69699,2.50453,1.51943
1993-10-31,scv,6.51459e+06,-0.0312719,131207,-0.0153599,2314.3,-0.00734836,267238,-0.0312719,22777.1,-0.0153599,919.683,-0.00734836,50066.7,-0.0312719,9436.38,-0.0153599,584.815,-0.00734836,25.7086,-0.0312719,183.172,-0.0153599,78.0926,-0.00734836,3.02087,2.70469,2.51252,1.52859
1993-11-30,scv,6.04545e+06,-0.0927282,126592,-0.046274,2275.93,-0.022514,247993,-0.0927282,21976.1,-0.046274,904.432,-0.022514,46461.2,-0.0927282,9104.53,-0.046274,575.118,-0.022514,23.8573,-0.0927282,176.73,-0.046274,76.7976,-0.022514,3.02844,2.71274,2.5208,1.53798
1993-12-31,scv,6.43426e+06,-0.0783831,130786,-0.0378394,2316.05,-0.0173758,263943,-0.0783831,22704.1,-0.0378394,920.377,-0.0173758,49449.3,-0.0783831,9406.13,-0.0378394,585.257,-0.0173758,25.3916,-0.0783831,182.585,-0.0378394,78.1515,-0.0173758,3.01919,2.70296,2.51078,1.52694
1994-01-31,scv,7.303e+06,-0.0196457,139511,-0.00684708,2394.69,-0.00177656,299580,-0.0196457,24218.7,-0.00684708,951.628,-0.00177656,56125.9,-0.0196457,10033.6,-0.00684708,605.129,-0.00177656,28.82,-0.0196457,194.765,-0.00684708,80.8051,-0.00177656,3.02601,2.71027,2.51832,1.53555
1994-02-28,scv,7.05106e+06,-0.0675434,137311,-0.0330287,2378.41,-0.0157627,289245,-0.0675434,23836.8,-0.0330287,945.158,-0.0157627,54189.6,-0.0675434,9875.39,-0.0330287,601.015,-0.0157627,27.8257,-0.0675434,191.694,-0.0330287,80.2557,-0.0157627,3.04046,2.72561,2.5341,1.55333
1994-03-31,scv,6.20219e+06,-0.166465,129080,-0.0859619,2309.35,-0.043459,254423,-0.166465,22408,-0.0859619,917.713,-0.043459,47665.8,-0.166465,9283.44,-0.0859619,583.563,-0.043459,24.4758,-0.166465,180.203,-0.0859619,77.9253,-0.043459,3.03575,2.72066,2.52908,1.54801
1994-04-30,scv,6.4017e+06,-0.208665,131418,-0.107923,2333.07,-0.0541654,262607,-0.208665,22813.9,-0.107923,927.14,-0.0541654,49199.1,-0.208665,9451.6,-0.107923,589.558,-0.0541654,25.2631,-0.208665,183.468,-0.107923,78.7258,-0.0541654,3.01985,2.70393,2.51199,1.52927
1994-05-31,scv,6.40963e+06,-0.180029,131675,-0.090822,2337.97,-0.044244,262932,-0.180029,22858.5,-0.090822,929.088,-0.044244,49260,-0.180029,9470.09,-0.090822,590.796,-0.044244,25.2944,-0.180029,183.826,-0.090822,78.8912,-0.044244,3.02269,2.70709,2.51529,1.53347
1994-06-30,scv,6.06558e+06,-0.200616,128300,-0.100441,2310.65,-0.0477501,248819,-0.200616,22272.5,-0.100441,918.229,-0.0477501,46615.9,-0.200616,9227.32,-0.100441,583.891,-0.0477501,23.9367,-0.200616,179.114,-0.100441,77.9691,-0.0477501,3.02242,2.70685,2.51507,1.53332
1994-07-31,scv,6.41493e+06,-0.179011,132100,-0.0879418,2347.07,-0.0407578,263150,-0.179011,22932.2,-0.0879418,932.705,-0.0407578,49300.7,-0.179011,9500.63,-0.0879418,593.096,-0.0407578,25.3153,-0.179011,184.419,-0.0879418,79.1983,-0.0407578,3.01542,2.69949,2.50757,1.52509
1994-08-31,scv,7.07873e+06,-0.134458,139108,-0.0622327,2414.17,-0.0264891,290380,-0.134458,24148.8,-0.0622327,959.368,-0.0264891,54402.2,-0.134458,10004.7,-0.0622327,610.051,-0.0264891,27.9349,-0.134458,194.203,-0.0622327,81.4623,-0.0264891,3.02162,2.7061,2.51432,1.53281
1994-09-30,scv,7.02159e+06,-0.0789795,138878,-0.0303602,2417.42,-0.0145763,288036,-0.0789795,24108.8,-0.0303602,960.66,-0.0145763,53963.1,-0.0789795,9988.1,-0.0303602,610.872,-0.0145763,27.7094,-0.0789795,193.882,-0.0303602,81.5721,-0.0145763,3.03252,2.71763,2.52619,1.54619
1994-10-31,scv,6.67026e+06,-0.126324,135689,-0.0532973,2394.72,-0.0241705,273624,-0.126324,23555.2,-0.0532973,951.641,-0.0241705,51263.1,-0.126324,9758.74,-0.0532973,605.137,-0.0241705,26.323,-0.126324,189.429,-0.0532973,80.8062,-0.0241705,3.03092,2.71598,2.52449,1.54439
1994-11-30,scv,5.96616e+06,-0.229647,128664,-0.108809,2337.12,-0.0511989,244741,-0.229647,22335.8,-0.108809,928.749,-0.0511989,45851.8,-0.229647,9253.55,-0.108809,590.58,-0.0511989,23.5444,-0.229647,179.623,-0.108809,78.8624,-0.0511989,3.02426,2.70893,2.5173,1.53645
1994-12-31,scv,6.17604e+06,-0.269865,131281,-0.131005,2366.16,-0.0618742,253350,-0.269865,22790,-0.131005,940.292,-0.0618742,47464.8,-0.269865,9441.72,-0.131005,597.92,-0.0618742,24.3726,-0.269865,183.276,-0.131005,79.8425,-0.0618742,3.01043,2.69435,2.50237,1.5199
1995-01-31,scv,6.28332e+06,-0.179505,132723,-0.0771103,2384.26,-0.0317599,257751,-0.179505,23040.5,-0.0771103,947.483,-0.0317599,48289.3,-0.179505,9545.47,-0.0771103,602.493,-0.0317599,24.796,-0.179505,185.29,-0.0771103,80.4532,-0.0317599,3.01358,2.69777,2.50594,1.52419
1995-02-28,scv,6.99228e+06,-0.152342,140326,-0.059795,2456.48,-0.0206149,286834,-0.152342,24360.3,-0.059795,976.182,-0.0206149,53737.9,-0.152342,10092.3,-0.059795,620.742,-0.0206149,27.5938,-0.152342,195.904,-0.059795,82.89,-0.0206149,3.01499,2.6993,2.50752,1.52604
1995-03-31,scv,7.18545e+06,-0.0894488,142604,-0.0228855,2482.14,-0.00705359,294758,-0.0894488,24755.7,-0.0228855,986.38,-0.00705359,55222.5,-0.0894488,10256.1,-0.0228855,627.227,-0.00705359,28.3561,-0.0894488,199.084,-0.0228855,83.756,-0.00705359,3.02681,2.71187,2.52048,1.54073
1995-04-30,scv,7.80869e+06,-0.0319801,148967,-0.00972614,2541.85,-0.00466885,320324,-0.0319801,25860.4,-0.00972614,1010.11,-0.00466885,60012.2,-0.0319801,10713.7,-0.00972614,642.315,-0.00466885,30.8156,-0.0319801,207.967,-0.00972614,85.7707,-0.00466885,3.02939,2.71459,2.52328,1.54396
1995-05-31,scv,8.4008e+06,-0.0184817,154883,-0.00896789,2597.67,-0.00419067,344613,-0.0184817,26887.3,-0.00896789,1032.29,-0.00419067,64562.8,-0.0184817,11139.2,-0.00896789,656.42,-0.00419067,33.1522,-0.0184817,216.226,-0.00896789,87.6542,-0.00419067,3.03854,2.7243,2.53328,1.55525
1995-06-30,scv,9.37039e+06,-0.0229969,163981,-0.0111298,2678.94,-0.00523334,384387,-0.0229969,28466.7,-0.0111298,1064.59,-0.00523334,72014.4,-0.0229969,11793.5,-0.0111298,676.957,-0.00523334,36.9785,-0.0229969,228.928,-0.0111298,90.3966,-0.00523334,3.04643,2.73271,2.54192,1.56503
1995-07-31,scv,1.06109e+07,-0.0569485,174959,-0.0283965,2773.13,-0.0140288,435274,-0.0569485,30372.4,-0.0283965,1102.02,-0.0140288,81547.9,-0.0569485,12583,-0.0283965,700.759,-0.0140288,41.8739,-0.0569485,244.253,-0.0283965,93.575,-0.0140288,3.05847,2.7455,2.55508,1.57991
1995-08-31,scv,1.16907e+07,-0.00793758,184105,-0.00376985,2851.39,-0.00174607,479570,-0.00793758,31960.1,-0.00376985,1133.11,-0.00174607,89846.7,-0.00793758,13240.8,-0.00376985,720.534,-0.00174607,46.1352,-0.00793758,257.021,-0.00376985,96.2156,-0.00174607,3.0721,2.76004,2.57002,1.59698
1995-09-30,scv,1.21501e+07,-0.066756,188125,-0.0329473,2888.35,-0.0156915,498414,-0.066756,32658,-0.0329473,1147.8,-0.0156915,93377.2,-0.066756,13529.9,-0.0329473,729.875,-0.0156915,47.9481,-0.066756,262.633,-0.0329473,97.463,-0.0156915,3.0827,2.77128,2.58162,1.61007
1995-10-31,scv,1.08009e+07,-0.141117,177866,-0.0696108,2815.09,-0.0322441,443068,-0.141117,30877.1,-0.0696108,1118.69,-0.0322441,83008.2,-0.141117,12792.1,-0.0696108,711.362,-0.0322441,42.6237,-0.141117,248.312,-0.0696108,94.9907,-0.0322441,3.08652,2.77536,2.58582,1.61494
1995-11-30,scv,1.18566e+07,-0.132944,186782,-0.0649086,2890.97,-0.0295091,486376,-0.132944,32424.8,-0.0649086,1148.85,-0.0295091,91121.8,-0.132944,13433.3,-0.0649086,730.537,-0.0295091,46.79,-0.132944,260.758,-0.0649086,97.5513,-0.0295091,3.07202,2.76007,2.57014,1.59754
1995-12-31,scv,1.25193e+07,-0.0745529,192391,-0.030396,2940.23,-0.0125701,513560,-0.0745529,33398.7,-0.030396,1168.42,-0.0125701,96214.8,-0.0745529,13836.8,-0.030396,742.985,-0.0125701,49.4051,-0.0745529,268.59,-0.030396,99.2135,-0.0125701,3.08227,2.77092,2.58133,1.61019
1996-01-31,scv,1.26487e+07,-0.0729996,193902,-0.0359743,2958.6,-0.0171797,518869,-0.0729996,33660.8,-0.0359743,1175.72,-0.0171797,97209.4,-0.0729996,13945.4,-0.0359743,747.626,-0.0171797,49.9159,-0.0729996,270.698,-0.0359743,99.8333,-0.0171797,3.0879,2.77694,2.5875,1.61728
1996-02-29,scv,1.35441e+07,-0.0225968,201095,-0.0111984,3019.19,-0.00549919,555599,-0.0225968,34909.6,-0.0111984,1199.8,-0.00549919,104091,-0.0225968,14462.8,-0.0111984,762.936,-0.00549919,53.4493,-0.0225968,280.741,-0.0111984,101.878,-0.00549919,3.08829,2.77742,2.58803,1.61807
1996-03-31,scv,1.44317e+07,-0.0631861,208174,-0.0314931,3078.89,-0.0156465,592011,-0.0631861,36138.5,-0.0314931,1223.52,-0.0156465,110912,-0.0631861,14971.9,-0.0314931,778.023,-0.0156465,56.9522,-0.0631861,290.623,-0.0314931,103.892,-0.0156465,3.09562,2.78519,2.59604,1.62718
1996-04-30,scv,1.62048e+07,-0.0438992,221151,-0.0216412,3180.42,-0.0104433,664745,-0.0438992,38391.2,-0.0216412,1263.87,-0.0104433,124539,-0.0438992,15905.2,-0.0216412,803.679,-0.0104433,63.9493,-0.0438992,308.74,-0.0216412,107.318,-0.0104433,3.10205,2.79211,2.6032,1.63551
1996-05-31,scv,1.85752e+07,-0.0325863,237438,-0.0159611,3303.2,-0.0075975,761983,-0.0325863,41218.6,-0.0159611,1312.66,-0.0075975,142756,-0.0325863,17076.5,-0.0159611,834.707,-0.0075975,73.3037,-0.0325863,331.477,-0.0159611,111.461,-0.0075975,3.11475,2.80559,2.61706,1.65129
1996-06-30,scv,1.72155e+07,-0.132878,229214,-0.0659664,3252.6,-0.0310693,706206,-0.132878,39790.9,-0.0659664,1292.55,-0.0310693,132307,-0.132878,16485,-0.0659664,821.92,-0.0310693,67.9379,-0.132878,319.996,-0.0659664,109.754,-0.0310693,3.12966,2.82147,2.63343,1.66986
1996-07-31,scv,1.45476e+07,-0.267335,211519,-0.138303,3132.7,-0.0671737,596762,-0.267335,36719.2,-0.138303,1244.91,-0.0671737,111803,-0.267335,15212.4,-0.138303,791.621,-0.0671737,57.4093,-0.267335,295.293,-0.138303,105.708,-0.0671737,3.11997,2.81129,2.62301,1.65847
1996-08-31,scv,1.63012e+07,-0.211179,224450,-0.105191,3234.33,-0.0488062,668698,-0.211179,38964,-0.105191,1285.29,-0.0488062,125280,-0.211179,16142.5,-0.105191,817.303,-0.0488062,64.3296,-0.211179,313.346,-0.105191,109.138,-0.0488062,3.09904,2.78927,2.60056,1.6339
1996-09-30,scv,1.76992e+07,-0.137281,234383,-0.0619828,3311.88,-0.0239216,726046,-0.137281,40688.3,-0.0619828,1316.11,-0.0239216,136024,-0.137281,16856.8,-0.0619828,836.899,-0.0239216,69.8465,-0.137281,327.213,-0.0619828,111.754,-0.0239216,3.11157,2.8026,2.6142,1.64932
1996-10-31,scv,1.8046e+07,-0.0601576,237258,-0.0188338,3339.96,-0.00741562,740273,-0.0601576,41187.4,-0.0188338,1327.27,-0.00741562,138689,-0.0601576,17063.6,-0.0188338,843.995,-0.00741562,71.2152,-0.0601576,331.227,-0.0188338,112.702,-0.00741562,3.12053,2.81209,2.62399,1.66035
1996-11-30,scv,1.99396e+07,-0.0505377,249937,-0.0134485,3435.04,-0.00572521,817954,-0.0505377,43388.4,-0.0134485,1365.05,-0.00572521,153242,-0.0505377,17975.5,-0.0134485,868.022,-0.00572521,78.6882,-0.0505377,348.927,-0.0134485,115.91,-0.00572521,3.12211,2.81382,2.62576,1.66243
1996-12-31,scv,2.10457e+07,-0.0529985,257438,-0.0262706,3493.95,-0.0127034,863325,-0.0529985,44690.6,-0.0262706,1388.47,-0.0127034,161743,-0.0529985,18514.9,-0.0262706,882.909,-0.0127034,83.0529,-0.0529985,359.398,-0.0262706,117.898,-0.0127034,3.13308,2.8254,2.6377,1.67591
1997-01-31,scv,2.25603e+07,-0.0241956,267179,-0.0119358,3567.46,-0.0057774,925456,-0.0241956,46381.7,-0.0119358,1417.68,-0.0057774,173383,-0.0241956,19215.6,-0.0119358,901.483,-0.0057774,89.03,-0.0241956,372.998,-0.0119358,120.378,-0.0057774,3.13854,2.83125,2.64375,1.68288
1997-02-28,scv,2.31496e+07,-0.0253317,271216,-0.0124186,3601.32,-0.00592247,949631,-0.0253317,47082.4,-0.0124186,1431.13,-0.00592247,177912,-0.0253317,19505.8,-0.0124186,910.04,-0.00592247,91.3557,-0.0253317,378.633,-0.0124186,121.521,-0.00592247,3.14592,2.83909,2.65183,1.69203
1997-03-31,scv,2.182e+07,-0.114256,263953,-0.0573159,3560.27,-0.0277362,895090,-0.114256,45821.6,-0.0573159,1414.82,-0.0277362,167694,-0.114256,18983.5,-0.0573159,899.667,-0.0277362,86.1088,-0.114256,368.495,-0.0573159,120.136,-0.0277362,3.14835,2.84169,2.65446,1.69509
1997-04-30,scv,2.134e+07,-0.156697,261752,-0.0778826,3553.69,-0.0375949,875399,-0.156697,45439.5,-0.0778826,1412.2,-0.0375949,164005,-0.156697,18825.2,-0.0778826,898.003,-0.0375949,84.2145,-0.156697,365.422,-0.0778826,119.914,-0.0375949,3.1408,2.83377,2.64635,1.68615
1997-05-31,scv,2.64396e+07,-0.123454,292151,-0.0595324,3762.87,-0.0265073,1.08459e+06,-0.123454,50716.6,-0.0595324,1495.33,-0.0265073,203197,-0.123454,21011.5,-0.0595324,950.862,-0.0265073,104.339,-0.123454,407.86,-0.0595324,126.972,-0.0265073,3.13743,2.83023,2.64278,1.68234
1997-06-30,scv,3.15669e+07,-0.0200803,320037,-0.00986425,3947.08,-0.00473813,1.29492e+06,-0.0200803,55557.6,-0.00986425,1568.53,-0.00473813,242602,-0.0200803,23017.1,-0.00986425,997.413,-0.00473813,124.573,-0.0200803,446.791,-0.00986425,133.188,-0.00473813,3.16122,2.85551,2.6688,1.71182
1997-07-31,scv,3.63561e+07,-0.0272368,344324,-0.0133816,4103.46,-0.00640656,1.49138e+06,-0.0272368,59773.8,-0.0133816,1630.68,-0.00640656,279408,-0.0272368,24763.8,-0.0133816,1036.93,-0.00640656,143.473,-0.0272368,480.697,-0.0133816,138.465,-0.00640656,3.18086,2.87636,2.69024,1.73605
1997-08-31,scv,3.90568e+07,-0.0456494,357791,-0.022261,4192.19,-0.0104642,1.60217e+06,-0.0456494,62111.6,-0.022261,1665.94,-0.0104642,300163,-0.0456494,25732.3,-0.022261,1059.35,-0.0104642,154.13,-0.0456494,499.497,-0.022261,141.459,-0.0104642,3.19635,2.89282,2.70716,1.7552
1997-09-30,scv,4.82574e+07,-0.00119005,398710,-0.000495023,4435.2,-0.000147512,1.97959e+06,-0.00119005,69215,-0.000495023,1762.51,-0.000147512,370873,-0.00119005,28675.2,-0.000495023,1120.76,-0.000147512,190.439,-0.00119005,556.623,-0.000495023,149.659,-0.000147512,3.20383,2.90078,2.71535,1.7646
1997-10-31,scv,4.49328e+07,-0.195431,387153,-0.0990977,4384.65,-0.0491408,1.84321e+06,-0.195431,67208.8,-0.0990977,1742.42,-0.0491408,345323,-0.195431,27844.1,-0.0990977,1107.98,-0.0491408,177.319,-0.195431,540.489,-0.0990977,147.953,-0.0491408,3.22733,2.92567,2.74096,1.79352
1997-11-30,scv,4.51066e+07,-0.161154,389012,-0.0778696,4404.57,-0.0364801,1.85034e+06,-0.161154,67531.6,-0.0778696,1750.34,-0.0364801,346658,-0.161154,27977.8,-0.0778696,1113.02,-0.0364801,178.005,-0.161154,543.084,-0.0778696,148.625,-0.0364801,3.21609,2.91428,2.72953,1.78232
1997-12-31,scv,4.76926e+07,-0.164254,401175,-0.0765445,4483.55,-0.0331852,1.95642e+06,-0.164254,69643,-0.0765445,1781.72,-0.0331852,366533,-0.164254,28852.5,-0.0765445,1132.97,-0.0331852,188.21,-0.164254,560.064,-0.0765445,151.29,-0.0331852,3.21551,2.91377,2.72911,1.78217
1998-01-31,scv,4.57314e+07,-0.196393,394081,-0.0923032,4453.89,-0.0398926,1.87597e+06,-0.196393,68411.5,-0.0923032,1769.94,-0.0398926,351461,-0.196393,28342.4,-0.0923032,1125.48,-0.0398926,180.471,-0.196393,550.161,-0.0923032,150.29,-0.0398926,3.22097,2.91958,2.73511,1.78924
1998-02-28,scv,5.45829e+07,-0.110636,431475,-0.0433457,4669.61,-0.0128518,2.23907e+06,-0.110636,74902.9,-0.0433457,1855.66,-0.0128518,419486,-0.110636,31031.7,-0.0433457,1179.99,-0.0128518,215.401,-0.110636,602.364,-0.0433457,157.569,-0.0128518,3.21502,2.91341,2.72887,1.78264
1998-03-31,scv,6.13705e+07,-0.0226668,458688,-0.0111365,4825.65,-0.00542969,2.51751e+06,-0.0226668,79627,-0.0111365,1917.67,-0.00542969,471652,-0.0226668,32988.8,-0.0111365,1219.42,-0.00542969,242.188,-0.0226668,640.355,-0.0111365,162.834,-0.00542969,3.23459,2.93417,2.75018,1.8067
1998-04-30,scv,6.4544e+07,-0.094937,471938,-0.0478256,4906.56,-0.023778,2.64769e+06,-0.094937,81927.3,-0.0478256,1949.82,-0.023778,496041,-0.094937,33941.8,-0.0478256,1239.87,-0.023778,254.711,-0.094937,658.854,-0.0478256,165.564,-0.023778,3.24723,2.94757,2.764,1.82233
1998-05-31,scv,5.97011e+07,-0.151503,455082,-0.0755226,4828.54,-0.0359038,2.44903e+06,-0.151503,79001.2,-0.0755226,1918.82,-0.0359038,458822,-0.151503,32729.5,-0.0755226,1220.15,-0.0359038,235.6,-0.151503,635.322,-0.0755226,162.932,-0.0359038,3.25175,2.95252,2.76912,1.82859
1998-06-30,scv,5.89108e+07,-0.198124,453397,-0.0995646,4831.11,-0.047142,2.41661e+06,-0.198124,78708.5,-0.0995646,1919.84,-0.047142,452748,-0.198124,32608.3,-0.0995646,1220.8,-0.047142,232.481,-0.198124,632.969,-0.0995646,163.018,-0.047142,3.24202,2.9423,2.75866,1.81707
1998-07-31,scv,4.70552e+07,-0.304717,406599,-0.15754,4586.44,-0.0749469,1.93027e+06,-0.304717,70584.6,-0.15754,1822.61,-0.0749469,361634,-0.304717,29242.6,-0.15754,1158.97,-0.0749469,185.695,-0.304717,567.637,-0.15754,154.762,-0.0749469,3.23954,2.93975,2.75611,1.81449
1998-08-31,scv,2.56636e+07,-0.620798,303449,-0.371264,3978.47,-0.19757,1.05276e+06,-0.620798,52678,-0.371264,1581.01,-0.19757,197232,-0.620798,21824.1,-0.371264,1005.34,-0.19757,101.277,-0.620798,423.633,-0.371264,134.247,-0.19757,3.21274,2.91149,2.72714,1.78242
1998-09-30,scv,2.79125e+07,-0.616131,318028,-0.36578,4084.39,-0.193134,1.14501e+06,-0.616131,55208.9,-0.36578,1623.1,-0.193134,214516,-0.616131,22872.6,-0.36578,1032.11,-0.193134,110.152,-0.616131,443.986,-0.36578,137.821,-0.193134,3.13782,2.83319,2.64737,1.69623
1998-10-31,scv,2.99962e+07,-0.713173,332070,-0.448283,4184.45,-0.245313,1.23049e+06,-0.713173,57646.5,-0.448283,1662.86,-0.245313,230530,-0.713173,23882.5,-0.448283,1057.39,-0.245313,118.375,-0.713173,463.589,-0.448283,141.198,-0.245313,3.14532,2.84142,2.65599,1.70701
1998-11-30,scv,3.448e+07,-0.536113,357111,-0.295853,4349.2,-0.14606,1.41442e+06,-0.536113,61993.6,-0.295853,1728.33,-0.14606,264990,-0.536113,25683.4,-0.295853,1099.02,-0.14606,136.069,-0.536113,498.548,-0.295853,146.757,-0.14606,3.14969,2.84671,2.66188,1.71594
1998-12-31,scv,3.67442e+07,-0.536489,369897,-0.293172,4437.43,-0.141672,1.5073e+06,-0.536489,64213.2,-0.293172,1763.39,-0.141672,282391,-0.536489,26603,-0.293172,1121.32,-0.141672,145.004,-0.536489,516.398,-0.293172,149.734,-0.141672,3.16447,2.86247,2.6781,1.73456
1999-01-31,scv,3.74963e+07,-0.457055,374732,-0.23157,4475.91,-0.102095,1.53815e+06,-0.457055,65052.6,-0.23157,1778.68,-0.102095,288171,-0.457055,26950.8,-0.23157,1131.04,-0.102095,147.972,-0.457055,523.149,-0.23157,151.032,-0.102095,3.17052,2.86898,2.68488,1.7426
1999-02-28,scv,2.90746e+07,-0.570396,331019,-0.314141,4216.05,-0.149652,1.19268e+06,-0.570396,57464,-0.314141,1675.42,-0.149652,223448,-0.570396,23806.9,-0.314141,1065.38,-0.149652,114.738,-0.570396,462.122,-0.314141,142.264,-0.149652,3.17186,2.87051,2.6865,1.74471
1999-03-31,scv,2.66729e+07,-0.615166,318042,-0.349378,4142.94,-0.170193,1.09416e+06,-0.615166,55211.3,-0.349378,1646.37,-0.170193,204990,-0.615166,22873.6,-0.349378,1046.9,-0.170193,105.26,-0.615166,444.005,-0.349378,139.797,-0.170193,3.14175,2.83878,2.65402,1.70881
1999-04-30,scv,3.36008e+07,-0.603113,358068,-0.33842,4406.26,-0.162401,1.37835e+06,-0.603113,62159.8,-0.33842,1751.01,-0.162401,258233,-0.603113,25752.3,-0.33842,1113.45,-0.162401,132.599,-0.603113,499.885,-0.33842,148.682,-0.162401,3.13095,2.82744,2.64241,1.69613
1999-05-31,scv,3.68275e+07,-0.499333,375918,-0.254813,4524.69,-0.109141,1.51072e+06,-0.499333,65258.3,-0.254813,1798.07,-0.109141,283031,-0.499333,27036,-0.254813,1143.37,-0.109141,145.333,-0.499333,524.803,-0.254813,152.679,-0.109141,3.15619,2.85422,2.66997,1.72738
1999-06-30,scv,4.33196e+07,-0.459722,408935,-0.223729,4730.58,-0.0887495,1.77703e+06,-0.459722,70990.1,-0.223729,1879.89,-0.0887495,332924,-0.459722,29410.6,-0.223729,1195.4,-0.0887495,170.953,-0.459722,570.898,-0.223729,159.626,-0.0887495,3.16566,2.86434,2.68043,1.7394
1999-07-31,scv,4.16035e+07,-0.39415,401779,-0.173665,4699.39,-0.0557664,1.70664e+06,-0.39415,69747.9,-0.173665,1867.49,-0.0557664,319736,-0.39415,28896,-0.173665,1187.52,-0.0557664,164.181,-0.39415,560.908,-0.173665,158.574,-0.0557664,3.18314,2.88291,2.69954,1.7611
1999-08-31,scv,3.73691e+07,-0.447949,381809,-0.209062,4591.76,-0.0744759,1.53293e+06,-0.447949,66281.1,-0.209062,1824.72,-0.0744759,287193,-0.447949,27459.7,-0.209062,1160.32,-0.0744759,147.47,-0.447949,533.029,-0.209062,154.942,-0.0744759,3.1778,2.87733,2.69384,1.75489
1999-09-30,scv,3.41687e+07,-0.505671,366199,-0.249389,4507.4,-0.0959674,1.40165e+06,-0.505671,63571.3,-0.249389,1791.2,-0.0959674,262597,-0.505671,26337.1,-0.249389,1139,-0.0959674,134.841,-0.505671,511.236,-0.249389,152.095,-0.0959674,3.16483,2.86369,2.67985,1.7394
1999-10-31,scv,3.13182e+07,-0.556968,351537,-0.288095,4426.18,-0.118256,1.28472e+06,-0.556968,61025.9,-0.288095,1758.92,-0.118256,240690,-0.556968,25282.6,-0.288095,1118.48,-0.118256,123.592,-0.556968,490.767,-0.288095,149.354,-0.118256,3.15367,2.85194,2.66786,1.72631
1999-11-30,scv,3.49583e+07,-0.53458,372406,-0.269457,4565.92,-0.10585,1.43404e+06,-0.53458,64648.7,-0.269457,1814.45,-0.10585,268666,-0.53458,26783.4,-0.269457,1153.79,-0.10585,137.957,-0.53458,519.9,-0.269457,154.07,-0.10585,3.14296,2.84067,2.65635,1.71362
1999-12-31,scv,4.1386e+07,-0.487848,406470,-0.231042,4781.81,-0.08,1.69771e+06,-0.487848,70562.2,-0.231042,1900.25,-0.08,318064,-0.487848,29233.3,-0.231042,1208.34,-0.08,163.322,-0.487848,567.457,-0.231042,161.355,-0.08,3.15462,2.85308,2.66912,1.72816
2000-01-31,scv,4.11947e+07,-0.44895,407280,-0.199801,4798.9,-0.0595439,1.68987e+06,-0.44895,70702.7,-0.199801,1907.04,-0.0595439,316594,-0.44895,29291.6,-0.199801,1212.66,-0.0595439,162.567,-0.44895,568.586,-0.199801,161.931,-0.0595439,3.17273,2.87231,2.68893,1.75069
2000-02-29,scv,5.72626e+07,-0.372068,482117,-0.142707,5234.37,-0.0242993,2.349e+06,-0.372068,83694.3,-0.142707,2080.09,-0.0242993,440081,-0.372068,34673.9,-0.142707,1322.71,-0.0242993,225.976,-0.372068,673.064,-0.142707,176.626,-0.0242993,3.17042,2.87009,2.68682,1.7492
2000-03-31,scv,5.42012e+07,-0.231951,472012,-0.100148,5196.3,-0.0493115,2.22342e+06,-0.231951,81940,-0.100148,2064.96,-0.0493115,416554,-0.231951,33947.1,-0.100148,1313.09,-0.0493115,213.895,-0.231951,658.956,-0.100148,175.341,-0.0493115,3.20601,2.90795,2.72581,1.79361
2000-04-30,scv,4.65741e+07,-0.466886,443204,-0.2436,5058.32,-0.125803,1.91054e+06,-0.466886,76939.1,-0.2436,2010.13,-0.125803,357936,-0.466886,31875.3,-0.2436,1278.22,-0.125803,183.796,-0.466886,618.739,-0.2436,170.685,-0.125803,3.19695,2.89879,2.71661,1.7848
2000-05-31,scv,3.95185e+07,-0.458485,410897,-0.230038,4886.34,-0.113924,1.62111e+06,-0.458485,71330.6,-0.230038,1941.79,-0.113924,303712,-0.458485,29551.7,-0.230038,1234.76,-0.113924,155.953,-0.458485,573.636,-0.230038,164.882,-0.113924,3.17285,2.87451,2.69247,1.76193
2000-06-30,scv,4.91982e+07,-0.383657,460222,-0.177548,5184.84,-0.0836561,2.01818e+06,-0.383657,79893.4,-0.177548,2060.41,-0.0836561,378104,-0.383657,33099.2,-0.177548,1310.19,-0.0836561,194.152,-0.383657,642.498,-0.177548,174.954,-0.0836561,3.15141,2.8523,2.66994,1.73825
2000-07-31,scv,5.12614e+07,-0.267555,471125,-0.0980328,5257.55,-0.0360512,2.10282e+06,-0.267555,81786.2,-0.0980328,2089.3,-0.0360512,393960,-0.267555,33883.3,-0.0980328,1328.56,-0.0360512,202.294,-0.267555,657.719,-0.0980328,177.408,-0.0360512,3.17462,2.87699,2.69541,1.76734
2000-08-31,scv,6.05643e+07,-0.238625,513541,-0.0800774,5502.48,-0.026274,2.48444e+06,-0.238625,89149.4,-0.0800774,2186.64,-0.026274,465456,-0.238625,36933.9,-0.0800774,1390.46,-0.026274,239.006,-0.238625,716.934,-0.0800774,185.673,-0.026274,3.17831,2.88095,2.69949,1.77225
2000-09-30,scv,5.90413e+07,-0.175153,508964,-0.0550604,5495.43,-0.0265057,2.42196e+06,-0.175153,88354.8,-0.0550604,2183.83,-0.0265057,453751,-0.175153,36604.7,-0.0550604,1388.67,-0.0265057,232.996,-0.175153,710.543,-0.0550604,185.435,-0.0265057,3.19616,2.89993,2.71901,1.79427
2000-10-31,scv,5.55854e+07,-0.285746,496466,-0.117467,5448.2,-0.0567522,2.28019e+06,-0.285746,86185.2,-0.117467,2165.07,-0.0567522,427191,-0.285746,35705.8,-0.117467,1376.74,-0.0567522,219.357,-0.285746,693.096,-0.117467,183.841,-0.0567522,3.1922,2.8958,2.71481,1.78987
2000-11-30,scv,5.0733e+07,-0.250375,475920,-0.09081,5347.22,-0.0387886,2.08114e+06,-0.250375,82618.4,-0.09081,2124.94,-0.0387886,389899,-0.250375,34228.1,-0.09081,1351.22,-0.0387886,200.208,-0.250375,664.412,-0.09081,180.434,-0.0387886,3.18353,2.88685,2.70575,1.78045
2000-12-31,scv,6.26761e+07,-0.228124,532102,-0.0769538,5675.18,-0.0311519,2.57107e+06,-0.228124,92371.6,-0.0769538,2255.26,-0.0311519,481685,-0.228124,38268.8,-0.0769538,1434.1,-0.0311519,247.34,-0.228124,742.846,-0.0769538,191.5,-0.0311519,3.17205,2.87486,2.69352,1.76727
2001-01-31,scv,7.41577e+07,-0.120743,581716,-0.0291817,5955.43,-0.0143191,3.04206e+06,-0.120743,100984,-0.0291817,2366.63,-0.0143191,569925,-0.120743,41837.1,-0.0291817,1504.91,-0.0143191,292.65,-0.120743,812.111,-0.0291817,200.957,-0.0143191,3.19341,2.89772,2.71716,1.7947
2001-02-28,scv,7.31692e+07,-0.101036,579526,-0.0510697,5957.06,-0.0253014,3.00151e+06,-0.101036,100604,-0.0510697,2367.28,-0.0253014,562328,-0.101036,41679.5,-0.0510697,1505.33,-0.0253014,288.749,-0.101036,809.052,-0.0510697,201.012,-0.0253014,3.21043,2.91586,2.73589,1.81636
2001-03-31,scv,6.91652e+07,-0.242596,566038,-0.125665,5903.81,-0.0621771,2.83726e+06,-0.242596,98262.8,-0.125665,2346.12,-0.0621771,531557,-0.242596,40709.5,-0.125665,1491.87,-0.0621771,272.948,-0.242596,790.223,-0.125665,199.215,-0.0621771,3.20791,2.91331,2.73334,1.81386
2001-04-30,scv,7.81529e+07,-0.240892,604441,-0.122527,6116.92,-0.0592844,3.20595e+06,-0.240892,104929,-0.122527,2430.81,-0.0592844,600630,-0.240892,43471.4,-0.122527,1545.72,-0.0592844,308.416,-0.240892,843.836,-0.122527,206.406,-0.0592844,3.19973,2.90489,2.72489,1.80524
2001-05-31,scv,9.23215e+07,-0.0339133,658155,-0.0164845,6391.13,-0.00798751,3.78716e+06,-0.0339133,114254,-0.0164845,2539.77,-0.00798751,709520,-0.0339133,47334.5,-0.0164845,1615.01,-0.00798751,364.33,-0.0339133,918.823,-0.0164845,215.659,-0.00798751,3.2114,2.91751,2.73797,1.8208
2001-06-30,scv,9.99292e+07,-0.103217,686343,-0.052241,6535.54,-0.0259083,4.09924e+06,-0.103217,119147,-0.052241,2597.16,-0.0259083,767987,-0.103217,49361.8,-0.052241,1651.5,-0.0259083,394.352,-0.103217,958.175,-0.052241,220.531,-0.0259083,3.2293,2.93645,2.75744,1.84287
2001-07-31,scv,9.60536e+07,-0.0966076,674538,-0.0487312,6488.13,-0.0242102,3.94026e+06,-0.0966076,117098,-0.0487312,2578.32,-0.0242102,738202,-0.0966076,48512.8,-0.0487312,1639.53,-0.0242102,379.058,-0.0966076,941.695,-0.0487312,218.932,-0.0242102,3.23707,2.94482,2.76613,1.85304
2001-08-31,scv,9.17715e+07,-0.0913256,660564,-0.0427112,6429.12,-0.0191661,3.7646e+06,-0.0913256,114672,-0.0427112,2554.87,-0.0191661,705293,-0.0913256,47507.8,-0.0427112,1624.61,-0.0191661,362.159,-0.0913256,922.187,-0.0427112,216.941,-0.0191661,3.23165,2.93921,2.76047,1.84715
2001-09-30,scv,5.81898e+07,-0.509437,532077,-0.29024,5792.58,-0.15297,2.38703e+06,-0.509437,92367.3,-0.29024,2301.92,-0.15297,447207,-0.509437,38267,-0.29024,1463.76,-0.15297,229.636,-0.509437,742.812,-0.29024,195.461,-0.15297,3.22587,2.9332,2.75434,1.84059
2001-10-31,scv,6.56275e+07,-0.443533,567142,-0.241929,5991.1,-0.123621,2.69214e+06,-0.443533,98454.4,-0.241929,2380.81,-0.123621,504368,-0.443533,40788.9,-0.241929,1513.93,-0.123621,258.987,-0.443533,791.764,-0.241929,202.16,-0.123621,3.16887,2.87408,2.69435,1.77727
2001-11-30,scv,8.27316e+07,-0.327385,638249,-0.163561,6364.3,-0.0777726,3.39377e+06,-0.327385,110798,-0.163561,2529.11,-0.0777726,635818,-0.327385,45902.9,-0.163561,1608.23,-0.0777726,326.485,-0.327385,891.034,-0.163561,214.753,-0.0777726,3.18054,2.88665,2.7074,1.79274
2001-12-31,scv,9.84815e+07,-0.187667,698222,-0.0787694,6666.08,-0.0308972,4.03986e+06,-0.187667,121210,-0.0787694,2649.04,-0.0308972,756862,-0.187667,50216.2,-0.0787694,1684.49,-0.0308972,388.639,-0.187667,974.76,-0.0787694,224.937,-0.0308972,3.20528,2.9129,2.7344,1.82335
2002-01-31,scv,1.0683e+08,-0.0949872,729082,-0.0476992,6821.55,-0.0235618,4.38234e+06,-0.0949872,126567,-0.0476992,2710.82,-0.0235618,821025,-0.0949872,52435.6,-0.0476992,1723.78,-0.0235618,421.586,-0.0949872,1017.84,-0.0476992,230.182,-0.0235618,3.22337,2.93215,2.75426,1.84613
2002-02-28,scv,1.03142e+08,-0.120403,718177,-0.059701,6779.39,-0.0295342,4.23104e+06,-0.120403,124674,-0.059701,2694.07,-0.0295342,792678,-0.120403,51651.3,-0.059701,1713.13,-0.0295342,407.031,-0.120403,1002.62,-0.059701,228.76,-0.0295342,3.23122,2.94062,2.76305,1.85646
2002-03-31,scv,1.32814e+08,-0.031286,816764,-0.0155955,7239.21,-0.00771091,5.44821e+06,-0.031286,141788,-0.0155955,2876.79,-0.00771091,1.02071e+06,-0.031286,58741.7,-0.0155955,1829.32,-0.00771091,524.125,-0.031286,1140.25,-0.0155955,244.276,-0.00771091,3.22624,2.93552,2.75791,1.85127
2002-04-30,scv,1.47465e+08,-0.0808481,863035,-0.0406084,7452.81,-0.0200143,6.04924e+06,-0.0808481,149821,-0.0406084,2961.68,-0.0200143,1.13332e+06,-0.0808481,62069.5,-0.0406084,1883.3,-0.0200143,581.944,-0.0808481,1204.85,-0.0406084,251.484,-0.0200143,3.25321,2.96408,2.78728,1.88449
2002-05-31,scv,1.3564e+08,-0.117635,829923,-0.0572153,7319.36,-0.0270096,5.56416e+06,-0.117635,144073,-0.0572153,2908.65,-0.0270096,1.04244e+06,-0.117635,59688.1,-0.0572153,1849.57,-0.0270096,535.28,-0.117635,1158.62,-0.0572153,246.98,-0.0270096,3.26348,2.9751,2.79871,1.89782
2002-06-30,scv,1.25826e+08,-0.238921,801830,-0.122054,7205.41,-0.0597678,5.16158e+06,-0.238921,139196,-0.122054,2863.36,-0.0597678,967015,-0.238921,57667.6,-0.122054,1820.78,-0.0597678,496.551,-0.238921,1119.4,-0.122054,243.135,-0.0597678,3.25312,2.96432,2.78772,1.88609
2002-07-31,scv,7.79507e+07,-0.563161,637247,-0.329918,6444.19,-0.176545,3.19765e+06,-0.563161,110624,-0.329918,2560.86,-0.176545,599076,-0.563161,45830.8,-0.329918,1628.42,-0.176545,307.618,-0.563161,889.635,-0.329918,217.449,-0.176545,3.2434,2.95425,2.77754,1.87545
2002-08-31,scv,7.54813e+07,-0.563623,630866,-0.32743,6426.78,-0.173853,3.09635e+06,-0.563623,109517,-0.32743,2553.94,-0.173853,580097,-0.563623,45371.9,-0.32743,1624.02,-0.173853,297.873,-0.563623,880.726,-0.32743,216.862,-0.173853,3.1854,2.89387,2.71614,1.80993
2002-09-30,scv,6.03743e+07,-0.614709,567375,-0.362293,6107.83,-0.192679,2.47664e+06,-0.614709,98494.8,-0.362293,2427.19,-0.192679,463995,-0.614709,40805.6,-0.362293,1543.42,-0.192679,238.256,-0.614709,792.089,-0.362293,206.099,-0.192679,3.17877,2.88738,2.70979,1.80458
2002-10-31,scv,6.02427e+07,-0.696567,571261,-0.431429,6146.11,-0.236514,2.47125e+06,-0.696567,99169.4,-0.431429,2442.41,-0.236514,462984,-0.696567,41085.1,-0.431429,1553.1,-0.236514,237.737,-0.696567,797.514,-0.431429,207.391,-0.236514,3.15138,2.8589,2.68087,1.77392
2002-11-30,scv,7.32543e+07,-0.614581,632907,-0.355154,6481.78,-0.184913,3.005e+06,-0.614581,109871,-0.355154,2575.8,-0.184913,562982,-0.614581,45518.7,-0.355154,1637.92,-0.184913,289.085,-0.614581,883.576,-0.355154,218.717,-0.184913,3.14706,2.85504,2.67732,1.77232
2002-12-31,scv,6.53951e+07,-0.579129,599830,-0.322262,6319.91,-0.162139,2.6826e+06,-0.579129,104129,-0.322262,2511.47,-0.162139,502582,-0.579129,43139.8,-0.322262,1597.02,-0.162139,258.07,-0.579129,837.398,-0.322262,213.255,-0.162139,3.16629,2.87568,2.69867,1.79742
2003-01-31,scv,6.26813e+07,-0.603813,588621,-0.340948,6264.21,-0.173273,2.57128e+06,-0.603813,102183,-0.340948,2489.34,-0.173273,481726,-0.603813,42333.6,-0.340948,1582.94,-0.173273,247.36,-0.603813,821.749,-0.340948,211.376,-0.173273,3.15248,2.86128,2.68405,1.78181
2003-02-28,scv,5.62947e+07,-0.640182,558550,-0.371472,6104.07,-0.1925,2.30929e+06,-0.640182,96962.8,-0.371472,2425.7,-0.1925,432643,-0.640182,40170.9,-0.371472,1542.47,-0.1925,222.157,-0.640182,779.769,-0.371472,205.972,-0.1925,3.14651,2.85524,2.67803,1.77584
2003-03-31,scv,5.77994e+07,-0.666871,567146,-0.39459,6154.09,-0.20728,2.37102e+06,-0.666871,98455.1,-0.39459,2445.58,-0.20728,444207,-0.666871,40789.1,-0.39459,1555.11,-0.20728,228.095,-0.666871,791.769,-0.39459,207.66,-0.20728,3.13401,2.84215,2.66467,1.76144
2003-04-30,scv,7.43847e+07,-0.61031,644390,-0.343992,6562.39,-0.174431,3.05137e+06,-0.61031,111864,-0.343992,2607.83,-0.174431,571670,-0.61031,46344.5,-0.343992,1658.29,-0.174431,293.546,-0.61031,899.606,-0.343992,221.438,-0.174431,3.13578,2.84424,2.66691,1.76467
2003-05-31,scv,9.85185e+07,-0.509722,742936,-0.263116,7049.56,-0.124698,4.04137e+06,-0.509722,128972,-0.263116,2801.43,-0.124698,757146,-0.509722,53432,-0.263116,1781.4,-0.124698,388.785,-0.509722,1037.18,-0.263116,237.877,-0.124698,3.16255,2.87262,2.69612,1.79769
2003-06-30,scv,1.07944e+08,-0.34438,779088,-0.146306,7222.35,-0.057434,4.42804e+06,-0.34438,135248,-0.146306,2870.1,-0.057434,829586,-0.34438,56032.1,-0.146306,1825.06,-0.057434,425.983,-0.34438,1087.65,-0.146306,243.707,-0.057434,3.19222,2.90411,2.7285,1.8344
2003-07-31,scv,1.26375e+08,-0.287152,846092,-0.108219,7533.45,-0.0362025,5.1841e+06,-0.287152,146879,-0.108219,2993.72,-0.0362025,971233,-0.287152,60851,-0.108219,1903.67,-0.0362025,498.716,-0.287152,1181.19,-0.108219,254.204,-0.0362025,3.20115,2.9137,2.73845,1.84608
2003-08-31,scv,1.47591e+08,-0.270602,916372,-0.0941199,7844.43,-0.0402742,6.0544e+06,-0.270602,159080,-0.0941199,3117.3,-0.0402742,1.13428e+06,-0.270602,65905.5,-0.0941199,1982.26,-0.0402742,582.441,-0.270602,1279.31,-0.0941199,264.698,-0.0402742,3.21621,2.92992,2.75528,1.86608
2003-09-30,scv,1.49854e+08,-0.170332,926944,-0.0878018,7897.1,-0.0445701,6.14725e+06,-0.170332,160915,-0.0878018,3138.23,-0.0445701,1.15168e+06,-0.170332,66665.8,-0.0878018,1995.57,-0.0445701,591.373,-0.170332,1294.07,-0.0878018,266.475,-0.0445701,3.23182,2.9466,2.77249,1.88602
2003-10-31,scv,1.97798e+08,-0.10943,1.06845e+06,-0.0554435,8485.5,-0.0279013,8.11395e+06,-0.10943,185480,-0.0554435,3372.06,-0.0279013,1.52014e+06,-0.10943,76842.7,-0.0554435,2144.25,-0.0279013,780.572,-0.10943,1491.62,-0.0554435,286.33,-0.0279013,3.23122,2.94631,2.77249,1.88728
2003-11-30,scv,2.23011e+08,-0.106805,1.13728e+06,-0.0536391,8759.99,-0.0268637,9.14825e+06,-0.106805,197430,-0.0536391,3481.14,-0.0268637,1.71391e+06,-0.106805,81793.6,-0.0536391,2213.62,-0.0268637,880.074,-0.106805,1587.72,-0.0536391,295.592,-0.0268637,3.25937,2.97631,2.80343,1.92277
2003-12-31,scv,2.40845e+08,-0.124413,1.1851e+06,-0.0636205,8948.37,-0.0321675,9.87982e+06,-0.124413,205731,-0.0636205,3556,-0.0321675,1.85097e+06,-0.124413,85232.6,-0.0636205,2261.22,-0.0321675,950.451,-0.124413,1654.47,-0.0636205,301.949,-0.0321675,3.27088,2.98869,2.81625,1.93787
2004-01-31,scv,2.90366e+08,-0.112989,1.30417e+06,-0.0575706,9392.44,-0.0290568,1.19112e+07,-0.112989,226401,-0.0575706,3732.47,-0.0290568,2.23155e+06,-0.112989,93796,-0.0575706,2373.43,-0.0290568,1145.88,-0.112989,1820.7,-0.0575706,316.933,-0.0290568,3.27759,2.99601,2.82392,1.94727
2004-02-29,scv,2.9064e+08,-0.179252,1.30876e+06,-0.0926608,9416.07,-0.0471038,1.19225e+07,-0.179252,227198,-0.0926608,3741.86,-0.0471038,2.23366e+06,-0.179252,94126.2,-0.0926608,2379.4,-0.0471038,1146.96,-0.179252,1827.11,-0.0926608,317.731,-0.0471038,3.2964,3.01604,2.84455,1.97101
2004-03-31,scv,2.90222e+08,-0.238238,1.31385e+06,-0.120732,9445.21,-0.0605866,1.19053e+07,-0.238238,228082,-0.120732,3753.44,-0.0605866,2.23045e+06,-0.238238,94492.3,-0.120732,2386.77,-0.0605866,1145.31,-0.238238,1834.22,-0.120732,318.714,-0.0605866,3.2947,3.01451,2.84317,1.97046
2004-04-30,scv,2.40978e+08,-0.255468,1.20099e+06,-0.127186,9037.42,-0.0641954,9.88529e+06,-0.255468,208489,-0.127186,3591.39,-0.0641954,1.85199e+06,-0.255468,86375.2,-0.127186,2283.72,-0.0641954,950.977,-0.255468,1676.65,-0.127186,304.953,-0.0641954,3.29184,3.01193,2.84079,1.96929
2004-05-31,scv,2.43886e+08,-0.370794,1.21175e+06,-0.195967,9084.39,-0.101369,1.00046e+07,-0.370794,210357,-0.195967,3610.05,-0.101369,1.87434e+06,-0.370794,87149,-0.195967,2295.59,-0.101369,962.451,-0.370794,1691.67,-0.195967,306.539,-0.101369,3.27001,2.98923,2.8177,1.94467
2004-06-30,scv,2.73451e+08,-0.282633,1.28599e+06,-0.139496,9363.82,-0.0698083,1.12174e+07,-0.282633,223245,-0.139496,3721.1,-0.0698083,2.10156e+06,-0.282633,92488.5,-0.139496,2366.2,-0.0698083,1079.13,-0.282633,1795.32,-0.139496,315.968,-0.0698083,3.26958,2.98904,2.8177,1.94562
2004-07-31,scv,2.34913e+08,-0.319037,1.19389e+06,-0.159841,9025.93,-0.0803864,9.63648e+06,-0.319037,207256,-0.159841,3586.82,-0.0803864,1.80538e+06,-0.319037,85864.3,-0.159841,2280.82,-0.0803864,927.041,-0.319037,1666.74,-0.159841,304.566,-0.0803864,3.28052,3.00081,2.82984,1.95987
2004-08-31,scv,2.28492e+08,-0.368254,1.1811e+06,-0.189214,8991.81,-0.095867,9.37307e+06,-0.368254,205036,-0.189214,3573.26,-0.095867,1.75603e+06,-0.368254,84944.7,-0.189214,2272.19,-0.095867,901.701,-0.368254,1648.88,-0.189214,303.415,-0.095867,3.26329,2.98279,2.81149,1.93999
2004-09-30,scv,2.50909e+08,-0.284556,1.24026e+06,-0.135828,9226.33,-0.0657185,1.02927e+07,-0.284556,215307,-0.135828,3666.46,-0.0657185,1.92832e+06,-0.284556,89199.8,-0.135828,2331.46,-0.0657185,990.169,-0.284556,1731.48,-0.135828,311.328,-0.0657185,3.25894,2.9784,2.80712,1.93571
2004-10-31,scv,2.57353e+08,-0.264643,1.25945e+06,-0.120601,9310.95,-0.0554726,1.0557e+07,-0.264643,218636,-0.120601,3700.08,-0.0554726,1.97784e+06,-0.264643,90579.3,-0.120601,2352.84,-0.0554726,1015.6,-0.264643,1758.26,-0.120601,314.183,-0.0554726,3.26817,2.98816,2.81719,1.94727
2004-11-30,scv,3.23524e+08,-0.201226,1.4149e+06,-0.0824976,9881.53,-0.0346099,1.32714e+07,-0.201226,245623,-0.0824976,3926.83,-0.0346099,2.48639e+06,-0.201226,101760,-0.0824976,2497.02,-0.0346099,1276.73,-0.201226,1975.28,-0.0824976,333.437,-0.0346099,3.2697,2.98994,2.81911,1.94994
2004-12-31,scv,3.55447e+08,-0.0665233,1.48608e+06,-0.033363,10140.5,-0.0165572,1.4581e+07,-0.0665233,257979,-0.033363,4029.75,-0.0165572,2.73173e+06,-0.0665233,106879,-0.033363,2562.47,-0.0165572,1402.71,-0.0665233,2074.65,-0.033363,342.176,-0.0165572,3.29337,3.01499,2.84482,1.97878
2005-01-31,scv,3.28321e+08,-0.150412,1.43204e+06,-0.076429,9968.54,-0.0379569,1.34682e+07,-0.150412,248599,-0.076429,3961.41,-0.0379569,2.52325e+06,-0.150412,102992,-0.076429,2519.01,-0.0379569,1295.66,-0.150412,1999.22,-0.076429,336.373,-0.0379569,3.30264,3.0248,2.85492,1.99037
2005-02-28,scv,3.50345e+08,-0.0810618,1.48248e+06,-0.0372464,10155.3,-0.0184561,1.43717e+07,-0.0810618,257355,-0.0372464,4035.61,-0.0184561,2.69251e+06,-0.0810618,106620,-0.0372464,2566.2,-0.0184561,1382.57,-0.0810618,2069.63,-0.0372464,342.674,-0.0184561,3.29298,3.01479,2.84479,1.97961
2005-03-31,scv,3.33809e+08,-0.138634,1.45006e+06,-0.0706032,10057.1,-0.03507,1.36933e+07,-0.138634,251728,-0.0706032,3996.59,-0.03507,2.56542e+06,-0.138634,104289,-0.0706032,2541.39,-0.03507,1317.31,-0.138634,2024.38,-0.0706032,339.361,-0.03507,3.29898,3.02123,2.85143,1.98738
2005-04-30,scv,2.8014e+08,-0.259669,1.33315e+06,-0.135149,9659.3,-0.0675479,1.14918e+07,-0.259669,231432,-0.135149,3838.52,-0.0675479,2.15297e+06,-0.259669,95880.3,-0.135149,2440.87,-0.0675479,1105.52,-0.259669,1861.16,-0.135149,325.938,-0.0675479,3.29305,3.01506,2.84514,1.9807
2005-05-31,scv,3.24991e+08,-0.251096,1.43964e+06,-0.128918,10052.1,-0.0634762,1.33316e+07,-0.251096,249918,-0.128918,3994.62,-0.0634762,2.49766e+06,-0.251096,103539,-0.128918,2540.13,-0.0634762,1282.52,-0.251096,2009.83,-0.128918,339.193,-0.0634762,3.27264,2.99382,2.82355,1.95751
2005-06-30,scv,3.67048e+08,-0.105363,1.53314e+06,-0.0464491,10387.4,-0.0192479,1.50569e+07,-0.105363,266150,-0.0464491,4127.85,-0.0192479,2.82088e+06,-0.105363,110264,-0.0464491,2624.85,-0.0192479,1448.49,-0.105363,2140.36,-0.0464491,350.506,-0.0192479,3.28735,3.00945,2.83965,1.97587
2005-07-31,scv,4.28356e+08,-0.0387768,1.66036e+06,-0.0192617,10824.6,-0.00941173,1.75718e+07,-0.0387768,288234,-0.0192617,4301.61,-0.00941173,3.29205e+06,-0.0387768,119413,-0.0192617,2735.35,-0.00941173,1690.43,-0.0387768,2317.96,-0.0192617,365.261,-0.00941173,3.29949,3.02232,2.85288,1.99092
2005-08-31,scv,4.10718e+08,-0.122211,1.62991e+06,-0.061307,10740.9,-0.0301468,1.68483e+07,-0.122211,282947,-0.061307,4268.33,-0.0301468,3.1565e+06,-0.122211,117223,-0.061307,2714.18,-0.0301468,1620.82,-0.122211,2275.44,-0.061307,362.435,-0.0301468,3.31483,3.03861,2.86966,2.01
2005-09-30,scv,4.11096e+08,-0.123307,1.63376e+06,-0.0602091,10767.2,-0.0284022,1.68638e+07,-0.123307,283616,-0.0602091,4278.77,-0.0284022,3.1594e+06,-0.123307,117500,-0.0602091,2720.82,-0.0284022,1622.32,-0.123307,2280.82,-0.0602091,363.321,-0.0284022,3.30934,3.03291,2.86393,2.00406
2005-10-31,scv,3.81659e+08,-0.207242,1.58076e+06,-0.104494,10610.5,-0.0505578,1.56562e+07,-0.207242,274416,-0.104494,4216.5,-0.0505578,2.93317e+06,-0.207242,113688,-0.104494,2681.22,-0.0505578,1506.15,-0.207242,2206.84,-0.104494,358.034,-0.0505578,3.30869,3.03233,2.86337,2.00372
2005-11-30,scv,4.22613e+08,-0.141272,1.66699e+06,-0.065426,10910.5,-0.0288897,1.73362e+07,-0.141272,289385,-0.065426,4335.72,-0.0288897,3.24791e+06,-0.141272,119890,-0.065426,2757.04,-0.0288897,1667.76,-0.141272,2327.22,-0.065426,368.157,-0.0288897,3.29875,3.02218,2.85308,1.9933
2005-12-31,scv,4.13905e+08,-0.071433,1.65469e+06,-0.0356444,10895.5,-0.0175253,1.6979e+07,-0.071433,287250,-0.0356444,4329.76,-0.0175253,3.18099e+06,-0.071433,119006,-0.0356444,2753.24,-0.0175253,1633.4,-0.071433,2310.05,-0.0356444,367.651,-0.0175253,3.30873,3.03271,2.864,2.00576
2006-01-31,scv,5.09653e+08,-0.0339951,1.84206e+06,-0.0168976,11522.4,-0.00834879,2.09067e+07,-0.0339951,319777,-0.0168976,4578.89,-0.00834879,3.91684e+06,-0.0339951,132481,-0.0168976,2911.66,-0.00834879,2011.25,-0.0339951,2571.63,-0.0168976,388.805,-0.00834879,3.30555,3.02946,2.8607,2.00238
2006-02-28,scv,4.96546e+08,-0.0902227,1.82351e+06,-0.0449496,11488.9,-0.0218338,2.03691e+07,-0.0902227,316557,-0.0449496,4565.57,-0.0218338,3.81612e+06,-0.0902227,131147,-0.0449496,2903.19,-0.0218338,1959.53,-0.0902227,2545.73,-0.0449496,387.674,-0.0218338,3.32643,3.05158,2.88342,2.028
2006-03-31,scv,5.65521e+08,-0.0725327,1.9533e+06,-0.036308,11922.4,-0.017865,2.31985e+07,-0.0725327,339089,-0.036308,4737.84,-0.017865,4.34621e+06,-0.0725327,140482,-0.036308,3012.74,-0.017865,2231.73,-0.0725327,2726.93,-0.036308,402.302,-0.017865,3.32265,3.04769,2.87949,2.02396
2006-04-30,scv,5.73465e+08,-0.0754836,1.97269e+06,-0.0378879,12007.2,-0.0187559,2.35244e+07,-0.0754836,342454,-0.0378879,4771.55,-0.0187559,4.40726e+06,-0.0754836,141876,-0.0378879,3034.17,-0.0187559,2263.07,-0.0754836,2753.99,-0.0378879,405.164,-0.0187559,3.3351,3.0609,2.89313,2.03952
2006-05-31,scv,5.02518e+08,-0.210333,1.85524e+06,-0.108194,11677,-0.0538058,2.0614e+07,-0.210333,322065,-0.108194,4640.33,-0.0538058,3.86201e+06,-0.210333,133429,-0.108194,2950.73,-0.0538058,1983.1,-0.210333,2590.03,-0.108194,394.022,-0.0538058,3.33558,3.0615,2.89379,2.04057
2006-06-30,scv,4.91814e+08,-0.318742,1.84839e+06,-0.169001,11695.4,-0.0852227,2.01749e+07,-0.318742,320875,-0.169001,4647.63,-0.0852227,3.77974e+06,-0.318742,132936,-0.169001,2955.37,-0.0852227,1940.85,-0.318742,2580.46,-0.169001,394.642,-0.0852227,3.31971,3.04502,2.87702,2.02273
2006-07-31,scv,4.57242e+08,-0.318836,1.79109e+06,-0.162673,11544.3,-0.0781084,1.87567e+07,-0.318836,310930,-0.162673,4587.59,-0.0781084,3.51405e+06,-0.318836,128816,-0.162673,2917.19,-0.0781084,1804.42,-0.318836,2500.47,-0.162673,389.543,-0.0781084,3.31413,3.03959,2.87172,2.01833
2006-08-31,scv,4.83898e+08,-0.307439,1.84946e+06,-0.153197,11762.1,-0.0711738,1.98502e+07,-0.307439,321061,-0.153197,4674.15,-0.0711738,3.71891e+06,-0.307439,133013,-0.153197,2972.24,-0.0711738,1909.62,-0.307439,2581.96,-0.153197,396.894,-0.0711738,3.30429,3.02946,2.86152,2.00794
2006-09-30,scv,4.96515e+08,-0.238759,1.87948e+06,-0.109567,11884.6,-0.0455518,2.03678e+07,-0.238759,326273,-0.109567,4722.83,-0.0455518,3.81587e+06,-0.238759,135172,-0.109567,3003.19,-0.0455518,1959.41,-0.238759,2623.87,-0.109567,401.027,-0.0455518,3.30896,3.03449,2.86675,2.0142
2006-10-31,scv,5.57176e+08,-0.203556,1.99759e+06,-0.0868057,12282.8,-0.0315564,2.28562e+07,-0.203556,346777,-0.0868057,4881.05,-0.0315564,4.28207e+06,-0.203556,143667,-0.0868057,3103.8,-0.0315564,2198.79,-0.203556,2788.76,-0.0868057,414.463,-0.0315564,3.31056,3.03626,2.86864,2.01668
2006-11-30,scv,5.92176e+08,-0.136363,2.06673e+06,-0.04561,12524.3,-0.0192076,2.42919e+07,-0.136363,358778,-0.04561,4977.04,-0.0192076,4.55106e+06,-0.136363,148639,-0.04561,3164.84,-0.0192076,2336.92,-0.136363,2885.27,-0.04561,422.613,-0.0192076,3.32155,3.04796,2.88071,2.03037
2006-12-31,scv,6.19426e+08,-0.0474181,2.11966e+06,-0.0187516,12711.6,-0.00826963,2.54098e+07,-0.0474181,367968,-0.0187516,5051.48,-0.00826963,4.76048e+06,-0.0474181,152446,-0.0187516,3212.18,-0.00826963,2444.45,-0.0474181,2959.18,-0.0187516,428.934,-0.00826963,3.32665,3.05347,2.88641,2.0372
2007-01-31,scv,6.45953e+08,-0.0657682,2.17141e+06,-0.0325951,12895.3,-0.0158499,2.6498e+07,-0.0657682,376951,-0.0325951,5124.47,-0.0158499,4.96436e+06,-0.0657682,156168,-0.0325951,3258.59,-0.0158499,2549.14,-0.0657682,3031.42,-0.0325951,435.132,-0.0158499,3.33051,3.0576,2.89066,2.04215
2007-02-28,scv,6.21355e+08,-0.112316,2.13727e+06,-0.0562746,12823,-0.0279417,2.54889e+07,-0.112316,371025,-0.0562746,5095.74,-0.0279417,4.77531e+06,-0.112316,153713,-0.0562746,3240.32,-0.0279417,2452.07,-0.112316,2983.76,-0.0562746,432.692,-0.0279417,3.33381,3.06119,2.89438,2.04667
2007-03-31,scv,6.17494e+08,-0.199271,2.13998e+06,-0.102773,12866.3,-0.0516689,2.53305e+07,-0.199271,371495,-0.102773,5112.96,-0.0516689,4.74563e+06,-0.199271,153907,-0.102773,3251.27,-0.0516689,2436.83,-0.199271,2987.54,-0.102773,434.154,-0.0516689,3.32831,3.05554,2.88872,2.04089
2007-04-30,scv,6.27559e+08,-0.108875,2.16381e+06,-0.0500982,12966.9,-0.0218917,2.57434e+07,-0.108875,375632,-0.0500982,5152.91,-0.0218917,4.82299e+06,-0.108875,155621,-0.0500982,3276.68,-0.0218917,2476.55,-0.108875,3020.81,-0.0500982,437.547,-0.0218917,3.32592,3.05318,2.88646,2.03904
2007-05-31,scv,6.75417e+08,-0.101774,2.25263e+06,-0.041854,13263.7,-0.0148474,2.77066e+07,-0.101774,391051,-0.041854,5270.87,-0.0148474,5.19079e+06,-0.101774,162009,-0.041854,3351.68,-0.0148474,2665.41,-0.101774,3144.81,-0.041854,447.563,-0.0148474,3.32658,3.05401,2.88736,2.04035
2007-06-30,scv,6.36829e+08,-0.108374,2.19511e+06,-0.0515591,13125.5,-0.0244463,2.61237e+07,-0.108374,381066,-0.0515591,5215.96,-0.0244463,4.89423e+06,-0.108374,157873,-0.0515591,3316.76,-0.0244463,2513.13,-0.108374,3064.51,-0.0515591,442.9,-0.0244463,3.33311,3.06095,2.89454,2.04871
2007-07-31,scv,4.93944e+08,-0.291647,1.94281e+06,-0.150082,12382.7,-0.0734354,2.02623e+07,-0.291647,337267,-0.150082,4920.77,-0.0734354,3.79612e+06,-0.291647,139727,-0.150082,3129.06,-0.0734354,1949.26,-0.291647,2712.28,-0.150082,417.835,-0.0734354,3.32563,3.05323,2.88668,2.04045
2007-08-31,scv,4.74075e+08,-0.400025,1.91834e+06,-0.21464,12349.7,-0.107707,1.94473e+07,-0.400025,333019,-0.21464,4907.67,-0.107707,3.64342e+06,-0.400025,137967,-0.21464,3120.73,-0.107707,1870.85,-0.400025,2678.12,-0.21464,416.722,-0.107707,3.29682,3.0232,2.85611,2.00743
2007-09-30,scv,4.69288e+08,-0.370348,1.91728e+06,-0.191475,12378,-0.0923685,1.92509e+07,-0.370348,332835,-0.191475,4918.92,-0.0923685,3.60662e+06,-0.370348,137891,-0.191475,3127.88,-0.0923685,1851.96,-0.370348,2676.64,-0.191475,417.678,-0.0923685,3.2888,3.01526,2.84824,2.00049
2007-10-31,scv,4.66526e+08,-0.383993,1.91937e+06,-0.195218,12408,-0.0915706,1.91376e+07,-0.383993,333198,-0.195218,4930.81,-0.0915706,3.5854e+06,-0.383993,138041,-0.195218,3135.45,-0.0915706,1841.06,-0.383993,2679.56,-0.195218,418.688,-0.0915706,3.28586,3.01239,2.84545,1.99818
2007-11-30,scv,3.62941e+08,-0.528949,1.70694e+06,-0.290564,11743.5,-0.144042,1.48884e+07,-0.528949,296320,-0.290564,4666.76,-0.144042,2.78931e+06,-0.528949,122763,-0.290564,2967.54,-0.144042,1432.28,-0.528949,2382.99,-0.290564,396.266,-0.144042,3.28334,3.00999,2.84317,1.99648
2007-12-31,scv,3.48593e+08,-0.534171,1.68101e+06,-0.291485,11676.8,-0.143072,1.42998e+07,-0.534171,291820,-0.291485,4640.26,-0.143072,2.67905e+06,-0.534171,120898,-0.291485,2950.68,-0.143072,1375.66,-0.534171,2346.79,-0.291485,394.016,-0.143072,3.25304,2.97867,2.81146,1.96327
2008-01-31,scv,3.05644e+08,-0.643571,1.58566e+06,-0.376275,11370.6,-0.194025,1.2538e+07,-0.643571,275267,-0.376275,4518.56,-0.194025,2.34897e+06,-0.643571,114041,-0.376275,2873.3,-0.194025,1206.17,-0.643571,2213.68,-0.376275,383.683,-0.194025,3.24646,2.97207,2.80488,1.9572
2008-02-29,scv,2.69208e+08,-0.613936,1.49526e+06,-0.345871,11063,-0.172182,1.10433e+07,-0.613936,259573,-0.345871,4396.35,-0.172182,2.06895e+06,-0.613936,107539,-0.345871,2795.59,-0.172182,1062.38,-0.613936,2087.47,-0.345871,373.305,-0.172182,3.22893,2.95422,2.78697,1.93925
2008-03-31,scv,2.64829e+08,-0.666798,1.49451e+06,-0.391477,11090.1,-0.201117,1.08637e+07,-0.666798,259443,-0.391477,4407.11,-0.201117,2.0353e+06,-0.666798,107485,-0.391477,2802.43,-0.201117,1045.1,-0.666798,2086.42,-0.391477,374.218,-0.201117,3.21332,2.93815,2.77072,1.92246
2008-04-30,scv,2.72684e+08,-0.631715,1.5231e+06,-0.354813,11217.1,-0.174896,1.11859e+07,-0.631715,264406,-0.354813,4457.59,-0.174896,2.09566e+06,-0.631715,109541,-0.354813,2834.53,-0.174896,1076.1,-0.631715,2126.34,-0.354813,378.505,-0.174896,3.20779,2.93286,2.76565,1.91889
2008-05-31,scv,2.94222e+08,-0.607511,1.58609e+06,-0.331855,11463,-0.159146,1.20694e+07,-0.607511,275341,-0.331855,4555.27,-0.159146,2.26119e+06,-0.607511,114071,-0.331855,2896.64,-0.159146,1161.09,-0.607511,2214.27,-0.331855,386.8,-0.159146,3.20885,2.93426,2.76725,1.92163
2008-06-30,scv,2.24425e+08,-0.678158,1.39125e+06,-0.391371,10755.8,-0.195173,9.20623e+06,-0.678158,241518,-0.391371,4274.25,-0.195173,1.72477e+06,-0.678158,100059,-0.391371,2717.95,-0.195173,885.651,-0.678158,1942.27,-0.391371,362.937,-0.195173,3.21578,2.94164,2.77492,1.93052
2008-07-31,scv,2.47812e+08,-0.743149,1.48398e+06,-0.453541,11160.1,-0.236144,1.01656e+07,-0.743149,257616,-0.453541,4434.91,-0.236144,1.90452e+06,-0.743149,106728,-0.453541,2820.11,-0.236144,846.539,-0.743149,1922.43,-0.453541,362.485,-0.236144,3.18547,2.91011,2.7428,1.89604
2008-08-31,scv,2.9132e+08,-0.646119,1.62208e+06,-0.352023,11701,-0.165595,1.19504e+07,-0.646119,281589,-0.352023,4649.88,-0.165595,2.23889e+06,-0.646119,116660,-0.352023,2956.8,-0.165595,995.163,-0.69367,2101.32,-0.398721,380.055,-0.196824,3.18822,2.91416,2.74766,1.88813
2008-09-30,scv,2.1979e+08,-0.70684,1.44982e+06,-0.388751,11148.4,-0.181244,9.01611e+06,-0.70684,251685,-0.388751,4430.26,-0.181244,1.36526e+06,-0.763053,93209.8,-0.453594,2659.23,-0.227141,606.844,-0.794892,1678.93,-0.492972,341.806,-0.256067,3.20106,2.92822,2.76242,1.90658
2008-10-31,scv,1.02758e+08,-0.906587,1.04712e+06,-0.63801,9599.28,-0.362762,4.21527e+06,-0.906587,181778,-0.63801,3814.67,-0.362762,523710,-0.938053,60681.8,-0.708319,2170.98,-0.429679,170.584,-0.953823,930.028,-0.749533,256.983,-0.472297,3.15646,2.88398,2.69733,1.84185
2008-11-30,scv,5.93546e+07,-0.950097,831947,-0.723837,8648.23,-0.437674,2.43481e+06,-0.950097,144424,-0.723837,3436.73,-0.437674,302504,-0.966907,48212.1,-0.777476,1955.88,-0.496724,57.8224,-0.982757,559.269,-0.84153,200.758,-0.576865,3.04934,2.77672,2.57096,1.68127
2008-12-31,scv,6.18879e+07,-0.943065,886574,-0.696303,9016.32,-0.406444,2.53873e+06,-0.943065,153907,-0.696303,3583,-0.406444,315415,-0.962243,51377.8,-0.75529,2039.13,-0.468773,43.3299,-0.987031,501.823,-0.857625,191.702,-0.59575,2.97172,2.69934,2.49456,1.5475
2009-01-31,scv,3.59784e+07,-0.948404,692437,-0.69708,8013.67,-0.400359,1.47589e+06,-0.948404,120205,-0.69708,3184.56,-0.400359,183366,-0.965784,40127.4,-0.755917,1812.37,-0.463328,25.1897,-0.990846,391.937,-0.877183,170.384,-0.622167,2.95485,2.68594,2.48402,1.51157
2009-02-28,scv,2.21703e+07,-0.968206,551578,-0.758702,7177.88,-0.462899,909457,-0.968206,95752.6,-0.758702,2852.42,-0.462899,112992,-0.978916,31964.5,-0.805569,1623.35,-0.5193,15.5222,-0.994359,312.207,-0.902167,152.614,-0.661573,2.88991,2.61998,2.41789,1.44604
2009-03-31,scv,2.6744e+07,-0.97943,629757,-0.803865,7746.12,-0.514593,1.09708e+06,-0.97943,109324,-0.803865,3078.24,-0.514593,88581.1,-0.986385,29081.5,-0.842114,1558.81,-0.565777,10.2269,-0.996456,259.419,-0.920639,139.905,-0.694294,2.83565,2.56428,2.36161,1.38811
2009-04-30,scv,4.03805e+07,-0.959141,791547,-0.715502,8733.78,-0.410912,1.65647e+06,-0.959141,137411,-0.715502,3470.72,-0.410912,133748,-0.982391,36552.8,-0.817327,1757.56,-0.530874,11.257,-0.996619,276.649,-0.921564,145.051,-0.694421,2.83836,2.57021,2.32772,1.33878
2009-05-31,scv,4.19655e+07,-0.947119,818678,-0.666225,8914.67,-0.357006,1.72149e+06,-0.947119,142121,-0.666225,3542.61,-0.357006,138998,-0.977209,37805.7,-0.785687,1793.96,-0.487945,11.6989,-0.996264,286.131,-0.916439,148.055,-0.683528,2.86927,2.60437,2.36467,1.35048
2009-06-30,scv,4.20124e+07,-0.946865,824162,-0.661801,8958.15,-0.350985,1.72341e+06,-0.946865,143072,-0.661801,3559.89,-0.350985,139153,-0.9771,38058.9,-0.782847,1802.71,-0.48315,11.7119,-0.996246,288.048,-0.915332,148.777,-0.680565,2.86706,2.60315,2.36447,1.35516
2009-07-31,scv,5.81672e+07,-0.951566,978465,-0.675645,9782.88,-0.363703,2.38611e+06,-0.951566,169859,-0.675645,3887.62,-0.363703,192661,-0.979126,45184.5,-0.791735,1968.68,-0.493278,16.2154,-0.996579,341.977,-0.918798,162.474,-0.686824,2.86463,2.60111,2.36277,1.35536
2009-08-31,scv,7.09936e+07,-0.916414,1.0886e+06,-0.569336,10337,-0.264815,2.91226e+06,-0.916414,188979,-0.569336,4107.81,-0.264815,235144,-0.963977,50270.6,-0.723476,2080.18,-0.414528,19.7911,-0.994095,380.472,-0.892183,171.676,-0.638153,2.89234,2.63083,2.39407,1.3934
2009-09-30,scv,8.55624e+07,-0.909448,1.20264e+06,-0.550274,10882,-0.248108,3.5099e+06,-0.909448,208775,-0.550274,4324.4,-0.248108,283398,-0.960974,55536.5,-0.711237,2189.86,-0.401223,23.8525,-0.993603,420.326,-0.887411,180.728,-0.62993,2.90855,2.64831,2.41264,1.41656
2009-10-31,scv,6.33018e+07,-0.909221,1.04651e+06,-0.542185,10179.7,-0.238278,2.59673e+06,-0.909221,181671,-0.542185,4045.33,-0.238278,209667,-0.960876,48326.7,-0.706043,2048.54,-0.393395,17.6468,-0.993587,365.759,-0.885386,169.065,-0.625092,2.92375,2.66475,2.43003,1.43815
2009-11-30,scv,6.95364e+07,-0.910583,1.10314e+06,-0.545622,10466.7,-0.241137,2.85249e+06,-0.910583,191503,-0.545622,4159.37,-0.241137,230318,-0.961464,50942.1,-0.708249,2106.29,-0.395672,19.3849,-0.993683,385.553,-0.886246,173.831,-0.626499,2.88998,2.63032,2.39533,1.40321
2009-12-31,scv,8.65439e+07,-0.896445,1.23364e+06,-0.507937,11075.3,-0.209042,3.55016e+06,-0.896445,214157,-0.507937,4401.2,-0.209042,286650,-0.95537,56968.3,-0.684052,2228.75,-0.370113,24.1261,-0.992685,431.163,-0.876812,183.938,-0.610703,2.89663,2.63767,2.40332,1.41401
2010-01-31,scv,7.93566e+07,-0.886197,1.18583e+06,-0.481238,10868.8,-0.186714,3.25532e+06,-0.886197,205857,-0.481238,4319.18,-0.186714,262844,-0.950954,54760.2,-0.666909,2187.21,-0.352332,22.1225,-0.991961,414.451,-0.870128,180.51,-0.599713,2.91644,2.65863,2.42509,1.43917
2010-02-28,scv,9.57656e+07,-0.893276,1.30834e+06,-0.496377,11428.7,-0.198188,3.92845e+06,-0.893276,227124,-0.496377,4541.67,-0.198188,317193,-0.954004,60417.7,-0.67663,2299.88,-0.361469,26.6969,-0.992461,457.27,-0.873918,189.808,-0.60536,2.90661,2.64858,2.41502,1.42914
2010-03-31,scv,1.20722e+08,-0.853196,1.4726e+06,-0.407912,12132.6,-0.130079,4.9522e+06,-0.853196,255640,-0.407912,4821.37,-0.130079,399854,-0.936731,68003.2,-0.619827,2441.52,-0.30723,33.654,-0.98963,514.68,-0.85177,201.498,-0.571838,2.92266,2.66569,2.43296,1.45068
2010-04-30,scv,1.52348e+08,-0.820474,1.66331e+06,-0.343873,12911.7,-0.0837606,6.24953e+06,-0.820474,288746,-0.343873,5131,-0.0837606,504604,-0.922629,76809.7,-0.578709,2598.32,-0.270344,42.4704,-0.987318,581.332,-0.835738,214.438,-0.549041,2.94356,2.68779,2.4559,1.47709
2010-05-31,scv,1.07158e+08,-0.863449,1.42059e+06,-0.415989,11986.5,-0.131237,4.39578e+06,-0.863449,246611,-0.415989,4763.32,-0.131237,354927,-0.94115,65601.4,-0.625014,2412.13,-0.308152,25.4445,-0.991784,456.757,-0.865497,190.772,-0.590236,2.96325,2.70881,2.47795,1.50351
2010-06-30,scv,7.49861e+07,-0.892464,1.20485e+06,-0.472918,11075.7,-0.171236,3.07604e+06,-0.892464,209158,-0.472918,4401.38,-0.171236,248368,-0.953655,55638.5,-0.661567,2228.84,-0.340005,17.8054,-0.99353,387.389,-0.878608,176.276,-0.609102,2.92229,2.6673,2.43641,1.44478
2010-07-31,scv,8.90523e+07,-0.902458,1.3235e+06,-0.4978,11631.7,-0.190952,3.65306e+06,-0.902458,229756,-0.4978,4622.32,-0.190952,294958,-0.957962,61117.8,-0.677543,2340.72,-0.355707,21.1454,-0.994131,425.539,-0.884338,185.124,-0.618402,2.88287,2.62709,2.39599,1.40416
2010-08-31,scv,6.83052e+07,-0.903503,1.16676e+06,-0.494274,10938.7,-0.185611,2.80198e+06,-0.903503,202546,-0.494274,4346.95,-0.185611,226239,-0.958412,53879.6,-0.67528,2201.28,-0.351453,16.219,-0.994194,375.142,-0.883526,174.096,-0.615882,2.89583,2.64124,2.41106,1.42356
2010-09-30,scv,8.99477e+07,-0.891751,1.34577e+06,-0.462761,11763.4,-0.15998,3.68979e+06,-0.891751,233622,-0.462761,4674.66,-0.15998,297923,-0.953347,62146.2,-0.655046,2367.23,-0.331042,21.358,-0.993487,432.699,-0.876269,187.221,-0.603794,2.86825,2.61286,2.38229,1.39355
2010-10-31,scv,9.86828e+07,-0.875448,1.41297e+06,-0.421326,12060.8,-0.127269,4.04812e+06,-0.875448,245288,-0.421326,4792.85,-0.127269,326856,-0.946321,65249.5,-0.628441,2427.08,-0.304992,23.4321,-0.992506,454.307,-0.866726,191.954,-0.588365,2.89202,2.63809,2.40859,1.42453
2010-11-30,scv,1.06932e+08,-0.861157,1.47564e+06,-0.387712,12335.5,-0.101788,4.38652e+06,-0.861157,256167,-0.387712,4902.02,-0.101788,354180,-0.940162,68143.4,-0.606858,2482.36,-0.2847,25.391,-0.991646,474.456,-0.858984,196.326,-0.576347,2.89972,2.64632,2.41723,1.43497
2010-12-31,scv,1.36923e+08,-0.838551,1.67184e+06,-0.337405,13134,-0.0647782,5.6168e+06,-0.838551,290226,-0.337405,5219.35,-0.0647782,453516,-0.930419,77203.6,-0.574556,2643.06,-0.255227,32.5123,-0.990286,537.538,-0.847398,209.035,-0.55889,2.90591,2.653,2.42434,1.44393
2011-01-31,scv,1.37279e+08,-0.80655,1.67902e+06,-0.272654,13172,-0.0264028,5.63137e+06,-0.80655,291474,-0.272654,5234.41,-0.0264028,454692,-0.916628,77535.5,-0.53298,2650.69,-0.219134,32.5967,-0.98836,539.849,-0.832485,209.639,-0.537514,2.92846,2.67669,2.44884,1.47163
2011-02-28,scv,1.58293e+08,-0.792754,1.80768e+06,-0.245947,13676.3,-0.0296113,6.4934e+06,-0.792754,313809,-0.245947,5434.82,-0.0296113,524295,-0.910682,83476.8,-0.515832,2752.17,-0.204607,37.5864,-0.98753,581.216,-0.826334,217.665,-0.52891,2.92744,2.67582,2.44816,1.47187
2011-03-31,scv,1.63217e+08,-0.807706,1.84196e+06,-0.270378,13817.3,-0.0480721,6.69541e+06,-0.807706,319760,-0.270378,5490.85,-0.0480721,540606,-0.917126,85059.8,-0.531519,2780.54,-0.216727,38.7557,-0.98843,592.238,-0.831961,219.909,-0.536088,2.9396,2.68874,2.46163,1.48775
2011-04-30,scv,1.67423e+08,-0.786168,1.86795e+06,-0.229156,13918.8,-0.0315194,6.86794e+06,-0.786168,324271,-0.229156,5531.22,-0.0315194,554536,-0.907844,86259.8,-0.505051,2800.99,-0.194524,39.7544,-0.987134,600.593,-0.822467,221.526,-0.522938,2.94101,2.69046,2.46362,1.49105
2011-05-31,scv,1.52013e+08,-0.806784,1.78442e+06,-0.26543,13612.7,-0.0539966,6.23579e+06,-0.806784,309771,-0.26543,5409.55,-0.0539966,503495,-0.916728,82402.7,-0.528342,2739.37,-0.213218,36.0953,-0.988374,573.737,-0.830822,216.653,-0.53401,2.94286,2.69247,2.46578,1.49385
2011-06-30,scv,1.43373e+08,-0.826941,1.73873e+06,-0.303316,13448.3,-0.0782329,5.88137e+06,-0.826941,301840,-0.303316,5344.24,-0.0782329,474878,-0.925416,80292.8,-0.552668,2706.3,-0.233375,34.0437,-0.989587,559.047,-0.839547,214.037,-0.545948,2.93283,2.68218,2.45535,1.48299
2011-07-31,scv,1.30562e+08,-0.812764,1.66385e+06,-0.272119,13164.6,-0.0567771,5.35585e+06,-0.812764,288840,-0.272119,5231.48,-0.0567771,432446,-0.919306,76834.7,-0.532637,2649.2,-0.21553,31.0018,-0.988734,534.97,-0.832362,209.521,-0.535379,2.92603,2.67528,2.44848,1.47639
2011-08-31,scv,9.11713e+07,-0.899386,1.43438e+06,-0.452084,12314.4,-0.176533,3.73998e+06,-0.899386,249005,-0.452084,4893.62,-0.176533,301976,-0.956638,66238.1,-0.64819,2478.11,-0.315131,18.6247,-0.994792,426.562,-0.883284,188.345,-0.610192,2.9162,2.66523,2.4383,1.46585
2011-09-30,scv,6.53161e+07,-0.908423,1.22872e+06,-0.470362,11431.1,-0.187712,2.67936e+06,-0.908423,213303,-0.470362,4542.59,-0.187712,216339,-0.960533,56741.1,-0.659926,2300.35,-0.324428,13.3429,-0.995259,365.403,-0.887178,174.835,-0.615484,2.87,2.61937,2.39324,1.40906
2011-10-31,scv,8.73958e+07,-0.919352,1.44538e+06,-0.499832,12450.7,-0.209443,3.58511e+06,-0.919352,250914,-0.499832,4947.78,-0.209443,289471,-0.965243,66746.2,-0.678848,2505.54,-0.342501,15.378,-0.995825,397.816,-0.893456,183.063,-0.62577,2.83455,2.58317,2.35677,1.37216
2011-11-30,scv,8.41668e+07,-0.905859,1.43638e+06,-0.447337,12451,-0.164286,3.45265e+06,-0.905859,249352,-0.447337,4947.93,-0.164286,278776,-0.959428,66330.5,-0.645142,2505.61,-0.304945,12.7595,-0.995802,365.938,-0.891043,175.998,-0.619698,2.85488,2.60556,2.38086,1.38787
2011-12-31,scv,8.58e+07,-0.891786,1.45801e+06,-0.402981,12561.2,-0.129706,3.51964e+06,-0.891786,253106,-0.402981,4991.7,-0.129706,284186,-0.953362,67329.2,-0.616661,2527.78,-0.276185,13.0071,-0.995843,371.447,-0.891051,177.555,-0.619258,2.84659,2.59777,2.37368,1.36743
2012-01-31,scv,1.00114e+08,-0.872897,1.57678e+06,-0.351543,13066.7,-0.0924758,4.10683e+06,-0.872897,273726,-0.351543,5192.59,-0.0924758,331597,-0.945221,72814.3,-0.583634,2629.51,-0.245221,15.1771,-0.995117,401.708,-0.881664,184.701,-0.60297,2.84633,2.59786,2.37408,1.36956
2012-02-29,scv,1.07761e+08,-0.847887,1.63942e+06,-0.289687,13331,-0.0498637,4.42053e+06,-0.847887,284599,-0.289687,5297.6,-0.0498637,356925,-0.934443,75706.6,-0.543917,2682.68,-0.209781,16.3364,-0.994157,417.665,-0.870376,188.436,-0.584328,2.85992,2.61211,2.38885,1.38646
2012-03-31,scv,1.1677e+08,-0.857909,1.71074e+06,-0.311855,13626.2,-0.0642521,4.79009e+06,-0.857909,296979,-0.311855,5414.92,-0.0642521,386765,-0.938762,79000,-0.55815,2742.09,-0.221747,17.7022,-0.994542,435.834,-0.874422,192.609,-0.590622,2.8658,2.6184,2.39545,1.3945
2012-04-30,scv,1.13353e+08,-0.854114,1.69032e+06,-0.300732,13554.2,-0.0560436,4.64992e+06,-0.854114,293436,-0.300732,5386.33,-0.0560436,375447,-0.937127,78057.4,-0.551008,2727.62,-0.21492,17.1842,-0.994396,430.634,-0.872392,191.592,-0.587031,2.87216,2.62522,2.40261,1.40328
2012-05-31,scv,9.485e+07,-0.869166,1.54926e+06,-0.335812,12982.6,-0.0793449,3.89089e+06,-0.869166,268947,-0.335812,5159.18,-0.0793449,314161,-0.943614,71543.2,-0.573533,2612.59,-0.2343,14.3791,-0.994974,394.695,-0.878794,183.512,-0.597225,2.86835,2.62144,2.3989,1.40003
2012-06-30,scv,1.06609e+08,-0.875672,1.6499e+06,-0.351464,13412.7,-0.0898893,4.37326e+06,-0.875672,286418,-0.351464,5330.08,-0.0898893,353109,-0.946418,76190.5,-0.583583,2699.13,-0.24307,16.1618,-0.995224,420.334,-0.88165,189.591,-0.601838,2.85143,2.60386,2.38095,1.38059
2012-07-31,scv,1.01051e+08,-0.865285,1.6096e+06,-0.32152,13254.7,-0.0679431,4.14524e+06,-0.865285,279423,-0.32152,5267.31,-0.0679431,334698,-0.941941,74329.7,-0.564357,2667.34,-0.224817,15.3191,-0.994825,410.068,-0.876186,187.359,-0.592237,2.86031,2.61345,2.39108,1.39333
2012-08-31,scv,1.11223e+08,-0.864426,1.69171e+06,-0.318697,13594.8,-0.0657754,4.56254e+06,-0.864426,293677,-0.318697,5402.43,-0.0657754,368392,-0.941571,78121.4,-0.562544,2735.77,-0.223014,16.8612,-0.994792,430.987,-0.87567,192.165,-0.591289,2.85465,2.60772,2.3853,1.38751
2012-09-30,scv,1.23825e+08,-0.836551,1.78769e+06,-0.250774,13980.4,-0.0229136,5.07949e+06,-0.836551,310338,-0.250774,5555.69,-0.0229136,410132,-0.929557,82553.5,-0.518931,2813.38,-0.184884,18.7717,-0.993721,455.438,-0.863275,197.616,-0.571232,2.86267,2.61619,2.39414,1.39794
2012-10-31,scv,1.20561e+08,-0.830571,1.76595e+06,-0.235295,13899,-0.0326016,4.94558e+06,-0.830571,306564,-0.235295,5523.35,-0.0326016,399320,-0.92698,81549.6,-0.508992,2797,-0.175995,18.2768,-0.993491,449.9,-0.860451,196.466,-0.566556,2.8718,2.62585,2.40419,1.4096
2012-11-30,scv,1.22323e+08,-0.854839,1.78378e+06,-0.290721,13978.6,-0.0678535,5.01788e+06,-0.854839,309659,-0.290721,5554.98,-0.0678535,405157,-0.937439,82372.9,-0.544581,2813.02,-0.206022,18.544,-0.994424,454.441,-0.870565,197.591,-0.58235,2.86895,2.62294,2.40123,1.40671
2012-12-31,scv,1.38067e+08,-0.824092,1.89711e+06,-0.21857,14419.8,-0.0213853,5.6637e+06,-0.824092,329334,-0.21857,5730.29,-0.0213853,457302,-0.924188,87606.7,-0.498253,2901.8,-0.166442,20.9307,-0.993242,483.316,-0.857398,203.827,-0.56153,2.86918,2.62337,2.40186,1.40827
2013-01-31,scv,1.61218e+08,-0.786811,2.05259e+06,-0.138057,15003.9,-0.00695023,6.61341e+06,-0.786811,356324,-0.138057,5962.39,-0.00695023,533985,-0.908121,94786.3,-0.446557,3019.33,-0.124114,24.4404,-0.99181,522.925,-0.842706,212.083,-0.539265,2.87973,2.63445,2.41334,1.4214
2013-02-28,scv,1.66624e+08,-0.770169,2.09087e+06,-0.104448,15150.6,-0.0298636,6.83516e+06,-0.770169,362970,-0.104448,6020.7,-0.0298636,551890,-0.900948,96554.3,-0.424977,3048.86,-0.107051,25.2599,-0.991171,532.679,-0.836573,214.157,-0.53029,2.89324,2.64863,2.42803,1.43815
2013-03-31,scv,1.88099e+08,-0.760119,2.22275e+06,-0.0835291,15623.2,-0.0194518,7.7161e+06,-0.760119,385863,-0.0835291,6208.52,-0.0194518,623019,-0.896617,102644,-0.411545,3143.97,-0.0963071,28.5155,-0.990785,566.276,-0.832755,220.837,-0.524638,2.89544,2.65105,2.43063,1.44172
2013-04-30,scv,1.85614e+08,-0.770418,2.21674e+06,-0.0999984,15617.1,-0.0406011,7.61417e+06,-0.770418,384820,-0.0999984,6206.09,-0.0406011,614789,-0.901056,102367,-0.42212,3142.74,-0.103633,28.1388,-0.991181,564.744,-0.835761,220.751,-0.528492,2.90615,2.66227,2.44223,1.4548
2013-05-31,scv,2.13264e+08,-0.751502,2.38183e+06,-0.0624644,16197.9,-0.0204908,8.74839e+06,-0.751502,413479,-0.0624644,6436.9,-0.0204908,706369,-0.892903,109990,-0.39802,3259.62,-0.0848442,32.3304,-0.990454,606.804,-0.828911,228.961,-0.518608,2.90336,2.65965,2.43976,1.4533
2013-06-30,scv,2.10895e+08,-0.722648,2.37471e+06,-0.0587408,16184.1,-0.0296278,8.65123e+06,-0.722648,412244,-0.0587408,6431.41,-0.0296278,698524,-0.880468,109662,-0.36151,3256.84,-0.0565697,31.9713,-0.989346,604.99,-0.818535,228.766,-0.503735,2.91491,2.67186,2.45248,1.46826
2013-07-31,scv,2.5964e+08,-0.685705,2.63781e+06,-0.0234835,17061.9,-0.0117786,1.06508e+07,-0.685705,457918,-0.0234835,6780.24,-0.0117786,859976,-0.864547,121811,-0.319887,3433.48,-0.0261467,39.361,-0.987926,672.019,-0.806705,241.173,-0.487732,2.91287,2.6699,2.45064,1.46697
2013-08-31,scv,2.3141e+08,-0.668141,2.49606e+06,-0.0739034,16606.6,-0.0371299,9.49279e+06,-0.668141,433311,-0.0739034,6599.31,-0.0371299,766473,-0.856977,115266,-0.298872,3341.87,-0.0371299,35.0814,-0.987252,635.907,-0.800732,234.738,-0.47946,2.93113,2.689,2.47038,1.48935
2013-09-30,scv,2.6899e+08,-0.663066,2.69274e+06,-0.0668232,17251.1,-0.0334492,1.10344e+07,-0.663066,467453,-0.0668232,6855.42,-0.0334492,890946,-0.85479,124348,-0.293512,3471.55,-0.0334492,40.7785,-0.987057,686.012,-0.799209,243.848,-0.47747,2.91986,2.6774,2.45857,1.4769
2013-10-31,scv,2.98215e+08,-0.635988,2.84054e+06,-0.0444709,17726.5,-0.0223773,1.22332e+07,-0.635988,493110,-0.0444709,7044.36,-0.0223773,987744,-0.843119,131173,-0.264807,3567.23,-0.0223773,45.2089,-0.986016,723.666,-0.791051,250.568,-0.466803,2.93312,2.69129,2.4729,1.49307
2013-11-30,scv,3.35776e+08,-0.588435,3.01814e+06,-0.0394857,18278.4,-0.0198111,1.3774e+07,-0.588435,523941,-0.0394857,7263.68,-0.0198111,1.11215e+06,-0.822625,139374,-0.216943,3678.3,-0.0198111,50.9031,-0.98419,768.912,-0.777447,258.37,-0.449487,2.9416,2.70029,2.48227,1.50407
2013-12-31,scv,3.52757e+08,-0.562384,3.09706e+06,-0.0462218,18521.2,-0.0232668,1.44706e+07,-0.562384,537642,-0.0462218,7360.16,-0.0232668,1.1684e+06,-0.811398,143019,-0.191411,3727.15,-0.0232668,53.4773,-0.983189,789.019,-0.770191,261.801,-0.440387,2.9517,2.7109,2.49327,1.51676
2014-01-31,scv,3.16215e+08,-0.548387,2.93789e+06,-0.0683244,18047.5,-0.0345257,1.29716e+07,-0.548387,510010,-0.0683244,7171.92,-0.0345257,1.04736e+06,-0.805366,135669,-0.176646,3631.83,-0.0345257,47.9377,-0.982651,748.468,-0.765994,255.106,-0.43497,2.95567,2.71512,2.49766,1.522
2014-02-28,scv,3.61839e+08,-0.584345,3.14915e+06,-0.105139,18694.6,-0.0535257,1.48432e+07,-0.584345,546684,-0.105139,7429.05,-0.0535257,1.19848e+06,-0.820863,145424,-0.20918,3762.04,-0.0535257,54.8542,-0.984033,802.288,-0.775241,264.252,-0.446089,2.94509,2.70422,2.48657,1.51019
2014-03-31,scv,3.73523e+08,-0.494,3.20549e+06,-0.043366,18869.9,-0.0218226,1.53225e+07,-0.494,556465,-0.043366,7498.7,-0.0218226,1.23718e+06,-0.781926,148026,-0.125128,3797.31,-0.0218226,56.6254,-0.980562,816.644,-0.751352,266.729,-0.417005,2.95633,2.71605,2.49888,1.52455
2014-04-30,scv,3.44129e+08,-0.524103,3.08366e+06,-0.0801535,18518,-0.0405761,1.41167e+07,-0.524103,535316,-0.0801535,7358.87,-0.0405761,1.13982e+06,-0.7949,142400,-0.149907,3726.5,-0.0405761,52.1693,-0.981718,785.606,-0.758395,261.755,-0.425046,2.95842,2.71838,2.50135,1.52788
2014-05-31,scv,3.43354e+08,-0.54791,3.08643e+06,-0.101419,18535.6,-0.0511947,1.40849e+07,-0.54791,535796,-0.101419,7365.89,-0.0511947,1.13725e+06,-0.80516,142528,-0.16956,3730.06,-0.0511947,52.0519,-0.982633,786.31,-0.76398,262.005,-0.431409,2.95017,2.70991,2.49281,1.51902
2014-06-30,scv,3.8629e+08,-0.514835,3.27715e+06,-0.0688066,19104.8,-0.0340457,1.58462e+07,-0.514835,568905,-0.0688066,7592.08,-0.0340457,1.27947e+06,-0.790906,151335,-0.13942,3844.6,-0.0340457,58.561,-0.981362,834.9,-0.755414,270.051,-0.421132,2.94919,2.70901,2.49198,1.51871
2014-07-31,scv,3.29452e+08,-0.527541,3.03081e+06,-0.0910484,18379.3,-0.0463187,1.35146e+07,-0.527541,526141,-0.0910484,7303.75,-0.0463187,1.09121e+06,-0.796381,139960,-0.148665,3698.59,-0.0463187,49.9444,-0.98185,772.142,-0.758042,259.795,-0.423896,2.95927,2.71959,2.50296,1.53126
2014-08-31,scv,3.71788e+08,-0.533583,3.2217e+06,-0.0968604,18952.2,-0.0493677,1.52513e+07,-0.533583,559279,-0.0968604,7531.44,-0.0493677,1.23143e+06,-0.798985,148775,-0.154109,3813.89,-0.0493677,56.3624,-0.982083,820.773,-0.759589,267.894,-0.425737,2.94451,2.7043,2.48727,1.51419
2014-09-30,scv,3.07793e+08,-0.558602,2.93494e+06,-0.119802,18094.6,-0.0610913,1.26261e+07,-0.558602,509497,-0.119802,7190.61,-0.0610913,1.01947e+06,-0.809768,135532,-0.175597,3641.3,-0.0610913,46.6609,-0.983044,747.715,-0.765696,255.771,-0.43282,2.955,2.71532,2.49868,1.52706
2014-10-31,scv,3.51578e+08,-0.612905,3.14778e+06,-0.174316,18755.7,-0.0902509,1.44223e+07,-0.612905,546447,-0.174316,7453.34,-0.0902509,1.16449e+06,-0.833171,145361,-0.226655,3774.34,-0.0902509,53.2987,-0.98513,801.942,-0.780207,265.116,-0.450434,2.93767,2.6973,2.4802,1.50686
2014-11-30,scv,3.406e+08,-0.514907,3.10109e+06,-0.0736373,18620.3,-0.0358382,1.39719e+07,-0.514907,538342,-0.0736373,7399.53,-0.0358382,1.12813e+06,-0.790936,143205,-0.132358,3747.09,-0.0358382,51.6344,-0.981365,790.046,-0.753407,263.202,-0.417565,2.94813,2.70842,2.49186,1.52092
2014-12-31,scv,3.69065e+08,-0.553018,3.23688e+06,-0.108879,19036.6,-0.05386,1.51396e+07,-0.553018,561915,-0.108879,7564.97,-0.05386,1.22241e+06,-0.807361,149476,-0.165366,3830.87,-0.05386,55.9496,-0.982829,824.641,-0.762788,269.087,-0.428451,2.94494,2.70515,2.48856,1.51749
2015-01-31,scv,3.16323e+08,-0.547308,3.00645e+06,-0.100945,18361.4,-0.0490563,1.29761e+07,-0.547308,521912,-0.100945,7296.64,-0.0490563,1.04772e+06,-0.804901,138835,-0.157935,3694.99,-0.0490563,47.9541,-0.98261,765.935,-0.760677,259.542,-0.425549,2.95099,2.71163,2.49543,1.52596
2015-02-28,scv,3.62113e+08,-0.528082,3.21995e+06,-0.0801814,19007,-0.0376459,1.48544e+07,-0.528082,558976,-0.0801814,7553.22,-0.0376459,1.19939e+06,-0.796615,148694,-0.138487,3824.92,-0.0376459,54.8957,-0.981871,820.328,-0.755149,268.668,-0.418656,2.93599,2.69619,2.47969,1.50941
2015-03-31,scv,3.72957e+08,-0.513026,3.27256e+06,-0.064456,19168.6,-0.0291498,1.52992e+07,-0.513026,568108,-0.064456,7617.43,-0.0291498,1.2353e+06,-0.790126,151123,-0.123759,3857.43,-0.0291498,56.5396,-0.981293,833.729,-0.750963,270.952,-0.413524,2.94762,2.70838,2.4923,1.52376
2015-04-30,scv,3.64569e+08,-0.477182,3.2389e+06,-0.0383006,19074.7,-0.0191338,1.49551e+07,-0.477182,562264,-0.0383006,7580.1,-0.0191338,1.20752e+06,-0.774678,149569,-0.0902165,3838.53,-0.0191338,55.268,-0.979916,825.153,-0.74143,269.624,-0.402098,2.94966,2.71061,2.49468,1.52684
2015-05-31,scv,3.73774e+08,-0.481922,3.28142e+06,-0.0425521,19202.3,-0.0212746,1.53327e+07,-0.481922,569647,-0.0425521,7630.8,-0.0212746,1.23801e+06,-0.776721,151533,-0.0942386,3864.21,-0.0212746,56.6634,-0.980098,835.988,-0.742573,271.428,-0.403403,2.94723,2.70814,2.49218,1.52436
2015-06-30,scv,3.78427e+08,-0.464726,3.30629e+06,-0.0411585,19281.4,-0.0206455,1.55236e+07,-0.464726,573964,-0.0411585,7662.25,-0.0206455,1.25342e+06,-0.76931,152681,-0.0789112,3880.13,-0.0206455,57.3689,-0.979437,842.324,-0.738217,272.547,-0.398308,2.94919,2.71022,2.49441,1.52698
2015-07-31,scv,3.20738e+08,-0.557385,3.04833e+06,-0.132541,18520.7,-0.0681727,1.31572e+07,-0.557385,529183,-0.132541,7359.94,-0.0681727,1.06234e+06,-0.809244,140769,-0.160146,3727.04,-0.0681727,48.6234,-0.982997,776.604,-0.761305,261.793,-0.425068,2.94978,2.7109,2.49514,1.52825
2015-08-31,scv,2.88908e+08,-0.652866,2.90512e+06,-0.229327,18098.8,-0.121013,1.18514e+07,-0.652866,504322,-0.229327,7192.29,-0.121013,956916,-0.850394,134156,-0.253852,3642.15,-0.121013,43.7979,-0.986665,740.12,-0.787937,255.83,-0.45767,2.93448,2.69507,2.47894,1.51062
2015-09-30,scv,2.5082e+08,-0.650791,2.71458e+06,-0.22408,17507.4,-0.117191,1.0289e+07,-0.650791,471244,-0.22408,6957.29,-0.117191,830761,-0.849499,125356,-0.248772,3523.14,-0.117191,38.0238,-0.986585,691.576,-0.786493,247.471,-0.455312,2.92356,2.68395,2.46775,1.49938
2015-10-31,scv,2.8999e+08,-0.643106,2.93011e+06,-0.215497,18207,-0.112295,1.18958e+07,-0.643106,508660,-0.215497,7235.3,-0.112295,960502,-0.846187,135310,-0.240462,3663.93,-0.112295,43.9621,-0.98629,746.487,-0.784131,257.36,-0.452291,2.90989,2.66987,2.45347,1.48433
2015-11-30,scv,3.18673e+08,-0.590003,3.07732e+06,-0.154792,18667.4,-0.0773837,1.30725e+07,-0.590003,534215,-0.154792,7418.26,-0.0773837,1.05551e+06,-0.823301,142107,-0.181689,3756.58,-0.0773837,48.3103,-0.98425,783.99,-0.767428,263.868,-0.430751,2.92127,2.68198,2.46613,1.49955
2015-12-31,scv,2.60106e+08,-0.642921,2.78867e+06,-0.209058,17783.8,-0.106889,1.06699e+07,-0.642921,484106,-0.209058,7067.1,-0.106889,861520,-0.846108,128778,-0.234229,3578.75,-0.106889,39.4316,-0.986283,710.452,-0.78236,251.377,-0.448956,2.9289,2.69007,2.47455,1.50948
2016-01-31,scv,2.09927e+08,-0.748171,2.52018e+06,-0.332394,16930.9,-0.178451,8.61152e+06,-0.748171,437497,-0.332394,6728.18,-0.178451,695318,-0.891468,116379,-0.353639,3407.12,-0.178451,31.8246,-0.990326,642.051,-0.816298,239.322,-0.493109,2.90972,2.67026,2.45437,1.4879
2016-02-29,scv,2.10805e+08,-0.755747,2.53213e+06,-0.34052,16982.2,-0.182842,8.64754e+06,-0.755747,439572,-0.34052,6748.57,-0.182842,698226,-0.894733,116931,-0.361507,3417.45,-0.182842,31.9577,-0.990617,645.095,-0.818534,240.047,-0.495818,2.88845,2.64843,2.43228,1.46507
2016-03-31,scv,2.61481e+08,-0.68004,2.83012e+06,-0.243919,17969.6,-0.124656,1.07264e+07,-0.68004,491302,-0.243919,7140.96,-0.124656,866075,-0.862105,130692,-0.267979,3616.15,-0.124656,39.6401,-0.987709,721.012,-0.791952,254.004,-0.459918,2.88779,2.64795,2.43194,1.46546
2016-04-30,scv,2.89141e+08,-0.65654,2.98167e+06,-0.213746,18453.3,-0.106539,1.1861e+07,-0.65654,517611,-0.213746,7333.16,-0.106539,957688,-0.851977,137691,-0.238767,3713.48,-0.106539,43.8332,-0.986806,759.622,-0.78365,260.841,-0.44874,2.90549,2.66659,2.45134,1.48809
2016-05-31,scv,2.92005e+08,-0.625822,3.00193e+06,-0.177239,18524.4,-0.0854452,1.19785e+07,-0.625822,521128,-0.177239,7361.42,-0.0854452,967175,-0.838738,138626,-0.203422,3727.79,-0.0854452,44.2674,-0.985626,764.784,-0.773604,261.846,-0.435725,2.91365,2.67524,2.4603,1.49865
2016-06-30,scv,2.88142e+08,-0.641934,2.9974e+06,-0.191189,18533.7,-0.0921497,1.182e+07,-0.641934,520342,-0.191189,7365.11,-0.0921497,954379,-0.845682,138417,-0.216928,3729.66,-0.0921497,43.6818,-0.986245,763.63,-0.777443,261.977,-0.439862,2.91377,2.67552,2.46074,1.49962
2016-07-31,scv,3.34813e+08,-0.606627,3.23753e+06,-0.151031,19271.5,-0.0695493,1.37345e+07,-0.606627,562027,-0.151031,7658.31,-0.0695493,1.10896e+06,-0.830466,149506,-0.178048,3878.14,-0.0695493,50.7571,-0.984889,824.805,-0.766393,272.407,-0.425917,2.91059,2.67249,2.45794,1.49805
2016-08-31,scv,3.6493e+08,-0.541124,3.38425e+06,-0.0816227,19709.6,-0.0318722,1.497e+07,-0.541124,587496,-0.0816227,7832.4,-0.0318722,1.20871e+06,-0.802236,156281,-0.110848,3966.29,-0.0318722,55.3227,-0.982372,862.183,-0.747294,278.599,-0.402671,2.92305,2.68563,2.47152,1.51377
2016-09-30,scv,3.79636e+08,-0.509213,3.46139e+06,-0.0555318,19946.7,-0.0278549,1.55732e+07,-0.509213,600889,-0.0555318,7926.65,-0.0278549,1.25742e+06,-0.788483,159844,-0.07806,4014.02,-0.0278549,57.5521,-0.981146,881.838,-0.737975,281.951,-0.391365,2.93011,2.6931,2.47929,1.52274
2016-10-31,scv,3.47617e+08,-0.502459,3.31589e+06,-0.0551835,19528.4,-0.0278014,1.42598e+07,-0.502459,575630,-0.0551835,7760.4,-0.0278014,1.15137e+06,-0.785572,153124,-0.0694941,3929.84,-0.0278014,52.6982,-0.980887,844.769,-0.735541,276.038,-0.388173,2.93251,2.69573,2.48217,1.52679
2016-11-30,scv,5.07901e+08,-0.53016,4.02288e+06,-0.0816647,21530.2,-0.0414719,2.08349e+07,-0.53016,698362,-0.0816647,8555.88,-0.0414719,1.68226e+06,-0.79751,185772,-0.0955742,4332.66,-0.0414719,76.9969,-0.981951,1024.88,-0.742953,304.333,-0.396777,2.92433,2.68728,2.47356,1.51749
2016-12-31,scv,5.70827e+08,-0.267391,4.27215e+06,-0.0352737,22196.8,-0.0177147,2.34162e+07,-0.267391,741634,-0.0352737,8820.79,-0.0177147,1.89069e+06,-0.684263,197283,-0.0352737,4466.81,-0.0177147,86.5364,-0.971857,1088.39,-0.677906,313.756,-0.324146,2.95618,2.72073,2.50815,1.55697
2017-01-31,scv,5.56822e+08,-0.21625,4.22893e+06,-0.0505609,22096.6,-0.0253278,2.28416e+07,-0.21625,734131,-0.0505609,8780.99,-0.0253278,1.8443e+06,-0.662222,195287,-0.0505609,4446.66,-0.0253278,84.4132,-0.969892,1077.38,-0.665805,312.34,-0.311024,2.96575,2.73079,2.51859,1.56908
2017-02-28,scv,5.59626e+08,-0.217769,4.24425e+06,-0.0503003,22142.7,-0.024889,2.29567e+07,-0.217769,736791,-0.0503003,8799.32,-0.024889,1.85359e+06,-0.662877,195995,-0.0503003,4455.94,-0.024889,84.8384,-0.96995,1081.28,-0.665713,312.992,-0.310714,2.96267,2.72773,2.51558,1.56637
2017-03-31,scv,5.44749e+08,-0.30094,4.19918e+06,-0.0994113,22040.1,-0.0497076,2.23464e+07,-0.30094,728968,-0.0994113,8758.52,-0.0497076,1.80431e+06,-0.698722,193914,-0.0994113,4435.28,-0.0497076,82.583,-0.973146,1069.8,-0.683,311.541,-0.328258,2.96267,2.7278,2.5157,1.56685
2017-04-30,scv,5.51824e+08,-0.288827,4.23478e+06,-0.0903616,22144.3,-0.0446102,2.26366e+07,-0.288827,735147,-0.0903616,8799.93,-0.0446102,1.82774e+06,-0.693501,195558,-0.0903616,4456.25,-0.0446102,83.6556,-0.97268,1078.87,-0.679815,313.014,-0.324655,2.9592,2.72435,2.51231,1.56389
2017-05-31,scv,4.93383e+08,-0.297183,4.01042e+06,-0.0936539,21557.7,-0.0458048,2.02393e+07,-0.297183,696198,-0.0936539,8566.84,-0.0458048,1.63418e+06,-0.697103,185197,-0.0936539,4338.21,-0.0458048,74.796,-0.973001,1021.71,-0.680973,304.723,-0.325499,2.95956,2.72481,2.51294,1.56515
2017-06-30,scv,5.38807e+08,-0.282442,4.19884e+06,-0.0826548,22068.8,-0.0396256,2.21027e+07,-0.282442,728908,-0.0826548,8769.94,-0.0396256,1.78463e+06,-0.69075,193898,-0.0826548,4441.06,-0.0396256,81.6823,-0.972435,1069.71,-0.677102,311.947,-0.321131,2.94915,2.71408,2.50198,1.5534
2017-07-31,scv,5.46628e+08,-0.250142,4.23307e+06,-0.0614811,22163.6,-0.0284087,2.24235e+07,-0.250142,734851,-0.0614811,8807.63,-0.0284087,1.81053e+06,-0.676829,195479,-0.0614811,4460.15,-0.0284087,82.8679,-0.971194,1078.43,-0.669649,313.288,-0.313202,2.95609,2.72144,2.50968,1.56248
2017-08-31,scv,5.0898e+08,-0.332352,4.09061e+06,-0.112893,21795.3,-0.054991,2.08791e+07,-0.332352,710119,-0.112893,8661.25,-0.054991,1.68583e+06,-0.71226,188900,-0.112893,4386.02,-0.054991,77.1604,-0.974352,1042.14,-0.687746,308.081,-0.331993,2.95701,2.72246,2.51075,1.56394
2017-09-30,scv,6.344e+08,-0.280529,4.57213e+06,-0.0786533,23049.1,-0.0368073,2.6024e+07,-0.280529,793710,-0.0786533,9159.51,-0.0368073,2.10125e+06,-0.689925,211136,-0.0786533,4638.34,-0.0368073,96.1739,-0.972361,1164.81,-0.675693,325.804,-0.319139,2.95021,2.71547,2.50363,1.55643
2017-10-31,scv,6.50715e+08,-0.089358,4.63366e+06,-0.0199461,23207.6,-0.00992182,2.66933e+07,-0.089358,804392,-0.0199461,9222.49,-0.00992182,2.15529e+06,-0.607535,213978,-0.0199461,4670.23,-0.00992182,98.6473,-0.965018,1180.49,-0.634603,328.044,-0.277022,2.96896,2.73506,2.52386,1.57926
2017-11-30,scv,6.97929e+08,-0.150387,4.80415e+06,-0.0529239,23637.3,-0.026612,2.86301e+07,-0.150387,833988,-0.0529239,9393.24,-0.026612,2.31167e+06,-0.633837,221851,-0.0529239,4756.7,-0.026612,105.805,-0.967362,1223.92,-0.646898,334.118,-0.289209,2.97093,2.73715,2.52604,1.58185
2017-12-31,scv,6.96287e+08,-0.0672157,4.80331e+06,-0.0339027,23641.2,-0.0170246,2.85627e+07,-0.0672157,833842,-0.0339027,9394.79,-0.0170246,2.30623e+06,-0.597638,221812,-0.0339027,4757.48,-0.0170246,105.556,-0.964135,1223.71,-0.629474,334.173,-0.271694,2.97658,2.74312,2.53221,1.58906
2018-01-31,scv,7.24125e+08,-0.095163,4.91118e+06,-0.0481589,23939.7,-0.0240012,2.97047e+07,-0.095163,852569,-0.0481589,9513.41,-0.0240012,2.39843e+06,-0.555259,226793,-0.0481589,4817.55,-0.0240012,109.776,-0.960358,1251.19,-0.610104,338.393,-0.252704,2.976,2.74254,2.5317,1.58875
2018-02-28,scv,6.41955e+08,-0.257008,4.64693e+06,-0.134992,23331.4,-0.0687295,2.63339e+07,-0.257008,806696,-0.134992,9271.68,-0.0687295,2.12627e+06,-0.632505,214591,-0.134992,4695.14,-0.0687295,97.3193,-0.967243,1183.87,-0.643695,329.794,-0.283992,2.97859,2.74535,2.53469,1.59251
2018-03-31,scv,6.69319e+08,-0.203111,4.76232e+06,-0.102288,23659.4,-0.0502918,2.74564e+07,-0.203111,826726,-0.102288,9402.04,-0.0502918,2.21691e+06,-0.605846,219919,-0.102288,4761.16,-0.0502918,101.468,-0.964867,1213.27,-0.630223,334.431,-0.269816,2.96633,2.73287,2.52206,1.5796
2018-04-30,scv,7.08423e+08,-0.215878,4.91428e+06,-0.105786,24071,-0.050414,2.90606e+07,-0.215878,853106,-0.105786,9565.6,-0.050414,2.34643e+06,-0.612161,226936,-0.105786,4843.98,-0.050414,107.396,-0.96543,1251.98,-0.631664,340.249,-0.26991,2.96876,2.73554,2.52496,1.58358
2018-05-31,scv,8.2175e+08,-0.123571,5.30376e+06,-0.0520921,25040.4,-0.0208218,3.37094e+07,-0.123571,920719,-0.0520921,9950.81,-0.0208218,2.72179e+06,-0.566505,244922,-0.0520921,5039.05,-0.0208218,124.576,-0.96136,1351.21,-0.609547,353.951,-0.247158,2.97274,2.73979,2.52947,1.58909
2018-06-30,scv,8.3007e+08,-0.0921956,5.34149e+06,-0.046176,25161.9,-0.0228423,3.40507e+07,-0.0921956,927269,-0.046176,9999.11,-0.0228423,2.74935e+06,-0.486974,246664,-0.046176,5063.51,-0.0228423,125.837,-0.954271,1360.82,-0.573575,355.669,-0.211291,2.98503,2.75266,2.54275,1.60414
2018-07-31,scv,8.5026e+08,-0.0900498,5.4163e+06,-0.0449167,25369.4,-0.0219052,3.48789e+07,-0.0900498,940257,-0.0449167,10081.6,-0.0219052,2.81622e+06,-0.483527,250119,-0.0449167,5105.27,-0.0219052,128.898,-0.953964,1379.88,-0.571387,358.603,-0.208636,2.9853,2.75305,2.54316,1.60492
2018-08-31,scv,9.0133e+08,-0.0842946,5.58784e+06,-0.0407429,25803.3,-0.018997,3.69739e+07,-0.0842946,970035,-0.0407429,10254,-0.018997,2.98537e+06,-0.480261,258041,-0.0407429,5192.57,-0.018997,136.64,-0.953673,1423.58,-0.569514,364.735,-0.206005,2.98688,2.7547,2.54493,1.60713
2018-09-30,scv,8.29481e+08,-0.103582,5.36809e+06,-0.0511528,25317.8,-0.024566,3.40266e+07,-0.103582,931888,-0.0511528,10061.1,-0.024566,2.7474e+06,-0.491208,247893,-0.0511528,5094.87,-0.024566,125.748,-0.954649,1367.6,-0.573095,357.872,-0.207971,2.99139,2.75948,2.54989,1.61286
2018-10-31,scv,6.24007e+08,-0.378221,4.68413e+06,-0.205815,23705.4,-0.105877,2.55977e+07,-0.378221,813154,-0.205815,9420.32,-0.105877,2.06683e+06,-0.647088,216308,-0.205815,4770.41,-0.105877,94.5983,-0.968543,1193.35,-0.642681,335.081,-0.273993,2.98384,2.75162,2.54187,1.60407
2018-11-30,scv,6.33262e+08,-0.366523,4.73441e+06,-0.195623,23870.9,-0.0987422,2.59774e+07,-0.366523,821882,-0.195623,9486.06,-0.0987422,2.09748e+06,-0.640449,218630,-0.195623,4803.7,-0.0987422,96.0015,-0.967951,1206.16,-0.638095,337.42,-0.2682,2.95701,2.72396,2.51369,1.57418
2018-12-31,scv,4.26182e+08,-0.601182,3.9143e+06,-0.357397,21762.4,-0.192452,1.74826e+07,-0.601182,679513,-0.357397,8648.16,-0.192452,1.41159e+06,-0.773637,180758,-0.357397,4379.39,-0.192452,64.6085,-0.979823,997.223,-0.710881,307.616,-0.34429,2.9572,2.7243,2.5142,1.57537
2019-01-31,scv,5.62691e+08,-0.529289,4.51446e+06,-0.300165,23411.8,-0.15653,2.30824e+07,-0.529289,783700,-0.300165,9303.62,-0.15653,1.86374e+06,-0.732832,208473,-0.300165,4711.31,-0.15653,85.3029,-0.976186,1150.12,-0.685131,330.93,-0.315122,2.92001,2.68602,2.47521,1.53402
2019-02-28,scv,6.18808e+08,-0.387572,4.74261e+06,-0.198811,24023.8,-0.0958304,2.53844e+07,-0.387572,823305,-0.198811,9546.84,-0.0958304,2.04961e+06,-0.652396,219009,-0.198811,4834.48,-0.0958304,93.8102,-0.969016,1208.25,-0.63953,339.582,-0.265836,2.9429,2.71003,2.50002,1.56228
2019-03-31,scv,5.42039e+08,-0.44456,4.45532e+06,-0.233474,23324.6,-0.113639,2.22352e+07,-0.44456,773433,-0.233474,9268.96,-0.113639,1.79533e+06,-0.684741,205742,-0.233474,4693.76,-0.113639,82.1721,-0.971899,1135.06,-0.655125,329.698,-0.280296,2.95063,2.71814,2.50842,1.57183
2019-04-30,scv,5.88321e+08,-0.391627,4.65288e+06,-0.19711,23869.3,-0.0924285,2.41338e+07,-0.391627,807729,-0.19711,9485.46,-0.0924285,1.94863e+06,-0.654697,214865,-0.19711,4803.4,-0.0924285,89.1884,-0.969221,1185.39,-0.638765,337.398,-0.263074,2.93795,2.70508,2.49514,1.55784
2019-05-31,scv,4.3445e+08,-0.52692,4.01624e+06,-0.287366,22219,-0.142264,1.78218e+07,-0.52692,697210,-0.287366,8829.61,-0.142264,1.43898e+06,-0.731487,185466,-0.287366,4471.28,-0.142264,65.8619,-0.976066,1023.19,-0.679372,314.07,-0.303539,2.94431,2.7118,2.50213,1.56598
2019-06-30,scv,5.12053e+08,-0.516482,4.37296e+06,-0.279469,23219.2,-0.137469,2.10052e+07,-0.516482,759135,-0.279469,9227.11,-0.137469,1.69602e+06,-0.725563,201939,-0.279469,4672.57,-0.137469,77.6264,-0.975538,1114.07,-0.67582,328.209,-0.299645,2.91659,2.68312,2.47285,1.53446
2019-07-31,scv,4.99737e+08,-0.496445,4.33396e+06,-0.261446,23153.2,-0.124665,2.05e+07,-0.496445,752364,-0.261446,9200.86,-0.124665,1.65522e+06,-0.714191,200138,-0.261446,4659.28,-0.124665,75.7593,-0.974524,1104.14,-0.667711,327.275,-0.289249,2.92992,2.69711,2.48735,1.55107
2019-08-31,scv,3.86423e+08,-0.614375,3.84197e+06,-0.347854,21860.7,-0.174839,1.58517e+07,-0.614375,666956,-0.347854,8687.24,-0.174839,1.27991e+06,-0.781125,177418,-0.347854,4399.18,-0.174839,58.5811,-0.980491,978.795,-0.706587,309.006,-0.329989,2.92681,2.694,2.48429,1.54823
2019-09-30,scv,4.4328e+08,-0.599062,4.13447e+06,-0.33433,22721.9,-0.165981,1.8184e+07,-0.599062,717734,-0.33433,9029.46,-0.165981,1.46823e+06,-0.772434,190926,-0.33433,4572.48,-0.165981,67.2005,-0.979716,1053.31,-0.700502,321.178,-0.322797,2.90171,2.66832,2.45826,1.52137
2019-10-31,scv,4.47283e+08,-0.574579,4.16657e+06,-0.310372,22848,-0.149084,1.83482e+07,-0.574579,723307,-0.310372,9079.58,-0.149084,1.48148e+06,-0.758538,192408,-0.310372,4597.86,-0.149084,67.8073,-0.978477,1061.49,-0.689723,322.961,-0.309076,2.912,2.67924,2.46972,1.53504
2019-11-30,scv,4.88024e+08,-0.495106,4.36242e+06,-0.246036,23410.2,-0.108411,2.00194e+07,-0.495106,757306,-0.246036,9303,-0.108411,1.61642e+06,-0.71343,201452,-0.246036,4711,-0.108411,73.9835,-0.974457,1111.39,-0.660777,330.908,-0.276051,2.91181,2.67912,2.46972,1.53563
2019-12-31,scv,5.53459e+08,-0.491854,4.65472e+06,-0.242908,24212.6,-0.10612,2.27037e+07,-0.491854,808047,-0.242908,9621.87,-0.10612,1.83316e+06,-0.711585,214950,-0.242908,4872.48,-0.10612,83.9034,-0.974292,1185.85,-0.65937,342.251,-0.27419,2.9186,2.68633,2.47717,1.54427
2020-01-31,scv,4.3248e+08,-0.529065,4.1262e+06,-0.267857,22830.3,-0.118663,1.7741e+07,-0.529065,716297,-0.267857,9072.56,-0.118663,1.43245e+06,-0.732705,190543,-0.267857,4594.31,-0.118663,65.5632,-0.976175,1051.21,-0.670595,322.712,-0.284375,2.92893,2.69714,2.48834,1.55687
2020-02-29,scv,3.16949e+08,-0.654869,3.55581e+06,-0.369065,21242.9,-0.179942,1.30017e+07,-0.654869,617280,-0.369065,8441.75,-0.179942,1.04979e+06,-0.804109,164204,-0.369065,4274.87,-0.179942,48.0489,-0.982539,905.892,-0.71613,300.274,-0.334132,2.90685,2.67422,2.46491,1.53143
2020-03-31,scv,9.46208e+07,-0.925855,2.18942e+06,-0.674735,17131.7,-0.397104,3.06422e+06,-0.925855,335341,-0.674735,6381.98,-0.397104,199390,-0.966085,79613.1,-0.709709,3048.05,-0.431385,5.57006,-0.998042,339.613,-0.895347,187.718,-0.587255,2.87777,2.64431,2.43449,1.49928
2020-04-30,scv,1.30518e+08,-0.922393,2.65444e+06,-0.660561,19016.5,-0.380857,4.22672e+06,-0.938734,406566,-0.700514,7084.11,-0.4196,225352,-0.972109,86939,-0.732716,3206.65,-0.452602,3.50596,-0.998813,273.808,-0.91736,169.199,-0.631976,2.72993,2.48062,2.25583,1.28311
2020-05-31,scv,1.37613e+08,-0.898698,2.78665e+06,-0.598697,19595.4,-0.320859,4.4565e+06,-0.920027,426815,-0.645932,7299.74,-0.363357,193274,-0.971246,81879.4,-0.72096,3125.07,-0.436402,3.0069,-0.999129,257.873,-0.92833,164.894,-0.656233,2.74649,2.4999,2.26078,1.23739
2020-06-30,scv,1.41431e+08,-0.868197,2.90095e+06,-0.52464,20119.5,-0.253955,4.58012e+06,-0.895948,444323,-0.580592,7494.99,-0.300639,198635,-0.968278,85238,-0.697538,3208.65,-0.408761,2.6824,-0.999166,249.481,-0.927804,163.103,-0.652582,2.74382,2.49841,2.24337,1.22282
2020-07-31,scv,1.4841e+08,-0.871598,2.99752e+06,-0.528549,20496.5,-0.256139,4.80613e+06,-0.898633,459114,-0.58404,7635.44,-0.302686,208437,-0.969097,88075.5,-0.700025,3268.78,-0.410492,2.81476,-0.999187,257.786,-0.928397,166.16,-0.653599,2.73727,2.49336,2.24002,1.2128
2020-08-31,scv,1.69901e+08,-0.832329,3.22062e+06,-0.458145,21268,-0.201332,5.50212e+06,-0.867633,493284,-0.521923,7922.85,-0.25131,238621,-0.959646,94630.6,-0.655228,3391.82,-0.367058,3.22237,-0.998939,276.972,-0.917704,172.414,-0.628077,2.73848,2.49514,2.24242,1.21802
2020-09-30,scv,1.41604e+08,-0.861407,2.95904e+06,-0.50274,20417.8,-0.233142,4.58572e+06,-0.890589,453220,-0.561269,7606.11,-0.281129,198878,-0.966644,86944.8,-0.683603,3256.22,-0.392268,2.68568,-0.999123,254.477,-0.924477,165.522,-0.64289,2.74822,2.50555,2.2534,1.23157
2020-10-31,scv,1.6477e+08,-0.839333,3.21103e+06,-0.463933,21301.2,-0.203524,5.33597e+06,-0.873162,491815,-0.52703,7935.2,-0.253364,231416,-0.961332,94348.8,-0.658911,3397.11,-0.368795,3.12507,-0.998983,276.147,-0.918583,172.683,-0.629098,2.7313,2.48829,2.23597,1.21389
2020-11-30,scv,2.62038e+08,-0.811441,4.10406e+06,-0.414642,24165.9,-0.166058,8.48589e+06,-0.851143,628597,-0.48354,9002.36,-0.218242,368025,-0.954619,120589,-0.627548,3853.97,-0.339103,4.17482,-0.998807,322.263,-0.911097,187.003,-0.61165,2.74176,2.49955,2.24801,1.22911
2020-12-31,scv,3.25741e+08,-0.704588,4.59064e+06,-0.258928,25579.4,-0.0588715,1.05489e+07,-0.766788,703123,-0.346155,9528.95,-0.117763,457495,-0.928902,134886,-0.528471,4079.4,-0.254159,5.18975,-0.998429,360.47,-0.897233,197.942,-0.581653,2.77524,2.53524,2.28571,1.25795
2021-01-31,scv,4.23691e+08,-0.652001,5.26774e+06,-0.193146,27444.5,-0.0176148,1.37209e+07,-0.725273,806830,-0.288116,10223.7,-0.078703,595063,-0.916246,154781,-0.486615,4376.84,-0.221137,5.86352,-0.99815,384.558,-0.888111,204.637,-0.563131,2.79184,2.55272,2.30397,1.27934
2021-02-28,scv,5.36153e+08,-0.530593,5.95537e+06,-0.057008,29217.6,-0.0274611,1.73629e+07,-0.629428,912151,-0.168001,10884.2,-0.0274611,753012,-0.887026,174985,-0.399993,4659.61,-0.15662,7.41989,-0.997832,434.757,-0.878425,217.858,-0.544177,2.8111,2.57312,2.32543,1.29136
2021-03-31,scv,6.32583e+08,-0.390036,6.53932e+06,-0.146845,30699.7,-0.0754394,2.04857e+07,-0.518467,1.00159e+06,-0.146845,11436.4,-0.0754394,888446,-0.853198,192143,-0.307151,4895.97,-0.0915021,8.75441,-0.997183,477.387,-0.859614,228.909,-0.508983,2.82843,2.5915,2.34471,1.31445
2021-04-30,scv,6.48309e+08,-0.371901,6.64261e+06,-0.130231,30967.3,-0.0654011,2.0995e+07,-0.50415,1.01741e+06,-0.130231,11536.1,-0.0654011,910532,-0.848833,195178,-0.293659,4938.66,-0.0809135,8.97203,-0.997099,484.927,-0.85688,230.905,-0.50326,2.83809,2.60221,2.35646,1.33074
2021-05-31,scv,7.5432e+08,-0.311447,7.19761e+06,-0.0863907,32271.6,-0.0413633,2.44281e+07,-0.456425,1.10242e+06,-0.0863907,12021.9,-0.0413633,1.05942e+06,-0.834283,211486,-0.258056,5146.67,-0.0572747,10.4391,-0.99682,525.444,-0.849666,240.63,-0.490484,2.83894,2.60327,2.35775,1.33317
2021-06-30,scv,7.16853e+08,-0.275019,7.05016e+06,-0.110784,31977.1,-0.0563983,2.32147e+07,-0.427667,1.07983e+06,-0.110784,11912.2,-0.0563983,1.0068e+06,-0.825516,207153,-0.23392,5099.7,-0.0563983,9.92063,-0.996652,514.679,-0.844775,238.434,-0.481458,2.84953,2.61459,2.36972,1.34788
2021-07-31,scv,6.37741e+08,-0.387292,6.68489e+06,-0.17864,31178.6,-0.0920413,2.06528e+07,-0.5163,1.02389e+06,-0.17864,11614.8,-0.0920413,895691,-0.852537,196420,-0.292379,4972.36,-0.0920413,8.82579,-0.99717,488.014,-0.85662,232.48,-0.501045,2.84385,2.60893,2.3642,1.34302
2021-08-31,scv,6.82803e+08,-0.352071,6.94166e+06,-0.152022,31800.2,-0.0765319,2.21121e+07,-0.488495,1.06322e+06,-0.152022,11846.3,-0.0765319,958979,-0.84406,203965,-0.269447,5071.49,-0.0765319,9.44941,-0.997008,506.759,-0.851974,237.115,-0.492522,2.83275,2.59766,2.35284,1.33181
2021-09-30,scv,6.8434e+08,-0.349586,6.97205e+06,-0.147965,31895.8,-0.0736617,2.21618e+07,-0.486534,1.06787e+06,-0.147965,11881.9,-0.0736617,961137,-0.843463,204858,-0.265952,5086.74,-0.0736617,9.47068,-0.996996,508.977,-0.851266,237.828,-0.490945,2.83703,2.6023,2.35787,1.33846
2021-10-31,scv,7.54542e+08,-0.214412,7.33556e+06,-0.061567,32733.1,-0.0272873,2.44353e+07,-0.379821,1.12355e+06,-0.061567,12193.9,-0.0272873,1.05973e+06,-0.81093,215539,-0.191518,5220.26,-0.0272873,10.4422,-0.996372,535.515,-0.836184,244.071,-0.46546,2.83613,2.60155,2.35728,1.3387
2021-11-30,scv,6.71066e+08,-0.269265,6.95047e+06,-0.12232,31899,-0.0624401,2.1732e+07,-0.423124,1.06456e+06,-0.12232,11883.1,-0.0624401,942494,-0.824131,204224,-0.215291,5087.25,-0.0624401,9.28697,-0.996625,507.402,-0.841001,237.852,-0.472555,2.84326,2.60908,2.36518,1.34813
2021-12-31,scv,7.49608e+08,-0.299331,7.37525e+06,-0.140376,32892.5,-0.0720842,2.42755e+07,-0.44686,1.12963e+06,-0.140376,12253.2,-0.0720842,1.0528e+06,-0.831367,216705,-0.231434,5245.69,-0.0720842,10.3739,-0.996764,538.412,-0.844272,245.26,-0.477981,2.83232,2.59798,2.35403,1.33693
2022-01-31,scv,7.2194e+08,-0.256196,7.26327e+06,-0.108033,32670.4,-0.0537976,2.33795e+07,-0.412807,1.11248e+06,-0.108033,12170.5,-0.0537976,1.01395e+06,-0.820986,213415,-0.202517,5210.26,-0.0537976,9.99102,-0.996565,530.237,-0.838413,243.603,-0.467305,2.83984,2.60602,2.36255,1.34762
2022-02-28,scv,7.61603e+08,-0.245174,7.47692e+06,-0.0998824,33166.2,-0.0490698,2.46639e+07,-0.404105,1.1452e+06,-0.0998824,12355.2,-0.0490698,1.06965e+06,-0.818333,219692,-0.19523,5289.34,-0.0490698,10.5399,-0.996514,545.834,-0.836936,247.301,-0.464643,2.83569,2.60186,2.3585,1.34405
2022-03-31,scv,7.65334e+08,-0.223996,7.52561e+06,-0.0852393,33307.9,-0.0410702,2.47848e+07,-0.387387,1.15266e+06,-0.0852393,12408,-0.0410702,1.07489e+06,-0.813236,221123,-0.182138,5311.93,-0.0410702,10.5916,-0.996416,549.389,-0.834283,248.357,-0.460139,2.83921,2.60568,2.36255,1.34919
2022-04-30,scv,6.45646e+08,-0.296946,6.93926e+06,-0.123735,32014.8,-0.059723,2.09087e+07,-0.444976,1.06285e+06,-0.123735,11926.3,-0.059723,906792,-0.830793,203894,-0.216557,5105.71,-0.059723,8.93518,-0.996753,506.583,-0.841257,238.715,-0.470641,2.83824,2.60488,2.36199,1.3497
2022-05-31,scv,7.11082e+08,-0.373426,7.32693e+06,-0.170542,32947.1,-0.0845759,2.30278e+07,-0.505354,1.12223e+06,-0.170542,12273.6,-0.0845759,998695,-0.8492,215285,-0.258405,5254.4,-0.0845759,9.84075,-0.997106,534.885,-0.849737,245.667,-0.484632,2.82343,2.58968,2.34653,1.33351
2022-06-30,scv,5.00499e+08,-0.463491,6.19365e+06,-0.224833,30347.4,-0.112902,1.62083e+07,-0.576455,948647,-0.224833,11305.1,-0.112902,702937,-0.870876,181987,-0.306945,4839.79,-0.112902,6.92647,-0.997522,452.152,-0.859572,226.282,-0.500579,2.82909,2.59592,2.35331,1.34283
2022-07-31,scv,6.27337e+08,-0.474684,6.95583e+06,-0.231485,32186.1,-0.116288,2.03158e+07,-0.585291,1.06539e+06,-0.231485,11990.1,-0.116288,881078,-0.87357,204381,-0.312892,5133.03,-0.116288,8.6818,-0.997574,507.793,-0.860777,239.992,-0.502486,2.79874,2.56477,2.32159,1.30945
2022-08-31,scv,5.80166e+08,-0.368247,6.71962e+06,-0.151471,31697.9,-0.0690315,1.87883e+07,-0.501265,1.02921e+06,-0.151471,11808.2,-0.0690315,814828,-0.847954,197441,-0.241354,5055.17,-0.0690315,8.029,-0.997082,490.549,-0.846282,236.352,-0.475881,2.81562,2.58252,2.34012,1.33106
2022-09-30,scv,4.27504e+08,-0.534483,5.80356e+06,-0.267147,29525.7,-0.132827,1.38444e+07,-0.6325,888899,-0.267147,10999,-0.132827,600419,-0.887962,170524,-0.344777,4708.75,-0.132827,5.91629,-0.99785,423.674,-0.867238,220.156,-0.511797,2.80816,2.57494,2.33252,1.32343
2022-10-31,scv,6.02511e+08,-0.4982,6.93731e+06,-0.238551,32363.3,-0.115865,1.95119e+07,-0.603856,1.06255e+06,-0.238551,12056.1,-0.115865,846211,-0.87923,203837,-0.31921,5161.28,-0.115865,8.33823,-0.997682,506.441,-0.862057,241.313,-0.502247,2.78221,2.54816,2.30519,1.2943
2022-11-30,scv,6.3652e+08,-0.402243,7.17523e+06,-0.16215,32991.9,-0.0697251,2.06132e+07,-0.528103,1.09899e+06,-0.16215,12290.3,-0.0697251,893975,-0.856136,210828,-0.250902,5261.54,-0.0697251,8.80889,-0.997239,523.81,-0.848216,246.001,-0.476272,2.80731,2.57465,2.33283,1.32681
2022-12-31,scv,5.34632e+08,-0.448686,6.60906e+06,-0.188371,31753,-0.0806088,1.73137e+07,-0.564767,1.01227e+06,-0.188371,11828.7,-0.0806088,750876,-0.867313,194192,-0.274346,5063.95,-0.0806088,7.39885,-0.997454,482.479,-0.852967,236.763,-0.482399,2.80981,2.57752,2.33614,1.33193
2023-01-31,scv,6.56601e+08,-0.424673,7.35767e+06,-0.170252,33591.8,-0.0700137,2.12635e+07,-0.54581,1.12693e+06,-0.170252,12513.8,-0.0700137,922178,-0.861534,216188,-0.258146,5357.22,-0.0700137,9.08679,-0.997343,537.128,-0.849684,250.474,-0.476434,2.79478,2.56205,2.32033,1.31503
2023-02-28,scv,6.17581e+08,-0.3285,7.16235e+06,-0.0964212,33221,-0.0298406,1.99999e+07,-0.469887,1.09702e+06,-0.0964212,12375.6,-0.0298406,867376,-0.838388,210449,-0.192136,5298.07,-0.0298406,8.54679,-0.996899,522.87,-0.836309,247.709,-0.451068,2.80984,2.57788,2.33679,1.33414
2023-03-31,scv,4.55501e+08,-0.556501,6.21646e+06,-0.258559,31083.3,-0.117861,1.47511e+07,-0.649881,952141,-0.258559,11579.3,-0.117861,639739,-0.893261,182657,-0.337098,4957.15,-0.117861,6.30374,-0.997952,453.817,-0.865682,231.769,-0.500871,2.80413,2.57203,2.33087,1.32804
2023-04-30,scv,4.17582e+08,-0.575012,5.97657e+06,-0.270742,30552.1,-0.122594,1.35231e+07,-0.664495,915398,-0.270742,11381.4,-0.122594,586483,-0.897717,175608,-0.347991,4872.44,-0.122594,5.77898,-0.998037,436.305,-0.867889,227.809,-0.503549,2.77714,2.5444,2.30288,1.29903
2023-05-31,scv,3.61807e+08,-0.615229,5.59968e+06,-0.304508,29670.5,-0.14228,1.17169e+07,-0.696244,857672,-0.304508,11053,-0.14228,508148,-0.907396,164534,-0.37818,4731.84,-0.14228,5.0071,-0.998223,408.791,-0.874006,221.235,-0.514688,2.76931,2.53634,2.2947,1.29051
2023-06-30,scv,4.41011e+08,-0.592581,6.22948e+06,-0.280759,31404.9,-0.125414,1.42818e+07,-0.678364,954136,-0.280759,11699.1,-0.125414,619388,-0.901945,183039,-0.356947,5008.45,-0.125414,6.10321,-0.998118,454.768,-0.869703,234.168,-0.505145,2.75635,2.52308,2.28127,1.27667
2023-07-31,scv,5.5376e+08,-0.550318,7.01892e+06,-0.238047,33431.5,-0.0963487,1.79331e+07,-0.645,1.07505e+06,-0.238047,12454,-0.0963487,777742,-0.891773,206235,-0.318759,5331.64,-0.0963487,7.66356,-0.997923,512.399,-0.861966,249.278,-0.488699,2.7699,2.53748,2.29639,1.2951
2023-08-31,scv,4.68367e+08,-0.528435,6.48041e+06,-0.213768,32210.2,-0.0778976,1.51677e+07,-0.627725,992569,-0.213768,11999.1,-0.0778976,657808,-0.886507,190412,-0.297052,5136.88,-0.0778976,6.48179,-0.997822,473.086,-0.857567,240.172,-0.478259,2.78633,2.55479,2.31448,1.31622
2023-09-30,scv,3.88263e+08,-0.595977,5.92503e+06,-0.268912,30877.4,-0.108339,1.25736e+07,-0.681045,907503,-0.268912,11502.6,-0.108339,545305,-0.902762,174094,-0.346355,4924.32,-0.108339,5.37323,-0.998134,432.542,-0.867557,230.234,-0.495484,2.77233,2.5403,2.29965,1.30008
2023-10-31,scv,3.19536e+08,-0.666606,5.40614e+06,-0.331974,29585.3,-0.14495,1.03479e+07,-0.736804,828029,-0.331974,11021.2,-0.14495,448779,-0.919761,158847,-0.402737,4718.25,-0.14495,4.4221,-0.99846,394.662,-0.878982,220.6,-0.516198,2.75662,2.52406,2.28304,1.28213
2023-11-30,scv,4.10587e+08,-0.648016,6.18298e+06,-0.313305,31762.6,-0.132794,1.32965e+07,-0.722128,947013,-0.313305,11832.3,-0.132794,576658,-0.915287,181673,-0.386045,5065.49,-0.132794,4.86669,-0.998374,416.442,-0.875599,227.28,-0.509321,2.73991,2.50686,2.26546,1.26349
2023-12-31,scv,5.97077e+08,-0.511527,7.51698e+06,-0.182346,35147.5,-0.0494468,1.93359e+07,-0.614377,1.15133e+06,-0.182346,13093.3,-0.0494468,838579,-0.882437,220869,-0.268959,5605.32,-0.0494468,7.07717,-0.998068,506.29,-0.863338,251.501,-0.48386,2.7572,2.52522,2.28476,1.27223
2024-01-31,scv,5.06181e+08,-0.472944,6.96367e+06,-0.142901,33933.9,-0.0624478,1.63923e+07,-0.583917,1.06659e+06,-0.142901,12641.2,-0.0624478,710917,-0.873151,204612,-0.233692,5411.77,-0.0624478,5.99977,-0.997915,469.023,-0.856746,242.817,-0.469227,2.78429,2.5537,2.31453,1.30714
2024-02-29,scv,5.29643e+08,-0.469952,7.17492e+06,-0.137128,34558.1,-0.0574682,1.71521e+07,-0.581556,1.09894e+06,-0.137128,12873.7,-0.0574682,743869,-0.872431,210819,-0.22853,5511.31,-0.0574682,6.27787,-0.997903,483.252,-0.855781,247.283,-0.466408,2.76978,2.53884,2.29945,1.29136
2024-03-31,scv,5.77198e+08,-0.473905,7.52537e+06,-0.133015,35486.9,-0.0513242,1.86921e+07,-0.584676,1.15262e+06,-0.133015,13219.7,-0.0513242,810659,-0.873383,221116,-0.224853,5659.45,-0.0513242,6.84154,-0.997919,506.856,-0.855093,253.93,-0.46293,2.77138,2.54081,2.30174,1.29537
2024-04-30,scv,4.73191e+08,-0.517516,6.85214e+06,-0.164452,33965.5,-0.0656011,1.53239e+07,-0.619105,1.0495e+06,-0.164452,12652.9,-0.0656011,664584,-0.883879,201335,-0.25296,5416.8,-0.0656011,5.60874,-0.998091,461.511,-0.860348,243.042,-0.471012,2.77691,2.54671,2.308,1.30309
2024-05-31,scv,5.25e+08,-0.469734,7.248e+06,-0.122055,35027.4,-0.040922,1.70017e+07,-0.581383,1.11014e+06,-0.122055,13048.5,-0.040922,737348,-0.872379,212966,-0.215054,5586.16,-0.040922,6.22283,-0.997902,488.174,-0.853261,250.641,-0.457041,2.76004,2.52935,2.29026,1.28425
2024-06-30,scv,4.94925e+08,-0.495744,7.06297e+06,-0.138429,34658.2,-0.046193,1.60278e+07,-0.601917,1.0818e+06,-0.138429,12911,-0.046193,695109,-0.878639,207530,-0.229693,5527.27,-0.046193,5.86636,-0.998005,475.712,-0.855998,247.999,-0.460025,2.76715,2.53685,2.29816,1.2936
2024-07-31,scv,6.81662e+08,-0.491234,8.35325e+06,-0.132836,37827.9,-0.0416862,2.20751e+07,-0.598357,1.27942e+06,-0.132836,14091.8,-0.0416862,957376,-0.877553,245442,-0.224693,6032.78,-0.0416862,8.07975,-0.997988,562.616,-0.855063,270.681,-0.457474,2.76176,2.53131,2.29254,1.28779
2024-08-31,scv,6.23117e+08,-0.457736,8.06254e+06,-0.146937,37312.6,-0.0747325,2.01792e+07,-0.571912,1.23489e+06,-0.146937,13899.8,-0.0747325,875152,-0.869491,236899,-0.190385,5950.61,-0.0747325,7.38583,-0.997855,543.035,-0.84865,266.993,-0.443057,2.78461,2.55539,2.31766,1.31727
2024-09-30,scv,6.1265e+08,-0.420944,8.03192e+06,-0.112514,37341.1,-0.052939,1.98402e+07,-0.542867,1.2302e+06,-0.112514,13910.5,-0.052939,860451,-0.860637,236000,-0.157716,5955.15,-0.052939,7.26176,-0.997709,540.973,-0.842542,267.197,-0.429939,2.775,2.54581,2.30819,1.3087
2024-10-31,scv,5.85959e+08,-0.381863,7.89436e+06,-0.0796441,37130.2,-0.0335023,1.89759e+07,-0.512014,1.20914e+06,-0.0796441,13831.9,-0.0335023,822964,-0.851231,231958,-0.12652,5921.52,-0.0335023,6.94539,-0.997555,531.708,-0.836711,265.688,-0.41824,2.77257,2.5434,2.30588,1.30683
2024-11-30,scv,7.68737e+08,-0.361102,9.11977e+06,-0.0601844,40057.9,-0.0257859,2.4895e+07,-0.495624,1.39682e+06,-0.0601844,14922.5,-0.0257859,1.07967e+06,-0.846234,267964,-0.108051,6388.42,-0.0257859,7.55938,-0.997561,556.992,-0.83579,272.601,-0.414216,2.76793,2.53869,2.30123,1.30231
2024-12-31,scv,6.16615e+08,-0.35305,8.21158e+06,-0.125399,38120.5,-0.0625602,1.99686e+07,-0.489268,1.25772e+06,-0.125399,14200.8,-0.0625602,866019,-0.844296,241279,-0.125399,6079.45,-0.0625602,6.06348,-0.997877,501.525,-0.845911,259.416,-0.430841,2.7867,2.55855,2.32198,1.30984
2025-01-31,scv,6.42491e+08,-0.389545,8.41496e+06,-0.14823,38685.4,-0.0733811,2.08066e+07,-0.518079,1.28887e+06,-0.14823,14411.2,-0.0733811,902361,-0.85308,247255,-0.14823,6169.54,-0.0733811,6.31794,-0.997997,513.946,-0.849934,263.26,-0.43741,2.76829,2.53959,2.30264,1.28913
2025-02-28,scv,5.74029e+08,-0.390473,7.98647e+06,-0.143441,37779.6,-0.0670658,1.85895e+07,-0.518811,1.22324e+06,-0.143441,14073.8,-0.0670658,806208,-0.853303,234664,-0.143441,6025.07,-0.0670658,5.64472,-0.998,487.776,-0.84909,257.096,-0.433576,2.77056,2.54207,2.30528,1.29262
2025-03-31,scv,4.70155e+08,-0.510382,7.27421e+06,-0.229662,36169.7,-0.113858,1.52256e+07,-0.613473,1.11415e+06,-0.229662,13474.1,-0.113858,660320,-0.882162,213736,-0.229662,5768.33,-0.113858,4.62328,-0.998393,444.274,-0.86428,246.14,-0.461986,2.76089,2.53209,2.29518,1.28189
2025-04-30,scv,3.9377e+08,-0.656136,6.78986e+06,-0.346396,35169,-0.180272,1.2752e+07,-0.728538,1.03996e+06,-0.346396,13101.3,-0.180272,553040,-0.917241,199505,-0.346396,5608.74,-0.180272,3.20133,-0.999023,375.331,-0.892571,227.385,-0.518951,2.74382,2.51459,2.27734,1.26318
2025-05-31,scv,4.47428e+08,-0.563979,7.28024e+06,-0.256123,36528.1,-0.122046,1.44896e+07,-0.655785,1.11507e+06,-0.256123,13607.6,-0.122046,628400,-0.895061,213914,-0.256123,5825.49,-0.122046,3.63757,-0.998817,402.439,-0.881382,236.172,-0.493562,2.72447,2.49543,2.25862,1.22945
2025-06-30,scv,5.01685e+08,-0.516348,7.74087e+06,-0.211962,37761.4,-0.093607,1.62467e+07,-0.618183,1.18563e+06,-0.211962,14067,-0.093607,704604,-0.883598,227448,-0.211962,6022.18,-0.093607,4.07868,-0.998688,427.902,-0.87434,244.146,-0.477158,2.73287,2.50439,2.26804,1.24098
2025-07-31,scv,5.21881e+08,-0.431715,7.94332e+06,-0.137122,38373.4,-0.0462177,1.69007e+07,-0.551369,1.21663e+06,-0.137122,14295,-0.0462177,732968,-0.863229,233397,-0.137122,6119.78,-0.0462177,4.24287,-0.998458,439.093,-0.862406,248.103,-0.449822,2.74072,2.51267,2.27671,1.25128
2025-08-31,scv,6.55078e+08,-0.469834,8.95719e+06,-0.165976,40880.6,-0.0620691,2.12142e+07,-0.581463,1.37192e+06,-0.165976,15229,-0.0620691,920039,-0.872403,263187,-0.165976,6519.63,-0.0620691,5.32575,-0.998562,495.138,-0.867007,264.313,-0.458966,2.74227,2.51447,2.27879,1.25461
2025-09-30,scv,6.62294e+08,-0.302779,9.03823e+06,-0.0377993,41166.3,-0.01487,2.14479e+07,-0.449581,1.38434e+06,-0.0377993,15335.4,-0.01487,930175,-0.832197,265568,-0.0377993,6565.19,-0.01487,5.38442,-0.998108,499.617,-0.846568,266.16,-0.417019,2.75807,2.53114,2.29623,1.27526
2025-10-31,scv,6.21365e+08,-0.343553,8.81611e+06,-0.0672994,40798.1,-0.0334375,2.01224e+07,-0.48177,1.35032e+06,-0.0672994,15198.3,-0.0334375,872690,-0.84201,259042,-0.0672994,6506.47,-0.0334375,5.05166,-0.998219,487.339,-0.850222,263.78,-0.421975,2.75819,2.53131,2.29647,1.27592
2025-11-30,scv,6.75215e+08,-0.405598,9.23932e+06,-0.105842,41881.5,-0.0505821,2.18663e+07,-0.530752,1.41514e+06,-0.105842,15601.9,-0.0505821,948322,-0.856943,271477,-0.105842,6679.25,-0.0505821,5.48947,-0.998387,510.733,-0.856411,270.785,-0.43176,2.75152,2.52461,2.28984,1.26982
2025-12-31,scv,6.73265e+08,-0.278695,9.25851e+06,-0.0574726,42031.4,-0.0278105,2.18032e+07,-0.430569,1.41807e+06,-0.0574726,15657.7,-0.0278105,945583,-0.826401,272040,-0.0574726,6703.16,-0.0278105,5.47361,-0.998043,511.794,-0.841447,271.754,-0.402204,2.75654,2.53005,2.29561,1.27718
2026-01-31,scv,7.90616e+08,-0.251234,1.00803e+07,-0.0473269,43975.2,-0.0224808,2.56035e+07,-0.408889,1.54395e+06,-0.0473269,16381.8,-0.0224808,1.1104e+06,-0.819792,296188,-0.0473269,7013.15,-0.0224808,6.42767,-0.997968,557.224,-0.837898,284.321,-0.394072,2.7556,2.5291,2.29474,1.27655
2026-02-28,scv,8.10189e+08,-0.117772,1.02417e+07,-0.0414673,44397.9,-0.0198978,2.62373e+07,-0.303528,1.56867e+06,-0.0414673,16539.3,-0.0198978,1.13789e+06,-0.787671,300931,-0.0414673,7080.56,-0.0198978,6.58679,-0.997606,566.146,-0.822593,287.054,-0.363966,2.76674,2.54085,2.30698,1.29097
2026-03-31,scv,7.8937e+08,-0.226151,1.01476e+07,-0.100279,44271.6,-0.0493855,2.55631e+07,-0.389088,1.55425e+06,-0.100279,16492.2,-0.0493855,1.10865e+06,-0.813755,298164,-0.100279,7060.42,-0.0493855,6.41754,-0.9979,560.94,-0.833478,286.238,-0.382598,2.76766,2.54192,2.30824,1.29309
2026-04-30,scv,9.73544e+08,-0.128408,1.12969e+07,-0.0435849,46777,-0.0191919,3.15275e+07,-0.311925,1.73028e+06,-0.0435849,17425.5,-0.0191919,1.36732e+06,-0.790231,331934,-0.0435849,7459.98,-0.0191919,7.91486,-0.997635,624.473,-0.822985,302.436,-0.362988,2.76468,2.53901,2.30535,1.29058
