date,gbp_5y,gbp_10y,gbp_20y,gbp_on
1975-01-02,,,,0.115
1975-01-03,,,,0.115
1975-01-06,,,,0.115
1975-01-07,,,,0.115
1975-01-08,,,,0.115
1975-01-09,,,,0.115
1975-01-10,,,,0.115
1975-01-13,,,,0.115
1975-01-14,,,,0.115
1975-01-15,,,,0.115
1975-01-16,,,,0.115
1975-01-17,,,,0.115
1975-01-20,,,,0.1125
1975-01-21,,,,0.1125
1975-01-22,,,,0.1125
1975-01-23,,,,0.1125
1975-01-24,,,,0.1125
1975-01-27,,,,0.11
1975-01-28,,,,0.11
1975-01-29,,,,0.11
1975-01-30,,,,0.11
1975-01-31,,,,0.11
1975-02-03,,,,0.11
1975-02-04,,,,0.11
1975-02-05,,,,0.11
1975-02-06,,,,0.11
1975-02-07,,,,0.11
1975-02-10,,,,0.1075
1975-02-11,,,,0.1075
1975-02-12,,,,0.1075
1975-02-13,,,,0.1075
1975-02-14,,,,0.1075
1975-02-17,,,,0.105
1975-02-18,,,,0.105
1975-02-19,,,,0.105
1975-02-20,,,,0.105
1975-02-21,,,,0.105
1975-02-24,,,,0.105
1975-02-25,,,,0.105
1975-02-26,,,,0.105
1975-02-27,,,,0.105
1975-02-28,,,,0.105
1975-03-03,,,,0.105
1975-03-04,,,,0.105
1975-03-05,,,,0.105
1975-03-06,,,,0.105
1975-03-07,,,,0.105
1975-03-10,,,,0.1025
1975-03-11,,,,0.1025
1975-03-12,,,,0.1025
1975-03-13,,,,0.1025
1975-03-14,,,,0.1025
1975-03-17,,,,0.1025
1975-03-18,,,,0.1025
1975-03-19,,,,0.1025
1975-03-20,,,,0.1025
1975-03-21,,,,0.1025
1975-03-24,,,,0.1
1975-03-25,,,,0.1
1975-03-26,,,,0.1
1975-03-27,,,,0.1
1975-04-01,,,,0.1
1975-04-02,,,,0.1
1975-04-03,,,,0.1
1975-04-04,,,,0.1
1975-04-07,,,,0.1
1975-04-08,,,,0.1
1975-04-09,,,,0.1
1975-04-10,,,,0.1
1975-04-11,,,,0.1
1975-04-14,,,,0.1
1975-04-15,,,,0.1
1975-04-16,,,,0.1
1975-04-17,,,,0.1
1975-04-18,,,,0.1
1975-04-21,,,,0.0975
1975-04-22,,,,0.0975
1975-04-23,,,,0.0975
1975-04-24,,,,0.0975
1975-04-25,,,,0.0975
1975-04-28,,,,0.0975
1975-04-29,,,,0.0975
1975-04-30,,,,0.0975
1975-05-01,,,,0.0975
1975-05-02,,,,0.0975
1975-05-05,,,,0.1
1975-05-06,,,,0.1
1975-05-07,,,,0.1
1975-05-08,,,,0.1
1975-05-09,,,,0.1
1975-05-12,,,,0.1
1975-05-13,,,,0.1
1975-05-14,,,,0.1
1975-05-15,,,,0.1
1975-05-16,,,,0.1
1975-05-19,,,,0.1
1975-05-20,,,,0.1
1975-05-21,,,,0.1
1975-05-22,,,,0.1
1975-05-23,,,,0.1
1975-05-27,,,,0.1
1975-05-28,,,,0.1
1975-05-29,,,,0.1
1975-05-30,,,,0.1
1975-06-02,,,,0.1
1975-06-03,,,,0.1
1975-06-04,,,,0.1
1975-06-05,,,,0.1
1975-06-06,,,,0.1
1975-06-09,,,,0.1
1975-06-10,,,,0.1
1975-06-11,,,,0.1
1975-06-12,,,,0.1
1975-06-13,,,,0.1
1975-06-16,,,,0.1
1975-06-17,,,,0.1
1975-06-18,,,,0.1
1975-06-19,,,,0.1
1975-06-20,,,,0.1
1975-06-23,,,,0.1
1975-06-24,,,,0.1
1975-06-25,,,,0.1
1975-06-26,,,,0.1
1975-06-27,,,,0.1
1975-06-30,,,,0.1
1975-07-01,,,,0.1
1975-07-02,,,,0.1
1975-07-03,,,,0.1
1975-07-04,,,,0.1
1975-07-07,,,,0.1
1975-07-08,,,,0.1
1975-07-09,,,,0.1
1975-07-10,,,,0.1
1975-07-11,,,,0.1
1975-07-14,,,,0.1
1975-07-15,,,,0.1
1975-07-16,,,,0.1
1975-07-17,,,,0.1
1975-07-18,,,,0.1
1975-07-21,,,,0.1
1975-07-22,,,,0.1
1975-07-23,,,,0.1
1975-07-24,,,,0.1
1975-07-25,,,,0.1
1975-07-28,,,,0.11
1975-07-29,,,,0.11
1975-07-30,,,,0.11
1975-07-31,,,,0.11
1975-08-01,,,,0.11
1975-08-04,,,,0.11
1975-08-05,,,,0.11
1975-08-06,,,,0.11
1975-08-07,,,,0.11
1975-08-08,,,,0.11
1975-08-11,,,,0.11
1975-08-12,,,,0.11
1975-08-13,,,,0.11
1975-08-14,,,,0.11
1975-08-15,,,,0.11
1975-08-18,,,,0.11
1975-08-19,,,,0.11
1975-08-20,,,,0.11
1975-08-21,,,,0.11
1975-08-22,,,,0.11
1975-08-26,,,,0.11
1975-08-27,,,,0.11
1975-08-28,,,,0.11
1975-08-29,,,,0.11
1975-09-01,,,,0.11
1975-09-02,,,,0.11
1975-09-03,,,,0.11
1975-09-04,,,,0.11
1975-09-05,,,,0.11
1975-09-08,,,,0.11
1975-09-09,,,,0.11
1975-09-10,,,,0.11
1975-09-11,,,,0.11
1975-09-12,,,,0.11
1975-09-15,,,,0.11
1975-09-16,,,,0.11
1975-09-17,,,,0.11
1975-09-18,,,,0.11
1975-09-19,,,,0.11
1975-09-22,,,,0.11
1975-09-23,,,,0.11
1975-09-24,,,,0.11
1975-09-25,,,,0.11
1975-09-26,,,,0.11
1975-09-29,,,,0.11
1975-09-30,,,,0.11
1975-10-01,,,,0.11
1975-10-02,,,,0.11
1975-10-03,,,,0.11
1975-10-06,,,,0.12
1975-10-07,,,,0.12
1975-10-08,,,,0.12
1975-10-09,,,,0.12
1975-10-10,,,,0.12
1975-10-13,,,,0.12
1975-10-14,,,,0.12
1975-10-15,,,,0.12
1975-10-16,,,,0.12
1975-10-17,,,,0.12
1975-10-20,,,,0.12
1975-10-21,,,,0.12
1975-10-22,,,,0.12
1975-10-23,,,,0.12
1975-10-24,,,,0.12
1975-10-27,,,,0.12
1975-10-28,,,,0.12
1975-10-29,,,,0.12
1975-10-30,,,,0.12
1975-10-31,,,,0.12
1975-11-03,,,,0.12
1975-11-04,,,,0.12
1975-11-05,,,,0.12
1975-11-06,,,,0.12
1975-11-07,,,,0.12
1975-11-10,,,,0.12
1975-11-11,,,,0.12
1975-11-12,,,,0.12
1975-11-13,,,,0.12
1975-11-14,,,,0.12
1975-11-17,,,,0.1175
1975-11-18,,,,0.1175
1975-11-19,,,,0.1175
1975-11-20,,,,0.1175
1975-11-21,,,,0.1175
1975-11-24,,,,0.1175
1975-11-25,,,,0.1175
1975-11-26,,,,0.1175
1975-11-27,,,,0.1175
1975-11-28,,,,0.1175
1975-12-01,,,,0.115
1975-12-02,,,,0.115
1975-12-03,,,,0.115
1975-12-04,,,,0.115
1975-12-05,,,,0.115
1975-12-08,,,,0.115
1975-12-09,,,,0.115
1975-12-10,,,,0.115
1975-12-11,,,,0.115
1975-12-12,,,,0.115
1975-12-15,,,,0.115
1975-12-16,,,,0.115
1975-12-17,,,,0.115
1975-12-18,,,,0.115
1975-12-19,,,,0.115
1975-12-22,,,,0.115
1975-12-23,,,,0.115
1975-12-24,,,,0.115
1975-12-29,,,,0.1125
1975-12-30,,,,0.1125
1975-12-31,,,,0.1125
1976-01-02,,,,0.1125
1976-01-05,,,,0.11
1976-01-06,,,,0.11
1976-01-07,,,,0.11
1976-01-08,,,,0.11
1976-01-09,,,,0.11
1976-01-12,,,,0.11
1976-01-13,,,,0.11
1976-01-14,,,,0.11
1976-01-15,,,,0.11
1976-01-16,,,,0.11
1976-01-19,,,,0.1075
1976-01-20,,,,0.1075
1976-01-21,,,,0.1075
1976-01-22,,,,0.1075
1976-01-23,,,,0.1075
1976-01-26,,,,0.105
1976-01-27,,,,0.105
1976-01-28,,,,0.105
1976-01-29,,,,0.105
1976-01-30,,,,0.105
1976-02-02,,,,0.1
1976-02-03,,,,0.1
1976-02-04,,,,0.1
1976-02-05,,,,0.1
1976-02-06,,,,0.1
1976-02-09,,,,0.095
1976-02-10,,,,0.095
1976-02-11,,,,0.095
1976-02-12,,,,0.095
1976-02-13,,,,0.095
1976-02-16,,,,0.095
1976-02-17,,,,0.095
1976-02-18,,,,0.095
1976-02-19,,,,0.095
1976-02-20,,,,0.095
1976-02-23,,,,0.095
1976-02-24,,,,0.095
1976-02-25,,,,0.095
1976-02-26,,,,0.095
1976-02-27,,,,0.095
1976-03-01,,,,0.0925
1976-03-02,,,,0.0925
1976-03-03,,,,0.0925
1976-03-04,,,,0.0925
1976-03-05,,,,0.0925
1976-03-08,,,,0.09
1976-03-09,,,,0.09
1976-03-10,,,,0.09
1976-03-11,,,,0.09
1976-03-12,,,,0.09
1976-03-15,,,,0.09
1976-03-16,,,,0.09
1976-03-17,,,,0.09
1976-03-18,,,,0.09
1976-03-19,,,,0.09
1976-03-22,,,,0.09
1976-03-23,,,,0.09
1976-03-24,,,,0.09
1976-03-25,,,,0.09
1976-03-26,,,,0.09
1976-03-29,,,,0.09
1976-03-30,,,,0.09
1976-03-31,,,,0.09
1976-04-01,,,,0.09
1976-04-02,,,,0.09
1976-04-05,,,,0.09
1976-04-06,,,,0.09
1976-04-07,,,,0.09
1976-04-08,,,,0.09
1976-04-09,,,,0.09
1976-04-12,,,,0.09
1976-04-13,,,,0.09
1976-04-14,,,,0.09
1976-04-15,,,,0.09
1976-04-20,,,,0.09
1976-04-21,,,,0.09
1976-04-22,,,,0.09
1976-04-23,,,,0.09
1976-04-26,,,,0.105
1976-04-27,,,,0.105
1976-04-28,,,,0.105
1976-04-29,,,,0.105
1976-04-30,,,,0.105
1976-05-03,,,,0.105
1976-05-04,,,,0.105
1976-05-05,,,,0.105
1976-05-06,,,,0.105
1976-05-07,,,,0.105
1976-05-10,,,,0.105
1976-05-11,,,,0.105
1976-05-12,,,,0.105
1976-05-13,,,,0.105
1976-05-14,,,,0.105
1976-05-17,,,,0.105
1976-05-18,,,,0.105
1976-05-19,,,,0.105
1976-05-20,,,,0.105
1976-05-21,,,,0.105
1976-05-24,,,,0.115
1976-05-25,,,,0.115
1976-05-26,,,,0.115
1976-05-27,,,,0.115
1976-05-28,,,,0.115
1976-06-01,,,,0.115
1976-06-02,,,,0.115
1976-06-03,,,,0.115
1976-06-04,,,,0.115
1976-06-07,,,,0.115
1976-06-08,,,,0.115
1976-06-09,,,,0.115
1976-06-10,,,,0.115
1976-06-11,,,,0.115
1976-06-14,,,,0.115
1976-06-15,,,,0.115
1976-06-16,,,,0.115
1976-06-17,,,,0.115
1976-06-18,,,,0.115
1976-06-21,,,,0.115
1976-06-22,,,,0.115
1976-06-23,,,,0.115
1976-06-24,,,,0.115
1976-06-25,,,,0.115
1976-06-28,,,,0.115
1976-06-29,,,,0.115
1976-06-30,,,,0.115
1976-07-01,,,,0.115
1976-07-02,,,,0.115
1976-07-05,,,,0.115
1976-07-06,,,,0.115
1976-07-07,,,,0.115
1976-07-08,,,,0.115
1976-07-09,,,,0.115
1976-07-12,,,,0.115
1976-07-13,,,,0.115
1976-07-14,,,,0.115
1976-07-15,,,,0.115
1976-07-16,,,,0.115
1976-07-19,,,,0.115
1976-07-20,,,,0.115
1976-07-21,,,,0.115
1976-07-22,,,,0.115
1976-07-23,,,,0.115
1976-07-26,,,,0.115
1976-07-27,,,,0.115
1976-07-28,,,,0.115
1976-07-29,,,,0.115
1976-07-30,,,,0.115
1976-08-02,,,,0.115
1976-08-03,,,,0.115
1976-08-04,,,,0.115
1976-08-05,,,,0.115
1976-08-06,,,,0.115
1976-08-09,,,,0.115
1976-08-10,,,,0.115
1976-08-11,,,,0.115
1976-08-12,,,,0.115
1976-08-13,,,,0.115
1976-08-16,,,,0.115
1976-08-17,,,,0.115
1976-08-18,,,,0.115
1976-08-19,,,,0.115
1976-08-20,,,,0.115
1976-08-23,,,,0.115
1976-08-24,,,,0.115
1976-08-25,,,,0.115
1976-08-26,,,,0.115
1976-08-27,,,,0.115
1976-08-31,,,,0.115
1976-09-01,,,,0.115
1976-09-02,,,,0.115
1976-09-03,,,,0.115
1976-09-06,,,,0.115
1976-09-07,,,,0.115
1976-09-08,,,,0.115
1976-09-09,,,,0.115
1976-09-10,,,,0.115
1976-09-13,,,,0.13
1976-09-14,,,,0.13
1976-09-15,,,,0.13
1976-09-16,,,,0.13
1976-09-17,,,,0.13
1976-09-20,,,,0.13
1976-09-21,,,,0.13
1976-09-22,,,,0.13
1976-09-23,,,,0.13
1976-09-24,,,,0.13
1976-09-27,,,,0.13
1976-09-28,,,,0.13
1976-09-29,,,,0.13
1976-09-30,,,,0.13
1976-10-01,,,,0.13
1976-10-04,,,,0.13
1976-10-05,,,,0.13
1976-10-06,,,,0.13
1976-10-07,,,,0.15
1976-10-08,,,,0.15
1976-10-11,,,,0.15
1976-10-12,,,,0.15
1976-10-13,,,,0.15
1976-10-14,,,,0.15
1976-10-15,,,,0.15
1976-10-18,,,,0.15
1976-10-19,,,,0.15
1976-10-20,,,,0.15
1976-10-21,,,,0.15
1976-10-22,,,,0.15
1976-10-25,,,,0.15
1976-10-26,,,,0.15
1976-10-27,,,,0.15
1976-10-28,,,,0.15
1976-10-29,,,,0.15
1976-11-01,,,,0.15
1976-11-02,,,,0.15
1976-11-03,,,,0.15
1976-11-04,,,,0.15
1976-11-05,,,,0.15
1976-11-08,,,,0.15
1976-11-09,,,,0.15
1976-11-10,,,,0.15
1976-11-11,,,,0.15
1976-11-12,,,,0.15
1976-11-15,,,,0.15
1976-11-16,,,,0.15
1976-11-17,,,,0.15
1976-11-18,,,,0.15
1976-11-19,,,,0.15
1976-11-22,,,,0.1475
1976-11-23,,,,0.1475
1976-11-24,,,,0.1475
1976-11-25,,,,0.1475
1976-11-26,,,,0.1475
1976-11-29,,,,0.1475
1976-11-30,,,,0.1475
1976-12-01,,,,0.1475
1976-12-02,,,,0.1475
1976-12-03,,,,0.1475
1976-12-06,,,,0.1475
1976-12-07,,,,0.1475
1976-12-08,,,,0.1475
1976-12-09,,,,0.1475
1976-12-10,,,,0.1475
1976-12-13,,,,0.1475
1976-12-14,,,,0.1475
1976-12-15,,,,0.1475
1976-12-16,,,,0.1475
1976-12-17,,,,0.1475
1976-12-20,,,,0.145
1976-12-21,,,,0.145
1976-12-22,,,,0.145
1976-12-23,,,,0.145
1976-12-24,,,,0.145
1976-12-29,,,,0.1425
1976-12-30,,,,0.1425
1976-12-31,,,,0.1425
1977-01-04,,,,0.1425
1977-01-05,,,,0.1425
1977-01-06,,,,0.1425
1977-01-07,,,,0.1425
1977-01-10,,,,0.14
1977-01-11,,,,0.14
1977-01-12,,,,0.14
1977-01-13,,,,0.14
1977-01-14,,,,0.14
1977-01-17,,,,0.14
1977-01-18,,,,0.14
1977-01-19,,,,0.14
1977-01-20,,,,0.14
1977-01-21,,,,0.14
1977-01-24,,,,0.1325
1977-01-25,,,,0.1325
1977-01-26,,,,0.1325
1977-01-27,,,,0.1325
1977-01-28,,,,0.1325
1977-01-31,,,,0.1225
1977-02-01,,,,0.1225
1977-02-02,,,,0.1225
1977-02-03,,,,0.12
1977-02-04,,,,0.12
1977-02-07,,,,0.12
1977-02-08,,,,0.12
1977-02-09,,,,0.12
1977-02-10,,,,0.12
1977-02-11,,,,0.12
1977-02-14,,,,0.12
1977-02-15,,,,0.12
1977-02-16,,,,0.12
1977-02-17,,,,0.12
1977-02-18,,,,0.12
1977-02-21,,,,0.12
1977-02-22,,,,0.12
1977-02-23,,,,0.12
1977-02-24,,,,0.12
1977-02-25,,,,0.12
1977-02-28,,,,0.12
1977-03-01,,,,0.12
1977-03-02,,,,0.12
1977-03-03,,,,0.12
1977-03-04,,,,0.12
1977-03-07,,,,0.12
1977-03-08,,,,0.12
1977-03-09,,,,0.12
1977-03-10,,,,0.11
1977-03-11,,,,0.11
1977-03-14,,,,0.11
1977-03-15,,,,0.11
1977-03-16,,,,0.11
1977-03-17,,,,0.11
1977-03-18,,,,0.11
1977-03-21,,,,0.105
1977-03-22,,,,0.105
1977-03-23,,,,0.105
1977-03-24,,,,0.105
1977-03-25,,,,0.105
1977-03-28,,,,0.105
1977-03-29,,,,0.105
1977-03-30,,,,0.105
1977-03-31,,,,0.095
1977-04-01,,,,0.095
1977-04-04,,,,0.095
1977-04-05,,,,0.095
1977-04-06,,,,0.095
1977-04-07,,,,0.095
1977-04-12,,,,0.0925
1977-04-13,,,,0.0925
1977-04-14,,,,0.0925
1977-04-15,,,,0.0925
1977-04-18,,,,0.09
1977-04-19,,,,0.09
1977-04-20,,,,0.09
1977-04-21,,,,0.09
1977-04-22,,,,0.09
1977-04-25,,,,0.0875
1977-04-26,,,,0.0875
1977-04-27,,,,0.0875
1977-04-28,,,,0.0875
1977-04-29,,,,0.0875
1977-05-02,,,,0.0825
1977-05-03,,,,0.0825
1977-05-04,,,,0.0825
1977-05-05,,,,0.0825
1977-05-06,,,,0.0825
1977-05-09,,,,0.0825
1977-05-10,,,,0.0825
1977-05-11,,,,0.0825
1977-05-12,,,,0.0825
1977-05-13,,,,0.0825
1977-05-16,,,,0.08
1977-05-17,,,,0.08
1977-05-18,,,,0.08
1977-05-19,,,,0.08
1977-05-20,,,,0.08
1977-05-23,,,,0.08
1977-05-24,,,,0.08
1977-05-25,,,,0.08
1977-05-26,,,,0.08
1977-05-27,,,,0.08
1977-05-31,,,,0.08
1977-06-01,,,,0.08
1977-06-02,,,,0.08
1977-06-03,,,,0.08
1977-06-06,,,,0.08
1977-06-08,,,,0.08
1977-06-09,,,,0.08
1977-06-10,,,,0.08
1977-06-13,,,,0.08
1977-06-14,,,,0.08
1977-06-15,,,,0.08
1977-06-16,,,,0.08
1977-06-17,,,,0.08
1977-06-20,,,,0.08
1977-06-21,,,,0.08
1977-06-22,,,,0.08
1977-06-23,,,,0.08
1977-06-24,,,,0.08
1977-06-27,,,,0.08
1977-06-28,,,,0.08
1977-06-29,,,,0.08
1977-06-30,,,,0.08
1977-07-01,,,,0.08
1977-07-04,,,,0.08
1977-07-05,,,,0.08
1977-07-06,,,,0.08
1977-07-07,,,,0.08
1977-07-08,,,,0.08
1977-07-11,,,,0.08
1977-07-12,,,,0.08
1977-07-13,,,,0.08
1977-07-14,,,,0.08
1977-07-15,,,,0.08
1977-07-18,,,,0.08
1977-07-19,,,,0.08
1977-07-20,,,,0.08
1977-07-21,,,,0.08
1977-07-22,,,,0.08
1977-07-25,,,,0.08
1977-07-26,,,,0.08
1977-07-27,,,,0.08
1977-07-28,,,,0.08
1977-07-29,,,,0.08
1977-08-01,,,,0.08
1977-08-02,,,,0.08
1977-08-03,,,,0.08
1977-08-04,,,,0.08
1977-08-05,,,,0.08
1977-08-08,,,,0.075
1977-08-09,,,,0.075
1977-08-10,,,,0.075
1977-08-11,,,,0.075
1977-08-12,,,,0.075
1977-08-15,,,,0.07
1977-08-16,,,,0.07
1977-08-17,,,,0.07
1977-08-18,,,,0.07
1977-08-19,,,,0.07
1977-08-22,,,,0.07
1977-08-23,,,,0.07
1977-08-24,,,,0.07
1977-08-25,,,,0.07
1977-08-26,,,,0.07
1977-08-30,,,,0.07
1977-08-31,,,,0.07
1977-09-01,,,,0.07
1977-09-02,,,,0.07
1977-09-05,,,,0.07
1977-09-06,,,,0.07
1977-09-07,,,,0.07
1977-09-08,,,,0.07
1977-09-09,,,,0.07
1977-09-12,,,,0.065
1977-09-13,,,,0.065
1977-09-14,,,,0.065
1977-09-15,,,,0.065
1977-09-16,,,,0.065
1977-09-19,,,,0.06
1977-09-20,,,,0.06
1977-09-21,,,,0.06
1977-09-22,,,,0.06
1977-09-23,,,,0.06
1977-09-26,,,,0.06
1977-09-27,,,,0.06
1977-09-28,,,,0.06
1977-09-29,,,,0.06
1977-09-30,,,,0.06
1977-10-03,,,,0.06
1977-10-04,,,,0.06
1977-10-05,,,,0.06
1977-10-06,,,,0.06
1977-10-07,,,,0.06
1977-10-10,,,,0.055
1977-10-11,,,,0.055
1977-10-12,,,,0.055
1977-10-13,,,,0.055
1977-10-14,,,,0.055
1977-10-17,,,,0.05
1977-10-18,,,,0.05
1977-10-19,,,,0.05
1977-10-20,,,,0.05
1977-10-21,,,,0.05
1977-10-24,,,,0.05
1977-10-25,,,,0.05
1977-10-26,,,,0.05
1977-10-27,,,,0.05
1977-10-28,,,,0.05
1977-10-31,,,,0.05
1977-11-01,,,,0.05
1977-11-02,,,,0.05
1977-11-03,,,,0.05
1977-11-04,,,,0.05
1977-11-07,,,,0.05
1977-11-08,,,,0.05
1977-11-09,,,,0.05
1977-11-10,,,,0.05
1977-11-11,,,,0.05
1977-11-14,,,,0.05
1977-11-15,,,,0.05
1977-11-16,,,,0.05
1977-11-17,,,,0.05
1977-11-18,,,,0.05
1977-11-21,,,,0.05
1977-11-22,,,,0.05
1977-11-23,,,,0.05
1977-11-24,,,,0.05
1977-11-25,,,,0.05
1977-11-28,,,,0.07
1977-11-29,,,,0.07
1977-11-30,,,,0.07
1977-12-01,,,,0.07
1977-12-02,,,,0.07
1977-12-05,,,,0.07
1977-12-06,,,,0.07
1977-12-07,,,,0.07
1977-12-08,,,,0.07
1977-12-09,,,,0.07
1977-12-12,,,,0.07
1977-12-13,,,,0.07
1977-12-14,,,,0.07
1977-12-15,,,,0.07
1977-12-16,,,,0.07
1977-12-19,,,,0.07
1977-12-20,,,,0.07
1977-12-21,,,,0.07
1977-12-22,,,,0.07
1977-12-23,,,,0.07
1977-12-28,,,,0.07
1977-12-29,,,,0.07
1977-12-30,,,,0.07
1978-01-03,,,,0.07
1978-01-04,,,,0.07
1978-01-05,,,,0.07
1978-01-06,,,,0.07
1978-01-09,,,,0.065
1978-01-10,,,,0.065
1978-01-11,,,,0.065
1978-01-12,,,,0.065
1978-01-13,,,,0.065
1978-01-16,,,,0.065
1978-01-17,,,,0.065
1978-01-18,,,,0.065
1978-01-19,,,,0.065
1978-01-20,,,,0.065
1978-01-23,,,,0.065
1978-01-24,,,,0.065
1978-01-25,,,,0.065
1978-01-26,,,,0.065
1978-01-27,,,,0.065
1978-01-30,,,,0.065
1978-01-31,,,,0.065
1978-02-01,,,,0.065
1978-02-02,,,,0.065
1978-02-03,,,,0.065
1978-02-06,,,,0.065
1978-02-07,,,,0.065
1978-02-08,,,,0.065
1978-02-09,,,,0.065
1978-02-10,,,,0.065
1978-02-13,,,,0.065
1978-02-14,,,,0.065
1978-02-15,,,,0.065
1978-02-16,,,,0.065
1978-02-17,,,,0.065
1978-02-20,,,,0.065
1978-02-21,,,,0.065
1978-02-22,,,,0.065
1978-02-23,,,,0.065
1978-02-24,,,,0.065
1978-02-27,,,,0.065
1978-02-28,,,,0.065
1978-03-01,,,,0.065
1978-03-02,,,,0.065
1978-03-03,,,,0.065
1978-03-06,,,,0.065
1978-03-07,,,,0.065
1978-03-08,,,,0.065
1978-03-09,,,,0.065
1978-03-10,,,,0.065
1978-03-13,,,,0.065
1978-03-14,,,,0.065
1978-03-15,,,,0.065
1978-03-16,,,,0.065
1978-03-17,,,,0.065
1978-03-20,,,,0.065
1978-03-21,,,,0.065
1978-03-22,,,,0.065
1978-03-23,,,,0.065
1978-03-28,,,,0.065
1978-03-29,,,,0.065
1978-03-30,,,,0.065
1978-03-31,,,,0.065
1978-04-03,,,,0.065
1978-04-04,,,,0.065
1978-04-05,,,,0.065
1978-04-06,,,,0.065
1978-04-07,,,,0.065
1978-04-10,,,,0.065
1978-04-11,,,,0.065
1978-04-12,,,,0.075
1978-04-13,,,,0.075
1978-04-14,,,,0.075
1978-04-17,,,,0.075
1978-04-18,,,,0.075
1978-04-19,,,,0.075
1978-04-20,,,,0.075
1978-04-21,,,,0.075
1978-04-24,,,,0.075
1978-04-25,,,,0.075
1978-04-26,,,,0.075
1978-04-27,,,,0.075
1978-04-28,,,,0.075
1978-05-02,,,,0.075
1978-05-03,,,,0.075
1978-05-04,,,,0.075
1978-05-05,,,,0.075
1978-05-08,,,,0.0875
1978-05-09,,,,0.0875
1978-05-10,,,,0.0875
1978-05-11,,,,0.0875
1978-05-12,,,,0.0875
1978-05-15,,,,0.09
1978-05-16,,,,0.09
1978-05-17,,,,0.09
1978-05-18,,,,0.09
1978-05-19,,,,0.09
1978-05-22,,,,0.09
1978-05-23,,,,0.09
1978-05-24,,,,0.09
1978-05-25,,,,0.09
1978-05-26,,,,0.09
1978-05-30,,,,0.09
1978-05-31,,,,0.09
1978-06-01,,,,0.09
1978-06-02,,,,0.09
1978-06-05,,,,0.09
1978-06-06,,,,0.09
1978-06-07,,,,0.09
1978-06-08,,,,0.1
1978-06-09,,,,0.1
1978-06-12,,,,0.1
1978-06-13,,,,0.1
1978-06-14,,,,0.1
1978-06-15,,,,0.1
1978-06-16,,,,0.1
1978-06-19,,,,0.1
1978-06-20,,,,0.1
1978-06-21,,,,0.1
1978-06-22,,,,0.1
1978-06-23,,,,0.1
1978-06-26,,,,0.1
1978-06-27,,,,0.1
1978-06-28,,,,0.1
1978-06-29,,,,0.1
1978-06-30,,,,0.1
1978-07-03,,,,0.1
1978-07-04,,,,0.1
1978-07-05,,,,0.1
1978-07-06,,,,0.1
1978-07-07,,,,0.1
1978-07-10,,,,0.1
1978-07-11,,,,0.1
1978-07-12,,,,0.1
1978-07-13,,,,0.1
1978-07-14,,,,0.1
1978-07-17,,,,0.1
1978-07-18,,,,0.1
1978-07-19,,,,0.1
1978-07-20,,,,0.1
1978-07-21,,,,0.1
1978-07-24,,,,0.1
1978-07-25,,,,0.1
1978-07-26,,,,0.1
1978-07-27,,,,0.1
1978-07-28,,,,0.1
1978-07-31,,,,0.1
1978-08-01,,,,0.1
1978-08-02,,,,0.1
1978-08-03,,,,0.1
1978-08-04,,,,0.1
1978-08-07,,,,0.1
1978-08-08,,,,0.1
1978-08-09,,,,0.1
1978-08-10,,,,0.1
1978-08-11,,,,0.1
1978-08-14,,,,0.1
1978-08-15,,,,0.1
1978-08-16,,,,0.1
1978-08-17,,,,0.1
1978-08-18,,,,0.1
1978-08-21,,,,0.1
1978-08-22,,,,0.1
1978-08-23,,,,0.1
1978-08-24,,,,0.1
1978-08-25,,,,0.1
1978-08-29,,,,0.1
1978-08-30,,,,0.1
1978-08-31,,,,0.1
1978-09-01,,,,0.1
1978-09-04,,,,0.1
1978-09-05,,,,0.1
1978-09-06,,,,0.1
1978-09-07,,,,0.1
1978-09-08,,,,0.1
1978-09-11,,,,0.1
1978-09-12,,,,0.1
1978-09-13,,,,0.1
1978-09-14,,,,0.1
1978-09-15,,,,0.1
1978-09-18,,,,0.1
1978-09-19,,,,0.1
1978-09-20,,,,0.1
1978-09-21,,,,0.1
1978-09-22,,,,0.1
1978-09-25,,,,0.1
1978-09-26,,,,0.1
1978-09-27,,,,0.1
1978-09-28,,,,0.1
1978-09-29,,,,0.1
1978-10-02,,,,0.1
1978-10-03,,,,0.1
1978-10-04,,,,0.1
1978-10-05,,,,0.1
1978-10-06,,,,0.1
1978-10-09,,,,0.1
1978-10-10,,,,0.1
1978-10-11,,,,0.1
1978-10-12,,,,0.1
1978-10-13,,,,0.1
1978-10-16,,,,0.1
1978-10-17,,,,0.1
1978-10-18,,,,0.1
1978-10-19,,,,0.1
1978-10-20,,,,0.1
1978-10-23,,,,0.1
1978-10-24,,,,0.1
1978-10-25,,,,0.1
1978-10-26,,,,0.1
1978-10-27,,,,0.1
1978-10-30,,,,0.1
1978-10-31,,,,0.1
1978-11-01,,,,0.1
1978-11-02,,,,0.1
1978-11-03,,,,0.1
1978-11-06,,,,0.1
1978-11-07,,,,0.1
1978-11-08,,,,0.1
1978-11-09,,,,0.125
1978-11-10,,,,0.125
1978-11-13,,,,0.125
1978-11-14,,,,0.125
1978-11-15,,,,0.125
1978-11-16,,,,0.125
1978-11-17,,,,0.125
1978-11-20,,,,0.125
1978-11-21,,,,0.125
1978-11-22,,,,0.125
1978-11-23,,,,0.125
1978-11-24,,,,0.125
1978-11-27,,,,0.125
1978-11-28,,,,0.125
1978-11-29,,,,0.125
1978-11-30,,,,0.125
1978-12-01,,,,0.125
1978-12-04,,,,0.125
1978-12-05,,,,0.125
1978-12-06,,,,0.125
1978-12-07,,,,0.125
1978-12-08,,,,0.125
1978-12-11,,,,0.125
1978-12-12,,,,0.125
1978-12-13,,,,0.125
1978-12-14,,,,0.125
1978-12-15,,,,0.125
1978-12-18,,,,0.125
1978-12-19,,,,0.125
1978-12-20,,,,0.125
1978-12-21,,,,0.125
1978-12-22,,,,0.125
1978-12-27,,,,0.125
1978-12-28,,,,0.125
1978-12-29,,,,0.125
1979-01-02,,,,0.125
1979-01-03,,,,0.125
1979-01-04,,,,0.125
1979-01-05,,,,0.125
1979-01-08,,,,0.125
1979-01-09,,,,0.125
1979-01-10,,,,0.125
1979-01-11,,,,0.125
1979-01-12,,,,0.125
1979-01-15,,,,0.125
1979-01-16,,,,0.125
1979-01-17,,,,0.125
1979-01-18,,,,0.125
1979-01-19,,,,0.125
1979-01-22,,,,0.125
1979-01-23,,,,0.125
1979-01-24,,,,0.125
1979-01-25,,,,0.125
1979-01-26,,,,0.125
1979-01-29,,,,0.125
1979-01-30,,,,0.125
1979-01-31,,,,0.125
1979-02-01,,,,0.125
1979-02-02,,,,0.125
1979-02-05,,,,0.125
1979-02-06,,,,0.125
1979-02-07,,,,0.125
1979-02-08,,,,0.14
1979-02-09,,,,0.14
1979-02-12,,,,0.14
1979-02-13,,,,0.14
1979-02-14,,,,0.14
1979-02-15,,,,0.14
1979-02-16,,,,0.14
1979-02-19,,,,0.14
1979-02-20,,,,0.14
1979-02-21,,,,0.14
1979-02-22,,,,0.14
1979-02-23,,,,0.14
1979-02-26,,,,0.14
1979-02-27,,,,0.14
1979-02-28,,,,0.14
1979-03-01,,,,0.13
1979-03-02,,,,0.13
1979-03-05,,,,0.13
1979-03-06,,,,0.13
1979-03-07,,,,0.13
1979-03-08,,,,0.13
1979-03-09,,,,0.13
1979-03-12,,,,0.13
1979-03-13,,,,0.13
1979-03-14,,,,0.13
1979-03-15,,,,0.13
1979-03-16,,,,0.13
1979-03-19,,,,0.13
1979-03-20,,,,0.13
1979-03-21,,,,0.13
1979-03-22,,,,0.13
1979-03-23,,,,0.13
1979-03-26,,,,0.13
1979-03-27,,,,0.13
1979-03-28,,,,0.13
1979-03-29,,,,0.13
1979-03-30,,,,0.13
1979-04-02,,,,0.13
1979-04-03,,,,0.13
1979-04-04,,,,0.13
1979-04-05,,,,0.12
1979-04-06,,,,0.12
1979-04-09,,,,0.12
1979-04-10,,,,0.12
1979-04-11,,,,0.12
1979-04-12,,,,0.12
1979-04-17,,,,0.12
1979-04-18,,,,0.12
1979-04-19,,,,0.12
1979-04-20,,,,0.12
1979-04-23,,,,0.12
1979-04-24,,,,0.12
1979-04-25,,,,0.12
1979-04-26,,,,0.12
1979-04-27,,,,0.12
1979-04-30,,,,0.12
1979-05-01,,,,0.12
1979-05-02,,,,0.12
1979-05-03,,,,0.12
1979-05-04,,,,0.12
1979-05-08,,,,0.12
1979-05-09,,,,0.12
1979-05-10,,,,0.12
1979-05-11,,,,0.12
1979-05-14,,,,0.12
1979-05-15,,,,0.12
1979-05-16,,,,0.12
1979-05-17,,,,0.12
1979-05-18,,,,0.12
1979-05-21,,,,0.12
1979-05-22,,,,0.12
1979-05-23,,,,0.12
1979-05-24,,,,0.12
1979-05-25,,,,0.12
1979-05-29,,,,0.12
1979-05-30,,,,0.12
1979-05-31,,,,0.12
1979-06-01,,,,0.12
1979-06-04,,,,0.12
1979-06-05,,,,0.12
1979-06-06,,,,0.12
1979-06-07,,,,0.12
1979-06-08,,,,0.12
1979-06-11,,,,0.12
1979-06-12,,,,0.12
1979-06-13,,,,0.14
1979-06-14,,,,0.14
1979-06-15,,,,0.14
1979-06-18,,,,0.14
1979-06-19,,,,0.14
1979-06-20,,,,0.14
1979-06-21,,,,0.14
1979-06-22,,,,0.14
1979-06-25,,,,0.14
1979-06-26,,,,0.14
1979-06-27,,,,0.14
1979-06-28,,,,0.14
1979-06-29,,,,0.14
1979-07-02,,,,0.14
1979-07-03,,,,0.14
1979-07-04,,,,0.14
1979-07-05,,,,0.14
1979-07-06,,,,0.14
1979-07-09,,,,0.14
1979-07-10,,,,0.14
1979-07-11,,,,0.14
1979-07-12,,,,0.14
1979-07-13,,,,0.14
1979-07-16,,,,0.14
1979-07-17,,,,0.14
1979-07-18,,,,0.14
1979-07-19,,,,0.14
1979-07-20,,,,0.14
1979-07-23,,,,0.14
1979-07-24,,,,0.14
1979-07-25,,,,0.14
1979-07-26,,,,0.14
1979-07-27,,,,0.14
1979-07-30,,,,0.14
1979-07-31,,,,0.14
1979-08-01,,,,0.14
1979-08-02,,,,0.14
1979-08-03,,,,0.14
1979-08-06,,,,0.14
1979-08-07,,,,0.14
1979-08-08,,,,0.14
1979-08-09,,,,0.14
1979-08-10,,,,0.14
1979-08-13,,,,0.14
1979-08-14,,,,0.14
1979-08-15,,,,0.14
1979-08-16,,,,0.14
1979-08-17,,,,0.14
1979-08-20,,,,0.14
1979-08-21,,,,0.14
1979-08-22,,,,0.14
1979-08-23,,,,0.14
1979-08-24,,,,0.14
1979-08-28,,,,0.14
1979-08-29,,,,0.14
1979-08-30,,,,0.14
1979-08-31,,,,0.14
1979-09-03,,,,0.14
1979-09-04,,,,0.14
1979-09-05,,,,0.14
1979-09-06,,,,0.14
1979-09-07,,,,0.14
1979-09-10,,,,0.14
1979-09-11,,,,0.14
1979-09-12,,,,0.14
1979-09-13,,,,0.14
1979-09-14,,,,0.14
1979-09-17,,,,0.14
1979-09-18,,,,0.14
1979-09-19,,,,0.14
1979-09-20,,,,0.14
1979-09-21,,,,0.14
1979-09-24,,,,0.14
1979-09-25,,,,0.14
1979-09-26,,,,0.14
1979-09-27,,,,0.14
1979-09-28,,,,0.14
1979-10-01,,,,0.14
1979-10-02,,,,0.14
1979-10-03,,,,0.14
1979-10-04,,,,0.14
1979-10-05,,,,0.14
1979-10-08,,,,0.14
1979-10-09,,,,0.14
1979-10-10,,,,0.14
1979-10-11,,,,0.14
1979-10-12,,,,0.14
1979-10-15,,,,0.14
1979-10-16,,,,0.14
1979-10-17,,,,0.14
1979-10-18,,,,0.14
1979-10-19,,,,0.14
1979-10-22,,,,0.14
1979-10-23,,,,0.14
1979-10-24,,,,0.14
1979-10-25,,,,0.14
1979-10-26,,,,0.14
1979-10-29,,,,0.14
1979-10-30,,,,0.14
1979-10-31,,,,0.14
1979-11-01,,,,0.14
1979-11-02,,,,0.14
1979-11-05,,,,0.14
1979-11-06,,,,0.14
1979-11-07,,,,0.14
1979-11-08,,,,0.14
1979-11-09,,,,0.14
1979-11-12,,,,0.14
1979-11-13,,,,0.14
1979-11-14,,,,0.14
1979-11-15,,,,0.17
1979-11-16,,,,0.17
1979-11-19,,,,0.17
1979-11-20,,,,0.17
1979-11-21,,,,0.17
1979-11-22,,,,0.17
1979-11-23,,,,0.17
1979-11-26,,,,0.17
1979-11-27,,,,0.17
1979-11-28,,,,0.17
1979-11-29,,,,0.17
1979-11-30,,,,0.17
1979-12-03,,,,0.17
1979-12-04,,,,0.17
1979-12-05,,,,0.17
1979-12-06,,,,0.17
1979-12-07,,,,0.17
1979-12-10,,,,0.17
1979-12-11,,,,0.17
1979-12-12,,,,0.17
1979-12-13,,,,0.17
1979-12-14,,,,0.17
1979-12-17,,,,0.17
1979-12-18,,,,0.17
1979-12-19,,,,0.17
1979-12-20,,,,0.17
1979-12-21,,,,0.17
1979-12-24,,,,0.17
1979-12-27,,,,0.17
1979-12-28,,,,0.17
1979-12-31,,,,0.17
1980-01-02,,,,0.17
1980-01-03,,,,0.17
1980-01-04,,,,0.17
1980-01-07,,,,0.17
1980-01-08,,,,0.17
1980-01-09,,,,0.17
1980-01-10,,,,0.17
1980-01-11,,,,0.17
1980-01-14,,,,0.17
1980-01-15,,,,0.17
1980-01-16,,,,0.17
1980-01-17,,,,0.17
1980-01-18,,,,0.17
1980-01-21,,,,0.17
1980-01-22,,,,0.17
1980-01-23,,,,0.17
1980-01-24,,,,0.17
1980-01-25,,,,0.17
1980-01-28,,,,0.17
1980-01-29,,,,0.17
1980-01-30,,,,0.17
1980-01-31,,,,0.17
1980-02-01,,,,0.17
1980-02-04,,,,0.17
1980-02-05,,,,0.17
1980-02-06,,,,0.17
1980-02-07,,,,0.17
1980-02-08,,,,0.17
1980-02-11,,,,0.17
1980-02-12,,,,0.17
1980-02-13,,,,0.17
1980-02-14,,,,0.17
1980-02-15,,,,0.17
1980-02-18,,,,0.17
1980-02-19,,,,0.17
1980-02-20,,,,0.17
1980-02-21,,,,0.17
1980-02-22,,,,0.17
1980-02-25,,,,0.17
1980-02-26,,,,0.17
1980-02-27,,,,0.17
1980-02-28,,,,0.17
1980-02-29,,,,0.17
1980-03-03,,,,0.17
1980-03-04,,,,0.17
1980-03-05,,,,0.17
1980-03-06,,,,0.17
1980-03-07,,,,0.17
1980-03-10,,,,0.17
1980-03-11,,,,0.17
1980-03-12,,,,0.17
1980-03-13,,,,0.17
1980-03-14,,,,0.17
1980-03-17,,,,0.17
1980-03-18,,,,0.17
1980-03-19,,,,0.17
1980-03-20,,,,0.17
1980-03-21,,,,0.17
1980-03-24,,,,0.17
1980-03-25,,,,0.17
1980-03-26,,,,0.17
1980-03-27,,,,0.17
1980-03-28,,,,0.17
1980-03-31,,,,0.17
1980-04-01,,,,0.17
1980-04-02,,,,0.17
1980-04-03,,,,0.17
1980-04-08,,,,0.17
1980-04-09,,,,0.17
1980-04-10,,,,0.17
1980-04-11,,,,0.17
1980-04-14,,,,0.17
1980-04-15,,,,0.17
1980-04-16,,,,0.17
1980-04-17,,,,0.17
1980-04-18,,,,0.17
1980-04-21,,,,0.17
1980-04-22,,,,0.17
1980-04-23,,,,0.17
1980-04-24,,,,0.17
1980-04-25,,,,0.17
1980-04-28,,,,0.17
1980-04-29,,,,0.17
1980-04-30,,,,0.17
1980-05-01,,,,0.17
1980-05-02,,,,0.17
1980-05-06,,,,0.17
1980-05-07,,,,0.17
1980-05-08,,,,0.17
1980-05-09,,,,0.17
1980-05-12,,,,0.17
1980-05-13,,,,0.17
1980-05-14,,,,0.17
1980-05-15,,,,0.17
1980-05-16,,,,0.17
1980-05-19,,,,0.17
1980-05-20,,,,0.17
1980-05-21,,,,0.17
1980-05-22,,,,0.17
1980-05-23,,,,0.17
1980-05-27,,,,0.17
1980-05-28,,,,0.17
1980-05-29,,,,0.17
1980-05-30,,,,0.17
1980-06-02,,,,0.17
1980-06-03,,,,0.17
1980-06-04,,,,0.17
1980-06-05,,,,0.17
1980-06-06,,,,0.17
1980-06-09,,,,0.17
1980-06-10,,,,0.17
1980-06-11,,,,0.17
1980-06-12,,,,0.17
1980-06-13,,,,0.17
1980-06-16,,,,0.17
1980-06-17,,,,0.17
1980-06-18,,,,0.17
1980-06-19,,,,0.17
1980-06-20,,,,0.17
1980-06-23,,,,0.17
1980-06-24,,,,0.17
1980-06-25,,,,0.17
1980-06-26,,,,0.17
1980-06-27,,,,0.17
1980-06-30,,,,0.17
1980-07-01,,,,0.17
1980-07-02,,,,0.17
1980-07-03,,,,0.16
1980-07-04,,,,0.16
1980-07-07,,,,0.16
1980-07-08,,,,0.16
1980-07-09,,,,0.16
1980-07-10,,,,0.16
1980-07-11,,,,0.16
1980-07-14,,,,0.16
1980-07-15,,,,0.16
1980-07-16,,,,0.16
1980-07-17,,,,0.16
1980-07-18,,,,0.16
1980-07-21,,,,0.16
1980-07-22,,,,0.16
1980-07-23,,,,0.16
1980-07-24,,,,0.16
1980-07-25,,,,0.16
1980-07-28,,,,0.16
1980-07-29,,,,0.16
1980-07-30,,,,0.16
1980-07-31,,,,0.16
1980-08-01,,,,0.16
1980-08-04,,,,0.16
1980-08-05,,,,0.16
1980-08-06,,,,0.16
1980-08-07,,,,0.16
1980-08-08,,,,0.16
1980-08-11,,,,0.16
1980-08-12,,,,0.16
1980-08-13,,,,0.16
1980-08-14,,,,0.16
1980-08-15,,,,0.16
1980-08-18,,,,0.16
1980-08-19,,,,0.16
1980-08-20,,,,0.16
1980-08-21,,,,0.16
1980-08-22,,,,0.16
1980-08-26,,,,0.16
1980-08-27,,,,0.16
1980-08-28,,,,0.16
1980-08-29,,,,0.16
1980-09-01,,,,0.16
1980-09-02,,,,0.16
1980-09-03,,,,0.16
1980-09-04,,,,0.16
1980-09-05,,,,0.16
1980-09-08,,,,0.16
1980-09-09,,,,0.16
1980-09-10,,,,0.16
1980-09-11,,,,0.16
1980-09-12,,,,0.16
1980-09-15,,,,0.16
1980-09-16,,,,0.16
1980-09-17,,,,0.16
1980-09-18,,,,0.16
1980-09-19,,,,0.16
1980-09-22,,,,0.16
1980-09-23,,,,0.16
1980-09-24,,,,0.16
1980-09-25,,,,0.16
1980-09-26,,,,0.16
1980-09-29,,,,0.16
1980-09-30,,,,0.16
1980-10-01,,,,0.16
1980-10-02,,,,0.16
1980-10-03,,,,0.16
1980-10-06,,,,0.16
1980-10-07,,,,0.16
1980-10-08,,,,0.16
1980-10-09,,,,0.16
1980-10-10,,,,0.16
1980-10-13,,,,0.16
1980-10-14,,,,0.16
1980-10-15,,,,0.16
1980-10-16,,,,0.16
1980-10-17,,,,0.16
1980-10-20,,,,0.16
1980-10-21,,,,0.16
1980-10-22,,,,0.16
1980-10-23,,,,0.16
1980-10-24,,,,0.16
1980-10-27,,,,0.16
1980-10-28,,,,0.16
1980-10-29,,,,0.16
1980-10-30,,,,0.16
1980-10-31,,,,0.16
1980-11-03,,,,0.16
1980-11-04,,,,0.16
1980-11-05,,,,0.16
1980-11-06,,,,0.16
1980-11-07,,,,0.16
1980-11-10,,,,0.16
1980-11-11,,,,0.16
1980-11-12,,,,0.16
1980-11-13,,,,0.16
1980-11-14,,,,0.16
1980-11-17,,,,0.16
1980-11-18,,,,0.16
1980-11-19,,,,0.16
1980-11-20,,,,0.16
1980-11-21,,,,0.16
1980-11-24,,,,0.16
1980-11-25,,,,0.14
1980-11-26,,,,0.14
1980-11-27,,,,0.14
1980-11-28,,,,0.14
1980-12-01,,,,0.14
1980-12-02,,,,0.14
1980-12-03,,,,0.14
1980-12-04,,,,0.14
1980-12-05,,,,0.14
1980-12-08,,,,0.14
1980-12-09,,,,0.14
1980-12-10,,,,0.14
1980-12-11,,,,0.14
1980-12-12,,,,0.14
1980-12-15,,,,0.14
1980-12-16,,,,0.14
1980-12-17,,,,0.14
1980-12-18,,,,0.14
1980-12-19,,,,0.14
1980-12-22,,,,0.14
1980-12-23,,,,0.14
1980-12-24,,,,0.14
1980-12-29,,,,0.14
1980-12-30,,,,0.14
1980-12-31,,,,0.14
1981-01-02,,,,0.14
1981-01-05,,,,0.14
1981-01-06,,,,0.14
1981-01-07,,,,0.14
1981-01-08,,,,0.14
1981-01-09,,,,0.14
1981-01-12,,,,0.14
1981-01-13,,,,0.14
1981-01-14,,,,0.14
1981-01-15,,,,0.14
1981-01-16,,,,0.14
1981-01-19,,,,0.14
1981-01-20,,,,0.14
1981-01-21,,,,0.14
1981-01-22,,,,0.14
1981-01-23,,,,0.14
1981-01-26,,,,0.14
1981-01-27,,,,0.14
1981-01-28,,,,0.14
1981-01-29,,,,0.14
1981-01-30,,,,0.14
1981-02-02,,,,0.14
1981-02-03,,,,0.14
1981-02-04,,,,0.14
1981-02-05,,,,0.14
1981-02-06,,,,0.14
1981-02-09,,,,0.14
1981-02-10,,,,0.14
1981-02-11,,,,0.14
1981-02-12,,,,0.14
1981-02-13,,,,0.14
1981-02-16,,,,0.14
1981-02-17,,,,0.14
1981-02-18,,,,0.14
1981-02-19,,,,0.14
1981-02-20,,,,0.14
1981-02-23,,,,0.14
1981-02-24,,,,0.14
1981-02-25,,,,0.14
1981-02-26,,,,0.14
1981-02-27,,,,0.14
1981-03-02,,,,0.14
1981-03-03,,,,0.14
1981-03-04,,,,0.14
1981-03-05,,,,0.14
1981-03-06,,,,0.14
1981-03-09,,,,0.14
1981-03-10,,,,0.14
1981-03-11,,,,0.12
1981-03-12,,,,0.12
1981-03-13,,,,0.12
1981-03-16,,,,0.12
1981-03-17,,,,0.12
1981-03-18,,,,0.12
1981-03-19,,,,0.12
1981-03-20,,,,0.12
1981-03-23,,,,0.12
1981-03-24,,,,0.12
1981-03-25,,,,0.12
1981-03-26,,,,0.12
1981-03-27,,,,0.12
1981-03-30,,,,0.12
1981-03-31,,,,0.12
1981-04-01,,,,0.12
1981-04-02,,,,0.12
1981-04-03,,,,0.12
1981-04-06,,,,0.12
1981-04-07,,,,0.12
1981-04-08,,,,0.12
1981-04-09,,,,0.12
1981-04-10,,,,0.12
1981-04-13,,,,0.12
1981-04-14,,,,0.12
1981-04-15,,,,0.12
1981-04-16,,,,0.12
1981-04-21,,,,0.12
1981-04-22,,,,0.12
1981-04-23,,,,0.12
1981-04-24,,,,0.12
1981-04-27,,,,0.12
1981-04-28,,,,0.12
1981-04-29,,,,0.12
1981-04-30,,,,0.12
1981-05-01,,,,0.12
1981-05-05,,,,0.12
1981-05-06,,,,0.12
1981-05-07,,,,0.12
1981-05-08,,,,0.12
1981-05-11,,,,0.12
1981-05-12,,,,0.12
1981-05-13,,,,0.12
1981-05-14,,,,0.12
1981-05-15,,,,0.12
1981-05-18,,,,0.12
1981-05-19,,,,0.12
1981-05-20,,,,0.12
1981-05-21,,,,0.12
1981-05-22,,,,0.12
1981-05-26,,,,0.12
1981-05-27,,,,0.12
1981-05-28,,,,0.12
1981-05-29,,,,0.12
1981-06-01,,,,0.12
1981-06-02,,,,0.12
1981-06-03,,,,0.12
1981-06-04,,,,0.12
1981-06-05,,,,0.12
1981-06-08,,,,0.12
1981-06-09,,,,0.12
1981-06-10,,,,0.12
1981-06-11,,,,0.12
1981-06-12,,,,0.12
1981-06-15,,,,0.12
1981-06-16,,,,0.12
1981-06-17,,,,0.12
1981-06-18,,,,0.12
1981-06-19,,,,0.12
1981-06-22,,,,0.12
1981-06-23,,,,0.12
1981-06-24,,,,0.12
1981-06-25,,,,0.12
1981-06-26,,,,0.12
1981-06-29,,,,0.12
1981-06-30,,,,0.12
1981-07-01,,,,0.12
1981-07-02,,,,0.12
1981-07-03,,,,0.12
1981-07-06,,,,0.12
1981-07-07,,,,0.12
1981-07-08,,,,0.12
1981-07-09,,,,0.12
1981-07-10,,,,0.12
1981-07-13,,,,0.12
1981-07-14,,,,0.12
1981-07-15,,,,0.12
1981-07-16,,,,0.12
1981-07-17,,,,0.12
1981-07-20,,,,0.12
1981-07-21,,,,0.12
1981-07-22,,,,0.12
1981-07-23,,,,0.12
1981-07-24,,,,0.12
1981-07-27,,,,0.12
1981-07-28,,,,0.12
1981-07-30,,,,0.12
1981-07-31,,,,0.12
1981-08-03,,,,0.12
1981-08-04,,,,0.12
1981-08-05,,,,0.12
1981-08-06,,,,0.12
1981-08-07,,,,0.12
1981-08-10,,,,0.12
1981-08-11,,,,0.12
1981-08-12,,,,0.12
1981-08-13,,,,0.12
1981-08-14,,,,0.12
1981-08-17,,,,0.12
1981-08-18,,,,0.12
1981-08-19,,,,0.12
1981-08-20,,,,0.12
1981-08-21,,,,0.12
1981-08-24,,,,0.12
1981-08-25,,,,0.126875
1981-08-26,,,,0.126875
1981-08-27,,,,0.126875
1981-08-28,,,,0.126875
1981-09-01,,,,0.126875
1981-09-02,,,,0.126875
1981-09-03,,,,0.126875
1981-09-04,,,,0.126875
1981-09-07,,,,0.126875
1981-09-08,,,,0.126875
1981-09-09,,,,0.126875
1981-09-10,,,,0.126875
1981-09-11,,,,0.126875
1981-09-14,,,,0.126875
1981-09-15,,,,0.14
1981-09-16,,,,0.14
1981-09-17,,,,0.14
1981-09-18,,,,0.14
1981-09-21,,,,0.14
1981-09-22,,,,0.14
1981-09-23,,,,0.14
1981-09-24,,,,0.14
1981-09-25,,,,0.14
1981-09-28,,,,0.14
1981-09-29,,,,0.14
1981-09-30,,,,0.14
1981-10-01,,,,0.14
1981-10-02,,,,0.14
1981-10-05,,,,0.14
1981-10-06,,,,0.14
1981-10-07,,,,0.14
1981-10-08,,,,0.14
1981-10-09,,,,0.14
1981-10-12,,,,0.15
1981-10-13,,,,0.15
1981-10-14,,,,0.15
1981-10-15,,,,0.15
1981-10-16,,,,0.15
1981-10-19,,,,0.15
1981-10-20,,,,0.15
1981-10-21,,,,0.15
1981-10-22,,,,0.15
1981-10-23,,,,0.15
1981-10-26,,,,0.15
1981-10-27,,,,0.15
1981-10-28,,,,0.15125
1981-10-29,,,,0.15125
1981-10-30,,,,0.15125
1981-11-02,,,,0.15125
1981-11-03,,,,0.15125
1981-11-04,,,,0.15125
1981-11-05,,,,0.15125
1981-11-06,,,,0.150625
1981-11-09,,,,0.14625
1981-11-10,,,,0.14625
1981-11-11,,,,0.14625
1981-11-12,,,,0.14625
1981-11-13,,,,0.14625
1981-11-16,,,,0.14625
1981-11-17,,,,0.14625
1981-11-18,,,,0.14625
1981-11-19,,,,0.14625
1981-11-20,,,,0.14625
1981-11-23,,,,0.14625
1981-11-24,,,,0.14625
1981-11-25,,,,0.145625
1981-11-26,,,,0.145625
1981-11-27,,,,0.145625
1981-11-30,,,,0.145625
1981-12-01,,,,0.145625
1981-12-02,,,,0.145625
1981-12-03,,,,0.145625
1981-12-04,,,,0.14375
1981-12-07,,,,0.14375
1981-12-08,,,,0.14375
1981-12-09,,,,0.14375
1981-12-10,,,,0.14375
1981-12-11,,,,0.14375
1981-12-14,,,,0.14375
1981-12-15,,,,0.14375
1981-12-16,,,,0.14375
1981-12-17,,,,0.14375
1981-12-18,,,,0.14375
1981-12-21,,,,0.14375
1981-12-22,,,,0.14375
1981-12-23,,,,0.14375
1981-12-24,,,,0.14375
1981-12-29,,,,0.14375
1981-12-30,,,,0.14375
1981-12-31,,,,0.14375
1982-01-04,,,,0.14375
1982-01-05,,,,0.14375
1982-01-06,,,,0.14375
1982-01-07,,,,0.14375
1982-01-08,,,,0.14375
1982-01-11,,,,0.14375
1982-01-12,,,,0.14375
1982-01-13,,,,0.14375
1982-01-14,,,,0.14375
1982-01-15,,,,0.14375
1982-01-18,,,,0.143125
1982-01-19,,,,0.1425
1982-01-20,,,,0.14125
1982-01-21,,,,0.14
1982-01-22,,,,0.13875
1982-01-25,,,,0.13875
1982-01-26,,,,0.13875
1982-01-27,,,,0.13875
1982-01-28,,,,0.13875
1982-01-29,,,,0.13875
1982-02-01,,,,0.13875
1982-02-02,,,,0.13875
1982-02-03,,,,0.13875
1982-02-04,,,,0.13875
1982-02-05,,,,0.13875
1982-02-08,,,,0.13875
1982-02-09,,,,0.13875
1982-02-10,,,,0.13875
1982-02-11,,,,0.13875
1982-02-12,,,,0.13875
1982-02-15,,,,0.13875
1982-02-16,,,,0.13875
1982-02-17,,,,0.13875
1982-02-18,,,,0.13875
1982-02-19,,,,0.13875
1982-02-22,,,,0.138125
1982-02-23,,,,0.138125
1982-02-24,,,,0.138125
1982-02-25,,,,0.13625
1982-02-26,,,,0.13625
1982-03-01,,,,0.13625
1982-03-02,,,,0.13625
1982-03-03,,,,0.13625
1982-03-04,,,,0.13625
1982-03-05,,,,0.13625
1982-03-08,,,,0.13625
1982-03-09,,,,0.13625
1982-03-10,,,,0.1325
1982-03-11,,,,0.1325
1982-03-12,,,,0.1325
1982-03-15,,,,0.1325
1982-03-16,,,,0.1325
1982-03-17,,,,0.1325
1982-03-18,,,,0.1325
1982-03-19,,,,0.1325
1982-03-22,,,,0.1325
1982-03-23,,,,0.1325
1982-03-24,,,,0.1325
1982-03-25,,,,0.1325
1982-03-26,,,,0.1325
1982-03-29,,,,0.1325
1982-03-30,,,,0.1325
1982-03-31,,,,0.1325
1982-04-01,,,,0.1325
1982-04-02,,,,0.1325
1982-04-05,,,,0.1325
1982-04-06,,,,0.1325
1982-04-07,,,,0.1325
1982-04-08,,,,0.1325
1982-04-13,,,,0.1325
1982-04-14,,,,0.1325
1982-04-15,,,,0.1325
1982-04-16,,,,0.13125
1982-04-19,,,,0.13
1982-04-20,,,,0.13125
1982-04-21,,,,0.13125
1982-04-22,,,,0.13125
1982-04-23,,,,0.13125
1982-04-26,,,,0.13125
1982-04-27,,,,0.13125
1982-04-28,,,,0.13125
1982-04-29,,,,0.13125
1982-04-30,,,,0.13125
1982-05-04,,,,0.13125
1982-05-05,,,,0.13125
1982-05-06,,,,0.13125
1982-05-07,,,,0.13125
1982-05-10,,,,0.13125
1982-05-11,,,,0.13125
1982-05-12,,,,0.13125
1982-05-13,,,,0.13125
1982-05-14,,,,0.13125
1982-05-17,,,,0.13125
1982-05-18,,,,0.13125
1982-05-19,,,,0.13125
1982-05-20,,,,0.13125
1982-05-21,,,,0.13125
1982-05-24,,,,0.13125
1982-05-25,,,,0.13125
1982-05-26,,,,0.13125
1982-05-27,,,,0.13125
1982-05-28,,,,0.13125
1982-06-01,,,,0.13125
1982-06-02,,,,0.13125
1982-06-03,,,,0.13125
1982-06-04,,,,0.13125
1982-06-07,,,,0.13125
1982-06-08,,,,0.12625
1982-06-09,,,,0.12625
1982-06-10,,,,0.12625
1982-06-11,,,,0.12625
1982-06-14,,,,0.12625
1982-06-15,,,,0.12625
1982-06-16,,,,0.12625
1982-06-17,,,,0.12625
1982-06-18,,,,0.12625
1982-06-21,,,,0.12625
1982-06-22,,,,0.12625
1982-06-23,,,,0.12625
1982-06-24,,,,0.12625
1982-06-25,,,,0.12625
1982-06-28,,,,0.12625
1982-06-29,,,,0.12625
1982-06-30,,,,0.12625
1982-07-01,,,,0.12625
1982-07-02,,,,0.12625
1982-07-05,,,,0.12625
1982-07-06,,,,0.12625
1982-07-07,,,,0.12625
1982-07-08,,,,0.12625
1982-07-09,,,,0.125
1982-07-12,,,,0.1225
1982-07-13,,,,0.12125
1982-07-14,,,,0.12125
1982-07-15,,,,0.12125
1982-07-16,,,,0.12125
1982-07-19,,,,0.12125
1982-07-20,,,,0.12125
1982-07-21,,,,0.120625
1982-07-22,,,,0.120625
1982-07-23,,,,0.120625
1982-07-26,,,,0.119375
1982-07-27,,,,0.119375
1982-07-28,,,,0.118125
1982-07-29,,,,0.1175
1982-07-30,,,,0.11625
1982-08-02,,,,0.115625
1982-08-03,,,,0.115625
1982-08-04,,,,0.115
1982-08-05,,,,0.115
1982-08-06,,,,0.115
1982-08-09,,,,0.115
1982-08-10,,,,0.115
1982-08-11,,,,0.115
1982-08-12,,,,0.115
1982-08-13,,,,0.115
1982-08-16,,,,0.11375
1982-08-17,,,,0.1125
1982-08-18,,,,0.1125
1982-08-19,,,,0.1125
1982-08-20,,,,0.1125
1982-08-23,,,,0.1125
1982-08-24,,,,0.11125
1982-08-25,,,,0.11
1982-08-26,,,,0.10875
1982-08-27,,,,0.10625
1982-08-31,,,,0.10625
1982-09-01,,,,0.10625
1982-09-02,,,,0.10625
1982-09-03,,,,0.10625
1982-09-06,,,,0.10625
1982-09-07,,,,0.10625
1982-09-08,,,,0.10625
1982-09-09,,,,0.10625
1982-09-10,,,,0.10625
1982-09-13,,,,0.10625
1982-09-14,,,,0.10625
1982-09-15,,,,0.10625
1982-09-16,,,,0.10625
1982-09-17,,,,0.10625
1982-09-20,,,,0.10625
1982-09-21,,,,0.10625
1982-09-22,,,,0.10625
1982-09-23,,,,0.10625
1982-09-24,,,,0.10625
1982-09-27,,,,0.105
1982-09-28,,,,0.10375
1982-09-29,,,,0.1025
1982-09-30,,,,0.10125
1982-10-01,,,,0.10125
1982-10-04,,,,0.10125
1982-10-05,,,,0.10125
1982-10-06,,,,0.10125
1982-10-07,,,,0.10125
1982-10-08,,,,0.10125
1982-10-11,,,,0.10125
1982-10-12,,,,0.09625
1982-10-13,,,,0.09625
1982-10-14,,,,0.09625
1982-10-15,,,,0.09625
1982-10-18,,,,0.09625
1982-10-19,,,,0.09625
1982-10-20,,,,0.09625
1982-10-21,,,,0.09625
1982-10-22,,,,0.09625
1982-10-25,,,,0.09625
1982-10-26,,,,0.09625
1982-10-27,,,,0.09625
1982-10-28,,,,0.09625
1982-10-29,,,,0.09625
1982-11-01,,,,0.09375
1982-11-02,,,,0.09125
1982-11-03,,,,0.09125
1982-11-04,,,,0.09125
1982-11-05,,,,0.09125
1982-11-08,,,,0.09125
1982-11-09,,,,0.09125
1982-11-10,,,,0.09125
1982-11-11,,,,0.09125
1982-11-12,,,,0.09125
1982-11-15,,,,0.09125
1982-11-16,,,,0.09125
1982-11-17,,,,0.09125
1982-11-18,,,,0.09125
1982-11-19,,,,0.09125
1982-11-22,,,,0.09125
1982-11-23,,,,0.09125
1982-11-24,,,,0.09125
1982-11-25,,,,0.09125
1982-11-26,,,,0.1
1982-11-29,,,,0.1
1982-11-30,,,,0.1
1982-12-01,,,,0.1
1982-12-02,,,,0.1
1982-12-03,,,,0.1
1982-12-06,,,,0.1
1982-12-07,,,,0.1
1982-12-08,,,,0.1
1982-12-09,,,,0.1
1982-12-10,,,,0.1
1982-12-13,,,,0.1
1982-12-14,,,,0.1
1982-12-15,,,,0.1
1982-12-16,,,,0.1
1982-12-17,,,,0.1
1982-12-20,,,,0.1
1982-12-21,,,,0.1
1982-12-22,,,,0.1
1982-12-23,,,,0.1
1982-12-24,,,,0.1
1982-12-29,,,,0.1
1982-12-30,,,,0.1
1982-12-31,,,,0.1
1983-01-04,,,,0.1
1983-01-05,,,,0.1
1983-01-06,,,,0.1
1983-01-07,,,,0.1
1983-01-10,,,,0.1
1983-01-11,,,,0.1
1983-01-12,,,,0.11
1983-01-13,,,,0.11
1983-01-14,,,,0.11
1983-01-17,,,,0.11
1983-01-18,,,,0.11
1983-01-19,,,,0.11
1983-01-20,,,,0.11
1983-01-21,,,,0.11
1983-01-24,,,,0.11
1983-01-25,,,,0.11
1983-01-26,,,,0.11
1983-01-27,,,,0.11
1983-01-28,,,,0.11
1983-01-31,,,,0.11
1983-02-01,,,,0.11
1983-02-02,,,,0.11
1983-02-03,,,,0.11
1983-02-04,,,,0.11
1983-02-07,,,,0.11
1983-02-08,,,,0.11
1983-02-09,,,,0.11
1983-02-10,,,,0.11
1983-02-11,,,,0.11
1983-02-14,,,,0.11
1983-02-15,,,,0.11
1983-02-16,,,,0.11
1983-02-17,,,,0.11
1983-02-18,,,,0.11
1983-02-21,,,,0.11
1983-02-22,,,,0.11
1983-02-23,,,,0.11
1983-02-24,,,,0.11
1983-02-25,,,,0.11
1983-02-28,,,,0.11
1983-03-01,,,,0.11
1983-03-02,,,,0.11
1983-03-03,,,,0.11
1983-03-04,,,,0.11
1983-03-07,,,,0.11
1983-03-08,,,,0.11
1983-03-09,,,,0.11
1983-03-10,,,,0.11
1983-03-11,,,,0.11
1983-03-14,,,,0.11
1983-03-15,,,,0.105625
1983-03-16,,,,0.105625
1983-03-17,,,,0.105625
1983-03-18,,,,0.105625
1983-03-21,,,,0.105625
1983-03-22,,,,0.105625
1983-03-23,,,,0.105625
1983-03-24,,,,0.105625
1983-03-25,,,,0.105625
1983-03-28,,,,0.105625
1983-03-29,,,,0.105625
1983-03-30,,,,0.105625
1983-03-31,,,,0.105625
1983-04-05,,,,0.105625
1983-04-06,,,,0.105625
1983-04-07,,,,0.105625
1983-04-08,,,,0.105625
1983-04-11,,,,0.105625
1983-04-12,,,,0.105625
1983-04-13,,,,0.103125
1983-04-14,,,,0.100625
1983-04-15,,,,0.100625
1983-04-18,,,,0.100625
1983-04-19,,,,0.100625
1983-04-20,,,,0.100625
1983-04-21,,,,0.100625
1983-04-22,,,,0.100625
1983-04-25,,,,0.100625
1983-04-26,,,,0.100625
1983-04-27,,,,0.100625
1983-04-28,,,,0.100625
1983-04-29,,,,0.100625
1983-05-03,,,,0.100625
1983-05-04,,,,0.100625
1983-05-05,,,,0.100625
1983-05-06,,,,0.100625
1983-05-09,,,,0.100625
1983-05-10,,,,0.100625
1983-05-11,,,,0.100625
1983-05-12,,,,0.100625
1983-05-13,,,,0.100625
1983-05-16,,,,0.100625
1983-05-17,,,,0.100625
1983-05-18,,,,0.100625
1983-05-19,,,,0.100625
1983-05-20,,,,0.100625
1983-05-23,,,,0.100625
1983-05-24,,,,0.100625
1983-05-25,,,,0.100625
1983-05-26,,,,0.100625
1983-05-27,,,,0.100625
1983-05-31,,,,0.100625
1983-06-01,,,,0.100625
1983-06-02,,,,0.100625
1983-06-03,,,,0.100625
1983-06-06,,,,0.100625
1983-06-07,,,,0.100625
1983-06-08,,,,0.100625
1983-06-09,,,,0.100625
1983-06-10,,,,0.100625
1983-06-13,,,,0.098125
1983-06-14,,,,0.095625
1983-06-15,,,,0.095625
1983-06-16,,,,0.095625
1983-06-17,,,,0.095625
1983-06-20,,,,0.095625
1983-06-21,,,,0.095625
1983-06-22,,,,0.095625
1983-06-23,,,,0.095625
1983-06-24,,,,0.095625
1983-06-27,,,,0.095625
1983-06-28,,,,0.095625
1983-06-29,,,,0.095625
1983-06-30,,,,0.095625
1983-07-01,,,,0.095625
1983-07-04,,,,0.095625
1983-07-05,,,,0.095625
1983-07-06,,,,0.095625
1983-07-07,,,,0.095625
1983-07-08,,,,0.095625
1983-07-11,,,,0.095625
1983-07-12,,,,0.095625
1983-07-13,,,,0.095625
1983-07-14,,,,0.095625
1983-07-15,,,,0.095625
1983-07-18,,,,0.095625
1983-07-19,,,,0.095625
1983-07-20,,,,0.095625
1983-07-21,,,,0.095625
1983-07-22,,,,0.095625
1983-07-25,,,,0.095625
1983-07-26,,,,0.095625
1983-07-27,,,,0.095625
1983-07-28,,,,0.095625
1983-07-29,,,,0.095625
1983-08-01,,,,0.095625
1983-08-02,,,,0.095625
1983-08-03,,,,0.095625
1983-08-04,,,,0.095625
1983-08-05,,,,0.095625
1983-08-08,,,,0.095625
1983-08-09,,,,0.094375
1983-08-10,,,,0.095625
1983-08-11,,,,0.095625
1983-08-12,,,,0.095625
1983-08-15,,,,0.095625
1983-08-16,,,,0.095625
1983-08-17,,,,0.095625
1983-08-18,,,,0.095625
1983-08-19,,,,0.095625
1983-08-22,,,,0.095625
1983-08-23,,,,0.095625
1983-08-24,,,,0.095625
1983-08-25,,,,0.095625
1983-08-26,,,,0.095625
1983-08-30,,,,0.095625
1983-08-31,,,,0.095625
1983-09-01,,,,0.095625
1983-09-02,,,,0.095625
1983-09-05,,,,0.095625
1983-09-06,,,,0.095625
1983-09-07,,,,0.095625
1983-09-08,,,,0.095625
1983-09-09,,,,0.095625
1983-09-12,,,,0.095625
1983-09-13,,,,0.095625
1983-09-14,,,,0.095625
1983-09-15,,,,0.095625
1983-09-16,,,,0.095625
1983-09-19,,,,0.095625
1983-09-20,,,,0.095625
1983-09-21,,,,0.095625
1983-09-22,,,,0.095625
1983-09-23,,,,0.095625
1983-09-26,,,,0.095625
1983-09-27,,,,0.095625
1983-09-28,,,,0.095625
1983-09-29,,,,0.095625
1983-09-30,,,,0.095625
1983-10-03,,,,0.090625
1983-10-04,,,,0.090625
1983-10-05,,,,0.090625
1983-10-06,,,,0.090625
1983-10-07,,,,0.090625
1983-10-10,,,,0.090625
1983-10-11,,,,0.090625
1983-10-12,,,,0.090625
1983-10-13,,,,0.090625
1983-10-14,,,,0.090625
1983-10-17,,,,0.090625
1983-10-18,,,,0.090625
1983-10-19,,,,0.090625
1983-10-20,,,,0.090625
1983-10-21,,,,0.090625
1983-10-24,,,,0.090625
1983-10-25,,,,0.090625
1983-10-26,,,,0.090625
1983-10-27,,,,0.090625
1983-10-28,,,,0.090625
1983-10-31,,,,0.090625
1983-11-01,,,,0.090625
1983-11-02,,,,0.090625
1983-11-03,,,,0.090625
1983-11-04,,,,0.090625
1983-11-07,,,,0.090625
1983-11-08,,,,0.090625
1983-11-09,,,,0.090625
1983-11-10,,,,0.090625
1983-11-11,,,,0.090625
1983-11-14,,,,0.090625
1983-11-15,,,,0.090625
1983-11-16,,,,0.090625
1983-11-17,,,,0.090625
1983-11-18,,,,0.090625
1983-11-21,,,,0.090625
1983-11-22,,,,0.090625
1983-11-23,,,,0.090625
1983-11-24,,,,0.090625
1983-11-25,,,,0.090625
1983-11-28,,,,0.090625
1983-11-29,,,,0.090625
1983-11-30,,,,0.090625
1983-12-01,,,,0.090625
1983-12-02,,,,0.090625
1983-12-05,,,,0.090625
1983-12-06,,,,0.090625
1983-12-07,,,,0.090625
1983-12-08,,,,0.090625
1983-12-09,,,,0.090625
1983-12-12,,,,0.090625
1983-12-13,,,,0.090625
1983-12-14,,,,0.090625
1983-12-15,,,,0.090625
1983-12-16,,,,0.090625
1983-12-19,,,,0.090625
1983-12-20,,,,0.090625
1983-12-21,,,,0.090625
1983-12-22,,,,0.090625
1983-12-23,,,,0.090625
1983-12-28,,,,0.090625
1983-12-29,,,,0.090625
1983-12-30,,,,0.090625
1984-01-03,,,,0.090625
1984-01-04,,,,0.090625
1984-01-05,,,,0.090625
1984-01-06,,,,0.090625
1984-01-09,,,,0.090625
1984-01-10,,,,0.090625
1984-01-11,,,,0.090625
1984-01-12,,,,0.090625
1984-01-13,,,,0.090625
1984-01-16,,,,0.090625
1984-01-17,,,,0.090625
1984-01-18,,,,0.090625
1984-01-19,,,,0.090625
1984-01-20,,,,0.090625
1984-01-23,,,,0.090625
1984-01-24,,,,0.090625
1984-01-25,,,,0.090625
1984-01-26,,,,0.090625
1984-01-27,,,,0.090625
1984-01-30,,,,0.090625
1984-01-31,,,,0.090625
1984-02-01,,,,0.090625
1984-02-02,,,,0.090625
1984-02-03,,,,0.090625
1984-02-06,,,,0.090625
1984-02-07,,,,0.090625
1984-02-08,,,,0.090625
1984-02-09,,,,0.090625
1984-02-10,,,,0.090625
1984-02-13,,,,0.090625
1984-02-14,,,,0.090625
1984-02-15,,,,0.090625
1984-02-16,,,,0.090625
1984-02-17,,,,0.090625
1984-02-20,,,,0.090625
1984-02-21,,,,0.090625
1984-02-22,,,,0.090625
1984-02-23,,,,0.090625
1984-02-24,,,,0.090625
1984-02-27,,,,0.090625
1984-02-28,,,,0.090625
1984-02-29,,,,0.090625
1984-03-01,,,,0.090625
1984-03-02,,,,0.090625
1984-03-05,,,,0.090625
1984-03-06,,,,0.090625
1984-03-07,,,,0.088125
1984-03-08,,,,0.088125
1984-03-09,,,,0.088125
1984-03-12,,,,0.088125
1984-03-13,,,,0.088125
1984-03-14,,,,0.085625
1984-03-15,,,,0.085625
1984-03-16,,,,0.085625
1984-03-19,,,,0.085625
1984-03-20,,,,0.085625
1984-03-21,,,,0.085625
1984-03-22,,,,0.085625
1984-03-23,,,,0.085625
1984-03-26,,,,0.085625
1984-03-27,,,,0.085625
1984-03-28,,,,0.085625
1984-03-29,,,,0.085625
1984-03-30,,,,0.085625
1984-04-02,,,,0.085625
1984-04-03,,,,0.085625
1984-04-04,,,,0.085625
1984-04-05,,,,0.085625
1984-04-06,,,,0.085625
1984-04-09,,,,0.085625
1984-04-10,,,,0.085625
1984-04-11,,,,0.085625
1984-04-12,,,,0.085625
1984-04-13,,,,0.085625
1984-04-16,,,,0.085625
1984-04-17,,,,0.085625
1984-04-18,,,,0.085625
1984-04-19,,,,0.085625
1984-04-24,,,,0.085625
1984-04-25,,,,0.085625
1984-04-26,,,,0.085625
1984-04-27,,,,0.085625
1984-04-30,,,,0.085625
1984-05-01,,,,0.085625
1984-05-02,,,,0.085625
1984-05-03,,,,0.085625
1984-05-04,,,,0.085625
1984-05-08,,,,0.085625
1984-05-09,,,,0.085625
1984-05-10,,,,0.090625
1984-05-11,,,,0.090625
1984-05-14,,,,0.090625
1984-05-15,,,,0.090625
1984-05-16,,,,0.090625
1984-05-17,,,,0.090625
1984-05-18,,,,0.090625
1984-05-21,,,,0.090625
1984-05-22,,,,0.090625
1984-05-23,,,,0.090625
1984-05-24,,,,0.090625
1984-05-25,,,,0.090625
1984-05-29,,,,0.090625
1984-05-30,,,,0.090625
1984-05-31,,,,0.090625
1984-06-01,,,,0.090625
1984-06-04,,,,0.090625
1984-06-05,,,,0.090625
1984-06-06,,,,0.090625
1984-06-07,,,,0.090625
1984-06-08,,,,0.090625
1984-06-11,,,,0.090625
1984-06-12,,,,0.090625
1984-06-13,,,,0.090625
1984-06-14,,,,0.090625
1984-06-15,,,,0.090625
1984-06-18,,,,0.090625
1984-06-19,,,,0.090625
1984-06-20,,,,0.090625
1984-06-21,,,,0.090625
1984-06-22,,,,0.090625
1984-06-25,,,,0.090625
1984-06-26,,,,0.090625
1984-06-27,,,,0.090625
1984-06-28,,,,0.090625
1984-06-29,,,,0.08875
1984-07-02,,,,0.08875
1984-07-03,,,,0.08875
1984-07-04,,,,0.08875
1984-07-05,,,,0.08875
1984-07-06,,,,0.1
1984-07-09,,,,0.1
1984-07-10,,,,0.1
1984-07-11,,,,0.12
1984-07-12,,,,0.12
1984-07-13,,,,0.12
1984-07-16,,,,0.12
1984-07-17,,,,0.12
1984-07-18,,,,0.12
1984-07-19,,,,0.12
1984-07-20,,,,0.12
1984-07-23,,,,0.12
1984-07-24,,,,0.12
1984-07-25,,,,0.12
1984-07-26,,,,0.12
1984-07-27,,,,0.12
1984-07-30,,,,0.12
1984-07-31,,,,0.12
1984-08-01,,,,0.12
1984-08-02,,,,0.12
1984-08-03,,,,0.12
1984-08-06,,,,0.12
1984-08-07,,,,0.12
1984-08-08,,,,0.115
1984-08-09,,,,0.11
1984-08-10,,,,0.11
1984-08-13,,,,0.11
1984-08-14,,,,0.11
1984-08-15,,,,0.11
1984-08-16,,,,0.1075
1984-08-17,,,,0.105
1984-08-20,,,,0.105
1984-08-21,,,,0.105
1984-08-22,,,,0.105
1984-08-23,,,,0.105
1984-08-24,,,,0.105
1984-08-28,,,,0.105
1984-08-29,,,,0.105
1984-08-30,,,,0.105
1984-08-31,,,,0.105
1984-09-03,,,,0.105
1984-09-04,,,,0.105
1984-09-05,,,,0.105
1984-09-06,,,,0.105
1984-09-07,,,,0.105
1984-09-10,,,,0.105
1984-09-11,,,,0.105
1984-09-12,,,,0.105
1984-09-13,,,,0.105
1984-09-14,,,,0.105
1984-09-17,,,,0.105
1984-09-18,,,,0.105
1984-09-19,,,,0.105
1984-09-20,,,,0.105
1984-09-21,,,,0.105
1984-09-24,,,,0.105
1984-09-25,,,,0.105
1984-09-26,,,,0.105
1984-09-27,,,,0.105
1984-09-28,,,,0.105
1984-10-01,,,,0.105
1984-10-02,,,,0.105
1984-10-03,,,,0.105
1984-10-04,,,,0.105
1984-10-05,,,,0.105
1984-10-08,,,,0.105
1984-10-09,,,,0.105
1984-10-10,,,,0.105
1984-10-11,,,,0.105
1984-10-12,,,,0.105
1984-10-15,,,,0.105
1984-10-16,,,,0.105
1984-10-17,,,,0.105
1984-10-18,,,,0.105
1984-10-19,,,,0.105
1984-10-22,,,,0.105
1984-10-23,,,,0.105
1984-10-24,,,,0.105
1984-10-25,,,,0.105
1984-10-26,,,,0.105
1984-10-29,,,,0.105
1984-10-30,,,,0.105
1984-10-31,,,,0.105
1984-11-01,,,,0.105
1984-11-02,,,,0.105
1984-11-05,,,,0.1
1984-11-06,,,,0.1
1984-11-07,,,,0.1
1984-11-08,,,,0.1
1984-11-09,,,,0.1
1984-11-12,,,,0.1
1984-11-13,,,,0.1
1984-11-14,,,,0.1
1984-11-15,,,,0.1
1984-11-16,,,,0.1
1984-11-19,,,,0.0975
1984-11-20,,,,0.0975
1984-11-21,,,,0.0975
1984-11-22,,,,0.0975
1984-11-23,,,,0.095
1984-11-26,,,,0.095
1984-11-27,,,,0.095
1984-11-28,,,,0.095
1984-11-29,,,,0.095
1984-11-30,,,,0.095
1984-12-03,,,,0.095
1984-12-04,,,,0.095
1984-12-05,,,,0.095
1984-12-06,,,,0.095
1984-12-07,,,,0.095
1984-12-10,,,,0.095
1984-12-11,,,,0.095
1984-12-12,,,,0.095
1984-12-13,,,,0.095
1984-12-14,,,,0.095
1984-12-17,,,,0.095
1984-12-18,,,,0.095
1984-12-19,,,,0.095
1984-12-20,,,,0.095
1984-12-21,,,,0.095
1984-12-24,,,,0.095
1984-12-27,,,,0.095
1984-12-28,,,,0.095
1984-12-31,,,,0.095
1985-01-02,,,,0.095
1985-01-03,,,,0.095
1985-01-04,,,,0.095
1985-01-07,,,,0.095
1985-01-08,,,,0.095
1985-01-09,,,,0.095
1985-01-10,,,,0.095
1985-01-11,,,,0.095
1985-01-14,,,,0.11875
1985-01-15,,,,0.11875
1985-01-16,,,,0.11875
1985-01-17,,,,0.11875
1985-01-18,,,,0.11875
1985-01-21,,,,0.11875
1985-01-22,,,,0.11875
1985-01-23,,,,0.11875
1985-01-24,,,,0.11875
1985-01-25,,,,0.11875
1985-01-28,,,,0.13875
1985-01-29,,,,0.13875
1985-01-30,,,,0.13875
1985-01-31,,,,0.13875
1985-02-01,,,,0.13875
1985-02-04,,,,0.13875
1985-02-05,,,,0.13875
1985-02-06,,,,0.13875
1985-02-07,,,,0.13875
1985-02-08,,,,0.13875
1985-02-11,,,,0.13875
1985-02-12,,,,0.13875
1985-02-13,,,,0.13875
1985-02-14,,,,0.13875
1985-02-15,,,,0.13875
1985-02-18,,,,0.13875
1985-02-19,,,,0.13875
1985-02-20,,,,0.13875
1985-02-21,,,,0.13875
1985-02-22,,,,0.13875
1985-02-25,,,,0.13875
1985-02-26,,,,0.13875
1985-02-27,,,,0.13875
1985-02-28,,,,0.13875
1985-03-01,,,,0.13875
1985-03-04,,,,0.13875
1985-03-05,,,,0.13875
1985-03-06,,,,0.13875
1985-03-07,,,,0.13875
1985-03-08,,,,0.13875
1985-03-11,,,,0.13875
1985-03-12,,,,0.13875
1985-03-13,,,,0.13875
1985-03-14,,,,0.13875
1985-03-15,,,,0.13875
1985-03-18,,,,0.13875
1985-03-19,,,,0.13875
1985-03-20,,,,0.13375
1985-03-21,,,,0.13375
1985-03-22,,,,0.13375
1985-03-25,,,,0.13375
1985-03-26,,,,0.13375
1985-03-27,,,,0.13375
1985-03-28,,,,0.12875
1985-03-29,,,,0.12875
1985-04-01,,,,0.12875
1985-04-02,,,,0.12875
1985-04-03,,,,0.12875
1985-04-04,,,,0.12875
1985-04-09,,,,0.12875
1985-04-10,,,,0.12875
1985-04-11,,,,0.12875
1985-04-12,,,,0.12875
1985-04-15,,,,0.12875
1985-04-16,,,,0.12875
1985-04-17,,,,0.12875
1985-04-18,,,,0.12875
1985-04-19,,,,0.12375
1985-04-22,,,,0.12375
1985-04-23,,,,0.12375
1985-04-24,,,,0.12375
1985-04-25,,,,0.12375
1985-04-26,,,,0.12375
1985-04-29,,,,0.12375
1985-04-30,,,,0.12375
1985-05-01,,,,0.12375
1985-05-02,,,,0.12375
1985-05-03,,,,0.12375
1985-05-07,,,,0.12375
1985-05-08,,,,0.12375
1985-05-09,,,,0.12375
1985-05-10,,,,0.12375
1985-05-13,,,,0.12375
1985-05-14,,,,0.12375
1985-05-15,,,,0.12375
1985-05-16,,,,0.12375
1985-05-17,,,,0.12375
1985-05-20,,,,0.12375
1985-05-21,,,,0.12375
1985-05-22,,,,0.12375
1985-05-23,,,,0.12375
1985-05-24,,,,0.12375
1985-05-28,,,,0.12375
1985-05-29,,,,0.12375
1985-05-30,,,,0.12375
1985-05-31,,,,0.12375
1985-06-03,,,,0.12375
1985-06-04,,,,0.12375
1985-06-05,,,,0.12375
1985-06-06,,,,0.12375
1985-06-07,,,,0.12375
1985-06-10,,,,0.12375
1985-06-11,,,,0.12375
1985-06-12,,,,0.12375
1985-06-13,,,,0.12375
1985-06-14,,,,0.12375
1985-06-17,,,,0.12375
1985-06-18,,,,0.12375
1985-06-19,,,,0.12375
1985-06-20,,,,0.12375
1985-06-21,,,,0.12375
1985-06-24,,,,0.12375
1985-06-25,,,,0.12375
1985-06-26,,,,0.12375
1985-06-27,,,,0.12375
1985-06-28,,,,0.12375
1985-07-01,,,,0.12375
1985-07-02,,,,0.12375
1985-07-03,,,,0.12375
1985-07-04,,,,0.12375
1985-07-05,,,,0.12375
1985-07-08,,,,0.12375
1985-07-09,,,,0.12375
1985-07-10,,,,0.12375
1985-07-11,,,,0.11875
1985-07-12,,,,0.11875
1985-07-15,,,,0.11875
1985-07-16,,,,0.11875
1985-07-17,,,,0.11875
1985-07-18,,,,0.11875
1985-07-19,,,,0.11875
1985-07-22,,,,0.11875
1985-07-23,,,,0.11875
1985-07-24,,,,0.11875
1985-07-25,,,,0.11875
1985-07-26,,,,0.11375
1985-07-29,,,,0.11375
1985-07-30,,,,0.11375
1985-07-31,,,,0.11375
1985-08-01,,,,0.11375
1985-08-02,,,,0.11375
1985-08-05,,,,0.11375
1985-08-06,,,,0.11375
1985-08-07,,,,0.11375
1985-08-08,,,,0.11375
1985-08-09,,,,0.11375
1985-08-12,,,,0.11375
1985-08-13,,,,0.11375
1985-08-14,,,,0.11375
1985-08-15,,,,0.11375
1985-08-16,,,,0.11375
1985-08-19,,,,0.11375
1985-08-20,,,,0.11375
1985-08-21,,,,0.11375
1985-08-22,,,,0.11375
1985-08-23,,,,0.11375
1985-08-27,,,,0.11375
1985-08-28,,,,0.11375
1985-08-29,,,,0.11375
1985-08-30,,,,0.11375
1985-09-02,,,,0.11375
1985-09-03,,,,0.11375
1985-09-04,,,,0.11375
1985-09-05,,,,0.11375
1985-09-06,,,,0.11375
1985-09-09,,,,0.11375
1985-09-10,,,,0.11375
1985-09-11,,,,0.11375
1985-09-12,,,,0.11375
1985-09-13,,,,0.11375
1985-09-16,,,,0.11375
1985-09-17,,,,0.11375
1985-09-18,,,,0.11375
1985-09-19,,,,0.11375
1985-09-20,,,,0.11375
1985-09-23,,,,0.11375
1985-09-24,,,,0.11375
1985-09-25,,,,0.11375
1985-09-26,,,,0.11375
1985-09-27,,,,0.11375
1985-09-30,,,,0.11375
1985-10-01,,,,0.11375
1985-10-02,,,,0.11375
1985-10-03,,,,0.11375
1985-10-04,,,,0.11375
1985-10-07,,,,0.11375
1985-10-08,,,,0.11375
1985-10-09,,,,0.11375
1985-10-10,,,,0.11375
1985-10-11,,,,0.11375
1985-10-14,,,,0.11375
1985-10-15,,,,0.11375
1985-10-16,,,,0.11375
1985-10-17,,,,0.11375
1985-10-18,,,,0.11375
1985-10-21,,,,0.11375
1985-10-22,,,,0.11375
1985-10-23,,,,0.11375
1985-10-24,,,,0.11375
1985-10-25,,,,0.11375
1985-10-28,,,,0.11375
1985-10-29,,,,0.11375
1985-10-30,,,,0.11375
1985-10-31,,,,0.11375
1985-11-01,,,,0.11375
1985-11-04,,,,0.11375
1985-11-05,,,,0.11375
1985-11-06,,,,0.11375
1985-11-07,,,,0.11375
1985-11-08,,,,0.11375
1985-11-11,,,,0.11375
1985-11-12,,,,0.11375
1985-11-13,,,,0.11375
1985-11-14,,,,0.11375
1985-11-15,,,,0.11375
1985-11-18,,,,0.11375
1985-11-19,,,,0.11375
1985-11-20,,,,0.11375
1985-11-21,,,,0.11375
1985-11-22,,,,0.11375
1985-11-25,,,,0.11375
1985-11-26,,,,0.11375
1985-11-27,,,,0.11375
1985-11-28,,,,0.11375
1985-11-29,,,,0.11375
1985-12-02,,,,0.11375
1985-12-03,,,,0.11375
1985-12-04,,,,0.11375
1985-12-05,,,,0.11375
1985-12-06,,,,0.11375
1985-12-09,,,,0.11375
1985-12-10,,,,0.11375
1985-12-11,,,,0.11375
1985-12-12,,,,0.11375
1985-12-13,,,,0.11375
1985-12-16,,,,0.11375
1985-12-17,,,,0.11375
1985-12-18,,,,0.11375
1985-12-19,,,,0.11375
1985-12-20,,,,0.11375
1985-12-23,,,,0.11375
1985-12-24,,,,0.11375
1985-12-27,,,,0.11375
1985-12-30,,,,0.11375
1985-12-31,,,,0.11375
1986-01-02,,,,0.11375
1986-01-03,,,,0.11375
1986-01-06,,,,0.11375
1986-01-07,,,,0.11375
1986-01-08,,,,0.11375
1986-01-09,,,,0.11375
1986-01-10,,,,0.11375
1986-01-13,,,,0.11375
1986-01-14,,,,0.11375
1986-01-15,,,,0.12375
1986-01-16,,,,0.12375
1986-01-17,,,,0.12375
1986-01-20,,,,0.12375
1986-01-21,,,,0.12375
1986-01-22,,,,0.12375
1986-01-23,,,,0.12375
1986-01-24,,,,0.12375
1986-01-27,,,,0.12375
1986-01-28,,,,0.12375
1986-01-29,,,,0.12375
1986-01-30,,,,0.12375
1986-01-31,,,,0.12375
1986-02-03,,,,0.12375
1986-02-04,,,,0.12375
1986-02-05,,,,0.12375
1986-02-06,,,,0.12375
1986-02-07,,,,0.12375
1986-02-10,,,,0.12375
1986-02-11,,,,0.12375
1986-02-12,,,,0.12375
1986-02-13,,,,0.12375
1986-02-14,,,,0.12375
1986-02-17,,,,0.12375
1986-02-18,,,,0.12375
1986-02-19,,,,0.12375
1986-02-20,,,,0.12375
1986-02-21,,,,0.12375
1986-02-24,,,,0.12375
1986-02-25,,,,0.12375
1986-02-26,,,,0.12375
1986-02-27,,,,0.12375
1986-02-28,,,,0.12375
1986-03-03,,,,0.12375
1986-03-04,,,,0.12375
1986-03-05,,,,0.12375
1986-03-06,,,,0.12375
1986-03-07,,,,0.12375
1986-03-10,,,,0.12375
1986-03-11,,,,0.12375
1986-03-12,,,,0.12375
1986-03-13,,,,0.12375
1986-03-14,,,,0.12375
1986-03-17,,,,0.12375
1986-03-18,,,,0.12375
1986-03-19,,,,0.11375
1986-03-20,,,,0.11375
1986-03-21,,,,0.11375
1986-03-24,,,,0.11375
1986-03-25,,,,0.11375
1986-03-26,,,,0.11375
1986-03-27,,,,0.11375
1986-04-01,,,,0.11375
1986-04-02,,,,0.11375
1986-04-03,,,,0.11375
1986-04-04,,,,0.11375
1986-04-07,,,,0.11375
1986-04-08,,,,0.11375
1986-04-09,,,,0.11375
1986-04-10,,,,0.11375
1986-04-11,,,,0.10875
1986-04-14,,,,0.10875
1986-04-15,,,,0.10875
1986-04-16,,,,0.10875
1986-04-17,,,,0.10875
1986-04-18,,,,0.10375
1986-04-21,,,,0.10375
1986-04-22,,,,0.10375
1986-04-23,,,,0.10375
1986-04-24,,,,0.10375
1986-04-25,,,,0.10375
1986-04-28,,,,0.10375
1986-04-29,,,,0.10375
1986-04-30,,,,0.10375
1986-05-01,,,,0.10375
1986-05-02,,,,0.10375
1986-05-06,,,,0.10375
1986-05-07,,,,0.10375
1986-05-08,,,,0.10375
1986-05-09,,,,0.10375
1986-05-12,,,,0.10375
1986-05-13,,,,0.10375
1986-05-14,,,,0.10375
1986-05-15,,,,0.10375
1986-05-16,,,,0.10375
1986-05-19,,,,0.10375
1986-05-20,,,,0.10375
1986-05-21,,,,0.10375
1986-05-22,,,,0.10375
1986-05-23,,,,0.09875
1986-05-27,,,,0.09875
1986-05-28,,,,0.09875
1986-05-29,,,,0.09875
1986-05-30,,,,0.09875
1986-06-02,,,,0.09875
1986-06-03,,,,0.09875
1986-06-04,,,,0.09875
1986-06-05,,,,0.09875
1986-06-06,,,,0.09875
1986-06-09,,,,0.09875
1986-06-10,,,,0.09875
1986-06-11,,,,0.09875
1986-06-12,,,,0.09875
1986-06-13,,,,0.09875
1986-06-16,,,,0.09875
1986-06-17,,,,0.09875
1986-06-18,,,,0.09875
1986-06-19,,,,0.09875
1986-06-20,,,,0.09875
1986-06-23,,,,0.09875
1986-06-24,,,,0.09875
1986-06-25,,,,0.09875
1986-06-26,,,,0.09875
1986-06-27,,,,0.09875
1986-06-30,,,,0.09875
1986-07-01,,,,0.09875
1986-07-02,,,,0.09875
1986-07-03,,,,0.09875
1986-07-04,,,,0.09875
1986-07-07,,,,0.09875
1986-07-08,,,,0.09875
1986-07-09,,,,0.09875
1986-07-10,,,,0.09875
1986-07-11,,,,0.09875
1986-07-14,,,,0.09875
1986-07-15,,,,0.09875
1986-07-16,,,,0.09875
1986-07-17,,,,0.09875
1986-07-18,,,,0.09875
1986-07-21,,,,0.09875
1986-07-22,,,,0.09875
1986-07-23,,,,0.09875
1986-07-24,,,,0.09875
1986-07-25,,,,0.09875
1986-07-28,,,,0.09875
1986-07-29,,,,0.09875
1986-07-30,,,,0.09875
1986-07-31,,,,0.09875
1986-08-01,,,,0.09875
1986-08-04,,,,0.09875
1986-08-05,,,,0.09875
1986-08-06,,,,0.09875
1986-08-07,,,,0.09875
1986-08-08,,,,0.09875
1986-08-11,,,,0.09875
1986-08-12,,,,0.09875
1986-08-13,,,,0.09875
1986-08-14,,,,0.09875
1986-08-15,,,,0.09875
1986-08-18,,,,0.09875
1986-08-19,,,,0.09875
1986-08-20,,,,0.09875
1986-08-21,,,,0.09875
1986-08-22,,,,0.09875
1986-08-26,,,,0.09875
1986-08-27,,,,0.09875
1986-08-28,,,,0.09875
1986-08-29,,,,0.09875
1986-09-01,,,,0.09875
1986-09-02,,,,0.09875
1986-09-03,,,,0.09875
1986-09-04,,,,0.09875
1986-09-05,,,,0.09875
1986-09-08,,,,0.09875
1986-09-09,,,,0.09875
1986-09-10,,,,0.09875
1986-09-11,,,,0.09875
1986-09-12,,,,0.09875
1986-09-15,,,,0.09875
1986-09-16,,,,0.09875
1986-09-17,,,,0.09875
1986-09-18,,,,0.09875
1986-09-19,,,,0.09875
1986-09-22,,,,0.09875
1986-09-23,,,,0.09875
1986-09-24,,,,0.09875
1986-09-25,,,,0.09875
1986-09-26,,,,0.09875
1986-09-29,,,,0.09875
1986-09-30,,,,0.09875
1986-10-01,,,,0.09875
1986-10-02,,,,0.09875
1986-10-03,,,,0.09875
1986-10-06,,,,0.09875
1986-10-07,,,,0.09875
1986-10-08,,,,0.09875
1986-10-09,,,,0.09875
1986-10-10,,,,0.09875
1986-10-13,,,,0.09875
1986-10-14,,,,0.09875
1986-10-15,,,,0.10875
1986-10-16,,,,0.10875
1986-10-17,,,,0.10875
1986-10-20,,,,0.10875
1986-10-21,,,,0.10875
1986-10-22,,,,0.10875
1986-10-23,,,,0.10875
1986-10-24,,,,0.10875
1986-10-27,,,,0.10875
1986-10-28,,,,0.10875
1986-10-29,,,,0.10875
1986-10-30,,,,0.10875
1986-10-31,,,,0.10875
1986-11-03,,,,0.10875
1986-11-04,,,,0.10875
1986-11-05,,,,0.10875
1986-11-06,,,,0.10875
1986-11-07,,,,0.10875
1986-11-10,,,,0.10875
1986-11-11,,,,0.10875
1986-11-12,,,,0.10875
1986-11-13,,,,0.10875
1986-11-14,,,,0.10875
1986-11-17,,,,0.10875
1986-11-18,,,,0.10875
1986-11-19,,,,0.10875
1986-11-20,,,,0.10875
1986-11-21,,,,0.10875
1986-11-24,,,,0.10875
1986-11-25,,,,0.10875
1986-11-26,,,,0.10875
1986-11-27,,,,0.10875
1986-11-28,,,,0.10875
1986-12-01,,,,0.10875
1986-12-02,,,,0.10875
1986-12-03,,,,0.10875
1986-12-04,,,,0.10875
1986-12-05,,,,0.10875
1986-12-08,,,,0.10875
1986-12-09,,,,0.10875
1986-12-10,,,,0.10875
1986-12-11,,,,0.10875
1986-12-12,,,,0.10875
1986-12-15,,,,0.10875
1986-12-16,,,,0.10875
1986-12-17,,,,0.10875
1986-12-18,,,,0.10875
1986-12-19,,,,0.10875
1986-12-22,,,,0.10875
1986-12-23,,,,0.10875
1986-12-24,,,,0.10875
1986-12-29,,,,0.10875
1986-12-30,,,,0.10875
1986-12-31,,,,0.10875
1987-01-02,,,,0.10875
1987-01-05,,,,0.10875
1987-01-06,,,,0.10875
1987-01-07,,,,0.10875
1987-01-08,,,,0.10875
1987-01-09,,,,0.10875
1987-01-12,,,,0.10875
1987-01-13,,,,0.10875
1987-01-14,,,,0.10875
1987-01-15,,,,0.10875
1987-01-16,,,,0.10875
1987-01-19,,,,0.10875
1987-01-20,,,,0.10875
1987-01-21,,,,0.10875
1987-01-22,,,,0.10875
1987-01-23,,,,0.10875
1987-01-26,,,,0.10875
1987-01-27,,,,0.10875
1987-01-28,,,,0.10875
1987-01-29,,,,0.10875
1987-01-30,,,,0.10875
1987-02-02,,,,0.10875
1987-02-03,,,,0.10875
1987-02-04,,,,0.10875
1987-02-05,,,,0.10875
1987-02-06,,,,0.10875
1987-02-09,,,,0.10875
1987-02-10,,,,0.10875
1987-02-11,,,,0.10875
1987-02-12,,,,0.10875
1987-02-13,,,,0.10875
1987-02-16,,,,0.10875
1987-02-17,,,,0.10875
1987-02-18,,,,0.10875
1987-02-19,,,,0.10875
1987-02-20,,,,0.10875
1987-02-23,,,,0.10875
1987-02-24,,,,0.10875
1987-02-25,,,,0.10875
1987-02-26,,,,0.10875
1987-02-27,,,,0.10875
1987-03-02,,,,0.10875
1987-03-03,,,,0.10875
1987-03-04,,,,0.10875
1987-03-05,,,,0.10875
1987-03-06,,,,0.10875
1987-03-09,,,,0.10375
1987-03-10,,,,0.10375
1987-03-11,,,,0.10375
1987-03-12,,,,0.10375
1987-03-13,,,,0.10375
1987-03-16,,,,0.10375
1987-03-17,,,,0.10375
1987-03-18,,,,0.09875
1987-03-19,,,,0.09875
1987-03-20,,,,0.09875
1987-03-23,,,,0.09875
1987-03-24,,,,0.09875
1987-03-25,,,,0.09875
1987-03-26,,,,0.09875
1987-03-27,,,,0.09875
1987-03-30,,,,0.09875
1987-03-31,,,,0.09875
1987-04-01,,,,0.09875
1987-04-02,,,,0.09875
1987-04-03,,,,0.09875
1987-04-06,,,,0.09875
1987-04-07,,,,0.09875
1987-04-08,,,,0.09875
1987-04-09,,,,0.09875
1987-04-10,,,,0.09875
1987-04-13,,,,0.09875
1987-04-14,,,,0.09875
1987-04-15,,,,0.09875
1987-04-16,,,,0.09875
1987-04-21,,,,0.09875
1987-04-22,,,,0.09875
1987-04-23,,,,0.09875
1987-04-24,,,,0.09875
1987-04-27,,,,0.09875
1987-04-28,,,,0.09375
1987-04-29,,,,0.09375
1987-04-30,,,,0.09375
1987-05-01,,,,0.09375
1987-05-05,,,,0.09375
1987-05-06,,,,0.09375
1987-05-07,,,,0.09375
1987-05-08,,,,0.08875
1987-05-11,,,,0.08875
1987-05-12,,,,0.08875
1987-05-13,,,,0.08875
1987-05-14,,,,0.08875
1987-05-15,,,,0.08875
1987-05-18,,,,0.08875
1987-05-19,,,,0.08875
1987-05-20,,,,0.08875
1987-05-21,,,,0.08875
1987-05-22,,,,0.08875
1987-05-26,,,,0.08875
1987-05-27,,,,0.08875
1987-05-28,,,,0.08875
1987-05-29,,,,0.08875
1987-06-01,,,,0.08875
1987-06-02,,,,0.08875
1987-06-03,,,,0.08875
1987-06-04,,,,0.08875
1987-06-05,,,,0.08875
1987-06-08,,,,0.08875
1987-06-09,,,,0.08875
1987-06-10,,,,0.08875
1987-06-11,,,,0.08875
1987-06-12,,,,0.08875
1987-06-15,,,,0.08875
1987-06-16,,,,0.08875
1987-06-17,,,,0.08875
1987-06-18,,,,0.08875
1987-06-19,,,,0.08875
1987-06-22,,,,0.08875
1987-06-23,,,,0.08875
1987-06-24,,,,0.08875
1987-06-25,,,,0.08875
1987-06-26,,,,0.08875
1987-06-29,,,,0.08875
1987-06-30,,,,0.08875
1987-07-01,,,,0.08875
1987-07-02,,,,0.08875
1987-07-03,,,,0.08875
1987-07-06,,,,0.08875
1987-07-07,,,,0.08875
1987-07-08,,,,0.08875
1987-07-09,,,,0.08875
1987-07-10,,,,0.08875
1987-07-13,,,,0.08875
1987-07-14,,,,0.08875
1987-07-15,,,,0.08875
1987-07-16,,,,0.08875
1987-07-17,,,,0.08875
1987-07-20,,,,0.08875
1987-07-21,,,,0.08875
1987-07-22,,,,0.08875
1987-07-23,,,,0.08875
1987-07-24,,,,0.08875
1987-07-27,,,,0.08875
1987-07-28,,,,0.08875
1987-07-29,,,,0.08875
1987-07-30,,,,0.08875
1987-07-31,,,,0.08875
1987-08-03,,,,0.08875
1987-08-04,,,,0.08875
1987-08-05,,,,0.08875
1987-08-06,,,,0.09875
1987-08-07,,,,0.09875
1987-08-10,,,,0.09875
1987-08-11,,,,0.09875
1987-08-12,,,,0.09875
1987-08-13,,,,0.09875
1987-08-14,,,,0.09875
1987-08-17,,,,0.09875
1987-08-18,,,,0.09875
1987-08-19,,,,0.09875
1987-08-20,,,,0.09875
1987-08-21,,,,0.09875
1987-08-24,,,,0.09875
1987-08-25,,,,0.09875
1987-08-26,,,,0.09875
1987-08-27,,,,0.09875
1987-08-28,,,,0.09875
1987-09-01,,,,0.09875
1987-09-02,,,,0.09875
1987-09-03,,,,0.09875
1987-09-04,,,,0.09875
1987-09-07,,,,0.09875
1987-09-08,,,,0.09875
1987-09-09,,,,0.09875
1987-09-10,,,,0.09875
1987-09-11,,,,0.09875
1987-09-14,,,,0.09875
1987-09-15,,,,0.09875
1987-09-16,,,,0.09875
1987-09-17,,,,0.09875
1987-09-18,,,,0.09875
1987-09-21,,,,0.09875
1987-09-22,,,,0.09875
1987-09-23,,,,0.09875
1987-09-24,,,,0.09875
1987-09-25,,,,0.09875
1987-09-28,,,,0.09875
1987-09-29,,,,0.09875
1987-09-30,,,,0.09875
1987-10-01,,,,0.09875
1987-10-02,,,,0.09875
1987-10-05,,,,0.09875
1987-10-06,,,,0.09875
1987-10-07,,,,0.09875
1987-10-08,,,,0.09875
1987-10-09,,,,0.09875
1987-10-12,,,,0.09875
1987-10-13,,,,0.09875
1987-10-14,,,,0.09875
1987-10-15,,,,0.09875
1987-10-16,,,,0.09875
1987-10-19,,,,0.09875
1987-10-20,,,,0.09875
1987-10-21,,,,0.09875
1987-10-22,,,,0.09875
1987-10-23,,,,0.09375
1987-10-26,,,,0.09375
1987-10-27,,,,0.09375
1987-10-28,,,,0.09375
1987-10-29,,,,0.09375
1987-10-30,,,,0.09375
1987-11-02,,,,0.09375
1987-11-03,,,,0.09375
1987-11-04,,,,0.08875
1987-11-05,,,,0.08875
1987-11-06,,,,0.08875
1987-11-09,,,,0.08875
1987-11-10,,,,0.08875
1987-11-11,,,,0.08875
1987-11-12,,,,0.08875
1987-11-13,,,,0.08875
1987-11-16,,,,0.08875
1987-11-17,,,,0.08875
1987-11-18,,,,0.08875
1987-11-19,,,,0.08875
1987-11-20,,,,0.08875
1987-11-23,,,,0.08875
1987-11-24,,,,0.08875
1987-11-25,,,,0.08875
1987-11-26,,,,0.08875
1987-11-27,,,,0.08875
1987-11-30,,,,0.08875
1987-12-01,,,,0.08875
1987-12-02,,,,0.08875
1987-12-03,,,,0.08375
1987-12-04,,,,0.08375
1987-12-07,,,,0.08375
1987-12-08,,,,0.08375
1987-12-09,,,,0.08375
1987-12-10,,,,0.08375
1987-12-11,,,,0.08375
1987-12-14,,,,0.08375
1987-12-15,,,,0.08375
1987-12-16,,,,0.08375
1987-12-17,,,,0.08375
1987-12-18,,,,0.08375
1987-12-21,,,,0.08375
1987-12-22,,,,0.08375
1987-12-23,,,,0.08375
1987-12-24,,,,0.08375
1987-12-29,,,,0.08375
1987-12-30,,,,0.08375
1987-12-31,,,,0.08375
1988-01-04,,,,0.08375
1988-01-05,,,,0.08375
1988-01-06,,,,0.08375
1988-01-07,,,,0.08375
1988-01-08,,,,0.08375
1988-01-11,,,,0.08375
1988-01-12,,,,0.08375
1988-01-13,,,,0.08375
1988-01-14,,,,0.08375
1988-01-15,,,,0.08375
1988-01-18,,,,0.08375
1988-01-19,,,,0.08375
1988-01-20,,,,0.08375
1988-01-21,,,,0.08375
1988-01-22,,,,0.08375
1988-01-25,,,,0.08375
1988-01-26,,,,0.08375
1988-01-27,,,,0.08375
1988-01-28,,,,0.08375
1988-01-29,,,,0.08375
1988-02-01,,,,0.08875
1988-02-02,,,,0.08875
1988-02-03,,,,0.08875
1988-02-04,,,,0.08875
1988-02-05,,,,0.08875
1988-02-08,,,,0.08875
1988-02-09,,,,0.08875
1988-02-10,,,,0.08875
1988-02-11,,,,0.08875
1988-02-12,,,,0.08875
1988-02-15,,,,0.08875
1988-02-16,,,,0.08875
1988-02-17,,,,0.08875
1988-02-18,,,,0.08875
1988-02-19,,,,0.08875
1988-02-22,,,,0.08875
1988-02-23,,,,0.08875
1988-02-24,,,,0.08875
1988-02-25,,,,0.08875
1988-02-26,,,,0.08875
1988-02-29,,,,0.08875
1988-03-01,,,,0.08875
1988-03-02,,,,0.08875
1988-03-03,,,,0.08875
1988-03-04,,,,0.08875
1988-03-07,,,,0.08875
1988-03-08,,,,0.08875
1988-03-09,,,,0.08875
1988-03-10,,,,0.08875
1988-03-11,,,,0.08875
1988-03-14,,,,0.08875
1988-03-15,,,,0.08875
1988-03-16,,,,0.08875
1988-03-17,,,,0.08375
1988-03-18,,,,0.08375
1988-03-21,,,,0.08375
1988-03-22,,,,0.08375
1988-03-23,,,,0.08375
1988-03-24,,,,0.08375
1988-03-25,,,,0.08375
1988-03-28,,,,0.08375
1988-03-29,,,,0.08375
1988-03-30,,,,0.08375
1988-03-31,,,,0.08375
1988-04-05,,,,0.08375
1988-04-06,,,,0.08375
1988-04-07,,,,0.08375
1988-04-08,,,,0.07875
1988-04-11,,,,0.07875
1988-04-12,,,,0.07875
1988-04-13,,,,0.07875
1988-04-14,,,,0.07875
1988-04-15,,,,0.07875
1988-04-18,,,,0.07875
1988-04-19,,,,0.07875
1988-04-20,,,,0.07875
1988-04-21,,,,0.07875
1988-04-22,,,,0.07875
1988-04-25,,,,0.07875
1988-04-26,,,,0.07875
1988-04-27,,,,0.07875
1988-04-28,,,,0.07875
1988-04-29,,,,0.07875
1988-05-03,,,,0.07875
1988-05-04,,,,0.07875
1988-05-05,,,,0.07875
1988-05-06,,,,0.07875
1988-05-09,,,,0.07875
1988-05-10,,,,0.07875
1988-05-11,,,,0.07875
1988-05-12,,,,0.07875
1988-05-13,,,,0.07875
1988-05-16,,,,0.07875
1988-05-17,,,,0.07375
1988-05-18,,,,0.07375
1988-05-19,,,,0.07375
1988-05-20,,,,0.07375
1988-05-23,,,,0.07375
1988-05-24,,,,0.07375
1988-05-25,,,,0.07375
1988-05-26,,,,0.07375
1988-05-27,,,,0.07375
1988-05-31,,,,0.07375
1988-06-01,,,,0.07375
1988-06-02,,,,0.07375
1988-06-03,,,,0.07875
1988-06-06,,,,0.07875
1988-06-07,,,,0.07875
1988-06-08,,,,0.07875
1988-06-09,,,,0.07875
1988-06-10,,,,0.08375
1988-06-13,,,,0.08375
1988-06-14,,,,0.08375
1988-06-15,,,,0.08375
1988-06-16,,,,0.08375
1988-06-17,,,,0.08375
1988-06-20,,,,0.08375
1988-06-21,,,,0.08375
1988-06-22,,,,0.08375
1988-06-23,,,,0.08375
1988-06-24,,,,0.08875
1988-06-27,,,,0.08875
1988-06-28,,,,0.08875
1988-06-29,,,,0.08875
1988-06-30,,,,0.08875
1988-07-01,,,,0.08875
1988-07-04,,,,0.08875
1988-07-05,,,,0.08875
1988-07-06,,,,0.08875
1988-07-07,,,,0.09875
1988-07-08,,,,0.09875
1988-07-11,,,,0.09875
1988-07-12,,,,0.09875
1988-07-13,,,,0.09875
1988-07-14,,,,0.09875
1988-07-15,,,,0.09875
1988-07-18,,,,0.09875
1988-07-19,,,,0.09875
1988-07-20,,,,0.09875
1988-07-21,,,,0.10375
1988-07-22,,,,0.10375
1988-07-25,,,,0.10375
1988-07-26,,,,0.10375
1988-07-27,,,,0.10375
1988-07-28,,,,0.10375
1988-07-29,,,,0.10375
1988-08-01,,,,0.10375
1988-08-02,,,,0.10375
1988-08-03,,,,0.10375
1988-08-04,,,,0.10375
1988-08-05,,,,0.10375
1988-08-08,,,,0.10875
1988-08-09,,,,0.10875
1988-08-10,,,,0.10875
1988-08-11,,,,0.10875
1988-08-12,,,,0.10875
1988-08-15,,,,0.10875
1988-08-16,,,,0.10875
1988-08-17,,,,0.10875
1988-08-18,,,,0.10875
1988-08-19,,,,0.10875
1988-08-22,,,,0.10875
1988-08-23,,,,0.10875
1988-08-24,,,,0.10875
1988-08-25,,,,0.11875
1988-08-26,,,,0.11875
1988-08-30,,,,0.11875
1988-08-31,,,,0.11875
1988-09-01,,,,0.11875
1988-09-02,,,,0.11875
1988-09-05,,,,0.11875
1988-09-06,,,,0.11875
1988-09-07,,,,0.11875
1988-09-08,,,,0.11875
1988-09-09,,,,0.11875
1988-09-12,,,,0.11875
1988-09-13,,,,0.11875
1988-09-14,,,,0.11875
1988-09-15,,,,0.11875
1988-09-16,,,,0.11875
1988-09-19,,,,0.11875
1988-09-20,,,,0.11875
1988-09-21,,,,0.11875
1988-09-22,,,,0.11875
1988-09-23,,,,0.11875
1988-09-26,,,,0.11875
1988-09-27,,,,0.11875
1988-09-28,,,,0.11875
1988-09-29,,,,0.11875
1988-09-30,,,,0.11875
1988-10-03,,,,0.11875
1988-10-04,,,,0.11875
1988-10-05,,,,0.11875
1988-10-06,,,,0.11875
1988-10-07,,,,0.11875
1988-10-10,,,,0.11875
1988-10-11,,,,0.11875
1988-10-12,,,,0.11875
1988-10-13,,,,0.11875
1988-10-14,,,,0.11875
1988-10-17,,,,0.11875
1988-10-18,,,,0.11875
1988-10-19,,,,0.11875
1988-10-20,,,,0.11875
1988-10-21,,,,0.11875
1988-10-24,,,,0.11875
1988-10-25,,,,0.11875
1988-10-26,,,,0.11875
1988-10-27,,,,0.11875
1988-10-28,,,,0.11875
1988-10-31,,,,0.11875
1988-11-01,,,,0.11875
1988-11-02,,,,0.11875
1988-11-03,,,,0.11875
1988-11-04,,,,0.11875
1988-11-07,,,,0.11875
1988-11-08,,,,0.11875
1988-11-09,,,,0.11875
1988-11-10,,,,0.11875
1988-11-11,,,,0.11875
1988-11-14,,,,0.11875
1988-11-15,,,,0.11875
1988-11-16,,,,0.11875
1988-11-17,,,,0.11875
1988-11-18,,,,0.11875
1988-11-21,,,,0.11875
1988-11-22,,,,0.11875
1988-11-23,,,,0.11875
1988-11-24,,,,0.11875
1988-11-25,,,,0.12875
1988-11-28,,,,0.12875
1988-11-29,,,,0.12875
1988-11-30,,,,0.12875
1988-12-01,,,,0.12875
1988-12-02,,,,0.12875
1988-12-05,,,,0.12875
1988-12-06,,,,0.12875
1988-12-07,,,,0.12875
1988-12-08,,,,0.12875
1988-12-09,,,,0.12875
1988-12-12,,,,0.12875
1988-12-13,,,,0.12875
1988-12-14,,,,0.12875
1988-12-15,,,,0.12875
1988-12-16,,,,0.12875
1988-12-19,,,,0.12875
1988-12-20,,,,0.12875
1988-12-21,,,,0.12875
1988-12-22,,,,0.12875
1988-12-23,,,,0.12875
1988-12-28,,,,0.12875
1988-12-29,,,,0.12875
1988-12-30,,,,0.12875
1989-01-03,,,,0.12875
1989-01-04,,,,0.12875
1989-01-05,,,,0.12875
1989-01-06,,,,0.12875
1989-01-09,,,,0.12875
1989-01-10,,,,0.12875
1989-01-11,,,,0.12875
1989-01-12,,,,0.12875
1989-01-13,,,,0.12875
1989-01-16,,,,0.12875
1989-01-17,,,,0.12875
1989-01-18,,,,0.12875
1989-01-19,,,,0.12875
1989-01-20,,,,0.12875
1989-01-23,,,,0.12875
1989-01-24,,,,0.12875
1989-01-25,,,,0.12875
1989-01-26,,,,0.12875
1989-01-27,,,,0.12875
1989-01-30,,,,0.12875
1989-01-31,,,,0.12875
1989-02-01,,,,0.12875
1989-02-02,,,,0.12875
1989-02-03,,,,0.12875
1989-02-06,,,,0.12875
1989-02-07,,,,0.12875
1989-02-08,,,,0.12875
1989-02-09,,,,0.12875
1989-02-10,,,,0.12875
1989-02-13,,,,0.12875
1989-02-14,,,,0.12875
1989-02-15,,,,0.12875
1989-02-16,,,,0.12875
1989-02-17,,,,0.12875
1989-02-20,,,,0.12875
1989-02-21,,,,0.12875
1989-02-22,,,,0.12875
1989-02-23,,,,0.12875
1989-02-24,,,,0.12875
1989-02-27,,,,0.12875
1989-02-28,,,,0.12875
1989-03-01,,,,0.12875
1989-03-02,,,,0.12875
1989-03-03,,,,0.12875
1989-03-06,,,,0.12875
1989-03-07,,,,0.12875
1989-03-08,,,,0.12875
1989-03-09,,,,0.12875
1989-03-10,,,,0.12875
1989-03-13,,,,0.12875
1989-03-14,,,,0.12875
1989-03-15,,,,0.12875
1989-03-16,,,,0.12875
1989-03-17,,,,0.12875
1989-03-20,,,,0.12875
1989-03-21,,,,0.12875
1989-03-22,,,,0.12875
1989-03-23,,,,0.12875
1989-03-28,,,,0.12875
1989-03-29,,,,0.12875
1989-03-30,,,,0.12875
1989-03-31,,,,0.12875
1989-04-03,,,,0.12875
1989-04-04,,,,0.12875
1989-04-05,,,,0.12875
1989-04-06,,,,0.12875
1989-04-07,,,,0.12875
1989-04-10,,,,0.12875
1989-04-11,,,,0.12875
1989-04-12,,,,0.12875
1989-04-13,,,,0.12875
1989-04-14,,,,0.12875
1989-04-17,,,,0.12875
1989-04-18,,,,0.12875
1989-04-19,,,,0.12875
1989-04-20,,,,0.12875
1989-04-21,,,,0.12875
1989-04-24,,,,0.12875
1989-04-25,,,,0.12875
1989-04-26,,,,0.12875
1989-04-27,,,,0.12875
1989-04-28,,,,0.12875
1989-05-02,,,,0.12875
1989-05-03,,,,0.12875
1989-05-04,,,,0.12875
1989-05-05,,,,0.12875
1989-05-08,,,,0.12875
1989-05-09,,,,0.12875
1989-05-10,,,,0.12875
1989-05-11,,,,0.12875
1989-05-12,,,,0.12875
1989-05-15,,,,0.12875
1989-05-16,,,,0.12875
1989-05-17,,,,0.12875
1989-05-18,,,,0.12875
1989-05-19,,,,0.12875
1989-05-22,,,,0.12875
1989-05-23,,,,0.12875
1989-05-24,,,,0.12875
1989-05-25,,,,0.1375
1989-05-26,,,,0.1375
1989-05-30,,,,0.1375
1989-05-31,,,,0.1375
1989-06-01,,,,0.1375
1989-06-02,,,,0.1375
1989-06-05,,,,0.1375
1989-06-06,,,,0.1375
1989-06-07,,,,0.1375
1989-06-08,,,,0.1375
1989-06-09,,,,0.1375
1989-06-12,,,,0.1375
1989-06-13,,,,0.1375
1989-06-14,,,,0.1375
1989-06-15,,,,0.1375
1989-06-16,,,,0.1375
1989-06-19,,,,0.1375
1989-06-20,,,,0.1375
1989-06-21,,,,0.1375
1989-06-22,,,,0.1375
1989-06-23,,,,0.1375
1989-06-26,,,,0.1375
1989-06-27,,,,0.1375
1989-06-28,,,,0.1375
1989-06-29,,,,0.1375
1989-06-30,,,,0.1375
1989-07-03,,,,0.1375
1989-07-04,,,,0.1375
1989-07-05,,,,0.1375
1989-07-06,,,,0.1375
1989-07-07,,,,0.1375
1989-07-10,,,,0.1375
1989-07-11,,,,0.1375
1989-07-12,,,,0.1375
1989-07-13,,,,0.1375
1989-07-14,,,,0.1375
1989-07-17,,,,0.1375
1989-07-18,,,,0.1375
1989-07-19,,,,0.1375
1989-07-20,,,,0.1375
1989-07-21,,,,0.1375
1989-07-24,,,,0.1375
1989-07-25,,,,0.1375
1989-07-26,,,,0.1375
1989-07-27,,,,0.1375
1989-07-28,,,,0.1375
1989-07-31,,,,0.1375
1989-08-01,,,,0.1375
1989-08-02,,,,0.1375
1989-08-03,,,,0.1375
1989-08-04,,,,0.1375
1989-08-07,,,,0.1375
1989-08-08,,,,0.1375
1989-08-09,,,,0.1375
1989-08-10,,,,0.1375
1989-08-11,,,,0.1375
1989-08-14,,,,0.1375
1989-08-15,,,,0.1375
1989-08-16,,,,0.1375
1989-08-17,,,,0.1375
1989-08-18,,,,0.1375
1989-08-21,,,,0.1375
1989-08-22,,,,0.1375
1989-08-23,,,,0.1375
1989-08-24,,,,0.1375
1989-08-25,,,,0.1375
1989-08-29,,,,0.1375
1989-08-30,,,,0.1375
1989-08-31,,,,0.138438
1989-09-01,,,,0.138438
1989-09-04,,,,0.13875
1989-09-05,,,,0.13875
1989-09-06,,,,0.13875
1989-09-07,,,,0.13875
1989-09-08,,,,0.1375
1989-09-11,,,,0.1375
1989-09-12,,,,0.1375
1989-09-13,,,,0.1375
1989-09-14,,,,0.1375
1989-09-15,,,,0.1375
1989-09-18,,,,0.1375
1989-09-19,,,,0.1375
1989-09-20,,,,0.1375
1989-09-21,,,,0.1375
1989-09-22,,,,0.1375
1989-09-25,,,,0.1375
1989-09-26,,,,0.1375
1989-09-27,,,,0.1375
1989-09-28,,,,0.1375
1989-09-29,,,,0.1375
1989-10-02,,,,0.1375
1989-10-03,,,,0.1375
1989-10-04,,,,0.1375
1989-10-05,,,,0.1375
1989-10-06,,,,0.14875
1989-10-09,,,,0.14875
1989-10-10,,,,0.14875
1989-10-11,,,,0.14875
1989-10-12,,,,0.14875
1989-10-13,,,,0.14875
1989-10-16,,,,0.14875
1989-10-17,,,,0.14875
1989-10-18,,,,0.14875
1989-10-19,,,,0.14875
1989-10-20,,,,0.14875
1989-10-23,,,,0.14875
1989-10-24,,,,0.14875
1989-10-25,,,,0.14875
1989-10-26,,,,0.14875
1989-10-27,,,,0.14875
1989-10-30,,,,0.14875
1989-10-31,,,,0.14875
1989-11-01,,,,0.14875
1989-11-02,,,,0.14875
1989-11-03,,,,0.14875
1989-11-06,,,,0.14875
1989-11-07,,,,0.14875
1989-11-08,,,,0.14875
1989-11-09,,,,0.14875
1989-11-10,,,,0.14875
1989-11-13,,,,0.14875
1989-11-14,,,,0.14875
1989-11-15,,,,0.14875
1989-11-16,,,,0.14875
1989-11-17,,,,0.14875
1989-11-20,,,,0.14875
1989-11-21,,,,0.14875
1989-11-22,,,,0.14875
1989-11-23,,,,0.14875
1989-11-24,,,,0.14875
1989-11-27,,,,0.14875
1989-11-28,,,,0.14875
1989-11-29,,,,0.14875
1989-11-30,,,,0.14875
1989-12-01,,,,0.14875
1989-12-04,,,,0.14875
1989-12-05,,,,0.14875
1989-12-06,,,,0.14875
1989-12-07,,,,0.14875
1989-12-08,,,,0.14875
1989-12-11,,,,0.14875
1989-12-12,,,,0.14875
1989-12-13,,,,0.14875
1989-12-14,,,,0.14875
1989-12-15,,,,0.14875
1989-12-18,,,,0.14875
1989-12-19,,,,0.14875
1989-12-20,,,,0.14875
1989-12-21,,,,0.14875
1989-12-22,,,,0.14875
1989-12-27,,,,0.14875
1989-12-28,,,,0.14875
1989-12-29,,,,0.14875
1990-01-02,,,,0.14875
1990-01-03,,,,0.14875
1990-01-04,,,,0.14875
1990-01-05,,,,0.14875
1990-01-08,,,,0.14875
1990-01-09,,,,0.14875
1990-01-10,,,,0.14875
1990-01-11,,,,0.14875
1990-01-12,,,,0.14875
1990-01-15,,,,0.14875
1990-01-16,,,,0.14875
1990-01-17,,,,0.14875
1990-01-18,,,,0.14875
1990-01-19,,,,0.14875
1990-01-22,,,,0.14875
1990-01-23,,,,0.14875
1990-01-24,,,,0.14875
1990-01-25,,,,0.14875
1990-01-26,,,,0.14875
1990-01-29,,,,0.14875
1990-01-30,,,,0.14875
1990-01-31,,,,0.14875
1990-02-01,,,,0.14875
1990-02-02,,,,0.14875
1990-02-05,,,,0.14875
1990-02-06,,,,0.14875
1990-02-07,,,,0.14875
1990-02-08,,,,0.14875
1990-02-09,,,,0.14875
1990-02-12,,,,0.14875
1990-02-13,,,,0.14875
1990-02-14,,,,0.14875
1990-02-15,,,,0.14875
1990-02-16,,,,0.14875
1990-02-19,,,,0.14875
1990-02-20,,,,0.14875
1990-02-21,,,,0.14875
1990-02-22,,,,0.14875
1990-02-23,,,,0.14875
1990-02-26,,,,0.14875
1990-02-27,,,,0.14875
1990-02-28,,,,0.14875
1990-03-01,,,,0.14875
1990-03-02,,,,0.14875
1990-03-05,,,,0.14875
1990-03-06,,,,0.14875
1990-03-07,,,,0.14875
1990-03-08,,,,0.14875
1990-03-09,,,,0.14875
1990-03-12,,,,0.14875
1990-03-13,,,,0.14875
1990-03-14,,,,0.14875
1990-03-15,,,,0.14875
1990-03-16,,,,0.14875
1990-03-19,,,,0.14875
1990-03-20,,,,0.14875
1990-03-21,,,,0.14875
1990-03-22,,,,0.14875
1990-03-23,,,,0.14875
1990-03-26,,,,0.14875
1990-03-27,,,,0.14875
1990-03-28,,,,0.14875
1990-03-29,,,,0.14875
1990-03-30,,,,0.14875
1990-04-02,,,,0.14875
1990-04-03,,,,0.14875
1990-04-04,,,,0.14875
1990-04-05,,,,0.14875
1990-04-06,,,,0.14875
1990-04-09,,,,0.14875
1990-04-10,,,,0.14875
1990-04-11,,,,0.14875
1990-04-12,,,,0.14875
1990-04-17,,,,0.14875
1990-04-18,,,,0.14875
1990-04-19,,,,0.14875
1990-04-20,,,,0.14875
1990-04-23,,,,0.14875
1990-04-24,,,,0.14875
1990-04-25,,,,0.14875
1990-04-26,,,,0.14875
1990-04-27,,,,0.14875
1990-04-30,,,,0.14875
1990-05-01,,,,0.14875
1990-05-02,,,,0.14875
1990-05-03,,,,0.14875
1990-05-04,,,,0.14875
1990-05-08,,,,0.14875
1990-05-09,,,,0.14875
1990-05-10,,,,0.14875
1990-05-11,,,,0.14875
1990-05-14,,,,0.14875
1990-05-15,,,,0.14875
1990-05-16,,,,0.14875
1990-05-17,,,,0.14875
1990-05-18,,,,0.14875
1990-05-21,,,,0.14875
1990-05-22,,,,0.14875
1990-05-23,,,,0.14875
1990-05-24,,,,0.14875
1990-05-25,,,,0.14875
1990-05-29,,,,0.14875
1990-05-30,,,,0.14875
1990-05-31,,,,0.14875
1990-06-01,,,,0.14875
1990-06-04,,,,0.14875
1990-06-05,,,,0.14875
1990-06-06,,,,0.14875
1990-06-07,,,,0.14875
1990-06-08,,,,0.14875
1990-06-11,,,,0.14875
1990-06-12,,,,0.14875
1990-06-13,,,,0.14875
1990-06-14,,,,0.14875
1990-06-15,,,,0.14875
1990-06-18,,,,0.14875
1990-06-19,,,,0.14875
1990-06-20,,,,0.14875
1990-06-21,,,,0.14875
1990-06-22,,,,0.14875
1990-06-25,,,,0.14875
1990-06-26,,,,0.14875
1990-06-27,,,,0.14875
1990-06-28,,,,0.14875
1990-06-29,,,,0.14875
1990-07-02,,,,0.14875
1990-07-03,,,,0.14875
1990-07-04,,,,0.14875
1990-07-05,,,,0.14875
1990-07-06,,,,0.14875
1990-07-09,,,,0.14875
1990-07-10,,,,0.14875
1990-07-11,,,,0.14875
1990-07-12,,,,0.14875
1990-07-13,,,,0.14875
1990-07-16,,,,0.14875
1990-07-17,,,,0.14875
1990-07-18,,,,0.14875
1990-07-19,,,,0.14875
1990-07-20,,,,0.14875
1990-07-23,,,,0.14875
1990-07-24,,,,0.14875
1990-07-25,,,,0.14875
1990-07-26,,,,0.14875
1990-07-27,,,,0.14875
1990-07-30,,,,0.14875
1990-07-31,,,,0.14875
1990-08-01,,,,0.14875
1990-08-02,,,,0.14875
1990-08-03,,,,0.14875
1990-08-06,,,,0.14875
1990-08-07,,,,0.14875
1990-08-08,,,,0.14875
1990-08-09,,,,0.14875
1990-08-10,,,,0.14875
1990-08-13,,,,0.14875
1990-08-14,,,,0.14875
1990-08-15,,,,0.14875
1990-08-16,,,,0.14875
1990-08-17,,,,0.14875
1990-08-20,,,,0.14875
1990-08-21,,,,0.14875
1990-08-22,,,,0.14875
1990-08-23,,,,0.14875
1990-08-24,,,,0.14875
1990-08-28,,,,0.14875
1990-08-29,,,,0.14875
1990-08-30,,,,0.14875
1990-08-31,,,,0.14875
1990-09-03,,,,0.14875
1990-09-04,,,,0.14875
1990-09-05,,,,0.14875
1990-09-06,,,,0.14875
1990-09-07,,,,0.14875
1990-09-10,,,,0.14875
1990-09-11,,,,0.14875
1990-09-12,,,,0.14875
1990-09-13,,,,0.14875
1990-09-14,,,,0.14875
1990-09-17,,,,0.14875
1990-09-18,,,,0.14875
1990-09-19,,,,0.14875
1990-09-20,,,,0.14875
1990-09-21,,,,0.14875
1990-09-24,,,,0.14875
1990-09-25,,,,0.14875
1990-09-26,,,,0.14875
1990-09-27,,,,0.14875
1990-09-28,,,,0.14875
1990-10-01,,,,0.14875
1990-10-02,,,,0.14875
1990-10-03,,,,0.14875
1990-10-04,,,,0.14875
1990-10-05,,,,0.14875
1990-10-08,,,,0.13875
1990-10-09,,,,0.13875
1990-10-10,,,,0.13875
1990-10-11,,,,0.13875
1990-10-12,,,,0.13875
1990-10-15,,,,0.13875
1990-10-16,,,,0.13875
1990-10-17,,,,0.13875
1990-10-18,,,,0.13875
1990-10-19,,,,0.13875
1990-10-22,,,,0.13875
1990-10-23,,,,0.13875
1990-10-24,,,,0.13875
1990-10-25,,,,0.13875
1990-10-26,,,,0.13875
1990-10-29,,,,0.13875
1990-10-30,,,,0.13875
1990-10-31,,,,0.13875
1990-11-01,,,,0.13875
1990-11-02,,,,0.13875
1990-11-05,,,,0.13875
1990-11-06,,,,0.13875
1990-11-07,,,,0.13875
1990-11-08,,,,0.13875
1990-11-09,,,,0.13875
1990-11-12,,,,0.13875
1990-11-13,,,,0.13875
1990-11-14,,,,0.13875
1990-11-15,,,,0.13875
1990-11-16,,,,0.13875
1990-11-19,,,,0.13875
1990-11-20,,,,0.13875
1990-11-21,,,,0.13875
1990-11-22,,,,0.13875
1990-11-23,,,,0.13875
1990-11-26,,,,0.13875
1990-11-27,,,,0.13875
1990-11-28,,,,0.13875
1990-11-29,,,,0.13875
1990-11-30,,,,0.13875
1990-12-03,,,,0.13875
1990-12-04,,,,0.13875
1990-12-05,,,,0.13875
1990-12-06,,,,0.13875
1990-12-07,,,,0.13875
1990-12-10,,,,0.13875
1990-12-11,,,,0.13875
1990-12-12,,,,0.13875
1990-12-13,,,,0.13875
1990-12-14,,,,0.13875
1990-12-17,,,,0.13875
1990-12-18,,,,0.13875
1990-12-19,,,,0.13875
1990-12-20,,,,0.13875
1990-12-21,,,,0.13875
1990-12-24,,,,0.13875
1990-12-27,,,,0.13875
1990-12-28,,,,0.13875
1990-12-31,,,,0.13875
1991-01-02,,,,0.13875
1991-01-03,,,,0.13875
1991-01-04,,,,0.13875
1991-01-07,,,,0.13875
1991-01-08,,,,0.13875
1991-01-09,,,,0.13875
1991-01-10,,,,0.13875
1991-01-11,,,,0.13875
1991-01-14,,,,0.13875
1991-01-15,,,,0.13875
1991-01-16,,,,0.13875
1991-01-17,,,,0.13875
1991-01-18,,,,0.13875
1991-01-21,,,,0.13875
1991-01-22,,,,0.13875
1991-01-23,,,,0.13875
1991-01-24,,,,0.13875
1991-01-25,,,,0.13875
1991-01-28,,,,0.13875
1991-01-29,,,,0.13875
1991-01-30,,,,0.13875
1991-01-31,,,,0.13875
1991-02-01,,,,0.13875
1991-02-04,,,,0.13875
1991-02-05,,,,0.13875
1991-02-06,,,,0.13875
1991-02-07,,,,0.13875
1991-02-08,,,,0.13875
1991-02-11,,,,0.13875
1991-02-12,,,,0.13875
1991-02-13,,,,0.13375
1991-02-14,,,,0.13375
1991-02-15,,,,0.13375
1991-02-18,,,,0.13375
1991-02-19,,,,0.13375
1991-02-20,,,,0.13375
1991-02-21,,,,0.13375
1991-02-22,,,,0.13375
1991-02-25,,,,0.13375
1991-02-26,,,,0.13375
1991-02-27,,,,0.12875
1991-02-28,,,,0.12875
1991-03-01,,,,0.12875
1991-03-04,,,,0.12875
1991-03-05,,,,0.12875
1991-03-06,,,,0.12875
1991-03-07,,,,0.12875
1991-03-08,,,,0.12875
1991-03-11,,,,0.12875
1991-03-12,,,,0.12875
1991-03-13,,,,0.12875
1991-03-14,,,,0.12875
1991-03-15,,,,0.12875
1991-03-18,,,,0.12875
1991-03-19,,,,0.12875
1991-03-20,,,,0.12875
1991-03-21,,,,0.12875
1991-03-22,,,,0.12375
1991-03-25,,,,0.12375
1991-03-26,,,,0.12375
1991-03-27,,,,0.12375
1991-03-28,,,,0.12375
1991-04-02,,,,0.12375
1991-04-03,,,,0.12375
1991-04-04,,,,0.12375
1991-04-05,,,,0.12375
1991-04-08,,,,0.12375
1991-04-09,,,,0.12375
1991-04-10,,,,0.12375
1991-04-11,,,,0.12375
1991-04-12,,,,0.11875
1991-04-15,,,,0.11875
1991-04-16,,,,0.11875
1991-04-17,,,,0.11875
1991-04-18,,,,0.11875
1991-04-19,,,,0.11875
1991-04-22,,,,0.11875
1991-04-23,,,,0.11875
1991-04-24,,,,0.11875
1991-04-25,,,,0.11875
1991-04-26,,,,0.11875
1991-04-29,,,,0.11875
1991-04-30,,,,0.11875
1991-05-01,,,,0.11875
1991-05-02,,,,0.11875
1991-05-03,,,,0.11875
1991-05-07,,,,0.11875
1991-05-08,,,,0.11875
1991-05-09,,,,0.11875
1991-05-10,,,,0.11875
1991-05-13,,,,0.11875
1991-05-14,,,,0.11875
1991-05-15,,,,0.11875
1991-05-16,,,,0.11875
1991-05-17,,,,0.11875
1991-05-20,,,,0.11875
1991-05-21,,,,0.11875
1991-05-22,,,,0.11875
1991-05-23,,,,0.11875
1991-05-24,,,,0.11375
1991-05-28,,,,0.11375
1991-05-29,,,,0.11375
1991-05-30,,,,0.11375
1991-05-31,,,,0.11375
1991-06-03,,,,0.11375
1991-06-04,,,,0.11375
1991-06-05,,,,0.11375
1991-06-06,,,,0.11375
1991-06-07,,,,0.11375
1991-06-10,,,,0.11375
1991-06-11,,,,0.11375
1991-06-12,,,,0.11375
1991-06-13,,,,0.11375
1991-06-14,,,,0.11375
1991-06-17,,,,0.11375
1991-06-18,,,,0.11375
1991-06-19,,,,0.11375
1991-06-20,,,,0.11375
1991-06-21,,,,0.11375
1991-06-24,,,,0.11375
1991-06-25,,,,0.11375
1991-06-26,,,,0.11375
1991-06-27,,,,0.11375
1991-06-28,,,,0.11375
1991-07-01,,,,0.11375
1991-07-02,,,,0.11375
1991-07-03,,,,0.11375
1991-07-04,,,,0.11375
1991-07-05,,,,0.11375
1991-07-08,,,,0.11375
1991-07-09,,,,0.11375
1991-07-10,,,,0.11375
1991-07-11,,,,0.11375
1991-07-12,,,,0.10875
1991-07-15,,,,0.10875
1991-07-16,,,,0.10875
1991-07-17,,,,0.10875
1991-07-18,,,,0.10875
1991-07-19,,,,0.10875
1991-07-22,,,,0.10875
1991-07-23,,,,0.10875
1991-07-24,,,,0.10875
1991-07-25,,,,0.10875
1991-07-26,,,,0.10875
1991-07-29,,,,0.10875
1991-07-30,,,,0.10875
1991-07-31,,,,0.10875
1991-08-01,,,,0.10875
1991-08-02,,,,0.10875
1991-08-05,,,,0.10875
1991-08-06,,,,0.10875
1991-08-07,,,,0.10875
1991-08-08,,,,0.10875
1991-08-09,,,,0.10875
1991-08-12,,,,0.10875
1991-08-13,,,,0.10875
1991-08-14,,,,0.10875
1991-08-15,,,,0.10875
1991-08-16,,,,0.10875
1991-08-19,,,,0.10875
1991-08-20,,,,0.10875
1991-08-21,,,,0.10875
1991-08-22,,,,0.10875
1991-08-23,,,,0.10875
1991-08-27,,,,0.10875
1991-08-28,,,,0.10875
1991-08-29,,,,0.10875
1991-08-30,,,,0.10875
1991-09-02,,,,0.10875
1991-09-03,,,,0.10875
1991-09-04,,,,0.10375
1991-09-05,,,,0.10375
1991-09-06,,,,0.10375
1991-09-09,,,,0.10375
1991-09-10,,,,0.10375
1991-09-11,,,,0.10375
1991-09-12,,,,0.10375
1991-09-13,,,,0.10375
1991-09-16,,,,0.10375
1991-09-17,,,,0.10375
1991-09-18,,,,0.10375
1991-09-19,,,,0.10375
1991-09-20,,,,0.10375
1991-09-23,,,,0.10375
1991-09-24,,,,0.10375
1991-09-25,,,,0.10375
1991-09-26,,,,0.10375
1991-09-27,,,,0.10375
1991-09-30,,,,0.10375
1991-10-01,,,,0.10375
1991-10-02,,,,0.10375
1991-10-03,,,,0.10375
1991-10-04,,,,0.10375
1991-10-07,,,,0.10375
1991-10-08,,,,0.10375
1991-10-09,,,,0.10375
1991-10-10,,,,0.10375
1991-10-11,,,,0.10375
1991-10-14,,,,0.10375
1991-10-15,,,,0.10375
1991-10-16,,,,0.10375
1991-10-17,,,,0.10375
1991-10-18,,,,0.10375
1991-10-21,,,,0.10375
1991-10-22,,,,0.10375
1991-10-23,,,,0.10375
1991-10-24,,,,0.10375
1991-10-25,,,,0.10375
1991-10-28,,,,0.10375
1991-10-29,,,,0.10375
1991-10-30,,,,0.10375
1991-10-31,,,,0.10375
1991-11-01,,,,0.10375
1991-11-04,,,,0.10375
1991-11-05,,,,0.10375
1991-11-06,,,,0.10375
1991-11-07,,,,0.10375
1991-11-08,,,,0.10375
1991-11-11,,,,0.10375
1991-11-12,,,,0.10375
1991-11-13,,,,0.10375
1991-11-14,,,,0.10375
1991-11-15,,,,0.10375
1991-11-18,,,,0.10375
1991-11-19,,,,0.10375
1991-11-20,,,,0.10375
1991-11-21,,,,0.10375
1991-11-22,,,,0.10375
1991-11-25,,,,0.10375
1991-11-26,,,,0.10375
1991-11-27,,,,0.10375
1991-11-28,,,,0.10375
1991-11-29,,,,0.10375
1991-12-02,,,,0.10375
1991-12-03,,,,0.10375
1991-12-04,,,,0.10375
1991-12-05,,,,0.10375
1991-12-06,,,,0.10375
1991-12-09,,,,0.10375
1991-12-10,,,,0.10375
1991-12-11,,,,0.10375
1991-12-12,,,,0.10375
1991-12-13,,,,0.10375
1991-12-16,,,,0.10375
1991-12-17,,,,0.10375
1991-12-18,,,,0.10375
1991-12-19,,,,0.10375
1991-12-20,,,,0.10375
1991-12-23,,,,0.10375
1991-12-24,,,,0.10375
1991-12-27,,,,0.10375
1991-12-30,,,,0.10375
1991-12-31,,,,0.10375
1992-01-02,,,,0.10375
1992-01-03,,,,0.10375
1992-01-06,,,,0.10375
1992-01-07,,,,0.10375
1992-01-08,,,,0.10375
1992-01-09,,,,0.10375
1992-01-10,,,,0.10375
1992-01-13,,,,0.10375
1992-01-14,,,,0.10375
1992-01-15,,,,0.10375
1992-01-16,,,,0.10375
1992-01-17,,,,0.10375
1992-01-20,,,,0.10375
1992-01-21,,,,0.10375
1992-01-22,,,,0.10375
1992-01-23,,,,0.10375
1992-01-24,,,,0.10375
1992-01-27,,,,0.10375
1992-01-28,,,,0.10375
1992-01-29,,,,0.10375
1992-01-30,,,,0.10375
1992-01-31,,,,0.10375
1992-02-03,,,,0.10375
1992-02-04,,,,0.10375
1992-02-05,,,,0.10375
1992-02-06,,,,0.10375
1992-02-07,,,,0.10375
1992-02-10,,,,0.10375
1992-02-11,,,,0.10375
1992-02-12,,,,0.10375
1992-02-13,,,,0.10375
1992-02-14,,,,0.10375
1992-02-17,,,,0.10375
1992-02-18,,,,0.10375
1992-02-19,,,,0.10375
1992-02-20,,,,0.10375
1992-02-21,,,,0.10375
1992-02-24,,,,0.10375
1992-02-25,,,,0.10375
1992-02-26,,,,0.10375
1992-02-27,,,,0.10375
1992-02-28,,,,0.10375
1992-03-02,,,,0.10375
1992-03-03,,,,0.10375
1992-03-04,,,,0.10375
1992-03-05,,,,0.10375
1992-03-06,,,,0.10375
1992-03-09,,,,0.10375
1992-03-10,,,,0.10375
1992-03-11,,,,0.10375
1992-03-12,,,,0.10375
1992-03-13,,,,0.10375
1992-03-16,,,,0.10375
1992-03-17,,,,0.10375
1992-03-18,,,,0.10375
1992-03-19,,,,0.10375
1992-03-20,,,,0.10375
1992-03-23,,,,0.10375
1992-03-24,,,,0.10375
1992-03-25,,,,0.10375
1992-03-26,,,,0.10375
1992-03-27,,,,0.10375
1992-03-30,,,,0.10375
1992-03-31,,,,0.10375
1992-04-01,,,,0.10375
1992-04-02,,,,0.10375
1992-04-03,,,,0.10375
1992-04-06,,,,0.10375
1992-04-07,,,,0.10375
1992-04-08,,,,0.10375
1992-04-09,,,,0.10375
1992-04-10,,,,0.10375
1992-04-13,,,,0.10375
1992-04-14,,,,0.10375
1992-04-15,,,,0.10375
1992-04-16,,,,0.10375
1992-04-21,,,,0.10375
1992-04-22,,,,0.10375
1992-04-23,,,,0.10375
1992-04-24,,,,0.10375
1992-04-27,,,,0.10375
1992-04-28,,,,0.10375
1992-04-29,,,,0.10375
1992-04-30,,,,0.10375
1992-05-01,,,,0.10375
1992-05-05,,,,0.09875
1992-05-06,,,,0.09875
1992-05-07,,,,0.09875
1992-05-08,,,,0.09875
1992-05-11,,,,0.09875
1992-05-12,,,,0.09875
1992-05-13,,,,0.09875
1992-05-14,,,,0.09875
1992-05-15,,,,0.09875
1992-05-18,,,,0.09875
1992-05-19,,,,0.09875
1992-05-20,,,,0.09875
1992-05-21,,,,0.09875
1992-05-22,,,,0.09875
1992-05-26,,,,0.09875
1992-05-27,,,,0.09875
1992-05-28,,,,0.09875
1992-05-29,,,,0.09875
1992-06-01,,,,0.09875
1992-06-02,,,,0.09875
1992-06-03,,,,0.09875
1992-06-04,,,,0.09875
1992-06-05,,,,0.09875
1992-06-08,,,,0.09875
1992-06-09,,,,0.09875
1992-06-10,,,,0.09875
1992-06-11,,,,0.09875
1992-06-12,,,,0.09875
1992-06-15,,,,0.09875
1992-06-16,,,,0.09875
1992-06-17,,,,0.09875
1992-06-18,,,,0.09875
1992-06-19,,,,0.09875
1992-06-22,,,,0.09875
1992-06-23,,,,0.09875
1992-06-24,,,,0.09875
1992-06-25,,,,0.09875
1992-06-26,,,,0.09875
1992-06-29,,,,0.09875
1992-06-30,,,,0.09875
1992-07-01,,,,0.09875
1992-07-02,,,,0.09875
1992-07-03,,,,0.09875
1992-07-06,,,,0.09875
1992-07-07,,,,0.09875
1992-07-08,,,,0.09875
1992-07-09,,,,0.09875
1992-07-10,,,,0.09875
1992-07-13,,,,0.09875
1992-07-14,,,,0.09875
1992-07-15,,,,0.09875
1992-07-16,,,,0.09875
1992-07-17,,,,0.09875
1992-07-20,,,,0.09875
1992-07-21,,,,0.09875
1992-07-22,,,,0.09875
1992-07-23,,,,0.09875
1992-07-24,,,,0.09875
1992-07-27,,,,0.09875
1992-07-28,,,,0.09875
1992-07-29,,,,0.09875
1992-07-30,,,,0.09875
1992-07-31,,,,0.09875
1992-08-03,,,,0.09875
1992-08-04,,,,0.09875
1992-08-05,,,,0.09875
1992-08-06,,,,0.09875
1992-08-07,,,,0.09875
1992-08-10,,,,0.09875
1992-08-11,,,,0.09875
1992-08-12,,,,0.09875
1992-08-13,,,,0.09875
1992-08-14,,,,0.09875
1992-08-17,,,,0.09875
1992-08-18,,,,0.09875
1992-08-19,,,,0.09875
1992-08-20,,,,0.09875
1992-08-21,,,,0.09875
1992-08-24,,,,0.09875
1992-08-25,,,,0.09875
1992-08-26,,,,0.09875
1992-08-27,,,,0.09875
1992-08-28,,,,0.09875
1992-09-01,,,,0.09875
1992-09-02,,,,0.09875
1992-09-03,,,,0.09875
1992-09-04,,,,0.09875
1992-09-07,,,,0.09875
1992-09-08,,,,0.09875
1992-09-09,,,,0.09875
1992-09-10,,,,0.09875
1992-09-11,,,,0.09875
1992-09-14,,,,0.09875
1992-09-15,,,,0.09875
1992-09-16,,,,0.09875
1992-09-17,,,,0.09875
1992-09-18,,,,0.09875
1992-09-21,,,,0.09875
1992-09-22,,,,0.08875
1992-09-23,,,,0.08875
1992-09-24,,,,0.08875
1992-09-25,,,,0.08875
1992-09-28,,,,0.08875
1992-09-29,,,,0.08875
1992-09-30,,,,0.08875
1992-10-01,,,,0.08875
1992-10-02,,,,0.08875
1992-10-05,,,,0.08875
1992-10-06,,,,0.08875
1992-10-07,,,,0.08875
1992-10-08,,,,0.08875
1992-10-09,,,,0.08875
1992-10-12,,,,0.08875
1992-10-13,,,,0.08875
1992-10-14,,,,0.08875
1992-10-15,,,,0.08875
1992-10-16,,,,0.07875
1992-10-19,,,,0.07875
1992-10-20,,,,0.07875
1992-10-21,,,,0.07875
1992-10-22,,,,0.07875
1992-10-23,,,,0.07875
1992-10-26,,,,0.07875
1992-10-27,,,,0.07875
1992-10-28,,,,0.07875
1992-10-29,,,,0.07875
1992-10-30,,,,0.07875
1992-11-02,,,,0.07875
1992-11-03,,,,0.07875
1992-11-04,,,,0.07875
1992-11-05,,,,0.07875
1992-11-06,,,,0.07875
1992-11-09,,,,0.07875
1992-11-10,,,,0.07875
1992-11-11,,,,0.07875
1992-11-12,,,,0.07875
1992-11-13,,,,0.06875
1992-11-16,,,,0.06875
1992-11-17,,,,0.06875
1992-11-18,,,,0.06875
1992-11-19,,,,0.06875
1992-11-20,,,,0.06875
1992-11-23,,,,0.06875
1992-11-24,,,,0.06875
1992-11-25,,,,0.06875
1992-11-26,,,,0.06875
1992-11-27,,,,0.06875
1992-11-30,,,,0.06875
1992-12-01,,,,0.06875
1992-12-02,,,,0.06875
1992-12-03,,,,0.06875
1992-12-04,,,,0.06875
1992-12-07,,,,0.06875
1992-12-08,,,,0.06875
1992-12-09,,,,0.06875
1992-12-10,,,,0.06875
1992-12-11,,,,0.06875
1992-12-14,,,,0.06875
1992-12-15,,,,0.06875
1992-12-16,,,,0.06875
1992-12-17,,,,0.06875
1992-12-18,,,,0.06875
1992-12-21,,,,0.06875
1992-12-22,,,,0.06875
1992-12-23,,,,0.06875
1992-12-24,,,,0.06875
1992-12-29,,,,0.06875
1992-12-30,,,,0.06875
1992-12-31,,,,0.06875
1993-01-04,,,,0.06875
1993-01-05,,,,0.06875
1993-01-06,,,,0.06875
1993-01-07,,,,0.06875
1993-01-08,,,,0.06875
1993-01-11,,,,0.06875
1993-01-12,,,,0.06875
1993-01-13,,,,0.06875
1993-01-14,,,,0.06875
1993-01-15,,,,0.06875
1993-01-18,,,,0.06875
1993-01-19,,,,0.06875
1993-01-20,,,,0.06875
1993-01-21,,,,0.06875
1993-01-22,,,,0.06875
1993-01-25,,,,0.06875
1993-01-26,,,,0.05875
1993-01-27,,,,0.05875
1993-01-28,,,,0.05875
1993-01-29,,,,0.05875
1993-02-01,,,,0.05875
1993-02-02,,,,0.05875
1993-02-03,,,,0.05875
1993-02-04,,,,0.05875
1993-02-05,,,,0.05875
1993-02-08,,,,0.05875
1993-02-09,,,,0.05875
1993-02-10,,,,0.05875
1993-02-11,,,,0.05875
1993-02-12,,,,0.05875
1993-02-15,,,,0.05875
1993-02-16,,,,0.05875
1993-02-17,,,,0.05875
1993-02-18,,,,0.05875
1993-02-19,,,,0.05875
1993-02-22,,,,0.05875
1993-02-23,,,,0.05875
1993-02-24,,,,0.05875
1993-02-25,,,,0.05875
1993-02-26,,,,0.05875
1993-03-01,,,,0.05875
1993-03-02,,,,0.05875
1993-03-03,,,,0.05875
1993-03-04,,,,0.05875
1993-03-05,,,,0.05875
1993-03-08,,,,0.05875
1993-03-09,,,,0.05875
1993-03-10,,,,0.05875
1993-03-11,,,,0.05875
1993-03-12,,,,0.05875
1993-03-15,,,,0.05875
1993-03-16,,,,0.05875
1993-03-17,,,,0.05875
1993-03-18,,,,0.05875
1993-03-19,,,,0.05875
1993-03-22,,,,0.05875
1993-03-23,,,,0.05875
1993-03-24,,,,0.05875
1993-03-25,,,,0.05875
1993-03-26,,,,0.05875
1993-03-29,,,,0.05875
1993-03-30,,,,0.05875
1993-03-31,,,,0.05875
1993-04-01,,,,0.05875
1993-04-02,,,,0.05875
1993-04-05,,,,0.05875
1993-04-06,,,,0.05875
1993-04-07,,,,0.05875
1993-04-08,,,,0.05875
1993-04-13,,,,0.05875
1993-04-14,,,,0.05875
1993-04-15,,,,0.05875
1993-04-16,,,,0.05875
1993-04-19,,,,0.05875
1993-04-20,,,,0.05875
1993-04-21,,,,0.05875
1993-04-22,,,,0.05875
1993-04-23,,,,0.05875
1993-04-26,,,,0.05875
1993-04-27,,,,0.05875
1993-04-28,,,,0.05875
1993-04-29,,,,0.05875
1993-04-30,,,,0.05875
1993-05-04,,,,0.05875
1993-05-05,,,,0.05875
1993-05-06,,,,0.05875
1993-05-07,,,,0.05875
1993-05-10,,,,0.05875
1993-05-11,,,,0.05875
1993-05-12,,,,0.05875
1993-05-13,,,,0.05875
1993-05-14,,,,0.05875
1993-05-17,,,,0.05875
1993-05-18,,,,0.05875
1993-05-19,,,,0.05875
1993-05-20,,,,0.05875
1993-05-21,,,,0.05875
1993-05-24,,,,0.05875
1993-05-25,,,,0.05875
1993-05-26,,,,0.05875
1993-05-27,,,,0.05875
1993-05-28,,,,0.05875
1993-06-01,,,,0.05875
1993-06-02,,,,0.05875
1993-06-03,,,,0.05875
1993-06-04,,,,0.05875
1993-06-07,,,,0.05875
1993-06-08,,,,0.05875
1993-06-09,,,,0.05875
1993-06-10,,,,0.05875
1993-06-11,,,,0.05875
1993-06-14,,,,0.05875
1993-06-15,,,,0.05875
1993-06-16,,,,0.05875
1993-06-17,,,,0.05875
1993-06-18,,,,0.05875
1993-06-21,,,,0.05875
1993-06-22,,,,0.05875
1993-06-23,,,,0.05875
1993-06-24,,,,0.05875
1993-06-25,,,,0.05875
1993-06-28,,,,0.05875
1993-06-29,,,,0.05875
1993-06-30,,,,0.05875
1993-07-01,,,,0.05875
1993-07-02,,,,0.05875
1993-07-05,,,,0.05875
1993-07-06,,,,0.05875
1993-07-07,,,,0.05875
1993-07-08,,,,0.05875
1993-07-09,,,,0.05875
1993-07-12,,,,0.05875
1993-07-13,,,,0.05875
1993-07-14,,,,0.05875
1993-07-15,,,,0.05875
1993-07-16,,,,0.05875
1993-07-19,,,,0.05875
1993-07-20,,,,0.05875
1993-07-21,,,,0.05875
1993-07-22,,,,0.05875
1993-07-23,,,,0.05875
1993-07-26,,,,0.05875
1993-07-27,,,,0.05875
1993-07-28,,,,0.05875
1993-07-29,,,,0.05875
1993-07-30,,,,0.05875
1993-08-02,,,,0.05875
1993-08-03,,,,0.05875
1993-08-04,,,,0.05875
1993-08-05,,,,0.05875
1993-08-06,,,,0.05875
1993-08-09,,,,0.05875
1993-08-10,,,,0.05875
1993-08-11,,,,0.05875
1993-08-12,,,,0.05875
1993-08-13,,,,0.05875
1993-08-16,,,,0.05875
1993-08-17,,,,0.05875
1993-08-18,,,,0.05875
1993-08-19,,,,0.05875
1993-08-20,,,,0.05875
1993-08-23,,,,0.05875
1993-08-24,,,,0.05875
1993-08-25,,,,0.05875
1993-08-26,,,,0.05875
1993-08-27,,,,0.05875
1993-08-31,,,,0.05875
1993-09-01,,,,0.05875
1993-09-02,,,,0.05875
1993-09-03,,,,0.05875
1993-09-06,,,,0.05875
1993-09-07,,,,0.05875
1993-09-08,,,,0.05875
1993-09-09,,,,0.05875
1993-09-10,,,,0.05875
1993-09-13,,,,0.05875
1993-09-14,,,,0.05875
1993-09-15,,,,0.05875
1993-09-16,,,,0.05875
1993-09-17,,,,0.05875
1993-09-20,,,,0.05875
1993-09-21,,,,0.05875
1993-09-22,,,,0.05875
1993-09-23,,,,0.05875
1993-09-24,,,,0.05875
1993-09-27,,,,0.05875
1993-09-28,,,,0.05875
1993-09-29,,,,0.05875
1993-09-30,,,,0.05875
1993-10-01,,,,0.05875
1993-10-04,,,,0.05875
1993-10-05,,,,0.05875
1993-10-06,,,,0.05875
1993-10-07,,,,0.05875
1993-10-08,,,,0.05875
1993-10-11,,,,0.05875
1993-10-12,,,,0.05875
1993-10-13,,,,0.05875
1993-10-14,,,,0.05875
1993-10-15,,,,0.05875
1993-10-18,,,,0.05875
1993-10-19,,,,0.05875
1993-10-20,,,,0.05875
1993-10-21,,,,0.05875
1993-10-22,,,,0.05875
1993-10-25,,,,0.05875
1993-10-26,,,,0.05875
1993-10-27,,,,0.05875
1993-10-28,,,,0.05875
1993-10-29,,,,0.05875
1993-11-01,,0.070536,,0.05875
1993-11-02,,0.070289,,0.05875
1993-11-03,,0.06985000000000001,,0.05875
1993-11-04,,0.069859,,0.05875
1993-11-05,,0.071002,,0.05875
1993-11-08,,0.07083,,0.05875
1993-11-09,,0.07007100000000001,,0.05875
1993-11-10,,0.070279,,0.05875
1993-11-11,,0.070342,,0.05875
1993-11-12,,0.069468,,0.05875
1993-11-15,,0.069444,,0.05875
1993-11-16,,0.069236,,0.05875
1993-11-17,,0.068378,,0.05875
1993-11-18,,0.068315,,0.05875
1993-11-19,,0.06825300000000001,,0.05875
1993-11-22,,0.06903,,0.05875
1993-11-23,,0.068827,,0.05375
1993-11-24,,0.068902,,0.05375
1993-11-25,,0.068631,,0.05375
1993-11-26,,0.068467,,0.05375
1993-11-29,,0.068219,,0.05375
1993-11-30,,0.067668,,0.05375
1993-12-01,0.061627999999999995,0.066427,,0.05375
1993-12-02,0.061375,0.066665,,0.05375
1993-12-03,0.060633,0.066224,,0.05375
1993-12-06,0.059834,0.065792,,0.05375
1993-12-07,0.059980000000000006,0.065847,,0.05375
1993-12-08,0.059411,0.06521,,0.05375
1993-12-09,0.059031,0.06492,,0.05375
1993-12-10,0.059049,0.064692,,0.05375
1993-12-13,0.058845999999999996,0.064414,,0.05375
1993-12-14,0.058834,0.064443,,0.05375
1993-12-15,0.058883,0.064148,,0.05375
1993-12-16,0.058646000000000004,0.063723,,0.05375
1993-12-17,0.058355,0.06312999999999999,,0.05375
1993-12-20,0.058613,0.063068,,0.05375
1993-12-21,0.058902,0.06360400000000001,,0.05375
1993-12-22,0.05915600000000001,0.06367300000000001,,0.05375
1993-12-23,0.058634000000000006,0.06316,,0.05375
1993-12-24,0.058461,0.063002,,0.05375
1993-12-29,0.058059,0.062317,,0.05375
1993-12-30,0.058095,0.062466,,0.05375
1993-12-31,0.058114,0.062390999999999995,,0.05375
1994-01-04,0.059028,0.063541,,0.05375
1994-01-05,0.059479,0.064026,,0.05375
1994-01-06,0.059384,0.063942,,0.05375
1994-01-07,0.058961,0.063164,,0.05375
1994-01-10,0.05903800000000001,0.063332,,0.05375
1994-01-11,0.059549000000000005,0.06397800000000001,,0.05375
1994-01-12,0.059674,0.063891,,0.05375
1994-01-13,0.060252,0.064733,,0.05375
1994-01-14,0.060592,0.065078,,0.05375
1994-01-17,0.060152000000000004,0.06484,,0.05375
1994-01-18,0.059412,0.064074,,0.05375
1994-01-19,0.058331999999999995,0.062832,,0.05375
1994-01-20,0.058619000000000004,0.062949,,0.05375
1994-01-21,0.058931,0.063178,,0.05375
1994-01-24,0.058727999999999995,0.063085,,0.05375
1994-01-25,0.058774,0.063312,,0.05375
1994-01-26,0.059147,0.06379,,0.05375
1994-01-27,0.059592,0.064568,,0.05375
1994-01-28,0.059174,0.064011,,0.05375
1994-01-31,0.059005999999999996,0.06355000000000001,,0.05375
1994-02-01,0.059027,0.064219,,0.05375
1994-02-02,0.059266,0.064304,,0.05375
1994-02-03,0.059935999999999996,0.065087,,0.05375
1994-02-04,0.060544,0.065761,,0.05375
1994-02-07,0.061961,0.066729,,0.05375
1994-02-08,0.061241000000000004,0.066817,,0.05125
1994-02-09,0.061698,0.06717,,0.05125
1994-02-10,0.062164000000000004,0.067394,,0.05125
1994-02-11,0.062084,0.067111,,0.05125
1994-02-14,0.062279999999999995,0.067187,,0.05125
1994-02-15,0.06245,0.067299,,0.05125
1994-02-16,0.062149,0.066989,,0.05125
1994-02-17,0.061685,0.066651,,0.05125
1994-02-18,0.06205599999999999,0.067592,,0.05125
1994-02-21,0.063082,0.069008,,0.05125
1994-02-22,0.06439600000000001,0.06924999999999999,,0.05125
1994-02-23,0.06465,0.069295,,0.05125
1994-02-24,0.067426,0.071853,,0.05125
1994-02-25,0.066547,0.071299,,0.05125
1994-02-28,0.06567,0.070417,,0.05125
1994-03-01,0.067094,0.072264,,0.05125
1994-03-02,0.067395,0.07237,,0.05125
1994-03-03,0.067664,0.072698,,0.05125
1994-03-04,0.066958,0.071688,,0.05125
1994-03-07,0.066112,0.070535,,0.05125
1994-03-08,0.066453,0.071382,,0.05125
1994-03-09,0.067143,0.07168000000000001,,0.05125
1994-03-10,0.06692300000000001,0.071522,,0.05125
1994-03-11,0.068724,0.073583,,0.05125
1994-03-14,0.068166,0.072957,,0.05125
1994-03-15,0.067136,0.071485,,0.05125
1994-03-16,0.068755,0.073162,,0.05125
1994-03-17,0.068749,0.073438,,0.05125
1994-03-18,0.070045,0.074753,,0.05125
1994-03-21,0.069729,0.074851,,0.05125
1994-03-22,0.069066,0.074044,,0.05125
1994-03-23,0.070163,0.07499399999999999,,0.05125
1994-03-24,0.073093,0.077668,,0.05125
1994-03-25,0.074727,0.07912899999999999,,0.05125
1994-03-28,0.07454100000000001,0.0784,,0.05125
1994-03-29,0.076114,0.07939,,0.05125
1994-03-30,0.07505099999999999,0.07746,,0.05125
1994-03-31,0.073976,0.07646700000000001,,0.05125
1994-04-05,0.075133,0.07718,,0.05125
1994-04-06,0.074152,0.076621,,0.05125
1994-04-07,0.074463,0.077009,,0.05125
1994-04-08,0.074843,0.077752,,0.05125
1994-04-11,0.074283,0.076802,,0.05125
1994-04-12,0.074428,0.077017,,0.05125
1994-04-13,0.074782,0.077706,,0.05125
1994-04-14,0.07478900000000001,0.077635,,0.05125
1994-04-15,0.07408100000000001,0.07652300000000001,,0.05125
1994-04-18,0.07634400000000001,0.079134,,0.05125
1994-04-19,0.076668,0.079326,,0.05125
1994-04-20,0.077732,0.080306,,0.05125
1994-04-21,0.077513,0.07938100000000001,,0.05125
1994-04-22,0.076796,0.078502,,0.05125
1994-04-25,0.078436,0.080042,,0.05125
1994-04-26,0.07773,0.079333,,0.05125
1994-04-27,0.077461,0.079166,,0.05125
1994-04-28,0.078026,0.080247,,0.05125
1994-04-29,0.077653,0.079937,,0.05125
1994-05-03,0.078941,0.08147399999999999,,0.05125
1994-05-04,0.081036,0.083355,,0.05125
1994-05-05,0.08039400000000001,0.082691,,0.05125
1994-05-06,0.081106,0.083866,,0.05125
1994-05-09,0.081956,0.084414,,0.05125
1994-05-10,0.081516,0.084084,,0.05125
1994-05-11,0.080689,0.08362299999999999,,0.05125
1994-05-12,0.08006,0.083132,,0.05125
1994-05-13,0.078851,0.08177899999999999,,0.05125
1994-05-16,0.07879,0.081818,,0.05125
1994-05-17,0.07842299999999999,0.08142300000000001,,0.05125
1994-05-18,0.078143,0.080847,,0.05125
1994-05-19,0.07696399999999999,0.079799,,0.05125
1994-05-20,0.07705000000000001,0.079981,,0.05125
1994-05-23,0.077719,0.080919,,0.05125
1994-05-24,0.079136,0.08241,,0.05125
1994-05-25,0.080565,0.084261,,0.05125
1994-05-26,0.080938,0.08427199999999999,,0.05125
1994-05-27,0.08228300000000001,0.08566700000000001,,0.05125
1994-05-31,0.08346999999999999,0.086686,,0.05125
1994-06-01,0.087108,0.089858,,0.05125
1994-06-02,0.085042,0.08697800000000001,,0.05125
1994-06-03,0.082223,0.08488899999999999,,0.05125
1994-06-06,0.082454,0.08515700000000001,,0.05125
1994-06-07,0.083887,0.086612,,0.05125
1994-06-08,0.082871,0.085121,,0.05125
1994-06-09,0.083483,0.085861,,0.05125
1994-06-10,0.083,0.08527599999999999,,0.05125
1994-06-13,0.084864,0.087467,,0.05125
1994-06-14,0.08479900000000001,0.087089,,0.05125
1994-06-15,0.083429,0.08642899999999999,,0.05125
1994-06-16,0.08539300000000001,0.087993,,0.05125
1994-06-17,0.085268,0.087951,,0.05125
1994-06-20,0.08708600000000001,0.089637,,0.05125
1994-06-21,0.08752900000000001,0.09021000000000001,,0.05125
1994-06-22,0.085661,0.088224,,0.05125
1994-06-23,0.08452299999999999,0.08706200000000001,,0.05125
1994-06-24,0.085595,0.087945,,0.05125
1994-06-27,0.084202,0.08614000000000001,,0.05125
1994-06-28,0.084392,0.086558,,0.05125
1994-06-29,0.083797,0.085873,,0.05125
1994-06-30,0.085639,0.08797100000000001,,0.05125
1994-07-01,0.085476,0.087853,,0.05125
1994-07-04,0.085039,0.087374,,0.05125
1994-07-05,0.0851,0.08757899999999999,,0.05125
1994-07-06,0.08489000000000001,0.087359,,0.05125
1994-07-07,0.08512499999999999,0.08728300000000001,,0.05125
1994-07-08,0.084901,0.08677,,0.05125
1994-07-11,0.083988,0.086082,,0.05125
1994-07-12,0.08238,0.08429600000000001,,0.05125
1994-07-13,0.08147700000000001,0.083934,,0.05125
1994-07-14,0.08057,0.082839,,0.05125
1994-07-15,0.08068199999999999,0.083526,,0.05125
1994-07-18,0.08045999999999999,0.08312699999999999,,0.05125
1994-07-19,0.08037599999999999,0.083132,,0.05125
1994-07-20,0.081176,0.08406000000000001,,0.05125
1994-07-21,0.08116799999999999,0.083955,,0.05125
1994-07-22,0.08157500000000001,0.08427199999999999,,0.05125
1994-07-25,0.081753,0.083857,,0.05125
1994-07-26,0.08187900000000001,0.08428100000000001,,0.05125
1994-07-27,0.084786,0.086756,,0.05125
1994-07-28,0.08495799999999999,0.087059,,0.05125
1994-07-29,0.08509399999999999,0.086533,,0.05125
1994-08-01,0.084967,0.08644500000000001,,0.05125
1994-08-02,0.08316000000000001,0.084314,,0.05125
1994-08-03,0.083384,0.084543,,0.05125
1994-08-04,0.08405699999999999,0.085481,,0.05125
1994-08-05,0.08411300000000001,0.08552799999999999,,0.05125
1994-08-08,0.083612,0.085071,,0.05125
1994-08-09,0.084345,0.086046,,0.05125
1994-08-10,0.08411199999999999,0.085682,,0.05125
1994-08-11,0.086202,0.08769,,0.05125
1994-08-12,0.086391,0.087745,,0.05125
1994-08-15,0.08662900000000001,0.087978,,0.05125
1994-08-16,0.08596999999999999,0.087243,,0.05125
1994-08-17,0.08552799999999999,0.08672200000000001,,0.05125
1994-08-18,0.08640700000000001,0.087769,,0.05125
1994-08-19,0.08652900000000001,0.08777499999999999,,0.05125
1994-08-22,0.086472,0.087669,,0.05125
1994-08-23,0.08647600000000001,0.087505,,0.05125
1994-08-24,0.08663,0.08760899999999999,,0.05125
1994-08-25,0.085787,0.086577,,0.05125
1994-08-26,0.08509,0.085801,,0.05125
1994-08-30,0.085339,0.086228,,0.05125
1994-08-31,0.08508900000000001,0.0861,,0.05125
1994-09-01,0.08453200000000001,0.085646,,0.05125
1994-09-02,0.085662,0.086981,,0.05125
1994-09-05,0.085598,0.086911,,0.05125
1994-09-06,0.086881,0.088333,,0.05125
1994-09-07,0.086484,0.087876,,0.05125
1994-09-08,0.08508800000000001,0.086714,,0.05125
1994-09-09,0.086714,0.088949,,0.05125
1994-09-12,0.087014,0.088254,,0.05625
1994-09-13,0.086923,0.088108,,0.05625
1994-09-14,0.088703,0.089966,,0.05625
1994-09-15,0.087416,0.08877399999999999,,0.05625
1994-09-16,0.089363,0.090793,,0.05625
1994-09-19,0.08960900000000001,0.09069100000000001,,0.05625
1994-09-20,0.090119,0.091256,,0.05625
1994-09-21,0.09038500000000001,0.091202,,0.05625
1994-09-22,0.089331,0.09003399999999999,,0.05625
1994-09-23,0.08920199999999999,0.089698,,0.05625
1994-09-26,0.089061,0.08979799999999999,,0.05625
1994-09-27,0.089021,0.08998900000000001,,0.05625
1994-09-28,0.088171,0.088937,,0.05625
1994-09-29,0.088574,0.08931900000000001,,0.05625
1994-09-30,0.088394,0.08887700000000001,,0.05625
1994-10-03,0.089291,0.08996,,0.05625
1994-10-04,0.089161,0.08950699999999999,,0.05625
1994-10-05,0.089242,0.08986000000000001,,0.05625
1994-10-06,0.088298,0.089114,,0.05625
1994-10-07,0.08749499999999999,0.08817399999999999,,0.05625
1994-10-10,0.08700100000000001,0.087734,,0.05625
1994-10-11,0.086746,0.087575,,0.05625
1994-10-12,0.085961,0.08687900000000001,,0.05625
1994-10-13,0.085482,0.086148,,0.05625
1994-10-14,0.085942,0.086365,,0.05625
1994-10-17,0.08482100000000001,0.085385,,0.05625
1994-10-18,0.085565,0.086084,,0.05625
1994-10-19,0.08591100000000002,0.08659700000000001,,0.05625
1994-10-20,0.086372,0.086967,,0.05625
1994-10-21,0.08663399999999999,0.087177,,0.05625
1994-10-24,0.08730399999999999,0.08796699999999999,,0.05625
1994-10-25,0.088635,0.089242,,0.05625
1994-10-26,0.08909399999999999,0.08923600000000001,,0.05625
1994-10-27,0.088023,0.088301,,0.05625
1994-10-28,0.08713699999999999,0.08746000000000001,,0.05625
1994-10-31,0.087748,0.088014,,0.05625
1994-11-01,0.08683500000000001,0.087241,,0.05625
1994-11-02,0.087555,0.088083,,0.05625
1994-11-03,0.08701,0.087572,,0.05625
1994-11-04,0.086458,0.087198,,0.05625
1994-11-07,0.087302,0.08794600000000001,,0.05625
1994-11-08,0.087254,0.087806,,0.05625
1994-11-09,0.086403,0.08692,,0.05625
1994-11-10,0.08629400000000001,0.086935,,0.05625
1994-11-11,0.086542,0.08726300000000001,,0.05625
1994-11-14,0.086342,0.086854,,0.05625
1994-11-15,0.08573700000000001,0.086465,,0.05625
1994-11-16,0.08544299999999999,0.08619099999999999,,0.05625
1994-11-17,0.085534,0.086557,,0.05625
1994-11-18,0.08495100000000001,0.08605,,0.05625
1994-11-21,0.085068,0.08591100000000002,,0.05625
1994-11-22,0.084857,0.085711,,0.05625
1994-11-23,0.083956,0.08485200000000001,,0.05625
1994-11-24,0.083899,0.084719,,0.05625
1994-11-25,0.084308,0.084894,,0.05625
1994-11-28,0.083931,0.084466,,0.05625
1994-11-29,0.08487399999999999,0.085287,,0.05625
1994-11-30,0.08488200000000001,0.085032,,0.05625
1994-12-01,0.085038,0.085085,,0.05625
1994-12-02,0.08502499999999999,0.085227,,0.05625
1994-12-05,0.085707,0.085834,,0.05625
1994-12-06,0.08636200000000001,0.086411,,0.05625
1994-12-07,0.08614100000000001,0.086188,,0.06125
1994-12-08,0.085854,0.085993,,0.06125
1994-12-09,0.085152,0.085105,,0.06125
1994-12-12,0.085778,0.085677,,0.06125
1994-12-13,0.08628399999999999,0.086295,,0.06125
1994-12-14,0.08600899999999999,0.085873,,0.06125
1994-12-15,0.085573,0.085523,,0.06125
1994-12-16,0.085756,0.08558500000000001,,0.06125
1994-12-19,0.085638,0.08537,,0.06125
1994-12-20,0.085794,0.085592,,0.06125
1994-12-21,0.085526,0.08537900000000001,,0.06125
1994-12-22,0.085455,0.085357,,0.06125
1994-12-23,0.085538,0.085367,,0.06125
1994-12-28,0.08555099999999999,0.085201,,0.06125
1994-12-29,0.087942,0.087714,,0.06125
1994-12-30,0.087537,0.087508,,0.06125
1995-01-03,0.088098,0.08813399999999999,,0.06125
1995-01-04,0.08752499999999999,0.087643,,0.06125
1995-01-05,0.08763199999999999,0.08774100000000001,,0.06125
1995-01-06,0.08723800000000001,0.08715099999999999,,0.06125
1995-01-09,0.087954,0.087806,,0.06125
1995-01-10,0.087889,0.08770099999999999,,0.06125
1995-01-11,0.08777499999999999,0.08767899999999999,,0.06125
1995-01-12,0.087518,0.087501,,0.06125
1995-01-13,0.087509,0.087439,,0.06125
1995-01-16,0.08698299999999999,0.08694,,0.06125
1995-01-17,0.086887,0.086861,,0.06125
1995-01-18,0.087754,0.087655,,0.06125
1995-01-19,0.087316,0.087065,,0.06125
1995-01-20,0.087458,0.08723900000000001,,0.06125
1995-01-23,0.08792,0.087858,,0.06125
1995-01-24,0.087887,0.08782999999999999,,0.06125
1995-01-25,0.08793200000000001,0.087868,,0.06125
1995-01-26,0.08738099999999999,0.087153,,0.06125
1995-01-27,0.086687,0.086433,,0.06125
1995-01-30,0.086425,0.086393,,0.06125
1995-01-31,0.086214,0.086242,,0.06125
1995-02-01,0.086031,0.085997,,0.06125
1995-02-02,0.086252,0.086128,,0.06625
1995-02-03,0.086204,0.086257,,0.06625
1995-02-06,0.086285,0.08631,,0.06625
1995-02-07,0.085258,0.085336,,0.06625
1995-02-08,0.085455,0.08557600000000001,,0.06625
1995-02-09,0.085401,0.085454,,0.06625
1995-02-10,0.085653,0.08565400000000001,,0.06625
1995-02-13,0.08764200000000001,0.08766299999999999,,0.06625
1995-02-14,0.087619,0.087569,,0.06625
1995-02-15,0.08627000000000001,0.086577,,0.06625
1995-02-16,0.08636799999999999,0.08667299999999999,,0.06625
1995-02-17,0.086483,0.086809,,0.06625
1995-02-20,0.08704,0.087193,,0.06625
1995-02-21,0.08747500000000001,0.08770099999999999,,0.06625
1995-02-22,0.086913,0.087149,,0.06625
1995-02-23,0.085849,0.08630499999999999,,0.06625
1995-02-24,0.086647,0.086863,,0.06625
1995-02-27,0.086705,0.087059,,0.06625
1995-02-28,0.086553,0.086862,,0.06625
1995-03-01,0.086023,0.086218,,0.06625
1995-03-02,0.08560499999999999,0.086075,,0.06625
1995-03-03,0.085745,0.086148,,0.06625
1995-03-06,0.086549,0.087112,,0.06625
1995-03-07,0.08818300000000001,0.08860699999999999,,0.06625
1995-03-08,0.08769600000000001,0.08793100000000001,,0.06625
1995-03-09,0.08732799999999999,0.087754,,0.06625
1995-03-10,0.08690400000000001,0.087117,,0.06625
1995-03-13,0.08707100000000001,0.087249,,0.06625
1995-03-14,0.08557100000000001,0.08582700000000001,,0.06625
1995-03-15,0.085329,0.085677,,0.06625
1995-03-16,0.084305,0.08453,,0.06625
1995-03-17,0.085122,0.08539999999999999,,0.06625
1995-03-20,0.084704,0.08504300000000001,,0.06625
1995-03-21,0.08435100000000001,0.084698,,0.06625
1995-03-22,0.08436099999999999,0.08478400000000001,,0.06625
1995-03-23,0.084579,0.08504899999999999,,0.06625
1995-03-24,0.08423,0.084672,,0.06625
1995-03-27,0.084444,0.085009,,0.06625
1995-03-28,0.08477399999999999,0.085339,,0.06625
1995-03-29,0.085322,0.08591100000000002,,0.06625
1995-03-30,0.08413500000000002,0.084969,,0.06625
1995-03-31,0.08485799999999999,0.085461,,0.06625
1995-04-03,0.084306,0.08488899999999999,,0.06625
1995-04-04,0.083941,0.08449,,0.06625
1995-04-05,0.083704,0.084353,,0.06625
1995-04-06,0.083925,0.08460200000000001,,0.06625
1995-04-07,0.083242,0.08424,,0.06625
1995-04-10,0.08379500000000001,0.08489200000000001,,0.06625
1995-04-11,0.083813,0.08488699999999999,,0.06625
1995-04-12,0.083056,0.08421300000000001,,0.06625
1995-04-13,0.082765,0.08367100000000001,,0.06625
1995-04-18,0.082682,0.08364100000000001,,0.06625
1995-04-19,0.08391,0.08481999999999999,,0.06625
1995-04-20,0.08361700000000001,0.084294,,0.06625
1995-04-21,0.083072,0.08395,,0.06625
1995-04-24,0.083257,0.08400600000000001,,0.06625
1995-04-25,0.083887,0.08456200000000001,,0.06625
1995-04-26,0.083225,0.084024,,0.06625
1995-04-27,0.083628,0.084388,,0.06625
1995-04-28,0.084132,0.08487600000000001,,0.06625
1995-05-01,0.084191,0.084831,,0.06625
1995-05-02,0.084067,0.084773,,0.06625
1995-05-03,0.083424,0.084035,,0.06625
1995-05-04,0.082883,0.08361700000000001,,0.06625
1995-05-05,0.082127,0.083339,,0.06625
1995-05-09,0.082341,0.08368700000000001,,0.06625
1995-05-10,0.080564,0.08162000000000001,,0.06625
1995-05-11,0.08136499999999999,0.08221,,0.06625
1995-05-12,0.08163500000000001,0.082378,,0.06625
1995-05-15,0.0815,0.08242200000000001,,0.06625
1995-05-16,0.080788,0.081754,,0.06625
1995-05-17,0.080776,0.081959,,0.06625
1995-05-18,0.079725,0.08111800000000001,,0.06625
1995-05-19,0.079802,0.08133800000000001,,0.06625
1995-05-22,0.079673,0.081014,,0.06625
1995-05-23,0.079446,0.080883,,0.06625
1995-05-24,0.077503,0.079126,,0.06625
1995-05-25,0.077434,0.079121,,0.06625
1995-05-26,0.07805100000000001,0.079784,,0.06625
1995-05-30,0.07749500000000001,0.079248,,0.06625
1995-05-31,0.077613,0.079587,,0.06625
1995-06-01,0.07638,0.078527,,0.06625
1995-06-02,0.074842,0.07748300000000001,,0.06625
1995-06-05,0.074517,0.077341,,0.06625
1995-06-06,0.074287,0.07715,,0.06625
1995-06-07,0.07527400000000001,0.077989,,0.06625
1995-06-08,0.076559,0.07903500000000001,,0.06625
1995-06-09,0.078946,0.08139400000000001,,0.06625
1995-06-12,0.079366,0.081602,,0.06625
1995-06-13,0.077786,0.08026,,0.06625
1995-06-14,0.078427,0.080823,,0.06625
1995-06-15,0.078963,0.08125600000000001,,0.06625
1995-06-16,0.079786,0.082144,,0.06625
1995-06-19,0.078953,0.08129,,0.06625
1995-06-20,0.078841,0.081357,,0.06625
1995-06-21,0.078971,0.08152699999999999,,0.06625
1995-06-22,0.077759,0.080231,,0.06625
1995-06-23,0.079061,0.081912,,0.06625
1995-06-26,0.08124700000000001,0.08398199999999999,,0.06625
1995-06-27,0.081914,0.08414400000000001,,0.06625
1995-06-28,0.08233800000000001,0.08474500000000001,,0.06625
1995-06-29,0.08277200000000001,0.085052,,0.06625
1995-06-30,0.08263,0.08488799999999999,,0.06625
1995-07-03,0.08234400000000001,0.084734,,0.06625
1995-07-04,0.081861,0.084182,,0.06625
1995-07-05,0.08103500000000001,0.083437,,0.06625
1995-07-06,0.08111499999999999,0.08352399999999999,,0.06625
1995-07-07,0.078982,0.08165900000000001,,0.06625
1995-07-10,0.078518,0.08133599999999999,,0.06625
1995-07-11,0.07865899999999999,0.081349,,0.06625
1995-07-12,0.078453,0.081249,,0.06625
1995-07-13,0.079134,0.08181100000000001,,0.06625
1995-07-14,0.079735,0.082342,,0.06625
1995-07-17,0.079496,0.082249,,0.06625
1995-07-18,0.079818,0.082597,,0.06625
1995-07-19,0.08010099999999999,0.082964,,0.06625
1995-07-20,0.080414,0.083371,,0.06625
1995-07-21,0.080455,0.083592,,0.06625
1995-07-24,0.079909,0.08304700000000001,,0.06625
1995-07-25,0.07954900000000001,0.082849,,0.06625
1995-07-26,0.078711,0.08196099999999999,,0.06625
1995-07-27,0.078605,0.08184799999999999,,0.06625
1995-07-28,0.079253,0.082484,,0.06625
1995-07-31,0.07920200000000001,0.08228999999999999,,0.06625
1995-08-01,0.079468,0.08260999999999999,,0.06625
1995-08-02,0.078382,0.081427,,0.06625
1995-08-03,0.078488,0.081577,,0.06625
1995-08-04,0.077836,0.080776,,0.06625
1995-08-07,0.0775,0.08048,,0.06625
1995-08-08,0.077303,0.080441,,0.06625
1995-08-09,0.077396,0.080692,,0.06625
1995-08-10,0.076873,0.08009000000000001,,0.06625
1995-08-11,0.07772,0.08095000000000001,,0.06625
1995-08-14,0.07906200000000001,0.08219699999999999,,0.06625
1995-08-15,0.079788,0.08267,,0.06625
1995-08-16,0.078818,0.08200900000000001,,0.06625
1995-08-17,0.078357,0.081844,,0.06625
1995-08-18,0.077962,0.08149699999999999,,0.06625
1995-08-21,0.07725900000000001,0.08078400000000001,,0.06625
1995-08-22,0.077204,0.080771,,0.06625
1995-08-23,0.07739499999999999,0.080946,,0.06625
1995-08-24,0.077253,0.080963,,0.06625
1995-08-25,0.076999,0.080644,,0.06625
1995-08-29,0.076766,0.08062200000000001,,0.06625
1995-08-30,0.076773,0.080686,,0.06625
1995-08-31,0.077043,0.081037,,0.06625
1995-09-01,0.075769,0.079624,,0.06625
1995-09-04,0.075358,0.07955899999999999,,0.06625
1995-09-05,0.075375,0.079484,,0.06625
1995-09-06,0.075296,0.079208,,0.06625
1995-09-07,0.075431,0.079411,,0.06625
1995-09-08,0.075186,0.079272,,0.06625
1995-09-11,0.075168,0.07926899999999999,,0.06625
1995-09-12,0.074455,0.078616,,0.06625
1995-09-13,0.07377399999999999,0.077919,,0.06625
1995-09-14,0.073394,0.077795,,0.06625
1995-09-15,0.074109,0.07839800000000001,,0.06625
1995-09-18,0.074616,0.078787,,0.06625
1995-09-19,0.074642,0.07879699999999999,,0.06625
1995-09-20,0.074472,0.078523,,0.06625
1995-09-21,0.07475799999999999,0.078665,,0.06625
1995-09-22,0.076448,0.080232,,0.06625
1995-09-25,0.07671800000000001,0.08053,,0.06625
1995-09-26,0.076337,0.080264,,0.06625
1995-09-27,0.077721,0.08168900000000001,,0.06625
1995-09-28,0.077686,0.08169499999999999,,0.06625
1995-09-29,0.077026,0.081479,,0.06625
1995-10-02,0.07600699999999999,0.080672,,0.06625
1995-10-03,0.075418,0.080318,,0.06625
1995-10-04,0.075222,0.08014900000000001,,0.06625
1995-10-05,0.075492,0.080462,,0.06625
1995-10-06,0.075726,0.08065099999999999,,0.06625
1995-10-09,0.076562,0.08128,,0.06625
1995-10-10,0.076757,0.081416,,0.06625
1995-10-11,0.07707900000000001,0.08155099999999998,,0.06625
1995-10-12,0.077539,0.081717,,0.06625
1995-10-13,0.076791,0.080851,,0.06625
1995-10-16,0.07696900000000001,0.081358,,0.06625
1995-10-17,0.077117,0.081593,,0.06625
1995-10-18,0.076283,0.080997,,0.06625
1995-10-19,0.076194,0.08086399999999999,,0.06625
1995-10-20,0.07695199999999999,0.081634,,0.06625
1995-10-23,0.0774,0.08216100000000001,,0.06625
1995-10-24,0.077346,0.08220599999999999,,0.06625
1995-10-25,0.07576100000000001,0.08044499999999999,,0.06625
1995-10-26,0.07557,0.080266,,0.06625
1995-10-27,0.075908,0.080753,,0.06625
1995-10-30,0.07560399999999999,0.080348,,0.06625
1995-10-31,0.075014,0.07958,,0.06625
1995-11-01,0.074628,0.079095,,0.06625
1995-11-02,0.07431,0.078825,,0.06625
1995-11-03,0.074485,0.079356,,0.06625
1995-11-06,0.073913,0.07878199999999999,,0.06625
1995-11-07,0.073932,0.078914,,0.06625
1995-11-08,0.073078,0.07801999999999999,,0.06625
1995-11-09,0.073423,0.07852,,0.06625
1995-11-10,0.07397300000000001,0.0788,,0.06625
1995-11-13,0.073529,0.078563,,0.06625
1995-11-14,0.073354,0.078399,,0.06625
1995-11-15,0.073177,0.07822,,0.06625
1995-11-16,0.072059,0.077135,,0.06625
1995-11-17,0.072331,0.077492,,0.06625
1995-11-20,0.072725,0.077864,,0.06625
1995-11-21,0.072729,0.077823,,0.06625
1995-11-22,0.07209,0.077199,,0.06625
1995-11-23,0.071677,0.07684,,0.06625
1995-11-24,0.071449,0.07659500000000001,,0.06625
1995-11-27,0.070459,0.075651,,0.06625
1995-11-28,0.07127,0.076461,,0.06625
1995-11-29,0.070709,0.07618,,0.06625
1995-11-30,0.070323,0.075811,,0.06625
1995-12-01,0.069694,0.075465,,0.06625
1995-12-04,0.06970799999999999,0.075477,,0.06625
1995-12-05,0.069558,0.07512400000000001,,0.06625
1995-12-06,0.068747,0.074029,,0.06625
1995-12-07,0.069238,0.07467399999999999,,0.06625
1995-12-08,0.069867,0.075132,,0.06625
1995-12-11,0.069669,0.074924,,0.06625
1995-12-12,0.069601,0.074799,,0.06625
1995-12-13,0.06930900000000001,0.074625,,0.06375
1995-12-14,0.06869,0.07431600000000001,,0.06375
1995-12-15,0.06848900000000001,0.074301,,0.06375
1995-12-18,0.06907,0.074879,,0.06375
1995-12-19,0.069807,0.075686,,0.06375
1995-12-20,0.069531,0.075396,,0.06375
1995-12-21,0.07012,0.075838,,0.06375
1995-12-22,0.069847,0.075555,,0.06375
1995-12-27,0.068797,0.07435699999999999,,0.06375
1995-12-28,0.069143,0.074584,,0.06375
1995-12-29,0.06899,0.074437,,0.06375
1996-01-02,0.06989200000000001,0.07481499999999999,,0.06375
1996-01-03,0.070565,0.075405,,0.06375
1996-01-04,0.069504,0.074485,,0.06375
1996-01-05,0.070049,0.075256,,0.06375
1996-01-08,0.070312,0.075265,,0.06375
1996-01-09,0.070183,0.075069,,0.06375
1996-01-10,0.070302,0.075318,,0.06375
1996-01-11,0.070168,0.075291,,0.06375
1996-01-12,0.069761,0.074974,,0.06375
1996-01-15,0.069305,0.07442,,0.06375
1996-01-16,0.06812599999999999,0.073461,,0.06375
1996-01-17,0.068098,0.073479,,0.06375
1996-01-18,0.066859,0.072751,,0.06125
1996-01-19,0.067395,0.073131,,0.06125
1996-01-22,0.067846,0.07349800000000001,,0.06125
1996-01-23,0.068221,0.073723,,0.06125
1996-01-24,0.067817,0.073306,,0.06125
1996-01-25,0.068278,0.073977,,0.06125
1996-01-26,0.068849,0.074652,,0.06125
1996-01-29,0.069283,0.07499399999999999,,0.06125
1996-01-30,0.06885100000000001,0.074588,,0.06125
1996-01-31,0.069356,0.075107,,0.06125
1996-02-01,0.069248,0.07490999999999999,,0.06125
1996-02-02,0.070148,0.075938,,0.06125
1996-02-05,0.07158199999999999,0.077477,,0.06125
1996-02-06,0.071018,0.076983,,0.06125
1996-02-07,0.070519,0.076494,,0.06125
1996-02-08,0.07040600000000001,0.076519,,0.06125
1996-02-09,0.070493,0.07641099999999999,,0.06125
1996-02-12,0.070438,0.076449,,0.06125
1996-02-13,0.070299,0.076293,,0.06125
1996-02-14,0.070929,0.076931,,0.06125
1996-02-15,0.070713,0.07690000000000001,,0.06125
1996-02-16,0.070503,0.076978,,0.06125
1996-02-19,0.072237,0.078533,,0.06125
1996-02-20,0.073169,0.078969,,0.06125
1996-02-21,0.07259299999999999,0.07821399999999999,,0.06125
1996-02-22,0.072757,0.078606,,0.06125
1996-02-23,0.07280199999999999,0.07877200000000001,,0.06125
1996-02-26,0.073794,0.07963,,0.06125
1996-02-27,0.07361100000000001,0.079509,,0.06125
1996-02-28,0.073484,0.079356,,0.06125
1996-02-29,0.074048,0.080099,,0.06125
1996-03-01,0.072464,0.078396,,0.06125
1996-03-04,0.07137299999999999,0.077749,,0.06125
1996-03-05,0.071843,0.078316,,0.06125
1996-03-06,0.072012,0.078345,,0.06125
1996-03-07,0.072488,0.07863400000000001,,0.06125
1996-03-08,0.07506,0.08065699999999999,,0.059375
1996-03-11,0.076342,0.08136499999999999,,0.059375
1996-03-12,0.076913,0.081923,,0.059375
1996-03-13,0.076079,0.081412,,0.059375
1996-03-14,0.075475,0.080946,,0.059375
1996-03-15,0.07582900000000001,0.08138999999999999,,0.059375
1996-03-18,0.075804,0.08106999999999999,,0.059375
1996-03-19,0.07606099999999999,0.081446,,0.059375
1996-03-20,0.075435,0.080623,,0.059375
1996-03-21,0.075337,0.080654,,0.059375
1996-03-22,0.076129,0.081451,,0.059375
1996-03-25,0.07570700000000001,0.08081300000000001,,0.059375
1996-03-26,0.076144,0.081334,,0.059375
1996-03-27,0.076236,0.081392,,0.059375
1996-03-28,0.077129,0.08227499999999999,,0.059375
1996-03-29,0.076681,0.081776,,0.059375
1996-04-01,0.075985,0.081038,,0.059375
1996-04-02,0.075612,0.080537,,0.059375
1996-04-03,0.075742,0.080679,,0.059375
1996-04-04,0.07563399999999999,0.080451,,0.059375
1996-04-09,0.076514,0.08117100000000001,,0.059375
1996-04-10,0.076192,0.080921,,0.059375
1996-04-11,0.077158,0.081795,,0.059375
1996-04-12,0.07627500000000001,0.080738,,0.059375
1996-04-15,0.076063,0.080894,,0.059375
1996-04-16,0.07570199999999999,0.080451,,0.059375
1996-04-17,0.076901,0.081319,,0.059375
1996-04-18,0.076372,0.080823,,0.059375
1996-04-19,0.075775,0.08029,,0.059375
1996-04-22,0.0756,0.080058,,0.059375
1996-04-23,0.07549800000000001,0.080106,,0.059375
1996-04-24,0.075676,0.080403,,0.059375
1996-04-25,0.074749,0.079877,,0.059375
1996-04-26,0.074869,0.079898,,0.059375
1996-04-29,0.074962,0.080117,,0.059375
1996-04-30,0.075249,0.08047,,0.059375
1996-05-01,0.07532,0.080449,,0.059375
1996-05-02,0.076422,0.08160500000000001,,0.059375
1996-05-03,0.077145,0.082402,,0.059375
1996-05-07,0.077235,0.08244699999999999,,0.059375
1996-05-08,0.07663,0.081821,,0.059375
1996-05-09,0.076399,0.08142300000000001,,0.059375
1996-05-10,0.075618,0.0805,,0.059375
1996-05-13,0.075645,0.080659,,0.059375
1996-05-14,0.075182,0.080098,,0.059375
1996-05-15,0.075655,0.080593,,0.059375
1996-05-16,0.075624,0.08055799999999999,,0.059375
1996-05-17,0.074985,0.079836,,0.059375
1996-05-20,0.074964,0.079809,,0.059375
1996-05-21,0.075382,0.080214,,0.059375
1996-05-22,0.07555100000000001,0.08054700000000001,,0.059375
1996-05-23,0.075402,0.080374,,0.059375
1996-05-24,0.075511,0.080525,,0.059375
1996-05-28,0.075474,0.08056100000000001,,0.059375
1996-05-29,0.07560800000000001,0.08064,,0.059375
1996-05-30,0.076537,0.08169,,0.059375
1996-05-31,0.076504,0.08153600000000001,,0.059375
1996-06-03,0.07599,0.080845,,0.059375
1996-06-04,0.07542,0.08047900000000001,,0.059375
1996-06-05,0.07569,0.080641,,0.059375
1996-06-06,0.07465,0.07996299999999999,,0.056875
1996-06-07,0.075514,0.08101900000000001,,0.056875
1996-06-10,0.075062,0.08076900000000001,,0.056875
1996-06-11,0.074643,0.080402,,0.056875
1996-06-12,0.075018,0.080527,,0.056875
1996-06-13,0.075054,0.080832,,0.056875
1996-06-14,0.075611,0.081212,,0.056875
1996-06-17,0.075681,0.08130699999999999,,0.056875
1996-06-18,0.075462,0.081098,,0.056875
1996-06-19,0.075365,0.081059,,0.056875
1996-06-20,0.07542399999999999,0.081143,,0.056875
1996-06-21,0.074719,0.08035500000000001,,0.056875
1996-06-24,0.074497,0.080221,,0.056875
1996-06-25,0.074352,0.079985,,0.056875
1996-06-26,0.074182,0.079777,,0.056875
1996-06-27,0.074626,0.080111,,0.056875
1996-06-28,0.07362199999999999,0.079046,,0.056875
1996-07-01,0.073809,0.079249,,0.056875
1996-07-02,0.073632,0.07917,,0.056875
1996-07-03,0.073747,0.079402,,0.056875
1996-07-04,0.073215,0.07898100000000001,,0.056875
1996-07-05,0.073931,0.079669,,0.056875
1996-07-08,0.073796,0.079471,,0.056875
1996-07-09,0.073446,0.079291,,0.056875
1996-07-10,0.073115,0.078956,,0.056875
1996-07-11,0.072832,0.078663,,0.056875
1996-07-12,0.073095,0.078955,,0.056875
1996-07-15,0.073401,0.079362,,0.056875
1996-07-16,0.07362099999999999,0.07959100000000001,,0.056875
1996-07-17,0.07343,0.079358,,0.056875
1996-07-18,0.073101,0.07887,,0.056875
1996-07-19,0.073325,0.079093,,0.056875
1996-07-22,0.073532,0.07917500000000001,,0.056875
1996-07-23,0.073654,0.079322,,0.056875
1996-07-24,0.073283,0.07892199999999999,,0.056875
1996-07-25,0.073395,0.07905999999999999,,0.056875
1996-07-26,0.073242,0.078931,,0.056875
1996-07-29,0.07336999999999999,0.079078,,0.056875
1996-07-30,0.073485,0.07907499999999999,,0.056875
1996-07-31,0.07348,0.07908,,0.056875
1996-08-01,0.073131,0.078578,,0.056875
1996-08-02,0.072436,0.078131,,0.056875
1996-08-05,0.072212,0.077931,,0.056875
1996-08-06,0.072059,0.07775599999999999,,0.056875
1996-08-07,0.071982,0.077595,,0.056875
1996-08-08,0.072463,0.077898,,0.056875
1996-08-09,0.072473,0.077961,,0.056875
1996-08-12,0.072462,0.077987,,0.056875
1996-08-13,0.072247,0.077832,,0.056875
1996-08-14,0.072833,0.078443,,0.056875
1996-08-15,0.072676,0.078355,,0.056875
1996-08-16,0.071996,0.07767,,0.056875
1996-08-19,0.072108,0.07785199999999999,,0.056875
1996-08-20,0.072143,0.07801,,0.056875
1996-08-21,0.072418,0.078516,,0.056875
1996-08-22,0.071729,0.07796,,0.056875
1996-08-23,0.072087,0.078506,,0.056875
1996-08-27,0.072503,0.078928,,0.056875
1996-08-28,0.072416,0.07885,,0.056875
1996-08-29,0.072269,0.078741,,0.056875
1996-08-30,0.072676,0.079088,,0.056875
1996-09-02,0.072488,0.078906,,0.056875
1996-09-03,0.072839,0.07917,,0.056875
1996-09-04,0.072967,0.07931099999999999,,0.056875
1996-09-05,0.072991,0.079147,,0.056875
1996-09-06,0.072992,0.079037,,0.056875
1996-09-09,0.072663,0.078878,,0.056875
1996-09-10,0.072758,0.078891,,0.056875
1996-09-11,0.072744,0.07889499999999999,,0.056875
1996-09-12,0.072442,0.07858,,0.056875
1996-09-13,0.07137299999999999,0.07734,,0.056875
1996-09-16,0.071292,0.077318,,0.056875
1996-09-17,0.071499,0.077481,,0.056875
1996-09-18,0.072237,0.077986,,0.056875
1996-09-19,0.072225,0.077927,,0.056875
1996-09-20,0.072238,0.077768,,0.056875
1996-09-23,0.07284099999999999,0.078224,,0.056875
1996-09-24,0.072842,0.078175,,0.056875
1996-09-25,0.072081,0.077513,,0.056875
1996-09-26,0.07141499999999999,0.07695400000000001,,0.056875
1996-09-27,0.071172,0.07682699999999999,,0.056875
1996-09-30,0.071265,0.076844,,0.056875
1996-10-01,0.070812,0.07621800000000001,,0.056875
1996-10-02,0.069816,0.075141,,0.056875
1996-10-03,0.069797,0.075219,,0.056875
1996-10-04,0.068909,0.074217,,0.056875
1996-10-07,0.069148,0.074494,,0.056875
1996-10-08,0.06886300000000001,0.074406,,0.056875
1996-10-09,0.068538,0.073957,,0.056875
1996-10-10,0.069537,0.07496,,0.056875
1996-10-11,0.069601,0.074991,,0.056875
1996-10-14,0.069534,0.074928,,0.056875
1996-10-15,0.069067,0.074465,,0.056875
1996-10-16,0.070568,0.075802,,0.056875
1996-10-17,0.070557,0.075726,,0.056875
1996-10-18,0.071337,0.076087,,0.056875
1996-10-21,0.071437,0.076185,,0.056875
1996-10-22,0.07059700000000001,0.075477,,0.056875
1996-10-23,0.070905,0.07582,,0.056875
1996-10-24,0.07150000000000001,0.076388,,0.056875
1996-10-25,0.07069,0.07542399999999999,,0.056875
1996-10-28,0.07117,0.075849,,0.056875
1996-10-29,0.071147,0.075858,,0.056875
1996-10-30,0.072347,0.076264,,0.059375
1996-10-31,0.072687,0.076621,,0.059375
1996-11-01,0.073403,0.077381,,0.059375
1996-11-04,0.073792,0.077709,,0.059375
1996-11-05,0.072668,0.076653,,0.059375
1996-11-06,0.07301099999999999,0.07658999999999999,,0.059375
1996-11-07,0.073986,0.077617,,0.059375
1996-11-08,0.07359399999999999,0.077124,,0.059375
1996-11-11,0.073061,0.076626,,0.059375
1996-11-12,0.072967,0.076493,,0.059375
1996-11-13,0.073969,0.077195,,0.059375
1996-11-14,0.073322,0.076185,,0.059375
1996-11-15,0.072995,0.075904,,0.059375
1996-11-18,0.072604,0.075455,,0.059375
1996-11-19,0.072426,0.07531500000000001,,0.059375
1996-11-20,0.072696,0.07571900000000001,,0.059375
1996-11-21,0.072362,0.075237,,0.059375
1996-11-22,0.07190400000000001,0.074893,,0.059375
1996-11-25,0.071662,0.074648,,0.059375
1996-11-26,0.071607,0.074697,,0.059375
1996-11-27,0.071878,0.075185,,0.059375
1996-11-28,0.071522,0.074693,,0.059375
1996-11-29,0.070798,0.073681,,0.059375
1996-12-02,0.070929,0.073549,,0.059375
1996-12-03,0.07111200000000001,0.07370499999999999,,0.059375
1996-12-04,0.072093,0.074479,,0.059375
1996-12-05,0.072822,0.075673,,0.059375
1996-12-06,0.073476,0.076777,,0.059375
1996-12-09,0.072631,0.075901,,0.059375
1996-12-10,0.072023,0.075101,,0.059375
1996-12-11,0.07305,0.07613299999999999,,0.059375
1996-12-12,0.073712,0.076978,,0.059375
1996-12-13,0.07317,0.07647,,0.059375
1996-12-16,0.073156,0.076471,,0.059375
1996-12-17,0.07344400000000001,0.07686,,0.059375
1996-12-18,0.074117,0.076971,,0.059375
1996-12-19,0.073762,0.076436,,0.059375
1996-12-20,0.073509,0.07622899999999999,,0.059375
1996-12-23,0.072921,0.075375,,0.059375
1996-12-24,0.072795,0.075248,,0.059375
1996-12-27,0.07284099999999999,0.075252,,0.059375
1996-12-30,0.072961,0.075354,,0.059375
1996-12-31,0.07296,0.07535,,0.059375
1997-01-02,0.074579,0.07736900000000001,,0.059375
1997-01-03,0.074253,0.077101,,0.059375
1997-01-06,0.074543,0.077538,,0.059375
1997-01-07,0.074512,0.077581,,0.059375
1997-01-08,0.074147,0.077389,,0.059375
1997-01-09,0.073394,0.076679,,0.059375
1997-01-10,0.073174,0.076709,,0.059375
1997-01-13,0.072381,0.07589800000000001,,0.059375
1997-01-14,0.072286,0.075679,,0.059375
1997-01-15,0.07220900000000001,0.07545099999999999,,0.059375
1997-01-16,0.071147,0.0745,,0.059375
1997-01-17,0.070793,0.074125,,0.059375
1997-01-20,0.071098,0.074355,,0.059375
1997-01-21,0.071188,0.074429,,0.059375
1997-01-22,0.070218,0.073493,,0.059375
1997-01-23,0.070702,0.073888,,0.059375
1997-01-24,0.07158,0.07481399999999999,,0.059375
1997-01-27,0.071768,0.07515100000000001,,0.059375
1997-01-28,0.07145,0.074759,,0.059375
1997-01-29,0.072171,0.07560800000000001,,0.059375
1997-01-30,0.07183500000000001,0.075289,,0.059375
1997-01-31,0.071082,0.074339,,0.059375
1997-02-03,0.070303,0.073438,,0.059375
1997-02-04,0.069848,0.072725,,0.059375
1997-02-05,0.070179,0.072963,,0.059375
1997-02-06,0.07002799999999999,0.07288,,0.059375
1997-02-07,0.06863999999999999,0.071549,,0.059375
1997-02-10,0.069052,0.071886,,0.059375
1997-02-11,0.06881,0.071476,,0.059375
1997-02-12,0.068636,0.071301,,0.059375
1997-02-13,0.068722,0.071481,,0.059375
1997-02-14,0.068701,0.071459,,0.059375
1997-02-17,0.068812,0.071615,,0.059375
1997-02-18,0.068215,0.071161,,0.059375
1997-02-19,0.068616,0.071579,,0.059375
1997-02-20,0.068338,0.071308,,0.059375
1997-02-21,0.068588,0.071587,,0.059375
1997-02-24,0.068853,0.071942,,0.059375
1997-02-25,0.068733,0.071875,,0.059375
1997-02-26,0.069242,0.072452,,0.059375
1997-02-27,0.068922,0.071824,,0.059375
1997-02-28,0.069974,0.072744,,0.059375
1997-03-03,0.069816,0.072649,,0.059375
1997-03-04,0.069653,0.072577,,0.059375
1997-03-05,0.070308,0.073506,,0.059375
1997-03-06,0.070137,0.07343,,0.059375
1997-03-07,0.069961,0.07335799999999999,,0.059375
1997-03-10,0.069512,0.072833,,0.059375
1997-03-11,0.069617,0.072983,,0.059375
1997-03-12,0.070016,0.073365,,0.059375
1997-03-13,0.070405,0.073798,,0.059375
1997-03-14,0.070432,0.07377500000000001,,0.059375
1997-03-17,0.071408,0.074749,,0.059375
1997-03-18,0.071884,0.075028,,0.059375
1997-03-19,0.07339699999999999,0.076154,,0.059375
1997-03-20,0.074055,0.076624,,0.059375
1997-03-21,0.073811,0.076357,,0.059375
1997-03-24,0.07380300000000001,0.07619,,0.059375
1997-03-25,0.073617,0.07598200000000001,,0.059375
1997-03-26,0.073892,0.07634,,0.059375
1997-03-27,0.07424800000000001,0.07664699999999999,,0.059375
1997-04-01,0.075021,0.077465,,0.059375
1997-04-02,0.074633,0.077135,,0.059375
1997-04-03,0.074668,0.077323,,0.059375
1997-04-04,0.07443,0.077024,,0.059375
1997-04-07,0.073914,0.076453,,0.059375
1997-04-08,0.07375899999999999,0.076416,,0.059375
1997-04-09,0.073526,0.076349,,0.059375
1997-04-10,0.073669,0.076684,,0.059375
1997-04-11,0.074249,0.077185,,0.059375
1997-04-14,0.07383200000000001,0.076796,,0.059375
1997-04-15,0.072969,0.075698,,0.059375
1997-04-16,0.07297100000000001,0.075725,,0.059375
1997-04-17,0.072436,0.075144,,0.059375
1997-04-18,0.072922,0.075688,,0.059375
1997-04-21,0.073415,0.07606,,0.059375
1997-04-22,0.073477,0.076126,,0.059375
1997-04-23,0.073502,0.076075,,0.059375
1997-04-24,0.073988,0.076706,,0.059375
1997-04-25,0.07427800000000001,0.077035,,0.059375
1997-04-28,0.07405300000000001,0.076681,,0.059375
1997-04-29,0.073143,0.075818,,0.059375
1997-04-30,0.07218200000000001,0.074768,,0.059375
1997-05-01,0.07195299999999999,0.07446799999999999,,0.059375
1997-05-02,0.071591,0.0741,,0.059375
1997-05-06,0.06970900000000001,0.071181,,0.0625
1997-05-07,0.07023,0.071388,,0.0625
1997-05-08,0.06971,0.0707,,0.0625
1997-05-09,0.06946100000000001,0.070378,,0.0625
1997-05-12,0.068814,0.070051,,0.0625
1997-05-13,0.069337,0.0703,,0.0625
1997-05-14,0.069135,0.069957,,0.0625
1997-05-15,0.069072,0.070045,,0.0625
1997-05-16,0.069705,0.070822,,0.0625
1997-05-19,0.070087,0.071241,,0.0625
1997-05-20,0.070085,0.07122,,0.0625
1997-05-21,0.070644,0.071839,,0.0625
1997-05-22,0.071794,0.073286,,0.0625
1997-05-23,0.07110699999999999,0.07242799999999999,,0.0625
1997-05-27,0.07126400000000001,0.07259299999999999,,0.0625
1997-05-28,0.07136999999999999,0.072585,,0.0625
1997-05-29,0.071424,0.072726,,0.0625
1997-05-30,0.071133,0.072317,,0.0625
1997-06-02,0.071133,0.07225799999999999,,0.0625
1997-06-03,0.07028,0.071258,,0.0625
1997-06-04,0.070615,0.071682,,0.0625
1997-06-05,0.070655,0.07162,,0.0625
1997-06-06,0.070174,0.070907,,0.065
1997-06-09,0.070905,0.071554,,0.065
1997-06-10,0.07090099999999999,0.071592,,0.065
1997-06-11,0.07075000000000001,0.071464,,0.065
1997-06-12,0.07009599999999999,0.070891,,0.065
1997-06-13,0.069815,0.070867,,0.065
1997-06-16,0.069699,0.070625,,0.065
1997-06-17,0.069985,0.070973,,0.065
1997-06-18,0.070927,0.07172100000000001,,0.065
1997-06-19,0.071466,0.07224,,0.065
1997-06-20,0.071094,0.071666,,0.065
1997-06-23,0.07183099999999999,0.072124,,0.065
1997-06-24,0.071589,0.071734,,0.065
1997-06-25,0.070973,0.071249,,0.065
1997-06-26,0.070992,0.07131599999999999,,0.065
1997-06-27,0.070515,0.070735,,0.065
1997-06-30,0.071071,0.071313,,0.065
1997-07-01,0.070468,0.070532,,0.065
1997-07-02,0.07033400000000001,0.070321,,0.065
1997-07-03,0.071589,0.07083400000000001,,0.065
1997-07-04,0.071498,0.070613,,0.065
1997-07-07,0.071435,0.070494,,0.065
1997-07-08,0.071852,0.07070800000000001,,0.065
1997-07-09,0.07229000000000001,0.071178,,0.065
1997-07-10,0.072116,0.071249,,0.0675
1997-07-11,0.071244,0.07051199999999999,,0.0675
1997-07-14,0.071772,0.071196,,0.0675
1997-07-15,0.07192599999999999,0.071401,,0.0675
1997-07-16,0.07158199999999999,0.07106900000000001,,0.0675
1997-07-17,0.071529,0.070865,,0.0675
1997-07-18,0.07175,0.070784,,0.0675
1997-07-21,0.07192599999999999,0.071104,,0.0675
1997-07-22,0.071424,0.070641,,0.0675
1997-07-23,0.070956,0.069961,,0.0675
1997-07-24,0.070835,0.070149,,0.0675
1997-07-25,0.070516,0.069851,,0.0675
1997-07-28,0.070905,0.070293,,0.0675
1997-07-29,0.07077,0.07014000000000001,,0.0675
1997-07-30,0.070122,0.069424,,0.0675
1997-07-31,0.070523,0.069965,,0.0675
1997-08-01,0.07106,0.070574,,0.0675
1997-08-04,0.07151,0.070975,,0.0675
1997-08-05,0.071697,0.071411,,0.0675
1997-08-06,0.071113,0.070891,,0.0675
1997-08-07,0.069921,0.070231,,0.07
1997-08-08,0.07106,0.071334,,0.07
1997-08-11,0.071134,0.071338,,0.07
1997-08-12,0.070779,0.070749,,0.07
1997-08-13,0.071155,0.071187,,0.07
1997-08-14,0.070776,0.07072,,0.07
1997-08-15,0.07091,0.070928,,0.07
1997-08-18,0.07058099999999999,0.07042,,0.07
1997-08-19,0.070619,0.070407,,0.07
1997-08-20,0.070386,0.070324,,0.07
1997-08-21,0.070447,0.070481,,0.07
1997-08-22,0.071187,0.071395,,0.07
1997-08-26,0.071,0.071142,,0.07
1997-08-27,0.071142,0.071267,,0.07
1997-08-28,0.07102599999999999,0.071029,,0.07
1997-08-29,0.071013,0.071059,,0.07
1997-09-01,0.070601,0.07067999999999999,,0.07
1997-09-02,0.070343,0.070464,,0.07
1997-09-03,0.070145,0.070323,,0.07
1997-09-04,0.070142,0.07025,,0.07
1997-09-05,0.070057,0.07019199999999999,,0.07
1997-09-08,0.069612,0.069821,,0.07
1997-09-09,0.069898,0.07005600000000001,,0.07
1997-09-10,0.070005,0.070066,,0.07
1997-09-11,0.069958,0.069935,,0.07
1997-09-12,0.069631,0.069507,,0.07
1997-09-15,0.069272,0.069093,,0.07
1997-09-16,0.06751599999999999,0.067475,,0.07
1997-09-17,0.067888,0.067624,,0.07
1997-09-18,0.06747,0.066734,,0.07
1997-09-19,0.067991,0.06722,,0.07
1997-09-22,0.067658,0.066796,,0.07
1997-09-23,0.06788999999999999,0.066993,,0.07
1997-09-24,0.067507,0.066653,,0.07
1997-09-25,0.067312,0.066541,,0.07
1997-09-26,0.064597,0.0645,,0.07
1997-09-29,0.065348,0.06503300000000001,,0.07
1997-09-30,0.065472,0.064798,,0.07
1997-10-01,0.064807,0.063774,,0.07
1997-10-02,0.06473,0.06360299999999999,,0.07
1997-10-03,0.063701,0.062301,,0.07
1997-10-06,0.064718,0.06317400000000001,,0.07
1997-10-07,0.065251,0.063505,,0.07
1997-10-08,0.06646,0.064681,,0.07
1997-10-09,0.06715,0.065386,,0.07
1997-10-10,0.067404,0.065488,,0.07
1997-10-13,0.066584,0.064778,,0.07
1997-10-14,0.066061,0.064565,,0.07
1997-10-15,0.066024,0.064944,,0.07
1997-10-16,0.06640399999999999,0.065347,,0.07
1997-10-17,0.066417,0.06530999999999999,,0.07
1997-10-20,0.067637,0.06621400000000001,,0.07
1997-10-21,0.067694,0.066454,,0.07
1997-10-22,0.067689,0.066502,,0.07
1997-10-23,0.067042,0.065766,,0.07
1997-10-24,0.066953,0.065651,,0.07
1997-10-27,0.067177,0.06593,,0.07
1997-10-28,0.067259,0.06628300000000001,,0.07
1997-10-29,0.067316,0.066213,,0.07
1997-10-30,0.067019,0.06589,,0.07
1997-10-31,0.066807,0.065745,,0.07
1997-11-03,0.067245,0.066009,,0.07
1997-11-04,0.067318,0.065932,,0.07
1997-11-05,0.067698,0.06616,,0.07
1997-11-06,0.068522,0.066779,,0.0725
1997-11-07,0.067994,0.066078,,0.0725
1997-11-10,0.068262,0.066163,,0.0725
1997-11-11,0.069496,0.06696200000000001,,0.0725
1997-11-12,0.070191,0.068121,,0.0725
1997-11-13,0.069815,0.067624,,0.0725
1997-11-14,0.068812,0.066636,,0.0725
1997-11-17,0.068637,0.06650299999999999,,0.0725
1997-11-18,0.069042,0.06693299999999999,,0.0725
1997-11-19,0.068588,0.066338,,0.0725
1997-11-20,0.067693,0.065541,,0.0725
1997-11-21,0.067839,0.065733,,0.0725
1997-11-24,0.067525,0.065561,,0.0725
1997-11-25,0.06751299999999999,0.065365,,0.0725
1997-11-26,0.06804299999999999,0.06546,,0.0725
1997-11-27,0.068372,0.06575199999999999,,0.0725
1997-11-28,0.06791900000000001,0.06515900000000001,,0.0725
1997-12-01,0.067843,0.06523,,0.0725
1997-12-02,0.06778400000000001,0.064962,,0.0725
1997-12-03,0.067799,0.065125,,0.0725
1997-12-04,0.06715900000000001,0.06479499999999999,,0.0725
1997-12-05,0.067762,0.065553,,0.0725
1997-12-08,0.067511,0.065093,,0.0725
1997-12-09,0.066865,0.06450700000000001,,0.0725
1997-12-10,0.066868,0.06421400000000001,,0.0725
1997-12-11,0.065745,0.06315699999999999,,0.0725
1997-12-12,0.065486,0.063067,,0.0725
1997-12-15,0.065234,0.062932,,0.0725
1997-12-16,0.06515399999999999,0.063128,,0.0725
1997-12-17,0.065517,0.063515,,0.0725
1997-12-18,0.065325,0.063293,,0.0725
1997-12-19,0.064804,0.062844,,0.0725
1997-12-22,0.064927,0.062982,,0.0725
1997-12-23,0.064473,0.062513,,0.0725
1997-12-24,0.064445,0.062327,,0.0725
1997-12-29,0.06455899999999999,0.062377,,0.0725
1997-12-30,0.065648,0.063663,,0.0725
1997-12-31,0.065319,0.063244,,0.0725
1998-01-02,0.065185,0.063126,,0.0725
1998-01-05,0.06358,0.0616,,0.0725
1998-01-06,0.06318399999999999,0.061203,,0.0725
1998-01-07,0.063206,0.061176,,0.0725
1998-01-08,0.062828,0.060786,,0.0725
1998-01-09,0.062341,0.060270000000000004,,0.0725
1998-01-12,0.061608,0.059923000000000004,,0.0725
1998-01-13,0.062038,0.060042,,0.0725
1998-01-14,0.063141,0.060565,,0.0725
1998-01-15,0.063392,0.060868000000000005,,0.0725
1998-01-16,0.063538,0.060995999999999995,,0.0725
1998-01-19,0.063719,0.061082,,0.0725
1998-01-20,0.06356200000000001,0.06089000000000001,,0.0725
1998-01-21,0.063486,0.060993000000000006,,0.0725
1998-01-22,0.062809,0.060709,,0.0725
1998-01-23,0.06275599999999999,0.060811000000000004,,0.0725
1998-01-26,0.063226,0.06109200000000001,,0.0725
1998-01-27,0.06301999999999999,0.061058,,0.0725
1998-01-28,0.063433,0.061485000000000005,,0.0725
1998-01-29,0.062943,0.06111,,0.0725
1998-01-30,0.06250700000000001,0.060762000000000004,,0.0725
1998-02-02,0.06275599999999999,0.061071,,0.0725
1998-02-03,0.062797,0.061007,,0.0725
1998-02-04,0.063155,0.061458000000000006,,0.0725
1998-02-05,0.062726,0.06123700000000001,,0.0725
1998-02-06,0.062636,0.06127,,0.0725
1998-02-09,0.062502,0.061258999999999994,,0.0725
1998-02-10,0.061669,0.060538999999999996,,0.0725
1998-02-11,0.061576000000000006,0.059938000000000005,,0.0725
1998-02-12,0.061586,0.059715,,0.0725
1998-02-13,0.061536,0.059677,,0.0725
1998-02-16,0.061482999999999996,0.059508,,0.0725
1998-02-17,0.061696,0.059418,,0.0725
1998-02-18,0.061965000000000006,0.059795999999999995,,0.0725
1998-02-19,0.061689999999999995,0.059789,,0.0725
1998-02-20,0.061868,0.059958,,0.0725
1998-02-23,0.06213199999999999,0.060312000000000004,,0.0725
1998-02-24,0.062624,0.060625,,0.0725
1998-02-25,0.06271399999999999,0.060688000000000006,,0.0725
1998-02-26,0.062782,0.06071,,0.0725
1998-02-27,0.06344999999999999,0.061238,,0.0725
1998-03-02,0.062964,0.060594,,0.0725
1998-03-03,0.063471,0.061308999999999995,,0.0725
1998-03-04,0.063513,0.061421,,0.0725
1998-03-05,0.062945,0.061079999999999995,,0.0725
1998-03-06,0.06269999999999999,0.06074499999999999,,0.0725
1998-03-09,0.061745,0.060109,,0.0725
1998-03-10,0.062051999999999996,0.060104,,0.0725
1998-03-11,0.062062,0.060077,,0.0725
1998-03-12,0.061946,0.059668,,0.0725
1998-03-13,0.062271,0.059855,,0.0725
1998-03-16,0.061824000000000004,0.059397000000000005,,0.0725
1998-03-17,0.061824000000000004,0.059397000000000005,,0.0725
1998-03-18,0.061848,0.059443,,0.0725
1998-03-19,0.062221,0.059903000000000005,,0.0725
1998-03-20,0.061780999999999996,0.059249,,0.0725
1998-03-23,0.061822,0.059440999999999994,,0.0725
1998-03-24,0.061605,0.059219,,0.0725
1998-03-25,0.061846,0.059252,,0.0725
1998-03-26,0.062075,0.059405,,0.0725
1998-03-27,0.062336,0.059635999999999995,,0.0725
1998-03-30,0.062428,0.059734999999999996,,0.0725
1998-03-31,0.061745,0.059203,,0.0725
1998-04-01,0.061769,0.059351,,0.0725
1998-04-02,0.061026,0.058488,,0.0725
1998-04-03,0.060495,0.057863,,0.0725
1998-04-06,0.060111,0.057789,,0.0725
1998-04-07,0.060250000000000005,0.057935999999999994,,0.0725
1998-04-08,0.060236,0.057728,,0.0725
1998-04-09,0.060019,0.057694999999999996,,0.0725
1998-04-14,0.060031,0.057558,,0.0725
1998-04-15,0.060107,0.05763,,0.0725
1998-04-16,0.060481,0.05787,,0.0725
1998-04-17,0.060529,0.057834,,0.0725
1998-04-20,0.060491,0.057826,,0.0725
1998-04-21,0.06049,0.057922,,0.0725
1998-04-22,0.060877999999999995,0.058644,,0.0725
1998-04-23,0.060683,0.05864899999999999,,0.0725
1998-04-24,0.060232,0.058265000000000004,,0.0725
1998-04-27,0.061054000000000004,0.059334,,0.0725
1998-04-28,0.06075,0.059135,,0.0725
1998-04-29,0.060626,0.058951,,0.0725
1998-04-30,0.060307000000000006,0.058503,,0.0725
1998-05-01,0.05943,0.057623,,0.0725
1998-05-05,0.060274,0.058286,,0.0725
1998-05-06,0.060328999999999994,0.058315,,0.0725
1998-05-07,0.06083,0.05896,,0.0725
1998-05-08,0.060656999999999996,0.058708,,0.0725
1998-05-11,0.06069,0.058732,,0.0725
1998-05-12,0.060842,0.05907199999999999,,0.0725
1998-05-13,0.061034,0.059177999999999994,,0.0725
1998-05-14,0.061379,0.059312,,0.0725
1998-05-15,0.061822,0.05981,,0.0725
1998-05-18,0.061746999999999996,0.059650999999999996,,0.0725
1998-05-19,0.061722,0.059511,,0.0725
1998-05-20,0.061485000000000005,0.059077000000000005,,0.0725
1998-05-21,0.060876,0.058686999999999996,,0.0725
1998-05-22,0.060736,0.058496,,0.0725
1998-05-26,0.060213,0.057859999999999995,,0.0725
1998-05-27,0.060237,0.057908999999999995,,0.0725
1998-05-28,0.060157999999999996,0.057932,,0.0725
1998-05-29,0.059458000000000004,0.057194,,0.0725
1998-06-01,0.059172,0.056776999999999994,,0.0725
1998-06-02,0.059431000000000005,0.056995,,0.0725
1998-06-03,0.059534000000000004,0.057074,,0.0725
1998-06-04,0.060872,0.05774,,0.075
1998-06-05,0.060968999999999995,0.057672999999999995,,0.075
1998-06-08,0.061041,0.057679,,0.075
1998-06-09,0.061298000000000005,0.057802,,0.075
1998-06-10,0.060774,0.057002,,0.075
1998-06-11,0.060161,0.056218000000000004,,0.075
1998-06-12,0.060316999999999996,0.05618,,0.075
1998-06-15,0.060265000000000006,0.056136,,0.075
1998-06-16,0.062362,0.05733799999999999,,0.075
1998-06-17,0.064051,0.058592000000000005,,0.075
1998-06-18,0.064147,0.058643,,0.075
1998-06-19,0.064351,0.059222000000000004,,0.075
1998-06-22,0.06356099999999999,0.058655,,0.075
1998-06-23,0.06329699999999999,0.058511,,0.075
1998-06-24,0.062677,0.058099,,0.075
1998-06-25,0.062813,0.058376000000000004,,0.075
1998-06-26,0.063052,0.058562,,0.075
1998-06-29,0.06328700000000001,0.058663999999999994,,0.075
1998-06-30,0.06312999999999999,0.058412,,0.075
1998-07-01,0.062996,0.058285000000000003,,0.075
1998-07-02,0.062812,0.058087,,0.075
1998-07-03,0.062954,0.058186999999999996,,0.075
1998-07-06,0.062488999999999996,0.057770999999999996,,0.075
1998-07-07,0.06286800000000001,0.058119,,0.075
1998-07-08,0.063169,0.05846199999999999,,0.075
1998-07-09,0.062043999999999995,0.057714999999999995,,0.075
1998-07-10,0.062179000000000005,0.057744,,0.075
1998-07-13,0.062504,0.05808,,0.075
1998-07-14,0.062043,0.05794,,0.075
1998-07-15,0.062948,0.058602999999999995,,0.075
1998-07-16,0.062624,0.058471999999999996,,0.075
1998-07-17,0.062394,0.05838599999999999,,0.075
1998-07-20,0.062717,0.05859,,0.075
1998-07-21,0.062774,0.058575999999999996,,0.075
1998-07-22,0.06333899999999999,0.059044,,0.075
1998-07-23,0.063312,0.059008000000000005,,0.075
1998-07-24,0.063674,0.059398,,0.075
1998-07-27,0.06349,0.059318,,0.075
1998-07-28,0.062256,0.058316999999999994,,0.075
1998-07-29,0.061862,0.057651,,0.075
1998-07-30,0.062339000000000006,0.058041999999999996,,0.075
1998-07-31,0.061972,0.057552000000000006,,0.075
1998-08-03,0.061329,0.056969000000000006,,0.075
1998-08-04,0.061231999999999995,0.056882999999999996,,0.075
1998-08-05,0.061278,0.057161,,0.075
1998-08-06,0.06058500000000001,0.056746,,0.075
1998-08-07,0.060303,0.056577999999999996,,0.075
1998-08-10,0.059922,0.056179,,0.075
1998-08-11,0.059497,0.055799,,0.075
1998-08-12,0.059005999999999996,0.05564,,0.075
1998-08-13,0.059942,0.056436,,0.075
1998-08-14,0.059775999999999996,0.056093000000000004,,0.075
1998-08-17,0.059623,0.055972,,0.075
1998-08-18,0.059667000000000005,0.055997000000000005,,0.075
1998-08-19,0.060029000000000006,0.056228,,0.075
1998-08-20,0.059480000000000005,0.055557999999999996,,0.075
1998-08-21,0.058511,0.05465,,0.075
1998-08-24,0.058545999999999994,0.054881,,0.075
1998-08-25,0.058204000000000006,0.054623,,0.075
1998-08-26,0.058357,0.054821,,0.075
1998-08-27,0.057332,0.053556,,0.075
1998-08-28,0.056569,0.053343999999999996,,0.075
1998-09-01,0.057096999999999995,0.054181,,0.075
1998-09-02,0.057501,0.054228,,0.075
1998-09-03,0.057035,0.053661,,0.075
1998-09-04,0.057024,0.053703,,0.075
1998-09-07,0.056361999999999995,0.053278,,0.075
1998-09-08,0.057032,0.05369500000000001,,0.075
1998-09-09,0.055952,0.053051,,0.075
1998-09-10,0.054296,0.051579,,0.075
1998-09-11,0.054504000000000004,0.051851,,0.075
1998-09-14,0.05474999999999999,0.052017,,0.075
1998-09-15,0.054118000000000006,0.051456,,0.075
1998-09-16,0.054156,0.051281,,0.075
1998-09-17,0.053057,0.050106000000000005,,0.075
1998-09-18,0.053132,0.050145,,0.075
1998-09-21,0.052233,0.049426,,0.075
1998-09-22,0.052814,0.049873,,0.075
1998-09-23,0.053369,0.050568,,0.075
1998-09-24,0.053208000000000005,0.050679,,0.075
1998-09-25,0.052511999999999996,0.050206,,0.075
1998-09-28,0.052103000000000003,0.049511,,0.075
1998-09-29,0.052286,0.049695,,0.075
1998-09-30,0.051432000000000005,0.04901900000000001,,0.075
1998-10-01,0.049196,0.047181,,0.075
1998-10-02,0.047922,0.046272,,0.075
1998-10-05,0.047369,0.045827,,0.075
1998-10-06,0.048361,0.046875,,0.075
1998-10-07,0.048878000000000005,0.047144000000000005,,0.075
1998-10-08,0.048926,0.048735999999999995,,0.0725
1998-10-09,0.051584000000000005,0.05212,,0.0725
1998-10-12,0.052488,0.052956,,0.0725
1998-10-13,0.051743,0.051848,,0.0725
1998-10-14,0.051338999999999996,0.051056,,0.0725
1998-10-15,0.051094999999999995,0.050878,,0.0725
1998-10-16,0.050183,0.051007,,0.0725
1998-10-19,0.049684,0.050359,,0.0725
1998-10-20,0.050666,0.051052999999999994,,0.0725
1998-10-21,0.050557,0.051123,,0.0725
1998-10-22,0.051123,0.051613,,0.0725
1998-10-23,0.051982999999999994,0.052295,,0.0725
1998-10-26,0.051611000000000004,0.051456,,0.0725
1998-10-27,0.050976999999999995,0.050606,,0.0725
1998-10-28,0.05112,0.051045999999999994,,0.0725
1998-10-29,0.05042,0.05037899999999999,,0.0725
1998-10-30,0.050601,0.050671999999999995,,0.0725
1998-11-02,0.050761,0.051296999999999995,,0.0725
1998-11-03,0.049519,0.050058,,0.0725
1998-11-04,0.050242,0.050624,,0.0725
1998-11-05,0.050180999999999996,0.050547,,0.0675
1998-11-06,0.051472,0.051382000000000004,,0.0675
1998-11-09,0.051156,0.050811999999999996,,0.0675
1998-11-10,0.050454,0.050069,,0.0675
1998-11-11,0.051477,0.050622999999999994,,0.0675
1998-11-12,0.051123,0.049989,,0.0675
1998-11-13,0.050834000000000004,0.049629000000000006,,0.0675
1998-11-16,0.050757000000000004,0.049486,,0.0675
1998-11-17,0.050227,0.049005,,0.0675
1998-11-18,0.049274,0.048007999999999995,,0.0675
1998-11-19,0.049353999999999995,0.048108000000000005,,0.0675
1998-11-20,0.049655,0.048536,,0.0675
1998-11-23,0.049282000000000006,0.048342,,0.0675
1998-11-24,0.049477,0.048556999999999996,,0.0675
1998-11-25,0.049267000000000005,0.048299,,0.0675
1998-11-26,0.048478,0.04736100000000001,,0.0675
1998-11-27,0.048622,0.047569999999999994,,0.0675
1998-11-30,0.048096,0.046824000000000005,,0.0675
1998-12-01,0.047647,0.046471,,0.0675
1998-12-02,0.047365000000000004,0.046422,,0.0675
1998-12-03,0.046669999999999996,0.046344,,0.0675
1998-12-04,0.046509999999999996,0.046422,,0.0675
1998-12-07,0.046492000000000006,0.046378,,0.0675
1998-12-08,0.046162999999999996,0.045904999999999994,,0.0675
1998-12-09,0.045653,0.045198,,0.0675
1998-12-10,0.045327,0.044802,,0.0625
1998-12-11,0.045129999999999997,0.044701000000000005,,0.0625
1998-12-14,0.04506,0.044991,,0.0625
1998-12-15,0.045090000000000005,0.04489,,0.0625
1998-12-16,0.045225,0.045006000000000004,,0.0625
1998-12-17,0.04534099999999999,0.044708,,0.0625
1998-12-18,0.045394,0.044573,,0.0625
1998-12-21,0.045827,0.044947999999999995,,0.0625
1998-12-22,0.045975999999999996,0.045378999999999996,,0.0625
1998-12-23,0.045084,0.044557,,0.0625
1998-12-24,0.045203,0.044743000000000005,,0.0625
1998-12-29,0.044967,0.044442,,0.0625
1998-12-30,0.044504,0.043956999999999996,,0.0625
1998-12-31,0.044451,0.04383600000000001,,0.0625
1999-01-04,0.044143,0.043139000000000004,,0.0625
1999-01-05,0.044648,0.043524,,0.0625
1999-01-06,0.044608999999999996,0.043563,,0.0625
1999-01-07,0.043865999999999995,0.043113,,0.06
1999-01-08,0.043466,0.04292,,0.06
1999-01-11,0.043673000000000003,0.043399,,0.06
1999-01-12,0.044305000000000004,0.044050000000000006,,0.06
1999-01-13,0.043540999999999996,0.043191,,0.06
1999-01-14,0.043387,0.042974,,0.06
1999-01-15,0.043505,0.043222,,0.06
1999-01-18,0.043612000000000005,0.043296,,0.06
1999-01-19,0.043926,0.043282999999999995,,0.06
1999-01-20,0.043666,0.042992999999999996,,0.06
1999-01-21,0.043045,0.042321,,0.06
1999-01-22,0.042443999999999996,0.041791,,0.06
1999-01-25,0.04304,0.042342000000000005,,0.06
1999-01-26,0.043075999999999996,0.042057000000000004,,0.06
1999-01-27,0.043079,0.042148000000000005,,0.06
1999-01-28,0.04311,0.042171,,0.06
1999-01-29,0.042674000000000004,0.041867999999999995,,0.06
1999-02-01,0.04275,0.042131999999999996,,0.06
1999-02-02,0.042996999999999994,0.042317,,0.06
1999-02-03,0.043746,0.042781,,0.06
1999-02-04,0.044164,0.043653000000000004,,0.055
1999-02-05,0.043677,0.043291,,0.055
1999-02-08,0.044442,0.044059,,0.055
1999-02-09,0.044402,0.043596,,0.055
1999-02-10,0.044367000000000004,0.043745000000000006,,0.055
1999-02-11,0.044466,0.043754,,0.055
1999-02-12,0.045570000000000006,0.045208000000000005,,0.055
1999-02-15,0.046079,0.04556,,0.055
1999-02-16,0.046079,0.045244,,0.055
1999-02-17,0.046432,0.045225,,0.055
1999-02-18,0.046203,0.045221,,0.055
1999-02-19,0.045839,0.044954,,0.055
1999-02-22,0.045487,0.04462,,0.055
1999-02-23,0.045115999999999996,0.044261999999999996,,0.055
1999-02-24,0.045194,0.044492000000000004,,0.055
1999-02-25,0.046764,0.045955,,0.055
1999-02-26,0.047117000000000006,0.046306,,0.055
1999-03-01,0.048246000000000004,0.047159000000000006,,0.055
1999-03-02,0.047911,0.04708300000000001,,0.055
1999-03-03,0.049146,0.047980999999999996,,0.055
1999-03-04,0.049148,0.04809,,0.055
1999-03-05,0.047882999999999995,0.046784,,0.055
1999-03-08,0.047998000000000006,0.047039,,0.055
1999-03-09,0.048737,0.047714,,0.055
1999-03-10,0.048253000000000004,0.047221,,0.055
1999-03-11,0.047781000000000004,0.046780999999999996,,0.055
1999-03-12,0.047619999999999996,0.046627999999999996,,0.055
1999-03-15,0.047614000000000004,0.046616,,0.055
1999-03-16,0.047099,0.045908,,0.055
1999-03-17,0.04642,0.045318,,0.055
1999-03-18,0.046151,0.045376,,0.055
1999-03-19,0.046318,0.045566,,0.055
1999-03-22,0.046553000000000004,0.045783,,0.055
1999-03-23,0.046743,0.046069000000000006,,0.055
1999-03-24,0.046807,0.046235,,0.055
1999-03-25,0.046631,0.04604,,0.055
1999-03-26,0.047041000000000006,0.046578999999999995,,0.055
1999-03-29,0.046891999999999996,0.046586999999999996,,0.055
1999-03-30,0.046790000000000005,0.046273,,0.055
1999-03-31,0.046398999999999996,0.045923,,0.055
1999-04-01,0.046937,0.046322999999999996,,0.055
1999-04-06,0.045952,0.0452,,0.055
1999-04-07,0.046089000000000005,0.045153,,0.055
1999-04-08,0.046532,0.045274999999999996,,0.0525
1999-04-09,0.04608399999999999,0.044759,,0.0525
1999-04-12,0.046204999999999996,0.044835,,0.0525
1999-04-13,0.046594,0.045106,,0.0525
1999-04-14,0.046474,0.045145,,0.0525
1999-04-15,0.047413,0.046076,,0.0525
1999-04-16,0.047486,0.046253,,0.0525
1999-04-19,0.047434000000000004,0.046147999999999995,,0.0525
1999-04-20,0.046959999999999995,0.045606999999999995,,0.0525
1999-04-21,0.047103,0.045717999999999995,,0.0525
1999-04-22,0.047598,0.046226,,0.0525
1999-04-23,0.047758,0.046236,,0.0525
1999-04-26,0.048178,0.046743,,0.0525
1999-04-27,0.048447,0.04673600000000001,,0.0525
1999-04-28,0.048818,0.047195999999999995,,0.0525
1999-04-29,0.048266,0.046558999999999996,,0.0525
1999-04-30,0.048777,0.047109,,0.0525
1999-05-04,0.049938,0.048297,,0.0525
1999-05-05,0.049985999999999996,0.048395,,0.0525
1999-05-06,0.050353,0.048887,,0.0525
1999-05-07,0.050314,0.049017,,0.0525
1999-05-10,0.050046999999999994,0.048897,,0.0525
1999-05-11,0.049943999999999995,0.048873,,0.0525
1999-05-12,0.049423,0.048378,,0.0525
1999-05-13,0.048649,0.047786999999999996,,0.0525
1999-05-14,0.050187999999999997,0.04944,,0.0525
1999-05-17,0.050509000000000005,0.049539,,0.0525
1999-05-18,0.050931,0.049744000000000003,,0.0525
1999-05-19,0.050986000000000004,0.049933,,0.0525
1999-05-20,0.050441,0.049349,,0.0525
1999-05-21,0.050142,0.049263,,0.0525
1999-05-24,0.049815,0.048955,,0.0525
1999-05-25,0.049831,0.048825,,0.0525
1999-05-26,0.050248,0.04901900000000001,,0.0525
1999-05-27,0.050925000000000005,0.049680999999999996,,0.0525
1999-05-28,0.051326000000000004,0.050004,,0.0525
1999-06-01,0.052381000000000004,0.050925000000000005,,0.0525
1999-06-02,0.052949,0.05107300000000001,,0.0525
1999-06-03,0.052701000000000005,0.050911,,0.0525
1999-06-04,0.052760999999999995,0.05106,,0.0525
1999-06-07,0.052376,0.050683,,0.0525
1999-06-08,0.052888000000000004,0.051048,,0.0525
1999-06-09,0.05295,0.051303999999999995,,0.0525
1999-06-10,0.05393099999999999,0.052438000000000005,,0.05
1999-06-11,0.053928000000000004,0.052295999999999995,,0.05
1999-06-14,0.053579999999999996,0.052073,,0.05
1999-06-15,0.052656999999999995,0.051081,,0.05
1999-06-16,0.052437,0.050959000000000004,,0.05
1999-06-17,0.05207900000000001,0.050378,,0.05
1999-06-18,0.052238,0.050429,,0.05
1999-06-21,0.053403,0.051426,,0.05
1999-06-22,0.054404,0.052328,,0.05
1999-06-23,0.05470100000000001,0.052654,,0.05
1999-06-24,0.056534,0.054129,,0.05
1999-06-25,0.055778,0.053015,,0.05
1999-06-28,0.05574900000000001,0.052838,,0.05
1999-06-29,0.055291,0.052615999999999996,,0.05
1999-06-30,0.054629000000000004,0.05207900000000001,,0.05
1999-07-01,0.055143000000000005,0.052943,,0.05
1999-07-02,0.054509999999999996,0.052299,,0.05
1999-07-05,0.054826,0.052775999999999997,,0.05
1999-07-06,0.055472,0.053539,,0.05
1999-07-07,0.055773,0.053924,,0.05
1999-07-08,0.056127,0.054528999999999994,,0.05
1999-07-09,0.055597,0.054238999999999996,,0.05
1999-07-12,0.055042,0.053561,,0.05
1999-07-13,0.054567,0.053114,,0.05
1999-07-14,0.054351000000000003,0.053158000000000004,,0.05
1999-07-15,0.055227000000000005,0.053982,,0.05
1999-07-16,0.05511,0.053593,,0.05
1999-07-19,0.055382999999999995,0.053623000000000004,,0.05
1999-07-20,0.055866,0.053798000000000006,,0.05
1999-07-21,0.05576,0.053362999999999994,,0.05
1999-07-22,0.055598999999999996,0.053224999999999995,,0.05
1999-07-23,0.056144999999999994,0.053996,,0.05
1999-07-26,0.056462000000000005,0.054105999999999994,,0.05
1999-07-27,0.056506,0.05396,,0.05
1999-07-28,0.056742999999999995,0.054136,,0.05
1999-07-29,0.057842000000000005,0.055063,,0.05
1999-07-30,0.058028,0.054936,,0.05
1999-08-02,0.058023,0.054334,,0.05
1999-08-03,0.059306,0.054668,,0.05
1999-08-04,0.059554,0.054316,,0.05
1999-08-05,0.06005099999999999,0.05489,,0.05
1999-08-06,0.061207000000000004,0.056525,,0.05
1999-08-09,0.060537,0.056026,,0.05
1999-08-10,0.060110000000000004,0.055898,,0.05
1999-08-11,0.059614,0.055694,,0.05
1999-08-12,0.0592,0.055162,,0.05
1999-08-13,0.059098,0.054987,,0.05
1999-08-16,0.05892,0.054928,,0.05
1999-08-17,0.058602999999999995,0.054791999999999993,,0.05
1999-08-18,0.057649,0.053894000000000004,,0.05
1999-08-19,0.056821,0.053274,,0.05
1999-08-20,0.057088,0.053513000000000005,,0.05
1999-08-23,0.057113,0.053367000000000005,,0.05
1999-08-24,0.057300000000000004,0.053368,,0.05
1999-08-25,0.05643,0.052314,,0.05
1999-08-26,0.056635,0.052496999999999995,,0.05
1999-08-27,0.057374,0.052911,,0.05
1999-08-31,0.057895,0.053183999999999995,,0.05
1999-09-01,0.058744,0.05397300000000001,,0.05
1999-09-02,0.059972000000000004,0.055456000000000005,,0.05
1999-09-03,0.05883,0.05455,,0.05
1999-09-06,0.058566,0.054532,,0.05
1999-09-07,0.059452,0.055646,,0.05
1999-09-08,0.060979,0.056584,,0.0525
1999-09-09,0.060705999999999996,0.056600000000000004,,0.0525
1999-09-10,0.061416000000000005,0.057210000000000004,,0.0525
1999-09-13,0.061904,0.057608,,0.0525
1999-09-14,0.061810000000000004,0.057645999999999996,,0.0525
1999-09-15,0.062031,0.057968,,0.0525
1999-09-16,0.061357,0.057266000000000004,,0.0525
1999-09-17,0.06082099999999999,0.056441,,0.0525
1999-09-20,0.06099,0.056961000000000005,,0.0525
1999-09-21,0.061294,0.057398,,0.0525
1999-09-22,0.061627,0.057906000000000006,,0.0525
1999-09-23,0.061524999999999996,0.057859,,0.0525
1999-09-24,0.060877,0.057207,,0.0525
1999-09-27,0.061688,0.058114,,0.0525
1999-09-28,0.062378,0.058400999999999995,,0.0525
1999-09-29,0.06290899999999999,0.058727,,0.0525
1999-09-30,0.062387,0.057945,,0.0525
1999-10-01,0.063697,0.059185999999999996,,0.0525
1999-10-04,0.063532,0.058744,,0.0525
1999-10-05,0.063404,0.058682,,0.0525
1999-10-06,0.06331,0.058631,,0.0525
1999-10-07,0.062953,0.05835,,0.0525
1999-10-08,0.062924,0.058526999999999996,,0.0525
1999-10-11,0.06286,0.05849,,0.0525
1999-10-12,0.063468,0.059245,,0.0525
1999-10-13,0.063349,0.058929,,0.0525
1999-10-14,0.064746,0.060473,,0.0525
1999-10-15,0.064138,0.059753999999999995,,0.0525
1999-10-18,0.063879,0.059482,,0.0525
1999-10-19,0.063721,0.059155,,0.0525
1999-10-20,0.064279,0.059516,,0.0525
1999-10-21,0.063733,0.058838999999999995,,0.0525
1999-10-22,0.064137,0.059049,,0.0525
1999-10-25,0.064959,0.060009,,0.0525
1999-10-26,0.064554,0.059364999999999994,,0.0525
1999-10-27,0.063473,0.058080999999999994,,0.0525
1999-10-28,0.062370999999999996,0.056727,,0.0525
1999-10-29,0.061203,0.055597,,0.0525
1999-11-01,0.060829,0.055295,,0.0525
1999-11-02,0.060134999999999994,0.054299,,0.0525
1999-11-03,0.060327,0.054292,,0.0525
1999-11-04,0.058943,0.05257100000000001,,0.055
1999-11-05,0.058700999999999996,0.05219699999999999,,0.055
1999-11-08,0.058512,0.052369000000000006,,0.055
1999-11-09,0.05880899999999999,0.05276,,0.055
1999-11-10,0.058976,0.052962999999999996,,0.055
1999-11-11,0.058948,0.052851,,0.055
1999-11-12,0.057981,0.051622,,0.055
1999-11-15,0.058164999999999994,0.051805000000000004,,0.055
1999-11-16,0.057748999999999995,0.051066,,0.055
1999-11-17,0.058702,0.051896000000000005,,0.055
1999-11-18,0.05959,0.052565,,0.055
1999-11-19,0.059942,0.052831,,0.055
1999-11-22,0.060434999999999996,0.053374,,0.055
1999-11-23,0.060312000000000004,0.053316,,0.055
1999-11-24,0.061113,0.054036,,0.055
1999-11-25,0.061691,0.054695,,0.055
1999-11-26,0.061791,0.054612999999999995,,0.055
1999-11-29,0.061396,0.054217,,0.055
1999-11-30,0.060766999999999995,0.053549,,0.055
1999-12-01,0.060443,0.053574000000000004,,0.055
1999-12-02,0.060847,0.05443,,0.055
1999-12-03,0.061273,0.055157,,0.055
1999-12-06,0.060705,0.054591,,0.055
1999-12-07,0.059692999999999996,0.053639,,0.055
1999-12-08,0.059968,0.053752,,0.055
1999-12-09,0.059185999999999996,0.052959,,0.055
1999-12-10,0.058402,0.051976,,0.055
1999-12-13,0.058653000000000004,0.052159000000000004,,0.055
1999-12-14,0.059099000000000006,0.052629,,0.055
1999-12-15,0.058944,0.052264,,0.055
1999-12-16,0.060235000000000004,0.053962,,0.055
1999-12-17,0.060208000000000005,0.053964,,0.055
1999-12-20,0.060149999999999995,0.054063999999999994,,0.055
1999-12-21,0.060149999999999995,0.054063999999999994,,0.055
1999-12-22,0.060958,0.055008999999999995,,0.055
1999-12-23,0.060892,0.054898999999999996,,0.055
1999-12-24,0.060892,0.054898999999999996,,0.055
1999-12-29,0.060892,0.054898999999999996,,0.055
1999-12-30,0.060892,0.054898999999999996,,0.055
2000-01-04,0.063171,0.057229999999999996,0.048078,0.055
2000-01-05,0.063786,0.058037,0.048423,0.055
2000-01-06,0.063921,0.058087,0.048253000000000004,0.055
2000-01-07,0.063387,0.057565,0.047574,0.055
2000-01-10,0.062749,0.056860999999999995,0.046795,0.055
2000-01-11,0.06357700000000001,0.057703,0.047137000000000005,0.055
2000-01-12,0.063923,0.058257,0.048383,0.055
2000-01-13,0.063253,0.057386999999999994,0.047769000000000006,0.0575
2000-01-14,0.06350399999999999,0.057824,0.048061,0.0575
2000-01-17,0.064058,0.058373999999999995,0.048526,0.0575
2000-01-18,0.064974,0.059337,0.049315,0.0575
2000-01-19,0.06443399999999999,0.058738,0.049165,0.0575
2000-01-20,0.064871,0.05918,0.049645999999999996,0.0575
2000-01-21,0.064575,0.058912000000000006,0.049687,0.0575
2000-01-24,0.064476,0.058739999999999994,0.049488000000000004,0.0575
2000-01-25,0.063903,0.057989,0.048526,0.0575
2000-01-26,0.063639,0.057976,0.048762,0.0575
2000-01-27,0.064568,0.058968999999999994,0.049711,0.0575
2000-01-28,0.064847,0.059219,0.049856,0.0575
2000-01-31,0.064025,0.058159999999999996,0.048666,0.0575
2000-02-01,0.062913,0.056757,0.047577999999999995,0.0575
2000-02-02,0.06297,0.056910999999999996,0.047879,0.0575
2000-02-03,0.06267299999999999,0.056321,0.046946,0.0575
2000-02-04,0.06338099999999999,0.05717800000000001,0.047601000000000004,0.0575
2000-02-07,0.063642,0.057324,0.047566,0.0575
2000-02-08,0.06328700000000001,0.056933,0.047264999999999995,0.0575
2000-02-09,0.06356099999999999,0.05727,0.047934000000000004,0.0575
2000-02-10,0.06367099999999999,0.057651,0.048490000000000005,0.06
2000-02-11,0.062976,0.05727,0.048728999999999995,0.06
2000-02-14,0.062153,0.05662,0.048381,0.06
2000-02-15,0.062380000000000005,0.056727,0.048204000000000004,0.06
2000-02-16,0.063581,0.057745,0.048802000000000005,0.06
2000-02-17,0.063099,0.057358,0.048347,0.06
2000-02-18,0.062769,0.056817,0.047584,0.06
2000-02-21,0.062019000000000005,0.05598499999999999,0.04681199999999999,0.06
2000-02-22,0.06112599999999999,0.055050999999999996,0.046277,0.06
2000-02-23,0.061288999999999996,0.055279999999999996,0.046598,0.06
2000-02-24,0.060461,0.05427800000000001,0.045865,0.06
2000-02-25,0.060451,0.05418,0.045757000000000006,0.06
2000-02-28,0.060692,0.054363999999999996,0.045857,0.06
2000-02-29,0.061261,0.05526,0.046996,0.06
2000-03-01,0.060888,0.054951,0.046616,0.06
2000-03-02,0.061177,0.055220000000000005,0.046468999999999996,0.06
2000-03-03,0.060626,0.054432999999999995,0.04577899999999999,0.06
2000-03-06,0.060137,0.053872,0.045232999999999995,0.06
2000-03-07,0.059995,0.053591,0.044969,0.06
2000-03-08,0.060149,0.053783000000000004,0.045342,0.06
2000-03-09,0.059797,0.053425,0.045414,0.06
2000-03-10,0.060112,0.053907,0.046128,0.06
2000-03-13,0.060008,0.053802,0.046016,0.06
2000-03-14,0.060245,0.054058999999999996,0.045945,0.06
2000-03-15,0.060194,0.053797,0.045434,0.06
2000-03-16,0.059312,0.05268,0.044706,0.06
2000-03-17,0.05896,0.052209000000000005,0.044341,0.06
2000-03-20,0.059044,0.052594,0.044755,0.06
2000-03-21,0.05917,0.052851,0.044969999999999996,0.06
2000-03-22,0.05962,0.053714000000000005,0.045957,0.06
2000-03-23,0.059488000000000006,0.053197,0.045624000000000005,0.06
2000-03-24,0.059632,0.053366,0.045572,0.06
2000-03-27,0.061091,0.054599,0.046611,0.06
2000-03-28,0.060628,0.054169999999999996,0.046341,0.06
2000-03-29,0.060629999999999996,0.054181999999999994,0.046567,0.06
2000-03-30,0.059955,0.053493000000000006,0.046269,0.06
2000-03-31,0.059774,0.053368,0.046442,0.06
2000-04-03,0.059319,0.052902,0.045869999999999994,0.06
2000-04-04,0.059571,0.053215000000000005,0.045956000000000004,0.06
2000-04-05,0.058802,0.052343,0.045176,0.06
2000-04-06,0.05943,0.053152,0.046071999999999995,0.06
2000-04-07,0.058818,0.052516,0.045555000000000005,0.06
2000-04-10,0.059125,0.052870999999999994,0.045864,0.06
2000-04-11,0.058723,0.052601,0.045850999999999996,0.06
2000-04-12,0.058985,0.052877,0.046299,0.06
2000-04-13,0.059148,0.053375000000000006,0.047166,0.06
2000-04-14,0.059261,0.0535,0.047154,0.06
2000-04-17,0.059312,0.053712,0.04724999999999999,0.06
2000-04-18,0.059273,0.053542,0.047112999999999995,0.06
2000-04-19,0.059428999999999996,0.053632,0.047117000000000006,0.06
2000-04-20,0.059600999999999994,0.053731999999999995,0.047022,0.06
2000-04-25,0.059935,0.054169,0.047296,0.06
2000-04-26,0.059376,0.05371000000000001,0.046789,0.06
2000-04-27,0.058884,0.05330599999999999,0.046326,0.06
2000-04-28,0.058155,0.052683999999999995,0.045526,0.06
2000-05-02,0.058213999999999995,0.052937000000000005,0.045785,0.06
2000-05-03,0.058166,0.053054,0.046162999999999996,0.06
2000-05-04,0.059009,0.054145000000000006,0.047269,0.06
2000-05-05,0.059337,0.054516999999999996,0.047441000000000004,0.06
2000-05-08,0.059066,0.054044,0.046948,0.06
2000-05-09,0.058683,0.053554000000000004,0.046361999999999993,0.06
2000-05-10,0.058743,0.053522999999999994,0.046223,0.06
2000-05-11,0.059843,0.054626,0.047127,0.06
2000-05-12,0.059901,0.054601,0.047289000000000005,0.06
2000-05-15,0.05957900000000001,0.054007,0.046777,0.06
2000-05-16,0.05941900000000001,0.053696,0.046479999999999994,0.06
2000-05-17,0.060191,0.054832,0.047674,0.06
2000-05-18,0.060363,0.055443,0.048179999999999994,0.06
2000-05-19,0.060430000000000005,0.055585,0.048157,0.06
2000-05-22,0.059755,0.054772,0.04748,0.06
2000-05-23,0.060145,0.055015,0.047807,0.06
2000-05-24,0.059837999999999995,0.054588,0.047647,0.06
2000-05-25,0.059177999999999994,0.053703,0.047122000000000004,0.06
2000-05-26,0.058506,0.052799,0.046449,0.06
2000-05-30,0.058761,0.052996,0.046384999999999996,0.06
2000-05-31,0.058117,0.052256,0.045820999999999994,0.06
2000-06-01,0.057647000000000004,0.051864999999999994,0.045781999999999996,0.06
2000-06-02,0.056653,0.051002,0.045449,0.06
2000-06-05,0.056951999999999996,0.051342,0.046033,0.06
2000-06-06,0.057217000000000004,0.051696,0.045831,0.06
2000-06-07,0.057226,0.051714,0.045646000000000006,0.06
2000-06-08,0.057755,0.052178,0.045861,0.06
2000-06-09,0.057367999999999995,0.051723,0.045466,0.06
2000-06-12,0.057274000000000005,0.051628999999999994,0.045532,0.06
2000-06-13,0.05717,0.051589,0.045819,0.06
2000-06-14,0.057247000000000006,0.051946000000000006,0.046081000000000004,0.06
2000-06-15,0.057217000000000004,0.052333,0.046632999999999994,0.06
2000-06-16,0.05636,0.051330999999999995,0.046093999999999996,0.06
2000-06-19,0.056364,0.051538,0.046273999999999996,0.06
2000-06-20,0.056683000000000004,0.052006,0.046703,0.06
2000-06-21,0.057510000000000006,0.05305,0.047510000000000004,0.06
2000-06-22,0.057332,0.052821999999999994,0.047104999999999994,0.06
2000-06-23,0.057721,0.053242000000000005,0.047390999999999996,0.06
2000-06-26,0.057622,0.052877,0.046913,0.06
2000-06-27,0.057738,0.052937000000000005,0.047025,0.06
2000-06-28,0.057694999999999996,0.052786,0.046789,0.06
2000-06-29,0.057076,0.052248,0.046327,0.06
2000-06-30,0.057004,0.05228,0.046401000000000005,0.06
2000-07-03,0.057227,0.052675,0.046514,0.06
2000-07-04,0.056849,0.052326,0.046192000000000004,0.06
2000-07-05,0.056364,0.051895,0.046154,0.06
2000-07-06,0.056900000000000006,0.052550999999999994,0.046458000000000006,0.06
2000-07-07,0.056207,0.051871,0.046132,0.06
2000-07-10,0.056684,0.052439,0.046577,0.06
2000-07-11,0.05656799999999999,0.052160000000000005,0.046379000000000004,0.06
2000-07-12,0.056349,0.05213,0.046565,0.06
2000-07-13,0.056303,0.052223,0.046801,0.06
2000-07-14,0.05691499999999999,0.05303,0.04704,0.06
2000-07-17,0.057087000000000006,0.053159,0.047252999999999996,0.06
2000-07-18,0.057185,0.052981999999999994,0.047039,0.06
2000-07-19,0.057041,0.052605000000000006,0.046543,0.06
2000-07-20,0.05728,0.0524,0.046035000000000006,0.06
2000-07-21,0.056926,0.051939,0.045753,0.06
2000-07-24,0.057138,0.05207900000000001,0.045907,0.06
2000-07-25,0.05685,0.051970999999999996,0.045843999999999996,0.06
2000-07-26,0.056609999999999994,0.051859,0.045985,0.06
2000-07-27,0.056681999999999996,0.052046999999999996,0.046359000000000004,0.06
2000-07-28,0.057564000000000004,0.052918,0.046962000000000004,0.06
2000-07-31,0.057442,0.052897,0.047027,0.06
2000-08-01,0.057329,0.052694,0.047196999999999996,0.06
2000-08-02,0.057537000000000005,0.052957000000000004,0.047374,0.06
2000-08-03,0.057293000000000004,0.052865,0.047041000000000006,0.06
2000-08-04,0.057408,0.053192,0.047468,0.06
2000-08-07,0.057194,0.052969,0.047272999999999996,0.06
2000-08-08,0.05713599999999999,0.052827,0.046935000000000004,0.06
2000-08-09,0.05710200000000001,0.052881,0.046836,0.06
2000-08-10,0.057202,0.052996,0.04697199999999999,0.06
2000-08-11,0.056936999999999995,0.052536,0.046668,0.06
2000-08-14,0.057434000000000006,0.053097000000000005,0.04702,0.06
2000-08-15,0.057744,0.053501,0.047323000000000004,0.06
2000-08-16,0.057816,0.053487,0.047476000000000004,0.06
2000-08-17,0.057971,0.053653000000000006,0.047762,0.06
2000-08-18,0.057768,0.0535,0.047866,0.06
2000-08-21,0.058078000000000005,0.053943000000000005,0.048234000000000006,0.06
2000-08-22,0.058080999999999994,0.053881,0.04811,0.06
2000-08-23,0.05781,0.053595,0.047847,0.06
2000-08-24,0.057455,0.053182,0.04749,0.06
2000-08-25,0.057519,0.053323,0.04774,0.06
2000-08-29,0.058008,0.05389,0.0483,0.06
2000-08-30,0.057884000000000005,0.053938,0.048308,0.06
2000-08-31,0.057856,0.053964,0.048359,0.06
2000-09-01,0.057071,0.053037,0.047465,0.06
2000-09-04,0.057167,0.053045,0.047304000000000006,0.06
2000-09-05,0.057421,0.05339000000000001,0.04785300000000001,0.06
2000-09-06,0.057359,0.053473,0.048013,0.06
2000-09-07,0.057085,0.05332,0.048032000000000005,0.06
2000-09-08,0.057478,0.053898,0.048489000000000004,0.06
2000-09-11,0.057519,0.053967999999999995,0.048655,0.06
2000-09-12,0.058073,0.054659000000000006,0.04923,0.06
2000-09-13,0.058048999999999996,0.054733000000000004,0.049696,0.06
2000-09-14,0.05776099999999999,0.054142,0.049044,0.06
2000-09-15,0.057975000000000006,0.054527,0.049603,0.06
2000-09-18,0.057979,0.054535,0.049535,0.06
2000-09-19,0.057678,0.054216,0.049222,0.06
2000-09-20,0.05777,0.054273999999999996,0.049276,0.06
2000-09-21,0.057485,0.053996,0.049194,0.06
2000-09-22,0.057045000000000005,0.053547000000000004,0.048878000000000005,0.06
2000-09-25,0.057594000000000006,0.054126,0.049471,0.06
2000-09-26,0.057497,0.054055,0.049516,0.06
2000-09-27,0.057465999999999996,0.053938,0.049229,0.06
2000-09-28,0.057259000000000004,0.053745,0.049281,0.06
2000-09-29,0.056255,0.052715,0.048433000000000004,0.06
2000-10-02,0.0562,0.052716000000000006,0.048543,0.06
2000-10-03,0.056206,0.052801,0.048673,0.06
2000-10-04,0.056262,0.052916,0.049057,0.06
2000-10-05,0.056267,0.052892,0.048804999999999994,0.06
2000-10-06,0.056131,0.052729,0.04860299999999999,0.06
2000-10-09,0.055433,0.051909000000000004,0.047975000000000004,0.06
2000-10-10,0.055681,0.051981,0.048107,0.06
2000-10-11,0.055364000000000003,0.051734999999999996,0.047956000000000006,0.06
2000-10-12,0.055081,0.051543,0.047816,0.06
2000-10-13,0.05502,0.051739,0.048201,0.06
2000-10-16,0.055118,0.051751,0.048117,0.06
2000-10-17,0.055293999999999996,0.051879,0.047945,0.06
2000-10-18,0.055056,0.051734999999999996,0.048029,0.06
2000-10-19,0.055226,0.051972,0.048238,0.06
2000-10-20,0.055256,0.051962,0.048160999999999995,0.06
2000-10-23,0.055320999999999995,0.052100999999999995,0.048452999999999996,0.06
2000-10-24,0.055279999999999996,0.052138,0.048454,0.06
2000-10-25,0.055477,0.052168,0.04804,0.06
2000-10-26,0.055556999999999995,0.052153,0.04792,0.06
2000-10-27,0.055922,0.052563000000000006,0.048133,0.06
2000-10-30,0.055751999999999996,0.052376,0.047903,0.06
2000-10-31,0.055672,0.052186,0.04747899999999999,0.06
2000-11-01,0.05556199999999999,0.052169,0.047366,0.06
2000-11-02,0.055268,0.05208,0.047487,0.06
2000-11-03,0.055212000000000004,0.051926,0.046944,0.06
2000-11-06,0.055195999999999995,0.05192,0.046819,0.06
2000-11-07,0.055378,0.052178,0.047171000000000005,0.06
2000-11-08,0.055379,0.052194000000000004,0.047125,0.06
2000-11-09,0.055298999999999994,0.051976,0.046701,0.06
2000-11-10,0.055065,0.051745,0.046509,0.06
2000-11-13,0.054641,0.051425,0.046372,0.06
2000-11-14,0.054639,0.051641000000000006,0.046762,0.06
2000-11-15,0.054259,0.051517,0.046744,0.06
2000-11-16,0.053957,0.051097000000000004,0.04650699999999999,0.06
2000-11-17,0.054123000000000004,0.051313000000000004,0.046684,0.06
2000-11-20,0.054112999999999994,0.051337,0.046693,0.06
2000-11-21,0.054057,0.051075,0.046295,0.06
2000-11-22,0.053133,0.050088,0.045252999999999995,0.06
2000-11-23,0.052865999999999996,0.049623999999999995,0.044642,0.06
2000-11-24,0.052968,0.049640000000000004,0.044797000000000003,0.06
2000-11-27,0.052798,0.049196,0.044295,0.06
2000-11-28,0.052604,0.04906,0.044054,0.06
2000-11-29,0.052633,0.049363000000000004,0.044729,0.06
2000-11-30,0.05238,0.049062,0.044654,0.06
2000-12-01,0.052281,0.048945999999999996,0.044642,0.06
2000-12-04,0.052092,0.048712,0.04445,0.06
2000-12-05,0.052171,0.048858,0.044639,0.06
2000-12-06,0.051969,0.048813,0.044667000000000005,0.06
2000-12-07,0.051955,0.048937999999999995,0.044896000000000005,0.06
2000-12-08,0.05241,0.049409999999999996,0.04534,0.06
2000-12-11,0.052362,0.049375,0.045304000000000004,0.06
2000-12-12,0.052443,0.049547999999999995,0.045378,0.06
2000-12-13,0.052123,0.048996000000000005,0.044802,0.06
2000-12-14,0.052539999999999996,0.04929,0.04488,0.06
2000-12-15,0.052447999999999995,0.048935000000000006,0.044534000000000004,0.06
2000-12-18,0.052446,0.048935000000000006,0.044572,0.06
2000-12-19,0.052832,0.049353999999999995,0.045028,0.06
2000-12-20,0.052149,0.049241,0.04511999999999999,0.06
2000-12-21,0.052112,0.049518000000000006,0.045336999999999995,0.06
2000-12-22,0.051977,0.049379,0.045187,0.06
2000-12-27,0.051694000000000004,0.049055999999999995,0.044904,0.06
2000-12-28,0.051757,0.049082999999999995,0.044909,0.06
2000-12-29,0.051556,0.048861999999999996,0.044799,0.06
2001-01-02,0.050688000000000004,0.047979,0.044036,0.06
2001-01-03,0.050309999999999994,0.047116,0.043392,0.06
2001-01-04,0.050799000000000004,0.047749,0.044128999999999995,0.06
2001-01-05,0.050691,0.047803000000000005,0.0444,0.06
2001-01-08,0.050679,0.047904999999999996,0.044576000000000005,0.06
2001-01-09,0.051192,0.048448000000000005,0.045044,0.06
2001-01-10,0.051186999999999996,0.048317,0.044873,0.06
2001-01-11,0.05119,0.048326,0.044902,0.06
2001-01-12,0.051812,0.049008,0.045427999999999996,0.06
2001-01-15,0.051456,0.048743999999999996,0.045168,0.06
2001-01-16,0.051563,0.049086,0.045557,0.06
2001-01-17,0.051694000000000004,0.04909500000000001,0.04561200000000001,0.06
2001-01-18,0.051333000000000004,0.048927,0.045557,0.06
2001-01-19,0.051334,0.048887,0.045414,0.06
2001-01-22,0.051704,0.049316000000000006,0.045807,0.06
2001-01-23,0.051780999999999994,0.049222999999999996,0.045797,0.06
2001-01-24,0.051958000000000004,0.049011,0.045477,0.06
2001-01-25,0.051916000000000004,0.048849000000000004,0.045163,0.06
2001-01-26,0.051426,0.04822,0.044971,0.06
2001-01-29,0.051327,0.048296,0.045299,0.06
2001-01-30,0.05117,0.048322000000000004,0.04546700000000001,0.06
2001-01-31,0.050492999999999996,0.047732000000000004,0.045159000000000005,0.06
2001-02-01,0.050613,0.047812,0.045144000000000004,0.06
2001-02-02,0.050792000000000004,0.047879,0.04519,0.06
2001-02-05,0.050723000000000004,0.047855999999999996,0.045382,0.06
2001-02-06,0.050692,0.047805999999999994,0.045247,0.06
2001-02-07,0.050472,0.047443,0.044913,0.06
2001-02-08,0.050926,0.048021,0.045410000000000006,0.0575
2001-02-09,0.050513,0.047723,0.045319000000000005,0.0575
2001-02-12,0.050427,0.047813,0.045491000000000004,0.0575
2001-02-13,0.050355,0.047837,0.04558500000000001,0.0575
2001-02-14,0.050959000000000004,0.048401,0.045852000000000004,0.0575
2001-02-15,0.051517,0.048666999999999995,0.045842,0.0575
2001-02-16,0.051461,0.048628,0.045869999999999994,0.0575
2001-02-19,0.051304999999999996,0.048553,0.045903,0.0575
2001-02-20,0.051056,0.04858799999999999,0.045958,0.0575
2001-02-21,0.051094999999999995,0.048781,0.046017999999999996,0.0575
2001-02-22,0.051217,0.049057,0.046378,0.0575
2001-02-23,0.05101,0.048892,0.046393000000000004,0.0575
2001-02-26,0.050932000000000005,0.048884,0.046266999999999996,0.0575
2001-02-27,0.050557,0.048272,0.045668,0.0575
2001-02-28,0.050502000000000005,0.048049,0.045282,0.0575
2001-03-01,0.05026099999999999,0.047519,0.044913,0.0575
2001-03-02,0.050374,0.047541,0.044995,0.0575
2001-03-05,0.050602,0.047759,0.045114,0.0575
2001-03-06,0.050620000000000005,0.047754000000000005,0.045232,0.0575
2001-03-07,0.050627000000000005,0.04790199999999999,0.045706,0.0575
2001-03-08,0.050162000000000005,0.047756,0.046068,0.0575
2001-03-09,0.049996,0.047802,0.046303000000000004,0.0575
2001-03-12,0.049813,0.047725,0.046273,0.0575
2001-03-13,0.04995,0.047765,0.046062000000000006,0.0575
2001-03-14,0.04909500000000001,0.046916,0.045582000000000004,0.0575
2001-03-15,0.048665,0.04643099999999999,0.045217,0.0575
2001-03-16,0.047973999999999996,0.045817,0.044522000000000006,0.0575
2001-03-19,0.047855999999999996,0.04579,0.044786,0.0575
2001-03-20,0.048310000000000006,0.046132,0.044904,0.0575
2001-03-21,0.048181,0.046212,0.045058,0.0575
2001-03-22,0.047342,0.045633999999999994,0.04482,0.0575
2001-03-23,0.047504,0.046046,0.044989999999999995,0.0575
2001-03-26,0.047885,0.046456,0.045351999999999996,0.0575
2001-03-27,0.048422,0.046966,0.045491000000000004,0.0575
2001-03-28,0.048713,0.047062,0.045810000000000003,0.0575
2001-03-29,0.049052,0.047706,0.046490000000000004,0.0575
2001-03-30,0.049040999999999994,0.04796,0.046954,0.0575
2001-04-02,0.048598999999999996,0.048005000000000006,0.047348999999999995,0.0575
2001-04-03,0.048378,0.047791,0.047435,0.0575
2001-04-04,0.04867,0.048227,0.047618999999999995,0.0575
2001-04-05,0.048882,0.048275,0.04762400000000001,0.055
2001-04-06,0.048419,0.047712000000000004,0.047151,0.055
2001-04-09,0.048396,0.047734,0.047081,0.055
2001-04-10,0.048879,0.048053,0.047146,0.055
2001-04-11,0.050063,0.048962000000000006,0.047609000000000005,0.055
2001-04-12,0.050553,0.049525,0.048145,0.055
2001-04-17,0.050713,0.049847,0.048620000000000003,0.055
2001-04-18,0.051175,0.050597,0.049282000000000006,0.055
2001-04-19,0.051273,0.050949999999999995,0.049641000000000005,0.055
2001-04-20,0.05122499999999999,0.050744,0.049275,0.055
2001-04-23,0.050671,0.050309999999999994,0.049089999999999995,0.055
2001-04-24,0.050797,0.050301,0.049090999999999996,0.055
2001-04-25,0.051112000000000005,0.050606,0.049227,0.055
2001-04-26,0.050751,0.050177,0.049028999999999996,0.055
2001-04-27,0.051123,0.050711000000000006,0.049435,0.055
2001-04-30,0.051847000000000004,0.051361,0.050024,0.055
2001-05-01,0.051607,0.051075,0.049697,0.055
2001-05-02,0.051447,0.050772000000000005,0.049425,0.055
2001-05-03,0.051185999999999995,0.050545,0.049317,0.055
2001-05-04,0.050483,0.050063,0.048838,0.055
2001-05-08,0.050361,0.050018,0.048844000000000005,0.055
2001-05-09,0.050225,0.049728,0.048563,0.055
2001-05-10,0.050558,0.049991,0.048769,0.0525
2001-05-11,0.051114,0.050502000000000005,0.049345,0.0525
2001-05-14,0.051667,0.051115,0.049899,0.0525
2001-05-15,0.051791000000000004,0.051136,0.049783999999999995,0.0525
2001-05-16,0.051387999999999996,0.050727,0.049282000000000006,0.0525
2001-05-17,0.051824,0.050853999999999996,0.049166,0.0525
2001-05-18,0.052543,0.051265,0.049244,0.0525
2001-05-21,0.052657999999999996,0.051333000000000004,0.049299,0.0525
2001-05-22,0.052687,0.051432000000000005,0.049539,0.0525
2001-05-23,0.052971000000000004,0.051966,0.05013,0.0525
2001-05-24,0.053308,0.05213,0.050329,0.0525
2001-05-25,0.05359,0.052511999999999996,0.050956,0.0525
2001-05-29,0.053441999999999996,0.052301,0.051157,0.0525
2001-05-30,0.05341,0.052313,0.051257000000000004,0.0525
2001-05-31,0.05343,0.052445000000000006,0.051338999999999996,0.0525
2001-06-01,0.05258,0.051586,0.050848000000000004,0.0525
2001-06-04,0.052590000000000005,0.051712999999999995,0.051049,0.0525
2001-06-05,0.052322,0.051156,0.05067,0.0525
2001-06-06,0.052381000000000004,0.051184,0.050439,0.0525
2001-06-07,0.052483,0.05161400000000001,0.050902,0.0525
2001-06-08,0.052504,0.051869,0.05138,0.0525
2001-06-11,0.052321,0.051547,0.051054,0.0525
2001-06-12,0.053719,0.052442,0.051737000000000005,0.0525
2001-06-13,0.054138,0.052607,0.051856,0.0525
2001-06-14,0.053731,0.051977999999999996,0.051308,0.0525
2001-06-15,0.053606,0.051848,0.051039,0.0525
2001-06-18,0.053487,0.051815,0.050875000000000004,0.0525
2001-06-19,0.053761,0.051944,0.050735999999999996,0.0525
2001-06-20,0.05404899999999999,0.05212,0.050739,0.0525
2001-06-21,0.054165,0.052420999999999995,0.05085,0.0525
2001-06-22,0.053401,0.051648,0.050195,0.0525
2001-06-25,0.053086,0.05138,0.049982,0.0525
2001-06-26,0.053281,0.051757,0.050317999999999995,0.0525
2001-06-27,0.053662999999999995,0.052076000000000004,0.050598000000000004,0.0525
2001-06-28,0.054631,0.052927,0.051426,0.0525
2001-06-29,0.055138999999999994,0.053334,0.051523000000000006,0.0525
2001-07-02,0.055035,0.05349,0.051905,0.0525
2001-07-03,0.055115,0.053753999999999996,0.051999000000000004,0.0525
2001-07-04,0.054987,0.053512000000000004,0.051651999999999997,0.0525
2001-07-05,0.055032,0.0535,0.051505,0.0525
2001-07-06,0.05378,0.052226999999999996,0.050315000000000006,0.0525
2001-07-09,0.054109,0.052656999999999995,0.050791,0.0525
2001-07-10,0.053864,0.05242,0.050564,0.0525
2001-07-11,0.05296,0.051549,0.049745,0.0525
2001-07-12,0.053347,0.051840000000000004,0.049977999999999995,0.0525
2001-07-13,0.053635999999999996,0.052184999999999995,0.050327000000000004,0.0525
2001-07-16,0.053513000000000005,0.051982,0.050239000000000006,0.0525
2001-07-17,0.053677,0.051986,0.050096,0.0525
2001-07-18,0.053487,0.051677999999999995,0.049874999999999996,0.0525
2001-07-19,0.053938,0.05194,0.050108,0.0525
2001-07-20,0.053379,0.051337,0.049638,0.0525
2001-07-23,0.053201,0.051296999999999995,0.049589999999999995,0.0525
2001-07-24,0.053163999999999996,0.051323,0.049726,0.0525
2001-07-25,0.053208000000000005,0.051425,0.049798999999999996,0.0525
2001-07-26,0.05309,0.051532999999999995,0.049734,0.0525
2001-07-27,0.052709,0.051239,0.049518000000000006,0.0525
2001-07-30,0.052550999999999994,0.051067,0.049218000000000005,0.0525
2001-07-31,0.052351,0.050872,0.048988,0.0525
2001-08-01,0.052739,0.051212999999999995,0.049240000000000006,0.0525
2001-08-02,0.052606,0.051631,0.049861,0.05
2001-08-03,0.052142999999999995,0.051338,0.049668000000000004,0.05
2001-08-06,0.051773,0.050942999999999995,0.049340999999999996,0.05
2001-08-07,0.051701,0.050755,0.04905,0.05
2001-08-08,0.051193999999999996,0.050118,0.048276000000000006,0.05
2001-08-09,0.050462999999999994,0.049481000000000004,0.047716,0.05
2001-08-10,0.05015,0.049179,0.04767299999999999,0.05
2001-08-13,0.04999,0.049124,0.047537,0.05
2001-08-14,0.050676,0.04968,0.048075,0.05
2001-08-15,0.051604000000000004,0.050066,0.048235,0.05
2001-08-16,0.051478,0.049785,0.047996,0.05
2001-08-17,0.050664999999999995,0.049035999999999996,0.04724300000000001,0.05
2001-08-20,0.050967000000000005,0.049314,0.047569,0.05
2001-08-21,0.051172,0.049465,0.047755,0.05
2001-08-22,0.051321000000000006,0.049698,0.047878,0.05
2001-08-23,0.05107300000000001,0.049595,0.047735,0.05
2001-08-24,0.051325,0.049954,0.047962,0.05
2001-08-28,0.050558,0.049087,0.047382999999999995,0.05
2001-08-29,0.050543,0.049089999999999995,0.047525000000000005,0.05
2001-08-30,0.050092,0.048865,0.047484,0.05
2001-08-31,0.050300000000000004,0.04937299999999999,0.047965999999999995,0.05
2001-09-03,0.050011,0.049382999999999996,0.048091999999999996,0.05
2001-09-04,0.051516,0.05085,0.049475,0.05
2001-09-05,0.051634,0.051102999999999996,0.049889,0.05
2001-09-06,0.051093,0.050767,0.049621000000000005,0.05
2001-09-07,0.050273000000000005,0.049997,0.048861999999999996,0.05
2001-09-10,0.050197000000000006,0.050001,0.048927,0.05
2001-09-11,0.049505999999999994,0.049559,0.048755,0.05
2001-09-12,0.048699000000000006,0.049477,0.049096,0.05
2001-09-13,0.049222,0.049849,0.049576,0.05
2001-09-14,0.048334,0.049048,0.049226,0.05
2001-09-17,0.048764,0.049428,0.049565,0.05
2001-09-18,0.048949,0.049513,0.049861,0.0475
2001-09-19,0.049104,0.049791,0.050174,0.0475
2001-09-20,0.049264,0.049925,0.050164999999999994,0.0475
2001-09-21,0.048981000000000004,0.049854,0.049982,0.0475
2001-09-24,0.049242,0.05018500000000001,0.050269,0.0475
2001-09-25,0.049154,0.050127,0.050393,0.0475
2001-09-26,0.048954000000000004,0.049618,0.04960899999999999,0.0475
2001-09-27,0.048811999999999994,0.049411,0.049291999999999996,0.0475
2001-09-28,0.049122000000000006,0.049628,0.049262,0.0475
2001-10-01,0.049291,0.049729999999999996,0.049478999999999995,0.0475
2001-10-02,0.048746,0.049344,0.049672999999999995,0.0475
2001-10-03,0.047965999999999995,0.048673,0.049148,0.0475
2001-10-04,0.047832,0.048607,0.049185999999999994,0.045
2001-10-05,0.047820999999999995,0.048536,0.049088,0.045
2001-10-08,0.047611999999999995,0.048026,0.048226000000000005,0.045
2001-10-09,0.04840900000000001,0.048676000000000004,0.048834999999999996,0.045
2001-10-10,0.048703,0.048735,0.048715,0.045
2001-10-11,0.04933099999999999,0.049276,0.048878000000000005,0.045
2001-10-12,0.04917,0.049139,0.048768000000000006,0.045
2001-10-15,0.048513,0.048502,0.047994,0.045
2001-10-16,0.0484,0.048447,0.0479,0.045
2001-10-17,0.048330000000000005,0.048621,0.048118999999999995,0.045
2001-10-18,0.048342,0.04856099999999999,0.048136,0.045
2001-10-19,0.048151,0.048478,0.048173,0.045
2001-10-22,0.04794400000000001,0.048403999999999996,0.048214,0.045
2001-10-23,0.048058,0.048571,0.048425,0.045
2001-10-24,0.047259999999999996,0.047892000000000004,0.047876,0.045
2001-10-25,0.04661800000000001,0.047353,0.047332,0.045
2001-10-26,0.046861,0.047446999999999996,0.047195999999999995,0.045
2001-10-29,0.046417,0.046905,0.046551,0.045
2001-10-30,0.045532,0.046131000000000005,0.045951000000000006,0.045
2001-10-31,0.045442,0.045771,0.045247,0.045
2001-11-01,0.044839000000000004,0.044952,0.044297,0.045
2001-11-02,0.045256,0.045502,0.044684999999999996,0.045
2001-11-05,0.044518,0.044877,0.044246,0.045
2001-11-06,0.044504999999999996,0.04484,0.044222000000000004,0.045
2001-11-07,0.043838,0.044503,0.044164,0.045
2001-11-08,0.043834,0.044689,0.044116999999999996,0.04
2001-11-09,0.043629,0.044486,0.043946,0.04
2001-11-12,0.043436,0.044372999999999996,0.04375,0.04
2001-11-13,0.044531999999999995,0.04550099999999999,0.044802999999999996,0.04
2001-11-14,0.045663,0.046209,0.045382,0.04
2001-11-15,0.046879,0.047085999999999996,0.046064999999999995,0.04
2001-11-16,0.046931,0.04714,0.045977,0.04
2001-11-19,0.046636,0.047048,0.046116000000000004,0.04
2001-11-20,0.04638,0.04702,0.046322,0.04
2001-11-21,0.047178000000000005,0.047652,0.046974,0.04
2001-11-22,0.047237999999999995,0.047672,0.047027,0.04
2001-11-23,0.047043999999999996,0.047493,0.046929,0.04
2001-11-26,0.04677,0.047149,0.046529999999999995,0.04
2001-11-27,0.048278,0.048109,0.046943,0.04
2001-11-28,0.047560000000000005,0.047517,0.046231,0.04
2001-11-29,0.047339,0.047215,0.046079999999999996,0.04
2001-11-30,0.04685399999999999,0.046936,0.045941,0.04
2001-12-03,0.046302,0.046656,0.045808999999999996,0.04
2001-12-04,0.046188,0.04658,0.045823,0.04
2001-12-05,0.04774200000000001,0.047943,0.046944999999999994,0.04
2001-12-06,0.048809,0.048738000000000004,0.04723,0.04
2001-12-07,0.049995000000000005,0.050042,0.048707,0.04
2001-12-10,0.049586,0.049729999999999996,0.048573000000000005,0.04
2001-12-11,0.049185999999999994,0.049359,0.048278,0.04
2001-12-12,0.048184,0.048257,0.047070999999999995,0.04
2001-12-13,0.04863000000000001,0.048405,0.046863,0.04
2001-12-14,0.049046000000000006,0.048465999999999995,0.046844000000000004,0.04
2001-12-17,0.049455,0.04909500000000001,0.047582000000000006,0.04
2001-12-18,0.049401,0.049037,0.04755,0.04
2001-12-19,0.049047,0.048625,0.047001999999999995,0.04
2001-12-20,0.049169,0.048809,0.04718,0.04
2001-12-21,0.04962,0.049274,0.047636000000000005,0.04
2001-12-24,0.049231,0.048853999999999995,0.04723,0.04
2001-12-27,0.050561999999999996,0.050217,0.048456,0.04
2001-12-28,0.050918,0.050616,0.048773,0.04
2001-12-31,0.051196,0.050929,0.049082,0.04
2002-01-02,0.050477999999999995,0.050268,0.048543,0.04
2002-01-03,0.049658,0.049749,0.048572,0.04
2002-01-04,0.050297,0.050137999999999995,0.048891,0.04
2002-01-07,0.049783,0.049353,0.048157,0.04
2002-01-08,0.049719,0.049353,0.048373,0.04
2002-01-09,0.050438000000000004,0.049817,0.048801,0.04
2002-01-10,0.049881,0.04929700000000001,0.048326,0.04
2002-01-11,0.050022000000000004,0.049166,0.048056999999999996,0.04
2002-01-14,0.049233,0.048632999999999996,0.047741,0.04
2002-01-15,0.049307,0.048616,0.047698,0.04
2002-01-16,0.048867,0.048213,0.047279,0.04
2002-01-17,0.048719,0.048366,0.047568,0.04
2002-01-18,0.048798,0.048632999999999996,0.047801,0.04
2002-01-21,0.048174999999999996,0.048178,0.047386,0.04
2002-01-22,0.04871,0.048605999999999996,0.047518000000000005,0.04
2002-01-23,0.048227,0.048428000000000006,0.047577,0.04
2002-01-24,0.049055999999999995,0.04921299999999999,0.048282,0.04
2002-01-25,0.050242,0.050132,0.049003,0.04
2002-01-28,0.050176,0.049931,0.048838,0.04
2002-01-29,0.049938,0.049685,0.048644999999999994,0.04
2002-01-30,0.049631999999999996,0.049226,0.048244999999999996,0.04
2002-01-31,0.049500999999999996,0.048772,0.047699,0.04
2002-02-01,0.049392,0.048600000000000004,0.047406,0.04
2002-02-04,0.048827999999999996,0.048140999999999996,0.046959,0.04
2002-02-05,0.048465,0.047855,0.046886000000000004,0.04
2002-02-06,0.048571,0.048172,0.047337,0.04
2002-02-07,0.049802,0.049482,0.048605,0.04
2002-02-08,0.049542,0.04933,0.048415,0.04
2002-02-11,0.049544,0.049394999999999994,0.048533,0.04
2002-02-12,0.050771,0.050162000000000005,0.048976,0.04
2002-02-13,0.050602999999999995,0.050145,0.049032,0.04
2002-02-14,0.050255999999999995,0.049713,0.048399,0.04
2002-02-15,0.049631999999999996,0.049008,0.047823000000000004,0.04
2002-02-18,0.049665999999999995,0.048964999999999995,0.047793,0.04
2002-02-19,0.049577,0.049156000000000005,0.048125999999999995,0.04
2002-02-20,0.049562999999999996,0.049351000000000006,0.048378,0.04
2002-02-21,0.049690000000000005,0.04960899999999999,0.048674,0.04
2002-02-22,0.049293,0.049139,0.048199,0.04
2002-02-25,0.049569,0.049414,0.04853,0.04
2002-02-26,0.049840999999999996,0.049849,0.048954000000000004,0.04
2002-02-27,0.049877000000000005,0.049752,0.048838,0.04
2002-02-28,0.049842000000000004,0.049774000000000006,0.048855,0.04
2002-03-01,0.050486,0.050332,0.049375,0.04
2002-03-04,0.050774999999999994,0.050349000000000005,0.049269,0.04
2002-03-05,0.051353,0.050991999999999996,0.049918,0.04
2002-03-06,0.051562000000000004,0.051475,0.050468,0.04
2002-03-07,0.052386999999999996,0.052029,0.050823,0.04
2002-03-08,0.052438000000000005,0.052003,0.05068399999999999,0.04
2002-03-11,0.052244,0.051792,0.050622999999999994,0.04
2002-03-12,0.052224000000000007,0.051869,0.050824,0.04
2002-03-13,0.05248,0.052199,0.051116,0.04
2002-03-14,0.052718,0.052583000000000005,0.051487,0.04
2002-03-15,0.05280700000000001,0.052467,0.05126,0.04
2002-03-18,0.05261999999999999,0.05238400000000001,0.051032,0.04
2002-03-19,0.052619,0.052491,0.051226,0.04
2002-03-20,0.052891,0.052816,0.051597,0.04
2002-03-21,0.053411999999999994,0.053066,0.051820000000000005,0.04
2002-03-22,0.053561,0.053147,0.051783,0.04
2002-03-25,0.053837,0.053368,0.051940999999999994,0.04
2002-03-26,0.053556999999999994,0.053079999999999995,0.051739,0.04
2002-03-27,0.052983,0.052469999999999996,0.051106,0.04
2002-03-28,0.053544,0.053137,0.051959,0.04
2002-04-02,0.053571,0.053112000000000006,0.051879999999999996,0.04
2002-04-03,0.052971000000000004,0.052493,0.051249,0.04
2002-04-04,0.052479,0.051974,0.050733,0.04
2002-04-05,0.052461,0.052118000000000005,0.050946,0.04
2002-04-08,0.052479,0.052300000000000006,0.051231,0.04
2002-04-09,0.052643,0.052432999999999994,0.051386,0.04
2002-04-10,0.052742000000000004,0.052629,0.051607,0.04
2002-04-11,0.052171,0.051963999999999996,0.050904,0.04
2002-04-12,0.052015000000000006,0.051926,0.050910000000000004,0.04
2002-04-15,0.051761999999999996,0.05168999999999999,0.050681000000000004,0.04
2002-04-16,0.052627,0.052506000000000004,0.051403,0.04
2002-04-17,0.052636,0.052511999999999996,0.051433,0.04
2002-04-18,0.052779,0.052825,0.051719999999999995,0.04
2002-04-19,0.052819000000000005,0.052876000000000006,0.051768999999999996,0.04
2002-04-22,0.052363999999999994,0.052476,0.05143,0.04
2002-04-23,0.052729,0.052846000000000004,0.051799,0.04
2002-04-24,0.052428,0.05252,0.051516,0.04
2002-04-25,0.051835000000000006,0.05194,0.050919,0.04
2002-04-26,0.051425,0.051565,0.050609,0.04
2002-04-29,0.051955999999999995,0.052153,0.05114899999999999,0.04
2002-04-30,0.051938000000000005,0.052103000000000003,0.051212999999999995,0.04
2002-05-01,0.05165,0.051719,0.050804999999999996,0.04
2002-05-02,0.052358,0.052377,0.051412000000000006,0.04
2002-05-03,0.051871,0.051840000000000004,0.050898000000000006,0.04
2002-05-07,0.051717000000000006,0.051757,0.050878,0.04
2002-05-08,0.052098000000000005,0.052242,0.051329,0.04
2002-05-09,0.052523,0.052613,0.05161400000000001,0.04
2002-05-10,0.052651,0.052754,0.051773,0.04
2002-05-13,0.052599,0.05282,0.051909000000000004,0.04
2002-05-14,0.05302,0.053168,0.052093,0.04
2002-05-15,0.053242000000000005,0.053175999999999994,0.052081,0.04
2002-05-16,0.05312700000000001,0.053162,0.05213,0.04
2002-05-17,0.05348,0.053556999999999994,0.052598000000000006,0.04
2002-05-20,0.052855,0.05285,0.051957,0.04
2002-05-21,0.052712,0.052786,0.051914999999999996,0.04
2002-05-22,0.052513,0.052718999999999995,0.05195,0.04
2002-05-23,0.05257100000000001,0.052637,0.05176,0.04
2002-05-24,0.052450000000000004,0.05258,0.051706,0.04
2002-05-27,0.052858,0.053239999999999996,0.05237,0.04
2002-05-28,0.052516999999999994,0.052885,0.052093,0.04
2002-05-29,0.052471,0.052771,0.05213,0.04
2002-05-30,0.052413999999999995,0.052664,0.052043,0.04
2002-05-31,0.052618,0.052845,0.052245999999999994,0.04
2002-06-05,0.052226999999999996,0.052481,0.051913999999999995,0.04
2002-06-06,0.052024,0.05242,0.051878,0.04
2002-06-07,0.051953,0.052474999999999994,0.051992000000000003,0.04
2002-06-10,0.051872,0.052252,0.051726999999999995,0.04
2002-06-11,0.052127999999999994,0.05244,0.051932,0.04
2002-06-12,0.051954,0.052244,0.051780999999999994,0.04
2002-06-13,0.050982,0.051092000000000005,0.050568999999999996,0.04
2002-06-14,0.050432,0.05044800000000001,0.049960000000000004,0.04
2002-06-17,0.050626,0.050523,0.050046999999999994,0.04
2002-06-18,0.050418000000000004,0.050294,0.049794,0.04
2002-06-19,0.050206999999999995,0.050019,0.049478999999999995,0.04
2002-06-20,0.050489,0.050404,0.049781000000000006,0.04
2002-06-21,0.050602999999999995,0.050529000000000004,0.049741999999999995,0.04
2002-06-24,0.050054999999999995,0.049837,0.048928,0.04
2002-06-25,0.050956,0.050605000000000004,0.049496000000000005,0.04
2002-06-26,0.050039999999999994,0.049707999999999995,0.048456,0.04
2002-06-27,0.050177,0.049731,0.048437,0.04
2002-06-28,0.050587,0.050313,0.04916,0.04
2002-07-01,0.050544000000000006,0.050376000000000004,0.049222999999999996,0.04
2002-07-02,0.050393,0.050311,0.049281,0.04
2002-07-03,0.050315000000000006,0.05054,0.049427000000000006,0.04
2002-07-04,0.050574,0.050845,0.049747000000000006,0.04
2002-07-05,0.051284,0.051397000000000005,0.050296,0.04
2002-07-08,0.051296,0.051501,0.050477999999999995,0.04
2002-07-09,0.051219,0.051481000000000006,0.050418000000000004,0.04
2002-07-10,0.050628,0.050875000000000004,0.04983,0.04
2002-07-11,0.049867,0.050145,0.049116999999999994,0.04
2002-07-12,0.049574999999999994,0.04979599999999999,0.048757,0.04
2002-07-15,0.049126,0.049454000000000005,0.048403999999999996,0.04
2002-07-16,0.048728999999999995,0.049527,0.048589,0.04
2002-07-17,0.049342,0.050147000000000004,0.049336000000000005,0.04
2002-07-18,0.049338,0.049985999999999996,0.049227,0.04
2002-07-19,0.048819,0.049549,0.048752000000000004,0.04
2002-07-22,0.048361999999999995,0.049282000000000006,0.048506,0.04
2002-07-23,0.048545,0.04947,0.048703,0.04
2002-07-24,0.047553,0.048664,0.048007999999999995,0.04
2002-07-25,0.047938999999999996,0.049088,0.048295000000000005,0.04
2002-07-26,0.047805999999999994,0.049241,0.048330000000000005,0.04
2002-07-29,0.048357000000000004,0.049815,0.048882,0.04
2002-07-30,0.048238,0.049747000000000006,0.048906,0.04
2002-07-31,0.047461,0.049385000000000005,0.048723,0.04
2002-08-01,0.046639,0.04881,0.048219000000000005,0.04
2002-08-02,0.046164,0.048415,0.047866,0.04
2002-08-05,0.04518900000000001,0.047523,0.047129000000000004,0.04
2002-08-06,0.045774999999999996,0.047937,0.047483000000000004,0.04
2002-08-07,0.045117000000000004,0.047161999999999996,0.046706000000000004,0.04
2002-08-08,0.045569,0.047502,0.04691,0.04
2002-08-09,0.045483,0.047208,0.046414,0.04
2002-08-12,0.045319000000000005,0.046908000000000005,0.045825,0.04
2002-08-13,0.045249,0.046783,0.045881,0.04
2002-08-14,0.044605,0.046120999999999995,0.045191,0.04
2002-08-15,0.046134,0.047458,0.046460999999999995,0.04
2002-08-16,0.046398999999999996,0.047591999999999995,0.046489,0.04
2002-08-19,0.046512000000000005,0.047638999999999994,0.046436000000000005,0.04
2002-08-20,0.046052,0.047254,0.046082,0.04
2002-08-21,0.046647,0.047862,0.046578999999999995,0.04
2002-08-22,0.046966,0.048378,0.047136,0.04
2002-08-23,0.046547,0.047979,0.046824000000000005,0.04
2002-08-27,0.046408,0.047913,0.04682,0.04
2002-08-28,0.045554,0.047070999999999995,0.046044999999999996,0.04
2002-08-29,0.045079,0.046496,0.045538999999999996,0.04
2002-08-30,0.045225,0.046639,0.045633999999999994,0.04
2002-09-02,0.044571,0.046012000000000004,0.045037,0.04
2002-09-03,0.043795,0.045243000000000005,0.044278000000000005,0.04
2002-09-04,0.04369100000000001,0.045203,0.044266,0.04
2002-09-05,0.0435,0.04514700000000001,0.044408,0.04
2002-09-06,0.043338,0.044979,0.044463,0.04
2002-09-09,0.043663,0.045103,0.044532999999999996,0.04
2002-09-10,0.044366,0.045705,0.045109,0.04
2002-09-11,0.045025,0.046206,0.045492,0.04
2002-09-12,0.044367000000000004,0.045637,0.044922000000000004,0.04
2002-09-13,0.043973000000000005,0.045439999999999994,0.04477299999999999,0.04
2002-09-16,0.043424,0.04482,0.044187000000000004,0.04
2002-09-17,0.043771000000000004,0.045117000000000004,0.044509999999999994,0.04
2002-09-18,0.04318399999999999,0.044577,0.04415,0.04
2002-09-19,0.042464,0.044081999999999996,0.0437,0.04
2002-09-20,0.04277,0.044629,0.044277,0.04
2002-09-23,0.042422,0.044333,0.044078,0.04
2002-09-24,0.042252,0.044209,0.044081,0.04
2002-09-25,0.042626,0.044642,0.044603000000000004,0.04
2002-09-26,0.042844,0.044907,0.044900999999999996,0.04
2002-09-27,0.042893,0.044913,0.044798,0.04
2002-09-30,0.042009,0.044212,0.044192999999999996,0.04
2002-10-01,0.04201,0.044488,0.044648,0.04
2002-10-02,0.042675,0.045007,0.044908000000000003,0.04
2002-10-03,0.042903000000000004,0.045279,0.045277000000000005,0.04
2002-10-04,0.043167,0.045416,0.045410000000000006,0.04
2002-10-07,0.042461,0.044737,0.044718999999999995,0.04
2002-10-08,0.042416,0.044678,0.044645000000000004,0.04
2002-10-09,0.042436,0.044583000000000005,0.04452,0.04
2002-10-10,0.043211000000000006,0.045338,0.045191,0.04
2002-10-11,0.043697,0.045699,0.045323,0.04
2002-10-14,0.043864,0.045946999999999995,0.045591,0.04
2002-10-15,0.044896000000000005,0.046935000000000004,0.046479999999999994,0.04
2002-10-16,0.045133,0.047259999999999996,0.046819,0.04
2002-10-17,0.044986,0.047008,0.046527000000000006,0.04
2002-10-18,0.045011999999999996,0.047116,0.0467,0.04
2002-10-21,0.045047,0.04721,0.046873,0.04
2002-10-22,0.04561,0.047777,0.047403,0.04
2002-10-23,0.044799,0.047116,0.046837,0.04
2002-10-24,0.045094,0.04747,0.047195,0.04
2002-10-25,0.044634,0.047095000000000005,0.046841,0.04
2002-10-28,0.044162999999999994,0.046708999999999994,0.046490000000000004,0.04
2002-10-29,0.043681,0.046269,0.046178,0.04
2002-10-30,0.04386999999999999,0.046493,0.046406,0.04
2002-10-31,0.043508,0.046053,0.045925,0.04
2002-11-01,0.043946,0.046467999999999995,0.046266999999999996,0.04
2002-11-04,0.044113,0.046764,0.046748000000000005,0.04
2002-11-05,0.044546,0.047262000000000005,0.047242,0.04
2002-11-06,0.044624,0.04731,0.047407000000000005,0.04
2002-11-07,0.044128,0.046478,0.046468999999999996,0.04
2002-11-08,0.043731,0.04596,0.045965,0.04
2002-11-11,0.043301,0.045568,0.045599,0.04
2002-11-12,0.042977999999999995,0.045264,0.045387000000000004,0.04
2002-11-13,0.043131,0.045434999999999996,0.045579,0.04
2002-11-14,0.043628,0.045876,0.046088,0.04
2002-11-15,0.043641,0.045887000000000004,0.046106,0.04
2002-11-18,0.043761999999999995,0.04599,0.046167,0.04
2002-11-19,0.043593,0.045820999999999994,0.046055,0.04
2002-11-20,0.0434,0.04569,0.046003999999999996,0.04
2002-11-21,0.044367000000000004,0.046662999999999996,0.046967,0.04
2002-11-22,0.044433999999999994,0.046722,0.046943,0.04
2002-11-25,0.044593,0.04683,0.046952999999999995,0.04
2002-11-26,0.044317999999999996,0.046468999999999996,0.046489,0.04
2002-11-27,0.045172,0.047188999999999995,0.047224,0.04
2002-11-28,0.045439999999999994,0.047186000000000006,0.047058,0.04
2002-11-29,0.045348,0.047107,0.04705,0.04
2002-12-02,0.045724999999999995,0.047498,0.04747899999999999,0.04
2002-12-03,0.045347,0.04719,0.047236,0.04
2002-12-04,0.045188,0.046994,0.046959,0.04
2002-12-05,0.04476,0.046509,0.046474,0.04
2002-12-06,0.044272,0.046093,0.046167,0.04
2002-12-09,0.043829,0.045877,0.046058,0.04
2002-12-10,0.043819,0.046002999999999995,0.046337,0.04
2002-12-11,0.04375,0.045903,0.046273999999999996,0.04
2002-12-12,0.043311999999999996,0.045598,0.046036,0.04
2002-12-13,0.043228,0.045523999999999995,0.046001,0.04
2002-12-16,0.043349,0.045598,0.046055,0.04
2002-12-17,0.043533,0.045713,0.046116000000000004,0.04
2002-12-18,0.04299,0.045153,0.045641,0.04
2002-12-19,0.042851,0.045048000000000005,0.045568,0.04
2002-12-20,0.042989,0.045204,0.045715000000000006,0.04
2002-12-23,0.04289,0.045064,0.045603,0.04
2002-12-24,0.04293,0.045124000000000004,0.045652,0.04
2002-12-27,0.042106000000000005,0.044357,0.045058999999999995,0.04
2002-12-30,0.042092,0.044371999999999995,0.045044,0.04
2002-12-31,0.041811,0.044065,0.044772,0.04
2003-01-02,0.042466,0.044844999999999996,0.045648,0.04
2003-01-03,0.042641,0.04507,0.045853000000000005,0.04
2003-01-06,0.04258,0.045019,0.045849,0.04
2003-01-07,0.042474,0.044913999999999996,0.045781999999999996,0.04
2003-01-08,0.042007,0.044459,0.045301999999999995,0.04
2003-01-09,0.04213,0.044598000000000006,0.045373000000000004,0.04
2003-01-10,0.042044,0.044497,0.045125,0.04
2003-01-13,0.042455999999999994,0.044878,0.045437000000000005,0.04
2003-01-14,0.042354,0.044819000000000005,0.0454,0.04
2003-01-15,0.042423999999999996,0.044823,0.045415000000000004,0.04
2003-01-16,0.042344,0.044682000000000006,0.045343999999999995,0.04
2003-01-17,0.041341,0.043676000000000006,0.04442599999999999,0.04
2003-01-20,0.041216,0.04356,0.044333,0.04
2003-01-21,0.041166999999999995,0.043513,0.044286000000000006,0.04
2003-01-22,0.041073000000000005,0.04353100000000001,0.044349999999999994,0.04
2003-01-23,0.041002000000000004,0.043391,0.04411400000000001,0.04
2003-01-24,0.040222,0.042524,0.043154000000000005,0.04
2003-01-27,0.040077,0.042379,0.042866,0.04
2003-01-28,0.040119999999999996,0.042423999999999996,0.0431,0.04
2003-01-29,0.03998,0.042374999999999996,0.043153,0.04
2003-01-30,0.040457,0.042937,0.043848000000000005,0.04
2003-01-31,0.040357000000000004,0.042859,0.043825,0.04
2003-02-03,0.040507999999999995,0.04309,0.044063,0.04
2003-02-04,0.039871,0.042367999999999996,0.043406,0.04
2003-02-05,0.039846,0.042447,0.043505,0.04
2003-02-06,0.03908,0.042314,0.043609999999999996,0.0375
2003-02-07,0.03873,0.04215,0.043579,0.0375
2003-02-10,0.038825,0.042291999999999996,0.043811,0.0375
2003-02-11,0.039004,0.042409999999999996,0.043684,0.0375
2003-02-12,0.038185,0.041655,0.043274999999999994,0.0375
2003-02-13,0.038134,0.041624999999999995,0.043399,0.0375
2003-02-14,0.038632,0.042085,0.043651,0.0375
2003-02-17,0.038721,0.042163000000000006,0.043746,0.0375
2003-02-18,0.038838,0.042222,0.043739,0.0375
2003-02-19,0.038432,0.041736,0.04333,0.0375
2003-02-20,0.038209,0.041540999999999995,0.043251,0.0375
2003-02-21,0.038535,0.041981000000000004,0.043747,0.0375
2003-02-24,0.037997,0.041749,0.043754,0.0375
2003-02-25,0.0379,0.041764,0.043971,0.0375
2003-02-26,0.038159,0.042198,0.044303,0.0375
2003-02-27,0.038651,0.042739,0.044981999999999994,0.0375
2003-02-28,0.038114,0.042092,0.044282,0.0375
2003-03-03,0.037466,0.041495,0.043857,0.0375
2003-03-04,0.03738,0.041533,0.04395400000000001,0.0375
2003-03-05,0.037327,0.041578,0.043947,0.0375
2003-03-06,0.037338,0.041538000000000005,0.043926,0.0375
2003-03-07,0.036856,0.041063999999999996,0.04356,0.0375
2003-03-10,0.03655,0.040787000000000004,0.043334000000000004,0.0375
2003-03-11,0.036555,0.040767,0.043149,0.0375
2003-03-12,0.036731,0.040922,0.043232999999999994,0.0375
2003-03-13,0.038498000000000004,0.042334,0.044272,0.0375
2003-03-14,0.039198,0.043014000000000004,0.045025,0.0375
2003-03-17,0.040524,0.044376,0.046366,0.0375
2003-03-18,0.040704000000000004,0.044329,0.046003999999999996,0.0375
2003-03-19,0.042259000000000005,0.045448,0.04689600000000001,0.0375
2003-03-20,0.042207999999999996,0.045351999999999996,0.046784,0.0375
2003-03-21,0.042808,0.046021,0.047488,0.0375
2003-03-24,0.042089999999999995,0.045285,0.046664000000000004,0.0375
2003-03-25,0.041615,0.044996999999999995,0.046558,0.0375
2003-03-26,0.041613,0.045037,0.046787,0.0375
2003-03-27,0.040978,0.044538,0.046536,0.0375
2003-03-28,0.040708,0.044268,0.04617,0.0375
2003-03-31,0.039729,0.043410000000000004,0.045557999999999994,0.0375
2003-04-01,0.039824,0.04366,0.045942,0.0375
2003-04-02,0.040627,0.044368,0.046396,0.0375
2003-04-03,0.041120000000000004,0.044779,0.046636,0.0375
2003-04-04,0.041208999999999996,0.044896000000000005,0.046658,0.0375
2003-04-07,0.042087000000000006,0.045601,0.047137000000000005,0.0375
2003-04-08,0.041706,0.045213,0.046763000000000006,0.0375
2003-04-09,0.041555,0.045165,0.046816,0.0375
2003-04-10,0.040922,0.044553,0.046444,0.0375
2003-04-11,0.041643999999999994,0.04514700000000001,0.046925999999999995,0.0375
2003-04-14,0.04202,0.045316999999999996,0.047009999999999996,0.0375
2003-04-15,0.041808,0.045112,0.046824000000000005,0.0375
2003-04-16,0.041442,0.044813,0.046584,0.0375
2003-04-17,0.041092000000000004,0.044583000000000005,0.046327,0.0375
2003-04-22,0.040766,0.044435,0.046352000000000004,0.0375
2003-04-23,0.041142000000000005,0.044856999999999994,0.046733000000000004,0.0375
2003-04-24,0.040519999999999994,0.044209,0.04625,0.0375
2003-04-25,0.040495,0.044095,0.046216,0.0375
2003-04-28,0.040355999999999996,0.044145000000000004,0.046239999999999996,0.0375
2003-04-29,0.040521,0.044275,0.046308999999999996,0.0375
2003-04-30,0.040220000000000006,0.044044,0.04612,0.0375
2003-05-01,0.039479,0.04337100000000001,0.045575000000000004,0.0375
2003-05-02,0.040179,0.04409,0.046348,0.0375
2003-05-06,0.040243,0.044096,0.046345,0.0375
2003-05-07,0.039494,0.043291,0.04565,0.0375
2003-05-08,0.039645,0.042991,0.04526500000000001,0.0375
2003-05-09,0.039707,0.042919,0.045186000000000004,0.0375
2003-05-12,0.039451,0.042733,0.04516,0.0375
2003-05-13,0.039134,0.042605000000000004,0.045103,0.0375
2003-05-14,0.039414,0.042736,0.04518900000000001,0.0375
2003-05-15,0.038952,0.042438000000000003,0.044641,0.0375
2003-05-16,0.038526,0.041982,0.044180000000000004,0.0375
2003-05-19,0.037989,0.041599000000000004,0.043913,0.0375
2003-05-20,0.037891,0.041318,0.043549,0.0375
2003-05-21,0.037432,0.04103,0.043120000000000006,0.0375
2003-05-22,0.03749,0.040983,0.043133,0.0375
2003-05-23,0.037112,0.040505000000000006,0.042801,0.0375
2003-05-27,0.037417,0.040820999999999996,0.04299,0.0375
2003-05-28,0.038236,0.041767000000000006,0.043963999999999996,0.0375
2003-05-29,0.037673,0.041205,0.043587999999999995,0.0375
2003-05-30,0.037892,0.041458,0.043868,0.0375
2003-06-02,0.038191,0.041896,0.04444,0.0375
2003-06-03,0.037307,0.040977,0.043743,0.0375
2003-06-04,0.038094,0.041456999999999994,0.044084000000000005,0.0375
2003-06-05,0.0374,0.040807,0.043461999999999994,0.0375
2003-06-06,0.03781,0.041467000000000004,0.044185999999999996,0.0375
2003-06-09,0.036667,0.040413,0.043231,0.0375
2003-06-10,0.036369,0.040234,0.043337,0.0375
2003-06-11,0.03589,0.039966,0.043271,0.0375
2003-06-12,0.03614,0.040104,0.043254,0.0375
2003-06-13,0.035719,0.039514999999999995,0.042457,0.0375
2003-06-16,0.036098,0.039685,0.042495000000000005,0.0375
2003-06-17,0.036922,0.040381,0.043164,0.0375
2003-06-18,0.037686000000000004,0.041291,0.043886,0.0375
2003-06-19,0.037585,0.041498,0.044336,0.0375
2003-06-20,0.037629,0.041528,0.044381000000000004,0.0375
2003-06-23,0.037461,0.041338,0.044165,0.0375
2003-06-24,0.037772,0.041629,0.044566,0.0375
2003-06-25,0.037513,0.041338,0.044245,0.0375
2003-06-26,0.039147,0.042581,0.045139,0.0375
2003-06-27,0.03931,0.043036000000000005,0.045766,0.0375
2003-06-30,0.038549,0.042522000000000004,0.045370999999999995,0.0375
2003-07-01,0.038212,0.042422,0.045305,0.0375
2003-07-02,0.038873000000000005,0.043203,0.045953,0.0375
2003-07-03,0.03977,0.043869,0.046359000000000004,0.0375
2003-07-04,0.039368,0.043444,0.045946,0.0375
2003-07-07,0.039628000000000003,0.04369,0.046213,0.0375
2003-07-08,0.039578,0.0437,0.046186,0.0375
2003-07-09,0.039473,0.043693,0.046256000000000005,0.0375
2003-07-10,0.038736,0.043058,0.045758,0.035
2003-07-11,0.038544999999999996,0.042883,0.045593,0.035
2003-07-14,0.038405999999999996,0.042735,0.04550099999999999,0.035
2003-07-15,0.039115000000000004,0.043699,0.046449,0.035
2003-07-16,0.039655,0.044093,0.046684,0.035
2003-07-17,0.040117,0.044529,0.046986999999999994,0.035
2003-07-18,0.039917,0.044336,0.046845,0.035
2003-07-21,0.040428,0.044805000000000005,0.047289000000000005,0.035
2003-07-22,0.040293999999999996,0.044598000000000006,0.046984000000000005,0.035
2003-07-23,0.04002,0.044239,0.046683,0.035
2003-07-24,0.041005,0.045004,0.047365000000000004,0.035
2003-07-25,0.040438999999999996,0.044229000000000004,0.046603000000000006,0.035
2003-07-28,0.041614000000000005,0.04555,0.047680999999999994,0.035
2003-07-29,0.041143,0.044886999999999996,0.047068000000000006,0.035
2003-07-30,0.041436,0.045152,0.047298,0.035
2003-07-31,0.042446000000000005,0.045967,0.04798,0.035
2003-08-01,0.043587,0.046125,0.047478,0.035
2003-08-04,0.043297,0.045678,0.046814,0.035
2003-08-05,0.04353,0.045971000000000005,0.047256,0.035
2003-08-06,0.043033,0.045308,0.046445,0.035
2003-08-07,0.042618,0.044962,0.046044,0.035
2003-08-08,0.041714,0.044162999999999994,0.045416,0.035
2003-08-11,0.042541999999999996,0.044889,0.046121999999999996,0.035
2003-08-12,0.042922,0.04504,0.046288,0.035
2003-08-13,0.04366,0.046086,0.047294,0.035
2003-08-14,0.04437,0.046745,0.047729999999999995,0.035
2003-08-15,0.043948,0.046384,0.047321999999999996,0.035
2003-08-18,0.043918,0.046277,0.047131,0.035
2003-08-19,0.043995,0.046209,0.046907,0.035
2003-08-20,0.044248,0.046502,0.047313999999999995,0.035
2003-08-21,0.044596,0.046749,0.047439999999999996,0.035
2003-08-22,0.044753,0.046699000000000004,0.04724999999999999,0.035
2003-08-26,0.044789,0.046744,0.047298,0.035
2003-08-27,0.04501,0.047018000000000004,0.047641,0.035
2003-08-28,0.044668,0.046521999999999994,0.047067,0.035
2003-08-29,0.044841,0.046730999999999995,0.047263,0.035
2003-09-01,0.044965000000000005,0.046802,0.047313999999999995,0.035
2003-09-02,0.046093,0.048027,0.048396,0.035
2003-09-03,0.046425999999999995,0.048269,0.048523,0.035
2003-09-04,0.046158000000000005,0.04806,0.048376999999999996,0.035
2003-09-05,0.045286999999999994,0.047569,0.048083999999999995,0.035
2003-09-08,0.044662,0.047104999999999994,0.047705000000000004,0.035
2003-09-09,0.045249,0.047721,0.048379000000000005,0.035
2003-09-10,0.044736000000000005,0.047177,0.047877,0.035
2003-09-11,0.044972000000000005,0.047381,0.048091999999999996,0.035
2003-09-12,0.04822,0.049665999999999995,0.049011,0.035
2003-09-15,0.044159,0.046532,0.047403,0.035
2003-09-16,0.044858,0.047059,0.047893,0.035
2003-09-17,0.045364,0.047262000000000005,0.047878,0.035
2003-09-18,0.045149,0.046915,0.047596,0.035
2003-09-19,0.045011999999999996,0.046756,0.047404,0.035
2003-09-22,0.04487,0.046718,0.047384,0.035
2003-09-23,0.044733,0.046567,0.047264999999999995,0.035
2003-09-24,0.044618000000000005,0.046723999999999995,0.047461,0.035
2003-09-25,0.044382000000000005,0.046558,0.047444,0.035
2003-09-26,0.043921,0.04589000000000001,0.046846,0.035
2003-09-29,0.044069000000000004,0.046197,0.047094,0.035
2003-09-30,0.043663,0.04595,0.046868,0.035
2003-10-01,0.043641,0.045957,0.046991,0.035
2003-10-02,0.044812000000000005,0.047055999999999994,0.047934000000000004,0.035
2003-10-03,0.045988,0.047941000000000004,0.0484,0.035
2003-10-06,0.045869999999999994,0.047588,0.047916999999999994,0.035
2003-10-07,0.045936000000000005,0.04785999999999999,0.04819,0.035
2003-10-08,0.046031,0.048002,0.048430999999999995,0.035
2003-10-09,0.046497000000000004,0.048498,0.048681,0.035
2003-10-10,0.045984,0.047851,0.048094,0.035
2003-10-13,0.046777,0.048696,0.048743,0.035
2003-10-14,0.047347,0.049058000000000004,0.049011,0.035
2003-10-15,0.047873,0.049574999999999994,0.049358000000000006,0.035
2003-10-16,0.047802,0.049396,0.049124999999999995,0.035
2003-10-17,0.048294,0.049505999999999994,0.048921,0.035
2003-10-20,0.048289,0.049434,0.048848,0.035
2003-10-21,0.047896999999999995,0.04914399999999999,0.048707,0.035
2003-10-22,0.048739,0.049696,0.049096,0.035
2003-10-23,0.048954000000000004,0.049935,0.049307,0.035
2003-10-24,0.049326999999999996,0.050168,0.049298,0.035
2003-10-27,0.049768999999999994,0.050629999999999994,0.049559,0.035
2003-10-28,0.049794,0.050378,0.049181,0.035
2003-10-29,0.050137,0.050838,0.049746,0.035
2003-10-30,0.05002500000000001,0.050915,0.04983,0.035
2003-10-31,0.049637,0.050501,0.049503000000000005,0.035
2003-11-03,0.050622999999999994,0.051500000000000004,0.050297,0.035
2003-11-04,0.050152,0.050929,0.049771,0.035
2003-11-05,0.049667,0.050425000000000005,0.049217000000000004,0.035
2003-11-06,0.050198,0.051109,0.049816,0.0375
2003-11-07,0.050256999999999996,0.05119,0.049909,0.0375
2003-11-10,0.049788,0.050987,0.049872,0.0375
2003-11-11,0.049713,0.051092000000000005,0.050057,0.0375
2003-11-12,0.0496,0.050885999999999994,0.049808000000000005,0.0375
2003-11-13,0.04907,0.050353,0.049493,0.0375
2003-11-14,0.048843,0.050138999999999996,0.04926,0.0375
2003-11-17,0.048394000000000006,0.049808000000000005,0.048958,0.0375
2003-11-18,0.048354999999999995,0.04968,0.048753000000000005,0.0375
2003-11-19,0.048909,0.050377,0.04954,0.0375
2003-11-20,0.048951,0.050326,0.049538,0.0375
2003-11-21,0.048831,0.050285,0.049482,0.0375
2003-11-24,0.04948,0.050993000000000004,0.05016,0.0375
2003-11-25,0.049712,0.051158,0.050393999999999994,0.0375
2003-11-26,0.049048,0.050270999999999996,0.049387,0.0375
2003-11-27,0.049462,0.050679,0.049699,0.0375
2003-11-28,0.049476000000000006,0.050815,0.049825999999999995,0.0375
2003-12-01,0.049671,0.050906,0.049855000000000003,0.0375
2003-12-02,0.049767,0.051032,0.049925,0.0375
2003-12-03,0.049370000000000004,0.050758,0.049897,0.0375
2003-12-04,0.049179,0.050614,0.049804,0.0375
2003-12-05,0.047918,0.049398,0.048780000000000004,0.0375
2003-12-08,0.048157,0.049804,0.049127000000000004,0.0375
2003-12-09,0.048326,0.049778,0.049116,0.0375
2003-12-10,0.04793,0.049343000000000005,0.048625999999999996,0.0375
2003-12-11,0.048296,0.049679,0.048927,0.0375
2003-12-12,0.047203,0.048683,0.048115,0.0375
2003-12-15,0.047144000000000005,0.048611,0.048039,0.0375
2003-12-16,0.046346,0.047941000000000004,0.047416,0.0375
2003-12-17,0.046223,0.047713,0.047209,0.0375
2003-12-18,0.046076,0.047739000000000004,0.047379,0.0375
2003-12-19,0.046494,0.048146,0.047808,0.0375
2003-12-22,0.046319,0.047964,0.047625,0.0375
2003-12-23,0.046234000000000004,0.047869999999999996,0.047493,0.0375
2003-12-24,0.046218,0.047855999999999996,0.047495,0.0375
2003-12-29,0.046294,0.047935,0.047564,0.0375
2003-12-30,0.046784,0.048392,0.047975000000000004,0.0375
2003-12-31,0.046459,0.047999,0.047660999999999995,0.0375
2004-01-02,0.047141999999999996,0.048605999999999996,0.048228999999999994,0.0375
2004-01-05,0.047477,0.048848,0.048332,0.0375
2004-01-06,0.047312,0.048598999999999996,0.048083,0.0375
2004-01-07,0.047118,0.048324,0.047797,0.0375
2004-01-08,0.046984000000000005,0.048241,0.047781000000000004,0.0375
2004-01-09,0.045613,0.047050999999999996,0.046871,0.0375
2004-01-12,0.045208000000000005,0.04678,0.046726000000000004,0.0375
2004-01-13,0.045159000000000005,0.04681,0.046745,0.0375
2004-01-14,0.045409,0.046985,0.04687,0.0375
2004-01-15,0.045681,0.047153,0.047065,0.0375
2004-01-16,0.045798,0.047431,0.047493,0.0375
2004-01-19,0.045762,0.047388000000000007,0.047459,0.0375
2004-01-20,0.045820999999999994,0.047291999999999994,0.04734,0.0375
2004-01-21,0.046131000000000005,0.047698,0.047607,0.0375
2004-01-22,0.046349999999999995,0.04791,0.047671,0.0375
2004-01-23,0.046339,0.047584,0.047228000000000006,0.0375
2004-01-26,0.047092999999999996,0.048381,0.047980999999999996,0.0375
2004-01-27,0.046859000000000005,0.048049,0.047559,0.0375
2004-01-28,0.046931,0.048177000000000005,0.047845000000000006,0.0375
2004-01-29,0.047972,0.049158,0.048578,0.0375
2004-01-30,0.047699,0.048909,0.048258999999999996,0.0375
2004-02-02,0.047632,0.04891,0.048394000000000006,0.0375
2004-02-03,0.047524,0.048895999999999995,0.048437,0.0375
2004-02-04,0.047221,0.04856099999999999,0.048118,0.0375
2004-02-05,0.047207,0.048546,0.048136,0.04
2004-02-06,0.046834,0.048214,0.047827,0.04
2004-02-09,0.046576000000000006,0.048074000000000006,0.047796000000000005,0.04
2004-02-10,0.046438,0.047879,0.047607,0.04
2004-02-11,0.046171,0.047591,0.047291999999999994,0.04
2004-02-12,0.046252,0.047651000000000006,0.047385000000000004,0.04
2004-02-13,0.046121999999999996,0.047533000000000006,0.047311,0.04
2004-02-16,0.046177,0.04754800000000001,0.047318,0.04
2004-02-17,0.045953999999999995,0.047400000000000005,0.047283,0.04
2004-02-18,0.046329,0.047872000000000005,0.047889999999999995,0.04
2004-02-19,0.046882,0.04836700000000001,0.048427,0.04
2004-02-20,0.046796,0.048303000000000006,0.048371000000000004,0.04
2004-02-23,0.047028,0.048582,0.048718000000000004,0.04
2004-02-24,0.046405,0.047803000000000005,0.047798999999999994,0.04
2004-02-25,0.046296,0.047719,0.047776,0.04
2004-02-26,0.046662,0.048022,0.048014,0.04
2004-02-27,0.046361,0.047656000000000004,0.047714,0.04
2004-03-01,0.046836,0.047939999999999997,0.047861,0.04
2004-03-02,0.046791,0.047889999999999995,0.047753,0.04
2004-03-03,0.047577,0.048771,0.04839,0.04
2004-03-04,0.047247000000000004,0.048411,0.048037,0.04
2004-03-05,0.046134,0.047375,0.047309000000000004,0.04
2004-03-08,0.045473,0.046649,0.046688,0.04
2004-03-09,0.045297000000000004,0.046344,0.046398,0.04
2004-03-10,0.045549,0.046521999999999994,0.046467,0.04
2004-03-11,0.045348,0.046451,0.046348,0.04
2004-03-12,0.045172,0.046379000000000004,0.046285,0.04
2004-03-15,0.045124000000000004,0.046264,0.046131000000000005,0.04
2004-03-16,0.045621999999999996,0.046745,0.046629,0.04
2004-03-17,0.045599,0.046676,0.046578999999999995,0.04
2004-03-18,0.045678,0.046728,0.046493,0.04
2004-03-19,0.045972,0.046917999999999994,0.046588000000000004,0.04
2004-03-22,0.045872,0.046743,0.046462,0.04
2004-03-23,0.045925,0.046762,0.046483,0.04
2004-03-24,0.045805,0.046634,0.046347,0.04
2004-03-25,0.04579,0.046674,0.046445,0.04
2004-03-26,0.045862,0.046811,0.046588000000000004,0.04
2004-03-29,0.046837,0.047889999999999995,0.047415000000000006,0.04
2004-03-30,0.046814,0.047892000000000004,0.047340999999999994,0.04
2004-03-31,0.046581000000000004,0.047560000000000005,0.047119999999999995,0.04
2004-04-01,0.046853,0.047785,0.047247000000000004,0.04
2004-04-02,0.048038,0.048954000000000004,0.048133,0.04
2004-04-05,0.048385,0.049384,0.048479999999999995,0.04
2004-04-06,0.048254,0.049259000000000004,0.048430999999999995,0.04
2004-04-07,0.047911,0.048922999999999994,0.048209,0.04
2004-04-08,0.047755,0.048920000000000005,0.048239000000000004,0.04
2004-04-13,0.048621,0.049805999999999996,0.049018,0.04
2004-04-14,0.048788,0.049999,0.049236,0.04
2004-04-15,0.048582,0.049722,0.048898000000000004,0.04
2004-04-16,0.048285999999999996,0.049333,0.048524000000000005,0.04
2004-04-19,0.048528,0.049614000000000005,0.048853999999999995,0.04
2004-04-20,0.048611,0.049864,0.049204,0.04
2004-04-21,0.048697,0.049935,0.049340999999999996,0.04
2004-04-22,0.048487999999999996,0.049710000000000004,0.049146999999999996,0.04
2004-04-23,0.048513,0.04977,0.049246,0.04
2004-04-26,0.048933,0.050052000000000006,0.049405000000000004,0.04
2004-04-27,0.049002,0.050039999999999994,0.049342,0.04
2004-04-28,0.049119,0.050179999999999995,0.049414,0.04
2004-04-29,0.049107000000000005,0.050172999999999995,0.049439000000000004,0.04
2004-04-30,0.048934,0.049973000000000004,0.049208999999999996,0.04
2004-05-04,0.04858,0.049635,0.048949999999999994,0.04
2004-05-05,0.048608000000000005,0.049669,0.04902599999999999,0.04
2004-05-06,0.049325,0.050386,0.049687,0.0425
2004-05-07,0.050351,0.051237000000000005,0.050314,0.0425
2004-05-10,0.050372,0.051189,0.050263999999999996,0.0425
2004-05-11,0.050098000000000004,0.050939,0.050121,0.0425
2004-05-12,0.050503,0.05121800000000001,0.050322,0.0425
2004-05-13,0.050951,0.051559,0.050571000000000005,0.0425
2004-05-14,0.050575,0.051035000000000004,0.050021,0.0425
2004-05-17,0.050091000000000004,0.050565,0.049603,0.0425
2004-05-18,0.050571000000000005,0.051087999999999995,0.050124,0.0425
2004-05-19,0.051319,0.051698,0.05053,0.0425
2004-05-20,0.051384,0.051679,0.050391000000000005,0.0425
2004-05-21,0.051390000000000005,0.051609999999999996,0.050331,0.0425
2004-05-24,0.051704999999999994,0.051942,0.050535,0.0425
2004-05-25,0.051486000000000004,0.051680000000000004,0.050361,0.0425
2004-05-26,0.051178999999999995,0.051298,0.050002000000000005,0.0425
2004-05-27,0.051102,0.051127000000000006,0.049737,0.0425
2004-05-28,0.051723,0.051697,0.050122,0.0425
2004-06-01,0.052191,0.052198,0.05058,0.0425
2004-06-02,0.05238,0.052268999999999996,0.050585000000000005,0.0425
2004-06-03,0.052358,0.052244,0.05044800000000001,0.0425
2004-06-04,0.052497999999999996,0.05234,0.050449,0.0425
2004-06-07,0.05241,0.052213,0.050278,0.0425
2004-06-08,0.052205,0.052003,0.050119,0.0425
2004-06-09,0.05272,0.05257799999999999,0.050635000000000006,0.0425
2004-06-10,0.052386,0.052247,0.05027,0.045
2004-06-11,0.052504999999999996,0.052483,0.050544000000000006,0.045
2004-06-14,0.05274,0.052590000000000005,0.050559,0.045
2004-06-15,0.051902,0.051661,0.04978,0.045
2004-06-16,0.052268999999999996,0.052161,0.050296,0.045
2004-06-17,0.052652000000000004,0.052378,0.05038,0.045
2004-06-18,0.05208,0.05184999999999999,0.049934000000000006,0.045
2004-06-21,0.051976,0.051791000000000004,0.049912,0.045
2004-06-22,0.05207900000000001,0.051945,0.050110999999999996,0.045
2004-06-23,0.051639,0.051727999999999996,0.050014,0.045
2004-06-24,0.051070000000000004,0.051121,0.049549,0.045
2004-06-25,0.051340000000000004,0.051403,0.049729,0.045
2004-06-28,0.051665,0.05183,0.050124,0.045
2004-06-29,0.051628999999999994,0.051795,0.050083,0.045
2004-06-30,0.050932000000000005,0.051174,0.049576,0.045
2004-07-01,0.051051,0.05114,0.04949,0.045
2004-07-02,0.050594,0.050610999999999996,0.04914399999999999,0.045
2004-07-05,0.050789,0.050755,0.049286,0.045
2004-07-06,0.050891,0.050769,0.04925500000000001,0.045
2004-07-07,0.050769,0.050544000000000006,0.048952999999999997,0.045
2004-07-08,0.050706,0.05054,0.048949,0.045
2004-07-09,0.050898000000000006,0.050737,0.049143,0.045
2004-07-12,0.050835,0.050617999999999996,0.04901,0.045
2004-07-13,0.051452,0.051288,0.049571,0.045
2004-07-14,0.051256,0.051077000000000004,0.049393,0.045
2004-07-15,0.051307,0.051177,0.049478999999999995,0.045
2004-07-16,0.050427,0.050457,0.048934,0.045
2004-07-19,0.050519,0.050526,0.049013,0.045
2004-07-20,0.050556000000000004,0.050594,0.049131,0.045
2004-07-21,0.05151,0.051498999999999996,0.049825999999999995,0.045
2004-07-22,0.05142,0.051231,0.049428,0.045
2004-07-23,0.051692,0.05142,0.049588,0.045
2004-07-26,0.051901,0.051653000000000004,0.04974,0.045
2004-07-27,0.052125000000000005,0.051862000000000005,0.049852,0.045
2004-07-28,0.05229,0.052088999999999996,0.049992,0.045
2004-07-29,0.052268,0.052022000000000006,0.049957,0.045
2004-07-30,0.05154,0.051210000000000006,0.049242,0.045
2004-08-02,0.051565,0.051226,0.049234,0.045
2004-08-03,0.051586,0.051183,0.049077,0.045
2004-08-04,0.05149,0.051082999999999996,0.048917,0.045
2004-08-05,0.050557,0.050269,0.048302,0.0475
2004-08-06,0.049691,0.049527999999999996,0.04774,0.0475
2004-08-09,0.050049,0.049886,0.048083999999999995,0.0475
2004-08-10,0.04983799999999999,0.049644,0.047879,0.0475
2004-08-11,0.050313,0.050107,0.048243999999999995,0.0475
2004-08-12,0.049852999999999995,0.049701,0.047872000000000005,0.0475
2004-08-13,0.049714,0.049631,0.047889999999999995,0.0475
2004-08-16,0.050067,0.050115999999999994,0.048352000000000006,0.0475
2004-08-17,0.049945,0.049994,0.048201,0.0475
2004-08-18,0.049764,0.04991399999999999,0.048174999999999996,0.0475
2004-08-19,0.049705000000000006,0.049871,0.048117,0.0475
2004-08-20,0.049505999999999994,0.049657,0.047939999999999997,0.0475
2004-08-23,0.050323,0.05053,0.048693999999999994,0.0475
2004-08-24,0.050268,0.050414,0.048538,0.0475
2004-08-25,0.049825999999999995,0.049978999999999996,0.048167999999999996,0.0475
2004-08-26,0.049559,0.049663000000000006,0.047876,0.0475
2004-08-27,0.049546,0.049732000000000005,0.047990000000000005,0.0475
2004-08-31,0.049102,0.049364,0.04769,0.0475
2004-09-01,0.049086,0.049469000000000006,0.047873,0.0475
2004-09-02,0.049406,0.049804,0.048139,0.0475
2004-09-03,0.049997999999999994,0.050408999999999995,0.048598,0.0475
2004-09-06,0.049451,0.049897,0.048152999999999994,0.0475
2004-09-07,0.049596999999999995,0.049995000000000005,0.048263999999999994,0.0475
2004-09-08,0.049527,0.049872,0.048144,0.0475
2004-09-09,0.049151999999999994,0.049451,0.047781000000000004,0.0475
2004-09-10,0.04890799999999999,0.049257999999999996,0.047653,0.0475
2004-09-13,0.049082,0.049451999999999996,0.047834,0.0475
2004-09-14,0.048868,0.049278,0.047652,0.0475
2004-09-15,0.049048,0.049340999999999996,0.047755,0.0475
2004-09-16,0.049342,0.049396,0.047830000000000004,0.0475
2004-09-17,0.04913,0.049195,0.047665,0.0475
2004-09-20,0.048948,0.04899200000000001,0.047491000000000005,0.0475
2004-09-21,0.048754,0.048877,0.047403,0.0475
2004-09-22,0.048201999999999995,0.048354999999999995,0.047004000000000004,0.0475
2004-09-23,0.048096,0.048136,0.046867,0.0475
2004-09-24,0.048315000000000004,0.048339,0.047057,0.0475
2004-09-27,0.047933,0.048003,0.046745,0.0475
2004-09-28,0.048032000000000005,0.048152,0.046876,0.0475
2004-09-29,0.047985,0.048344,0.047118,0.0475
2004-09-30,0.047923,0.048375,0.047251,0.0475
2004-10-01,0.04813100000000001,0.048707,0.047588,0.0475
2004-10-04,0.048357000000000004,0.048957,0.047888,0.0475
2004-10-05,0.047865000000000005,0.048467,0.047519,0.0475
2004-10-06,0.047771,0.048408,0.047481999999999996,0.0475
2004-10-07,0.047965999999999995,0.048685,0.047755,0.0475
2004-10-08,0.047331000000000005,0.047991,0.047188,0.0475
2004-10-11,0.047380000000000005,0.048083,0.04724300000000001,0.0475
2004-10-12,0.046825,0.047575000000000006,0.046794,0.0475
2004-10-13,0.04691,0.047618999999999995,0.046833,0.0475
2004-10-14,0.046752,0.04736799999999999,0.046445999999999994,0.0475
2004-10-15,0.046883,0.047414,0.046391999999999996,0.0475
2004-10-18,0.0467,0.047289000000000005,0.046319,0.0475
2004-10-19,0.04697199999999999,0.047606,0.046604,0.0475
2004-10-20,0.04621,0.046936,0.046085,0.0475
2004-10-21,0.046433999999999996,0.047074,0.046092,0.0475
2004-10-22,0.046339,0.047058,0.046081000000000004,0.0475
2004-10-25,0.046117,0.046877,0.045972,0.0475
2004-10-26,0.046241000000000004,0.046986,0.046155,0.0475
2004-10-27,0.046526,0.047222999999999994,0.046349999999999995,0.0475
2004-10-28,0.046912,0.047586,0.046634,0.0475
2004-10-29,0.046737,0.047444,0.046532,0.0475
2004-11-01,0.046768000000000004,0.047498,0.046578,0.0475
2004-11-02,0.047481,0.048179999999999994,0.047115,0.0475
2004-11-03,0.047326,0.048000999999999995,0.046874,0.0475
2004-11-04,0.046872,0.047458,0.04639,0.0475
2004-11-05,0.04746,0.047996,0.046745999999999996,0.0475
2004-11-08,0.047388000000000007,0.047896999999999995,0.04658,0.0475
2004-11-09,0.047151,0.047629000000000005,0.046351,0.0475
2004-11-10,0.046882,0.047557999999999996,0.046464,0.0475
2004-11-11,0.046345,0.047012,0.046074000000000004,0.0475
2004-11-12,0.045987,0.046641,0.045737,0.0475
2004-11-15,0.045811000000000004,0.046447,0.045526,0.0475
2004-11-16,0.045681,0.046273,0.045415000000000004,0.0475
2004-11-17,0.046027,0.046607,0.045641,0.0475
2004-11-18,0.046605,0.047133,0.045995999999999995,0.0475
2004-11-19,0.046521999999999994,0.046895,0.045744999999999994,0.0475
2004-11-22,0.04612,0.046457,0.045357,0.0475
2004-11-23,0.045835,0.046285,0.045231,0.0475
2004-11-24,0.04571,0.046223,0.045176999999999995,0.0475
2004-11-25,0.045203,0.04583,0.044812000000000005,0.0475
2004-11-26,0.045052,0.045811000000000004,0.044771,0.0475
2004-11-29,0.045118,0.046041,0.045198,0.0475
2004-11-30,0.045176,0.046001,0.045213,0.0475
2004-12-01,0.045628,0.046280999999999996,0.045362,0.0475
2004-12-02,0.046139,0.046828,0.045807,0.0475
2004-12-03,0.045749000000000005,0.046481,0.045591,0.0475
2004-12-06,0.045266,0.046012000000000004,0.045222,0.0475
2004-12-07,0.045007,0.045769000000000004,0.045038999999999996,0.0475
2004-12-08,0.044814999999999994,0.04553,0.044869000000000006,0.0475
2004-12-09,0.044562,0.045276,0.044801,0.0475
2004-12-10,0.04453700000000001,0.045236,0.044787999999999994,0.0475
2004-12-13,0.044404000000000006,0.045085,0.044554,0.0475
2004-12-14,0.044485000000000004,0.045086,0.044515,0.0475
2004-12-15,0.044053,0.044566999999999996,0.044093,0.0475
2004-12-16,0.044386999999999996,0.044689,0.044099000000000006,0.0475
2004-12-17,0.0447,0.044881000000000004,0.044155,0.0475
2004-12-20,0.044569,0.044607,0.043918,0.0475
2004-12-21,0.044696,0.044859,0.044206,0.0475
2004-12-22,0.044298000000000004,0.044598000000000006,0.044029,0.0475
2004-12-23,0.044107,0.044496,0.043997,0.0475
2004-12-24,0.044126000000000005,0.044539999999999996,0.044042000000000005,0.0475
2004-12-29,0.045231,0.04577899999999999,0.04524,0.0475
2004-12-30,0.045179,0.045742000000000005,0.045167,0.0475
2004-12-31,0.04476,0.045298,0.044784,0.0475
2005-01-04,0.044638,0.045215,0.044708,0.0475
2005-01-05,0.044725,0.045381,0.044871,0.0475
2005-01-06,0.04441,0.045072,0.044494,0.0475
2005-01-07,0.044402,0.045001,0.04439,0.0475
2005-01-10,0.044306,0.044945000000000006,0.044452,0.0475
2005-01-11,0.044385,0.045034,0.04462,0.0475
2005-01-12,0.044418,0.045121,0.044765,0.0475
2005-01-13,0.044051,0.044795999999999996,0.044518,0.0475
2005-01-14,0.044158,0.04489099999999999,0.044691,0.0475
2005-01-17,0.044021,0.044797000000000003,0.044566,0.0475
2005-01-18,0.044892,0.045355,0.044851,0.0475
2005-01-19,0.045105000000000006,0.045567,0.04500899999999999,0.0475
2005-01-20,0.045432,0.045952,0.0453,0.0475
2005-01-21,0.045174000000000006,0.045908,0.04539,0.0475
2005-01-24,0.045148,0.04584800000000001,0.045351,0.0475
2005-01-25,0.04508,0.045765,0.04529,0.0475
2005-01-26,0.045282,0.045892,0.045328999999999994,0.0475
2005-01-27,0.04549,0.046132,0.04567,0.0475
2005-01-28,0.045232,0.045856,0.045481999999999995,0.0475
2005-01-31,0.045257,0.045847,0.045475,0.0475
2005-02-01,0.045127,0.045679,0.045289,0.0475
2005-02-02,0.045161,0.045713,0.045326000000000005,0.0475
2005-02-03,0.045362,0.045852000000000004,0.045407,0.0475
2005-02-04,0.04474,0.045037,0.044578,0.0475
2005-02-07,0.044657999999999996,0.044794,0.044235,0.0475
2005-02-08,0.044732,0.044663,0.043939000000000006,0.0475
2005-02-09,0.044829999999999995,0.044534000000000004,0.043745000000000006,0.0475
2005-02-10,0.044856,0.044723,0.043997,0.0475
2005-02-11,0.045137000000000004,0.044999000000000004,0.044248,0.0475
2005-02-14,0.045588,0.045446999999999994,0.044588,0.0475
2005-02-15,0.045591999999999994,0.045507,0.044635999999999995,0.0475
2005-02-16,0.045626,0.045523999999999995,0.044757,0.0475
2005-02-17,0.045876,0.045842999999999995,0.045043,0.0475
2005-02-18,0.046273999999999996,0.046437,0.045675,0.0475
2005-02-21,0.046748000000000005,0.046834,0.045949,0.0475
2005-02-22,0.04681,0.046863999999999996,0.046051,0.0475
2005-02-23,0.047149,0.047088,0.046264,0.0475
2005-02-24,0.047811000000000006,0.047668999999999996,0.046711,0.0475
2005-02-25,0.04752100000000001,0.047377,0.046415,0.0475
2005-02-28,0.04733,0.047104,0.04614,0.0475
2005-03-01,0.047748,0.047638,0.04678,0.0475
2005-03-02,0.048234000000000006,0.048218,0.047491000000000005,0.0475
2005-03-03,0.04806,0.048029,0.047382999999999995,0.0475
2005-03-04,0.047753,0.047693000000000006,0.047104,0.0475
2005-03-07,0.047801,0.047724,0.04713,0.0475
2005-03-08,0.048310000000000006,0.048223,0.047569999999999994,0.0475
2005-03-09,0.048455000000000005,0.048451,0.047761,0.0475
2005-03-10,0.048499,0.048559,0.047973999999999996,0.0475
2005-03-11,0.04832499999999999,0.048372,0.047828,0.0475
2005-03-14,0.048274,0.048368,0.047771999999999995,0.0475
2005-03-15,0.047741,0.047729999999999995,0.047062,0.0475
2005-03-16,0.047576,0.047675999999999996,0.046984000000000005,0.0475
2005-03-17,0.047708,0.047962,0.04745,0.0475
2005-03-18,0.047882,0.048188,0.047626,0.0475
2005-03-21,0.047928,0.048312999999999995,0.047719,0.0475
2005-03-22,0.047386,0.04775,0.047222999999999994,0.0475
2005-03-23,0.047942,0.04832499999999999,0.047706,0.0475
2005-03-24,0.047756,0.048034999999999994,0.047423,0.0475
2005-03-29,0.047527,0.047766,0.047161,0.0475
2005-03-30,0.047072,0.04727699999999999,0.046723999999999995,0.0475
2005-03-31,0.046647999999999995,0.046874,0.046341,0.0475
2005-04-01,0.046957000000000006,0.047324000000000005,0.046943,0.0475
2005-04-04,0.046512000000000005,0.046865,0.04658,0.0475
2005-04-05,0.046658,0.04705,0.046771,0.0475
2005-04-06,0.046494999999999995,0.046858000000000004,0.046486,0.0475
2005-04-07,0.04605000000000001,0.046448,0.046154,0.0475
2005-04-08,0.046394000000000005,0.046844000000000004,0.04661800000000001,0.0475
2005-04-11,0.046347,0.046771,0.046546000000000004,0.0475
2005-04-12,0.046376999999999995,0.046799,0.046638,0.0475
2005-04-13,0.04612,0.046601,0.046437,0.0475
2005-04-14,0.04605000000000001,0.046478,0.046234000000000004,0.0475
2005-04-15,0.045626,0.046048,0.045899999999999996,0.0475
2005-04-18,0.045368000000000006,0.045743,0.045602000000000004,0.0475
2005-04-19,0.04558500000000001,0.045846,0.04558500000000001,0.0475
2005-04-20,0.045732999999999996,0.045854,0.045486000000000006,0.0475
2005-04-21,0.04561200000000001,0.045788,0.045363,0.0475
2005-04-22,0.045687,0.045875000000000006,0.045496,0.0475
2005-04-25,0.045552,0.045708,0.045346000000000004,0.0475
2005-04-26,0.04546,0.045688000000000006,0.045366,0.0475
2005-04-27,0.045231,0.045459,0.04518900000000001,0.0475
2005-04-28,0.04500899999999999,0.045321999999999994,0.045058999999999995,0.0475
2005-04-29,0.044954999999999995,0.045214,0.044881000000000004,0.0475
2005-05-03,0.044752,0.045027,0.044735,0.0475
2005-05-04,0.045019,0.045385,0.045153,0.0475
2005-05-05,0.04477299999999999,0.045212,0.045034,0.0475
2005-05-06,0.045394,0.04594,0.045763,0.0475
2005-05-09,0.045045,0.045593,0.045437000000000005,0.0475
2005-05-10,0.044608,0.045047,0.044917,0.0475
2005-05-11,0.043789999999999996,0.044356,0.044319,0.0475
2005-05-12,0.043461,0.044081,0.044183,0.0475
2005-05-13,0.043011,0.043677,0.043766,0.0475
2005-05-16,0.043154000000000005,0.043692,0.043727999999999996,0.0475
2005-05-17,0.042999,0.043524,0.043529,0.0475
2005-05-18,0.042903000000000004,0.043473,0.043474000000000006,0.0475
2005-05-19,0.043112000000000004,0.043668,0.043591,0.0475
2005-05-20,0.043354,0.043937,0.043847,0.0475
2005-05-23,0.042977999999999995,0.043583,0.043545,0.0475
2005-05-24,0.042697000000000006,0.043295,0.043357,0.0475
2005-05-25,0.042554999999999996,0.043174000000000004,0.043191,0.0475
2005-05-26,0.043025,0.043621999999999994,0.043789999999999996,0.0475
2005-05-27,0.043262,0.043967,0.044278000000000005,0.0475
2005-05-31,0.042508,0.0432,0.043651,0.0475
2005-06-01,0.04184,0.042543,0.043028000000000004,0.0475
2005-06-02,0.041807,0.042455,0.042873,0.0475
2005-06-03,0.041989,0.042669,0.043001,0.0475
2005-06-06,0.042226,0.042877,0.043126,0.0475
2005-06-07,0.041871,0.042481,0.042777,0.0475
2005-06-08,0.041627,0.04218,0.042477,0.0475
2005-06-09,0.041909999999999996,0.042435,0.042652,0.0475
2005-06-10,0.04209399999999999,0.042583,0.042746000000000006,0.0475
2005-06-13,0.04244,0.043002000000000005,0.043102999999999995,0.0475
2005-06-14,0.042854,0.043303,0.043355,0.0475
2005-06-15,0.043380999999999996,0.044002,0.04409,0.0475
2005-06-16,0.043515,0.044211,0.044226,0.0475
2005-06-17,0.043346,0.044014,0.044024,0.0475
2005-06-20,0.043549,0.044241,0.044226999999999995,0.0475
2005-06-21,0.042883,0.043575,0.043745000000000006,0.0475
2005-06-22,0.041813,0.042663,0.043056000000000004,0.0475
2005-06-23,0.041708999999999996,0.042706,0.043198,0.0475
2005-06-24,0.041466,0.042332,0.042751000000000004,0.0475
2005-06-27,0.041037,0.041893,0.042337999999999994,0.0475
2005-06-28,0.041538000000000005,0.042392000000000006,0.042735,0.0475
2005-06-29,0.041357,0.042262,0.042695,0.0475
2005-06-30,0.040792,0.041824,0.042336,0.0475
2005-07-01,0.041273,0.042167,0.042554,0.0475
2005-07-04,0.041382,0.042287,0.042669,0.0475
2005-07-05,0.041894999999999995,0.042738,0.04302399999999999,0.0475
2005-07-06,0.042042,0.042929,0.043220999999999996,0.0475
2005-07-07,0.041096,0.042108999999999994,0.04259,0.0475
2005-07-08,0.041238000000000004,0.042217000000000005,0.042652999999999996,0.0475
2005-07-11,0.041976000000000006,0.043001,0.043357,0.0475
2005-07-12,0.042142,0.043156999999999994,0.043516000000000006,0.0475
2005-07-13,0.042121000000000006,0.043261,0.043680000000000004,0.0475
2005-07-14,0.042348,0.043542,0.044007,0.0475
2005-07-15,0.042261,0.043469,0.043907999999999996,0.0475
2005-07-18,0.041860999999999995,0.04303,0.04352,0.0475
2005-07-19,0.04221,0.043378,0.043826000000000004,0.0475
2005-07-20,0.042364,0.043572,0.044081,0.0475
2005-07-21,0.042714,0.043675,0.044206,0.0475
2005-07-22,0.042051,0.043038,0.043583,0.0475
2005-07-25,0.041961000000000005,0.042918000000000005,0.043453,0.0475
2005-07-26,0.042271,0.043175,0.043629,0.0475
2005-07-27,0.042263,0.043099,0.0436,0.0475
2005-07-28,0.042423,0.043202,0.043593,0.0475
2005-07-29,0.042568999999999996,0.043257000000000004,0.043537,0.0475
2005-08-01,0.043132000000000004,0.043727,0.043953,0.0475
2005-08-02,0.043264,0.04393,0.044108999999999995,0.0475
2005-08-03,0.043331,0.043937,0.044142,0.0475
2005-08-04,0.043026999999999996,0.043749,0.044063,0.045
2005-08-05,0.043601,0.044313000000000005,0.044566,0.045
2005-08-08,0.043442999999999996,0.044104000000000004,0.044334,0.045
2005-08-09,0.043493000000000004,0.044160000000000005,0.044372999999999996,0.045
2005-08-10,0.043636999999999995,0.044116,0.044284,0.045
2005-08-11,0.043717,0.044175000000000006,0.044309,0.045
2005-08-12,0.043139000000000004,0.043503999999999994,0.043688000000000005,0.045
2005-08-15,0.043032,0.04341300000000001,0.043648,0.045
2005-08-16,0.04275,0.043249,0.04337100000000001,0.045
2005-08-17,0.042657,0.043129,0.043219,0.045
2005-08-18,0.042367,0.042774,0.042911000000000005,0.045
2005-08-19,0.042436999999999996,0.04294800000000001,0.043087999999999994,0.045
2005-08-22,0.042302,0.042903000000000004,0.04314199999999999,0.045
2005-08-23,0.042116,0.042728,0.042972,0.045
2005-08-24,0.041985999999999996,0.042619,0.04289,0.045
2005-08-25,0.041750999999999996,0.04238,0.042728999999999996,0.045
2005-08-26,0.041705,0.042187,0.042476,0.045
2005-08-30,0.041311,0.041815,0.042148000000000005,0.045
2005-08-31,0.041056,0.041606,0.042019,0.045
2005-09-01,0.040679999999999994,0.0412,0.041616999999999994,0.045
2005-09-02,0.040945,0.041422,0.041749,0.045
2005-09-05,0.041006,0.041501,0.041872,0.045
2005-09-06,0.041383,0.041946000000000004,0.042219,0.045
2005-09-07,0.04166400000000001,0.04217800000000001,0.042403,0.045
2005-09-08,0.041481000000000004,0.041939000000000004,0.04217,0.045
2005-09-09,0.041186,0.041626,0.041898,0.045
2005-09-12,0.041999,0.042367999999999996,0.042524,0.045
2005-09-13,0.041544,0.041968,0.042069,0.045
2005-09-14,0.04146,0.041822,0.041923,0.045
2005-09-15,0.041528999999999996,0.041951,0.042074999999999994,0.045
2005-09-16,0.042027,0.042477,0.042668,0.045
2005-09-19,0.041718000000000005,0.042211,0.042406,0.045
2005-09-20,0.041768,0.04223,0.042385,0.045
2005-09-21,0.041189,0.041621,0.041795,0.045
2005-09-22,0.041311999999999995,0.041805,0.041978999999999995,0.045
2005-09-23,0.041651999999999995,0.042142,0.04225399999999999,0.045
2005-09-26,0.042362000000000004,0.042905,0.042887,0.045
2005-09-27,0.042524,0.042915,0.042898,0.045
2005-09-28,0.042297,0.042664,0.042593,0.045
2005-09-29,0.04213599999999999,0.042642,0.042518,0.045
2005-09-30,0.042301000000000005,0.042863,0.042809,0.045
2005-10-03,0.042475,0.043102999999999995,0.043098,0.045
2005-10-04,0.042253,0.042816,0.042839999999999996,0.045
2005-10-05,0.042128,0.042652999999999996,0.042743,0.045
2005-10-06,0.041995,0.042596999999999996,0.042716000000000004,0.045
2005-10-07,0.042091,0.042708,0.042796,0.045
2005-10-10,0.041925,0.042578,0.042691999999999994,0.045
2005-10-11,0.042191,0.042775,0.042865,0.045
2005-10-12,0.042695,0.043280000000000006,0.043335,0.045
2005-10-13,0.043336,0.043981000000000006,0.043928,0.045
2005-10-14,0.043554,0.04415,0.044037,0.045
2005-10-17,0.043692,0.044221,0.043948,0.045
2005-10-18,0.043451000000000004,0.044039,0.04378,0.045
2005-10-19,0.043267,0.043733,0.043439,0.045
2005-10-20,0.043776,0.044054,0.043623,0.045
2005-10-21,0.043396,0.043672,0.043273,0.045
2005-10-24,0.043329000000000006,0.043571,0.043168,0.045
2005-10-25,0.043821000000000006,0.04409,0.043619000000000005,0.045
2005-10-26,0.043979,0.044268,0.043817,0.045
2005-10-27,0.043788999999999995,0.044022,0.043629,0.045
2005-10-28,0.04353100000000001,0.043518,0.043173,0.045
2005-10-31,0.043324999999999995,0.043297,0.042968,0.045
2005-11-01,0.04349,0.043328,0.042871,0.045
2005-11-02,0.044099000000000006,0.044002999999999994,0.043392,0.045
2005-11-03,0.04444,0.044317999999999996,0.043685999999999996,0.045
2005-11-04,0.044448,0.044291,0.043594999999999995,0.045
2005-11-07,0.044322999999999994,0.044166,0.04348900000000001,0.045
2005-11-08,0.044081999999999996,0.043914,0.043273,0.045
2005-11-09,0.044492000000000004,0.044337,0.043597000000000004,0.045
2005-11-10,0.044452,0.044253999999999995,0.04349,0.045
2005-11-11,0.044542,0.044312,0.043514,0.045
2005-11-14,0.044413,0.044182,0.043379,0.045
2005-11-15,0.043720999999999996,0.043316999999999994,0.042551,0.045
2005-11-16,0.042458,0.042004,0.041311,0.045
2005-11-17,0.042533,0.042263,0.041708999999999996,0.045
2005-11-18,0.042827000000000004,0.042617,0.042036,0.045
2005-11-21,0.042385,0.042153,0.041587,0.045
2005-11-22,0.042541999999999996,0.042381,0.04183099999999999,0.045
2005-11-23,0.042586000000000006,0.042436,0.041948,0.045
2005-11-24,0.042206,0.042002,0.041573,0.045
2005-11-25,0.042211,0.041978999999999995,0.041532,0.045
2005-11-28,0.042231,0.042016,0.041355,0.045
2005-11-29,0.042619,0.042386,0.041683000000000005,0.045
2005-11-30,0.042519999999999995,0.042177,0.041515,0.045
2005-12-01,0.042107,0.041797,0.041257999999999996,0.045
2005-12-02,0.042412,0.042183,0.041646999999999997,0.045
2005-12-05,0.04283000000000001,0.04269,0.042026,0.045
2005-12-06,0.042608,0.042376,0.041778,0.045
2005-12-07,0.043011999999999995,0.042651,0.042058,0.045
2005-12-08,0.042846,0.042421,0.041565000000000005,0.045
2005-12-09,0.043707,0.043230000000000005,0.042085,0.045
2005-12-12,0.043481,0.04294,0.041811999999999995,0.045
2005-12-13,0.043326,0.04287,0.041779000000000004,0.045
2005-12-14,0.043193999999999996,0.04276099999999999,0.041710000000000004,0.045
2005-12-15,0.043267,0.042772,0.041801000000000005,0.045
2005-12-16,0.042935,0.042305999999999996,0.041337,0.045
2005-12-19,0.042361,0.041896,0.041005,0.045
2005-12-20,0.042214999999999996,0.041740000000000006,0.040863,0.045
2005-12-21,0.042442,0.042105,0.041222,0.045
2005-12-22,0.042117,0.04184,0.040998,0.045
2005-12-23,0.042051,0.04178899999999999,0.040956,0.045
2005-12-28,0.041551,0.041139999999999996,0.040391,0.045
2005-12-29,0.041628,0.041231,0.040527,0.045
2005-12-30,0.041458,0.040987,0.040276,0.045
2006-01-03,0.0414,0.041069,0.040261,0.045
2006-01-04,0.041067,0.040715,0.039906000000000004,0.045
2006-01-05,0.041137,0.040670000000000005,0.039740000000000004,0.045
2006-01-06,0.041311,0.0407,0.039576,0.045
2006-01-09,0.041651999999999995,0.040970000000000006,0.039805,0.045
2006-01-10,0.041990999999999994,0.041313,0.039964,0.045
2006-01-11,0.04179,0.041087,0.039663,0.045
2006-01-12,0.041506999999999995,0.040731,0.039382,0.045
2006-01-13,0.041239,0.040477,0.039058999999999996,0.045
2006-01-16,0.041144,0.040396999999999995,0.038973,0.045
2006-01-17,0.040685,0.03977,0.038187,0.045
2006-01-18,0.040721,0.039611,0.037903,0.045
2006-01-19,0.041308,0.040276,0.038611,0.045
2006-01-20,0.041428,0.040281000000000004,0.038633,0.045
2006-01-23,0.041289,0.04005499999999999,0.038251,0.045
2006-01-24,0.041517,0.040236999999999995,0.03831,0.045
2006-01-25,0.042131,0.040974000000000003,0.039072,0.045
2006-01-26,0.042507,0.041632999999999996,0.039951,0.045
2006-01-27,0.042534,0.041842,0.040229,0.045
2006-01-30,0.042305,0.041613,0.039952,0.045
2006-01-31,0.042198,0.041361999999999996,0.039592999999999996,0.045
2006-02-01,0.042652999999999996,0.04175500000000001,0.039935,0.045
2006-02-02,0.042863,0.042,0.040186,0.045
2006-02-03,0.042516,0.041722,0.039984,0.045
2006-02-06,0.04257,0.041797,0.040062,0.045
2006-02-07,0.04257,0.042061,0.040447,0.045
2006-02-08,0.042458,0.042026,0.040485,0.045
2006-02-09,0.042043,0.041493,0.039934,0.045
2006-02-10,0.04198,0.041345,0.039658,0.045
2006-02-13,0.042234999999999995,0.041791,0.040128000000000004,0.045
2006-02-14,0.041711,0.041475,0.039958,0.045
2006-02-15,0.042112,0.041805,0.040292,0.045
2006-02-16,0.041805,0.041412000000000004,0.040026,0.045
2006-02-17,0.041525,0.041014999999999996,0.039693,0.045
2006-02-20,0.041488,0.040873999999999994,0.039506,0.045
2006-02-21,0.041573,0.040983,0.039629,0.045
2006-02-22,0.041626,0.040807,0.039316,0.045
2006-02-23,0.04184,0.041032,0.03946,0.045
2006-02-24,0.04237199999999999,0.041589,0.039931,0.045
2006-02-27,0.042898,0.042104,0.040406000000000004,0.045
2006-02-28,0.04262,0.041768,0.040052000000000004,0.045
2006-03-01,0.042524,0.041589999999999995,0.039882,0.045
2006-03-02,0.043016,0.042158,0.040393,0.045
2006-03-03,0.04336,0.042454,0.040526,0.045
2006-03-06,0.043306,0.042448,0.04054700000000001,0.045
2006-03-07,0.043372,0.042489,0.040591999999999996,0.045
2006-03-08,0.043419,0.042754,0.041062,0.045
2006-03-09,0.043597000000000004,0.043065,0.041495,0.045
2006-03-10,0.043872999999999995,0.04341999999999999,0.041829,0.045
2006-03-13,0.044015000000000006,0.043456,0.041736,0.045
2006-03-14,0.043613,0.043074,0.041432000000000004,0.045
2006-03-15,0.043705999999999995,0.043202,0.041693,0.045
2006-03-16,0.043601,0.043122999999999995,0.041521,0.045
2006-03-17,0.043981000000000006,0.043651999999999996,0.042168000000000004,0.045
2006-03-20,0.043815999999999994,0.043449,0.042061,0.045
2006-03-21,0.04402999999999999,0.043612000000000005,0.042108999999999994,0.045
2006-03-22,0.043845999999999996,0.043243000000000004,0.04162,0.045
2006-03-23,0.043997,0.043368000000000004,0.041593,0.045
2006-03-24,0.043935,0.043311999999999996,0.041557000000000004,0.045
2006-03-27,0.043945,0.043427,0.041808,0.045
2006-03-28,0.044372999999999996,0.04396,0.04229599999999999,0.045
2006-03-29,0.044406999999999995,0.043907,0.042224000000000005,0.045
2006-03-30,0.044421999999999996,0.043917000000000005,0.042207999999999996,0.045
2006-03-31,0.04444,0.043993000000000004,0.042376,0.045
2006-04-03,0.044539999999999996,0.044198,0.042615999999999994,0.045
2006-04-04,0.044604,0.04425900000000001,0.042626,0.045
2006-04-05,0.044182,0.043939000000000006,0.042423,0.045
2006-04-06,0.044467,0.044294,0.04288,0.045
2006-04-07,0.044386,0.044169,0.042779,0.045
2006-04-10,0.044660000000000005,0.044478,0.043065,0.045
2006-04-11,0.044736000000000005,0.044566,0.043202,0.045
2006-04-12,0.04478,0.044646,0.043311,0.045
2006-04-13,0.045488,0.045354,0.043825,0.045
2006-04-18,0.045417,0.045272,0.043616,0.045
2006-04-19,0.045424,0.045223000000000006,0.043451000000000004,0.045
2006-04-20,0.045264,0.04516200000000001,0.043463,0.045
2006-04-21,0.045503,0.045485,0.04383,0.045
2006-04-24,0.045811000000000004,0.045805,0.044197,0.045
2006-04-25,0.04645,0.046423,0.044693,0.045
2006-04-26,0.046914,0.046862,0.045109,0.045
2006-04-27,0.046764,0.046626,0.044814999999999994,0.045
2006-04-28,0.046607,0.046417,0.044446000000000006,0.045
2006-05-02,0.046845,0.046460999999999995,0.044428,0.045
2006-05-03,0.047205000000000004,0.046706000000000004,0.044506,0.045
2006-05-04,0.047608,0.047038,0.044874,0.045
2006-05-05,0.047493999999999995,0.046914,0.044851,0.045
2006-05-08,0.047725,0.047110000000000006,0.044993,0.045
2006-05-09,0.047850000000000004,0.047208,0.045099,0.045
2006-05-10,0.047481999999999996,0.046977000000000005,0.045022,0.045
2006-05-11,0.047946,0.04736799999999999,0.045174000000000006,0.045
2006-05-12,0.0482,0.047491000000000005,0.045227,0.045
2006-05-15,0.047632,0.046859000000000005,0.044557,0.045
2006-05-16,0.047249,0.046239999999999996,0.043787,0.045
2006-05-17,0.048026,0.047088,0.044657999999999996,0.045
2006-05-18,0.047027,0.045822,0.043379,0.045
2006-05-19,0.047175,0.046098999999999994,0.04382,0.045
2006-05-22,0.046743,0.045711,0.043503999999999994,0.045
2006-05-23,0.047154,0.046278,0.044143999999999996,0.045
2006-05-24,0.046777,0.045875000000000006,0.043862,0.045
2006-05-25,0.046373,0.045508,0.043683,0.045
2006-05-26,0.046460999999999995,0.045604,0.043864,0.045
2006-05-30,0.046695,0.045855,0.043998,0.045
2006-05-31,0.046856999999999996,0.046044999999999996,0.04414100000000001,0.045
2006-06-01,0.047219,0.046494,0.044631,0.045
2006-06-02,0.04676,0.045992,0.044201,0.045
2006-06-05,0.046877,0.046147999999999995,0.044367000000000004,0.045
2006-06-06,0.047363999999999996,0.04672,0.044985,0.045
2006-06-07,0.047205000000000004,0.046449,0.044768,0.045
2006-06-08,0.046905,0.046246,0.044707,0.045
2006-06-09,0.046576000000000006,0.045835999999999995,0.044306,0.045
2006-06-12,0.046412,0.045601,0.043982,0.045
2006-06-13,0.046224999999999995,0.045316,0.043666,0.045
2006-06-14,0.046398999999999996,0.045462999999999996,0.043638,0.045
2006-06-15,0.047301,0.046340000000000006,0.044425,0.045
2006-06-16,0.047230999999999995,0.04621,0.044241,0.045
2006-06-19,0.047753,0.04675,0.044732,0.045
2006-06-20,0.048284,0.047306,0.045286999999999994,0.045
2006-06-21,0.048241,0.047323000000000004,0.045309999999999996,0.045
2006-06-22,0.04829,0.04745,0.045365,0.045
2006-06-23,0.048482000000000004,0.047587000000000004,0.045442,0.045
2006-06-26,0.048464,0.047459,0.045301999999999995,0.045
2006-06-27,0.048425,0.047468,0.045362,0.045
2006-06-28,0.048494,0.047553,0.045587,0.045
2006-06-29,0.04816,0.04729,0.045404,0.045
2006-06-30,0.047921,0.047196999999999996,0.04534,0.045
2006-07-03,0.048326,0.047515999999999996,0.045604,0.045
2006-07-04,0.047915,0.047031,0.045065999999999995,0.045
2006-07-05,0.048216999999999996,0.047370999999999996,0.045407,0.045
2006-07-06,0.047867,0.046996,0.045079,0.045
2006-07-07,0.047417,0.046605999999999995,0.044782999999999996,0.045
2006-07-10,0.047608,0.046773999999999996,0.044938000000000006,0.045
2006-07-11,0.047375,0.046479999999999994,0.04462,0.045
2006-07-12,0.047722,0.046852,0.044865,0.045
2006-07-13,0.047406,0.046514,0.044551999999999994,0.045
2006-07-14,0.046883,0.045941,0.043962,0.045
2006-07-17,0.047186000000000006,0.046305,0.044466,0.045
2006-07-18,0.04779,0.046694000000000006,0.044756,0.045
2006-07-19,0.047577,0.046417,0.044447,0.045
2006-07-20,0.047525000000000005,0.046373,0.044379,0.045
2006-07-21,0.047259,0.046196,0.044299,0.045
2006-07-24,0.047148,0.046106999999999995,0.044204,0.045
2006-07-25,0.047417999999999995,0.04641,0.044504,0.045
2006-07-26,0.047569,0.046658,0.044737,0.045
2006-07-27,0.047274000000000004,0.04628,0.044261999999999996,0.045
2006-07-28,0.047045000000000003,0.046061,0.044133,0.045
2006-07-31,0.047202,0.046173,0.044182,0.045
2006-08-01,0.047355999999999995,0.046302,0.04429,0.045
2006-08-02,0.047587000000000004,0.046598,0.044617000000000004,0.045
2006-08-03,0.048612,0.047432,0.045223000000000006,0.0475
2006-08-04,0.048539000000000006,0.047096,0.044844,0.0475
2006-08-07,0.048408,0.04681199999999999,0.044531999999999995,0.0475
2006-08-08,0.048471,0.046752,0.044364,0.0475
2006-08-09,0.048493,0.046886000000000004,0.044605,0.0475
2006-08-10,0.048653,0.047089,0.044800000000000006,0.0475
2006-08-11,0.049093,0.047575000000000006,0.0452,0.0475
2006-08-14,0.049370000000000004,0.047744999999999996,0.045336999999999995,0.0475
2006-08-15,0.049073000000000006,0.047453,0.045122999999999996,0.0475
2006-08-16,0.048579,0.047171000000000005,0.044744,0.0475
2006-08-17,0.048251999999999996,0.046891999999999996,0.044604,0.0475
2006-08-18,0.047845000000000006,0.0464,0.044086,0.0475
2006-08-21,0.047443,0.045983,0.043704,0.0475
2006-08-22,0.047067,0.045654,0.043471,0.0475
2006-08-23,0.047256,0.045838000000000004,0.0436,0.0475
2006-08-24,0.047301,0.045837,0.043563,0.0475
2006-08-25,0.047283,0.045755,0.043419,0.0475
2006-08-29,0.04736799999999999,0.045757000000000006,0.043409,0.0475
2006-08-30,0.047229,0.045552,0.043257000000000004,0.0475
2006-08-31,0.04698,0.045182,0.042898,0.0475
2006-09-01,0.046767,0.045058,0.042793,0.0475
2006-09-04,0.046931,0.045319000000000005,0.043087,0.0475
2006-09-05,0.047088,0.045538999999999996,0.043297,0.0475
2006-09-06,0.047295,0.045751,0.043428,0.0475
2006-09-07,0.047255000000000005,0.045686,0.043301,0.0475
2006-09-08,0.047046000000000004,0.045427999999999996,0.043053,0.0475
2006-09-11,0.047394,0.045739,0.043274999999999994,0.0475
2006-09-12,0.047876,0.046157000000000004,0.043646000000000004,0.0475
2006-09-13,0.047575000000000006,0.045757000000000006,0.043281,0.0475
2006-09-14,0.047701,0.045781999999999996,0.043282999999999995,0.0475
2006-09-15,0.047792,0.045813,0.043279,0.0475
2006-09-18,0.048468,0.046536,0.043921999999999996,0.0475
2006-09-19,0.04819,0.046239999999999996,0.04353799999999999,0.0475
2006-09-20,0.04807,0.046071999999999995,0.043358,0.0475
2006-09-21,0.047949,0.045811000000000004,0.043025,0.0475
2006-09-22,0.047092999999999996,0.045001,0.042289,0.0475
2006-09-25,0.046735,0.044607,0.041955,0.0475
2006-09-26,0.046745999999999996,0.044662,0.042096,0.0475
2006-09-27,0.046716,0.044781,0.04233,0.0475
2006-09-28,0.046768000000000004,0.044964000000000004,0.042565,0.0475
2006-09-29,0.047062,0.045267,0.042862,0.0475
2006-10-02,0.047257,0.045351,0.042876000000000004,0.0475
2006-10-03,0.047599999999999996,0.045591,0.042956,0.0475
2006-10-04,0.047387,0.045332,0.042718,0.0475
2006-10-05,0.04724300000000001,0.045251,0.042641,0.0475
2006-10-06,0.04767299999999999,0.045683999999999995,0.042972,0.0475
2006-10-09,0.047633,0.045631000000000005,0.042941,0.0475
2006-10-10,0.048184,0.046155999999999996,0.043372,0.0475
2006-10-11,0.048224,0.046188,0.043378,0.0475
2006-10-12,0.048295000000000005,0.046238,0.04341300000000001,0.0475
2006-10-13,0.048608000000000005,0.046519000000000005,0.043662,0.0475
2006-10-16,0.048545,0.046502,0.043621,0.0475
2006-10-17,0.048455000000000005,0.046361999999999993,0.043556,0.0475
2006-10-18,0.048573000000000005,0.046523,0.043662,0.0475
2006-10-19,0.048655,0.046696999999999995,0.043799000000000005,0.0475
2006-10-20,0.048994,0.04694,0.043932,0.0475
2006-10-23,0.04917099999999999,0.047043999999999996,0.044025,0.0475
2006-10-24,0.049222999999999996,0.047062,0.043968999999999994,0.0475
2006-10-25,0.049266,0.047035,0.043923,0.0475
2006-10-26,0.048917,0.046624,0.043493000000000004,0.0475
2006-10-27,0.0484,0.045956000000000004,0.042775999999999995,0.0475
2006-10-30,0.048204000000000004,0.045609000000000004,0.04252500000000001,0.0475
2006-10-31,0.047680999999999994,0.045111,0.042113,0.0475
2006-11-01,0.047680999999999994,0.045111,0.042113,0.0475
2006-11-02,0.047923,0.045526,0.042642,0.0475
2006-11-03,0.047680999999999994,0.045111,0.042113,0.0475
2006-11-06,0.048575,0.046048,0.042959,0.0475
2006-11-07,0.048146,0.045454,0.042426000000000005,0.0475
2006-11-08,0.048387,0.045683,0.042642,0.0475
2006-11-09,0.048106,0.045409,0.042458,0.05
2006-11-10,0.047861,0.04519,0.042278,0.05
2006-11-13,0.048219000000000005,0.045593,0.042668,0.05
2006-11-14,0.047874,0.045334000000000006,0.042518,0.05
2006-11-15,0.047942,0.045568,0.042777,0.05
2006-11-16,0.048049,0.045697999999999996,0.042813,0.05
2006-11-17,0.04794400000000001,0.045601,0.042716000000000004,0.05
2006-11-20,0.047775,0.04535,0.042504999999999994,0.05
2006-11-21,0.047925,0.045466,0.042645999999999996,0.05
2006-11-22,0.047962,0.045515,0.04267699999999999,0.05
2006-11-23,0.048170000000000004,0.045736,0.042888,0.05
2006-11-24,0.047751,0.045257,0.042519999999999995,0.05
2006-11-27,0.0481,0.045648999999999995,0.042893999999999995,0.05
2006-11-28,0.047782,0.045286999999999994,0.042510000000000006,0.05
2006-11-29,0.047913,0.045343,0.042561999999999996,0.05
2006-11-30,0.047625,0.045023999999999995,0.042268999999999994,0.05
2006-12-01,0.047158,0.044588,0.041943,0.05
2006-12-04,0.04703,0.044604,0.04201800000000001,0.05
2006-12-05,0.047185,0.044905999999999995,0.042409,0.05
2006-12-06,0.047192,0.044916,0.042374999999999996,0.05
2006-12-07,0.047465,0.045156,0.042595999999999995,0.05
2006-12-08,0.047751,0.045417,0.042802,0.05
2006-12-11,0.048169000000000003,0.045833000000000006,0.043136,0.05
2006-12-12,0.048493,0.046049,0.043319,0.05
2006-12-13,0.048685,0.046233,0.043473,0.05
2006-12-14,0.049195,0.046745999999999996,0.043890000000000005,0.05
2006-12-15,0.049188,0.046706000000000004,0.043799000000000005,0.05
2006-12-18,0.047861,0.04519,0.042278,0.05
2006-12-19,0.049672999999999995,0.047230999999999995,0.044229000000000004,0.05
2006-12-20,0.049581999999999994,0.047007,0.043933,0.05
2006-12-21,0.049753,0.047148,0.044039999999999996,0.05
2006-12-22,0.049787,0.047188,0.044073,0.05
2006-12-27,0.050289,0.047727000000000006,0.044565,0.05
2006-12-28,0.050255,0.047765,0.044642,0.05
2006-12-29,0.049866,0.047293,0.044143999999999996,0.05
2007-01-02,0.050022000000000004,0.047469000000000004,0.04427,0.05
2007-01-03,0.050145,0.047771,0.044573,0.05
2007-01-04,0.050012,0.047611999999999995,0.044376,0.05
2007-01-05,0.050242,0.047901,0.044523,0.05
2007-01-08,0.050172999999999995,0.047769000000000006,0.044356,0.05
2007-01-09,0.050322,0.047884,0.044409000000000004,0.05
2007-01-10,0.050366,0.04796,0.044481,0.05
2007-01-11,0.051196,0.048417,0.044847,0.0525
2007-01-12,0.051628,0.048915,0.045373000000000004,0.0525
2007-01-15,0.051550000000000006,0.048868999999999996,0.045369,0.0525
2007-01-16,0.051489,0.048742,0.045165,0.0525
2007-01-17,0.051773,0.048833,0.045149999999999996,0.0525
2007-01-18,0.051933,0.048959,0.045161,0.0525
2007-01-19,0.052009,0.048940000000000004,0.045104,0.0525
2007-01-22,0.051997999999999996,0.048774,0.044898,0.0525
2007-01-23,0.052107,0.048874,0.045045,0.0525
2007-01-24,0.052032999999999996,0.049006999999999995,0.04526500000000001,0.0525
2007-01-25,0.052486,0.049517,0.045749000000000005,0.0525
2007-01-26,0.052439,0.049707999999999995,0.046108,0.0525
2007-01-29,0.052634999999999994,0.049977999999999995,0.046367000000000005,0.0525
2007-01-30,0.052346000000000004,0.049747000000000006,0.04623,0.0525
2007-01-31,0.052306,0.049633000000000004,0.046064999999999995,0.0525
2007-02-01,0.052627,0.049919000000000005,0.046206,0.0525
2007-02-02,0.052667,0.049874999999999996,0.046121999999999996,0.0525
2007-02-05,0.052648,0.049734999999999994,0.045987,0.0525
2007-02-06,0.052639,0.049718,0.045923,0.0525
2007-02-07,0.052323,0.049471999999999995,0.045808,0.0525
2007-02-08,0.051707,0.049054,0.045606999999999995,0.0525
2007-02-09,0.051628,0.048915,0.045373000000000004,0.0525
2007-02-12,0.052206999999999996,0.049697,0.046179,0.0525
2007-02-13,0.05179,0.049427000000000006,0.045995999999999995,0.0525
2007-02-14,0.051794,0.049378000000000005,0.045945,0.0525
2007-02-15,0.050906,0.048318,0.045235000000000004,0.0525
2007-02-16,0.051043000000000005,0.048401,0.045293,0.0525
2007-02-19,0.051202,0.048563,0.045368000000000006,0.0525
2007-02-20,0.051328,0.048734,0.045579999999999996,0.0525
2007-02-21,0.051126,0.048490000000000005,0.045316999999999996,0.0525
2007-02-22,0.051546,0.04899,0.045842,0.0525
2007-02-23,0.051210000000000006,0.048539000000000006,0.045478,0.0525
2007-02-26,0.050869,0.048258999999999996,0.045217,0.0525
2007-02-27,0.050622999999999994,0.047889,0.044745999999999994,0.0525
2007-02-28,0.050537,0.047825,0.04472,0.0525
2007-03-01,0.050495,0.047744,0.044644,0.0525
2007-03-02,0.050319,0.047637,0.044538,0.0525
2007-03-05,0.050024,0.047401,0.044371,0.0525
2007-03-06,0.050154,0.047533000000000006,0.044571,0.0525
2007-03-07,0.050163,0.04755499999999999,0.04460600000000001,0.0525
2007-03-08,0.050105000000000004,0.047607,0.044725,0.0525
2007-03-09,0.050460000000000005,0.048041,0.045134999999999995,0.0525
2007-03-12,0.050393999999999994,0.047963,0.045077,0.0525
2007-03-13,0.050003,0.047561,0.044778000000000005,0.0525
2007-03-14,0.049687999999999996,0.04724300000000001,0.044425,0.0525
2007-03-15,0.050137,0.047702,0.044779,0.0525
2007-03-16,0.050218,0.047744,0.044809999999999996,0.0525
2007-03-19,0.050599,0.048052000000000004,0.045072,0.0525
2007-03-20,0.05097,0.048232,0.045144000000000004,0.0525
2007-03-21,0.050949999999999995,0.048218,0.045128,0.0525
2007-03-22,0.051147,0.048539000000000006,0.045427999999999996,0.0525
2007-03-23,0.051525,0.048913000000000005,0.045787,0.0525
2007-03-26,0.051591,0.048979999999999996,0.045935,0.0525
2007-03-27,0.051848,0.049316000000000006,0.046361999999999993,0.0525
2007-03-28,0.051706,0.049203000000000004,0.04617,0.0525
2007-03-29,0.052023,0.049481000000000004,0.046369999999999995,0.0525
2007-03-30,0.05215499999999999,0.049613,0.046433999999999996,0.0525
2007-04-02,0.052321,0.049703,0.04645,0.0525
2007-04-03,0.052665,0.050162000000000005,0.046959,0.0525
2007-04-04,0.052310999999999996,0.049850000000000005,0.046763000000000006,0.0525
2007-04-05,0.05219699999999999,0.049913,0.046889,0.0525
2007-04-10,0.052371,0.050123,0.047099,0.0525
2007-04-11,0.052409,0.050156,0.047121,0.0525
2007-04-12,0.052724,0.050511,0.047458,0.0525
2007-04-13,0.053068,0.050984999999999996,0.047958999999999995,0.0525
2007-04-16,0.052981,0.05072600000000001,0.047691,0.0525
2007-04-17,0.053198999999999996,0.050829000000000006,0.047721,0.0525
2007-04-18,0.052765000000000006,0.050374999999999996,0.047264999999999995,0.0525
2007-04-19,0.052934,0.050606,0.047449000000000005,0.0525
2007-04-20,0.052979000000000005,0.050606,0.047427000000000004,0.0525
2007-04-23,0.052845,0.050476,0.047351000000000004,0.0525
2007-04-24,0.052882,0.050503,0.047403,0.0525
2007-04-25,0.052965,0.050521,0.047443,0.0525
2007-04-26,0.053196,0.05085,0.047872000000000005,0.0525
2007-04-27,0.053352000000000004,0.051082,0.048041,0.0525
2007-04-30,0.052789,0.050359999999999995,0.047288,0.0525
2007-05-01,0.053145,0.050612000000000004,0.047492,0.0525
2007-05-02,0.053415,0.050957,0.047821999999999996,0.0525
2007-05-03,0.053704,0.051296999999999995,0.048186,0.0525
2007-05-04,0.053510999999999996,0.051059,0.047996,0.0525
2007-05-08,0.053391,0.050843,0.047702,0.0525
2007-05-09,0.053339,0.050801,0.047651000000000006,0.0525
2007-05-10,0.053484,0.051002,0.047840999999999995,0.055
2007-05-11,0.05332099999999999,0.050773,0.047687,0.055
2007-05-14,0.053772,0.051276,0.048118,0.055
2007-05-15,0.053758,0.051311999999999997,0.048109,0.055
2007-05-16,0.053391,0.050843,0.047702,0.055
2007-05-17,0.054168,0.051463,0.048115,0.055
2007-05-18,0.054211999999999996,0.051576000000000004,0.048254,0.055
2007-05-21,0.054358000000000004,0.051666,0.04825599999999999,0.055
2007-05-22,0.054423000000000006,0.051601999999999995,0.048112,0.055
2007-05-23,0.055039,0.052149,0.048597,0.055
2007-05-24,0.054963,0.051982999999999994,0.048387,0.055
2007-05-25,0.055159,0.052242,0.048704,0.055
2007-05-29,0.055187,0.052274,0.048787000000000004,0.055
2007-05-30,0.055216,0.05239099999999999,0.048944,0.055
2007-05-31,0.055393,0.052501,0.048967000000000004,0.055
2007-06-01,0.055814,0.052873,0.049248,0.055
2007-06-04,0.055893,0.052896,0.0493,0.055
2007-06-05,0.056006,0.05315400000000001,0.049549,0.055
2007-06-06,0.055488,0.052766,0.049264999999999996,0.055
2007-06-07,0.056098,0.053515,0.050034999999999996,0.055
2007-06-08,0.056458,0.053953,0.050435999999999995,0.055
2007-06-11,0.056413000000000005,0.053875,0.050356,0.055
2007-06-12,0.057098,0.054462,0.050814000000000005,0.055
2007-06-13,0.057381,0.054787999999999996,0.051045999999999994,0.055
2007-06-14,0.057057000000000004,0.054755000000000005,0.051166,0.055
2007-06-15,0.057133,0.054854,0.051318,0.055
2007-06-18,0.057268,0.054968,0.051390000000000005,0.055
2007-06-19,0.057041,0.054744,0.051131,0.055
2007-06-20,0.057455,0.055091,0.05138499999999999,0.055
2007-06-21,0.057607,0.055170000000000004,0.051411,0.055
2007-06-22,0.057758000000000004,0.055367,0.051583,0.055
2007-06-25,0.057424,0.055005,0.051271000000000004,0.055
2007-06-26,0.057183000000000005,0.054826,0.051185999999999995,0.055
2007-06-27,0.056733000000000006,0.054389,0.050846,0.055
2007-06-28,0.056897,0.054474,0.050821,0.055
2007-06-29,0.057241,0.054814,0.051069,0.055
2007-07-02,0.056736,0.05434,0.050636,0.055
2007-07-03,0.057167,0.054783,0.051066,0.055
2007-07-04,0.057482,0.05509,0.051285,0.055
2007-07-05,0.057676,0.055323000000000004,0.051458000000000004,0.0575
2007-07-06,0.057954,0.05562,0.051736000000000004,0.0575
2007-07-09,0.05792099999999999,0.055654,0.051736000000000004,0.0575
2007-07-10,0.056944,0.054616,0.050759,0.0575
2007-07-11,0.056996000000000005,0.054594,0.050747999999999995,0.0575
2007-07-12,0.05716,0.054804000000000005,0.050907,0.0575
2007-07-13,0.057393,0.055141,0.051343,0.0575
2007-07-16,0.057086,0.054806999999999995,0.051067,0.0575
2007-07-17,0.057465999999999996,0.055049,0.051158999999999996,0.0575
2007-07-18,0.056839,0.054319,0.050450999999999996,0.0575
2007-07-19,0.056729,0.054285,0.050335,0.0575
2007-07-20,0.055787,0.053266999999999995,0.049401,0.0575
2007-07-23,0.055895,0.053348000000000007,0.049461000000000005,0.0575
2007-07-24,0.055812999999999995,0.053286,0.049307,0.0575
2007-07-25,0.055423,0.052987,0.049124999999999995,0.0575
2007-07-26,0.054523999999999996,0.052331,0.048574,0.0575
2007-07-27,0.054013,0.052132,0.048425,0.0575
2007-07-30,0.053726,0.051792,0.048147,0.0575
2007-07-31,0.054394,0.052268,0.04858799999999999,0.0575
2007-08-01,0.054286,0.052169,0.048507999999999996,0.0575
2007-08-02,0.054698000000000004,0.052499000000000004,0.048818,0.0575
2007-08-03,0.054383999999999995,0.051982999999999994,0.048336,0.0575
2007-08-06,0.054347000000000006,0.052066,0.048449,0.0575
2007-08-07,0.054450000000000005,0.052152000000000004,0.048494999999999996,0.0575
2007-08-08,0.055374,0.053068,0.049325,0.0575
2007-08-09,0.054845,0.052674000000000006,0.049017,0.0575
2007-08-10,0.054363,0.052371,0.048838999999999994,0.0575
2007-08-13,0.054507,0.052449,0.048899,0.0575
2007-08-14,0.053827999999999994,0.051883,0.048415999999999994,0.0575
2007-08-15,0.053255,0.051424000000000004,0.048045,0.0575
2007-08-16,0.052646,0.051082999999999996,0.047713,0.0575
2007-08-17,0.052455,0.051017,0.047653,0.0575
2007-08-20,0.052525,0.050955,0.047518000000000005,0.0575
2007-08-21,0.05173199999999999,0.05033000000000001,0.047087000000000004,0.0575
2007-08-22,0.0528,0.051245000000000006,0.047843,0.0575
2007-08-23,0.052554,0.050934999999999994,0.047545000000000004,0.0575
2007-08-24,0.052644,0.051055,0.047692,0.0575
2007-08-28,0.052371,0.050791,0.04742,0.0575
2007-08-29,0.051977,0.05030300000000001,0.047121,0.0575
2007-08-30,0.051861,0.050233,0.047123,0.0575
2007-08-31,0.051996,0.050302,0.047205000000000004,0.0575
2007-09-03,0.052427,0.050721999999999996,0.047611,0.0575
2007-09-04,0.052522,0.050794,0.047735,0.0575
2007-09-05,0.051965000000000004,0.050345,0.04736799999999999,0.0575
2007-09-06,0.051635999999999994,0.050155000000000005,0.047296,0.0575
2007-09-07,0.050749,0.049468,0.046771,0.0575
2007-09-10,0.050096,0.048989000000000005,0.046402,0.0575
2007-09-11,0.04974,0.049062,0.046598,0.0575
2007-09-12,0.049761,0.049048999999999995,0.046630000000000005,0.0575
2007-09-13,0.050408,0.049287,0.046917999999999994,0.0575
2007-09-14,0.049719,0.048731,0.046487,0.0575
2007-09-17,0.049509,0.048577,0.046398999999999996,0.0575
2007-09-18,0.050622999999999994,0.049499,0.047181,0.0575
2007-09-19,0.050757000000000004,0.049941000000000006,0.047684,0.0575
2007-09-20,0.051184,0.050353,0.047896999999999995,0.0575
2007-09-21,0.05168999999999999,0.050883000000000005,0.048334999999999996,0.0575
2007-09-24,0.051516,0.050779,0.048312999999999995,0.0575
2007-09-25,0.050826,0.050335,0.047979,0.0575
2007-09-26,0.051044,0.050663,0.048312,0.0575
2007-09-27,0.051101,0.05072600000000001,0.048361,0.0575
2007-09-28,0.050449,0.050194,0.047872000000000005,0.0575
2007-10-01,0.050221,0.050023,0.047821999999999996,0.0575
2007-10-02,0.050076,0.04976,0.047725,0.0575
2007-10-03,0.050039,0.049805999999999996,0.047743,0.0575
2007-10-04,0.049936999999999995,0.049547999999999995,0.047396,0.0575
2007-10-05,0.050079000000000005,0.04963599999999999,0.047385000000000004,0.0575
2007-10-08,0.050129,0.049622,0.047340999999999994,0.0575
2007-10-09,0.049759000000000005,0.049027,0.046723,0.0575
2007-10-10,0.051044,0.049883,0.047387,0.0575
2007-10-11,0.051193,0.05026,0.047748,0.0575
2007-10-12,0.051753999999999994,0.050853,0.048266,0.0575
2007-10-15,0.051943,0.050948,0.048425,0.0575
2007-10-16,0.051632,0.050829000000000006,0.04843600000000001,0.0575
2007-10-17,0.051158999999999996,0.050398,0.048078,0.0575
2007-10-18,0.050517000000000006,0.049823000000000006,0.047645999999999994,0.0575
2007-10-19,0.049767,0.049043,0.046959,0.0575
2007-10-22,0.049561,0.048880999999999994,0.046916,0.0575
2007-10-23,0.049779,0.049042,0.047028,0.0575
2007-10-24,0.049233,0.048541,0.046605999999999995,0.0575
2007-10-25,0.049283,0.04867200000000001,0.046737,0.0575
2007-10-26,0.049198000000000006,0.048716,0.046852,0.0575
2007-10-29,0.049169,0.048653,0.046712,0.0575
2007-10-30,0.049504,0.048868,0.046849,0.0575
2007-10-31,0.050103,0.049424,0.047289000000000005,0.0575
2007-11-01,0.05,0.049325,0.047153,0.0575
2007-11-02,0.049351000000000006,0.048755,0.046719,0.0575
2007-11-05,0.049245000000000004,0.048742,0.04682,0.0575
2007-11-06,0.049259000000000004,0.048844000000000005,0.047001,0.0575
2007-11-07,0.048844000000000005,0.048457,0.046695,0.0575
2007-11-08,0.048164,0.04801999999999999,0.046402,0.0575
2007-11-09,0.047514,0.047550999999999996,0.046091,0.0575
2007-11-12,0.047691,0.047751,0.046245,0.0575
2007-11-13,0.047609000000000005,0.047695,0.046227,0.0575
2007-11-14,0.047392000000000004,0.047605,0.046192000000000004,0.0575
2007-11-15,0.046654,0.047035,0.045700000000000005,0.0575
2007-11-16,0.046074000000000004,0.046609,0.045366,0.0575
2007-11-19,0.045813,0.046397,0.045232,0.0575
2007-11-20,0.045928000000000004,0.046571999999999995,0.045465,0.0575
2007-11-21,0.045254,0.046024,0.045038999999999996,0.0575
2007-11-22,0.044802,0.045669,0.044726999999999996,0.0575
2007-11-23,0.045175,0.046169,0.045205999999999996,0.0575
2007-11-26,0.045205,0.046031,0.045117000000000004,0.0575
2007-11-27,0.045700000000000005,0.046314,0.04542500000000001,0.0575
2007-11-28,0.046790000000000005,0.047182,0.046113,0.0575
2007-11-29,0.04552,0.046203,0.045409,0.0575
2007-11-30,0.04625,0.046841999999999995,0.045982,0.0575
2007-12-03,0.045788999999999996,0.046347,0.045589000000000005,0.0575
2007-12-04,0.04519,0.045804,0.045132000000000005,0.0575
2007-12-05,0.044669999999999994,0.045439,0.044812000000000005,0.0575
2007-12-06,0.045255000000000004,0.046056999999999994,0.04530700000000001,0.055
2007-12-07,0.046194,0.046979,0.046086999999999996,0.055
2007-12-10,0.046668,0.047559,0.04652,0.055
2007-12-11,0.046269,0.047229,0.046138000000000005,0.055
2007-12-12,0.047795,0.048598,0.047301,0.055
2007-12-13,0.0475,0.048183,0.046825,0.055
2007-12-14,0.047836,0.048434,0.04703,0.055
2007-12-17,0.047432999999999996,0.048038,0.046620999999999996,0.055
2007-12-18,0.047393,0.048000999999999995,0.046585999999999995,0.055
2007-12-19,0.046639999999999994,0.047328,0.046180000000000006,0.055
2007-12-20,0.045598,0.046306,0.045331,0.055
2007-12-21,0.046115,0.046835,0.045919,0.055
2007-12-24,0.045624000000000005,0.04635500000000001,0.045451,0.055
2007-12-27,0.045891,0.046759,0.04582,0.055
2007-12-28,0.045112,0.045995999999999995,0.045127,0.055
2007-12-31,0.044607,0.045551,0.044635,0.055
2008-01-02,0.044022,0.044966,0.04429,0.055
2008-01-03,0.043989,0.045025,0.044394,0.055
2008-01-04,0.043533,0.044581,0.044032999999999996,0.055
2008-01-07,0.043493000000000004,0.044608,0.044116999999999996,0.055
2008-01-08,0.043894999999999997,0.045015,0.04458,0.055
2008-01-09,0.043306,0.044471,0.044189,0.055
2008-01-10,0.043269,0.044471,0.044177999999999995,0.055
2008-01-11,0.043343999999999994,0.044726999999999996,0.044584,0.055
2008-01-14,0.04293,0.04460600000000001,0.044571,0.055
2008-01-15,0.042888,0.044394,0.044319,0.055
2008-01-16,0.042866999999999995,0.044209,0.044039,0.055
2008-01-17,0.043238000000000006,0.044534000000000004,0.044246999999999995,0.055
2008-01-18,0.043362,0.044753,0.044417,0.055
2008-01-21,0.042573,0.044049,0.043842,0.055
2008-01-22,0.04369,0.045405,0.045080999999999996,0.055
2008-01-23,0.042919,0.044654,0.044496,0.055
2008-01-24,0.044176,0.045711,0.045392999999999996,0.055
2008-01-25,0.044378,0.045621,0.045198999999999996,0.055
2008-01-28,0.043771000000000004,0.045216000000000006,0.044795,0.055
2008-01-29,0.044737,0.046177,0.045677,0.055
2008-01-30,0.044521,0.046005000000000004,0.045496,0.055
2008-01-31,0.043405,0.045145,0.044787,0.055
2008-02-01,0.04327,0.045126,0.044768,0.055
2008-02-04,0.043618,0.045496999999999996,0.04507799999999999,0.055
2008-02-05,0.042583,0.044554,0.044371999999999995,0.055
2008-02-06,0.04269,0.045080999999999996,0.044996,0.055
2008-02-07,0.042169,0.044718,0.044749,0.0525
2008-02-08,0.042190000000000005,0.044811,0.044829999999999995,0.0525
2008-02-11,0.04282,0.045370999999999995,0.045334000000000006,0.0525
2008-02-12,0.044169,0.046647999999999995,0.046499,0.0525
2008-02-13,0.044153000000000005,0.046546000000000004,0.046449,0.0525
2008-02-14,0.04411400000000001,0.046645000000000006,0.046741000000000005,0.0525
2008-02-15,0.043616,0.046371,0.046521,0.0525
2008-02-18,0.0441,0.046835,0.04698,0.0525
2008-02-19,0.043981000000000006,0.046703999999999996,0.046861,0.0525
2008-02-20,0.044212999999999995,0.047104999999999994,0.047167,0.0525
2008-02-21,0.044451,0.047126,0.047038,0.0525
2008-02-22,0.044497,0.047156,0.047050999999999996,0.0525
2008-02-25,0.044883,0.04754800000000001,0.047426,0.0525
2008-02-26,0.044793,0.047421,0.04736100000000001,0.0525
2008-02-27,0.044836999999999995,0.047635,0.047396,0.0525
2008-02-28,0.043772000000000005,0.046668,0.046569,0.0525
2008-02-29,0.042352999999999995,0.045353000000000004,0.045445,0.0525
2008-03-03,0.042206,0.045122999999999996,0.04523,0.0525
2008-03-04,0.041803999999999994,0.04479,0.044977,0.0525
2008-03-05,0.042339,0.045487,0.045706,0.0525
2008-03-06,0.041097999999999996,0.044597,0.045065999999999995,0.0525
2008-03-07,0.040197000000000004,0.043985,0.044682000000000006,0.0525
2008-03-10,0.039613,0.04363,0.044443,0.0525
2008-03-11,0.040514,0.044295999999999995,0.04487,0.0525
2008-03-12,0.041741,0.044937,0.045530999999999995,0.0525
2008-03-13,0.040832,0.044307,0.045252,0.0525
2008-03-14,0.040495,0.044108999999999995,0.045063000000000006,0.0525
2008-03-17,0.039574,0.043761999999999995,0.045063000000000006,0.0525
2008-03-18,0.039971,0.044222000000000004,0.045488999999999995,0.0525
2008-03-19,0.039326,0.043724,0.045311000000000004,0.0525
2008-03-20,0.039508999999999996,0.043498999999999996,0.045065,0.0525
2008-03-25,0.041471,0.044881000000000004,0.04604,0.0525
2008-03-26,0.041464999999999995,0.04491,0.046020000000000005,0.0525
2008-03-27,0.041935,0.045475,0.046678,0.0525
2008-03-28,0.040912,0.044694000000000005,0.046184,0.0525
2008-03-31,0.039892,0.04411400000000001,0.045955,0.0525
2008-04-01,0.041115000000000006,0.045053,0.046494,0.0525
2008-04-02,0.041144999999999994,0.044935,0.046212,0.0525
2008-04-03,0.041266,0.045133,0.046475,0.0525
2008-04-04,0.04125,0.045178,0.046491,0.0525
2008-04-07,0.041853,0.045735,0.047006,0.0525
2008-04-08,0.041771,0.045724,0.046977000000000005,0.0525
2008-04-09,0.041884,0.045921000000000003,0.047104999999999994,0.0525
2008-04-10,0.041447000000000005,0.04551,0.046859000000000005,0.05
2008-04-11,0.040863,0.044839000000000004,0.046219,0.05
2008-04-14,0.041158,0.045072,0.046452,0.05
2008-04-15,0.041099,0.045073,0.046455,0.05
2008-04-16,0.042050000000000004,0.046059,0.047397,0.05
2008-04-17,0.043372,0.047131,0.048194999999999995,0.05
2008-04-18,0.045072,0.047931,0.048490000000000005,0.05
2008-04-21,0.044563,0.047324000000000005,0.047985,0.05
2008-04-22,0.045306,0.04754800000000001,0.047952,0.05
2008-04-23,0.04519,0.047305,0.04766600000000001,0.05
2008-04-24,0.04617,0.0484,0.048555,0.05
2008-04-25,0.046315,0.048472,0.048401,0.05
2008-04-28,0.045766,0.048107,0.048146,0.05
2008-04-29,0.045134,0.047572,0.047725,0.05
2008-04-30,0.044875,0.047474999999999996,0.047675,0.05
2008-05-01,0.044524,0.04702,0.047326,0.05
2008-05-02,0.045739,0.048233,0.048310000000000006,0.05
2008-05-06,0.044900999999999996,0.047495,0.047749,0.05
2008-05-07,0.045239,0.047882999999999995,0.048236999999999995,0.05
2008-05-08,0.044035000000000005,0.046912,0.047563,0.05
2008-05-09,0.04376699999999999,0.046568,0.047314999999999996,0.05
2008-05-12,0.044086999999999994,0.046712,0.047385000000000004,0.05
2008-05-13,0.045306,0.047689,0.04801999999999999,0.05
2008-05-14,0.046664000000000004,0.048728,0.048767,0.05
2008-05-15,0.047208,0.049013999999999995,0.048872,0.05
2008-05-16,0.046738,0.048326,0.048137,0.05
2008-05-19,0.047518000000000005,0.04891,0.048776,0.05
2008-05-20,0.04723,0.048605,0.048491,0.05
2008-05-21,0.048054,0.049416,0.049142,0.05
2008-05-22,0.049338,0.05021200000000001,0.049463999999999994,0.05
2008-05-23,0.049177,0.049973000000000004,0.04912,0.05
2008-05-27,0.049233,0.050010000000000006,0.049249,0.05
2008-05-28,0.049616,0.05037899999999999,0.049562,0.05
2008-05-29,0.050412,0.051035000000000004,0.049842000000000004,0.05
2008-05-30,0.050051,0.050536000000000005,0.049448,0.05
2008-06-02,0.049553,0.050393999999999994,0.049503000000000005,0.05
2008-06-03,0.050191,0.051229,0.050148,0.05
2008-06-04,0.049242,0.050309,0.049291999999999996,0.05
2008-06-05,0.050597,0.051338999999999996,0.050108,0.05
2008-06-06,0.05048,0.050891,0.049631999999999996,0.05
2008-06-09,0.052991,0.052334,0.050351999999999994,0.05
2008-06-10,0.052782,0.052226999999999996,0.050270999999999996,0.05
2008-06-11,0.052550999999999994,0.052321,0.05054,0.05
2008-06-12,0.053322,0.05254400000000001,0.050487000000000004,0.05
2008-06-13,0.054814,0.053673,0.051372999999999995,0.05
2008-06-16,0.054550999999999995,0.053179,0.050731,0.05
2008-06-17,0.053338,0.052718,0.050568999999999996,0.05
2008-06-18,0.053424,0.052702,0.05042,0.05
2008-06-19,0.054657,0.053542,0.051023,0.05
2008-06-20,0.053493000000000006,0.052591,0.050453,0.05
2008-06-23,0.053103,0.052383,0.050401,0.05
2008-06-24,0.053086,0.052618,0.050602999999999995,0.05
2008-06-25,0.052496999999999995,0.052282,0.050156,0.05
2008-06-26,0.051229,0.05115,0.049274,0.05
2008-06-27,0.051438,0.051399999999999994,0.049701,0.05
2008-06-30,0.052329,0.052341,0.05044800000000001,0.05
2008-07-01,0.052401,0.052591,0.050915,0.05
2008-07-02,0.051999000000000004,0.052398,0.050639,0.05
2008-07-03,0.051028000000000004,0.05145400000000001,0.050061,0.05
2008-07-04,0.050314,0.050765000000000005,0.049505999999999994,0.05
2008-07-07,0.049758,0.050267,0.049139999999999996,0.05
2008-07-08,0.049758,0.050267,0.049134000000000004,0.05
2008-07-09,0.049226,0.049892000000000006,0.048888,0.05
2008-07-10,0.048968,0.04968,0.048696,0.05
2008-07-11,0.049210000000000004,0.049980000000000004,0.049032,0.05
2008-07-14,0.049302,0.049965999999999997,0.049015,0.05
2008-07-15,0.048792999999999996,0.0496,0.048816,0.05
2008-07-16,0.049115,0.049701,0.04899200000000001,0.05
2008-07-17,0.049502,0.049905,0.049004000000000006,0.05
2008-07-18,0.05103,0.051316,0.050194,0.05
2008-07-21,0.051113,0.051456,0.050241,0.05
2008-07-22,0.050469,0.050879,0.049747000000000006,0.05
2008-07-23,0.051035000000000004,0.05133600000000001,0.049991,0.05
2008-07-24,0.049964,0.050644,0.049466,0.05
2008-07-25,0.050042,0.050745,0.049618,0.05
2008-07-28,0.049652,0.050373,0.049259000000000004,0.05
2008-07-29,0.049139,0.04987,0.048827999999999996,0.05
2008-07-30,0.048636,0.04933099999999999,0.048465999999999995,0.05
2008-07-31,0.048278999999999996,0.048939,0.048356,0.05
2008-08-01,0.048683,0.04932400000000001,0.048829000000000004,0.05
2008-08-04,0.048194999999999995,0.048943,0.048600000000000004,0.05
2008-08-05,0.047706,0.048566000000000005,0.048398000000000004,0.05
2008-08-06,0.047365000000000004,0.048344,0.048058,0.05
2008-08-07,0.046707,0.047812,0.047649,0.05
2008-08-08,0.046759,0.047753,0.047653,0.05
2008-08-11,0.047264999999999995,0.048013,0.047732000000000004,0.05
2008-08-12,0.046428000000000004,0.047291999999999994,0.047195,0.05
2008-08-13,0.045346000000000004,0.047006,0.047333999999999994,0.05
2008-08-14,0.045889,0.047463,0.047743,0.05
2008-08-15,0.045469,0.046855,0.047259999999999996,0.05
2008-08-18,0.045656999999999996,0.046986,0.047314999999999996,0.05
2008-08-19,0.045659,0.046936,0.047232,0.05
2008-08-20,0.045452000000000006,0.046681999999999994,0.047099,0.05
2008-08-21,0.045662,0.04672,0.047114,0.05
2008-08-22,0.046031,0.047110000000000006,0.047456,0.05
2008-08-26,0.044834,0.046015,0.046625,0.05
2008-08-27,0.045101,0.046258,0.046725,0.05
2008-08-28,0.044741,0.045646000000000006,0.046411,0.05
2008-08-29,0.04465499999999999,0.045611,0.046329,0.05
2008-09-01,0.044179,0.045417,0.046265,0.05
2008-09-02,0.044546,0.04578,0.046532,0.05
2008-09-03,0.044342,0.045754,0.046595000000000004,0.05
2008-09-04,0.044025,0.045332,0.046079999999999996,0.05
2008-09-05,0.043328,0.044634,0.045557,0.05
2008-09-08,0.044629,0.045597000000000006,0.046235,0.05
2008-09-09,0.044135,0.045134999999999995,0.045967,0.05
2008-09-10,0.044199,0.045277000000000005,0.046098,0.05
2008-09-11,0.044111000000000004,0.045270000000000005,0.046182,0.05
2008-09-12,0.045521000000000006,0.046662,0.04732,0.05
2008-09-15,0.0438,0.045432,0.04638899999999999,0.05
2008-09-16,0.043299000000000004,0.045028,0.045949,0.05
2008-09-17,0.043342,0.044881000000000004,0.045669,0.05
2008-09-18,0.043038999999999994,0.044839000000000004,0.045872,0.05
2008-09-19,0.045136,0.046565,0.047221,0.05
2008-09-22,0.046147999999999995,0.047439,0.047961000000000004,0.05
2008-09-23,0.045583,0.047264,0.047936,0.05
2008-09-24,0.044463,0.046303000000000004,0.047295,0.05
2008-09-25,0.044994,0.046809,0.047817,0.05
2008-09-26,0.044153000000000005,0.046184,0.047423,0.05
2008-09-29,0.042043,0.04462,0.04638899999999999,0.05
2008-09-30,0.04241399999999999,0.045191999999999996,0.046862,0.05
2008-10-01,0.042058,0.044986,0.046485000000000005,0.05
2008-10-02,0.041562999999999996,0.044473000000000006,0.04592399999999999,0.05
2008-10-03,0.041722999999999996,0.044927,0.045788999999999996,0.05
2008-10-06,0.039207,0.043282999999999995,0.044473000000000006,0.05
2008-10-07,0.039282,0.043478,0.044944,0.05
2008-10-08,0.039797,0.043998999999999996,0.045441,0.045
2008-10-09,0.041053,0.044681,0.046588000000000004,0.045
2008-10-10,0.041413000000000005,0.045673000000000005,0.047918,0.045
2008-10-13,0.043682,0.047582000000000006,0.049918,0.045
2008-10-14,0.044989,0.048406000000000005,0.050477999999999995,0.045
2008-10-15,0.044595,0.048088,0.050017,0.045
2008-10-16,0.04447,0.048091,0.049498,0.045
2008-10-17,0.04348900000000001,0.047589,0.048677,0.045
2008-10-20,0.04263,0.04704,0.048376,0.045
2008-10-21,0.042389,0.04713199999999999,0.048586,0.045
2008-10-22,0.040416999999999995,0.045817,0.047835,0.045
2008-10-23,0.040709,0.04575,0.04768,0.045
2008-10-24,0.039324,0.044736000000000005,0.046711,0.045
2008-10-27,0.039555,0.044951,0.047094,0.045
2008-10-28,0.039693,0.045156,0.047575000000000006,0.045
2008-10-29,0.039279,0.045267999999999996,0.047702999999999995,0.045
2008-10-30,0.039122,0.045582000000000004,0.047893,0.045
2008-10-31,0.039623,0.046467,0.048705,0.045
2008-11-03,0.039234,0.046226,0.048678,0.045
2008-11-04,0.038918,0.046095,0.048861999999999996,0.045
2008-11-05,0.038217,0.045635,0.04874100000000001,0.045
2008-11-06,0.036951,0.044739,0.048772,0.03
2008-11-07,0.036078,0.04348,0.047781000000000004,0.03
2008-11-10,0.036395,0.043448,0.048078,0.03
2008-11-11,0.036669,0.043697,0.048296,0.03
2008-11-12,0.035225,0.042793,0.047515999999999996,0.03
2008-11-13,0.034943,0.042629,0.047259999999999996,0.03
2008-11-14,0.034474,0.042472,0.047126,0.03
2008-11-17,0.034455,0.042869000000000004,0.04775,0.03
2008-11-18,0.034237000000000004,0.042684,0.047741,0.03
2008-11-19,0.034205,0.042252,0.047306999999999995,0.03
2008-11-20,0.032767,0.040891000000000004,0.045961,0.03
2008-11-21,0.032514,0.04058900000000001,0.045052,0.03
2008-11-24,0.033257,0.041195,0.04548,0.03
2008-11-25,0.03345,0.040544000000000004,0.045003,0.03
2008-11-26,0.033174999999999996,0.039801,0.044268999999999996,0.03
2008-11-27,0.034012,0.039668,0.043897000000000005,0.03
2008-11-28,0.033517,0.03972,0.044398999999999994,0.03
2008-12-01,0.032076,0.0387,0.043799000000000005,0.03
2008-12-02,0.030171999999999997,0.037261,0.042503,0.03
2008-12-03,0.029498000000000003,0.036741,0.041406,0.03
2008-12-04,0.030264000000000003,0.037007,0.041571,0.02
2008-12-05,0.030319,0.036675,0.041581,0.02
2008-12-08,0.032152,0.038206000000000004,0.043195,0.02
2008-12-09,0.032139,0.038201,0.043211000000000006,0.02
2008-12-10,0.032425999999999996,0.038131,0.043125,0.02
2008-12-11,0.032734,0.038469,0.043486000000000004,0.02
2008-12-12,0.032538,0.038607999999999996,0.043625,0.02
2008-12-15,0.031787,0.037454999999999995,0.042642,0.02
2008-12-16,0.031110000000000002,0.036752,0.041955,0.02
2008-12-17,0.029404,0.035106,0.040422,0.02
2008-12-18,0.028647,0.034769,0.040498000000000006,0.02
2008-12-19,0.02859,0.034761,0.040450999999999994,0.02
2008-12-22,0.028208,0.034377,0.039784,0.02
2008-12-23,0.028169,0.034362,0.039811,0.02
2008-12-24,0.027496999999999997,0.033683,0.039185,0.02
2008-12-29,0.027986,0.034159999999999996,0.039681,0.02
2008-12-30,0.027648000000000002,0.034071,0.039651,0.02
2008-12-31,0.026836000000000002,0.0335,0.039103,0.02
2009-01-02,0.026681,0.033649,0.039377,0.02
2009-01-05,0.027515,0.034739,0.040202999999999996,0.02
2009-01-06,0.027903999999999998,0.03571,0.041315,0.02
2009-01-07,0.027963000000000002,0.03596,0.041378000000000005,0.02
2009-01-08,0.027069,0.035276,0.040887,0.015
2009-01-09,0.026309999999999997,0.034419,0.039999,0.015
2009-01-12,0.026301,0.034460000000000005,0.040059,0.015
2009-01-13,0.027009,0.035186999999999996,0.041035,0.015
2009-01-14,0.026565,0.034293,0.040337,0.015
2009-01-15,0.026459999999999997,0.034464999999999996,0.040652999999999995,0.015
2009-01-16,0.027613,0.035959,0.042221,0.015
2009-01-19,0.028342999999999997,0.037159,0.04348,0.015
2009-01-20,0.028388,0.037904,0.044369,0.015
2009-01-21,0.027527,0.037231,0.044206,0.015
2009-01-22,0.027879,0.037877999999999995,0.044929,0.015
2009-01-23,0.028681,0.03952,0.046576000000000006,0.015
2009-01-26,0.028641,0.039557,0.046265,0.015
2009-01-27,0.028622,0.039275000000000004,0.045618,0.015
2009-01-28,0.028354,0.039058,0.044944,0.015
2009-01-29,0.028312,0.039405,0.045068000000000004,0.015
2009-01-30,0.028489,0.039577,0.044997999999999996,0.015
2009-02-02,0.028451,0.03945,0.044927,0.015
2009-02-03,0.028967999999999997,0.039896,0.045417,0.015
2009-02-04,0.029141,0.040068,0.045294999999999995,0.015
2009-02-05,0.028491,0.039532,0.044663,0.01
2009-02-06,0.028679,0.039701,0.044463,0.01
2009-02-09,0.028697,0.039876999999999996,0.044605,0.01
2009-02-10,0.028178,0.03894,0.043865999999999995,0.01
2009-02-11,0.025681,0.036869,0.042726,0.01
2009-02-12,0.024186,0.035501,0.041909999999999996,0.01
2009-02-13,0.025192000000000003,0.036184,0.042482,0.01
2009-02-16,0.024773,0.035292,0.042194,0.01
2009-02-17,0.02436,0.034469,0.041718000000000005,0.01
2009-02-18,0.024771,0.034174,0.041749999999999995,0.01
2009-02-19,0.025484,0.035457999999999996,0.042768,0.01
2009-02-20,0.024876999999999996,0.03452,0.042309,0.01
2009-02-23,0.025154999999999997,0.034825,0.042817,0.01
2009-02-24,0.024472,0.034402,0.042494,0.01
2009-02-25,0.024569999999999998,0.034779,0.042797,0.01
2009-02-26,0.026239,0.0371,0.044181,0.01
2009-02-27,0.02595,0.036949,0.044504999999999996,0.01
2009-03-02,0.025338,0.036322,0.044042000000000005,0.01
2009-03-03,0.024794,0.036307,0.044418,0.01
2009-03-04,0.025193,0.03706,0.046016,0.01
2009-03-05,0.023466,0.034168,0.04255899999999999,0.005
2009-03-06,0.021833,0.03084,0.038255,0.005
2009-03-09,0.022883,0.031542,0.03924,0.005
2009-03-10,0.022572000000000002,0.031295,0.039411999999999996,0.005
2009-03-11,0.0226,0.030979999999999997,0.038874,0.005
2009-03-12,0.022226,0.029801,0.037151,0.005
2009-03-13,0.022581000000000004,0.029900000000000003,0.037092,0.005
2009-03-16,0.023462999999999998,0.030876999999999998,0.037989,0.005
2009-03-17,0.023826999999999997,0.031207,0.038220000000000004,0.005
2009-03-18,0.024218000000000003,0.031616,0.038536,0.005
2009-03-19,0.023537,0.030792,0.038135,0.005
2009-03-20,0.023423,0.030766,0.038127,0.005
2009-03-23,0.024158,0.031966,0.039207,0.005
2009-03-24,0.0252,0.033805,0.040978,0.005
2009-03-25,0.025019999999999997,0.033421,0.040834,0.005
2009-03-26,0.025606,0.033804,0.041094,0.005
2009-03-27,0.025473,0.03359,0.041014999999999996,0.005
2009-03-30,0.024420999999999998,0.032541,0.040138,0.005
2009-03-31,0.024257,0.03233,0.040214,0.005
2009-04-01,0.023540000000000002,0.031823000000000004,0.040108,0.005
2009-04-02,0.025814,0.034113000000000004,0.042337999999999994,0.005
2009-04-03,0.026147999999999998,0.034516,0.042510000000000006,0.005
2009-04-06,0.026817,0.034676,0.0426,0.005
2009-04-07,0.026829000000000002,0.034789,0.042809,0.005
2009-04-08,0.025964,0.033902999999999996,0.042443999999999996,0.005
2009-04-09,0.025554999999999998,0.033370000000000004,0.041891,0.005
2009-04-14,0.024904000000000003,0.032622,0.041463,0.005
2009-04-15,0.025461,0.033002,0.04231,0.005
2009-04-16,0.025110999999999998,0.032815,0.042145999999999996,0.005
2009-04-17,0.026379,0.033973,0.043037,0.005
2009-04-20,0.025030999999999998,0.032557,0.041612,0.005
2009-04-21,0.025903,0.033306,0.042053,0.005
2009-04-22,0.026804,0.034814,0.04299,0.005
2009-04-23,0.026477,0.035508000000000005,0.043554,0.005
2009-04-24,0.026146,0.035315,0.043137999999999996,0.005
2009-04-27,0.025908,0.035238,0.042824,0.005
2009-04-28,0.025280999999999998,0.034915,0.042543,0.005
2009-04-29,0.025059,0.03487,0.042769,0.005
2009-04-30,0.025686,0.035321,0.04324,0.005
2009-05-01,0.025964,0.035644999999999996,0.043455,0.005
2009-05-05,0.026147999999999998,0.035751,0.043395,0.005
2009-05-06,0.026795,0.036371,0.043862,0.005
2009-05-07,0.027243,0.03692,0.04384299999999999,0.005
2009-05-08,0.02765,0.037327,0.044128,0.005
2009-05-11,0.026962,0.03662,0.043729,0.005
2009-05-12,0.027194,0.036576,0.043623,0.005
2009-05-13,0.025901999999999998,0.035165,0.042632,0.005
2009-05-14,0.025689000000000003,0.034803,0.042612,0.005
2009-05-15,0.026392000000000002,0.035432,0.04311,0.005
2009-05-18,0.025828000000000004,0.034805,0.042633000000000004,0.005
2009-05-19,0.026066,0.035003,0.042772,0.005
2009-05-20,0.026833,0.035852,0.043517,0.005
2009-05-21,0.026586,0.036515,0.044367000000000004,0.005
2009-05-22,0.027098,0.037291,0.04519,0.005
2009-05-26,0.026150000000000003,0.036488,0.044333,0.005
2009-05-27,0.026775000000000004,0.036975,0.044592,0.005
2009-05-28,0.027121,0.03738,0.044945000000000006,0.005
2009-05-29,0.026875,0.036987,0.044541000000000004,0.005
2009-06-01,0.027877,0.037721,0.045198999999999996,0.005
2009-06-02,0.027909000000000003,0.038158,0.045503999999999996,0.005
2009-06-03,0.027292,0.037188,0.044614,0.005
2009-06-04,0.028123999999999996,0.037785,0.045073999999999996,0.005
2009-06-05,0.029203999999999997,0.038389,0.045260999999999996,0.005
2009-06-08,0.030032999999999997,0.037808,0.044427,0.005
2009-06-09,0.029505,0.037551,0.044263000000000004,0.005
2009-06-10,0.030115,0.038194,0.044941,0.005
2009-06-11,0.031296,0.039262,0.046042,0.005
2009-06-12,0.030522,0.03867,0.045944000000000006,0.005
2009-06-15,0.029453,0.037603,0.045424,0.005
2009-06-16,0.029845,0.037838,0.045651000000000004,0.005
2009-06-17,0.028923,0.03677,0.044725,0.005
2009-06-18,0.029202,0.037267999999999996,0.045240999999999996,0.005
2009-06-19,0.028727,0.036805,0.044745,0.005
2009-06-22,0.028137,0.036193,0.044255,0.005
2009-06-23,0.027832,0.036046999999999996,0.044155,0.005
2009-06-24,0.027481,0.035832,0.044152,0.005
2009-06-25,0.027555999999999997,0.035804,0.044052,0.005
2009-06-26,0.028313,0.036189,0.043525,0.005
2009-06-29,0.028555999999999998,0.035502,0.04292,0.005
2009-06-30,0.029478,0.036291000000000004,0.043495,0.005
2009-07-01,0.030382,0.037341,0.044212999999999995,0.005
2009-07-02,0.029912,0.037279,0.044035000000000005,0.005
2009-07-03,0.029706,0.03714,0.04395400000000001,0.005
2009-07-06,0.029192999999999997,0.036581999999999996,0.043510999999999994,0.005
2009-07-07,0.02921,0.036861000000000005,0.043461999999999994,0.005
2009-07-08,0.02851,0.036404,0.042763999999999996,0.005
2009-07-09,0.029938,0.038052,0.043926,0.005
2009-07-10,0.029470999999999997,0.037654,0.043558000000000006,0.005
2009-07-13,0.028950999999999998,0.036998,0.042901999999999996,0.005
2009-07-14,0.029582,0.037592,0.04353799999999999,0.005
2009-07-15,0.030137999999999998,0.038118,0.044177999999999995,0.005
2009-07-16,0.030024000000000002,0.038003999999999996,0.044309,0.005
2009-07-17,0.030305,0.038237,0.044478,0.005
2009-07-20,0.030654,0.038465,0.044800000000000006,0.005
2009-07-21,0.03047,0.038157,0.044607,0.005
2009-07-22,0.031049000000000004,0.038813,0.04526500000000001,0.005
2009-07-23,0.032241,0.040027999999999994,0.046249000000000005,0.005
2009-07-24,0.032092999999999997,0.03996,0.046123000000000004,0.005
2009-07-27,0.032244,0.039993,0.046106,0.005
2009-07-28,0.031992,0.039661,0.045880000000000004,0.005
2009-07-29,0.032236,0.040096999999999994,0.04632,0.005
2009-07-30,0.031960999999999996,0.039802,0.046196,0.005
2009-07-31,0.030529999999999998,0.038245,0.045141999999999995,0.005
2009-08-03,0.03123,0.03898,0.045877999999999995,0.005
2009-08-04,0.031145,0.038688,0.045478,0.005
2009-08-05,0.031095,0.038486,0.045171,0.005
2009-08-06,0.030008,0.037742,0.043983,0.005
2009-08-07,0.030724,0.038193000000000005,0.043228,0.005
2009-08-10,0.030312000000000002,0.038171,0.042846999999999996,0.005
2009-08-11,0.030492,0.038446,0.043003,0.005
2009-08-12,0.03,0.038188,0.042615,0.005
2009-08-13,0.029813999999999997,0.038159,0.042527999999999996,0.005
2009-08-14,0.028937,0.037191999999999996,0.04172,0.005
2009-08-17,0.028252000000000003,0.036398,0.040724,0.005
2009-08-18,0.028796,0.036859,0.041324,0.005
2009-08-19,0.027628,0.036112000000000005,0.040991,0.005
2009-08-20,0.027656999999999998,0.036377,0.041224,0.005
2009-08-21,0.027711,0.036634,0.041273,0.005
2009-08-24,0.027467000000000002,0.036518,0.040911,0.005
2009-08-25,0.026307999999999998,0.035714,0.040365000000000005,0.005
2009-08-26,0.026265999999999998,0.035218,0.040114000000000004,0.005
2009-08-27,0.026432999999999998,0.035376,0.040118,0.005
2009-08-28,0.02661,0.035396000000000004,0.039784,0.005
2009-09-01,0.026724,0.035447,0.039994,0.005
2009-09-02,0.026455000000000003,0.035293,0.039971,0.005
2009-09-03,0.027117,0.035817,0.040497,0.005
2009-09-04,0.027007,0.036037,0.040778999999999996,0.005
2009-09-07,0.027080000000000003,0.036248,0.040845,0.005
2009-09-08,0.027418,0.036650999999999996,0.041019,0.005
2009-09-09,0.028073999999999998,0.037395,0.041643,0.005
2009-09-10,0.027425,0.036722000000000005,0.041147,0.005
2009-09-11,0.026919,0.036103,0.040518,0.005
2009-09-14,0.027014999999999997,0.036098,0.040304,0.005
2009-09-15,0.02657,0.036227999999999996,0.040243,0.005
2009-09-16,0.027315999999999997,0.036897,0.040774,0.005
2009-09-17,0.027586,0.037323,0.041048,0.005
2009-09-18,0.027682000000000002,0.037403,0.040982000000000005,0.005
2009-09-21,0.027696000000000002,0.037238,0.040923,0.005
2009-09-22,0.027853,0.037741,0.041414,0.005
2009-09-23,0.027773,0.037551,0.041224,0.005
2009-09-24,0.02697,0.037004999999999996,0.04074,0.005
2009-09-25,0.026358000000000003,0.036334,0.040222,0.005
2009-09-28,0.026473,0.036466,0.040384,0.005
2009-09-29,0.026787000000000002,0.036345,0.040236,0.005
2009-09-30,0.026532,0.036109,0.040226,0.005
2009-10-01,0.025494,0.035257000000000004,0.039929,0.005
2009-10-02,0.025137,0.034723000000000004,0.039644,0.005
2009-10-05,0.024863,0.034257,0.039232,0.005
2009-10-06,0.024797,0.034325,0.039209,0.005
2009-10-07,0.024476,0.034159999999999996,0.039236,0.005
2009-10-08,0.024253,0.033913,0.038886,0.005
2009-10-09,0.025278000000000002,0.034798,0.039716,0.005
2009-10-12,0.024556,0.034142,0.039103,0.005
2009-10-13,0.024700000000000003,0.034346999999999996,0.039521,0.005
2009-10-14,0.0256,0.035257000000000004,0.040228,0.005
2009-10-15,0.026252,0.035863,0.040598999999999996,0.005
2009-10-16,0.026726999999999997,0.036222,0.040902,0.005
2009-10-19,0.026806,0.036352,0.041089,0.005
2009-10-20,0.026193,0.035803,0.04075,0.005
2009-10-21,0.027896,0.037292,0.042039,0.005
2009-10-22,0.028126,0.037484,0.042211,0.005
2009-10-23,0.027613,0.037058,0.041724,0.005
2009-10-26,0.027822,0.037324,0.041813,0.005
2009-10-27,0.027117,0.036559,0.041154,0.005
2009-10-28,0.027141000000000002,0.03651,0.04108799999999999,0.005
2009-10-29,0.027732999999999997,0.037049,0.041594,0.005
2009-10-30,0.027372,0.036678999999999996,0.041342,0.005
2009-11-02,0.027894000000000002,0.037091,0.041769,0.005
2009-11-03,0.028365,0.037674,0.042394999999999995,0.005
2009-11-04,0.028875,0.038294,0.04308,0.005
2009-11-05,0.029304999999999998,0.038935,0.043510999999999994,0.005
2009-11-06,0.029239,0.0392,0.043657,0.005
2009-11-09,0.028631000000000004,0.038769,0.043299000000000004,0.005
2009-11-10,0.028324,0.038287,0.042747,0.005
2009-11-11,0.027798,0.038010999999999996,0.042477,0.005
2009-11-12,0.027592,0.03827,0.042805,0.005
2009-11-13,0.027932000000000002,0.038523999999999996,0.043128,0.005
2009-11-16,0.027723,0.038071,0.042688,0.005
2009-11-17,0.026966,0.037286,0.041863000000000004,0.005
2009-11-18,0.026996000000000003,0.03743,0.041929,0.005
2009-11-19,0.026767,0.037106,0.041544,0.005
2009-11-20,0.026691,0.036974,0.041443,0.005
2009-11-23,0.026995,0.037288999999999996,0.041613,0.005
2009-11-24,0.027063999999999998,0.037146,0.041528999999999996,0.005
2009-11-25,0.026867000000000002,0.036947,0.041525999999999993,0.005
2009-11-26,0.026259,0.03601,0.0408,0.005
2009-11-27,0.026506,0.036174,0.041090999999999996,0.005
2009-11-30,0.026301,0.035954,0.040832,0.005
2009-12-01,0.026129,0.036261999999999996,0.041162000000000004,0.005
2009-12-02,0.026219000000000003,0.036646,0.041459,0.005
2009-12-03,0.026320999999999997,0.036999,0.041843000000000005,0.005
2009-12-04,0.027049,0.037753,0.042376,0.005
2009-12-07,0.026841,0.037629,0.042291999999999996,0.005
2009-12-08,0.026652999999999996,0.037622,0.042361,0.005
2009-12-09,0.026288,0.03739,0.042334,0.005
2009-12-10,0.027328,0.038683,0.043487,0.005
2009-12-11,0.027922,0.039220000000000005,0.043853,0.005
2009-12-14,0.02767,0.038969000000000004,0.043503999999999994,0.005
2009-12-15,0.028176,0.039505,0.043889,0.005
2009-12-16,0.028079999999999997,0.039449,0.043775,0.005
2009-12-17,0.027659,0.03905,0.043398000000000006,0.005
2009-12-18,0.0269,0.038269000000000004,0.042537000000000005,0.005
2009-12-21,0.027891,0.039245,0.043368000000000004,0.005
2009-12-22,0.028315999999999997,0.039646,0.04385,0.005
2009-12-23,0.029157000000000002,0.040388,0.044538,0.005
2009-12-24,0.029310999999999997,0.040499,0.044618000000000005,0.005
2009-12-29,0.030011999999999997,0.041228999999999995,0.04519,0.005
2009-12-30,0.029929,0.041173,0.045052,0.005
2009-12-31,0.02944,0.040669000000000004,0.044546999999999996,0.005
2010-01-04,0.029613,0.039979,0.044009,0.005
2010-01-05,0.030205000000000003,0.04054,0.044556,0.005
2010-01-06,0.030289,0.040886,0.04505,0.005
2010-01-07,0.030296,0.040845,0.045001,0.005
2010-01-08,0.030430000000000002,0.040954,0.044947,0.005
2010-01-11,0.029693999999999998,0.04016,0.044229000000000004,0.005
2010-01-12,0.029394999999999998,0.039658,0.043754999999999995,0.005
2010-01-13,0.029577,0.039882,0.044098,0.005
2010-01-14,0.029739,0.040138,0.044280999999999994,0.005
2010-01-15,0.029491999999999997,0.039686,0.043819,0.005
2010-01-18,0.029544,0.039705,0.043776,0.005
2010-01-19,0.030399,0.040643000000000006,0.044455999999999996,0.005
2010-01-20,0.030362,0.04053,0.044551,0.005
2010-01-21,0.029489,0.039728,0.043919,0.005
2010-01-22,0.029498000000000003,0.039691000000000004,0.043877,0.005
2010-01-25,0.029301,0.03964,0.043935,0.005
2010-01-26,0.029091999999999996,0.03926,0.04363,0.005
2010-01-27,0.029018000000000002,0.039171,0.043461999999999994,0.005
2010-01-28,0.029765,0.039874,0.044093,0.005
2010-01-29,0.029308,0.039523,0.043774,0.005
2010-02-01,0.029262999999999997,0.039427,0.043544,0.005
2010-02-02,0.029068999999999998,0.039664000000000005,0.043963999999999996,0.005
2010-02-03,0.028923,0.039667,0.043963999999999996,0.005
2010-02-04,0.028887999999999997,0.039543,0.043646000000000004,0.005
2010-02-05,0.028576,0.039395,0.043597000000000004,0.005
2010-02-08,0.029171,0.040035999999999995,0.044222000000000004,0.005
2010-02-09,0.02926,0.040138,0.044511,0.005
2010-02-10,0.028637000000000003,0.039807,0.044261999999999996,0.005
2010-02-11,0.029382000000000002,0.040827999999999996,0.045202,0.005
2010-02-12,0.029338000000000003,0.041036,0.045484,0.005
2010-02-15,0.02956,0.041272,0.045705,0.005
2010-02-16,0.029196,0.041003,0.0455,0.005
2010-02-17,0.029110999999999998,0.040945999999999996,0.04562,0.005
2010-02-18,0.02911,0.041561,0.046222000000000006,0.005
2010-02-19,0.029561999999999998,0.04231,0.046908000000000005,0.005
2010-02-22,0.029481,0.041932,0.046826999999999994,0.005
2010-02-23,0.029058,0.041544,0.046676,0.005
2010-02-24,0.028180999999999998,0.040701999999999995,0.045808,0.005
2010-02-25,0.027913999999999998,0.040852000000000006,0.045796,0.005
2010-02-26,0.027639999999999998,0.040815000000000004,0.045701,0.005
2010-03-01,0.028260999999999998,0.041321000000000004,0.046140999999999995,0.005
2010-03-02,0.027898999999999997,0.040762,0.045548000000000005,0.005
2010-03-03,0.028371,0.040873999999999994,0.045724,0.005
2010-03-04,0.028281,0.040579000000000004,0.045286,0.005
2010-03-05,0.028991,0.041074,0.04569,0.005
2010-03-08,0.029039000000000002,0.041597,0.046059,0.005
2010-03-09,0.028296,0.041112,0.045624000000000005,0.005
2010-03-10,0.028426999999999997,0.041414,0.045965,0.005
2010-03-11,0.028875,0.042074999999999994,0.046635,0.005
2010-03-12,0.02844,0.041653,0.046408,0.005
2010-03-15,0.028159,0.041336000000000005,0.046215,0.005
2010-03-16,0.027939,0.040987,0.045953,0.005
2010-03-17,0.027957999999999997,0.040808,0.045656999999999996,0.005
2010-03-18,0.028179,0.040637,0.04555,0.005
2010-03-19,0.028313,0.040350000000000004,0.045374,0.005
2010-03-22,0.027896999999999998,0.040053,0.045114999999999995,0.005
2010-03-23,0.02773,0.039984,0.04514,0.005
2010-03-24,0.028159999999999998,0.040458,0.045753,0.005
2010-03-25,0.02826,0.041129,0.045872,0.005
2010-03-26,0.028290000000000003,0.04123,0.045867000000000005,0.005
2010-03-29,0.027854999999999998,0.040582,0.045229,0.005
2010-03-30,0.028075000000000003,0.040748,0.045385,0.005
2010-03-31,0.0276,0.040276,0.044855,0.005
2010-04-01,0.027625999999999998,0.040229,0.044642,0.005
2010-04-06,0.028458,0.041053,0.045422000000000004,0.005
2010-04-07,0.028732,0.04151099999999999,0.045881,0.005
2010-04-08,0.028087,0.041093000000000005,0.045626,0.005
2010-04-09,0.028442,0.041528,0.046010999999999996,0.005
2010-04-12,0.028544,0.041548999999999996,0.046010999999999996,0.005
2010-04-13,0.028188,0.041266,0.045795,0.005
2010-04-14,0.028199000000000002,0.041307,0.045815,0.005
2010-04-15,0.028277,0.041422,0.045968999999999996,0.005
2010-04-16,0.027736999999999998,0.040954,0.045668,0.005
2010-04-19,0.027871,0.041037,0.045724,0.005
2010-04-20,0.028135,0.041288,0.045849,0.005
2010-04-21,0.028319,0.041262,0.045871,0.005
2010-04-22,0.028345,0.040878,0.045587,0.005
2010-04-23,0.029091,0.041456,0.045971000000000005,0.005
2010-04-26,0.028900000000000002,0.041051000000000004,0.045665,0.005
2010-04-27,0.028377,0.040652,0.045364,0.005
2010-04-28,0.028131,0.040448000000000005,0.045089,0.005
2010-04-29,0.028232,0.040531,0.045178,0.005
2010-04-30,0.027311000000000002,0.039632,0.04446,0.005
2010-05-04,0.026794,0.038896,0.043708,0.005
2010-05-05,0.026617000000000002,0.038612,0.043678,0.005
2010-05-06,0.026524000000000002,0.038502999999999996,0.043311999999999996,0.005
2010-05-07,0.026755,0.038855,0.043495,0.005
2010-05-10,0.027504,0.039705,0.044438000000000005,0.005
2010-05-11,0.027279,0.039354,0.044455,0.005
2010-05-12,0.026618,0.03902,0.044188,0.005
2010-05-13,0.026040999999999998,0.038998,0.044280999999999994,0.005
2010-05-14,0.025077,0.038231,0.043632,0.005
2010-05-17,0.024793,0.038117,0.043639000000000004,0.005
2010-05-18,0.024882,0.038174,0.043764000000000004,0.005
2010-05-19,0.024029,0.037299,0.042973,0.005
2010-05-20,0.023184999999999997,0.036301,0.041963,0.005
2010-05-21,0.023201999999999997,0.036125,0.041564,0.005
2010-05-24,0.02316,0.036132,0.041811,0.005
2010-05-25,0.022334999999999997,0.035378,0.041271,0.005
2010-05-26,0.023139,0.036321,0.04229599999999999,0.005
2010-05-27,0.023825,0.036903,0.042704000000000006,0.005
2010-05-28,0.023791000000000003,0.036744,0.042552000000000006,0.005
2010-06-01,0.023931,0.036732,0.042510000000000006,0.005
2010-06-02,0.023559999999999998,0.036451,0.042423,0.005
2010-06-03,0.023878,0.036862,0.042855,0.005
2010-06-04,0.023119,0.03616,0.042362000000000004,0.005
2010-06-07,0.022828,0.035938,0.042138,0.005
2010-06-08,0.022532999999999997,0.035692,0.041867,0.005
2010-06-09,0.023029,0.036211,0.042214,0.005
2010-06-10,0.023610000000000003,0.036524,0.042425,0.005
2010-06-11,0.022926000000000002,0.035704,0.041662,0.005
2010-06-14,0.023993,0.036539999999999996,0.042352,0.005
2010-06-15,0.023894000000000002,0.036610000000000004,0.042438000000000003,0.005
2010-06-16,0.023734,0.036509,0.042519,0.005
2010-06-17,0.023419,0.03608,0.04211,0.005
2010-06-18,0.023922,0.036585,0.042470999999999995,0.005
2010-06-21,0.023627,0.036288,0.042058,0.005
2010-06-22,0.022967,0.035844,0.04182,0.005
2010-06-23,0.022831999999999998,0.035668000000000005,0.041692,0.005
2010-06-24,0.022274,0.03521,0.041424,0.005
2010-06-25,0.02215,0.035198,0.041607000000000005,0.005
2010-06-28,0.022188,0.035169,0.041744,0.005
2010-06-29,0.022351,0.035301,0.041817,0.005
2010-06-30,0.021847,0.034867,0.04124,0.005
2010-07-01,0.021648999999999998,0.034432,0.040723,0.005
2010-07-02,0.021989,0.034867,0.041099,0.005
2010-07-05,0.021557,0.034489,0.040706,0.005
2010-07-06,0.021714999999999998,0.034756,0.041068,0.005
2010-07-07,0.021831,0.03485,0.041264,0.005
2010-07-08,0.021905,0.034944,0.041406,0.005
2010-07-09,0.021533000000000004,0.034554,0.041083999999999996,0.005
2010-07-12,0.021602999999999997,0.034635,0.041233000000000006,0.005
2010-07-13,0.022028,0.035003,0.041444999999999996,0.005
2010-07-14,0.022281,0.035265,0.041689,0.005
2010-07-15,0.022071,0.035085000000000005,0.041562999999999996,0.005
2010-07-16,0.021745,0.034724,0.041262,0.005
2010-07-19,0.021928,0.034885,0.041542,0.005
2010-07-20,0.022035,0.034922,0.04167099999999999,0.005
2010-07-21,0.022008,0.034925000000000005,0.041898,0.005
2010-07-22,0.022099999999999998,0.035016,0.041927000000000006,0.005
2010-07-23,0.022947000000000002,0.035708000000000004,0.042494,0.005
2010-07-26,0.023233,0.0359,0.042823,0.005
2010-07-27,0.023797000000000002,0.036406,0.043303,0.005
2010-07-28,0.023462999999999998,0.036146,0.043351,0.005
2010-07-29,0.022761999999999998,0.035591,0.042971,0.005
2010-07-30,0.022008999999999997,0.0348,0.04206000000000001,0.005
2010-08-02,0.022302,0.035034,0.04206699999999999,0.005
2010-08-03,0.02176,0.034393,0.041464,0.005
2010-08-04,0.021934,0.034496,0.041489000000000005,0.005
2010-08-05,0.021418,0.033892000000000005,0.040991,0.005
2010-08-06,0.021284,0.03384,0.040978,0.005
2010-08-09,0.021446999999999997,0.034025,0.041196,0.005
2010-08-10,0.021328999999999997,0.03411,0.041476,0.005
2010-08-11,0.020065,0.033023,0.041191000000000005,0.005
2010-08-12,0.019745,0.032715999999999995,0.040644,0.005
2010-08-13,0.019917,0.032791,0.040656,0.005
2010-08-16,0.019305000000000003,0.032089,0.039651,0.005
2010-08-17,0.019481,0.032236,0.039728,0.005
2010-08-18,0.019184,0.031914,0.039646,0.005
2010-08-19,0.018953,0.031732,0.039407,0.005
2010-08-20,0.018521,0.031435,0.03919,0.005
2010-08-23,0.018501,0.031381,0.039129,0.005
2010-08-24,0.017623,0.030438999999999997,0.038041,0.005
2010-08-25,0.017467999999999997,0.030049000000000003,0.03759,0.005
2010-08-26,0.017512,0.029921000000000003,0.03734,0.005
2010-08-27,0.017728999999999998,0.030007000000000002,0.037475,0.005
2010-08-31,0.01726,0.0294,0.036949,0.005
2010-09-01,0.018183,0.030350000000000002,0.037970000000000004,0.005
2010-09-02,0.018494999999999998,0.030623,0.038394,0.005
2010-09-03,0.018788,0.031127,0.038917,0.005
2010-09-06,0.018544,0.030906,0.038591,0.005
2010-09-07,0.017855,0.030221,0.038121,0.005
2010-09-08,0.018428,0.030991,0.038609,0.005
2010-09-09,0.018879999999999997,0.031588,0.039185,0.005
2010-09-10,0.01965,0.032289,0.039944,0.005
2010-09-13,0.01962,0.032239,0.039931999999999995,0.005
2010-09-14,0.018891,0.031645,0.039533,0.005
2010-09-15,0.019067,0.031863,0.039583,0.005
2010-09-16,0.019591,0.03247,0.040211,0.005
2010-09-17,0.019482,0.032347,0.04011,0.005
2010-09-20,0.019749000000000003,0.032612,0.040355,0.005
2010-09-21,0.019412,0.03225,0.040044,0.005
2010-09-22,0.018135,0.03079,0.038641,0.005
2010-09-23,0.017872,0.030567999999999998,0.038366,0.005
2010-09-24,0.018688,0.031421000000000004,0.039051,0.005
2010-09-27,0.018113,0.030789,0.03843,0.005
2010-09-28,0.017838,0.030343,0.037833,0.005
2010-09-29,0.01761,0.030069,0.037378,0.005
2010-09-30,0.017946,0.030457,0.037788,0.005
2010-10-01,0.018092,0.030683,0.037972,0.005
2010-10-04,0.017661,0.030305,0.037799,0.005
2010-10-05,0.01803,0.030654,0.038256,0.005
2010-10-06,0.017454,0.030048,0.037901,0.005
2010-10-07,0.017734,0.030349,0.038181,0.005
2010-10-08,0.017195000000000002,0.029752,0.037673,0.005
2010-10-11,0.017337,0.029946,0.038062,0.005
2010-10-12,0.016993,0.029608,0.037931,0.005
2010-10-13,0.017251000000000002,0.029906000000000002,0.038246,0.005
2010-10-14,0.017229,0.029918999999999998,0.038254,0.005
2010-10-15,0.017697,0.030538,0.039009,0.005
2010-10-18,0.017718,0.03074,0.039163,0.005
2010-10-19,0.017803,0.031113,0.039638,0.005
2010-10-20,0.017304,0.030932,0.039535,0.005
2010-10-21,0.016776,0.030416,0.039030999999999996,0.005
2010-10-22,0.017079,0.030567999999999998,0.039277,0.005
2010-10-25,0.017004,0.030318,0.038959,0.005
2010-10-26,0.018452,0.0316,0.039813,0.005
2010-10-27,0.019157,0.032565,0.040738,0.005
2010-10-28,0.019178,0.032531,0.040766,0.005
2010-10-29,0.018536999999999998,0.031897,0.040198,0.005
2010-11-01,0.018352999999999998,0.031578,0.039904999999999996,0.005
2010-11-02,0.018287,0.031461,0.039892,0.005
2010-11-03,0.01803,0.031142,0.039555,0.005
2010-11-04,0.01756,0.03071,0.039434,0.005
2010-11-05,0.017731,0.03093,0.039667,0.005
2010-11-08,0.018036,0.031156000000000003,0.039904,0.005
2010-11-09,0.018335999999999998,0.031474,0.040213,0.005
2010-11-10,0.019597,0.032636,0.040991,0.005
2010-11-11,0.019681999999999998,0.032579,0.041021,0.005
2010-11-12,0.020268,0.033029,0.041316,0.005
2010-11-15,0.020905999999999998,0.033741,0.041968,0.005
2010-11-16,0.021106,0.034079,0.042207999999999996,0.005
2010-11-17,0.020839,0.03379,0.041798,0.005
2010-11-18,0.021863,0.034935,0.042549000000000003,0.005
2010-11-19,0.02181,0.034966,0.04257,0.005
2010-11-22,0.021254,0.034429,0.041987,0.005
2010-11-23,0.020499,0.033798,0.041384,0.005
2010-11-24,0.021082,0.034515,0.041978999999999995,0.005
2010-11-25,0.021385,0.034782,0.042039999999999994,0.005
2010-11-26,0.02128,0.034603,0.041845999999999994,0.005
2010-11-29,0.021097,0.034571,0.041944999999999996,0.005
2010-11-30,0.020015,0.033511,0.041113,0.005
2010-12-01,0.021174,0.034766,0.042083,0.005
2010-12-02,0.021604,0.035245,0.042489,0.005
2010-12-03,0.02168,0.035334,0.042539,0.005
2010-12-06,0.021475,0.035166,0.042463,0.005
2010-12-07,0.021997,0.035799,0.043047,0.005
2010-12-08,0.023010000000000003,0.036547,0.04356,0.005
2010-12-09,0.022704,0.036104,0.04287,0.005
2010-12-10,0.022979,0.036222,0.042817,0.005
2010-12-13,0.02358,0.036650999999999996,0.043297999999999996,0.005
2010-12-14,0.024199000000000002,0.037136,0.043714,0.005
2010-12-15,0.02434,0.037193000000000004,0.043576,0.005
2010-12-16,0.024613,0.037351999999999996,0.043494000000000005,0.005
2010-12-17,0.024029,0.036671,0.042878999999999994,0.005
2010-12-20,0.023417,0.035842,0.041884,0.005
2010-12-21,0.023762,0.036098,0.042024,0.005
2010-12-22,0.023969,0.036142,0.041988000000000004,0.005
2010-12-23,0.023906999999999998,0.035973000000000005,0.041923,0.005
2010-12-24,0.024093,0.036091000000000005,0.042,0.005
2010-12-29,0.024527,0.036728000000000004,0.042497,0.005
2010-12-30,0.023607999999999997,0.035854,0.041719,0.005
2010-12-31,0.022894,0.035154,0.041056,0.005
2011-01-04,0.023548,0.035678999999999995,0.041796,0.005
2011-01-05,0.024243,0.036684999999999995,0.042648,0.005
2011-01-06,0.024219,0.036517,0.042367,0.005
2011-01-07,0.024169999999999997,0.036371,0.042285,0.005
2011-01-10,0.024365,0.036242,0.042462,0.005
2011-01-11,0.025047,0.036844,0.04287,0.005
2011-01-12,0.025735,0.037496,0.043476,0.005
2011-01-13,0.025198,0.037231,0.043188000000000004,0.005
2011-01-14,0.025345,0.037176,0.043101,0.005
2011-01-17,0.025355,0.037254,0.04327,0.005
2011-01-18,0.025754000000000003,0.037656999999999996,0.043641,0.005
2011-01-19,0.025125,0.037494,0.043497,0.005
2011-01-20,0.025678999999999997,0.038008,0.043864,0.005
2011-01-21,0.025678999999999997,0.038006000000000005,0.04381,0.005
2011-01-24,0.025405999999999998,0.037816999999999996,0.043741,0.005
2011-01-25,0.024557000000000002,0.037473,0.04348,0.005
2011-01-26,0.025332,0.038005,0.043773,0.005
2011-01-27,0.025598999999999997,0.038072,0.04375,0.005
2011-01-28,0.0255,0.037823999999999997,0.043513,0.005
2011-01-31,0.025507,0.037599,0.043548,0.005
2011-02-01,0.026466,0.03828,0.043814,0.005
2011-02-02,0.027103000000000002,0.038538,0.044105,0.005
2011-02-03,0.026974,0.038632,0.044143999999999996,0.005
2011-02-04,0.027698,0.039148999999999996,0.044466,0.005
2011-02-07,0.028037,0.03923,0.044394,0.005
2011-02-08,0.027932000000000002,0.039347,0.044484,0.005
2011-02-09,0.028401,0.039828,0.044972000000000005,0.005
2011-02-10,0.028367,0.039782000000000005,0.044808,0.005
2011-02-11,0.028123,0.039444,0.044445,0.005
2011-02-14,0.027945,0.039321,0.044217000000000006,0.005
2011-02-15,0.028237,0.039507,0.044416000000000004,0.005
2011-02-16,0.027831,0.039245999999999996,0.044440999999999994,0.005
2011-02-17,0.027266,0.038704999999999996,0.044065,0.005
2011-02-18,0.027902,0.039125,0.044278000000000005,0.005
2011-02-21,0.027256999999999997,0.038397,0.04362,0.005
2011-02-22,0.026939,0.037907,0.043205,0.005
2011-02-23,0.027062,0.037823999999999997,0.043143,0.005
2011-02-24,0.026815000000000002,0.03804,0.043327,0.005
2011-02-25,0.026389,0.037919,0.043397,0.005
2011-02-28,0.026303999999999998,0.037765,0.043257000000000004,0.005
2011-03-01,0.026466,0.038033000000000004,0.043406,0.005
2011-03-02,0.026448999999999997,0.038208,0.043614,0.005
2011-03-03,0.027193000000000002,0.038826,0.043998999999999996,0.005
2011-03-04,0.026525,0.038078,0.043461,0.005
2011-03-07,0.02645,0.038165,0.043472,0.005
2011-03-08,0.026746,0.038554,0.043838,0.005
2011-03-09,0.026692,0.038426999999999996,0.043788,0.005
2011-03-10,0.0259,0.037632,0.04313500000000001,0.005
2011-03-11,0.025377,0.037307,0.042972,0.005
2011-03-14,0.02475,0.036789,0.042632,0.005
2011-03-15,0.024387,0.036495,0.042467,0.005
2011-03-16,0.02391,0.035885,0.041811,0.005
2011-03-17,0.024852,0.036692999999999996,0.042450999999999996,0.005
2011-03-18,0.024293,0.036267,0.042128,0.005
2011-03-21,0.024651,0.036506,0.042361,0.005
2011-03-22,0.025418,0.037094,0.042881999999999997,0.005
2011-03-23,0.025116,0.036578,0.042474,0.005
2011-03-24,0.025242,0.036968,0.042742,0.005
2011-03-25,0.025453999999999997,0.037099,0.042797,0.005
2011-03-28,0.025661999999999997,0.03728,0.042857000000000006,0.005
2011-03-29,0.025782,0.037355,0.0429,0.005
2011-03-30,0.026241,0.037751,0.043151999999999996,0.005
2011-03-31,0.026389999999999997,0.037882,0.043193,0.005
2011-04-01,0.026892999999999997,0.038249,0.043299000000000004,0.005
2011-04-04,0.026767,0.038136,0.043215,0.005
2011-04-05,0.02742,0.038561,0.043536,0.005
2011-04-06,0.027195,0.038538,0.043655,0.005
2011-04-07,0.027052999999999997,0.038483,0.043560999999999996,0.005
2011-04-08,0.027608,0.039085999999999996,0.044046,0.005
2011-04-11,0.027631000000000003,0.039202,0.044261,0.005
2011-04-12,0.026196,0.038007,0.043422,0.005
2011-04-13,0.026328999999999998,0.038109000000000004,0.04341300000000001,0.005
2011-04-14,0.026107,0.037921,0.043191,0.005
2011-04-15,0.025389,0.037064,0.042455,0.005
2011-04-18,0.024682,0.036628,0.042169,0.005
2011-04-19,0.024786000000000002,0.036753,0.042401,0.005
2011-04-20,0.02496,0.036912,0.042495000000000005,0.005
2011-04-21,0.024668000000000002,0.036553,0.042129,0.005
2011-04-26,0.024235000000000003,0.03609,0.04171299999999999,0.005
2011-04-27,0.025171000000000002,0.036814,0.042283,0.005
2011-04-28,0.024361999999999998,0.03603,0.041552,0.005
2011-05-03,0.023402,0.035399,0.04113000000000001,0.005
2011-05-04,0.022979,0.035097,0.04115,0.005
2011-05-05,0.023025000000000004,0.035178,0.041469,0.005
2011-05-06,0.023001999999999998,0.035238,0.041631999999999995,0.005
2011-05-09,0.022686,0.03497,0.041393000000000006,0.005
2011-05-10,0.022980999999999998,0.035136,0.041439000000000004,0.005
2011-05-11,0.023756,0.035733,0.041801000000000005,0.005
2011-05-12,0.023018999999999998,0.035123,0.041467000000000004,0.005
2011-05-13,0.022941,0.035155,0.04152,0.005
2011-05-16,0.022991,0.03528,0.041643,0.005
2011-05-17,0.022868,0.035098,0.041504000000000006,0.005
2011-05-18,0.023041999999999997,0.035175,0.041683000000000005,0.005
2011-05-19,0.023224,0.035364,0.041733,0.005
2011-05-20,0.022843,0.034985,0.041413000000000005,0.005
2011-05-23,0.022304,0.034629,0.041142000000000005,0.005
2011-05-24,0.022604000000000003,0.034998,0.041315,0.005
2011-05-25,0.022351,0.034777999999999996,0.041101,0.005
2011-05-26,0.022261000000000003,0.034626000000000004,0.04099,0.005
2011-05-27,0.022185,0.034515,0.040942,0.005
2011-05-31,0.022315,0.034583,0.04095,0.005
2011-06-01,0.021713,0.034141,0.040616000000000006,0.005
2011-06-02,0.021463999999999997,0.034144,0.040792999999999996,0.005
2011-06-03,0.021709,0.034367,0.040991,0.005
2011-06-06,0.021621,0.034319999999999996,0.041073000000000005,0.005
2011-06-07,0.021994,0.034907,0.041705,0.005
2011-06-08,0.021516,0.034516,0.041297,0.005
2011-06-09,0.021283,0.034371,0.04137,0.005
2011-06-10,0.020718999999999998,0.033892000000000005,0.040999999999999995,0.005
2011-06-13,0.021084000000000002,0.034165,0.041234,0.005
2011-06-14,0.02139,0.034568,0.041486999999999996,0.005
2011-06-15,0.02089,0.034239,0.041346,0.005
2011-06-16,0.020168,0.033573,0.040810000000000006,0.005
2011-06-17,0.020424,0.03376,0.041013,0.005
2011-06-20,0.020502,0.033851,0.041183,0.005
2011-06-21,0.020706000000000002,0.034055,0.041420000000000005,0.005
2011-06-22,0.020177999999999998,0.033745,0.041336000000000005,0.005
2011-06-23,0.019592000000000002,0.033279,0.041056,0.005
2011-06-24,0.019502,0.033178,0.040868,0.005
2011-06-27,0.019791,0.033391000000000004,0.040961,0.005
2011-06-28,0.020638999999999998,0.034297,0.041829,0.005
2011-06-29,0.021305,0.034986,0.042263999999999996,0.005
2011-06-30,0.021775000000000003,0.035433,0.042434,0.005
2011-07-01,0.021999,0.035536,0.04249,0.005
2011-07-04,0.021748,0.035279,0.042351,0.005
2011-07-05,0.021356,0.034935,0.042199,0.005
2011-07-06,0.020459,0.034159999999999996,0.041759000000000004,0.005
2011-07-07,0.020964,0.034728,0.042142,0.005
2011-07-08,0.02,0.033706,0.041407,0.005
2011-07-11,0.018975,0.032691,0.040812,0.005
2011-07-12,0.018975,0.032736,0.040733,0.005
2011-07-13,0.019527000000000003,0.033101,0.041102999999999994,0.005
2011-07-14,0.019427,0.03298,0.040965,0.005
2011-07-15,0.019204000000000002,0.032727,0.040713,0.005
2011-07-18,0.018867000000000002,0.032291,0.040409,0.005
2011-07-19,0.019145000000000002,0.032513,0.040554,0.005
2011-07-20,0.019368,0.032742,0.040644,0.005
2011-07-21,0.020264,0.033663,0.041259,0.005
2011-07-22,0.019584999999999998,0.032946,0.040676,0.005
2011-07-25,0.018931,0.03225,0.040131,0.005
2011-07-26,0.019221,0.032582,0.040492999999999994,0.005
2011-07-27,0.018497,0.031834,0.040088,0.005
2011-07-28,0.018218,0.031709,0.040162,0.005
2011-07-29,0.017281,0.030773000000000002,0.039374,0.005
2011-08-01,0.016841,0.030348,0.039145,0.005
2011-08-02,0.016451,0.029965000000000002,0.038958,0.005
2011-08-03,0.016298,0.029646,0.038377,0.005
2011-08-04,0.015857,0.029064999999999997,0.037827,0.005
2011-08-05,0.015941,0.029301,0.037826,0.005
2011-08-08,0.015368,0.028845999999999997,0.037713,0.005
2011-08-09,0.015907,0.029426,0.038518,0.005
2011-08-10,0.013843000000000001,0.027378,0.036831,0.005
2011-08-11,0.014061999999999998,0.027408000000000002,0.037058,0.005
2011-08-12,0.014545999999999998,0.027770000000000003,0.037554,0.005
2011-08-15,0.01473,0.027787000000000003,0.037566999999999996,0.005
2011-08-16,0.015013,0.027969,0.037982999999999996,0.005
2011-08-17,0.014107000000000001,0.026890999999999998,0.036809,0.005
2011-08-18,0.013105,0.0254,0.035289,0.005
2011-08-19,0.013843000000000001,0.026172,0.035774,0.005
2011-08-22,0.013931,0.026212,0.035687,0.005
2011-08-23,0.013961,0.026184,0.03582,0.005
2011-08-24,0.014837,0.027127,0.036387,0.005
2011-08-25,0.01473,0.027013,0.036074999999999996,0.005
2011-08-26,0.015077,0.027081,0.036042,0.005
2011-08-30,0.014922,0.027131,0.03625,0.005
2011-08-31,0.015792,0.028216,0.037409,0.005
2011-09-01,0.015035,0.027462,0.036605,0.005
2011-09-02,0.014369,0.026568,0.035962999999999995,0.005
2011-09-05,0.013153,0.025109,0.034676,0.005
2011-09-06,0.013362,0.025036,0.034853,0.005
2011-09-07,0.013677,0.025602,0.035295,0.005
2011-09-08,0.013839999999999998,0.025865,0.035182000000000005,0.005
2011-09-09,0.013012,0.024852,0.034243,0.005
2011-09-12,0.012377,0.024078,0.033624,0.005
2011-09-13,0.012587999999999998,0.024148,0.033675000000000004,0.005
2011-09-14,0.012957000000000002,0.024432,0.03387,0.005
2011-09-15,0.013621000000000001,0.025484,0.034666,0.005
2011-09-16,0.013381,0.025166,0.034259,0.005
2011-09-19,0.012857,0.024276,0.033485,0.005
2011-09-20,0.012943,0.02435,0.033521999999999996,0.005
2011-09-21,0.013082,0.024565999999999998,0.033959,0.005
2011-09-22,0.012926,0.023784999999999997,0.032958,0.005
2011-09-23,0.013263,0.024088,0.032909,0.005
2011-09-26,0.013852999999999999,0.02461,0.03336,0.005
2011-09-27,0.014719,0.02579,0.034307,0.005
2011-09-28,0.01447,0.025446,0.033898000000000005,0.005
2011-09-29,0.014601,0.025616,0.034059,0.005
2011-09-30,0.013845000000000001,0.024559,0.033141,0.005
2011-10-03,0.013284,0.023788999999999998,0.032016,0.005
2011-10-04,0.012903,0.022913000000000003,0.031045,0.005
2011-10-05,0.013628,0.023893,0.031785,0.005
2011-10-06,0.013954,0.024286,0.031881,0.005
2011-10-07,0.014410000000000001,0.02491,0.032158,0.005
2011-10-10,0.015009999999999999,0.025707,0.032823000000000005,0.005
2011-10-11,0.015173,0.025856,0.033096,0.005
2011-10-12,0.015788,0.026654,0.033878,0.005
2011-10-13,0.014877,0.02579,0.032883,0.005
2011-10-14,0.015395,0.026383999999999998,0.033388,0.005
2011-10-17,0.014924999999999999,0.025669,0.032797,0.005
2011-10-18,0.014360999999999999,0.024842,0.031979,0.005
2011-10-19,0.014658,0.025163,0.032184,0.005
2011-10-20,0.014603,0.025139,0.032117,0.005
2011-10-21,0.015021,0.025774,0.032834,0.005
2011-10-24,0.015097000000000001,0.025921,0.033132999999999996,0.005
2011-10-25,0.014661,0.025451,0.032452999999999996,0.005
2011-10-26,0.014114999999999999,0.024845000000000002,0.031937,0.005
2011-10-27,0.015117,0.026486,0.033509000000000004,0.005
2011-10-28,0.015132000000000001,0.026720999999999998,0.033918,0.005
2011-10-31,0.013508,0.024895999999999998,0.032378,0.005
2011-11-01,0.012164,0.022671999999999998,0.030657,0.005
2011-11-02,0.012754000000000001,0.023354,0.031107,0.005
2011-11-03,0.013166,0.02418,0.031851,0.005
2011-11-04,0.012882,0.02375,0.031497000000000004,0.005
2011-11-07,0.012532000000000001,0.023416000000000003,0.03133,0.005
2011-11-08,0.012339,0.023157,0.030867,0.005
2011-11-09,0.011912,0.022348,0.030181,0.005
2011-11-10,0.012039,0.022528000000000003,0.030213999999999998,0.005
2011-11-11,0.012761,0.023493,0.031031,0.005
2011-11-14,0.011869000000000001,0.022570999999999997,0.030309,0.005
2011-11-15,0.011493,0.021943999999999998,0.029653,0.005
2011-11-16,0.011738,0.022181000000000003,0.029702000000000003,0.005
2011-11-17,0.012480999999999999,0.022823000000000003,0.030019999999999998,0.005
2011-11-18,0.012528,0.023183,0.030482,0.005
2011-11-21,0.012076,0.022713999999999998,0.030245,0.005
2011-11-22,0.011861,0.022441,0.029798,0.005
2011-11-23,0.011814999999999999,0.022181000000000003,0.02934,0.005
2011-11-24,0.011979,0.022336,0.029295,0.005
2011-11-25,0.01274,0.023570999999999998,0.030266,0.005
2011-11-28,0.012,0.023075000000000002,0.029710999999999998,0.005
2011-11-29,0.011958,0.022789,0.029276,0.005
2011-11-30,0.012675,0.023467,0.030057,0.005
2011-12-01,0.011758,0.0232,0.030438999999999997,0.005
2011-12-02,0.011776,0.023483,0.031155,0.005
2011-12-05,0.011841999999999998,0.023867,0.031627,0.005
2011-12-06,0.010823000000000001,0.022671,0.030324,0.005
2011-12-07,0.010724000000000001,0.022707,0.030718000000000002,0.005
2011-12-08,0.009888000000000001,0.021739,0.030283,0.005
2011-12-09,0.010481,0.022146,0.030636999999999998,0.005
2011-12-12,0.010025,0.021553,0.029907,0.005
2011-12-13,0.010241,0.021792,0.030239,0.005
2011-12-14,0.010158,0.021559,0.029925999999999998,0.005
2011-12-15,0.010588,0.021825,0.029982,0.005
2011-12-16,0.009958,0.021188,0.029207,0.005
2011-12-19,0.010315000000000001,0.021454,0.029136000000000002,0.005
2011-12-20,0.010754,0.021673,0.029223,0.005
2011-12-21,0.010383,0.02117,0.029026999999999997,0.005
2011-12-22,0.010329,0.021229,0.029110999999999998,0.005
2011-12-23,0.010363,0.021245,0.02913,0.005
2011-12-28,0.010215,0.021011000000000002,0.028957999999999998,0.005
2011-12-29,0.009646,0.020446,0.028397000000000002,0.005
2011-12-30,0.009846,0.020604,0.028633000000000002,0.005
2012-01-03,0.010301,0.021054,0.029011999999999996,0.005
2012-01-04,0.010542000000000001,0.021176,0.029091,0.005
2012-01-05,0.010587,0.021211,0.029068,0.005
2012-01-06,0.010275000000000001,0.020935000000000002,0.028878,0.005
2012-01-09,0.009923999999999999,0.020632,0.028721,0.005
2012-01-10,0.010490999999999999,0.021248999999999997,0.029277,0.005
2012-01-11,0.009995,0.02069,0.028818,0.005
2012-01-12,0.009955,0.020848,0.028978,0.005
2012-01-13,0.009581,0.020385,0.028445,0.005
2012-01-16,0.009613,0.020389,0.028324,0.005
2012-01-17,0.009751,0.020315,0.028283999999999997,0.005
2012-01-18,0.009865,0.020241,0.028199000000000002,0.005
2012-01-19,0.01014,0.021209,0.028995000000000003,0.005
2012-01-20,0.010471999999999999,0.021711,0.029581,0.005
2012-01-23,0.011139,0.022357000000000002,0.030139,0.005
2012-01-24,0.011287,0.022441,0.030097,0.005
2012-01-25,0.011026000000000001,0.022233999999999997,0.02993,0.005
2012-01-26,0.010369,0.021629999999999996,0.029543,0.005
2012-01-27,0.0101,0.02136,0.02949,0.005
2012-01-30,0.009636,0.020676999999999997,0.028901,0.005
2012-01-31,0.009463000000000001,0.02043,0.028494000000000002,0.005
2012-02-01,0.010033,0.021119,0.0291,0.005
2012-02-02,0.010374000000000001,0.0217,0.029834999999999997,0.005
2012-02-03,0.011001,0.022517,0.030621,0.005
2012-02-06,0.011023,0.022400000000000003,0.030524,0.005
2012-02-07,0.011451,0.022936,0.030945,0.005
2012-02-08,0.011104000000000001,0.02274,0.030863,0.005
2012-02-09,0.011033999999999999,0.023183,0.032008999999999996,0.005
2012-02-10,0.010011,0.022194,0.03136,0.005
2012-02-13,0.009962,0.022147999999999998,0.031248,0.005
2012-02-14,0.009735,0.021807,0.030796999999999998,0.005
2012-02-15,0.009672,0.021648,0.030629,0.005
2012-02-16,0.010025,0.022107,0.031189,0.005
2012-02-17,0.010582000000000001,0.022745,0.031728,0.005
2012-02-20,0.010971,0.02322,0.032174999999999995,0.005
2012-02-21,0.010827999999999999,0.022989000000000002,0.031907,0.005
2012-02-22,0.010238,0.022267000000000002,0.031280999999999996,0.005
2012-02-23,0.009921,0.021913000000000002,0.030923,0.005
2012-02-24,0.009716,0.02166,0.030579000000000002,0.005
2012-02-27,0.009629,0.021416,0.030249,0.005
2012-02-28,0.009683,0.021351,0.030128,0.005
2012-02-29,0.010081,0.021951000000000002,0.030602999999999998,0.005
2012-03-01,0.010846,0.02276,0.03132,0.005
2012-03-02,0.010037,0.02199,0.030583999999999997,0.005
2012-03-05,0.010469,0.022312,0.030794000000000002,0.005
2012-03-06,0.010329999999999999,0.021920000000000002,0.030562999999999996,0.005
2012-03-07,0.010466,0.022073,0.030602999999999998,0.005
2012-03-08,0.010443000000000001,0.022136999999999997,0.030554,0.005
2012-03-09,0.010483,0.022233999999999997,0.030686,0.005
2012-03-12,0.010152000000000001,0.021655,0.030184000000000002,0.005
2012-03-13,0.010727,0.022397,0.030830000000000003,0.005
2012-03-14,0.011952,0.023999000000000003,0.032466,0.005
2012-03-15,0.012007,0.0245,0.032814,0.005
2012-03-16,0.01256,0.025236,0.033396,0.005
2012-03-19,0.012334000000000001,0.024946000000000003,0.033158,0.005
2012-03-20,0.01238,0.025029,0.033232,0.005
2012-03-21,0.012060999999999999,0.024468999999999998,0.032652,0.005
2012-03-22,0.011763999999999998,0.023999000000000003,0.032429,0.005
2012-03-23,0.011507,0.023618999999999998,0.032172,0.005
2012-03-26,0.011803999999999999,0.02402,0.032572000000000004,0.005
2012-03-27,0.011195,0.023315000000000002,0.032034,0.005
2012-03-28,0.010962000000000001,0.022898,0.031817000000000005,0.005
2012-03-29,0.010706,0.022757,0.031696,0.005
2012-03-30,0.010572,0.022792,0.03182,0.005
2012-04-02,0.010707,0.023001999999999998,0.032,0.005
2012-04-03,0.010495,0.022623,0.03161,0.005
2012-04-04,0.010934999999999999,0.023018,0.031938,0.005
2012-04-05,0.010602,0.022548,0.031505,0.005
2012-04-10,0.009448999999999999,0.020998000000000003,0.030067,0.005
2012-04-11,0.009807,0.021414,0.030510000000000002,0.005
2012-04-12,0.009958,0.02181,0.030902,0.005
2012-04-13,0.009536,0.021236,0.030539,0.005
2012-04-16,0.009571,0.021269,0.030642999999999997,0.005
2012-04-17,0.010126999999999999,0.021883,0.031183000000000002,0.005
2012-04-18,0.010696,0.022224,0.031368,0.005
2012-04-19,0.010974,0.022505,0.031604,0.005
2012-04-20,0.011305,0.022660999999999997,0.031647,0.005
2012-04-23,0.010837000000000001,0.022170000000000002,0.031415,0.005
2012-04-24,0.010735,0.022113,0.031485,0.005
2012-04-25,0.010757000000000001,0.022324,0.031417,0.005
2012-04-26,0.010348,0.022019999999999998,0.031141000000000002,0.005
2012-04-27,0.010648,0.022248,0.03142,0.005
2012-04-30,0.010883,0.022153999999999997,0.031524,0.005
2012-05-01,0.010701,0.0217,0.031049000000000004,0.005
2012-05-02,0.010217,0.021175000000000003,0.030430000000000002,0.005
2012-05-03,0.010221000000000001,0.021115,0.030503999999999996,0.005
2012-05-04,0.009957,0.020748000000000003,0.030267,0.005
2012-05-08,0.009547,0.019945,0.029708000000000002,0.005
2012-05-09,0.009495,0.019724,0.029553,0.005
2012-05-10,0.010133000000000001,0.020472999999999998,0.03015,0.005
2012-05-11,0.009815,0.020338,0.030004,0.005
2012-05-14,0.009225,0.019530000000000002,0.029277,0.005
2012-05-15,0.009215,0.019615,0.029439000000000003,0.005
2012-05-16,0.008986,0.019461,0.029158,0.005
2012-05-17,0.00873,0.019255,0.028932000000000003,0.005
2012-05-18,0.008405000000000001,0.019044000000000002,0.028447,0.005
2012-05-21,0.008456,0.019189,0.028641,0.005
2012-05-22,0.0087,0.019491,0.028976000000000002,0.005
2012-05-23,0.007921000000000001,0.018554,0.028329,0.005
2012-05-24,0.007847,0.018579000000000002,0.028172000000000003,0.005
2012-05-25,0.007648,0.018408,0.028051,0.005
2012-05-28,0.007645,0.018394999999999998,0.028163999999999998,0.005
2012-05-29,0.00804,0.018606,0.028394,0.005
2012-05-30,0.007078999999999999,0.017295,0.027378999999999997,0.005
2012-05-31,0.006595,0.016511,0.026577000000000003,0.005
2012-06-01,0.006589,0.016064000000000002,0.025766,0.005
2012-06-06,0.007545,0.017224,0.026836000000000002,0.005
2012-06-07,0.008215,0.017907,0.027757999999999998,0.005
2012-06-08,0.0076,0.017082,0.026957,0.005
2012-06-11,0.007664,0.017191,0.027063999999999998,0.005
2012-06-12,0.008246,0.017797,0.027446,0.005
2012-06-13,0.008616,0.018464,0.02789,0.005
2012-06-14,0.008421999999999999,0.018215,0.028207,0.005
2012-06-15,0.0077410000000000005,0.017764,0.027359,0.005
2012-06-18,0.007579,0.017626,0.027383,0.005
2012-06-19,0.007858,0.018207,0.027785,0.005
2012-06-20,0.00815,0.018394,0.02775,0.005
2012-06-21,0.007692,0.01774,0.027083,0.005
2012-06-22,0.008161,0.018054,0.027069,0.005
2012-06-25,0.0077410000000000005,0.017613,0.026768,0.005
2012-06-26,0.007775,0.017727,0.027057,0.005
2012-06-27,0.007794,0.017701,0.027114,0.005
2012-06-28,0.007434,0.017273,0.026785999999999997,0.005
2012-06-29,0.008134,0.018224,0.027671,0.005
2012-07-02,0.007841,0.017825999999999998,0.027302,0.005
2012-07-03,0.008436,0.018376,0.027938,0.005
2012-07-04,0.008255,0.018142000000000002,0.027623,0.005
2012-07-05,0.007422,0.017586,0.027402000000000003,0.005
2012-07-06,0.0069,0.017065999999999998,0.02704,0.005
2012-07-09,0.006804,0.016826,0.026824,0.005
2012-07-10,0.006879,0.016849,0.026848999999999998,0.005
2012-07-11,0.006658,0.01659,0.026656,0.005
2012-07-12,0.0064990000000000004,0.0163,0.026241,0.005
2012-07-13,0.0066110000000000006,0.016501,0.02626,0.005
2012-07-16,0.006273,0.016059,0.025832,0.005
2012-07-17,0.0060929999999999995,0.016017,0.025876,0.005
2012-07-18,0.005671000000000001,0.015763,0.025676,0.005
2012-07-19,0.0059499999999999996,0.016218999999999997,0.026121,0.005
2012-07-20,0.00555,0.015842000000000002,0.025966999999999997,0.005
2012-07-23,0.005393,0.015756,0.025998,0.005
2012-07-24,0.005324,0.015687,0.025795,0.005
2012-07-25,0.005186,0.015605,0.025849999999999998,0.005
2012-07-26,0.005544,0.01584,0.025963,0.005
2012-07-27,0.006083,0.016420999999999998,0.026413000000000002,0.005
2012-07-30,0.006131,0.016481,0.026492,0.005
2012-07-31,0.005523,0.01575,0.025848,0.005
2012-08-01,0.005802000000000001,0.016183,0.026189,0.005
2012-08-02,0.00522,0.015510999999999999,0.025733000000000002,0.005
2012-08-03,0.006159,0.016513,0.026441,0.005
2012-08-06,0.005778999999999999,0.016039,0.025865999999999997,0.005
2012-08-07,0.0064280000000000006,0.016846,0.026573000000000003,0.005
2012-08-08,0.006441,0.016732,0.026394,0.005
2012-08-09,0.006750000000000001,0.017119,0.026607,0.005
2012-08-10,0.006109,0.016408,0.026004,0.005
2012-08-13,0.006259,0.016642,0.026344,0.005
2012-08-14,0.006579000000000001,0.016994,0.026621000000000002,0.005
2012-08-15,0.007236,0.017753,0.027344,0.005
2012-08-16,0.007349,0.0178,0.027346,0.005
2012-08-17,0.007163,0.017648999999999998,0.027121,0.005
2012-08-20,0.0071319999999999995,0.017547999999999998,0.027017000000000003,0.005
2012-08-21,0.007703,0.018050999999999998,0.027642000000000003,0.005
2012-08-22,0.0071660000000000005,0.017296,0.027042999999999998,0.005
2012-08-23,0.0068059999999999996,0.01676,0.026543,0.005
2012-08-24,0.006331,0.016352,0.026150000000000003,0.005
2012-08-28,0.005959,0.016038,0.026002,0.005
2012-08-29,0.006187000000000001,0.016217,0.026101,0.005
2012-08-30,0.0056830000000000006,0.01571,0.025785,0.005
2012-08-31,0.005753,0.016,0.026124,0.005
2012-09-03,0.005803,0.016143,0.02625,0.005
2012-09-04,0.005594,0.015905,0.026092,0.005
2012-09-05,0.005728,0.01602,0.026302,0.005
2012-09-06,0.00626,0.01668,0.026968000000000002,0.005
2012-09-07,0.005998,0.016443,0.02683,0.005
2012-09-10,0.006474,0.016890000000000002,0.027339000000000002,0.005
2012-09-11,0.006523999999999999,0.016875,0.027481,0.005
2012-09-12,0.007508,0.017855,0.028093,0.005
2012-09-13,0.007332999999999999,0.017588,0.027764999999999998,0.005
2012-09-14,0.008614,0.019042,0.028967999999999997,0.005
2012-09-17,0.008386,0.018719,0.028622,0.005
2012-09-18,0.008075,0.018302,0.02831,0.005
2012-09-19,0.00768,0.017797,0.028062999999999998,0.005
2012-09-20,0.0074,0.017367,0.027637000000000002,0.005
2012-09-21,0.007744,0.017865,0.028089,0.005
2012-09-24,0.00753,0.01764,0.027966,0.005
2012-09-25,0.007554999999999999,0.017713,0.0279,0.005
2012-09-26,0.006518,0.016287,0.026831,0.005
2012-09-27,0.006729000000000001,0.01668,0.027235,0.005
2012-09-28,0.006563,0.016637,0.027191,0.005
2012-10-01,0.006853000000000001,0.016986,0.027425,0.005
2012-10-02,0.006608,0.016776,0.027334999999999998,0.005
2012-10-03,0.006307,0.016482,0.027134000000000002,0.005
2012-10-04,0.006387,0.016603,0.027226,0.005
2012-10-05,0.006953,0.017283,0.027895,0.005
2012-10-08,0.006549,0.01687,0.0276,0.005
2012-10-09,0.006592,0.016868,0.027515,0.005
2012-10-10,0.0071460000000000004,0.017315,0.02778,0.005
2012-10-11,0.007221,0.017436,0.027832,0.005
2012-10-12,0.006742000000000001,0.016929,0.027343000000000003,0.005
2012-10-15,0.006956,0.017164,0.027503000000000003,0.005
2012-10-16,0.007619,0.017853,0.028162,0.005
2012-10-17,0.008494,0.018838999999999998,0.028885,0.005
2012-10-18,0.008482,0.018829,0.028757,0.005
2012-10-19,0.008236,0.018648,0.028694,0.005
2012-10-22,0.008409,0.018823,0.028919999999999998,0.005
2012-10-23,0.007799,0.018078,0.028268,0.005
2012-10-24,0.008013,0.01829,0.028377,0.005
2012-10-25,0.008515,0.018971000000000002,0.028776000000000003,0.005
2012-10-26,0.008094,0.018445,0.028267,0.005
2012-10-29,0.007528,0.017756,0.027635999999999997,0.005
2012-10-30,0.007852,0.018031,0.027859,0.005
2012-10-31,0.008094,0.018304,0.028088000000000002,0.005
2012-11-01,0.008256,0.018482000000000002,0.028401999999999997,0.005
2012-11-02,0.008099,0.018382,0.028342999999999997,0.005
2012-11-05,0.007623,0.017988999999999998,0.028062,0.005
2012-11-06,0.00753,0.017926,0.028149999999999998,0.005
2012-11-07,0.0070220000000000005,0.017367,0.027665000000000002,0.005
2012-11-08,0.00715,0.017473000000000002,0.027579,0.005
2012-11-09,0.0070030000000000005,0.017107,0.027336999999999997,0.005
2012-11-12,0.006941,0.017011000000000002,0.027388,0.005
2012-11-13,0.007017,0.016961,0.027297,0.005
2012-11-14,0.007326,0.017384999999999998,0.027769,0.005
2012-11-15,0.00728,0.017272,0.027563,0.005
2012-11-16,0.007317000000000001,0.017162,0.027319,0.005
2012-11-19,0.007798,0.017632000000000002,0.027753,0.005
2012-11-20,0.008334000000000001,0.018312,0.028386,0.005
2012-11-21,0.008428999999999999,0.018363,0.028437999999999998,0.005
2012-11-22,0.008412,0.018219,0.028216,0.005
2012-11-23,0.008449,0.018244,0.028100999999999998,0.005
2012-11-26,0.008491,0.018201000000000002,0.028121999999999998,0.005
2012-11-27,0.008643,0.018293,0.028233,0.005
2012-11-28,0.007885,0.017482,0.027492000000000003,0.005
2012-11-29,0.007941,0.017529,0.027519000000000002,0.005
2012-11-30,0.008082,0.017501,0.027477,0.005
2012-12-03,0.0085,0.018004,0.027851,0.005
2012-12-04,0.008276,0.017901,0.027853,0.005
2012-12-05,0.007863,0.017515,0.028147000000000002,0.005
2012-12-06,0.0074470000000000005,0.017396000000000002,0.027862,0.005
2012-12-07,0.007493,0.017411,0.02796,0.005
2012-12-10,0.007764999999999999,0.017749,0.028188,0.005
2012-12-11,0.008033,0.018045,0.028422999999999997,0.005
2012-12-12,0.008202000000000001,0.018253,0.028368,0.005
2012-12-13,0.008539999999999999,0.018619,0.028578000000000003,0.005
2012-12-14,0.008754,0.018716999999999998,0.028613,0.005
2012-12-17,0.008954,0.018897999999999998,0.028657,0.005
2012-12-18,0.009563,0.019599,0.02911,0.005
2012-12-19,0.009701999999999999,0.019789,0.029314,0.005
2012-12-20,0.009588,0.019574,0.029082,0.005
2012-12-21,0.009126,0.019164,0.028650000000000002,0.005
2012-12-24,0.0092,0.019183,0.028692000000000002,0.005
2012-12-27,0.00842,0.018355999999999997,0.027943,0.005
2012-12-28,0.008575000000000001,0.018322,0.028082,0.005
2012-12-31,0.008638,0.018378000000000002,0.028058999999999997,0.005
2013-01-02,0.009937,0.020017,0.029533999999999998,0.005
2013-01-03,0.010646,0.02085,0.030196,0.005
2013-01-04,0.011177999999999999,0.021425999999999997,0.030593,0.005
2013-01-07,0.010816,0.021075,0.030157,0.005
2013-01-08,0.010196,0.020484,0.029533999999999998,0.005
2013-01-09,0.010143,0.020474000000000003,0.029564,0.005
2013-01-10,0.010594,0.021099,0.030142000000000002,0.005
2013-01-11,0.010570999999999999,0.021070000000000002,0.030208,0.005
2013-01-14,0.010131,0.020553,0.029761000000000003,0.005
2013-01-15,0.009941,0.020430999999999998,0.029733,0.005
2013-01-16,0.00977,0.020286,0.02964,0.005
2013-01-17,0.010121,0.020673,0.030036999999999998,0.005
2013-01-18,0.009955,0.020443,0.029886,0.005
2013-01-21,0.01035,0.020824,0.030192999999999998,0.005
2013-01-22,0.010150999999999999,0.020546000000000002,0.029994999999999997,0.005
2013-01-23,0.009767,0.020274999999999998,0.029704,0.005
2013-01-24,0.009987000000000001,0.020573,0.029971,0.005
2013-01-25,0.010294000000000001,0.020985,0.030303,0.005
2013-01-28,0.010634999999999999,0.021371,0.030654,0.005
2013-01-29,0.010394,0.021137000000000003,0.030459999999999997,0.005
2013-01-30,0.010736,0.021561,0.030749,0.005
2013-01-31,0.010487,0.021341000000000002,0.030503999999999996,0.005
2013-02-01,0.010358000000000001,0.021331000000000003,0.030396,0.005
2013-02-04,0.010280000000000001,0.021358000000000002,0.030390999999999998,0.005
2013-02-05,0.010482,0.021684000000000002,0.030705,0.005
2013-02-06,0.010274,0.021494,0.030574,0.005
2013-02-07,0.010301,0.021564999999999997,0.030704,0.005
2013-02-08,0.010211,0.021474000000000004,0.030854,0.005
2013-02-11,0.010190999999999999,0.021591999999999997,0.030929,0.005
2013-02-12,0.010254000000000001,0.021744,0.031142,0.005
2013-02-13,0.010999000000000002,0.022711000000000002,0.031941000000000004,0.005
2013-02-14,0.010631,0.022658,0.031757,0.005
2013-02-15,0.010740000000000001,0.022668,0.031781000000000004,0.005
2013-02-18,0.010660000000000001,0.022650999999999998,0.031812,0.005
2013-02-19,0.010519,0.022553999999999998,0.031749,0.005
2013-02-20,0.010471,0.022785000000000003,0.032001,0.005
2013-02-21,0.009731,0.021906,0.031236,0.005
2013-02-22,0.009845,0.021873,0.031200000000000002,0.005
2013-02-25,0.009695,0.021872,0.031198,0.005
2013-02-26,0.008815,0.020739,0.030277,0.005
2013-02-27,0.008769,0.020440999999999997,0.030042,0.005
2013-02-28,0.008921,0.020514,0.030001000000000003,0.005
2013-03-01,0.00828,0.019638,0.029167000000000002,0.005
2013-03-04,0.008495,0.01991,0.029461,0.005
2013-03-05,0.008886,0.020516999999999997,0.030077,0.005
2013-03-06,0.008659,0.020367000000000003,0.030024000000000002,0.005
2013-03-07,0.009124,0.020908000000000003,0.030524,0.005
2013-03-08,0.009367,0.02121,0.03081,0.005
2013-03-11,0.008955999999999999,0.020848,0.030472000000000003,0.005
2013-03-12,0.00857,0.020448,0.030297,0.005
2013-03-13,0.008625,0.020443,0.030364,0.005
2013-03-14,0.008634,0.02045,0.03049,0.005
2013-03-15,0.008419,0.020146999999999998,0.030181,0.005
2013-03-18,0.008051,0.019681999999999998,0.029754,0.005
2013-03-19,0.007658000000000001,0.019062,0.029156,0.005
2013-03-20,0.007737000000000001,0.019325000000000002,0.02927,0.005
2013-03-21,0.007809,0.019317,0.029359000000000003,0.005
2013-03-22,0.00779,0.019163,0.029168,0.005
2013-03-25,0.007561,0.018876,0.028908999999999997,0.005
2013-03-26,0.0073409999999999994,0.018555,0.028725999999999998,0.005
2013-03-27,0.007002,0.018087,0.028304999999999997,0.005
2013-03-28,0.007267,0.018401,0.028567999999999996,0.005
2013-04-02,0.007326,0.018466,0.028637000000000003,0.005
2013-04-03,0.007184,0.018275,0.028414000000000002,0.005
2013-04-04,0.007098,0.017916,0.027998,0.005
2013-04-05,0.006545,0.017052,0.026833999999999997,0.005
2013-04-08,0.007069,0.017617,0.027256,0.005
2013-04-09,0.0073360000000000005,0.018033,0.027690000000000003,0.005
2013-04-10,0.0076890000000000005,0.018514,0.028183,0.005
2013-04-11,0.007592,0.018491,0.028336,0.005
2013-04-12,0.007221999999999999,0.01809,0.028034,0.005
2013-04-15,0.007136,0.017928,0.027889,0.005
2013-04-16,0.007314,0.018088,0.027999999999999997,0.005
2013-04-17,0.006998,0.017662999999999998,0.027664,0.005
2013-04-18,0.0069240000000000005,0.017487,0.027493,0.005
2013-04-19,0.007085,0.017464,0.027494,0.005
2013-04-22,0.006908999999999999,0.017306,0.027344,0.005
2013-04-23,0.007281999999999999,0.017728999999999998,0.027738,0.005
2013-04-24,0.007208,0.017698000000000002,0.027736,0.005
2013-04-25,0.00751,0.018018,0.027938,0.005
2013-04-26,0.007234000000000001,0.017647,0.027566,0.005
2013-04-29,0.006999999999999999,0.017343,0.027334,0.005
2013-04-30,0.007128,0.017478,0.027386,0.005
2013-05-01,0.007058999999999999,0.017432,0.027226,0.005
2013-05-02,0.00668,0.016923999999999998,0.026716000000000004,0.005
2013-05-03,0.007704,0.018036,0.027801,0.005
2013-05-07,0.008239,0.018694,0.028338000000000002,0.005
2013-05-08,0.008006,0.018434,0.028140000000000002,0.005
2013-05-09,0.008138,0.018626,0.02848,0.005
2013-05-10,0.008969,0.019629,0.029301,0.005
2013-05-13,0.008853,0.019583,0.029202,0.005
2013-05-14,0.008988000000000001,0.01977,0.029324,0.005
2013-05-15,0.009271,0.020066999999999998,0.029609,0.005
2013-05-16,0.008748,0.019535,0.029188000000000002,0.005
2013-05-17,0.008901,0.019696,0.029449999999999997,0.005
2013-05-20,0.009133,0.019953000000000002,0.029706999999999997,0.005
2013-05-21,0.009248,0.020146,0.029851000000000003,0.005
2013-05-22,0.008911,0.019802,0.029574,0.005
2013-05-23,0.009103,0.019972,0.029582999999999998,0.005
2013-05-24,0.00904,0.019790000000000002,0.029304,0.005
2013-05-28,0.009562000000000001,0.020381999999999997,0.029821,0.005
2013-05-29,0.009937,0.02083,0.030202,0.005
2013-05-30,0.009651999999999999,0.020465,0.02989,0.005
2013-05-31,0.010024,0.020943999999999997,0.03032,0.005
2013-06-03,0.009927,0.020915,0.030339,0.005
2013-06-04,0.010327999999999999,0.021347,0.030695,0.005
2013-06-05,0.010083,0.021105,0.030497999999999997,0.005
2013-06-06,0.010297,0.021280999999999998,0.030510000000000002,0.005
2013-06-07,0.010735,0.021663,0.030704,0.005
2013-06-10,0.011293,0.022274,0.031223,0.005
2013-06-11,0.012124999999999999,0.022712,0.031197,0.005
2013-06-12,0.011751000000000001,0.022511999999999997,0.031069,0.005
2013-06-13,0.011445,0.022209,0.031006,0.005
2013-06-14,0.010918,0.021676,0.030684999999999997,0.005
2013-06-17,0.011031,0.021856,0.030943000000000002,0.005
2013-06-18,0.01157,0.022364000000000002,0.031219,0.005
2013-06-19,0.011516,0.022256,0.031021999999999997,0.005
2013-06-20,0.013491999999999999,0.02396,0.031985,0.005
2013-06-21,0.014039,0.024929,0.032773,0.005
2013-06-24,0.015728,0.026383999999999998,0.033541,0.005
2013-06-25,0.015014000000000001,0.026049000000000003,0.033428,0.005
2013-06-26,0.013929,0.025363000000000004,0.033014,0.005
2013-06-27,0.013779,0.025051999999999998,0.032820999999999996,0.005
2013-06-28,0.01367,0.025351,0.033001,0.005
2013-07-01,0.013566,0.025161,0.032709,0.005
2013-07-02,0.013287,0.024864,0.032593000000000004,0.005
2013-07-03,0.013534999999999998,0.024961,0.032672,0.005
2013-07-04,0.013212,0.024911,0.032782,0.005
2013-07-05,0.013959,0.025844999999999996,0.033448000000000006,0.005
2013-07-08,0.013755999999999999,0.025834000000000003,0.033562,0.005
2013-07-09,0.013102,0.025373999999999997,0.033261,0.005
2013-07-10,0.013075000000000002,0.025131,0.033003,0.005
2013-07-11,0.012845,0.024873,0.032717,0.005
2013-07-12,0.012362999999999999,0.024322,0.032232,0.005
2013-07-15,0.012556000000000001,0.024524,0.032431,0.005
2013-07-16,0.011810000000000001,0.023914,0.032087,0.005
2013-07-17,0.011774,0.024134000000000003,0.032311,0.005
2013-07-18,0.011393,0.023837,0.032199,0.005
2013-07-19,0.011861,0.024145,0.032452999999999996,0.005
2013-07-22,0.011742999999999998,0.023923999999999997,0.032206,0.005
2013-07-23,0.012161,0.024295,0.032607,0.005
2013-07-24,0.012842,0.025091000000000002,0.033174999999999996,0.005
2013-07-25,0.012744,0.02506,0.033066,0.005
2013-07-26,0.012073,0.024526,0.032789,0.005
2013-07-29,0.012109000000000002,0.024499,0.03274,0.005
2013-07-30,0.011997,0.024363000000000003,0.032652,0.005
2013-07-31,0.012193,0.024734,0.032848,0.005
2013-08-01,0.012572000000000002,0.025169999999999998,0.033082,0.005
2013-08-02,0.012942,0.025449000000000003,0.033211,0.005
2013-08-05,0.013416999999999998,0.025853,0.033439,0.005
2013-08-06,0.013614999999999999,0.026015999999999997,0.03349,0.005
2013-08-07,0.013683,0.025924999999999997,0.033436,0.005
2013-08-08,0.013607000000000001,0.026078,0.033552,0.005
2013-08-09,0.013508,0.025983999999999997,0.033547,0.005
2013-08-12,0.013581000000000001,0.025959,0.033475000000000005,0.005
2013-08-13,0.014782,0.027271999999999998,0.034467,0.005
2013-08-14,0.014992,0.027496,0.034644,0.005
2013-08-15,0.015583,0.028016,0.034906,0.005
2013-08-16,0.015724000000000002,0.028197,0.034997,0.005
2013-08-19,0.016146,0.028617,0.035186999999999996,0.005
2013-08-20,0.015424,0.028045,0.034704,0.005
2013-08-21,0.015812,0.02839,0.034911,0.005
2013-08-22,0.015872,0.028372,0.034687,0.005
2013-08-23,0.01602,0.028253,0.034385,0.005
2013-08-27,0.015196000000000001,0.027328,0.033728,0.005
2013-08-28,0.015529,0.02762,0.034018,0.005
2013-08-29,0.015231,0.02738,0.033887,0.005
2013-08-30,0.015296,0.027429000000000002,0.034,0.005
2013-09-02,0.015872999999999998,0.027966,0.034328,0.005
2013-09-03,0.016354,0.028325,0.034566,0.005
2013-09-04,0.016236999999999998,0.028201999999999998,0.034575,0.005
2013-09-05,0.01775,0.029464,0.035448,0.005
2013-09-06,0.017076,0.028782000000000002,0.034808,0.005
2013-09-09,0.017154,0.028924,0.03495,0.005
2013-09-10,0.017905,0.029667,0.035590000000000004,0.005
2013-09-11,0.017662,0.029533,0.035497,0.005
2013-09-12,0.017022,0.02894,0.035063,0.005
2013-09-13,0.016811,0.02872,0.034835,0.005
2013-09-16,0.016475,0.028369,0.034612,0.005
2013-09-17,0.017162999999999998,0.028980000000000002,0.035009,0.005
2013-09-18,0.017936,0.029575999999999998,0.03537,0.005
2013-09-19,0.016741,0.028599,0.034763999999999996,0.005
2013-09-20,0.016955,0.028889,0.035109,0.005
2013-09-23,0.016701,0.028606,0.034813000000000004,0.005
2013-09-24,0.015863000000000002,0.027798,0.034273,0.005
2013-09-25,0.015397000000000001,0.027228,0.033835000000000004,0.005
2013-09-26,0.015344,0.027161,0.033768,0.005
2013-09-27,0.015106,0.026794,0.033412000000000004,0.005
2013-09-30,0.015172000000000001,0.026788,0.033285999999999996,0.005
2013-10-01,0.015189999999999999,0.026736,0.03311,0.005
2013-10-02,0.015079,0.026685,0.033115,0.005
2013-10-03,0.015202,0.026621000000000002,0.032969,0.005
2013-10-04,0.015825,0.027056,0.033311,0.005
2013-10-07,0.015590999999999999,0.026789,0.033183,0.005
2013-10-08,0.015593999999999998,0.026821,0.033091,0.005
2013-10-09,0.015262,0.026658,0.033029,0.005
2013-10-10,0.015629999999999998,0.027202,0.033402,0.005
2013-10-11,0.015536000000000001,0.027118000000000003,0.033409,0.005
2013-10-14,0.015722,0.02734,0.033591,0.005
2013-10-15,0.016293,0.027756,0.034138,0.005
2013-10-16,0.016548,0.028187000000000004,0.034324,0.005
2013-10-17,0.015798,0.027387,0.033748,0.005
2013-10-18,0.015550999999999999,0.027120000000000002,0.03357,0.005
2013-10-21,0.015815,0.027327,0.033769999999999994,0.005
2013-10-22,0.014825999999999999,0.026385000000000002,0.032875999999999996,0.005
2013-10-23,0.014525999999999999,0.026073,0.032607,0.005
2013-10-24,0.01486,0.026404,0.032948,0.005
2013-10-25,0.014719,0.026244999999999997,0.032806,0.005
2013-10-28,0.014877,0.026274000000000002,0.032771,0.005
2013-10-29,0.014656,0.026114000000000002,0.032591,0.005
2013-10-30,0.014157999999999999,0.025453,0.032358,0.005
2013-10-31,0.014804999999999999,0.026282999999999997,0.03283,0.005
2013-11-01,0.014993000000000001,0.026601,0.033135,0.005
2013-11-04,0.014825,0.026495,0.033087,0.005
2013-11-05,0.015774999999999997,0.027292999999999998,0.033645,0.005
2013-11-06,0.015722,0.027306,0.033655,0.005
2013-11-07,0.015153000000000002,0.026930999999999997,0.033454000000000005,0.005
2013-11-08,0.016040000000000002,0.027774999999999998,0.034217,0.005
2013-11-11,0.016377,0.028095,0.0344,0.005
2013-11-12,0.016144000000000002,0.028055,0.034392,0.005
2013-11-13,0.016125,0.028057,0.034344,0.005
2013-11-14,0.015745,0.02774,0.034173,0.005
2013-11-15,0.015501000000000001,0.027507999999999998,0.033902999999999996,0.005
2013-11-18,0.015321,0.027345,0.033763,0.005
2013-11-19,0.015462,0.027378,0.033803,0.005
2013-11-20,0.015531999999999999,0.027489,0.033861,0.005
2013-11-21,0.016313,0.028456000000000002,0.034672,0.005
2013-11-22,0.016049,0.028178,0.034367,0.005
2013-11-25,0.015825,0.027822,0.034192,0.005
2013-11-26,0.015569,0.027587,0.033925000000000004,0.005
2013-11-27,0.015792,0.027806,0.034172,0.005
2013-11-28,0.015661,0.027702,0.034135,0.005
2013-11-29,0.015969,0.027939,0.034234,0.005
2013-12-02,0.016711,0.028689,0.034826,0.005
2013-12-03,0.016514,0.028429000000000003,0.034538,0.005
2013-12-04,0.017105,0.029071,0.035173,0.005
2013-12-05,0.017194,0.029221,0.035228,0.005
2013-12-06,0.017248,0.029116,0.034847,0.005
2013-12-09,0.017495,0.029325999999999998,0.03496,0.005
2013-12-10,0.017262,0.029020999999999998,0.034639,0.005
2013-12-11,0.017179,0.028957,0.03458,0.005
2013-12-12,0.017498,0.029249,0.034744000000000004,0.005
2013-12-13,0.017442,0.029206,0.034718,0.005
2013-12-16,0.017322999999999998,0.029036,0.034617,0.005
2013-12-17,0.017251000000000002,0.029014,0.034541,0.005
2013-12-18,0.017783,0.029384,0.034799000000000004,0.005
2013-12-19,0.018427,0.029817999999999997,0.035105,0.005
2013-12-20,0.018505,0.029655,0.034893,0.005
2013-12-23,0.018989,0.029906000000000002,0.035066,0.005
2013-12-24,0.019216999999999998,0.03007,0.035179999999999996,0.005
2013-12-27,0.020117,0.031049000000000004,0.035929,0.005
2013-12-30,0.019806,0.030476,0.035616,0.005
2013-12-31,0.019660999999999998,0.030466000000000003,0.035409,0.005
2014-01-02,0.019494,0.030556999999999997,0.035538,0.005
2014-01-03,0.019496,0.030541,0.035473,0.005
2014-01-06,0.019103000000000002,0.030049000000000003,0.035023,0.005
2014-01-07,0.018972,0.029872999999999997,0.034828,0.005
2014-01-08,0.019442,0.030196,0.035017,0.005
2014-01-09,0.019521,0.030149,0.035042,0.005
2014-01-10,0.018681,0.029304,0.034388,0.005
2014-01-13,0.018106999999999998,0.028824000000000002,0.034049,0.005
2014-01-14,0.018182,0.028807999999999997,0.034037000000000005,0.005
2014-01-15,0.018559000000000003,0.02913,0.034352999999999995,0.005
2014-01-16,0.018002,0.028661,0.033991,0.005
2014-01-17,0.01833,0.028869,0.034147,0.005
2014-01-20,0.018341,0.028780999999999998,0.034073,0.005
2014-01-21,0.018533,0.028866999999999997,0.034139,0.005
2014-01-22,0.019201,0.029206,0.034289,0.005
2014-01-23,0.018491999999999998,0.028647,0.033874,0.005
2014-01-24,0.017997,0.028290000000000003,0.033618999999999996,0.005
2014-01-27,0.018099,0.028436,0.033769999999999994,0.005
2014-01-28,0.018461,0.028746,0.034020999999999996,0.005
2014-01-29,0.017809,0.028273000000000003,0.033683,0.005
2014-01-30,0.017844,0.028146,0.033557000000000003,0.005
2014-01-31,0.017349,0.027847,0.033414,0.005
2014-02-03,0.01738,0.02778,0.033467,0.005
2014-02-04,0.017332,0.027601,0.033131,0.005
2014-02-05,0.016856,0.027464,0.033413,0.005
2014-02-06,0.01738,0.028155,0.03367,0.005
2014-02-07,0.017053,0.027842,0.033437999999999996,0.005
2014-02-10,0.017221,0.028001,0.033766,0.005
2014-02-11,0.017310000000000002,0.028027000000000003,0.033645999999999995,0.005
2014-02-12,0.018455,0.028809,0.034180999999999996,0.005
2014-02-13,0.018216,0.028506,0.033864,0.005
2014-02-14,0.018468,0.028641,0.033838,0.005
2014-02-17,0.018262,0.028422999999999997,0.033697,0.005
2014-02-18,0.017824,0.028167,0.033893,0.005
2014-02-19,0.017562,0.028093,0.033554,0.005
2014-02-20,0.018217,0.028704999999999998,0.034052,0.005
2014-02-21,0.018097000000000002,0.028463,0.033784999999999996,0.005
2014-02-24,0.018086,0.028256999999999997,0.03388,0.005
2014-02-25,0.017744,0.028245,0.033711000000000005,0.005
2014-02-26,0.017814,0.028113000000000003,0.033609,0.005
2014-02-27,0.017150000000000002,0.027553,0.033159999999999995,0.005
2014-02-28,0.017717,0.028093,0.033605,0.005
2014-03-03,0.017186999999999997,0.027527,0.033012,0.005
2014-03-04,0.01726,0.027686000000000002,0.033179,0.005
2014-03-05,0.017446,0.027891,0.033444,0.005
2014-03-06,0.017769999999999998,0.028331,0.033777,0.005
2014-03-07,0.017831,0.028475999999999998,0.033955,0.005
2014-03-10,0.017957,0.028555999999999998,0.033925000000000004,0.005
2014-03-11,0.017838,0.028464,0.033812,0.005
2014-03-12,0.017662,0.028208999999999998,0.033637,0.005
2014-03-13,0.017237,0.027743000000000004,0.03339,0.005
2014-03-14,0.017304,0.027235999999999996,0.032957,0.005
2014-03-17,0.017454,0.027692,0.033162,0.005
2014-03-18,0.017229,0.027452999999999998,0.03298,0.005
2014-03-19,0.017381,0.027659,0.033346,0.005
2014-03-20,0.018022,0.028357999999999998,0.033929999999999995,0.005
2014-03-21,0.018302,0.027852000000000002,0.033801,0.005
2014-03-24,0.017902,0.027415,0.033312,0.005
2014-03-25,0.018076000000000002,0.027565,0.033445,0.005
2014-03-26,0.018054,0.027474,0.033282,0.005
2014-03-27,0.017828999999999998,0.027398,0.033298,0.005
2014-03-28,0.018533,0.027682000000000002,0.033572000000000005,0.005
2014-03-31,0.018535,0.027898999999999997,0.033644,0.005
2014-04-01,0.018521,0.027993,0.033644,0.005
2014-04-02,0.01873,0.028137,0.033803,0.005
2014-04-03,0.018505,0.02794,0.033694,0.005
2014-04-04,0.017630999999999997,0.027703000000000002,0.033249,0.005
2014-04-07,0.017722,0.027261,0.033343,0.005
2014-04-08,0.017927,0.027336999999999997,0.033495,0.005
2014-04-09,0.017947,0.027873000000000002,0.033313999999999996,0.005
2014-04-10,0.016928000000000002,0.027017000000000003,0.032941,0.005
2014-04-11,0.017258,0.026815000000000002,0.032642000000000004,0.005
2014-04-14,0.017378,0.027298,0.032909,0.005
2014-04-15,0.017076,0.026837,0.032771,0.005
2014-04-16,0.017627,0.026848,0.032935,0.005
2014-04-17,0.01809,0.027103000000000002,0.032817,0.005
2014-04-22,0.018672,0.02773,0.033249,0.005
2014-04-23,0.018411,0.027444000000000003,0.032925,0.005
2014-04-24,0.018323,0.027427999999999998,0.033168,0.005
2014-04-25,0.01824,0.027200000000000002,0.032781,0.005
2014-04-28,0.018471,0.027229999999999997,0.032688,0.005
2014-04-29,0.018491999999999998,0.027490999999999998,0.033242,0.005
2014-04-30,0.018501,0.027658000000000002,0.032928,0.005
2014-05-01,0.018424,0.027334,0.032595,0.005
2014-05-02,0.018522,0.026985000000000002,0.03246,0.005
2014-05-06,0.018881,0.027368,0.032463,0.005
2014-05-07,0.018761,0.027465000000000003,0.03281,0.005
2014-05-08,0.018801000000000002,0.027297,0.032351,0.005
2014-05-09,0.01895,0.027654,0.032615,0.005
2014-05-12,0.019532,0.028274,0.03314,0.005
2014-05-13,0.019051,0.027437999999999997,0.032686,0.005
2014-05-14,0.017965,0.026682,0.032121,0.005
2014-05-15,0.017355,0.026014,0.031654,0.005
2014-05-16,0.01772,0.026357,0.032043,0.005
2014-05-19,0.017939,0.026585,0.032105999999999996,0.005
2014-05-20,0.018242,0.026981,0.032514,0.005
2014-05-21,0.01854,0.027121,0.032518,0.005
2014-05-22,0.018645000000000002,0.027202,0.032784,0.005
2014-05-23,0.018346,0.027044000000000002,0.032682,0.005
2014-05-27,0.018485,0.027077,0.032465,0.005
2014-05-28,0.01768,0.026293,0.031836,0.005
2014-05-29,0.017526,0.026112000000000003,0.03196,0.005
2014-05-30,0.017929,0.026507,0.031939,0.005
2014-06-02,0.018210999999999998,0.026928999999999998,0.032345,0.005
2014-06-03,0.018632,0.027186,0.032669000000000004,0.005
2014-06-04,0.018876,0.027807,0.033192,0.005
2014-06-05,0.018727,0.027705999999999998,0.03302,0.005
2014-06-06,0.018405,0.027486,0.03279,0.005
2014-06-09,0.019029,0.027660999999999998,0.033137,0.005
2014-06-10,0.019396,0.02795,0.033318,0.005
2014-06-11,0.019254,0.027807,0.033119,0.005
2014-06-12,0.019318,0.027858,0.033195999999999996,0.005
2014-06-13,0.019804,0.028397000000000002,0.033453,0.005
2014-06-16,0.019976,0.028290000000000003,0.033371,0.005
2014-06-17,0.020200999999999997,0.028530000000000003,0.033426,0.005
2014-06-18,0.019773,0.028099,0.033249,0.005
2014-06-19,0.019828,0.02818,0.033254,0.005
2014-06-20,0.020246,0.028521,0.033437999999999996,0.005
2014-06-23,0.019888,0.028211,0.033264999999999996,0.005
2014-06-24,0.019945,0.028256,0.033263,0.005
2014-06-25,0.019103000000000002,0.027454999999999997,0.032658,0.005
2014-06-26,0.019081,0.027349000000000002,0.032561,0.005
2014-06-27,0.019117,0.027336999999999997,0.03257,0.005
2014-06-30,0.019443,0.027673,0.032854,0.005
2014-07-01,0.019847,0.028008,0.033011,0.005
2014-07-02,0.020363000000000003,0.028435000000000002,0.033203,0.005
2014-07-03,0.02028,0.028466,0.033264,0.005
2014-07-04,0.020375,0.028537,0.033339,0.005
2014-07-07,0.020173,0.028328000000000002,0.033231000000000004,0.005
2014-07-08,0.019462999999999998,0.027618,0.032732000000000004,0.005
2014-07-09,0.019638,0.027673999999999997,0.032704,0.005
2014-07-10,0.019326,0.027328,0.032423,0.005
2014-07-11,0.019027000000000002,0.027129,0.032375,0.005
2014-07-14,0.019053,0.027131,0.032326,0.005
2014-07-15,0.019617,0.027546,0.032522999999999996,0.005
2014-07-16,0.019621,0.027564,0.032533,0.005
2014-07-17,0.01901,0.026941000000000003,0.032011,0.005
2014-07-18,0.018979,0.026797,0.031791,0.005
2014-07-21,0.018806,0.026659000000000002,0.031728,0.005
2014-07-22,0.019111,0.026878000000000003,0.03179,0.005
2014-07-23,0.018819,0.026589,0.031552,0.005
2014-07-24,0.019320999999999998,0.027051,0.031836,0.005
2014-07-25,0.018996,0.026726,0.031574,0.005
2014-07-28,0.019139,0.026831999999999998,0.031641,0.005
2014-07-29,0.018802,0.026483,0.031393,0.005
2014-07-30,0.019307,0.026981,0.031668,0.005
2014-07-31,0.019415,0.027179000000000002,0.031791,0.005
2014-08-01,0.018911999999999998,0.026623,0.031219999999999998,0.005
2014-08-04,0.018763000000000002,0.026434000000000003,0.031042,0.005
2014-08-05,0.019165,0.026823,0.031285,0.005
2014-08-06,0.018737999999999998,0.026234,0.030682,0.005
2014-08-07,0.018557999999999998,0.026011000000000003,0.030442999999999998,0.005
2014-08-08,0.018304,0.025631,0.029977,0.005
2014-08-11,0.018637,0.026042999999999997,0.030459,0.005
2014-08-12,0.018522,0.025998999999999998,0.030562999999999996,0.005
2014-08-13,0.017769999999999998,0.0255,0.030440000000000002,0.005
2014-08-14,0.017685,0.025390000000000003,0.030261,0.005
2014-08-15,0.017153,0.024687,0.029445000000000002,0.005
2014-08-18,0.017842,0.025376,0.029989,0.005
2014-08-19,0.017405,0.025004,0.029795,0.005
2014-08-20,0.017747,0.025202,0.029820000000000003,0.005
2014-08-21,0.017512,0.025089999999999998,0.029837,0.005
2014-08-22,0.017664,0.025175,0.029839,0.005
2014-08-26,0.017067000000000002,0.024474,0.029282,0.005
2014-08-27,0.016461,0.023736999999999998,0.028596,0.005
2014-08-28,0.016596,0.023752,0.028412000000000003,0.005
2014-08-29,0.016623000000000002,0.02375,0.028328000000000002,0.005
2014-09-01,0.016798,0.023923999999999997,0.028466,0.005
2014-09-02,0.017085,0.024378,0.029035000000000002,0.005
2014-09-03,0.01736,0.024729,0.029399,0.005
2014-09-04,0.017453,0.02492,0.029695,0.005
2014-09-05,0.017074,0.024676,0.029664000000000003,0.005
2014-09-08,0.016774,0.024554999999999997,0.029887,0.005
2014-09-09,0.016917,0.024687999999999998,0.030017000000000002,0.005
2014-09-10,0.017103,0.024959,0.030346,0.005
2014-09-11,0.017166999999999998,0.024946000000000003,0.030233,0.005
2014-09-12,0.017608,0.025323000000000002,0.030465,0.005
2014-09-15,0.017627999999999998,0.025371,0.030485,0.005
2014-09-16,0.017557,0.025314999999999997,0.030440000000000002,0.005
2014-09-17,0.017712000000000002,0.025317,0.030242,0.005
2014-09-18,0.018396,0.025835,0.030815000000000002,0.005
2014-09-19,0.018242,0.025525000000000003,0.030078,0.005
2014-09-22,0.018068999999999998,0.025161,0.029743,0.005
2014-09-23,0.017916,0.02492,0.029561,0.005
2014-09-24,0.017962,0.024861,0.029413,0.005
2014-09-25,0.017665,0.024771,0.029338000000000003,0.005
2014-09-26,0.017677000000000002,0.024849999999999997,0.029426,0.005
2014-09-29,0.017542,0.024689000000000003,0.029235,0.005
2014-09-30,0.017401,0.024504,0.02918,0.005
2014-10-01,0.016852,0.023991,0.028849999999999997,0.005
2014-10-02,0.016537,0.023706,0.028628,0.005
2014-10-03,0.016984,0.024114,0.029033000000000003,0.005
2014-10-06,0.016652,0.023842,0.028822,0.005
2014-10-07,0.016073,0.023212999999999998,0.028262,0.005
2014-10-08,0.015618,0.022753000000000002,0.028014,0.005
2014-10-09,0.015567,0.02281,0.028254,0.005
2014-10-10,0.015234000000000001,0.022412,0.027934,0.005
2014-10-13,0.014588,0.021791,0.02749,0.005
2014-10-14,0.014091,0.021454,0.027254999999999998,0.005
2014-10-15,0.012456,0.020149,0.026153,0.005
2014-10-16,0.01366,0.020916,0.026737,0.005
2014-10-17,0.014814,0.022035,0.027688,0.005
2014-10-20,0.014450000000000001,0.02167,0.027450000000000002,0.005
2014-10-21,0.014582,0.021836,0.027641,0.005
2014-10-22,0.014787999999999999,0.022102,0.027805,0.005
2014-10-23,0.015045999999999999,0.022497,0.028107000000000004,0.005
2014-10-24,0.015137000000000001,0.02252,0.028039,0.005
2014-10-27,0.014910000000000001,0.022324999999999998,0.02787,0.005
2014-10-28,0.015069999999999998,0.022545000000000003,0.028114,0.005
2014-10-29,0.015124,0.022730999999999998,0.028333,0.005
2014-10-30,0.014973,0.02254,0.028174,0.005
2014-10-31,0.015318,0.02284,0.028306,0.005
2014-11-03,0.015667,0.023082,0.028374999999999997,0.005
2014-11-04,0.015242,0.022638,0.028029000000000002,0.005
2014-11-05,0.015541000000000001,0.022916,0.028178,0.005
2014-11-06,0.015397000000000001,0.022789999999999998,0.028141,0.005
2014-11-07,0.015052000000000001,0.022418,0.027835000000000002,0.005
2014-11-10,0.014894000000000001,0.022216,0.027673999999999997,0.005
2014-11-11,0.015328999999999999,0.022647,0.027982,0.005
2014-11-12,0.014844999999999999,0.0222,0.027717000000000002,0.005
2014-11-13,0.014713,0.022124,0.027715999999999998,0.005
2014-11-14,0.014317,0.021738,0.027442,0.005
2014-11-17,0.014024000000000002,0.021521,0.027354,0.005
2014-11-18,0.014106,0.021516999999999998,0.027395,0.005
2014-11-19,0.014265000000000002,0.021661,0.027493,0.005
2014-11-20,0.013919999999999998,0.021282000000000002,0.027215,0.005
2014-11-21,0.013498000000000001,0.020802,0.026841,0.005
2014-11-24,0.013560000000000001,0.020792,0.026644,0.005
2014-11-25,0.013228,0.020356,0.026204,0.005
2014-11-26,0.012983,0.019997,0.025795,0.005
2014-11-27,0.012601,0.01959,0.025372,0.005
2014-11-28,0.012754000000000001,0.019575,0.025301999999999998,0.005
2014-12-01,0.012381999999999999,0.01927,0.025097,0.005
2014-12-02,0.013142000000000001,0.020096,0.025861000000000002,0.005
2014-12-03,0.013597,0.020451999999999998,0.025901,0.005
2014-12-04,0.013391,0.020259999999999997,0.025793,0.005
2014-12-05,0.013786,0.020614,0.025914000000000003,0.005
2014-12-08,0.01349,0.020268,0.025615000000000002,0.005
2014-12-09,0.012839,0.019481,0.02491,0.005
2014-12-10,0.013014,0.019687,0.025044,0.005
2014-12-11,0.012978,0.019608,0.024902999999999998,0.005
2014-12-12,0.012055,0.018541000000000002,0.024014,0.005
2014-12-15,0.012206,0.018680000000000002,0.024026000000000002,0.005
2014-12-16,0.011909000000000001,0.018269,0.023606,0.005
2014-12-17,0.011773,0.018177000000000002,0.023686,0.005
2014-12-18,0.012763,0.019308000000000002,0.024550000000000002,0.005
2014-12-19,0.012563999999999999,0.019185,0.024641000000000003,0.005
2014-12-22,0.012277,0.018923000000000002,0.024461,0.005
2014-12-23,0.012538,0.019206,0.024681,0.005
2014-12-24,0.012785,0.0195,0.024907,0.005
2014-12-29,0.012079,0.018749000000000002,0.024293999999999996,0.005
2014-12-30,0.011977,0.018597,0.024091,0.005
2014-12-31,0.011640999999999999,0.018154999999999998,0.023634,0.005
2015-01-02,0.011409,0.017846,0.023268,0.005
2015-01-05,0.010912,0.017162,0.022747000000000003,0.005
2015-01-06,0.010268,0.016465,0.022115999999999997,0.005
2015-01-07,0.010466999999999999,0.016584,0.022157,0.005
2015-01-08,0.010814999999999998,0.01697,0.022443,0.005
2015-01-09,0.010359,0.016342000000000002,0.021897000000000003,0.005
2015-01-12,0.010233,0.016276,0.021823000000000002,0.005
2015-01-13,0.010464,0.016388,0.021658,0.005
2015-01-14,0.009962,0.01566,0.020945000000000002,0.005
2015-01-15,0.010043,0.015733999999999998,0.021013999999999998,0.005
2015-01-16,0.010311999999999998,0.015961,0.021082999999999998,0.005
2015-01-19,0.010209999999999999,0.015804,0.020788,0.005
2015-01-20,0.010358000000000001,0.015854,0.020537,0.005
2015-01-21,0.009760999999999999,0.015318,0.020309,0.005
2015-01-22,0.009903,0.015542,0.020720000000000002,0.005
2015-01-23,0.009467999999999999,0.015168,0.020211999999999997,0.005
2015-01-26,0.00995,0.015472,0.020304000000000003,0.005
2015-01-27,0.009765000000000001,0.015260000000000001,0.020208,0.005
2015-01-28,0.009663,0.015146,0.020179999999999997,0.005
2015-01-29,0.009389,0.014751,0.019867,0.005
2015-01-30,0.008834,0.013978999999999998,0.019087,0.005
2015-02-02,0.009251,0.014403,0.019317,0.005
2015-02-03,0.009967,0.015283,0.02009,0.005
2015-02-04,0.010366,0.015882,0.020794,0.005
2015-02-05,0.010466,0.016045,0.020995,0.005
2015-02-06,0.011332,0.017029000000000002,0.021801,0.005
2015-02-09,0.010929,0.01668,0.021665999999999998,0.005
2015-02-10,0.011298999999999998,0.017247,0.022302,0.005
2015-02-11,0.011351,0.017407,0.022616999999999998,0.005
2015-02-12,0.011061000000000001,0.017242,0.022650999999999998,0.005
2015-02-13,0.011042000000000001,0.017275,0.022761,0.005
2015-02-16,0.011205,0.017498,0.022933,0.005
2015-02-17,0.011717,0.018122,0.023559999999999998,0.005
2015-02-18,0.012428,0.018987,0.024353,0.005
2015-02-19,0.012244,0.018777,0.02411,0.005
2015-02-20,0.011901,0.018242,0.023500999999999998,0.005
2015-02-23,0.012186999999999998,0.018545,0.023778,0.005
2015-02-24,0.01194,0.018229,0.023330000000000004,0.005
2015-02-25,0.011572,0.017716,0.022875999999999997,0.005
2015-02-26,0.011890000000000001,0.018071,0.023083999999999997,0.005
2015-02-27,0.012447,0.018615,0.023538999999999997,0.005
2015-03-02,0.012542,0.018822000000000002,0.023812000000000003,0.005
2015-03-03,0.013001,0.019449,0.024476,0.005
2015-03-04,0.013308,0.019813,0.024822999999999998,0.005
2015-03-05,0.013078000000000001,0.019601,0.024743,0.005
2015-03-06,0.013937999999999999,0.020492,0.025536,0.005
2015-03-09,0.013742,0.020356,0.025425,0.005
2015-03-10,0.012633,0.019109,0.024451,0.005
2015-03-11,0.012682,0.019178999999999998,0.024539,0.005
2015-03-12,0.012315,0.018499,0.023426,0.005
2015-03-13,0.011822,0.018083000000000002,0.023283,0.005
2015-03-16,0.011621,0.017862,0.02299,0.005
2015-03-17,0.011654,0.017835,0.022654999999999998,0.005
2015-03-18,0.010943000000000001,0.01711,0.02198,0.005
2015-03-19,0.010354,0.016393,0.021273,0.005
2015-03-20,0.010350999999999999,0.016426,0.021091000000000002,0.005
2015-03-23,0.010192000000000001,0.016351,0.02106,0.005
2015-03-24,0.010224,0.016399999999999998,0.021032000000000002,0.005
2015-03-25,0.01008,0.016097999999999998,0.020637,0.005
2015-03-26,0.011013,0.016953,0.021331000000000003,0.005
2015-03-27,0.010588,0.01605,0.021623999999999997,0.005
2015-03-30,0.010743,0.01685,0.021214,0.005
2015-03-31,0.010701,0.016969,0.021377,0.005
2015-04-01,0.010539,0.016625,0.021278000000000002,0.005
2015-04-02,0.010745,0.017212,0.021622,0.005
2015-04-07,0.010724000000000001,0.017242999999999998,0.021876000000000003,0.005
2015-04-08,0.010914,0.017129000000000002,0.02165,0.005
2015-04-09,0.010872,0.016998,0.021646000000000002,0.005
2015-04-10,0.010678,0.017214,0.021872,0.005
2015-04-13,0.010865,0.01732,0.021833,0.005
2015-04-14,0.010267,0.016557,0.021070000000000002,0.005
2015-04-15,0.010737000000000002,0.017005,0.021404999999999997,0.005
2015-04-16,0.011094999999999999,0.017325999999999998,0.021685,0.005
2015-04-17,0.010942,0.017038,0.021682999999999997,0.005
2015-04-20,0.010987,0.016978,0.021564999999999997,0.005
2015-04-21,0.010997,0.016911,0.021627999999999998,0.005
2015-04-22,0.012137,0.018117,0.022604000000000003,0.005
2015-04-23,0.011946000000000002,0.018201000000000002,0.022553,0.005
2015-04-24,0.011659999999999998,0.017919,0.022236,0.005
2015-04-27,0.011831000000000001,0.018149,0.022566000000000003,0.005
2015-04-28,0.011997,0.018176,0.022514,0.005
2015-04-29,0.012912,0.019359,0.024082,0.005
2015-04-30,0.012792,0.019531,0.023860000000000003,0.005
2015-05-01,0.013077,0.019431,0.02375,0.005
2015-05-05,0.014005,0.020844,0.025248,0.005
2015-05-06,0.013978999999999998,0.020766,0.025135,0.005
2015-05-07,0.013607000000000001,0.020297,0.024746,0.005
2015-05-08,0.013104,0.019469,0.023892000000000004,0.005
2015-05-11,0.013728,0.020331000000000002,0.024304000000000003,0.005
2015-05-12,0.014136,0.020836,0.025168,0.005
2015-05-13,0.013888000000000001,0.020720000000000002,0.025072,0.005
2015-05-14,0.013892,0.020956000000000002,0.025684,0.005
2015-05-15,0.013087,0.020019999999999996,0.024653,0.005
2015-05-18,0.013499,0.020368,0.025174,0.005
2015-05-19,0.01357,0.020474000000000003,0.025255999999999997,0.005
2015-05-20,0.013779,0.020673,0.025355,0.005
2015-05-21,0.013748,0.020659,0.025311,0.005
2015-05-22,0.013475999999999998,0.020189,0.025005000000000003,0.005
2015-05-26,0.012908,0.019923,0.024543,0.005
2015-05-27,0.013257000000000001,0.019932000000000002,0.024623,0.005
2015-05-28,0.012811999999999999,0.019403,0.024106000000000002,0.005
2015-05-29,0.012528,0.019323999999999997,0.023996,0.005
2015-06-01,0.012749,0.019479,0.024390000000000002,0.005
2015-06-02,0.013599000000000002,0.020829,0.025242,0.005
2015-06-03,0.014316,0.022052000000000002,0.026468,0.005
2015-06-04,0.013637,0.021147999999999997,0.026071,0.005
2015-06-05,0.014341999999999999,0.021962000000000002,0.026293,0.005
2015-06-08,0.013865,0.021876000000000003,0.026232000000000002,0.005
2015-06-09,0.014199,0.022343000000000002,0.026815000000000002,0.005
2015-06-10,0.014542,0.022783,0.027376,0.005
2015-06-11,0.013869,0.022088999999999998,0.026746,0.005
2015-06-12,0.013208,0.021143000000000002,0.025757,0.005
2015-06-15,0.013699,0.021714999999999998,0.026268,0.005
2015-06-16,0.013686,0.021431,0.026187000000000002,0.005
2015-06-17,0.014542,0.021601,0.02644,0.005
2015-06-18,0.014251,0.02138,0.026378,0.005
2015-06-19,0.013969,0.021048,0.026216,0.005
2015-06-22,0.014751,0.021943999999999998,0.026949,0.005
2015-06-23,0.01492,0.022099,0.027042999999999998,0.005
2015-06-24,0.015283999999999999,0.022262,0.026978,0.005
2015-06-25,0.015459,0.022375,0.027126,0.005
2015-06-26,0.015764,0.022682,0.027216,0.005
2015-06-29,0.014836,0.021709,0.026199,0.005
2015-06-30,0.014461,0.021373000000000003,0.025947,0.005
2015-07-01,0.015,0.022097000000000002,0.026831999999999998,0.005
2015-07-02,0.014905999999999999,0.021751999999999997,0.026575,0.005
2015-07-03,0.014242,0.021147999999999997,0.026006,0.005
2015-07-06,0.014458,0.021318,0.026073,0.005
2015-07-07,0.012766,0.019370000000000002,0.024297,0.005
2015-07-08,0.013566,0.020074,0.024817999999999996,0.005
2015-07-09,0.013906,0.021051,0.025642,0.005
2015-07-10,0.014967,0.022132,0.026602999999999998,0.005
2015-07-13,0.01529,0.022418999999999998,0.026846000000000002,0.005
2015-07-14,0.015278,0.022794,0.027151,0.005
2015-07-15,0.015303,0.022659,0.027063999999999998,0.005
2015-07-16,0.014797,0.022035,0.026611,0.005
2015-07-17,0.015177000000000001,0.021998000000000004,0.026516,0.005
2015-07-20,0.015144999999999999,0.021952,0.026576,0.005
2015-07-21,0.015124,0.021984,0.026852,0.005
2015-07-22,0.014887999999999998,0.021495,0.026258,0.005
2015-07-23,0.014901,0.021413,0.026122,0.005
2015-07-24,0.014352,0.020509,0.024876,0.005
2015-07-27,0.014141999999999998,0.020416,0.024784,0.005
2015-07-28,0.014195,0.020555,0.025076,0.005
2015-07-29,0.014372000000000001,0.020791,0.025482,0.005
2015-07-30,0.014246000000000002,0.020987,0.025457999999999998,0.005
2015-07-31,0.013418000000000001,0.02016,0.02474,0.005
2015-08-03,0.013394,0.020139999999999998,0.024476,0.005
2015-08-04,0.013314999999999999,0.020104999999999998,0.024446,0.005
2015-08-05,0.014237,0.020962,0.025189,0.005
2015-08-06,0.01389,0.020283000000000002,0.024794,0.005
2015-08-07,0.013443,0.019974000000000002,0.024088,0.005
2015-08-10,0.014038,0.020560000000000002,0.024575,0.005
2015-08-11,0.013434,0.019363,0.023725,0.005
2015-08-12,0.012763,0.019305000000000003,0.023834,0.005
2015-08-13,0.013080000000000001,0.01983,0.024201,0.005
2015-08-14,0.01336,0.02013,0.024529000000000002,0.005
2015-08-17,0.012932999999999998,0.019632,0.024259,0.005
2015-08-18,0.013407,0.0202,0.024699,0.005
2015-08-19,0.013324,0.020166,0.024861,0.005
2015-08-20,0.012695000000000001,0.019046,0.023837,0.005
2015-08-21,0.01202,0.01864,0.023323999999999998,0.005
2015-08-24,0.011757,0.018378000000000002,0.023073,0.005
2015-08-25,0.012663,0.019367000000000002,0.024099,0.005
2015-08-26,0.012864,0.019903,0.024597,0.005
2015-08-27,0.013002,0.020118,0.024799,0.005
2015-08-28,0.012903,0.019884,0.024738000000000003,0.005
2015-09-01,0.012870999999999999,0.019775,0.024671,0.005
2015-09-02,0.012881,0.019876,0.024780000000000003,0.005
2015-09-03,0.01252,0.019515,0.024509,0.005
2015-09-04,0.011840999999999999,0.018704000000000002,0.023669,0.005
2015-09-07,0.011734,0.01844,0.023508,0.005
2015-09-08,0.01204,0.018888000000000002,0.023922,0.005
2015-09-09,0.012251000000000001,0.019028,0.024161000000000002,0.005
2015-09-10,0.012175,0.018798,0.024167,0.005
2015-09-11,0.011704,0.018452,0.023871000000000003,0.005
2015-09-14,0.011932,0.018753,0.024131999999999997,0.005
2015-09-15,0.012443,0.019287000000000002,0.024573,0.005
2015-09-16,0.012879,0.019627,0.024947,0.005
2015-09-17,0.013036,0.019764999999999998,0.025078,0.005
2015-09-18,0.011915,0.018783,0.024279000000000002,0.005
2015-09-21,0.012322,0.019207000000000002,0.02475,0.005
2015-09-22,0.011251,0.01813,0.023808,0.005
2015-09-23,0.011581999999999999,0.018316,0.024045999999999998,0.005
2015-09-24,0.010917,0.017736000000000002,0.023433000000000002,0.005
2015-09-25,0.011955,0.01872,0.024388,0.005
2015-09-28,0.011396,0.018128,0.023864,0.005
2015-09-29,0.01122,0.017853,0.023576,0.005
2015-09-30,0.011354,0.018137,0.023728,0.005
2015-10-01,0.011240000000000002,0.017965,0.023413,0.005
2015-10-02,0.010705,0.017390000000000003,0.023153,0.005
2015-10-05,0.011397999999999998,0.018189999999999998,0.02407,0.005
2015-10-06,0.011405,0.018309,0.024173,0.005
2015-10-07,0.011684000000000002,0.018557,0.024467,0.005
2015-10-08,0.011543000000000001,0.018413,0.024399,0.005
2015-10-09,0.01188,0.018895,0.024746,0.005
2015-10-12,0.01153,0.018587,0.024451999999999998,0.005
2015-10-13,0.011609000000000001,0.018694,0.024696,0.005
2015-10-14,0.010798,0.018029,0.024165000000000002,0.005
2015-10-15,0.010877,0.018146,0.024221,0.005
2015-10-16,0.011052,0.018373,0.024377,0.005
2015-10-19,0.011302000000000001,0.018656,0.024794999999999998,0.005
2015-10-20,0.011586,0.018909,0.024916,0.005
2015-10-21,0.011024,0.018405,0.024424,0.005
2015-10-22,0.010992,0.018399000000000002,0.024497,0.005
2015-10-23,0.01175,0.018817999999999998,0.024954,0.005
2015-10-26,0.011460999999999999,0.018486,0.024624,0.005
2015-10-27,0.010921,0.017813000000000002,0.024039,0.005
2015-10-28,0.011291,0.018223,0.024367,0.005
2015-10-29,0.012551000000000001,0.019465,0.025287,0.005
2015-10-30,0.012597,0.019393,0.025030999999999998,0.005
2015-11-02,0.012873,0.019715,0.025318,0.005
2015-11-03,0.013223,0.019959,0.025584,0.005
2015-11-04,0.013479000000000001,0.020232999999999998,0.025783,0.005
2015-11-05,0.013151,0.020015,0.025629,0.005
2015-11-06,0.013906,0.02068,0.026107,0.005
2015-11-09,0.013998,0.020865,0.026264,0.005
2015-11-10,0.013621000000000001,0.020615,0.026017000000000002,0.005
2015-11-11,0.013807,0.020723,0.026150000000000003,0.005
2015-11-12,0.013540000000000002,0.020449000000000002,0.025906,0.005
2015-11-13,0.013227,0.020128,0.025703999999999998,0.005
2015-11-16,0.012774,0.019819,0.025473,0.005
2015-11-17,0.013193,0.020169000000000003,0.025757,0.005
2015-11-18,0.012846,0.01973,0.025386000000000002,0.005
2015-11-19,0.012528999999999998,0.019323999999999997,0.025012,0.005
2015-11-20,0.012246,0.019178,0.024967000000000003,0.005
2015-11-23,0.012359,0.01928,0.025066,0.005
2015-11-24,0.01218,0.019015,0.024731999999999997,0.005
2015-11-25,0.012428999999999999,0.019266000000000002,0.024922,0.005
2015-11-26,0.012022,0.018775,0.02442,0.005
2015-11-27,0.011923,0.018630999999999998,0.024278,0.005
2015-11-30,0.012108,0.018788,0.024405,0.005
2015-12-01,0.011571,0.018169,0.023805999999999997,0.005
2015-12-02,0.01146,0.018009999999999998,0.023616,0.005
2015-12-03,0.012568999999999999,0.019198,0.024692,0.005
2015-12-04,0.012887,0.019692,0.02522,0.005
2015-12-07,0.011959,0.018619,0.024119,0.005
2015-12-08,0.011963999999999999,0.01857,0.023985,0.005
2015-12-09,0.012458,0.019211,0.024603,0.005
2015-12-10,0.012282999999999999,0.018941,0.024377,0.005
2015-12-11,0.011866000000000002,0.018528,0.02403,0.005
2015-12-14,0.011982999999999999,0.018657999999999998,0.024161000000000002,0.005
2015-12-15,0.01303,0.019906999999999998,0.025341999999999996,0.005
2015-12-16,0.012953,0.019927999999999998,0.025522999999999997,0.005
2015-12-17,0.012287,0.019067,0.024784999999999998,0.005
2015-12-18,0.012237,0.018963,0.02464,0.005
2015-12-21,0.012121999999999999,0.018799999999999997,0.024443000000000003,0.005
2015-12-22,0.012641,0.019400999999999998,0.024998999999999997,0.005
2015-12-23,0.013052999999999999,0.019944,0.025504,0.005
2015-12-24,0.012899,0.019761,0.025282,0.005
2015-12-29,0.012941000000000001,0.019735,0.025196999999999997,0.005
2015-12-30,0.013662,0.020565000000000003,0.025863,0.005
2015-12-31,0.013385000000000001,0.020248,0.025537999999999998,0.005
2016-01-04,0.01264,0.019456,0.024947,0.005
2016-01-05,0.012525999999999999,0.019379999999999998,0.024857999999999998,0.005
2016-01-06,0.011794,0.018539,0.024142,0.005
2016-01-07,0.011843,0.018662,0.024386,0.005
2016-01-08,0.011407,0.01823,0.024192,0.005
2016-01-11,0.011404000000000001,0.018269,0.024289,0.005
2016-01-12,0.011257999999999999,0.018089,0.024131,0.005
2016-01-13,0.011073999999999999,0.017974,0.024078,0.005
2016-01-14,0.010889,0.017841,0.024041999999999997,0.005
2016-01-15,0.010032000000000001,0.017092,0.023511999999999998,0.005
2016-01-18,0.010385,0.017471,0.023843999999999997,0.005
2016-01-19,0.010639000000000001,0.017668,0.023988999999999996,0.005
2016-01-20,0.010008999999999999,0.016871,0.023208000000000003,0.005
2016-01-21,0.01046,0.017362,0.023593000000000003,0.005
2016-01-22,0.010860000000000002,0.017781,0.023862,0.005
2016-01-25,0.010532,0.017453,0.02351,0.005
2016-01-26,0.010622,0.017509999999999998,0.023461,0.005
2016-01-27,0.010604,0.017490000000000002,0.023401,0.005
2016-01-28,0.010322,0.017221,0.023208000000000003,0.005
2016-01-29,0.009225,0.016305,0.022543,0.005
2016-02-01,0.009855000000000001,0.016898,0.023145,0.005
2016-02-02,0.00915,0.016158,0.022572000000000002,0.005
2016-02-03,0.008707,0.015732,0.022206,0.005
2016-02-04,0.009056999999999999,0.016265,0.022713,0.005
2016-02-05,0.009105,0.016277,0.022764000000000003,0.005
2016-02-08,0.007613,0.014691000000000001,0.021414,0.005
2016-02-09,0.0077529999999999995,0.014774,0.021541,0.005
2016-02-10,0.007952,0.014853,0.021621,0.005
2016-02-11,0.006538,0.013437,0.02052,0.005
2016-02-12,0.007847,0.014639,0.021509999999999998,0.005
2016-02-15,0.00799,0.014856000000000001,0.021729,0.005
2016-02-16,0.007884,0.014876,0.021796000000000003,0.005
2016-02-17,0.008286,0.015463,0.022384,0.005
2016-02-18,0.007917,0.015042,0.02212,0.005
2016-02-19,0.007633999999999999,0.014707,0.021847,0.005
2016-02-22,0.007556,0.01467,0.021841,0.005
2016-02-23,0.007633999999999999,0.014931000000000002,0.022115,0.005
2016-02-24,0.006946,0.014185000000000001,0.021642,0.005
2016-02-25,0.007006,0.014392,0.021968,0.005
2016-02-26,0.00731,0.014790000000000001,0.022306,0.005
2016-02-29,0.006627999999999999,0.014032,0.021661,0.005
2016-03-01,0.007143,0.014574,0.022079,0.005
2016-03-02,0.007832,0.015296,0.022479,0.005
2016-03-03,0.007841,0.015184,0.022158,0.005
2016-03-04,0.008159999999999999,0.015605,0.022511999999999997,0.005
2016-03-07,0.00803,0.015493,0.022532,0.005
2016-03-08,0.007346,0.014450000000000001,0.021311,0.005
2016-03-09,0.008193,0.015467999999999999,0.022172,0.005
2016-03-10,0.008915,0.016017,0.022412,0.005
2016-03-11,0.009472000000000001,0.016466,0.022756,0.005
2016-03-14,0.009263,0.016179,0.022387,0.005
2016-03-15,0.008958,0.016017,0.022359,0.005
2016-03-16,0.008754999999999999,0.015895,0.022414,0.005
2016-03-17,0.008172,0.015313,0.022025000000000003,0.005
2016-03-18,0.008198,0.015357,0.022054999999999998,0.005
2016-03-21,0.008319,0.015515000000000001,0.022261000000000003,0.005
2016-03-22,0.008107999999999999,0.015309,0.022147999999999998,0.005
2016-03-23,0.008061,0.015250999999999999,0.022033,0.005
2016-03-24,0.008312,0.015421,0.022303000000000003,0.005
2016-03-29,0.007963,0.014995000000000001,0.022023,0.005
2016-03-30,0.008221000000000001,0.01534,0.022328,0.005
2016-03-31,0.007755,0.014962999999999999,0.021863999999999998,0.005
2016-04-01,0.007796999999999999,0.015143,0.022065,0.005
2016-04-04,0.0077280000000000005,0.015096,0.021976,0.005
2016-04-05,0.007257,0.014568000000000001,0.021594000000000002,0.005
2016-04-06,0.007269,0.014718,0.021640000000000003,0.005
2016-04-07,0.006742000000000001,0.014140999999999999,0.021093,0.005
2016-04-08,0.007083000000000001,0.014581,0.02161,0.005
2016-04-11,0.0073160000000000005,0.014858,0.021979000000000002,0.005
2016-04-12,0.007807,0.01533,0.022395,0.005
2016-04-13,0.0077480000000000005,0.015202,0.022090000000000002,0.005
2016-04-14,0.007881,0.015331999999999998,0.022160000000000003,0.005
2016-04-15,0.007676,0.015074,0.021943999999999998,0.005
2016-04-18,0.008156,0.015645,0.022528000000000003,0.005
2016-04-19,0.008525,0.016073999999999998,0.022823000000000003,0.005
2016-04-20,0.008085,0.015529,0.022244,0.005
2016-04-21,0.009004,0.016619,0.023119,0.005
2016-04-22,0.009166,0.016808,0.023268,0.005
2016-04-25,0.009303,0.016824,0.023218000000000003,0.005
2016-04-26,0.00984,0.017373,0.023835000000000002,0.005
2016-04-27,0.009592,0.016996999999999998,0.023465,0.005
2016-04-28,0.009407,0.016751000000000002,0.023251,0.005
2016-04-29,0.009423,0.01678,0.023183,0.005
2016-05-03,0.008811,0.016062,0.022444000000000002,0.005
2016-05-04,0.008701,0.016128,0.022602,0.005
2016-05-05,0.008272,0.015672,0.02228,0.005
2016-05-06,0.007829000000000001,0.015144999999999999,0.021854,0.005
2016-05-09,0.007719,0.01514,0.021963,0.005
2016-05-10,0.007566000000000001,0.015022,0.021868,0.005
2016-05-11,0.00756,0.014952,0.021809,0.005
2016-05-12,0.007698,0.015058,0.021928,0.005
2016-05-13,0.00747,0.014772,0.021629,0.005
2016-05-16,0.00768,0.014966,0.021749,0.005
2016-05-17,0.0074719999999999995,0.014700999999999999,0.021509999999999998,0.005
2016-05-18,0.008182,0.015414,0.022205,0.005
2016-05-19,0.008231,0.015382,0.022115,0.005
2016-05-20,0.008556000000000001,0.015686,0.022344,0.005
2016-05-23,0.008587000000000001,0.015661,0.022277,0.005
2016-05-24,0.008931,0.015807,0.022286,0.005
2016-05-25,0.008794999999999999,0.015566,0.021959,0.005
2016-05-26,0.008461,0.015241,0.021598000000000003,0.005
2016-05-27,0.008739,0.015477000000000001,0.021714,0.005
2016-05-31,0.008682,0.015465,0.021562,0.005
2016-06-01,0.008026,0.014844999999999999,0.021023,0.005
2016-06-02,0.007701,0.014596,0.020878,0.005
2016-06-03,0.007052,0.013959,0.020373000000000002,0.005
2016-06-06,0.007062000000000001,0.014026,0.02054,0.005
2016-06-07,0.00697,0.013817999999999999,0.020448,0.005
2016-06-08,0.007161999999999999,0.013661000000000001,0.020179999999999997,0.005
2016-06-09,0.007108,0.013531999999999999,0.019976,0.005
2016-06-10,0.007086,0.013402,0.019825,0.005
2016-06-13,0.0069630000000000004,0.013338000000000001,0.019764,0.005
2016-06-14,0.0062,0.012537,0.019114,0.005
2016-06-15,0.006128,0.012391000000000001,0.018809,0.005
2016-06-16,0.0059960000000000005,0.012254000000000001,0.01875,0.005
2016-06-17,0.006431,0.012698000000000001,0.019320999999999998,0.005
2016-06-20,0.007462,0.013717,0.020291,0.005
2016-06-21,0.007852,0.014087,0.020578,0.005
2016-06-22,0.008075,0.014443999999999999,0.020870000000000003,0.005
2016-06-23,0.008421,0.014829000000000002,0.021106,0.005
2016-06-24,0.005437,0.012183,0.018833,0.005
2016-06-27,0.003916,0.011293,0.016994,0.005
2016-06-28,0.004183,0.011325,0.017099,0.005
2016-06-29,0.003972,0.010966,0.017169,0.005
2016-06-30,0.003749,0.010416000000000002,0.016781,0.005
2016-07-01,0.003842,0.010032000000000001,0.016235,0.005
2016-07-04,0.003527,0.009797,0.016049,0.005
2016-07-05,0.003184,0.009482,0.015041,0.005
2016-07-06,0.0032519999999999997,0.00938,0.014639,0.005
2016-07-07,0.0033900000000000002,0.009762999999999999,0.014778,0.005
2016-07-08,0.00316,0.009366,0.014558,0.005
2016-07-11,0.0034449999999999997,0.009295,0.014394,0.005
2016-07-12,0.003745,0.010013000000000001,0.015283999999999999,0.005
2016-07-13,0.003078,0.009325,0.014835000000000001,0.005
2016-07-14,0.0034939999999999997,0.009543000000000001,0.015688,0.005
2016-07-15,0.003646,0.009701999999999999,0.016436,0.005
2016-07-18,0.003614,0.009781,0.01569,0.005
2016-07-19,0.003729,0.009864000000000001,0.015558,0.005
2016-07-20,0.0037819999999999998,0.009911999999999999,0.016386,0.005
2016-07-21,0.003781,0.009963,0.01667,0.005
2016-07-22,0.00336,0.009781,0.016206,0.005
2016-07-25,0.0032379999999999996,0.009764,0.016202,0.005
2016-07-26,0.0035399999999999997,0.010163,0.015809,0.005
2016-07-27,0.0029389999999999998,0.00902,0.014399,0.005
2016-07-28,0.002782,0.008379,0.015192,0.005
2016-07-29,0.002656,0.008622999999999999,0.014024000000000002,0.005
2016-08-01,0.002967,0.008741,0.014948999999999999,0.005
2016-08-02,0.003533,0.009788999999999999,0.014998000000000001,0.005
2016-08-03,0.003358,0.00929,0.014946,0.005
2016-08-04,0.001893,0.007589,0.013508,0.0025
2016-08-05,0.002142,0.007984999999999999,0.013702,0.0025
2016-08-08,0.0016350000000000002,0.0071460000000000004,0.013432999999999999,0.0025
2016-08-09,0.001686,0.006889999999999999,0.012596000000000001,0.0025
2016-08-10,0.001451,0.0064010000000000004,0.012186999999999998,0.0025
2016-08-11,0.0017230000000000001,0.0062580000000000005,0.011805000000000001,0.0025
2016-08-12,0.001628,0.006119,0.011811,0.0025
2016-08-15,0.00178,0.00639,0.012218,0.0025
2016-08-16,0.002465,0.007883,0.012738000000000001,0.0025
2016-08-17,0.001877,0.0075509999999999996,0.013285,0.0025
2016-08-18,0.002103,0.007556,0.012834000000000002,0.0025
2016-08-19,0.002678,0.007522,0.012732,0.0025
2016-08-22,0.002173,0.006744,0.01195,0.0025
2016-08-23,0.0022459999999999997,0.007054,0.011974,0.0025
2016-08-24,0.002455,0.007403,0.011328,0.0025
2016-08-25,0.002417,0.007379,0.011382000000000001,0.0025
2016-08-26,0.002336,0.007006,0.010942,0.0025
2016-08-30,0.002425,0.007280999999999999,0.011557999999999999,0.0025
2016-08-31,0.002244,0.007286,0.01167,0.0025
2016-09-01,0.002426,0.00737,0.011401,0.0025
2016-09-02,0.002789,0.008104,0.012343,0.0025
2016-09-05,0.002593,0.007838000000000001,0.011970000000000001,0.0025
2016-09-06,0.002253,0.0074529999999999996,0.011733,0.0025
2016-09-07,0.002131,0.007371,0.011663,0.0025
2016-09-08,0.0027660000000000002,0.008245,0.012750999999999998,0.0025
2016-09-09,0.0033900000000000002,0.008856000000000001,0.014694,0.0025
2016-09-12,0.003313,0.008867,0.014776000000000001,0.0025
2016-09-13,0.003559,0.009136,0.015078000000000001,0.0025
2016-09-14,0.003528,0.009155,0.015222,0.0025
2016-09-15,0.003443,0.00923,0.015417,0.0025
2016-09-16,0.003195,0.009081,0.015066999999999999,0.0025
2016-09-19,0.003229,0.009507999999999999,0.015099,0.0025
2016-09-20,0.002763,0.008325,0.014766,0.0025
2016-09-21,0.002797,0.008393000000000001,0.014915000000000001,0.0025
2016-09-22,0.00231,0.007679,0.013178,0.0025
2016-09-23,0.0023699999999999997,0.008282000000000001,0.013332,0.0025
2016-09-26,0.002152,0.00779,0.012799,0.0025
2016-09-27,0.002007,0.007317000000000001,0.012190000000000001,0.0025
2016-09-28,0.002009,0.007122000000000001,0.012876,0.0025
2016-09-29,0.002332,0.007993,0.012797000000000001,0.0025
2016-09-30,0.0027010000000000003,0.008233,0.014298,0.0025
2016-10-03,0.002378,0.008369,0.013541000000000001,0.0025
2016-10-04,0.002788,0.008246,0.013368,0.0025
2016-10-05,0.002849,0.008503,0.014830000000000001,0.0025
2016-10-06,0.003275,0.009604,0.014686999999999999,0.0025
2016-10-07,0.003882,0.010016,0.016159,0.0025
2016-10-10,0.004464,0.010492999999999999,0.016545,0.0025
2016-10-11,0.004228,0.010221000000000001,0.016333,0.0025
2016-10-12,0.004615,0.010738000000000001,0.016897,0.0025
2016-10-13,0.004411,0.010457000000000001,0.016553,0.0025
2016-10-14,0.005075,0.011297999999999999,0.017228,0.0025
2016-10-17,0.005151,0.011492,0.017331,0.0025
2016-10-18,0.004961999999999999,0.011142,0.017068,0.0025
2016-10-19,0.004999,0.0111,0.016993,0.0025
2016-10-20,0.0050360000000000005,0.011118,0.016887,0.0025
2016-10-21,0.00511,0.011073999999999999,0.016817,0.0025
2016-10-24,0.005217,0.011211,0.016961999999999998,0.0025
2016-10-25,0.005138,0.011092,0.016835,0.0025
2016-10-26,0.005824,0.011894,0.017547999999999998,0.0025
2016-10-27,0.00637,0.012709999999999999,0.018118000000000002,0.0025
2016-10-28,0.0064659999999999995,0.012888,0.018517,0.0025
2016-10-31,0.006232,0.012705,0.018333,0.0025
2016-11-01,0.006498,0.01316,0.018896,0.0025
2016-11-02,0.005679999999999999,0.012235000000000001,0.018101,0.0025
2016-11-03,0.005875,0.012473000000000001,0.018293999999999998,0.0025
2016-11-04,0.005294999999999999,0.011745,0.017562,0.0025
2016-11-07,0.005706,0.012311,0.018166,0.0025
2016-11-08,0.006085,0.012688999999999999,0.01844,0.0025
2016-11-09,0.006063,0.012732,0.018633,0.0025
2016-11-10,0.00687,0.013771,0.019648000000000002,0.0025
2016-11-11,0.007005,0.013956,0.019737,0.0025
2016-11-14,0.007409,0.014686999999999999,0.020409,0.0025
2016-11-15,0.006999,0.014112,0.019715,0.0025
2016-11-16,0.0072299999999999994,0.014394,0.019902,0.0025
2016-11-17,0.007106,0.01428,0.019745,0.0025
2016-11-18,0.007561,0.015055,0.020535,0.0025
2016-11-21,0.007236,0.014608000000000001,0.020104999999999998,0.0025
2016-11-22,0.006942,0.014358,0.020013999999999997,0.0025
2016-11-23,0.007279,0.015066,0.020633,0.0025
2016-11-24,0.006965,0.014743,0.020312999999999998,0.0025
2016-11-25,0.006753,0.014593,0.020257,0.0025
2016-11-28,0.006333999999999999,0.014202,0.019985,0.0025
2016-11-29,0.006378,0.01429,0.019973,0.0025
2016-11-30,0.006575999999999999,0.014528000000000001,0.020075,0.0025
2016-12-01,0.0069689999999999995,0.015127,0.020707,0.0025
2016-12-02,0.00632,0.014215,0.019876,0.0025
2016-12-05,0.006424,0.014421,0.019935,0.0025
2016-12-06,0.006609,0.01458,0.020158,0.0025
2016-12-07,0.0062970000000000005,0.014129000000000001,0.019834,0.0025
2016-12-08,0.006327,0.014287000000000001,0.019935,0.0025
2016-12-09,0.006713,0.014809000000000001,0.020518,0.0025
2016-12-12,0.007032,0.015287,0.021070000000000002,0.0025
2016-12-13,0.006666,0.014754,0.02054,0.0025
2016-12-14,0.006323,0.014329000000000001,0.020145,0.0025
2016-12-15,0.007224,0.015469,0.021224,0.0025
2016-12-16,0.007056,0.014982,0.020687,0.0025
2016-12-19,0.006696,0.014538,0.020268,0.0025
2016-12-20,0.006723,0.014629000000000001,0.020315,0.0025
2016-12-21,0.006325,0.014200999999999998,0.01984,0.0025
2016-12-22,0.006264,0.014132,0.019667,0.0025
2016-12-23,0.006028,0.013852,0.01934,0.0025
2016-12-28,0.005785,0.013445,0.018961,0.0025
2016-12-29,0.005337,0.012726,0.018274,0.0025
2016-12-30,0.0053490000000000005,0.012817,0.018407,0.0025
2017-01-03,0.0062439999999999996,0.013825,0.019441,0.0025
2017-01-04,0.006221,0.013753999999999999,0.019371,0.0025
2017-01-05,0.006251,0.013694999999999999,0.019391000000000002,0.0025
2017-01-06,0.006742000000000001,0.014195,0.019822,0.0025
2017-01-09,0.006546,0.013956,0.019613000000000002,0.0025
2017-01-10,0.006662,0.01401,0.019645,0.0025
2017-01-11,0.006579000000000001,0.014023,0.019703,0.0025
2017-01-12,0.006111,0.013416999999999998,0.019177,0.0025
2017-01-13,0.0065769999999999995,0.014077,0.019855,0.0025
2017-01-16,0.0062450000000000006,0.013717,0.01956,0.0025
2017-01-17,0.006156,0.013474999999999999,0.019236,0.0025
2017-01-18,0.006382,0.013701000000000001,0.019412,0.0025
2017-01-19,0.006927,0.014343999999999999,0.020057000000000002,0.0025
2017-01-20,0.0071389999999999995,0.014628,0.020297,0.0025
2017-01-23,0.0067610000000000005,0.014242999999999999,0.019967,0.0025
2017-01-24,0.006739,0.014235,0.019812,0.0025
2017-01-25,0.0072050000000000005,0.014995000000000001,0.020628999999999998,0.0025
2017-01-26,0.007613999999999999,0.015458000000000001,0.021046999999999996,0.0025
2017-01-27,0.007303,0.015082,0.020699000000000002,0.0025
2017-01-30,0.00718,0.014837,0.020411000000000002,0.0025
2017-01-31,0.007050999999999999,0.014603999999999999,0.020106000000000002,0.0025
2017-02-01,0.007383999999999999,0.015051000000000002,0.020571000000000002,0.0025
2017-02-02,0.006703,0.01439,0.020108,0.0025
2017-02-03,0.006439,0.014169000000000001,0.020007999999999998,0.0025
2017-02-06,0.006119,0.013796999999999999,0.01972,0.0025
2017-02-07,0.005893000000000001,0.013493999999999999,0.019483999999999998,0.0025
2017-02-08,0.005536,0.012827999999999999,0.018807,0.0025
2017-02-09,0.005605,0.012910999999999999,0.018878,0.0025
2017-02-10,0.005886,0.013265,0.019246,0.0025
2017-02-13,0.006067,0.013493999999999999,0.019502,0.0025
2017-02-14,0.006175000000000001,0.013686,0.019668,0.0025
2017-02-15,0.006076000000000001,0.01366,0.019747,0.0025
2017-02-16,0.005608999999999999,0.01315,0.019234,0.0025
2017-02-17,0.00523,0.012698000000000001,0.018876999999999998,0.0025
2017-02-20,0.0052759999999999994,0.012833,0.019069,0.0025
2017-02-21,0.005447,0.013040000000000001,0.019222,0.0025
2017-02-22,0.0050609999999999995,0.012621,0.018892,0.0025
2017-02-23,0.004748,0.012115,0.018453,0.0025
2017-02-24,0.004302,0.011391,0.017758,0.0025
2017-02-27,0.004219,0.011345000000000001,0.017745999999999998,0.0025
2017-02-28,0.004161000000000001,0.011227000000000001,0.017504,0.0025
2017-03-01,0.004588999999999999,0.011749,0.017894,0.0025
2017-03-02,0.004633,0.011881999999999998,0.018095,0.0025
2017-03-03,0.004452,0.011763999999999998,0.018078,0.0025
2017-03-06,0.004588999999999999,0.01195,0.018278000000000003,0.0025
2017-03-07,0.004355,0.011684000000000002,0.01799,0.0025
2017-03-08,0.004651,0.012149,0.018379,0.0025
2017-03-09,0.004635,0.012015,0.018248,0.0025
2017-03-10,0.0048649999999999995,0.012306999999999998,0.01857,0.0025
2017-03-13,0.0048389999999999996,0.012410000000000001,0.018731,0.0025
2017-03-14,0.004595,0.012269,0.018663,0.0025
2017-03-15,0.00432,0.012118,0.018534,0.0025
2017-03-16,0.004645,0.012333,0.01858,0.0025
2017-03-17,0.004597,0.012236,0.018439,0.0025
2017-03-20,0.0046,0.012211000000000001,0.018411,0.0025
2017-03-21,0.005063,0.012390000000000002,0.018528,0.0025
2017-03-22,0.004545,0.011631,0.017761,0.0025
2017-03-23,0.005076000000000001,0.012142,0.018213999999999998,0.0025
2017-03-24,0.005116000000000001,0.011944,0.017936,0.0025
2017-03-27,0.005055,0.011695,0.017696,0.0025
2017-03-28,0.005149,0.011838,0.017811999999999998,0.0025
2017-03-29,0.004838,0.011504,0.017552,0.0025
2017-03-30,0.004402,0.011171,0.017275,0.0025
2017-03-31,0.004392,0.01122,0.017309,0.0025
2017-04-03,0.0040089999999999995,0.010644,0.016722,0.0025
2017-04-04,0.00407,0.010618,0.016724000000000003,0.0025
2017-04-05,0.0042899999999999995,0.010945,0.017054,0.0025
2017-04-06,0.004378,0.010985,0.017055,0.0025
2017-04-07,0.004193,0.010816,0.016925,0.0025
2017-04-10,0.0041789999999999996,0.010962000000000001,0.01706,0.0025
2017-04-11,0.00386,0.010587,0.016701,0.0025
2017-04-12,0.003889,0.010619,0.016762,0.0025
2017-04-13,0.0039310000000000005,0.010556000000000001,0.016688,0.0025
2017-04-18,0.003913,0.010481,0.016572,0.0025
2017-04-19,0.004234,0.010768,0.016753,0.0025
2017-04-20,0.004194,0.010803,0.016811,0.0025
2017-04-21,0.003868,0.010554,0.016694,0.0025
2017-04-24,0.004053,0.010885,0.017051,0.0025
2017-04-25,0.004171,0.011024,0.017218,0.0025
2017-04-26,0.0041199999999999995,0.011072,0.017331,0.0025
2017-04-27,0.0038629999999999997,0.010865,0.017227,0.0025
2017-04-28,0.003971,0.011014999999999999,0.017266,0.0025
2017-05-02,0.0040999999999999995,0.011139,0.017451,0.0025
2017-05-03,0.004002,0.011005000000000001,0.017407,0.0025
2017-05-04,0.004313,0.011371,0.017825999999999998,0.0025
2017-05-05,0.004462,0.01145,0.017973,0.0025
2017-05-08,0.004615,0.011682999999999999,0.018225,0.0025
2017-05-09,0.005004,0.012206999999999999,0.018549,0.0025
2017-05-10,0.004773,0.011912,0.018189,0.0025
2017-05-11,0.004615,0.011869000000000001,0.018167,0.0025
2017-05-12,0.004102,0.011160000000000002,0.017562,0.0025
2017-05-15,0.00432,0.011491,0.018000000000000002,0.0025
2017-05-16,0.004319,0.011391,0.017733000000000002,0.0025
2017-05-17,0.004028,0.01094,0.017296,0.0025
2017-05-18,0.004,0.01089,0.017175,0.0025
2017-05-19,0.004166,0.011108,0.017266,0.0025
2017-05-22,0.004084,0.011071,0.017252,0.0025
2017-05-23,0.004037,0.010942,0.017057,0.0025
2017-05-24,0.004032,0.010971,0.017065999999999998,0.0025
2017-05-25,0.0038900000000000002,0.010709,0.016852,0.0025
2017-05-26,0.0036520000000000003,0.010439,0.016653,0.0025
2017-05-30,0.003525,0.010316,0.016659,0.0025
2017-05-31,0.0038150000000000002,0.010607,0.016918,0.0025
2017-06-01,0.004122,0.010947,0.017225,0.0025
2017-06-02,0.004024,0.01084,0.017161,0.0025
2017-06-05,0.004035,0.010885,0.017194,0.0025
2017-06-06,0.0036249999999999998,0.010286,0.016672,0.0025
2017-06-07,0.00363,0.01024,0.01652,0.0025
2017-06-08,0.003892,0.010758,0.017055,0.0025
2017-06-09,0.0036030000000000003,0.01054,0.016958,0.0025
2017-06-12,0.003301,0.01024,0.016701999999999998,0.0025
2017-06-13,0.0038030000000000004,0.010702,0.017433,0.0025
2017-06-14,0.002984,0.009862,0.016217,0.0025
2017-06-15,0.0041010000000000005,0.010745,0.017317,0.0025
2017-06-16,0.003916,0.010588,0.01717,0.0025
2017-06-19,0.00406,0.010639000000000001,0.01706,0.0025
2017-06-20,0.0037459999999999998,0.010409,0.01686,0.0025
2017-06-21,0.004106,0.010567,0.016798999999999998,0.0025
2017-06-22,0.00416,0.010506999999999999,0.016677,0.0025
2017-06-23,0.004384,0.010655,0.016779,0.0025
2017-06-26,0.004354,0.010623,0.016748,0.0025
2017-06-27,0.004756,0.011177999999999999,0.017284,0.0025
2017-06-28,0.005370000000000001,0.011851,0.017778000000000002,0.0025
2017-06-29,0.006181,0.012716,0.018648,0.0025
2017-06-30,0.006268,0.01284,0.0187,0.0025
2017-07-03,0.006372,0.012990999999999999,0.018852,0.0025
2017-07-04,0.006123,0.012754000000000001,0.018707,0.0025
2017-07-05,0.005917,0.012809999999999998,0.018863,0.0025
2017-07-06,0.006565,0.013466,0.01947,0.0025
2017-07-07,0.006307,0.013308,0.019433,0.0025
2017-07-10,0.006003,0.012988,0.019049,0.0025
2017-07-11,0.00615,0.013073,0.019068,0.0025
2017-07-12,0.006081,0.012907,0.018888000000000002,0.0025
2017-07-13,0.006309,0.013182000000000001,0.019113,0.0025
2017-07-14,0.006415,0.013375,0.019303999999999998,0.0025
2017-07-17,0.006099,0.013007999999999999,0.019053,0.0025
2017-07-18,0.005556,0.012401,0.018561,0.0025
2017-07-19,0.005314999999999999,0.012119999999999999,0.018278000000000003,0.0025
2017-07-20,0.0055320000000000005,0.012354,0.018524,0.0025
2017-07-21,0.005214,0.01198,0.01817,0.0025
2017-07-24,0.005279000000000001,0.012057,0.018238,0.0025
2017-07-25,0.005758,0.012686999999999999,0.018799,0.0025
2017-07-26,0.005445,0.012483,0.018672,0.0025
2017-07-27,0.005096000000000001,0.012204999999999999,0.018518,0.0025
2017-07-28,0.005301,0.012379,0.018601,0.0025
2017-07-31,0.005456,0.012454,0.018637,0.0025
2017-08-01,0.005293,0.012261,0.01836,0.0025
2017-08-02,0.0055720000000000006,0.012580000000000001,0.018674,0.0025
2017-08-03,0.004903,0.011792,0.018022,0.0025
2017-08-04,0.005052999999999999,0.011877,0.018111,0.0025
2017-08-07,0.0047799999999999995,0.011611,0.017858,0.0025
2017-08-08,0.0049,0.011728,0.017927,0.0025
2017-08-09,0.00454,0.011243000000000001,0.017467999999999997,0.0025
2017-08-10,0.004467,0.011013,0.017222,0.0025
2017-08-11,0.004356,0.010877,0.017100999999999998,0.0025
2017-08-14,0.004494000000000001,0.011045000000000001,0.017253,0.0025
2017-08-15,0.004578,0.011139,0.017397,0.0025
2017-08-16,0.004778,0.011352,0.017634,0.0025
2017-08-17,0.00471,0.011258999999999998,0.017553,0.0025
2017-08-18,0.0046029999999999995,0.011104000000000001,0.017396000000000002,0.0025
2017-08-21,0.0045639999999999995,0.010969,0.017199,0.0025
2017-08-22,0.004619,0.011134999999999999,0.017381999999999998,0.0025
2017-08-23,0.004379,0.010822,0.017079999999999998,0.0025
2017-08-24,0.004395,0.010887,0.01714,0.0025
2017-08-25,0.0042970000000000005,0.010846,0.017068,0.0025
2017-08-29,0.003926,0.010346,0.016612000000000002,0.0025
2017-08-30,0.004169,0.010721000000000001,0.017044,0.0025
2017-08-31,0.004129,0.010688,0.016977,0.0025
2017-09-01,0.004331,0.010952,0.017227,0.0025
2017-09-04,0.004288,0.010920000000000001,0.017274,0.0025
2017-09-05,0.004063,0.010564,0.016804,0.0025
2017-09-06,0.00393,0.010439,0.016701999999999998,0.0025
2017-09-07,0.0036420000000000003,0.009998,0.016244,0.0025
2017-09-08,0.004045,0.010343,0.016486,0.0025
2017-09-11,0.004583,0.010795999999999998,0.016890000000000002,0.0025
2017-09-12,0.005533,0.011825,0.017893,0.0025
2017-09-13,0.005542,0.011833,0.017902,0.0025
2017-09-14,0.006412,0.012535000000000001,0.018399000000000002,0.0025
2017-09-15,0.007402,0.013491,0.019056,0.0025
2017-09-18,0.007208,0.013343,0.018958,0.0025
2017-09-19,0.007379,0.013585,0.019186,0.0025
2017-09-20,0.007441,0.013584,0.019141,0.0025
2017-09-21,0.007762,0.013923000000000001,0.019358,0.0025
2017-09-22,0.007745999999999999,0.013876,0.019345,0.0025
2017-09-25,0.0075239999999999994,0.013593,0.019047,0.0025
2017-09-26,0.007638000000000001,0.013611,0.019014,0.0025
2017-09-27,0.008012,0.014058999999999999,0.019406,0.0025
2017-09-28,0.008005,0.014052,0.019355,0.0025
2017-09-29,0.007836,0.013828,0.019135,0.0025
2017-10-02,0.007554999999999999,0.013526,0.018864000000000002,0.0025
2017-10-03,0.007789000000000001,0.013809,0.019119,0.0025
2017-10-04,0.007826999999999999,0.01393,0.019311000000000002,0.0025
2017-10-05,0.007928,0.014105000000000001,0.019604999999999997,0.0025
2017-10-06,0.0076500000000000005,0.013927,0.019477,0.0025
2017-10-09,0.0075780000000000005,0.01385,0.019449,0.0025
2017-10-10,0.007743,0.013925,0.019458,0.0025
2017-10-11,0.007915,0.014053,0.019532,0.0025
2017-10-12,0.008023,0.014058999999999999,0.019468,0.0025
2017-10-13,0.008048999999999999,0.013964,0.019261999999999998,0.0025
2017-10-16,0.007844,0.013712,0.018979,0.0025
2017-10-17,0.007308,0.013169,0.018544,0.0025
2017-10-18,0.007611,0.013479000000000001,0.018814,0.0025
2017-10-19,0.007271,0.013097000000000001,0.018474,0.0025
2017-10-20,0.007713,0.013662,0.019055,0.0025
2017-10-23,0.0075829999999999995,0.013471,0.018848,0.0025
2017-10-24,0.007982,0.013897999999999999,0.01919,0.0025
2017-10-25,0.008582,0.014480999999999999,0.019625999999999998,0.0025
2017-10-26,0.008439,0.014393,0.019624,0.0025
2017-10-27,0.008058,0.013975999999999999,0.019289,0.0025
2017-10-30,0.007808000000000001,0.013713,0.019071,0.0025
2017-10-31,0.007894,0.01376,0.019042,0.0025
2017-11-01,0.008187,0.013905,0.019054,0.0025
2017-11-02,0.007117,0.013079,0.018515999999999998,0.005
2017-11-03,0.0072629999999999995,0.0131,0.018615,0.005
2017-11-06,0.00722,0.013031,0.018518,0.005
2017-11-07,0.007112,0.012870999999999999,0.018340000000000002,0.005
2017-11-08,0.006958,0.012573,0.017935,0.005
2017-11-09,0.0073939999999999995,0.013089,0.018387,0.005
2017-11-10,0.008,0.013864000000000001,0.019091,0.005
2017-11-13,0.007953,0.013773,0.018994,0.005
2017-11-14,0.007754,0.013589,0.018881,0.005
2017-11-15,0.007614999999999999,0.013352,0.018652,0.005
2017-11-16,0.007808000000000001,0.013495,0.018725000000000002,0.005
2017-11-17,0.007878,0.013505,0.018648,0.005
2017-11-20,0.007756999999999999,0.013279000000000001,0.018332,0.005
2017-11-21,0.0077610000000000005,0.013173999999999998,0.018181,0.005
2017-11-22,0.007727,0.01322,0.018297,0.005
2017-11-23,0.007463999999999999,0.012961,0.018111,0.005
2017-11-24,0.007493,0.012945,0.017995,0.005
2017-11-27,0.007594999999999999,0.013059000000000001,0.018146,0.005
2017-11-28,0.007593,0.013031999999999998,0.018149,0.005
2017-11-29,0.008461,0.01397,0.01892,0.005
2017-11-30,0.008238,0.013711,0.018701000000000002,0.005
2017-12-01,0.007349,0.012725,0.017823,0.005
2017-12-04,0.007961000000000001,0.013302000000000001,0.018372,0.005
2017-12-05,0.007829000000000001,0.013122,0.018195,0.005
2017-12-06,0.0075060000000000005,0.012838,0.017955000000000002,0.005
2017-12-07,0.007682,0.01307,0.018245,0.005
2017-12-08,0.007859,0.013325,0.01844,0.005
2017-12-11,0.007228,0.012601,0.017804,0.005
2017-12-12,0.007431,0.012809999999999998,0.017929,0.005
2017-12-13,0.007522,0.012741,0.017789,0.005
2017-12-14,0.007206000000000001,0.012329000000000001,0.01726,0.005
2017-12-15,0.007175,0.012195000000000001,0.017107,0.005
2017-12-18,0.007115,0.012107000000000001,0.017013,0.005
2017-12-19,0.00751,0.012698000000000001,0.017709,0.005
2017-12-20,0.007873999999999999,0.013206,0.018243,0.005
2017-12-21,0.007847,0.013221,0.018263,0.005
2017-12-22,0.007644,0.013009,0.018062,0.005
2017-12-27,0.007177,0.012386,0.017471,0.005
2017-12-28,0.0074,0.012618,0.017621,0.005
2017-12-29,0.00734,0.012536,0.01748,0.005
2018-01-02,0.008105,0.013416999999999998,0.018313,0.005
2018-01-03,0.007586000000000001,0.012816000000000001,0.017724,0.005
2018-01-04,0.007802,0.013009,0.017877,0.005
2018-01-05,0.007818,0.013028,0.017878,0.005
2018-01-08,0.007795,0.012897,0.017676,0.005
2018-01-09,0.008199999999999999,0.013397,0.018164,0.005
2018-01-10,0.008284,0.013517999999999999,0.018293,0.005
2018-01-11,0.008591999999999999,0.013744000000000001,0.018405,0.005
2018-01-12,0.008955999999999999,0.013956,0.018487,0.005
2018-01-15,0.008905999999999999,0.013793999999999999,0.018245,0.005
2018-01-16,0.008754999999999999,0.013652,0.018194,0.005
2018-01-17,0.008685,0.013595,0.018111,0.005
2018-01-18,0.009081,0.013939,0.018397,0.005
2018-01-19,0.00898,0.013963000000000001,0.018482000000000002,0.005
2018-01-22,0.009086,0.014114999999999999,0.018618,0.005
2018-01-23,0.009134999999999999,0.014119999999999999,0.018571999999999998,0.005
2018-01-24,0.009639,0.014641,0.018965,0.005
2018-01-25,0.009713000000000001,0.014627,0.018872,0.005
2018-01-26,0.010067,0.014876,0.018965,0.005
2018-01-29,0.010276,0.015053,0.018971000000000002,0.005
2018-01-30,0.010185999999999999,0.015055,0.019060999999999998,0.005
2018-01-31,0.010449,0.015281,0.019265,0.005
2018-02-01,0.010748,0.015581000000000001,0.019424999999999998,0.005
2018-02-02,0.011067,0.015996999999999997,0.019707,0.005
2018-02-05,0.010946000000000001,0.015946000000000002,0.019725,0.005
2018-02-06,0.010336000000000001,0.015482000000000001,0.019504999999999998,0.005
2018-02-07,0.010577000000000001,0.01572,0.019708,0.005
2018-02-08,0.011592,0.016524,0.020122,0.005
2018-02-09,0.011338999999999998,0.016232,0.019813,0.005
2018-02-12,0.011380999999999999,0.016266,0.019838,0.005
2018-02-13,0.011603,0.016478,0.020017999999999998,0.005
2018-02-14,0.011654,0.016609,0.020221,0.005
2018-02-15,0.011760999999999999,0.016846,0.020551,0.005
2018-02-16,0.011160000000000002,0.016186,0.019873000000000002,0.005
2018-02-19,0.011289,0.016333,0.019992,0.005
2018-02-20,0.011092999999999999,0.016037,0.019657,0.005
2018-02-21,0.011022,0.015879,0.019494,0.005
2018-02-22,0.011013,0.015830999999999998,0.019473,0.005
2018-02-23,0.01094,0.01567,0.019326,0.005
2018-02-26,0.010886,0.015544,0.019178999999999998,0.005
2018-02-27,0.011276999999999999,0.01598,0.019566,0.005
2018-02-28,0.010857,0.015532999999999998,0.019146,0.005
2018-03-01,0.010519,0.015152,0.01884,0.005
2018-03-02,0.010461,0.015064,0.018792,0.005
2018-03-05,0.010747,0.01537,0.019093,0.005
2018-03-06,0.011000000000000001,0.015671,0.019329,0.005
2018-03-07,0.010872,0.01547,0.019105,0.005
2018-03-08,0.01079,0.015301,0.018933,0.005
2018-03-09,0.011004,0.015534,0.019246,0.005
2018-03-12,0.011019000000000001,0.015542,0.019269,0.005
2018-03-13,0.011014,0.015338000000000001,0.018916,0.005
2018-03-14,0.010479,0.014777,0.018261,0.005
2018-03-15,0.010592999999999998,0.014839,0.018197,0.005
2018-03-16,0.010677,0.014856000000000001,0.018125,0.005
2018-03-19,0.010837000000000001,0.014889,0.017944,0.005
2018-03-20,0.011393,0.015325,0.018103,0.005
2018-03-21,0.011963999999999999,0.015815,0.018328999999999998,0.005
2018-03-22,0.011107,0.014719,0.01734,0.005
2018-03-23,0.011365,0.014981,0.017654,0.005
2018-03-26,0.011373,0.015013,0.017625,0.005
2018-03-27,0.01114,0.014691000000000001,0.017442,0.005
2018-03-28,0.010509999999999999,0.014233,0.01722,0.005
2018-03-29,0.010351999999999998,0.014096,0.017181,0.005
2018-04-03,0.010447999999999999,0.014200999999999998,0.01737,0.005
2018-04-04,0.010527,0.014325000000000001,0.017602,0.005
2018-04-05,0.010919000000000002,0.01477,0.018000000000000002,0.005
2018-04-06,0.010795999999999998,0.0146,0.017807,0.005
2018-04-09,0.010915,0.014700999999999999,0.017872,0.005
2018-04-10,0.01102,0.014836,0.018117,0.005
2018-04-11,0.010851999999999999,0.014504,0.017616,0.005
2018-04-12,0.011297999999999999,0.01505,0.018116,0.005
2018-04-13,0.011251,0.014983999999999999,0.018075,0.005
2018-04-16,0.011476,0.015264999999999999,0.018366,0.005
2018-04-17,0.011231999999999999,0.015106999999999999,0.018289,0.005
2018-04-18,0.010814999999999998,0.014879999999999999,0.018262,0.005
2018-04-19,0.011515,0.015733,0.019056,0.005
2018-04-20,0.011102,0.015558,0.019025,0.005
2018-04-23,0.011179,0.015854,0.019396,0.005
2018-04-24,0.011472,0.01603,0.019497,0.005
2018-04-25,0.011624,0.016019000000000002,0.019332000000000002,0.005
2018-04-26,0.01146,0.015684,0.01895,0.005
2018-04-27,0.010733,0.015168,0.018633999999999998,0.005
2018-04-30,0.010426999999999999,0.014902,0.018365,0.005
2018-05-01,0.010343999999999999,0.014752000000000001,0.018255,0.005
2018-05-02,0.010845,0.015263,0.01876,0.005
2018-05-03,0.010211,0.014673,0.018234999999999998,0.005
2018-05-04,0.010360000000000001,0.014737,0.018286,0.005
2018-05-08,0.010752,0.01517,0.018683,0.005
2018-05-09,0.011024,0.01544,0.018879999999999997,0.005
2018-05-10,0.010511,0.015025,0.018619,0.005
2018-05-11,0.010726,0.015250999999999999,0.018834,0.005
2018-05-14,0.01102,0.015571999999999999,0.019091,0.005
2018-05-15,0.011362,0.015884,0.019275,0.005
2018-05-16,0.011200000000000002,0.015763,0.019171,0.005
2018-05-17,0.011741999999999999,0.016306,0.019563,0.005
2018-05-18,0.011202,0.015767,0.01917,0.005
2018-05-21,0.011082000000000002,0.015671,0.019146,0.005
2018-05-22,0.011388,0.015987,0.019394,0.005
2018-05-23,0.010591,0.015159,0.018712,0.005
2018-05-24,0.010311999999999998,0.014833,0.018417,0.005
2018-05-25,0.009756,0.01424,0.017868,0.005
2018-05-29,0.008869,0.013326,0.017133,0.005
2018-05-30,0.008753,0.013266,0.017023,0.005
2018-05-31,0.008716,0.013247,0.016995,0.005
2018-06-01,0.009169,0.013793,0.017553,0.005
2018-06-04,0.009439999999999999,0.01398,0.017657,0.005
2018-06-05,0.009453,0.013906,0.017576,0.005
2018-06-06,0.010279,0.014837,0.018502,0.005
2018-06-07,0.010483,0.01508,0.018746,0.005
2018-06-08,0.010409999999999999,0.014948,0.018603,0.005
2018-06-11,0.010461,0.015071000000000001,0.018699,0.005
2018-06-12,0.010391999999999998,0.014903,0.018467,0.005
2018-06-13,0.010144,0.014568000000000001,0.018087,0.005
2018-06-14,0.009944,0.014247000000000001,0.017669999999999998,0.005
2018-06-15,0.009819,0.014168,0.017728999999999998,0.005
2018-06-18,0.009874,0.014258999999999999,0.017869,0.005
2018-06-19,0.009542,0.013883000000000001,0.017586,0.005
2018-06-20,0.009629,0.013996,0.01772,0.005
2018-06-21,0.009649999999999999,0.013849,0.017472,0.005
2018-06-22,0.010021,0.014188000000000001,0.017747,0.005
2018-06-25,0.009829,0.014071,0.017768,0.005
2018-06-26,0.009787,0.014041,0.017666,0.005
2018-06-27,0.009407,0.013582,0.01725,0.005
2018-06-28,0.009396999999999999,0.013627,0.017269,0.005
2018-06-29,0.009642,0.013821000000000002,0.017395,0.005
2018-07-02,0.00942,0.013613,0.017252,0.005
2018-07-03,0.00927,0.013479000000000001,0.017089,0.005
2018-07-04,0.009622,0.013804,0.017378,0.005
2018-07-05,0.009534,0.013599000000000002,0.017127,0.005
2018-07-06,0.009701,0.013656,0.017099,0.005
2018-07-09,0.009772999999999999,0.013783,0.017156,0.005
2018-07-10,0.010032000000000001,0.014015,0.017379,0.005
2018-07-11,0.010012,0.014014,0.017395,0.005
2018-07-12,0.009765000000000001,0.013805000000000001,0.017236,0.005
2018-07-13,0.009758,0.013783,0.017283,0.005
2018-07-16,0.009963999999999999,0.013984000000000002,0.01747,0.005
2018-07-17,0.009732,0.013662,0.017173,0.005
2018-07-18,0.009383,0.013326,0.016940999999999998,0.005
2018-07-19,0.009097,0.012920000000000001,0.016534,0.005
2018-07-20,0.00942,0.013357,0.016868,0.005
2018-07-23,0.009711,0.013664,0.017107,0.005
2018-07-24,0.009701,0.013652,0.017097,0.005
2018-07-25,0.009746,0.013664,0.017063,0.005
2018-07-26,0.009852,0.013815,0.017287,0.005
2018-07-27,0.009882,0.013851,0.017356,0.005
2018-07-30,0.010388999999999999,0.014517,0.018005,0.005
2018-07-31,0.010185999999999999,0.014296999999999999,0.017756,0.005
2018-08-01,0.010690999999999999,0.01485,0.018203,0.005
2018-08-02,0.010632999999999998,0.014776000000000001,0.018137,0.0075
2018-08-03,0.010128999999999999,0.014267,0.017722,0.0075
2018-08-06,0.009854,0.014025000000000001,0.017485,0.0075
2018-08-07,0.010067999999999999,0.014333,0.017726,0.0075
2018-08-08,0.01002,0.014225000000000002,0.017679,0.0075
2018-08-09,0.009936,0.014092,0.017606,0.0075
2018-08-10,0.009455,0.013583000000000001,0.017173,0.0075
2018-08-13,0.009638,0.013763000000000001,0.017337,0.0075
2018-08-14,0.009655,0.013762000000000002,0.017338,0.0075
2018-08-15,0.009277,0.013337000000000002,0.01698,0.0075
2018-08-16,0.009364,0.013441000000000002,0.017075,0.0075
2018-08-17,0.009396999999999999,0.013441000000000002,0.017108,0.0075
2018-08-20,0.009325,0.013307,0.016971,0.0075
2018-08-21,0.009689,0.013796,0.017434,0.0075
2018-08-22,0.009746,0.013857,0.017484,0.0075
2018-08-23,0.009760999999999999,0.013878999999999999,0.017506,0.0075
2018-08-24,0.00975,0.013885000000000002,0.017556000000000002,0.0075
2018-08-28,0.010002,0.014184,0.017808,0.0075
2018-08-29,0.010476000000000001,0.01462,0.018138,0.0075
2018-08-30,0.010241,0.0143,0.017846,0.0075
2018-08-31,0.010022999999999999,0.014079999999999999,0.017692,0.0075
2018-09-03,0.009844,0.013836999999999999,0.017498,0.0075
2018-09-04,0.009944,0.014011000000000001,0.017747,0.0075
2018-09-05,0.010283,0.014442,0.018199,0.0075
2018-09-06,0.00985,0.013947000000000001,0.017715,0.0075
2018-09-07,0.010143,0.014316,0.018059000000000002,0.0075
2018-09-10,0.010259,0.014450000000000001,0.018218,0.0075
2018-09-11,0.010692,0.014686999999999999,0.018577,0.0075
2018-09-12,0.010561000000000001,0.014616,0.018349999999999998,0.0075
2018-09-13,0.010735,0.014798,0.018502,0.0075
2018-09-14,0.010962000000000001,0.015005999999999999,0.018618,0.0075
2018-09-17,0.011052,0.015092000000000001,0.018678,0.0075
2018-09-18,0.011184000000000001,0.015375000000000002,0.019001,0.0075
2018-09-19,0.011625000000000002,0.015856,0.019459,0.0075
2018-09-20,0.01153,0.015678,0.019212,0.0075
2018-09-21,0.011171,0.015326,0.018911,0.0075
2018-09-24,0.011559,0.015851,0.019462,0.0075
2018-09-25,0.011738,0.016082,0.019725,0.0075
2018-09-26,0.011453,0.015763,0.019376,0.0075
2018-09-27,0.011519999999999999,0.015745,0.019276,0.0075
2018-09-28,0.011377,0.015588,0.019121,0.0075
2018-10-01,0.011354999999999999,0.015615,0.019164,0.0075
2018-10-02,0.010979000000000001,0.015234000000000001,0.018937,0.0075
2018-10-03,0.011196,0.015466,0.019138,0.0075
2018-10-04,0.012086,0.016409,0.019875,0.0075
2018-10-05,0.012539,0.016887,0.020326,0.0075
2018-10-08,0.012301,0.016623000000000002,0.020061,0.0075
2018-10-09,0.012289000000000001,0.01667,0.020284,0.0075
2018-10-10,0.012581,0.017035,0.020665,0.0075
2018-10-11,0.012164999999999999,0.01665,0.020491000000000002,0.0075
2018-10-12,0.011715,0.016253,0.020173999999999997,0.0075
2018-10-15,0.011382000000000001,0.015961,0.019952,0.0075
2018-10-16,0.011449,0.016029,0.019884,0.0075
2018-10-17,0.011049999999999999,0.015560000000000001,0.019364,0.0075
2018-10-18,0.010934999999999999,0.015494,0.019358,0.0075
2018-10-19,0.011016,0.015513999999999998,0.019320999999999998,0.0075
2018-10-22,0.010602,0.015105,0.01899,0.0075
2018-10-23,0.010363,0.014729,0.018611,0.0075
2018-10-24,0.010053000000000001,0.014421999999999999,0.018424,0.0075
2018-10-25,0.009923,0.014282,0.018358,0.0075
2018-10-26,0.009305,0.013604,0.017872,0.0075
2018-10-29,0.009482,0.013859999999999999,0.018083000000000002,0.0075
2018-10-30,0.009608,0.013915,0.017984,0.0075
2018-10-31,0.009974,0.01431,0.018373999999999998,0.0075
2018-11-01,0.010176000000000001,0.014466000000000001,0.018438,0.0075
2018-11-02,0.010570999999999999,0.014849000000000001,0.01876,0.0075
2018-11-05,0.010643,0.0149,0.018823,0.0075
2018-11-06,0.010882000000000001,0.015248,0.019171,0.0075
2018-11-07,0.010914,0.015254,0.019219,0.0075
2018-11-08,0.011252,0.01559,0.01957,0.0075
2018-11-09,0.010644,0.014981,0.019089000000000002,0.0075
2018-11-12,0.010008,0.014427,0.018729,0.0075
2018-11-13,0.010608,0.015098,0.019374,0.0075
2018-11-14,0.01049,0.015064,0.019504999999999998,0.0075
2018-11-15,0.009127,0.01414,0.018562000000000002,0.0075
2018-11-16,0.009500999999999999,0.014199,0.019159,0.0075
2018-11-19,0.009121,0.014136,0.01873,0.0075
2018-11-20,0.009243,0.014362,0.018663,0.0075
2018-11-21,0.009408999999999999,0.014357,0.018456999999999998,0.0075
2018-11-22,0.009701,0.014598,0.018928,0.0075
2018-11-23,0.009471,0.014195,0.018148,0.0075
2018-11-26,0.009722,0.014153,0.019139,0.0075
2018-11-27,0.009558,0.013991,0.019227,0.0075
2018-11-28,0.009379,0.013968000000000001,0.019495,0.0075
2018-11-29,0.009146999999999999,0.01363,0.019202999999999998,0.0075
2018-11-30,0.009300000000000001,0.0143,0.019,0.0075
2018-12-03,0.0089,0.0139,0.018500000000000003,0.0075
2018-12-04,0.0088,0.013500000000000002,0.0178,0.0075
2018-12-05,0.0091,0.0132,0.0184,0.0075
2018-12-06,0.0084,0.0124,0.0174,0.0075
2018-12-07,0.008679,0.012837000000000001,0.017659,0.0075
2018-12-10,0.00788,0.011806,0.016086,0.0075
2018-12-11,0.008103,0.012024,0.016708,0.0075
2018-12-12,0.008853999999999999,0.013354999999999999,0.017306,0.0075
2018-12-13,0.008957,0.013165,0.017488,0.0075
2018-12-14,0.00852,0.012896000000000001,0.016977,0.0075
2018-12-17,0.008843,0.013247,0.017334000000000002,0.0075
2018-12-18,0.009163,0.013392999999999999,0.016827,0.0075
2018-12-19,0.008916,0.013283,0.017334000000000002,0.0075
2018-12-20,0.008748,0.013237,0.01694,0.0075
2018-12-21,0.009266,0.013781000000000002,0.01726,0.0075
2018-12-24,0.008798,0.013001,0.016659,0.0075
2018-12-27,0.009099000000000001,0.013586,0.017292000000000002,0.0075
2018-12-28,0.008949,0.013432999999999999,0.017077,0.0075
2018-12-31,0.009011,0.013339,0.017726,0.0075
2019-01-02,0.008375,0.012544,0.017338,0.0075
2019-01-03,0.008141,0.012230000000000001,0.017020999999999998,0.0075
2019-01-04,0.009064,0.013260000000000001,0.017153,0.0075
2019-01-07,0.008773,0.012789,0.017301999999999998,0.0075
2019-01-08,0.008844,0.013314999999999999,0.01722,0.0075
2019-01-09,0.00889,0.013173999999999998,0.01693,0.0075
2019-01-10,0.009092,0.013181,0.017259,0.0075
2019-01-11,0.009318,0.013279000000000001,0.017645,0.0075
2019-01-14,0.009423,0.013322,0.017509999999999998,0.0075
2019-01-15,0.009278999999999999,0.012986,0.017176,0.0075
2019-01-16,0.009278999999999999,0.012986,0.017176,0.0075
2019-01-17,0.009663,0.013659,0.017877,0.0075
2019-01-18,0.009824000000000001,0.014145000000000001,0.017589,0.0075
2019-01-21,0.009651999999999999,0.013565,0.017835,0.0075
2019-01-22,0.009518,0.013441000000000002,0.017861000000000002,0.0075
2019-01-23,0.009661,0.013829000000000001,0.017109,0.0075
2019-01-24,0.009139000000000001,0.013325,0.017119,0.0075
2019-01-25,0.009528,0.013611,0.016921,0.0075
2019-01-28,0.009245,0.013257000000000001,0.01664,0.0075
2019-01-29,0.009324,0.013277,0.016538,0.0075
2019-01-30,0.009301,0.013146999999999999,0.016524,0.0075
2019-01-31,0.008841,0.012531,0.016753,0.0075
2019-02-01,0.008903,0.012845,0.016878,0.0075
2019-02-04,0.008903,0.012845,0.016878,0.0075
2019-02-05,0.00879,0.012801,0.016854,0.0075
2019-02-06,0.008745000000000001,0.012615000000000001,0.016724000000000003,0.0075
2019-02-07,0.008403,0.012339,0.015998000000000002,0.0075
2019-02-08,0.008004,0.011760999999999999,0.016197,0.0075
2019-02-11,0.008236,0.011963,0.01635,0.0075
2019-02-12,0.008394,0.012156,0.016476,0.0075
2019-02-13,0.008419,0.012169000000000001,0.016514,0.0075
2019-02-14,0.008004,0.011760999999999999,0.016197,0.0075
2019-02-15,0.008213,0.012123,0.01636,0.0075
2019-02-18,0.008301,0.012084,0.016314,0.0075
2019-02-19,0.008387,0.012282999999999999,0.016116,0.0075
2019-02-20,0.008792,0.012579,0.01601,0.0075
2019-02-21,0.008728,0.012390000000000002,0.016687,0.0075
2019-02-22,0.00871,0.011926,0.015969999999999998,0.0075
2019-02-25,0.008498,0.012118,0.01663,0.0075
2019-02-26,0.008853,0.012466999999999999,0.016967,0.0075
2019-02-27,0.009615,0.013217000000000001,0.01764,0.0075
2019-02-28,0.009616,0.013366,0.01775,0.0075
2019-03-01,0.009598,0.013681,0.017013,0.0075
2019-03-04,0.009425,0.013455,0.017321,0.0075
2019-03-05,0.009504,0.01318,0.01735,0.0075
2019-03-06,0.008933,0.012573,0.016730000000000002,0.0075
2019-03-07,0.008339,0.011893,0.016146,0.0075
2019-03-08,0.00863,0.012228000000000001,0.016572,0.0075
2019-03-11,0.008432,0.012029000000000001,0.016377,0.0075
2019-03-12,0.008468,0.012099,0.016488,0.0075
2019-03-13,0.008748,0.012431000000000001,0.016881999999999998,0.0075
2019-03-14,0.008994,0.012641,0.016936,0.0075
2019-03-15,0.008844,0.012466999999999999,0.016749,0.0075
2019-03-18,0.008655000000000001,0.012236,0.016527,0.0075
2019-03-19,0.008733999999999999,0.012263999999999999,0.016432,0.0075
2019-03-20,0.008396,0.011766,0.015857,0.0075
2019-03-21,0.007716,0.011147,0.014535,0.0075
2019-03-22,0.007463999999999999,0.010644,0.013552999999999999,0.0075
2019-03-25,0.007052,0.010267,0.014065000000000001,0.0075
2019-03-26,0.007511,0.010827,0.013951999999999999,0.0075
2019-03-27,0.007421,0.010505,0.014616,0.0075
2019-03-28,0.0069630000000000004,0.010626,0.015081,0.0075
2019-03-29,0.007346,0.010945,0.014244000000000001,0.0075
2019-04-01,0.007314,0.01097,0.01547,0.0075
2019-04-02,0.007252999999999999,0.010661,0.014632000000000001,0.0075
2019-04-03,0.0076359999999999996,0.011246,0.015674,0.0075
2019-04-04,0.007876,0.011519999999999999,0.014915000000000001,0.0075
2019-04-05,0.008048999999999999,0.011573,0.016089,0.0075
2019-04-08,0.007904,0.011426,0.01555,0.0075
2019-04-09,0.00792,0.011751000000000001,0.01567,0.0075
2019-04-10,0.007916,0.011437,0.015583,0.0075
2019-04-11,0.008414,0.012098,0.016222,0.0075
2019-04-12,0.008939,0.012501,0.016849,0.0075
2019-04-15,0.008991,0.012518,0.016768,0.0075
2019-04-16,0.009027,0.012521,0.016778,0.0075
2019-04-17,0.00911,0.012734,0.016987000000000002,0.0075
2019-04-18,0.008716,0.012356,0.016687,0.0075
2019-04-23,0.008979000000000001,0.012617,0.016909,0.0075
2019-04-24,0.008502,0.012202999999999999,0.0165,0.0075
2019-04-25,0.008286,0.011973000000000001,0.016374,0.0075
2019-04-26,0.008085,0.011837,0.016322,0.0075
2019-04-29,0.008252,0.011936,0.016257999999999998,0.0075
2019-04-30,0.008625,0.012238,0.016481,0.0075
2019-05-01,0.008383,0.011994,0.016184,0.0075
2019-05-02,0.008667000000000001,0.012399,0.016629,0.0075
2019-05-03,0.009087,0.012554000000000001,0.016801999999999997,0.0075
2019-05-07,0.008706,0.012493,0.016073,0.0075
2019-05-08,0.008416,0.011995,0.015609999999999999,0.0075
2019-05-09,0.008307,0.012027000000000001,0.015489,0.0075
2019-05-10,0.008419,0.012157,0.015609,0.0075
2019-05-13,0.008147,0.011833,0.015649,0.0075
2019-05-14,0.007911,0.011430000000000001,0.015924,0.0075
2019-05-15,0.007996,0.011507,0.015052000000000001,0.0075
2019-05-16,0.007814,0.011479999999999999,0.015234000000000001,0.0075
2019-05-17,0.007576,0.01093,0.015437000000000001,0.0075
2019-05-20,0.007948,0.011525,0.014975,0.0075
2019-05-21,0.008139,0.011396,0.015691,0.0075
2019-05-22,0.0075829999999999995,0.011166,0.014736,0.0075
2019-05-23,0.006965,0.010485,0.014336999999999999,0.0075
2019-05-24,0.006569,0.010283,0.014636,0.0075
2019-05-28,0.006696,0.01016,0.013604,0.0075
2019-05-29,0.006139,0.009771,0.013812,0.0075
2019-05-30,0.006436,0.009941,0.013403,0.0075
2019-05-31,0.006522,0.009775,0.013505,0.0075
2019-06-03,0.0059819999999999995,0.009596,0.013357,0.0075
2019-06-04,0.006455,0.009938,0.013416999999999998,0.0075
2019-06-05,0.005875,0.009152,0.013772,0.0075
2019-06-06,0.005790999999999999,0.009431,0.013019000000000001,0.0075
2019-06-07,0.005637,0.008901,0.01242,0.0075
2019-06-10,0.005594,0.008872999999999999,0.013571,0.0075
2019-06-11,0.0058530000000000006,0.00942,0.013395999999999998,0.0075
2019-06-12,0.005736,0.009605,0.013758999999999999,0.0075
2019-06-13,0.0057989999999999995,0.008931,0.013669,0.0075
2019-06-14,0.005988,0.009349,0.013590999999999999,0.0075
2019-06-17,0.005906,0.009127,0.013605,0.0075
2019-06-18,0.005516999999999999,0.008578,0.013156000000000001,0.0075
2019-06-19,0.006072999999999999,0.009343,0.013546,0.0075
2019-06-20,0.005477999999999999,0.00906,0.013677,0.0075
2019-06-21,0.005947,0.009069,0.013595,0.0075
2019-06-24,0.005620000000000001,0.00873,0.013562000000000001,0.0075
2019-06-25,0.0055130000000000005,0.009045,0.013148,0.0075
2019-06-26,0.005732,0.008865,0.013779999999999999,0.0075
2019-06-27,0.006005,0.009283,0.013899,0.0075
2019-06-28,0.006097,0.009509,0.013574999999999999,0.0075
2019-07-01,0.005673,0.008728,0.013649,0.0075
2019-07-02,0.00503,0.008335,0.012048000000000001,0.0075
2019-07-03,0.004736000000000001,0.007995,0.011575,0.0075
2019-07-04,0.004678,0.007861,0.011578999999999999,0.0075
2019-07-05,0.005368,0.00852,0.012166,0.0075
2019-07-08,0.004818,0.008123,0.011889,0.0075
2019-07-09,0.004967,0.008177,0.011895,0.0075
2019-07-10,0.005302,0.008591999999999999,0.012251000000000001,0.0075
2019-07-11,0.006194,0.009413,0.012897,0.0075
2019-07-12,0.00615,0.009448,0.012910999999999999,0.0075
2019-07-15,0.005533,0.008578,0.013327,0.0075
2019-07-16,0.00599,0.009269,0.012924999999999999,0.0075
2019-07-17,0.005339,0.008634,0.012291000000000002,0.0075
2019-07-18,0.0052580000000000005,0.008579,0.012272,0.0075
2019-07-19,0.005028,0.008389,0.012049,0.0075
2019-07-22,0.004847000000000001,0.008125,0.011739,0.0075
2019-07-23,0.0046110000000000005,0.007875,0.011536,0.0075
2019-07-24,0.004568,0.007643,0.011495,0.0075
2019-07-25,0.004819,0.008174,0.011961999999999999,0.0075
2019-07-26,0.004507,0.007975,0.011897,0.0075
2019-07-29,0.004195,0.007685,0.011739999999999999,0.0075
2019-07-30,0.003868,0.007562,0.011892,0.0075
2019-07-31,0.0038290000000000004,0.007312999999999999,0.011517999999999999,0.0075
2019-08-01,0.003277,0.006886,0.011335999999999999,0.0075
2019-08-02,0.003413,0.006679000000000001,0.010814999999999998,0.0075
2019-08-05,0.0028610000000000003,0.0061329999999999996,0.01027,0.0075
2019-08-06,0.0030180000000000003,0.006237,0.010343999999999999,0.0075
2019-08-07,0.003085,0.005797,0.009629,0.0075
2019-08-08,0.0035199999999999997,0.0063419999999999995,0.010259,0.0075
2019-08-09,0.003189,0.0060019999999999995,0.00999,0.0075
2019-08-12,0.003118,0.0059889999999999995,0.010002,0.0075
2019-08-13,0.003239,0.005932,0.00974,0.0075
2019-08-14,0.003079,0.0054459999999999995,0.009023,0.0075
2019-08-15,0.002993,0.004977,0.008109,0.0075
2019-08-16,0.003649,0.0056110000000000005,0.008723999999999999,0.0075
2019-08-19,0.0036820000000000004,0.0058579999999999995,0.009183,0.0075
2019-08-20,0.003477,0.005535,0.00876,0.0075
2019-08-21,0.003467,0.005531,0.008672,0.0075
2019-08-22,0.003922,0.006165,0.00938,0.0075
2019-08-23,0.00363,0.006065,0.009439999999999999,0.0075
2019-08-27,0.002985,0.005385999999999999,0.008829,0.0075
2019-08-28,0.0025280000000000003,0.0048070000000000005,0.008267,0.0075
2019-08-29,0.002589,0.004763,0.008166,0.0075
2019-08-30,0.002976,0.005161,0.008549,0.0075
2019-09-02,0.002487,0.0046300000000000004,0.007902,0.0075
2019-09-03,0.002263,0.004309,0.007496,0.0075
2019-09-04,0.003107,0.005350000000000001,0.008547,0.0075
2019-09-05,0.003952,0.006383,0.00978,0.0075
2019-09-06,0.0030459999999999997,0.005321,0.008566,0.0075
2019-09-09,0.0038629999999999997,0.006273,0.009575,0.0075
2019-09-10,0.00413,0.006514,0.009745,0.0075
2019-09-11,0.004312,0.0065910000000000005,0.00974,0.0075
2019-09-12,0.0044340000000000004,0.006567,0.00958,0.0075
2019-09-13,0.0053820000000000005,0.007731,0.010792,0.0075
2019-09-16,0.004684,0.0069689999999999995,0.009957,0.0075
2019-09-17,0.004635,0.006999999999999999,0.009953,0.0075
2019-09-18,0.004635,0.006999999999999999,0.009953,0.0075
2019-09-19,0.0043159999999999995,0.006417000000000001,0.009215,0.0075
2019-09-20,0.00438,0.00642,0.009228,0.0075
2019-09-23,0.0035659999999999997,0.00551,0.0083,0.0075
2019-09-24,0.0034620000000000002,0.005456,0.008251,0.0075
2019-09-25,0.003374,0.005410000000000001,0.008231,0.0075
2019-09-26,0.003313,0.005403,0.008246999999999999,0.0075
2019-09-27,0.002696,0.0052569999999999995,0.008388,0.0075
2019-09-30,0.002593,0.005092,0.008331,0.0075
2019-10-01,0.002285,0.004868,0.008076999999999999,0.0075
2019-10-02,0.002621,0.005157,0.008342,0.0075
2019-10-03,0.002489,0.005078,0.008357999999999999,0.0075
2019-10-04,0.0021279999999999997,0.0046429999999999996,0.007893,0.0075
2019-10-07,0.002197,0.004765,0.008057,0.0075
2019-10-08,0.001817,0.004402,0.00775,0.0075
2019-10-09,0.002329,0.004863,0.008176,0.0075
2019-10-10,0.003198,0.005734,0.009015,0.0075
2019-10-11,0.004882,0.007296,0.010351999999999998,0.0075
2019-10-14,0.004124,0.006644,0.009779,0.0075
2019-10-15,0.004662,0.007285000000000001,0.010338,0.0075
2019-10-16,0.004441,0.007147,0.010274,0.0075
2019-10-17,0.004431,0.0072050000000000005,0.01043,0.0075
2019-10-18,0.004656,0.007354,0.010581,0.0075
2019-10-21,0.005089,0.0077480000000000005,0.011021000000000001,0.0075
2019-10-22,0.004616,0.007319,0.010682,0.0075
2019-10-23,0.004496,0.007054,0.010313000000000001,0.0075
2019-10-24,0.003921,0.0065639999999999995,0.009764,0.0075
2019-10-25,0.0042049999999999995,0.0069169999999999995,0.010121,0.0075
2019-10-28,0.004824999999999999,0.00746,0.010739,0.0075
2019-10-29,0.004786,0.007446,0.010865,0.0075
2019-10-30,0.004475,0.007107,0.010479,0.0075
2019-10-31,0.004053,0.00653,0.009812,0.0075
2019-11-01,0.004433,0.006939,0.010214,0.0075
2019-11-04,0.004574,0.007401,0.010738000000000001,0.0075
2019-11-05,0.005079,0.007917,0.011187,0.0075
2019-11-06,0.00497,0.007602,0.010936,0.0075
2019-11-07,0.00494,0.007925,0.011366000000000001,0.0075
2019-11-08,0.0052710000000000005,0.008181,0.011576999999999999,0.0075
2019-11-11,0.0052710000000000005,0.008181,0.011576999999999999,0.0075
2019-11-12,0.005395,0.008128,0.012321,0.0075
2019-11-13,0.005143999999999999,0.007850000000000001,0.011164,0.0075
2019-11-14,0.00461,0.007508,0.01094,0.0075
2019-11-15,0.004699,0.00762,0.011079,0.0075
2019-11-18,0.0051400000000000005,0.0077729999999999995,0.011153,0.0075
2019-11-19,0.005086,0.007739,0.01115,0.0075
2019-11-20,0.005083,0.007702,0.01113,0.0075
2019-11-21,0.005305,0.007993,0.011474,0.0075
2019-11-22,0.005305,0.007993,0.011474,0.0075
2019-11-25,0.004693,0.007431999999999999,0.010964,0.0075
2019-11-26,0.0042699999999999995,0.006916,0.010414000000000001,0.0075
2019-11-27,0.0046300000000000004,0.007252999999999999,0.010697000000000002,0.0075
2019-11-28,0.004635,0.0072050000000000005,0.010565999999999999,0.0075
2019-11-29,0.004961,0.007387,0.010516000000000001,0.0075
2019-12-02,0.005337,0.007875,0.010997,0.0075
2019-12-03,0.00477,0.007292,0.010476000000000001,0.0075
2019-12-04,0.005337,0.007845,0.011057999999999998,0.0075
2019-12-05,0.0057079999999999995,0.008387,0.01157,0.0075
2019-12-06,0.005449000000000001,0.007751,0.011520999999999998,0.0075
2019-12-09,0.00553,0.008138,0.011171,0.0075
2019-12-10,0.005488,0.008267,0.011996,0.0075
2019-12-11,0.005370000000000001,0.008099,0.01191,0.0075
2019-12-12,0.006122,0.00907,0.012019,0.0075
2019-12-13,0.005709,0.008617,0.011961999999999999,0.0075
2019-12-16,0.006285,0.009003,0.011937999999999999,0.0075
2019-12-17,0.005195999999999999,0.007888,0.011751000000000001,0.0075
2019-12-18,0.0054459999999999995,0.008076999999999999,0.012118,0.0075
2019-12-19,0.005903,0.008723999999999999,0.01172,0.0075
2019-12-20,0.0055769999999999995,0.008546,0.011668000000000001,0.0075
2019-12-23,0.005447,0.008051,0.012230000000000001,0.0075
2019-12-24,0.005506,0.008352,0.012399,0.0075
2019-12-27,0.0055179999999999995,0.008147999999999999,0.011836,0.0075
2019-12-30,0.0061129999999999995,0.008893999999999999,0.013106,0.0075
2019-12-31,0.005496,0.009129,0.012292,0.0075
2020-01-02,0.005519,0.008523,0.011599,0.0075
2020-01-03,0.0053490000000000005,0.008094,0.010989,0.0075
2020-01-06,0.0054600000000000004,0.007873999999999999,0.011859,0.0075
2020-01-07,0.005749,0.008133,0.011979,0.0075
2020-01-08,0.006586999999999999,0.008502,0.011513,0.0075
2020-01-09,0.005979,0.008791,0.011934,0.0075
2020-01-10,0.005042,0.008261,0.012092,0.0075
2020-01-13,0.005119,0.008084000000000001,0.011356,0.0075
2020-01-14,0.004911,0.0076370000000000006,0.010931999999999999,0.0075
2020-01-15,0.004283,0.007095000000000001,0.010261,0.0075
2020-01-16,0.004035,0.007046,0.010289999999999999,0.0075
2020-01-17,0.003995,0.006954,0.010276,0.0075
2020-01-20,0.004255999999999999,0.007156,0.010428,0.0075
2020-01-21,0.004188,0.0070420000000000005,0.010092,0.0075
2020-01-22,0.004266,0.007098999999999999,0.010036,0.0075
2020-01-23,0.00381,0.006632,0.009718,0.0075
2020-01-24,0.00382,0.006237,0.009474,0.0075
2020-01-27,0.003336,0.005713,0.008673,0.0075
2020-01-28,0.003769,0.006118,0.009108,0.0075
2020-01-29,0.003671,0.005935,0.00891,0.0075
2020-01-30,0.0040100000000000005,0.006128,0.009069,0.0075
2020-01-31,0.0040100000000000005,0.006128,0.009069,0.0075
2020-02-03,0.003812,0.0060209999999999994,0.009013,0.0075
2020-02-04,0.0039369999999999995,0.006278000000000001,0.009339,0.0075
2020-02-05,0.004224,0.006671,0.009731,0.0075
2020-02-06,0.004154,0.00658,0.009607,0.0075
2020-02-07,0.0040160000000000005,0.0063739999999999995,0.009394,0.0075
2020-02-10,0.003896,0.006236,0.009226,0.0075
2020-02-11,0.004128,0.006348,0.009219,0.0075
2020-02-12,0.004537,0.006817,0.00958,0.0075
2020-02-13,0.00482,0.007106,0.009881,0.0075
2020-02-14,0.004688,0.006889999999999999,0.009609,0.0075
2020-02-17,0.004879,0.00714,0.009824000000000001,0.0075
2020-02-18,0.004458,0.006854,0.009706,0.0075
2020-02-19,0.00452,0.006734,0.009536,0.0075
2020-02-20,0.004383000000000001,0.0064849999999999994,0.009179,0.0075
2020-02-21,0.004304,0.006483,0.008895,0.0075
2020-02-24,0.00392,0.005954,0.008543,0.0075
2020-02-25,0.003627,0.0056489999999999995,0.008266,0.0075
2020-02-26,0.003428,0.005653,0.00838,0.0075
2020-02-27,0.0030830000000000002,0.0052829999999999995,0.008168,0.0075
2020-02-28,0.002822,0.0050349999999999995,0.008007,0.0075
2020-03-02,0.002509,0.004788,0.007853,0.0075
2020-03-03,0.002245,0.00464,0.007792,0.0075
2020-03-04,0.0020169999999999997,0.004451,0.007653999999999999,0.0075
2020-03-05,0.001605,0.004038,0.0071589999999999996,0.0075
2020-03-06,0.0006519999999999999,0.002666,0.005358000000000001,0.0075
2020-03-09,0.000697,0.0021449999999999998,0.004141000000000001,0.0075
2020-03-10,0.001049,0.0023680000000000003,0.0049499999999999995,0.0075
2020-03-11,0.0016239999999999998,0.0037319999999999996,0.006059,0.0025
2020-03-12,0.001996,0.003558,0.005685,0.0025
2020-03-13,0.002835,0.004789,0.007318,0.0025
2020-03-16,0.003405,0.005571,0.008267,0.0025
2020-03-17,0.003908,0.006402,0.009023,0.0025
2020-03-18,0.005187000000000001,0.008534,0.012624,0.0025
2020-03-19,0.004838,0.008619,0.012745,0.001
2020-03-20,0.002342,0.005839,0.008647,0.001
2020-03-23,0.001552,0.004119,0.007174000000000001,0.001
2020-03-24,0.001808,0.004613,0.008192,0.001
2020-03-25,0.001616,0.004572,0.00852,0.001
2020-03-26,0.001458,0.004337,0.007696,0.001
2020-03-27,0.001449,0.0038069999999999996,0.007115,0.001
2020-03-30,0.001374,0.0036249999999999998,0.006808999999999999,0.001
2020-03-31,0.001548,0.00419,0.007771,0.001
2020-04-01,0.001214,0.003917,0.007392999999999999,0.001
2020-04-02,0.0012280000000000001,0.003859,0.007512,0.001
2020-04-03,0.001106,0.003701,0.0073809999999999995,0.001
2020-04-06,0.001163,0.003757,0.007511,0.001
2020-04-07,0.0018440000000000002,0.004325,0.007791,0.001
2020-04-08,0.001709,0.004452,0.0067469999999999995,0.001
2020-04-09,0.0009329999999999999,0.0033150000000000002,0.0066,0.001
2020-04-14,0.001059,0.003627,0.006903,0.001
2020-04-15,0.0008169999999999999,0.0033789999999999996,0.0064,0.001
2020-04-16,0.0008309999999999999,0.0033,0.006515999999999999,0.001
2020-04-17,0.001166,0.003406,0.006387,0.001
2020-04-20,0.001711,0.004335,0.006717,0.001
2020-04-21,0.001049,0.0031290000000000003,0.006271,0.001
2020-04-22,0.001189,0.003394,0.006502,0.001
2020-04-23,0.001001,0.0031940000000000002,0.005773,0.001
2020-04-24,0.001098,0.0032240000000000003,0.006188,0.001
2020-04-27,0.00125,0.0034460000000000003,0.006488000000000001,0.001
2020-04-28,0.00107,0.003285,0.006404999999999999,0.001
2020-04-29,0.001059,0.0032500000000000003,0.006273999999999999,0.001
2020-04-30,0.001059,0.0032500000000000003,0.006273999999999999,0.001
2020-05-01,0.001047,0.003321,0.005293,0.001
2020-05-04,0.000814,0.0030719999999999996,0.005573,0.001
2020-05-05,0.000814,0.0030719999999999996,0.005573,0.001
2020-05-06,0.000547,0.002519,0.005603,0.001
2020-05-07,0.001059,0.0032500000000000003,0.006273999999999999,0.001
2020-05-11,0.000451,0.002726,0.005615,0.001
2020-05-12,0.0009750000000000001,0.002855,0.00528,0.001
2020-05-13,0.000243,0.002577,0.005923,0.001
2020-05-14,0.000508,0.002976,0.005333,0.001
2020-05-15,0.00040599999999999995,0.002807,0.006086,0.001
2020-05-18,0.00037999999999999997,0.003118,0.006494,0.001
2020-05-19,0.000511,0.003202,0.005559,0.001
2020-05-20,0.00027,0.0033550000000000003,0.005835,0.001
2020-05-21,-0.000237,0.002072,0.005503,0.001
2020-05-22,-0.000368,0.002083,0.00551,0.001
2020-05-26,2.5e-05,0.002532,0.005951,0.001
2020-05-27,-0.00018999999999999998,0.002173,0.005417999999999999,0.001
2020-05-28,-0.000336,0.002122,0.005724,0.001
2020-05-29,-0.0002,0.0022919999999999998,0.005559,0.001
2020-06-01,0.000164,0.002671,0.005864,0.001
2020-06-02,-0.00022700000000000002,0.0026889999999999996,0.006213,0.001
2020-06-03,0.000486,0.003049,0.006822,0.001
2020-06-04,0.0005510000000000001,0.003464,0.007217,0.001
2020-06-05,0.000782,0.003877,0.007661,0.001
2020-06-08,0.000862,0.0040479999999999995,0.007663,0.001
2020-06-09,0.00046300000000000003,0.003401,0.007123000000000001,0.001
2020-06-10,3.8e-05,0.002847,0.006429000000000001,0.001
2020-06-11,2e-06,0.00247,0.005052,0.001
2020-06-12,0.000508,0.002976,0.005333,0.001
2020-06-15,2.9999999999999997e-06,0.002642,0.005425,0.001
2020-06-16,-0.000104,0.002153,0.005319000000000001,0.001
2020-06-17,-6e-05,0.0023569999999999997,0.004857,0.001
2020-06-18,5.3e-05,0.003064,0.005961999999999999,0.001
2020-06-19,-0.00011599999999999999,0.0026750000000000003,0.006876,0.001
2020-06-22,-0.0005340000000000001,0.002443,0.006569,0.001
2020-06-23,4.9e-05,0.0029130000000000002,0.0058530000000000006,0.001
2020-06-24,-0.00043200000000000004,0.00242,0.006253999999999999,0.001
2020-06-25,-0.00026700000000000004,0.002333,0.005055,0.001
2020-06-26,-0.000245,0.0024460000000000003,0.005242,0.001
2020-06-29,-0.000407,0.0021449999999999998,0.005211,0.001
2020-06-30,-0.0007019999999999999,0.002074,0.00615,0.001
2020-07-01,-0.00037600000000000003,0.0027029999999999997,0.0063739999999999995,0.001
2020-07-02,-0.0007000000000000001,0.00228,0.006274999999999999,0.001
2020-07-03,-0.000631,0.002422,0.0062900000000000005,0.001
2020-07-06,-0.000524,0.002231,0.006182999999999999,0.001
2020-07-07,-0.000475,0.002196,0.006163999999999999,0.001
2020-07-08,-0.00029,0.002499,0.005405999999999999,0.001
2020-07-09,-0.0005510000000000001,0.0022170000000000002,0.005206,0.001
2020-07-10,-0.000791,0.002193,0.005437999999999999,0.001
2020-07-13,-0.000547,0.002431,0.006333999999999999,0.001
2020-07-14,-0.0010199999999999999,0.002056,0.0056159999999999995,0.001
2020-07-15,-0.00043700000000000005,0.002519,0.006087,0.001
2020-07-16,-0.000944,0.001824,0.005843,0.001
2020-07-17,-0.000784,0.001977,0.006376,0.001
2020-07-20,-0.0009339999999999999,0.002112,0.006222,0.001
2020-07-21,-0.0008849999999999999,0.002089,0.00534,0.001
2020-07-22,-0.0010630000000000001,0.0018590000000000002,0.0050349999999999995,0.001
2020-07-23,-0.0012690000000000002,0.001949,0.005217,0.001
2020-07-24,-0.0010630000000000001,0.002014,0.0059640000000000006,0.001
2020-07-27,-0.0013700000000000001,0.0018640000000000002,0.005131,0.001
2020-07-28,-0.0008179999999999999,0.002058,0.005218,0.001
2020-07-29,-0.001153,0.001599,0.006056000000000001,0.001
2020-07-30,-0.0013880000000000001,0.001379,0.005631000000000001,0.001
2020-07-31,-0.001426,0.001702,0.005496999999999999,0.001
2020-08-03,-0.001263,0.001434,0.005906,0.001
2020-08-04,-0.001349,0.0012389999999999999,0.005666,0.001
2020-08-05,-0.001044,0.002062,0.0061519999999999995,0.001
2020-08-06,-0.0008740000000000001,0.0017230000000000001,0.005685,0.001
2020-08-07,-0.000594,0.0022919999999999998,0.006196,0.001
2020-08-10,-0.000577,0.002205,0.0058330000000000005,0.001
2020-08-11,-0.000252,0.002521,0.006599000000000001,0.001
2020-08-12,-4.7999999999999994e-05,0.0030080000000000003,0.006753,0.001
2020-08-13,-0.000152,0.002938,0.007089,0.001
2020-08-14,-0.00019800000000000002,0.002958,0.007437,0.001
2020-08-17,-0.000446,0.002906,0.0068059999999999996,0.001
2020-08-18,-0.000357,0.002757,0.007271,0.001
2020-08-19,-0.00021600000000000002,0.0029270000000000003,0.007462,0.001
2020-08-20,-0.000242,0.0029270000000000003,0.007458,0.001
2020-08-21,-0.00054,0.002958,0.007437,0.001
2020-08-24,-0.00034500000000000004,0.0027600000000000003,0.007255,0.001
2020-08-25,4.4000000000000006e-05,0.0032229999999999997,0.007736,0.001
2020-08-26,0.000152,0.003806,0.00832,0.001
2020-08-27,0.000371,0.003926,0.008696,0.001
2020-08-28,-0.000211,0.0037630000000000003,0.008456,0.001
2020-09-01,-0.00028000000000000003,0.003872,0.007956999999999999,0.001
2020-09-02,-0.0006370000000000001,0.0031390000000000003,0.007513,0.001
2020-09-03,-0.000528,0.003138,0.0069299999999999995,0.001
2020-09-04,-0.000644,0.003039,0.007547000000000001,0.001
2020-09-07,-0.0005070000000000001,0.002946,0.007758,0.001
2020-09-08,-0.001199,0.002343,0.0069440000000000005,0.001
2020-09-09,-0.000569,0.003135,0.006978,0.001
2020-09-10,-0.0007149999999999999,0.003099,0.0076170000000000005,0.001
2020-09-11,-0.001363,0.002438,0.006815,0.001
2020-09-14,-0.000774,0.0027429999999999998,0.006533,0.001
2020-09-15,-0.000604,0.00265,0.007174000000000001,0.001
2020-09-16,-0.00031600000000000004,0.002803,0.007005,0.001
2020-09-17,-0.001065,0.002532,0.006757,0.001
2020-09-18,-0.001142,0.002202,0.006999999999999999,0.001
2020-09-21,-0.0013,0.002233,0.006482,0.001
2020-09-22,-0.0006419999999999999,0.0025979999999999996,0.006932000000000001,0.001
2020-09-23,-0.000431,0.002745,0.007248,0.001
2020-09-24,-0.000724,0.002616,0.007161999999999999,0.001
2020-09-25,-0.000814,0.002283,0.006686999999999999,0.001
2020-09-28,-0.000668,0.0024909999999999997,0.006856999999999999,0.001
2020-09-29,-0.000766,0.002243,0.006748,0.001
2020-09-30,-0.000503,0.002774,0.007257,0.001
2020-10-01,-0.000635,0.002674,0.007134000000000001,0.001
2020-10-02,-0.000401,0.003184,0.007445,0.001
2020-10-05,-0.00019099999999999998,0.003508,0.00775,0.001
2020-10-06,-0.000118,0.0036149999999999997,0.007633,0.001
2020-10-07,8.7e-05,0.003776,0.007718,0.001
2020-10-08,-1.3e-05,0.003606,0.007759,0.001
2020-10-09,-0.000298,0.003348,0.007657000000000001,0.001
2020-10-12,-0.00012,0.0034460000000000003,0.00753,0.001
2020-10-13,-0.0006180000000000001,0.0028899999999999998,0.007164,0.001
2020-10-14,-0.000443,0.002656,0.007241999999999999,0.001
2020-10-15,-0.000777,0.002378,0.006693,0.001
2020-10-16,-0.000739,0.002441,0.006775,0.001
2020-10-19,-0.000794,0.002218,0.006579000000000001,0.001
2020-10-20,-0.00068,0.002408,0.0068969999999999995,0.001
2020-10-21,-0.00045900000000000004,0.00309,0.007274,0.001
2020-10-22,-3.4e-05,0.003548,0.007729000000000001,0.001
2020-10-23,-0.000111,0.003347,0.00801,0.001
2020-10-26,6.8e-05,0.003628,0.007406,0.001
2020-10-27,-0.000298,0.002995,0.007215,0.001
2020-10-28,-0.000602,0.002725,0.007049,0.001
2020-10-29,-0.000658,0.002724,0.007184,0.001
2020-10-30,-0.00046699999999999997,0.003074,0.007366,0.001
2020-11-02,-0.000596,0.002966,0.007127,0.001
2020-11-03,-0.000147,0.00338,0.007909000000000001,0.001
2020-11-04,-0.0005020000000000001,0.002772,0.007104,0.001
2020-11-05,-0.000339,0.002948,0.007518,0.001
2020-11-06,-9.2e-05,0.003431,0.007661,0.001
2020-11-09,0.000582,0.004402,0.009144,0.001
2020-11-10,0.000665,0.004687,0.009215,0.001
2020-11-11,0.000851,0.004616,0.009524,0.001
2020-11-12,0.000289,0.004324,0.008574,0.001
2020-11-13,0.000362,0.004033999999999999,0.008686000000000001,0.001
2020-11-16,0.000472,0.004312,0.008559,0.001
2020-11-17,0.00035999999999999997,0.0040550000000000004,0.008417000000000001,0.001
2020-11-18,0.000508,0.00425,0.008309,0.001
2020-11-19,0.00035000000000000005,0.0037519999999999997,0.008541,0.001
2020-11-20,0.000289,0.004324,0.008574,0.001
2020-11-23,0.000354,0.0038030000000000004,0.008423,0.001
2020-11-24,0.00043,0.0037790000000000002,0.008267,0.001
2020-11-25,0.000303,0.003754,0.008132,0.001
2020-11-26,0.000235,0.003648,0.007502,0.001
2020-11-27,0.00030900000000000003,0.003691,0.00782,0.001
2020-11-30,0.000368,0.003639,0.007901,0.001
2020-12-01,0.0007149999999999999,0.004192,0.008696,0.001
2020-12-02,0.000589,0.004183,0.00856,0.001
2020-12-03,0.0005059999999999999,0.004017,0.008449,0.001
2020-12-04,0.000556,0.004113,0.008642,0.001
2020-12-07,3.6e-05,0.00363,0.007419,0.001
2020-12-08,-6.9e-05,0.003277,0.0071460000000000004,0.001
2020-12-09,-0.000182,0.003185,0.007339,0.001
2020-12-10,-0.000619,0.00247,0.007047,0.001
2020-12-11,-0.000842,0.002193,0.006364,0.001
2020-12-14,-0.000365,0.003225,0.006848999999999999,0.001
2020-12-15,-0.00025499999999999996,0.0031409999999999997,0.0077080000000000004,0.001
2020-12-16,0.000134,0.003412,0.007894,0.001
2020-12-17,-4e-05,0.003343,0.0077139999999999995,0.001
2020-12-18,-0.000239,0.003225,0.007267,0.001
2020-12-21,-0.000674,0.002688,0.006946,0.001
2020-12-22,-0.0007630000000000001,0.002546,0.006874,0.001
2020-12-23,0.00016299999999999998,0.003759,0.008038,0.001
2020-12-24,-0.000199,0.003191,0.007501,0.001
2020-12-29,-0.000442,0.002688,0.006934,0.001
2020-12-30,-0.000423,0.002711,0.007112,0.001
2020-12-31,-0.000503,0.002513,0.006605,0.001
2021-01-04,-0.000494,0.0025779999999999996,0.006808999999999999,0.001
2021-01-05,-0.000655,0.002771,0.007169,0.001
2021-01-06,-0.000448,0.00295,0.007644,0.001
2021-01-07,-5.7999999999999994e-05,0.0037319999999999996,0.007949000000000001,0.001
2021-01-08,8.6e-05,0.0035949999999999997,0.007972,0.001
2021-01-11,0.000283,0.0041010000000000005,0.008237,0.001
2021-01-12,0.000624,0.004395,0.007949000000000001,0.001
2021-01-13,0.000278,0.004082,0.008027,0.001
2021-01-14,0.000166,0.00385,0.007629,0.001
2021-01-15,-5.7999999999999994e-05,0.0037319999999999996,0.007949000000000001,0.001
2021-01-18,-5.3e-05,0.004079,0.008139,0.001
2021-01-19,5.4000000000000005e-05,0.003613,0.0077659999999999995,0.001
2021-01-20,1.5e-05,0.003538,0.008205,0.001
2021-01-21,0.00026,0.0041010000000000005,0.00779,0.001
2021-01-22,0.000157,0.003832,0.008329,0.001
2021-01-25,-0.000275,0.0034389999999999998,0.0077,0.001
2021-01-26,-0.000139,0.003528,0.007719,0.001
2021-01-27,-0.000224,0.003623,0.007906,0.001
2021-01-28,1.1999999999999999e-05,0.003699,0.007437,0.001
2021-01-29,0.00018700000000000002,0.004196,0.007807,0.001
2021-02-01,0.000196,0.004129,0.007697000000000001,0.001
2021-02-02,0.000428,0.004469,0.008103,0.001
2021-02-03,0.000612,0.004385,0.008836,0.001
2021-02-04,0.0011200000000000001,0.004855,0.009572,0.001
2021-02-05,0.001488,0.0053879999999999996,0.010165,0.001
2021-02-08,0.001426,0.005319000000000001,0.010064,0.001
2021-02-09,0.001257,0.005112,0.009815,0.001
2021-02-10,0.001369,0.0053159999999999995,0.010074000000000001,0.001
2021-02-11,0.001208,0.005161,0.009942,0.001
2021-02-12,0.001537,0.005626,0.010497000000000001,0.001
2021-02-15,0.0016389999999999998,0.006265,0.011126,0.001
2021-02-16,0.002034,0.006999,0.011276,0.001
2021-02-17,0.0017399999999999998,0.0065710000000000005,0.01061,0.001
2021-02-18,0.002132,0.006814,0.011365,0.001
2021-02-19,0.0027029999999999997,0.007429,0.01213,0.001
2021-02-22,0.002633,0.00738,0.012084999999999999,0.001
2021-02-23,0.0026810000000000002,0.007776,0.0127,0.001
2021-02-24,0.002863,0.008229,0.013425,0.001
2021-02-25,0.003483,0.00845,0.013308,0.001
2021-02-26,0.00393,0.008767,0.013324,0.001
2021-03-01,0.00344,0.008224,0.012846,0.001
2021-03-02,0.0029509999999999996,0.007644,0.012121999999999999,0.001
2021-03-03,0.003417,0.008313000000000001,0.012849,0.001
2021-03-04,0.003221,0.007946,0.012411,0.001
2021-03-05,0.003619,0.008315,0.012618,0.001
2021-03-08,0.0034189999999999997,0.008147999999999999,0.012456,0.001
2021-03-09,0.003243,0.007885999999999999,0.012097,0.001
2021-03-10,0.0031290000000000003,0.00782,0.012017,0.001
2021-03-11,0.003283,0.008098,0.012415,0.001
2021-03-12,0.003768,0.008911,0.013279000000000001,0.001
2021-03-15,0.00359,0.008605,0.012960000000000001,0.001
2021-03-16,0.0035930000000000003,0.008549,0.012896000000000001,0.001
2021-03-17,0.0039429999999999995,0.009004999999999999,0.013335999999999999,0.001
2021-03-18,0.004076,0.009429,0.013814,0.001
2021-03-19,0.0038129999999999995,0.009099000000000001,0.013479000000000001,0.001
2021-03-22,0.003627,0.008884999999999999,0.013266,0.001
2021-03-23,0.003211,0.008365000000000001,0.012752,0.001
2021-03-24,0.003211,0.008218,0.012558,0.001
2021-03-25,0.003079,0.008044,0.012274,0.001
2021-03-26,0.0032129999999999997,0.008239999999999999,0.012552,0.001
2021-03-29,0.003413,0.008582,0.012947,0.001
2021-03-30,0.003778,0.009065,0.013474999999999999,0.001
2021-03-31,0.003888,0.009108,0.013608,0.001
2021-04-01,0.003633,0.008711,0.013163000000000001,0.001
2021-04-06,0.003665,0.008675,0.013049,0.001
2021-04-07,0.0036320000000000002,0.008607,0.012969999999999999,0.001
2021-04-08,0.0034189999999999997,0.008356,0.012678,0.001
2021-04-09,0.0035930000000000003,0.008549,0.012896000000000001,0.001
2021-04-12,0.0035909999999999996,0.008704,0.012905999999999999,0.001
2021-04-13,0.003555,0.008631,0.012868,0.001
2021-04-14,0.0036959999999999996,0.008838,0.013148,0.001
2021-04-15,0.0031330000000000004,0.008056,0.012292,0.001
2021-04-16,0.003366,0.008424000000000001,0.012713,0.001
2021-04-19,0.00331,0.008331,0.012587999999999998,0.001
2021-04-20,0.003199,0.008116,0.012393000000000001,0.001
2021-04-21,0.003239,0.008225,0.012576,0.001
2021-04-22,0.00314,0.008067999999999999,0.012394,0.001
2021-04-23,0.003217,0.008242000000000001,0.012557,0.001
2021-04-26,0.003338,0.008307,0.012576,0.001
2021-04-27,0.003475,0.00844,0.012707999999999999,0.001
2021-04-28,0.0036220000000000002,0.00871,0.012892999999999998,0.001
2021-04-29,0.003938,0.009176,0.013305,0.001
2021-04-30,0.0039629999999999995,0.009139000000000001,0.013222000000000001,0.001
2021-05-04,0.003534,0.008693,0.01275,0.001
2021-05-05,0.0036620000000000003,0.008923,0.013068,0.001
2021-05-06,0.0033139999999999997,0.008628,0.012918,0.001
2021-05-07,0.003087,0.008416,0.012816000000000001,0.001
2021-05-10,0.003267,0.008654,0.013042,0.001
2021-05-11,0.003677,0.009176,0.013672,0.001
2021-05-12,0.004207,0.009672,0.01409,0.001
2021-05-13,0.004298,0.009812999999999999,0.014242,0.001
2021-05-14,0.0040550000000000004,0.009488,0.013913,0.001
2021-05-17,0.004030000000000001,0.009507999999999999,0.013892,0.001
2021-05-18,0.003992,0.00946,0.013940999999999999,0.001
2021-05-19,0.0038309999999999998,0.009275,0.013764,0.001
2021-05-20,0.0038030000000000004,0.009304,0.013789000000000001,0.001
2021-05-21,0.003748,0.009243,0.013713,0.001
2021-05-24,0.003549,0.008998,0.013451,0.001
2021-05-25,0.003386,0.008772,0.013124,0.001
2021-05-26,0.0031869999999999997,0.008389,0.012707,0.001
2021-05-27,0.003685,0.008949,0.013127999999999999,0.001
2021-05-28,0.00358,0.008741,0.0129,0.001
2021-06-01,0.003856,0.009142,0.013368,0.001
2021-06-02,0.003612,0.008875,0.013145,0.001
2021-06-03,0.003866,0.009198,0.013469,0.001
2021-06-04,0.003612,0.008824,0.013127999999999999,0.001
2021-06-07,0.0037819999999999998,0.008961,0.01328,0.001
2021-06-08,0.003569,0.008648,0.012926,0.001
2021-06-09,0.003329,0.008256,0.012487999999999999,0.001
2021-06-10,0.0035210000000000003,0.008454,0.012682,0.001
2021-06-11,0.003165,0.008032000000000001,0.012282999999999999,0.001
2021-06-14,0.0033439999999999998,0.008261,0.012521,0.001
2021-06-15,0.003582,0.008506,0.012634000000000001,0.001
2021-06-16,0.003537,0.008371,0.012492000000000001,0.001
2021-06-17,0.004114,0.008764,0.012656,0.001
2021-06-18,0.004039,0.008404,0.012094,0.001
2021-06-21,0.004047,0.008458,0.012185999999999999,0.001
2021-06-22,0.004126,0.008667000000000001,0.012565999999999999,0.001
2021-06-23,0.004082,0.008678,0.012658,0.001
2021-06-24,0.003734,0.008298999999999999,0.012298,0.001
2021-06-25,0.003957,0.00862,0.012667,0.001
2021-06-28,0.003725,0.00821,0.012198,0.001
2021-06-29,0.0036580000000000002,0.008229,0.012297,0.001
2021-06-30,0.0036580000000000002,0.008229,0.012297,0.001
2021-07-01,0.003569,0.008174,0.012276,0.001
2021-07-02,0.003404,0.007956999999999999,0.012086,0.001
2021-07-05,0.003378,0.00804,0.012202999999999999,0.001
2021-07-06,0.002856,0.0072050000000000005,0.011397,0.001
2021-07-07,0.002674,0.006843,0.010938000000000002,0.001
2021-07-08,0.002688,0.006824,0.010912999999999999,0.001
2021-07-09,0.0032,0.007483999999999999,0.011576999999999999,0.001
2021-07-12,0.00312,0.007307,0.011333,0.001
2021-07-13,0.0030299999999999997,0.007057,0.010953,0.001
2021-07-14,0.00318,0.007112,0.010896,0.001
2021-07-15,0.0038190000000000003,0.007542999999999999,0.011284,0.001
2021-07-16,0.0034560000000000003,0.007118,0.010875,0.001
2021-07-19,0.002767,0.00634,0.00995,0.001
2021-07-20,0.002825,0.006285,0.009799,0.001
2021-07-21,0.00318,0.006790000000000001,0.010391999999999998,0.001
2021-07-22,0.002862,0.0064600000000000005,0.00997,0.001
2021-07-23,0.003037,0.006631000000000001,0.010043999999999999,0.001
2021-07-26,0.0029820000000000003,0.006498,0.009888000000000001,0.001
2021-07-27,0.002964,0.006423,0.009788,0.001
2021-07-28,0.002976,0.006497,0.009898,0.001
2021-07-29,0.002912,0.0064800000000000005,0.009911999999999999,0.001
2021-07-30,0.002835,0.006471,0.009939,0.001
2021-08-02,0.002614,0.0062439999999999996,0.009766,0.001
2021-08-03,0.002435,0.005959,0.009426,0.001
2021-08-04,0.002615,0.0060929999999999995,0.009542,0.001
2021-08-05,0.0025679999999999995,0.00599,0.009389,0.001
2021-08-06,0.003356,0.0068920000000000006,0.010242,0.001
2021-08-09,0.003114,0.006493,0.009672,0.001
2021-08-10,0.003261,0.006536999999999999,0.009681,0.001
2021-08-11,0.003158,0.006513,0.009697,0.001
2021-08-12,0.003372,0.006725,0.00997,0.001
2021-08-13,0.003253,0.006547,0.009767,0.001
2021-08-16,0.003205,0.006469,0.009669,0.001
2021-08-17,0.003216,0.006366,0.009521,0.001
2021-08-18,0.0031709999999999998,0.006439,0.009705,0.001
2021-08-19,0.00292,0.006183999999999999,0.009522000000000001,0.001
2021-08-20,0.002686,0.006067,0.00947,0.001
2021-08-23,0.002869,0.006201,0.009555000000000001,0.001
2021-08-24,0.002947,0.006196,0.009519,0.001
2021-08-25,0.003331,0.006782,0.010204,0.001
2021-08-26,0.003297,0.0067789999999999994,0.010209999999999999,0.001
2021-08-27,0.003196,0.006663,0.010093000000000001,0.001
2021-08-31,0.003487,0.007103000000000001,0.010656,0.001
2021-09-01,0.0032719999999999997,0.006867,0.010407999999999999,0.001
2021-09-02,0.003144,0.006734,0.010268,0.001
2021-09-03,0.003281,0.007030999999999999,0.01064,0.001
2021-09-06,0.0031190000000000002,0.006825,0.010396,0.001
2021-09-07,0.003437,0.007275,0.010825,0.001
2021-09-08,0.003435,0.0071860000000000005,0.010674999999999999,0.001
2021-09-09,0.003684,0.007280999999999999,0.010652,0.001
2021-09-10,0.0037059999999999997,0.007343,0.010699,0.001
2021-09-13,0.003777,0.007349,0.010631999999999999,0.001
2021-09-14,0.003804,0.007278,0.010477,0.001
2021-09-15,0.0040360000000000005,0.0074990000000000005,0.010648999999999999,0.001
2021-09-16,0.0044469999999999996,0.007965999999999999,0.0111,0.001
2021-09-17,0.004764,0.008428,0.011613,0.001
2021-09-20,0.004325,0.007942,0.011160000000000002,0.001
2021-09-21,0.004346,0.00791,0.011127,0.001
2021-09-22,0.0043809999999999995,0.007923,0.011167,0.001
2021-09-23,0.005474,0.008902,0.012001999999999999,0.001
2021-09-24,0.005627999999999999,0.009243,0.012411,0.001
2021-09-27,0.0057269999999999995,0.009491000000000001,0.012771,0.001
2021-09-28,0.006003,0.009899,0.013219000000000002,0.001
2021-09-29,0.005907,0.009821,0.013223,0.001
2021-09-30,0.006281999999999999,0.010313000000000001,0.013801,0.001
2021-10-01,0.006221,0.010184,0.013732,0.001
2021-10-04,0.005998,0.010031000000000002,0.013637,0.001
2021-10-05,0.006783,0.010821,0.014410000000000001,0.001
2021-10-06,0.006868,0.010674,0.014119999999999999,0.001
2021-10-07,0.006928,0.010714999999999999,0.014133,0.001
2021-10-08,0.00764,0.011507,0.014871,0.001
2021-10-11,0.007958,0.011717,0.015013,0.001
2021-10-12,0.007691,0.011319999999999998,0.014450000000000001,0.001
2021-10-13,0.007212,0.010517,0.01333,0.001
2021-10-14,0.006937,0.010172,0.01306,0.001
2021-10-15,0.007438,0.010748,0.013629,0.001
2021-10-18,0.008254000000000001,0.011096,0.013703,0.001
2021-10-19,0.008447,0.011307000000000001,0.013718999999999999,0.001
2021-10-20,0.00825,0.011311,0.013956,0.001
2021-10-21,0.008650999999999999,0.011872,0.014551000000000001,0.001
2021-10-22,0.008366,0.011467,0.013968000000000001,0.001
2021-10-25,0.008047,0.011229,0.0138,0.001
2021-10-26,0.00781,0.010971,0.013443,0.001
2021-10-27,0.006840000000000001,0.009554,0.011744000000000001,0.001
2021-10-28,0.007232,0.009709,0.011393,0.001
2021-10-29,0.008074,0.010506999999999999,0.011781999999999999,0.001
2021-11-01,0.008199999999999999,0.010835999999999998,0.012022,0.001
2021-11-02,0.007656,0.010458,0.012081,0.001
2021-11-03,0.008042,0.010865,0.012468,0.001
2021-11-04,0.006328,0.009510999999999999,0.011827,0.001
2021-11-05,0.00538,0.008308,0.010569,0.001
2021-11-08,0.005494,0.008435,0.010594,0.001
2021-11-09,0.005639,0.008135,0.009958,0.001
2021-11-10,0.006785,0.009353,0.011078,0.001
2021-11-11,0.006666999999999999,0.009278999999999999,0.011012,0.001
2021-11-12,0.006456,0.009229000000000001,0.011184000000000001,0.001
2021-11-15,0.006752,0.00959,0.011501999999999998,0.001
2021-11-16,0.00701,0.009825,0.011671,0.001
2021-11-17,0.006961,0.009877,0.011878999999999999,0.001
2021-11-18,0.006542,0.009422,0.011452,0.001
2021-11-19,0.006091999999999999,0.008933,0.010907,0.001
2021-11-22,0.006531,0.009457,0.011403000000000002,0.001
2021-11-23,0.007068,0.009864000000000001,0.011377,0.001
2021-11-24,0.007348,0.010249999999999999,0.011791000000000001,0.001
2021-11-25,0.0070279999999999995,0.009838,0.011359,0.001
2021-11-26,0.005515,0.008224,0.010079,0.001
2021-11-29,0.005865,0.00857,0.010399,0.001
2021-11-30,0.005894,0.008409999999999999,0.009843,0.001
2021-12-01,0.006239,0.00865,0.009959,0.001
2021-12-02,0.005894,0.008291,0.009683,0.001
2021-12-03,0.005598,0.00797,0.00937,0.001
2021-12-06,0.005294999999999999,0.007542999999999999,0.009035999999999999,0.001
2021-12-07,0.005203999999999999,0.007407,0.008827,0.001
2021-12-08,0.005266,0.007661,0.009115,0.001
2021-12-09,0.005087,0.007614999999999999,0.009307,0.001
2021-12-10,0.0048649999999999995,0.007382,0.009205,0.001
2021-12-13,0.004743,0.007300999999999999,0.009123,0.001
2021-12-14,0.005001,0.007546000000000001,0.009374,0.001
2021-12-15,0.005195999999999999,0.00764,0.009516,0.001
2021-12-16,0.005520000000000001,0.0078049999999999994,0.009623,0.0025
2021-12-17,0.005738999999999999,0.008103,0.009968,0.0025
2021-12-20,0.005783,0.008124,0.010026,0.0025
2021-12-21,0.006737,0.009204,0.011123000000000001,0.0025
2021-12-22,0.006874,0.008951,0.011407,0.0025
2021-12-23,0.007192,0.009414,0.011773,0.0025
2021-12-24,0.007115,0.009205999999999999,0.011578,0.0025
2021-12-29,0.007818,0.010112000000000001,0.012522,0.0025
2021-12-30,0.007547000000000001,0.009821,0.012092,0.0025
2021-12-31,0.007724999999999999,0.010129999999999998,0.011758999999999999,0.0025
2022-01-04,0.008617,0.011132999999999999,0.012683999999999999,0.0025
2022-01-05,0.008639,0.011028,0.012662,0.0025
2022-01-06,0.009250000000000001,0.011712,0.013348,0.0025
2022-01-07,0.009437,0.011948,0.013666000000000001,0.0025
2022-01-10,0.009694000000000001,0.012208000000000002,0.013689,0.0025
2022-01-11,0.009635,0.012062999999999999,0.013312999999999998,0.0025
2022-01-12,0.009439999999999999,0.011838999999999999,0.013119,0.0025
2022-01-13,0.009038000000000001,0.011474,0.012897,0.0025
2022-01-14,0.009224,0.011673,0.013271,0.0025
2022-01-17,0.009573,0.012015,0.013689,0.0025
2022-01-18,0.009942,0.012381,0.013852999999999999,0.0025
2022-01-19,0.010465,0.012939,0.014410000000000001,0.0025
2022-01-20,0.010092,0.012468,0.014122,0.0025
2022-01-21,0.009705,0.011963999999999999,0.013534,0.0025
2022-01-24,0.009415,0.011525,0.013045,0.0025
2022-01-25,0.009630999999999999,0.011771,0.013309,0.0025
2022-01-26,0.010046,0.012292,0.013879999999999998,0.0025
2022-01-27,0.010409,0.012587999999999998,0.014074999999999999,0.0025
2022-01-28,0.010454000000000001,0.012658,0.014206000000000002,0.0025
2022-01-31,0.011161,0.013348,0.014995000000000001,0.0025
2022-02-01,0.011243000000000001,0.013344,0.014857,0.0025
2022-02-02,0.010807,0.012765,0.014114999999999999,0.0025
2022-02-03,0.012063999999999998,0.013968000000000001,0.015236000000000001,0.005
2022-02-04,0.012493,0.014391000000000001,0.015442,0.005
2022-02-07,0.012691,0.01463,0.015413,0.005
2022-02-08,0.013309,0.015434000000000002,0.016208,0.005
2022-02-09,0.012592,0.014716,0.015523,0.005
2022-02-10,0.013595,0.015719,0.016346,0.005
2022-02-11,0.013798999999999999,0.015874,0.016369,0.005
2022-02-14,0.014263999999999999,0.016179,0.016695,0.005
2022-02-15,0.014639,0.016062,0.016749,0.005
2022-02-16,0.013633,0.015806,0.016289,0.005
2022-02-17,0.012903,0.015255000000000001,0.015926,0.005
2022-02-18,0.012436000000000001,0.014593,0.015159,0.005
2022-02-21,0.012365,0.014648000000000001,0.015318,0.005
2022-02-22,0.012971,0.015134000000000002,0.01611,0.005
2022-02-23,0.012839,0.015395,0.016244,0.005
2022-02-24,0.012518,0.014868,0.0158,0.005
2022-02-25,0.012115,0.014804,0.01641,0.005
2022-02-28,0.011505000000000001,0.014233,0.016375,0.005
2022-03-01,0.008821,0.011453,0.014068,0.005
2022-03-02,0.010723,0.012702999999999999,0.01473,0.005
2022-03-03,0.011404000000000001,0.013338000000000001,0.015325,0.005
2022-03-04,0.010091000000000001,0.012185999999999999,0.014291,0.005
2022-03-07,0.011145,0.013179000000000001,0.014509000000000001,0.005
2022-03-08,0.012629999999999999,0.014346000000000001,0.015566,0.005
2022-03-09,0.013421,0.015345,0.016574,0.005
2022-03-10,0.013456,0.015593999999999998,0.016722,0.005
2022-03-11,0.013401000000000001,0.015403,0.016642,0.005
2022-03-14,0.014171,0.016167,0.017378,0.005
2022-03-15,0.013614999999999999,0.016164,0.017576,0.005
2022-03-16,0.013996,0.016552,0.017972,0.005
2022-03-17,0.013505,0.015910999999999998,0.017388999999999998,0.0075
2022-03-18,0.012353000000000001,0.015288999999999999,0.017088000000000002,0.0075
2022-03-21,0.013594,0.016378,0.017957,0.0075
2022-03-22,0.014664,0.017051,0.018488,0.0075
2022-03-23,0.014354,0.017071,0.018372,0.0075
2022-03-24,0.013956,0.016857999999999998,0.018331,0.0075
2022-03-25,0.01463,0.017315,0.018421,0.0075
2022-03-28,0.014196,0.016646,0.017636,0.0075
2022-03-29,0.01429,0.01693,0.017995,0.0075
2022-03-30,0.014328,0.016946000000000003,0.018327,0.0075
2022-03-31,0.01422,0.016696,0.017764,0.0075
2022-04-01,0.014249000000000001,0.015250999999999999,0.015774999999999997,0.0075
2022-04-04,0.014171,0.016198999999999998,0.017019,0.0075
2022-04-05,0.015009,0.017111,0.017961,0.0075
2022-04-06,0.015583,0.017691,0.018654999999999998,0.0075
2022-04-07,0.015508,0.017843,0.018917,0.0075
2022-04-08,0.015446,0.018111,0.019245,0.0075
2022-04-11,0.0165,0.018555,0.019468,0.0075
2022-04-12,0.016026,0.018189,0.019192,0.0075
2022-04-13,0.015904,0.018443,0.019862,0.0075
2022-04-14,0.016456,0.01899,0.020236,0.0075
2022-04-19,0.017299,0.020017999999999998,0.021313,0.0075
2022-04-20,0.01694,0.019320999999999998,0.020419,0.0075
2022-04-21,0.018198000000000002,0.019958,0.020588000000000002,0.0075
2022-04-22,0.017558,0.019767,0.02059,0.0075
2022-04-25,0.016633,0.018692,0.019875,0.0075
2022-04-26,0.016017,0.018123,0.019481,0.0075
2022-04-27,0.016144000000000002,0.018347,0.019837,0.0075
2022-04-28,0.016612000000000002,0.018892,0.020474000000000003,0.0075
2022-04-29,0.017111,0.019376,0.020874999999999998,0.0075
2022-05-03,0.017488,0.019722,0.021141,0.0075
2022-05-04,0.017673,0.019901,0.021351,0.0075
2022-05-05,0.016976,0.019651000000000002,0.021529,0.01
2022-05-06,0.017107,0.020087999999999998,0.022227999999999998,0.01
2022-05-09,0.016117,0.019488000000000002,0.021956000000000003,0.01
2022-05-10,0.01518,0.018438,0.020954,0.01
2022-05-11,0.015189999999999999,0.018623,0.021377999999999998,0.01
2022-05-12,0.013688,0.017028,0.019942,0.01
2022-05-13,0.014103000000000001,0.017447999999999998,0.020332,0.01
2022-05-16,0.014098999999999999,0.017388,0.020214,0.01
2022-05-17,0.016156999999999998,0.018838999999999998,0.021106,0.01
2022-05-18,0.016111,0.018659,0.020938,0.01
2022-05-19,0.01629,0.018793,0.020975,0.01
2022-05-20,0.016464,0.018993,0.021248999999999997,0.01
2022-05-23,0.017232,0.01984,0.022031000000000002,0.01
2022-05-24,0.01601,0.018746,0.021120999999999997,0.01
2022-05-25,0.016198999999999998,0.018999,0.021558,0.01
2022-05-26,0.01668,0.019726999999999998,0.022413,0.01
2022-05-27,0.016144000000000002,0.019216,0.022142,0.01
2022-05-30,0.016792,0.019785999999999998,0.022488,0.01
2022-05-31,0.017627,0.021072,0.024141,0.01
2022-06-01,0.018092999999999998,0.021294,0.024097,0.01
2022-06-06,0.019372,0.022435,0.024943,0.01
2022-06-07,0.019057,0.021854,0.024078,0.01
2022-06-08,0.019146,0.022206999999999998,0.024820000000000002,0.01
2022-06-09,0.020072999999999997,0.022972000000000003,0.025304000000000004,0.01
2022-06-10,0.021648999999999998,0.024045999999999998,0.025893000000000003,0.01
2022-06-13,0.022438,0.024819,0.02659,0.01
2022-06-14,0.022517999999999996,0.025249,0.027332000000000002,0.01
2022-06-15,0.020997,0.024242,0.026747,0.01
2022-06-16,0.022216,0.024912999999999998,0.027149999999999997,0.0125
2022-06-17,0.022547,0.024819,0.027029,0.0125
2022-06-20,0.023502000000000002,0.025849,0.028166000000000004,0.0125
2022-06-21,0.023713,0.026263,0.028725999999999998,0.0125
2022-06-22,0.021896,0.024592,0.027247,0.0125
2022-06-23,0.019847,0.022844000000000003,0.025747,0.0125
2022-06-24,0.019976,0.022954,0.025814,0.0125
2022-06-27,0.020754,0.023787,0.026678999999999998,0.0125
2022-06-28,0.021817000000000003,0.024683999999999998,0.027463,0.0125
2022-06-29,0.020935000000000002,0.023847999999999998,0.026867000000000002,0.0125
2022-06-30,0.019542999999999998,0.022806000000000003,0.026181999999999997,0.0125
2022-07-01,0.017355,0.021225,0.024496000000000004,0.0125
2022-07-04,0.01889,0.022354,0.02596,0.0125
2022-07-05,0.017995,0.021627999999999998,0.02459,0.0125
2022-07-06,0.017603,0.021235,0.025355,0.0125
2022-07-07,0.018504,0.021828,0.024803000000000002,0.0125
2022-07-08,0.019209,0.022671,0.026146,0.0125
2022-07-11,0.018781000000000003,0.02222,0.026105,0.0125
2022-07-12,0.017695000000000002,0.021434,0.025870999999999998,0.0125
2022-07-13,0.017896000000000002,0.021521,0.025448,0.0125
2022-07-14,0.018696,0.021707,0.024836999999999998,0.0125
2022-07-15,0.018656,0.022038000000000002,0.025276999999999997,0.0125
2022-07-18,0.019021999999999997,0.022274,0.026524000000000002,0.0125
2022-07-19,0.019938,0.023113,0.02683,0.0125
2022-07-20,0.019482,0.022579,0.025971,0.0125
2022-07-21,0.018557999999999998,0.021532,0.025278000000000002,0.0125
2022-07-22,0.017661,0.020678000000000002,0.023837,0.0125
2022-07-25,0.01733,0.020384000000000003,0.024255,0.0125
2022-07-26,0.017198,0.020278,0.023916,0.0125
2022-07-27,0.017717,0.020724,0.024184,0.0125
2022-07-28,0.016433,0.019465,0.023309000000000003,0.0125
2022-07-29,0.01645,0.019637,0.023351,0.0125
2022-08-01,0.016156,0.018394999999999998,0.022744,0.0125
2022-08-02,0.016424,0.019178999999999998,0.022782,0.0125
2022-08-03,0.017321,0.0202,0.023260999999999997,0.0125
2022-08-04,0.01711,0.019591,0.0229,0.0175
2022-08-05,0.019195,0.021381,0.023708,0.0175
2022-08-08,0.017704,0.020194,0.022914,0.0175
2022-08-09,0.018178,0.020666000000000004,0.023372999999999998,0.0175
2022-08-10,0.018178,0.020489999999999998,0.022947000000000002,0.0175
2022-08-11,0.018978,0.021374,0.024575,0.0175
2022-08-12,0.019464,0.022073,0.024937,0.0175
2022-08-15,0.018389,0.02068,0.02387,0.0175
2022-08-16,0.019705999999999998,0.021997,0.025186,0.0175
2022-08-17,0.021866,0.023736,0.025928,0.0175
2022-08-18,0.021640000000000003,0.02404,0.026344,0.0175
2022-08-19,0.023026,0.024783,0.027028,0.0175
2022-08-22,0.023889,0.025594000000000002,0.028196,0.0175
2022-08-23,0.024685000000000002,0.026591999999999998,0.0287,0.0175
2022-08-24,0.027048000000000003,0.027722000000000004,0.028723000000000002,0.0175
2022-08-25,0.026353,0.027857,0.028825,0.0175
2022-08-26,0.025519,0.02791,0.029272999999999997,0.0175
2022-08-30,0.027090999999999997,0.02847,0.030195,0.0175
2022-08-31,0.028260999999999998,0.029196,0.030472000000000003,0.0175
2022-09-01,0.028815,0.030278999999999997,0.03211,0.0175
2022-09-02,0.028467,0.030485,0.033361999999999996,0.0175
2022-09-05,0.029217,0.030651,0.031927,0.0175
2022-09-06,0.029639000000000002,0.031337000000000004,0.033643,0.0175
2022-09-07,0.028972,0.031059999999999997,0.03363,0.0175
2022-09-08,0.028972,0.031059999999999997,0.03363,0.0175
2022-09-09,0.029963000000000004,0.032043,0.034783,0.0175
2022-09-12,0.029381,0.031377,0.034097,0.0175
2022-09-13,0.030399,0.032285,0.034606,0.0175
2022-09-14,0.030269,0.032082,0.034315000000000005,0.0175
2022-09-15,0.030475,0.032305,0.034562,0.0175
2022-09-16,0.030886999999999998,0.032627,0.03465,0.0175
2022-09-20,0.032386,0.034029,0.035758,0.0175
2022-09-21,0.033035999999999996,0.034434,0.035177,0.0175
2022-09-22,0.034889,0.03626,0.036933,0.0225
2022-09-23,0.039384999999999996,0.039689,0.039618,0.0225
2022-09-26,0.043428,0.04288,0.043087999999999994,0.0225
2022-09-27,0.044819000000000005,0.045270000000000005,0.046703,0.0225
2022-09-28,0.042138999999999996,0.041164,0.040117,0.0225
2022-09-29,0.042868,0.042203,0.040662000000000004,0.0225
2022-09-30,0.042678,0.04163,0.039776,0.0225
2022-10-03,0.040925,0.04048,0.039986,0.0225
2022-10-04,0.039863,0.04018,0.040220000000000006,0.0225
2022-10-05,0.040902,0.0417,0.041899,0.0225
2022-10-06,0.042391,0.043286,0.0435,0.0225
2022-10-07,0.042457,0.043983999999999995,0.044375,0.0225
2022-10-10,0.044934,0.046494,0.047126,0.0225
2022-10-11,0.043965,0.046433,0.047424999999999995,0.0225
2022-10-12,0.043848000000000005,0.046289,0.047298,0.0225
2022-10-13,0.041597,0.0438,0.044785000000000005,0.0225
2022-10-14,0.041771,0.044466,0.046269,0.0225
2022-10-17,0.038223,0.041325,0.043407,0.0225
2022-10-18,0.037603,0.040755,0.042619,0.0225
2022-10-19,0.037317,0.039646,0.041124999999999995,0.0225
2022-10-20,0.0377,0.039594,0.040223,0.0225
2022-10-21,0.039952999999999995,0.041572,0.041712,0.0225
2022-10-24,0.036867000000000004,0.038651,0.038974,0.0225
2022-10-25,0.03611,0.037839,0.038162,0.0225
2022-10-26,0.035563,0.037345,0.037913999999999996,0.0225
2022-10-27,0.034226,0.036242,0.037219,0.0225
2022-10-28,0.03408,0.035973000000000005,0.036501,0.0225
2022-10-31,0.035365,0.036952,0.037249,0.0225
2022-11-01,0.033863,0.036095,0.036957,0.0225
2022-11-02,0.032929,0.035617,0.037055,0.0225
2022-11-03,0.0332,0.036192,0.037902,0.03
2022-11-04,0.033370000000000004,0.036542,0.038565999999999996,0.03
2022-11-07,0.034411,0.037266,0.039181,0.03
2022-11-08,0.034184,0.036612,0.038307,0.03
2022-11-09,0.033681,0.035587,0.036683,0.03
2022-11-10,0.032094,0.0339,0.034992,0.03
2022-11-11,0.032801,0.03472,0.035965,0.03
2022-11-14,0.032742,0.034704,0.036014,0.03
2022-11-15,0.032339,0.034295,0.035816,0.03
2022-11-16,0.030979,0.032715999999999995,0.034164,0.03
2022-11-17,0.03161,0.033225,0.034630999999999995,0.03
2022-11-18,0.032078999999999996,0.03359,0.03497,0.03
2022-11-21,0.03186,0.03305,0.034201,0.03
2022-11-22,0.03144,0.032704,0.034148,0.03
2022-11-23,0.03069,0.031449,0.032664,0.03
2022-11-24,0.03092,0.031730999999999995,0.033148,0.03
2022-11-25,0.031863999999999996,0.032644,0.034001,0.03
2022-11-28,0.031678000000000005,0.03252,0.033962,0.03
2022-11-29,0.031164,0.032923,0.033639,0.03
2022-11-30,0.032038000000000004,0.033672,0.034308,0.03
2022-12-01,0.031730999999999995,0.032583,0.033834,0.03
2022-12-02,0.032132,0.033303,0.035306000000000004,0.03
2022-12-05,0.032671,0.033315000000000004,0.033781,0.03
2022-12-06,0.031706,0.032570999999999996,0.034319999999999996,0.03
2022-12-07,0.031054,0.032179,0.034675,0.03
2022-12-08,0.031623,0.032983,0.033973,0.03
2022-12-09,0.032078,0.033567,0.034681000000000003,0.03
2022-12-12,0.032296,0.033663,0.035634,0.03
2022-12-13,0.032937,0.034198,0.036086,0.03
2022-12-14,0.032699,0.034314,0.037056,0.03
2022-12-15,0.032039,0.033881999999999995,0.035434,0.035
2022-12-16,0.033083,0.034544,0.037021,0.035
2022-12-19,0.034308,0.035826,0.038073,0.035
2022-12-20,0.035575999999999997,0.037051,0.039127999999999996,0.035
2022-12-21,0.035249,0.036692,0.038589000000000005,0.035
2022-12-22,0.03606,0.037436,0.038445,0.035
2022-12-23,0.036259,0.03773,0.038809,0.035
2022-12-28,0.036456,0.038195,0.039415,0.035
2022-12-29,0.036471,0.038278,0.039580000000000004,0.035
2022-12-30,0.036208,0.037992,0.039284,0.035
2023-01-03,0.036122,0.037856,0.039207,0.035
2023-01-04,0.034989,0.036502,0.037698999999999996,0.035
2023-01-05,0.034889,0.036752,0.039076,0.035
2023-01-06,0.033857,0.035892,0.038597,0.035
2023-01-09,0.034846,0.036674000000000005,0.038514,0.035
2023-01-10,0.034363000000000005,0.036947,0.038324,0.035
2023-01-11,0.032673,0.035294,0.037578,0.035
2023-01-12,0.032494,0.03466,0.037107,0.035
2023-01-13,0.032481,0.03464,0.037009,0.035
2023-01-16,0.032867,0.034679,0.037426,0.035
2023-01-17,0.032576999999999995,0.03453,0.03696,0.035
2023-01-18,0.03234,0.034145,0.036637,0.035
2023-01-19,0.032697,0.0342,0.036111,0.035
2023-01-20,0.032501,0.034377,0.036975,0.035
2023-01-23,0.032572000000000004,0.03443,0.037037,0.035
2023-01-24,0.031723,0.033847999999999996,0.036429,0.035
2023-01-25,0.031626,0.033902,0.035778,0.035
2023-01-26,0.031645,0.034346,0.036472000000000004,0.035
2023-01-27,0.032248,0.034557000000000004,0.036566999999999995,0.035
2023-01-30,0.032297,0.03458,0.036626,0.035
2023-01-31,0.032126999999999996,0.034598,0.036683,0.035
2023-02-01,0.032087,0.0344,0.037119,0.035
2023-02-02,0.028647999999999996,0.031376,0.034083,0.04
2023-02-03,0.029186999999999998,0.031815,0.035222,0.04
2023-02-06,0.031141000000000002,0.033542,0.036732,0.04
2023-02-07,0.031962000000000004,0.034225,0.036601,0.04
2023-02-08,0.031599,0.034376000000000004,0.037549,0.04
2023-02-09,0.031909,0.034291999999999996,0.037028,0.04
2023-02-10,0.033105,0.035246,0.037687,0.04
2023-02-13,0.033475000000000005,0.035225,0.037610000000000005,0.04
2023-02-14,0.034140000000000004,0.035783999999999996,0.038064,0.04
2023-02-15,0.03376,0.035844,0.038454999999999996,0.04
2023-02-16,0.033916,0.036119,0.038965,0.04
2023-02-17,0.034338,0.036324999999999996,0.038841,0.04
2023-02-20,0.033702,0.035627,0.038727,0.04
2023-02-21,0.035176,0.037147,0.039945,0.04
2023-02-22,0.035418,0.037354,0.039261,0.04
2023-02-23,0.035252,0.037413,0.039387,0.04
2023-02-24,0.03634,0.037898,0.040011,0.04
2023-02-27,0.037114,0.038442,0.039874,0.04
2023-02-28,0.03718,0.038599999999999995,0.039973,0.04
2023-03-01,0.037115999999999996,0.038512,0.04038,0.04
2023-03-02,0.03727,0.038812,0.040624,0.04
2023-03-03,0.037353,0.03873,0.040602,0.04
2023-03-06,0.03744,0.038515,0.040194,0.04
2023-03-07,0.037635999999999996,0.038398,0.039842,0.04
2023-03-08,0.037162,0.037666,0.038966,0.04
2023-03-09,0.037558,0.038121,0.039497,0.04
2023-03-10,0.035546,0.036342,0.038069,0.04
2023-03-13,0.033287,0.034304,0.036469999999999995,0.04
2023-03-14,0.034632,0.035495,0.037344,0.04
2023-03-15,0.032793,0.033824,0.035812,0.04
2023-03-16,0.03305,0.034036,0.03597,0.04
2023-03-17,0.031866,0.033148,0.035394999999999996,0.04
2023-03-20,0.032049,0.033627,0.036119,0.04
2023-03-21,0.032558,0.034058000000000005,0.036441,0.04
2023-03-22,0.034301,0.035102,0.037143,0.04
2023-03-23,0.032515,0.033916,0.036351,0.0425
2023-03-24,0.031608,0.033066,0.035595,0.0425
2023-03-27,0.032666,0.033929,0.036223,0.0425
2023-03-28,0.03342,0.034706,0.036778,0.0425
2023-03-29,0.03365,0.034693999999999996,0.03651,0.0425
2023-03-30,0.03437,0.035276999999999996,0.036903,0.0425
2023-03-31,0.034538,0.035400999999999995,0.037075,0.0425
2023-04-03,0.033415,0.034249,0.035822,0.0425
2023-04-04,0.033485,0.034485,0.036055000000000004,0.0425
2023-04-05,0.033387,0.034542,0.036261,0.0425
2023-04-06,0.03341,0.034481000000000005,0.036185999999999996,0.0425
2023-04-11,0.034482,0.035441,0.037013,0.0425
2023-04-12,0.034716,0.035676,0.037263000000000004,0.0425
2023-04-13,0.034572,0.035676,0.037524,0.0425
2023-04-14,0.035584,0.036560999999999996,0.03834,0.0425
2023-04-17,0.035911,0.036992,0.038837,0.0425
2023-04-18,0.036505,0.037417,0.039184000000000004,0.0425
2023-04-19,0.037940999999999996,0.038576,0.040113,0.0425
2023-04-20,0.037202,0.037879,0.039484,0.0425
2023-04-21,0.037128,0.037758,0.039367,0.0425
2023-04-24,0.037107,0.037719,0.039304,0.0425
2023-04-25,0.036354000000000004,0.037002,0.038662999999999996,0.0425
2023-04-26,0.036386,0.037166000000000005,0.03888,0.0425
2023-04-27,0.037179000000000004,0.038013,0.039731999999999996,0.0425
2023-04-28,0.036678,0.037415,0.039153,0.0425
2023-05-02,0.036145000000000004,0.03693,0.038837,0.0425
2023-05-03,0.036386,0.037164,0.039119,0.0425
2023-05-04,0.035891,0.036973,0.039094000000000004,0.0425
2023-05-05,0.036677,0.037809,0.03989,0.0425
2023-05-09,0.037361,0.038395,0.040361,0.0425
2023-05-10,0.037072,0.038051,0.040010000000000004,0.0425
2023-05-11,0.036219,0.037306,0.039446,0.045
2023-05-12,0.036728000000000004,0.037868,0.040077999999999996,0.045
2023-05-15,0.03711,0.038303,0.040519999999999994,0.045
2023-05-16,0.037047,0.038294999999999996,0.040545,0.045
2023-05-17,0.037333,0.038432,0.040603999999999994,0.045
2023-05-18,0.03863,0.039734,0.041889,0.045
2023-05-19,0.03907,0.040193000000000006,0.042219,0.045
2023-05-22,0.039678,0.040602,0.042489,0.045
2023-05-23,0.040861,0.041784999999999996,0.043373999999999996,0.045
2023-05-24,0.042065,0.042216,0.043307000000000005,0.045
2023-05-25,0.04397,0.043896,0.044672,0.045
2023-05-26,0.043806000000000005,0.043826000000000004,0.044711,0.045
2023-05-30,0.042688,0.042606000000000005,0.044383,0.045
2023-05-31,0.041914999999999994,0.042038,0.043117,0.045
2023-06-01,0.041508,0.041576,0.042632,0.045
2023-06-02,0.041866,0.04178899999999999,0.042753,0.045
2023-06-05,0.042656,0.042411000000000004,0.043218,0.045
2023-06-06,0.042866,0.042428999999999994,0.043021000000000004,0.045
2023-06-07,0.043602,0.043164999999999995,0.043232999999999994,0.045
2023-06-08,0.043205999999999994,0.042854,0.043426,0.045
2023-06-09,0.043141,0.042633000000000004,0.043083,0.045
2023-06-12,0.044147,0.043579,0.043914,0.045
2023-06-13,0.045588,0.044584,0.044713,0.045
2023-06-14,0.045606,0.044017999999999995,0.044181,0.045
2023-06-15,0.045956000000000004,0.044455999999999996,0.043872999999999995,0.045
2023-06-16,0.046288,0.044715,0.043939000000000006,0.045
2023-06-19,0.047207,0.045267,0.044455999999999996,0.045
2023-06-20,0.045579999999999996,0.043786,0.043235,0.045
2023-06-21,0.046384999999999996,0.044482,0.04393,0.045
2023-06-22,0.046257,0.044192999999999996,0.043618,0.05
2023-06-23,0.046035000000000006,0.0437,0.043064,0.05
2023-06-26,0.046144,0.043776999999999996,0.042610999999999996,0.05
2023-06-27,0.047264999999999995,0.044337,0.043002000000000005,0.05
2023-06-28,0.046485000000000005,0.043958000000000004,0.042856,0.05
2023-06-29,0.046804,0.044341,0.043122999999999995,0.05
2023-06-30,0.047289000000000005,0.044448999999999995,0.043186999999999996,0.05
2023-07-03,0.047867,0.044811,0.043495,0.05
2023-07-04,0.047638,0.044490999999999996,0.043245,0.05
2023-07-05,0.048299,0.045198999999999996,0.043935,0.05
2023-07-06,0.049669,0.046799,0.045555000000000005,0.05
2023-07-07,0.049099000000000004,0.046646,0.045771,0.05
2023-07-10,0.049069,0.046674,0.045693000000000004,0.05
2023-07-11,0.049276,0.046843,0.045807,0.05
2023-07-12,0.047782,0.045877999999999995,0.044935,0.05
2023-07-13,0.046735,0.044953,0.044348,0.05
2023-07-14,0.046433999999999996,0.044621,0.044118000000000004,0.05
2023-07-17,0.046125,0.044673,0.044472,0.05
2023-07-18,0.045076,0.043623,0.043512,0.05
2023-07-19,0.043673000000000003,0.042305999999999996,0.042165,0.05
2023-07-20,0.04455,0.043007,0.04273,0.05
2023-07-21,0.044398999999999994,0.042975000000000006,0.042731000000000005,0.05
2023-07-24,0.044177,0.042824999999999995,0.042708,0.05
2023-07-25,0.044459,0.04302399999999999,0.042972,0.05
2023-07-26,0.044661,0.043072,0.042889,0.05
2023-07-27,0.044412,0.04305,0.043234,0.05
2023-07-28,0.044787999999999994,0.043440000000000006,0.043358,0.05
2023-07-31,0.044359,0.042896000000000004,0.042986,0.05
2023-08-01,0.045625,0.04421,0.043903,0.05
2023-08-02,0.045449,0.044258,0.044050000000000006,0.05
2023-08-03,0.04559,0.044868,0.044969,0.0525
2023-08-04,0.045156999999999996,0.044310999999999996,0.04430100000000001,0.0525
2023-08-07,0.045232999999999995,0.044674,0.04491799999999999,0.0525
2023-08-08,0.04511999999999999,0.044208,0.044203,0.0525
2023-08-09,0.045106,0.044165,0.044161,0.0525
2023-08-10,0.044853,0.044037,0.044143999999999996,0.0525
2023-08-11,0.046299,0.045557,0.045638,0.0525
2023-08-14,0.04688,0.045957,0.045862999999999994,0.0525
2023-08-15,0.047136,0.046272,0.046228,0.0525
2023-08-16,0.047365000000000004,0.046544999999999996,0.046573,0.0525
2023-08-17,0.048320999999999996,0.047500999999999995,0.04750600000000001,0.0525
2023-08-18,0.04794400000000001,0.047151,0.047175,0.0525
2023-08-21,0.0484,0.047603,0.04759,0.0525
2023-08-22,0.047844,0.047039,0.04699,0.0525
2023-08-23,0.045797,0.045148,0.045359,0.0525
2023-08-24,0.045517,0.044694000000000005,0.044811,0.0525
2023-08-25,0.046010999999999996,0.044991,0.04492,0.0525
2023-08-29,0.04567,0.044828,0.044917,0.0525
2023-08-30,0.045325,0.04462,0.044851999999999996,0.0525
2023-08-31,0.044534000000000004,0.043926999999999994,0.044257,0.0525
2023-09-01,0.044781,0.044383,0.044871999999999995,0.0525
2023-09-04,0.045301,0.044995,0.045614,0.0525
2023-09-05,0.04583,0.045423,0.045911999999999994,0.0525
2023-09-06,0.0461,0.045773,0.046137,0.0525
2023-09-07,0.045148,0.045045,0.045529,0.0525
2023-09-08,0.04439,0.044474,0.045114,0.0525
2023-09-11,0.044992000000000004,0.045158,0.045884,0.0525
2023-09-12,0.044411,0.044523,0.045399,0.0525
2023-09-13,0.043688000000000005,0.043803,0.044703999999999994,0.0525
2023-09-14,0.042824999999999995,0.042977999999999995,0.04399,0.0525
2023-09-15,0.043449,0.043754999999999995,0.044898,0.0525
2023-09-18,0.043952,0.044253,0.045361000000000005,0.0525
2023-09-19,0.043437,0.043796999999999996,0.045053,0.0525
2023-09-20,0.042005999999999995,0.042705,0.044257,0.0525
2023-09-21,0.042304,0.043153,0.044678,0.0525
2023-09-22,0.041929999999999995,0.04290600000000001,0.044584,0.0525
2023-09-25,0.042222,0.043514,0.045434999999999996,0.0525
2023-09-26,0.042196,0.043557,0.045533000000000004,0.0525
2023-09-27,0.042808,0.043830999999999995,0.045475,0.0525
2023-09-28,0.044635999999999995,0.045662,0.047167,0.0525
2023-09-29,0.04327,0.044497999999999996,0.04632,0.0525
2023-10-02,0.044393,0.045728,0.047535,0.0525
2023-10-03,0.044696,0.046061,0.047874,0.0525
2023-10-04,0.044886999999999996,0.046231999999999995,0.047879,0.0525
2023-10-05,0.044126000000000005,0.04567,0.047514,0.0525
2023-10-06,0.044536,0.046204999999999996,0.048125,0.0525
2023-10-09,0.043518999999999995,0.045254,0.047377,0.0525
2023-10-10,0.043042,0.044739,0.046841,0.0525
2023-10-11,0.04247,0.043655,0.045404,0.0525
2023-10-12,0.043282999999999995,0.044493,0.046248,0.0525
2023-10-13,0.043204,0.044346,0.046086999999999996,0.0525
2023-10-16,0.043931,0.045153,0.046919,0.0525
2023-10-17,0.04418999999999999,0.045556,0.047279999999999996,0.0525
2023-10-18,0.045599,0.046723,0.048172,0.0525
2023-10-19,0.045656,0.047012,0.048617,0.0525
2023-10-20,0.04489099999999999,0.046723999999999995,0.048739,0.0525
2023-10-23,0.044555,0.04633,0.04827,0.0525
2023-10-24,0.044115,0.045808999999999996,0.047734,0.0525
2023-10-25,0.044524999999999995,0.046212,0.048112,0.0525
2023-10-26,0.044276,0.046118,0.048157,0.0525
2023-10-27,0.044276,0.046118,0.048157,0.0525
2023-10-30,0.043919,0.045826000000000006,0.047892000000000004,0.0525
2023-10-31,0.043555,0.045325,0.047321999999999996,0.0525
2023-11-01,0.043287000000000006,0.045103,0.047070999999999995,0.0525
2023-11-02,0.042344,0.044154,0.046245,0.0525
2023-11-03,0.04157,0.043282999999999995,0.045361000000000005,0.0525
2023-11-06,0.042134,0.043941,0.046007,0.0525
2023-11-07,0.041397,0.043113,0.045109,0.0525
2023-11-08,0.041217,0.042756999999999996,0.044631,0.0525
2023-11-09,0.041383,0.043025,0.044949,0.0525
2023-11-10,0.041918,0.043515,0.045368000000000006,0.0525
2023-11-13,0.04213,0.04359,0.045284000000000005,0.0525
2023-11-14,0.040567,0.041921999999999994,0.043589,0.0525
2023-11-15,0.04094299999999999,0.04238,0.044059999999999995,0.0525
2023-11-16,0.040019,0.041533,0.043291,0.0525
2023-11-17,0.040131,0.041488,0.043232999999999994,0.0525
2023-11-20,0.040157,0.041596,0.043319,0.0525
2023-11-21,0.040172,0.041437,0.0431,0.0525
2023-11-22,0.040818,0.04213599999999999,0.043955,0.0525
2023-11-23,0.041779000000000004,0.042939,0.044703,0.0525
2023-11-24,0.042165,0.043417000000000004,0.045179,0.0525
2023-11-27,0.041387,0.042654,0.044379,0.0525
2023-11-28,0.040899,0.042197,0.044014,0.0525
2023-11-29,0.039927000000000004,0.041444,0.043491999999999996,0.0525
2023-11-30,0.040655000000000004,0.042231,0.044284,0.0525
2023-12-01,0.040254000000000005,0.042074,0.044310999999999996,0.0525
2023-12-04,0.040647,0.042329,0.044506,0.0525
2023-12-05,0.03927,0.040844,0.043060999999999995,0.0525
2023-12-06,0.038956,0.040263999999999994,0.042258,0.0525
2023-12-07,0.039146,0.040406000000000004,0.042350000000000006,0.0525
2023-12-08,0.039571,0.040826,0.042731000000000005,0.0525
2023-12-11,0.040202999999999996,0.041428,0.043274,0.0525
2023-12-12,0.039099,0.040396,0.042408,0.0525
2023-12-13,0.037632,0.03905,0.04106,0.0525
2023-12-14,0.036934,0.038529,0.04061,0.0525
2023-12-15,0.03628,0.037717,0.039706,0.0525
2023-12-18,0.03633,0.037671,0.039598,0.0525
2023-12-19,0.03564,0.037117,0.039191,0.0525
2023-12-20,0.034296,0.036198,0.038546,0.0525
2023-12-21,0.033944999999999996,0.036043,0.038463,0.0525
2023-12-22,0.033599000000000004,0.035781,0.038283,0.0525
2023-12-27,0.033066,0.03529,0.037896,0.0525
2023-12-28,0.033234,0.035644,0.038432,0.0525
2023-12-29,0.033583,0.036206,0.038977,0.0525
2024-01-02,0.03443,0.03719,0.040119999999999996,0.0525
2024-01-03,0.035003,0.037638,0.040613,0.0525
2024-01-04,0.035496,0.038006000000000005,0.040865,0.0525
2024-01-05,0.036067,0.038398,0.04109,0.0525
2024-01-08,0.036292,0.038619,0.04134,0.0525
2024-01-09,0.036354000000000004,0.03868,0.041405000000000004,0.0525
2024-01-10,0.036441,0.038839,0.041519,0.0525
2024-01-11,0.036742,0.039213,0.041898,0.0525
2024-01-12,0.035995,0.038792,0.04172,0.0525
2024-01-15,0.035976,0.038809,0.041845999999999994,0.0525
2024-01-16,0.035935999999999996,0.038900000000000004,0.042138,0.0525
2024-01-17,0.037898,0.040473,0.043440000000000006,0.0525
2024-01-18,0.037448999999999996,0.040123,0.043162000000000006,0.0525
2024-01-19,0.037429000000000004,0.039969000000000005,0.042881,0.0525
2024-01-22,0.037238,0.039756,0.0425,0.0525
2024-01-23,0.038221,0.040587,0.043205999999999994,0.0525
2024-01-24,0.038551,0.04086,0.043464,0.0525
2024-01-25,0.038165,0.040581,0.043257000000000004,0.0525
2024-01-26,0.038075,0.040613,0.043377,0.0525
2024-01-29,0.037448999999999996,0.039961,0.042763,0.0525
2024-01-30,0.037744,0.040064999999999996,0.042807000000000005,0.0525
2024-01-31,0.036427,0.038953,0.041925,0.0525
2024-02-01,0.035893,0.038378999999999996,0.041380999999999994,0.0525
2024-02-02,0.037974,0.040066,0.042821,0.0525
2024-02-05,0.03924,0.041197,0.043825,0.0525
2024-02-06,0.038435000000000004,0.040315000000000004,0.042920999999999994,0.0525
2024-02-07,0.038582,0.04048,0.04298,0.0525
2024-02-08,0.039426,0.041214,0.0436,0.0525
2024-02-09,0.040042999999999995,0.041612,0.043813000000000005,0.0525
2024-02-12,0.039771,0.04141,0.043626,0.0525
2024-02-13,0.040739,0.042087000000000006,0.044108,0.0525
2024-02-14,0.039762,0.041318,0.043517,0.0525
2024-02-15,0.039613,0.041235999999999995,0.043555,0.0525
2024-02-16,0.040267,0.041806,0.044039,0.0525
2024-02-19,0.040326,0.041867,0.044059999999999995,0.0525
2024-02-20,0.039653999999999995,0.041306,0.043593,0.0525
2024-02-21,0.040099,0.041651,0.04383600000000001,0.0525
2024-02-22,0.040193000000000006,0.041682,0.043798000000000004,0.0525
2024-02-23,0.039761000000000005,0.041331,0.043587999999999995,0.0525
2024-02-26,0.040067000000000005,0.04155300000000001,0.04371800000000001,0.0525
2024-02-27,0.040526,0.041943,0.044052,0.0525
2024-02-28,0.040701999999999995,0.042012999999999995,0.044049,0.0525
2024-02-29,0.040167,0.041372,0.043262,0.0525
2024-03-01,0.039933,0.04115,0.043037,0.0525
2024-03-04,0.040416,0.041482,0.043285,0.0525
2024-03-05,0.039438,0.040298999999999995,0.042128,0.0525
2024-03-06,0.039369999999999995,0.040295,0.04212,0.0525
2024-03-07,0.03957,0.040278,0.041921,0.0525
2024-03-08,0.039119,0.040021,0.041870000000000004,0.0525
2024-03-11,0.038891,0.039892,0.041795,0.0525
2024-03-12,0.038582,0.039679,0.041691000000000006,0.0525
2024-03-13,0.039177,0.040293999999999996,0.042265,0.0525
2024-03-14,0.03982,0.040972,0.042903000000000004,0.0525
2024-03-15,0.040023,0.041124,0.043008,0.0525
2024-03-18,0.03986,0.041006,0.042886,0.0525
2024-03-19,0.03939,0.040677000000000005,0.042698,0.0525
2024-03-20,0.03939,0.040677000000000005,0.042698,0.0525
2024-03-21,0.038472,0.040071,0.042350000000000006,0.0525
2024-03-22,0.037982999999999996,0.039608,0.041983,0.0525
2024-03-25,0.038541,0.040111999999999995,0.042406,0.0525
2024-03-26,0.038422,0.039900000000000005,0.042131,0.0525
2024-03-27,0.038102,0.039611,0.041933,0.0525
2024-03-28,0.03802,0.039457,0.041783,0.0525
2024-04-02,0.039285,0.040942,0.043281,0.0525
2024-04-03,0.039151,0.040837000000000005,0.043257000000000004,0.0525
2024-04-04,0.038628,0.040247000000000005,0.042699,0.0525
2024-04-05,0.039226000000000004,0.040858,0.043285,0.0525
2024-04-08,0.039459,0.041025,0.043418,0.0525
2024-04-09,0.038967,0.040415,0.042738,0.0525
2024-04-10,0.040286999999999996,0.041474000000000004,0.043569000000000004,0.0525
2024-04-11,0.041199000000000006,0.042332,0.044386,0.0525
2024-04-12,0.040391,0.041494,0.043612000000000005,0.0525
2024-04-15,0.041383,0.042591000000000004,0.044696999999999994,0.0525
2024-04-16,0.042054,0.043113,0.045025,0.0525
2024-04-17,0.042064000000000004,0.042944,0.044711999999999995,0.0525
2024-04-18,0.041797,0.042756999999999996,0.044619,0.0525
2024-04-19,0.041402999999999995,0.04263,0.044659000000000004,0.0525
2024-04-22,0.040789,0.042162,0.044256000000000004,0.0525
2024-04-23,0.041336000000000005,0.042649999999999993,0.044733999999999996,0.0525
2024-04-24,0.042191,0.04341999999999999,0.045417,0.0525
2024-04-25,0.042537000000000005,0.043694,0.045621999999999996,0.0525
2024-04-26,0.042328000000000005,0.043357,0.045224,0.0525
2024-04-29,0.041927000000000006,0.042977,0.044888000000000004,0.0525
2024-04-30,0.042681,0.043695000000000005,0.045507,0.0525
2024-05-01,0.042797,0.043822,0.045627,0.0525
2024-05-02,0.041927000000000006,0.043113,0.045110000000000004,0.0525
2024-05-03,0.041201999999999996,0.04249,0.044608,0.0525
2024-05-07,0.040271,0.041436,0.043560999999999996,0.0525
2024-05-08,0.040225,0.041425000000000003,0.043518,0.0525
2024-05-09,0.040081,0.041521,0.043732,0.0525
2024-05-10,0.040392000000000004,0.041754,0.043914999999999996,0.0525
2024-05-13,0.040434,0.041771,0.043934,0.0525
2024-05-14,0.04044400000000001,0.041769,0.043919,0.0525
2024-05-15,0.039481,0.040747,0.042865,0.0525
2024-05-16,0.039473,0.040711000000000004,0.042841,0.0525
2024-05-17,0.040149,0.041386000000000006,0.043484999999999996,0.0525
2024-05-20,0.040549,0.041824,0.043958000000000004,0.0525
2024-05-21,0.040323000000000005,0.041597999999999996,0.043742,0.0525
2024-05-22,0.041410999999999996,0.042405,0.044342,0.0525
2024-05-23,0.041931,0.042736,0.044565,0.0525
2024-05-24,0.041845,0.042698,0.044581,0.0525
2024-05-28,0.041845,0.042698,0.044581,0.0525
2024-05-29,0.042947,0.043995,0.045942,0.0525
2024-05-30,0.042581,0.043743,0.045707000000000005,0.0525
2024-05-31,0.042045000000000006,0.043167,0.045047,0.0525
2024-06-03,0.041380999999999994,0.042443,0.044349,0.0525
2024-06-04,0.041056,0.041956,0.043786,0.0525
2024-06-05,0.041116,0.041978999999999995,0.043761999999999995,0.0525
2024-06-06,0.040832,0.041856,0.043723,0.0525
2024-06-07,0.041658,0.042688,0.044484,0.0525
2024-06-10,0.04206699999999999,0.043348000000000005,0.045185,0.0525
2024-06-11,0.041498999999999994,0.042883,0.044823,0.0525
2024-06-12,0.040275,0.041569,0.043670999999999995,0.0525
2024-06-13,0.040392000000000004,0.041685999999999994,0.043823,0.0525
2024-06-14,0.039513,0.040719000000000005,0.042826,0.0525
2024-06-17,0.039987,0.041274,0.043402,0.0525
2024-06-18,0.039487,0.040784,0.042895,0.0525
2024-06-19,0.039613999999999996,0.040944,0.043086,0.0525
2024-06-20,0.039249,0.040782,0.043087,0.0525
2024-06-21,0.039446,0.040965999999999995,0.043237,0.0525
2024-06-24,0.039599,0.041035,0.043268,0.0525
2024-06-25,0.039523,0.040888999999999995,0.043083,0.0525
2024-06-26,0.040251999999999996,0.041585000000000004,0.043699,0.0525
2024-06-27,0.04024200000000001,0.04154,0.043611000000000004,0.0525
2024-06-28,0.040484,0.04195,0.044093,0.0525
2024-07-01,0.041070999999999996,0.042941,0.045092,0.0525
2024-07-02,0.040926,0.042688,0.044893,0.0525
2024-07-03,0.040288000000000004,0.041797,0.043981000000000006,0.0525
2024-07-04,0.040628000000000004,0.042293000000000004,0.044364999999999995,0.0525
2024-07-05,0.039979,0.041607000000000005,0.043734999999999996,0.0525
2024-07-08,0.039824,0.041303,0.043547,0.0525
2024-07-09,0.04025,0.041775,0.044086,0.0525
2024-07-10,0.039958999999999995,0.041548,0.043803999999999996,0.0525
2024-07-11,0.039284,0.04101,0.043250000000000004,0.0525
2024-07-12,0.039679,0.041311,0.043586,0.0525
2024-07-15,0.039529,0.041174999999999996,0.043458,0.0525
2024-07-16,0.039529,0.041174999999999996,0.043458,0.0525
2024-07-17,0.039363999999999996,0.040936,0.043154000000000005,0.0525
2024-07-18,0.038915000000000005,0.040583,0.042886,0.0525
2024-07-19,0.03947,0.041311999999999995,0.043685999999999996,0.0525
2024-07-22,0.039761000000000005,0.041494,0.043821000000000006,0.0525
2024-07-23,0.039678,0.041479,0.043829,0.0525
2024-07-24,0.039505,0.041552,0.043966000000000005,0.0525
2024-07-25,0.039248,0.041388999999999995,0.043913,0.0525
2024-07-26,0.039027,0.041176000000000004,0.043791000000000004,0.0525
2024-07-29,0.038574000000000004,0.040693,0.043311,0.0525
2024-07-30,0.038499,0.040607,0.043193999999999996,0.0525
2024-07-31,0.037857,0.040037,0.042697000000000006,0.0525
2024-08-01,0.036694,0.038949,0.041771,0.05
2024-08-02,0.036244,0.038678,0.041562999999999996,0.05
2024-08-05,0.036301,0.038753,0.041565000000000005,0.05
2024-08-06,0.036915,0.039281,0.041985,0.05
2024-08-07,0.037303,0.039771,0.042492999999999996,0.05
2024-08-08,0.037354,0.039819,0.042497,0.05
2024-08-09,0.03717,0.039588,0.042304,0.05
2024-08-12,0.037200000000000004,0.039581,0.042297,0.05
2024-08-13,0.036629,0.039026,0.041786000000000004,0.05
2024-08-14,0.036124,0.038460999999999995,0.041212,0.05
2024-08-15,0.037165,0.039442,0.042086,0.05
2024-08-16,0.037332000000000004,0.039448,0.041985999999999996,0.05
2024-08-19,0.037609,0.039623,0.04212,0.05
2024-08-20,0.03737,0.039352,0.041859,0.05
2024-08-21,0.037238,0.039218,0.041750999999999996,0.05
2024-08-22,0.037852000000000004,0.039831,0.042346,0.05
2024-08-23,0.037401,0.039324,0.041803,0.05
2024-08-27,0.037954,0.039956,0.04243,0.05
2024-08-28,0.037995,0.040012,0.042511,0.05
2024-08-29,0.03811,0.040206,0.04275,0.05
2024-08-30,0.037919999999999995,0.040003000000000004,0.0425,0.05
2024-09-02,0.038276,0.04045,0.04294,0.05
2024-09-03,0.037673,0.039809000000000004,0.042332999999999996,0.05
2024-09-04,0.037097000000000005,0.039307,0.041882,0.05
2024-09-05,0.037002,0.039242,0.041808,0.05
2024-09-06,0.036532,0.038900000000000004,0.041579,0.05
2024-09-09,0.036107,0.038708,0.04152,0.05
2024-09-10,0.035819000000000004,0.038418,0.041299999999999996,0.05
2024-09-11,0.035819000000000004,0.038418,0.041299999999999996,0.05
2024-09-12,0.035246,0.037912,0.040964,0.05
2024-09-13,0.035136,0.037809,0.040815000000000004,0.05
2024-09-16,0.034962,0.037659,0.040652,0.05
2024-09-17,0.035237,0.037818,0.040753000000000004,0.05
2024-09-18,0.036029,0.038563,0.041380999999999994,0.05
2024-09-19,0.036306,0.038943,0.041798,0.05
2024-09-20,0.036556000000000005,0.039209999999999995,0.042047,0.05
2024-09-23,0.036628,0.039384999999999996,0.04225399999999999,0.05
2024-09-24,0.036598,0.039402,0.042239000000000006,0.05
2024-09-25,0.037167,0.039971,0.042784,0.05
2024-09-26,0.037027000000000004,0.039945,0.042832999999999996,0.05
2024-09-27,0.037107,0.040035,0.042959,0.05
2024-09-30,0.037386,0.040204000000000004,0.043017,0.05
2024-10-01,0.036838,0.039542,0.042325999999999996,0.05
2024-10-02,0.037767,0.040532000000000006,0.043262,0.05
2024-10-03,0.037261999999999997,0.040244,0.043084,0.05
2024-10-04,0.038813,0.04143500000000001,0.044002,0.05
2024-10-07,0.039496,0.042061,0.044581,0.05
2024-10-08,0.039242,0.041933,0.04457,0.05
2024-10-09,0.039095,0.041845,0.044551,0.05
2024-10-10,0.039469,0.042433,0.045533000000000004,0.05
2024-10-11,0.039459,0.042472,0.045247,0.05
2024-10-14,0.03923,0.042651,0.045889,0.05
2024-10-15,0.039325,0.042283999999999995,0.044534000000000004,0.05
2024-10-16,0.038085,0.041143,0.043461,0.05
2024-10-17,0.038357999999999996,0.041734,0.04413,0.05
2024-10-18,0.037866,0.040974000000000003,0.043445,0.05
2024-10-21,0.038489,0.041684,0.044145000000000004,0.05
2024-10-22,0.038751,0.042009,0.044481,0.05
2024-10-23,0.039243,0.042608,0.045083000000000005,0.05
2024-10-24,0.039051,0.04261,0.045316,0.05
2024-10-25,0.039051,0.04213599999999999,0.044877,0.05
2024-10-28,0.040244,0.042796,0.045267999999999996,0.05
2024-10-29,0.040091999999999996,0.042908,0.046224,0.05
2024-10-30,0.040982000000000005,0.043703000000000006,0.046263,0.05
2024-10-31,0.04169,0.044101999999999995,0.047229,0.05
2024-11-01,0.041902999999999996,0.044395,0.046506,0.05
2024-11-04,0.041997,0.044607,0.046645000000000006,0.05
2024-11-05,0.043044,0.045527,0.047355999999999995,0.05
2024-11-06,0.042713,0.045408,0.048058,0.05
2024-11-07,0.041974,0.04478,0.047069,0.0475
2024-11-08,0.042101,0.044641,0.046602,0.0475
2024-11-11,0.04136599999999999,0.044050000000000006,0.04631300000000001,0.0475
2024-11-12,0.041803999999999994,0.044212999999999995,0.046707,0.0475
2024-11-13,0.042342000000000005,0.044650999999999996,0.04668,0.0475
2024-11-14,0.041739,0.044627999999999994,0.046983,0.0475
2024-11-15,0.041567,0.044432,0.046773999999999996,0.0475
2024-11-18,0.041632999999999996,0.044288,0.04673,0.0475
2024-11-19,0.041089,0.043753,0.046574,0.0475
2024-11-20,0.04141,0.044083,0.047108,0.0475
2024-11-21,0.041684,0.044551,0.047081,0.0475
2024-11-22,0.041097999999999996,0.04381,0.046745999999999996,0.0475
2024-11-25,0.040748,0.043471,0.045675,0.0475
2024-11-26,0.040658,0.043262999999999996,0.045855,0.0475
2024-11-27,0.040811,0.043207,0.045399,0.0475
2024-11-28,0.040735,0.043204,0.045321999999999994,0.0475
2024-11-29,0.039977,0.042484,0.044827000000000006,0.0475
2024-12-02,0.039807,0.042344,0.044688,0.0475
2024-12-03,0.039914,0.042491,0.044881000000000004,0.0475
2024-12-04,0.03988,0.0425,0.044889,0.0475
2024-12-05,0.040279999999999996,0.042848,0.045223000000000006,0.0475
2024-12-06,0.040464,0.043114999999999994,0.04539,0.0475
2024-12-09,0.040207,0.042941,0.045321999999999994,0.0475
2024-12-10,0.040681,0.043578,0.04593,0.0475
2024-12-11,0.040588,0.043582,0.045975999999999996,0.0475
2024-12-12,0.040701,0.043811,0.046279,0.0475
2024-12-13,0.041292,0.044688,0.04724999999999999,0.0475
2024-12-16,0.041631,0.04489099999999999,0.047359,0.0475
2024-12-17,0.04244,0.045202,0.047884,0.0475
2024-12-18,0.042112,0.045225999999999995,0.047858,0.0475
2024-12-19,0.042224000000000005,0.045328999999999994,0.0482,0.0475
2024-12-20,0.041471999999999995,0.044847,0.047882,0.0475
2024-12-23,0.04206699999999999,0.046032000000000003,0.049082999999999995,0.0475
2024-12-24,0.042686,0.046342,0.049109999999999994,0.0475
2024-12-27,0.042602,0.046013,0.049119,0.0475
2024-12-30,0.042699,0.045943,0.048902,0.0475
2024-12-31,0.04190000000000001,0.045173,0.048734,0.0475
2025-01-02,0.041994,0.04537,0.048644999999999994,0.0475
2025-01-03,0.042153,0.045325,0.04868,0.0475
2025-01-06,0.042737,0.046299,0.049336000000000005,0.0475
2025-01-07,0.042691,0.046231,0.04972000000000001,0.0475
2025-01-08,0.043988,0.047973999999999996,0.050743,0.0475
2025-01-09,0.043639000000000004,0.047733,0.050686,0.0475
2025-01-10,0.044161,0.048600000000000004,0.051205,0.0475
2025-01-13,0.044745999999999994,0.048942,0.051243,0.0475
2025-01-14,0.044837999999999996,0.049145,0.051515000000000005,0.0475
2025-01-15,0.043222,0.046900000000000004,0.049537000000000005,0.0475
2025-01-16,0.042384000000000005,0.046908000000000005,0.049677,0.0475
2025-01-17,0.042189,0.046424,0.049205,0.0475
2025-01-20,0.042359999999999995,0.046715,0.049447,0.0475
2025-01-21,0.042219,0.045757000000000006,0.048361999999999995,0.0475
2025-01-22,0.042268999999999994,0.045971000000000005,0.048415,0.0475
2025-01-23,0.042317,0.04631300000000001,0.048774,0.0475
2025-01-24,0.042337,0.046379000000000004,0.048895,0.0475
2025-01-27,0.041528999999999996,0.04559,0.048750999999999996,0.0475
2025-01-28,0.042051,0.046467999999999995,0.049791,0.0475
2025-01-29,0.04237,0.046216,0.049040999999999994,0.0475
2025-01-30,0.041493,0.04546,0.048215,0.0475
2025-01-31,0.041068,0.045072,0.048171,0.0475
2025-02-03,0.040639,0.044932,0.047946,0.0475
2025-02-04,0.041212,0.045483,0.048767,0.0475
2025-02-05,0.039721,0.044172,0.047804,0.0475
2025-02-06,0.04043,0.044484,0.047641,0.045
2025-02-07,0.040302,0.04474,0.048022999999999996,0.045
2025-02-10,0.040411,0.044255,0.047584999999999995,0.045
2025-02-11,0.041024000000000005,0.045046,0.04839,0.045
2025-02-12,0.04140799999999999,0.046001,0.048716,0.045
2025-02-13,0.04091,0.045215,0.047798999999999994,0.045
2025-02-14,0.041025,0.045277000000000005,0.047909,0.045
2025-02-17,0.041035,0.045486000000000006,0.048608000000000005,0.045
2025-02-18,0.041407,0.045073999999999996,0.049338,0.045
2025-02-19,0.042007,0.045617,0.049745,0.045
2025-02-20,0.042019,0.045678,0.049846,0.045
2025-02-21,0.041623,0.045267999999999996,0.049495,0.045
2025-02-24,0.041281,0.04507,0.049316000000000006,0.045
2025-02-25,0.040863,0.044716,0.048887,0.045
2025-02-26,0.040982000000000005,0.044807,0.048906,0.045
2025-02-27,0.040785999999999996,0.044926,0.049102,0.045
2025-02-28,0.040651,0.045004,0.047894,0.045
2025-03-03,0.041228,0.045608,0.04851,0.045
2025-03-04,0.04059,0.044934,0.047855,0.045
2025-03-05,0.042081,0.046106999999999995,0.050502000000000005,0.045
2025-03-06,0.042138,0.046096000000000005,0.050506,0.045
2025-03-07,0.041544,0.045589000000000005,0.050058,0.045
2025-03-10,0.041355,0.046034,0.048906,0.045
2025-03-11,0.041380999999999994,0.046463000000000004,0.049500999999999996,0.045
2025-03-12,0.041892,0.047054,0.050140000000000004,0.045
2025-03-13,0.041615,0.04673,0.049778,0.045
2025-03-14,0.041395999999999995,0.046501,0.049539,0.045
2025-03-17,0.041315,0.046204999999999996,0.049077,0.045
2025-03-18,0.041515,0.046423,0.04929,0.045
2025-03-19,0.041509,0.046272,0.049037,0.045
2025-03-20,0.041845,0.04655,0.049253,0.045
2025-03-21,0.041968,0.0467,0.049654,0.045
2025-03-24,0.042030000000000005,0.046868999999999994,0.049968000000000005,0.045
2025-03-25,0.042389,0.047229,0.05027,0.045
2025-03-26,0.042244000000000004,0.047062,0.049863,0.045
2025-03-27,0.042349,0.047519,0.05083,0.045
2025-03-28,0.041772000000000004,0.04693,0.049946000000000004,0.045
2025-03-31,0.041527,0.046529999999999995,0.04960899999999999,0.045
2025-04-01,0.041093000000000005,0.045911999999999994,0.049237,0.045
2025-04-02,0.041120000000000004,0.045877,0.049072,0.045
2025-04-03,0.03962,0.04563,0.049271,0.045
2025-04-04,0.039309,0.044944,0.048498,0.045
2025-04-07,0.039671,0.046381,0.050307000000000004,0.045
2025-04-08,0.039514999999999995,0.045570000000000006,0.049992999999999996,0.045
2025-04-09,0.040389,0.04719,0.051268,0.045
2025-04-10,0.039963,0.04689,0.050466,0.045
2025-04-11,0.040682,0.04739,0.05126,0.045
2025-04-14,0.040231,0.046241000000000004,0.049909999999999996,0.045
2025-04-15,0.039909,0.046193,0.050163,0.045
2025-04-16,0.039141,0.045606999999999995,0.051101,0.045
2025-04-17,0.038717,0.045096,0.049931,0.045
2025-04-22,0.038972,0.046479999999999994,0.050634,0.045
2025-04-23,0.039468,0.046411,0.050282999999999994,0.045
2025-04-24,0.039043999999999995,0.045739999999999996,0.049562,0.045
2025-04-25,0.038016999999999995,0.044436,0.049339,0.045
2025-04-28,0.038508,0.04477299999999999,0.049141000000000004,0.045
2025-04-29,0.038352,0.044406,0.04896,0.045
2025-04-30,0.038105,0.04407199999999999,0.048559,0.045
2025-05-01,0.038005,0.044019,0.049417,0.045
2025-05-02,0.038759999999999996,0.044953,0.050191,0.045
2025-05-06,0.0384,0.04452,0.049857,0.045
2025-05-07,0.038438,0.044164,0.049185,0.045
2025-05-08,0.038903,0.045377,0.050008,0.0425
2025-05-09,0.038846,0.04469,0.050513,0.0425
2025-05-12,0.040386,0.046465,0.050442999999999995,0.0425
2025-05-13,0.040054,0.046022999999999994,0.050362,0.0425
2025-05-14,0.040691,0.046795,0.050902,0.0425
2025-05-15,0.040211,0.046294,0.050438000000000004,0.0425
2025-05-16,0.039744,0.046256000000000005,0.051032,0.0425
2025-05-19,0.040371,0.046374000000000005,0.050354,0.0425
2025-05-20,0.040778999999999996,0.046752,0.05074,0.0425
2025-05-21,0.041239,0.047584999999999995,0.05151,0.0425
2025-05-22,0.041028,0.047477,0.05168300000000001,0.0425
2025-05-23,0.040372000000000005,0.046881000000000006,0.051321000000000006,0.0425
2025-05-27,0.040385,0.046046,0.051254999999999995,0.0425
2025-05-28,0.041444,0.047333,0.051554,0.0425
2025-05-29,0.040320999999999996,0.046159,0.050466,0.0425
2025-05-30,0.04054700000000001,0.045907,0.050301,0.0425
2025-06-02,0.040151000000000006,0.046604,0.050933,0.0425
2025-06-03,0.039772,0.046034,0.0506,0.0425
2025-06-04,0.040214999999999994,0.045815999999999996,0.050433000000000006,0.0425
2025-06-05,0.04012400000000001,0.045778,0.050435,0.0425
2025-06-06,0.040167,0.046273,0.050967000000000005,0.0425
2025-06-09,0.040628000000000004,0.046403999999999994,0.050003,0.0425
2025-06-10,0.039716999999999995,0.04546700000000001,0.049244,0.0425
2025-06-11,0.040259,0.045732,0.050378,0.0425
2025-06-12,0.038865,0.04491,0.049631999999999996,0.0425
2025-06-13,0.039861,0.044930000000000005,0.049741999999999995,0.0425
2025-06-16,0.039331,0.045198,0.049200999999999995,0.0425
2025-06-17,0.039473,0.04536,0.049559,0.0425
2025-06-18,0.039311,0.044604,0.049366,0.0425
2025-06-19,0.039735,0.045397,0.049423,0.0425
2025-06-20,0.039389,0.04521,0.049289,0.0425
2025-06-23,0.03894,0.044192,0.049606000000000004,0.0425
2025-06-24,0.038859,0.044585999999999994,0.049211,0.0425
2025-06-25,0.039173,0.044629,0.049085000000000004,0.0425
2025-06-26,0.038465,0.044305000000000004,0.049787,0.0425
2025-06-27,0.038797,0.044368,0.049756999999999996,0.0425
2025-06-30,0.038231,0.044412,0.050102,0.0425
2025-07-01,0.038236,0.04399600000000001,0.049466,0.0425
2025-07-02,0.039663,0.045985,0.050591,0.0425
2025-07-03,0.039285,0.04547,0.049840999999999996,0.0425
2025-07-04,0.039238,0.045561,0.050044000000000005,0.0425
2025-07-07,0.039262,0.045363,0.051007,0.0425
2025-07-08,0.039539,0.046364999999999996,0.051051,0.0425
2025-07-09,0.039384999999999996,0.046227,0.050994000000000005,0.0425
2025-07-10,0.039612,0.045949,0.05033000000000001,0.0425
2025-07-11,0.039762,0.046327,0.05071,0.0425
2025-07-14,0.038807999999999995,0.04568,0.051230000000000005,0.0425
2025-07-15,0.039406,0.046471,0.051243,0.0425
2025-07-16,0.039865,0.046433999999999996,0.050926,0.0425
2025-07-17,0.039869,0.046372,0.050996,0.0425
2025-07-18,0.040199,0.046749,0.051603,0.0425
2025-07-21,0.03972,0.046154,0.050633,0.0425
2025-07-22,0.039407,0.045997,0.050492999999999996,0.0425
2025-07-23,0.039155,0.045841,0.051525999999999995,0.0425
2025-07-24,0.039395,0.046078,0.051935,0.0425
2025-07-25,0.039439,0.04601,0.052114,0.0425
2025-07-28,0.039625,0.046024,0.051903,0.0425
2025-07-29,0.039387,0.045647,0.051456,0.0425
2025-07-30,0.039305,0.045777,0.051219,0.0425
2025-07-31,0.038883,0.045773,0.050622,0.0425
2025-08-01,0.038433999999999996,0.045392999999999996,0.050462,0.0425
2025-08-04,0.038349,0.045203,0.050039999999999994,0.0425
2025-08-05,0.038328,0.045159000000000005,0.049999,0.0425
2025-08-06,0.038392,0.045223000000000006,0.050135,0.0425
2025-08-07,0.038916,0.045471000000000004,0.050221,0.04
2025-08-08,0.039148999999999996,0.045892,0.050885,0.04
2025-08-11,0.038903,0.04563,0.050521,0.04
2025-08-12,0.039288,0.046019,0.050957,0.04
2025-08-13,0.038975,0.045824,0.050846999999999996,0.04
2025-08-14,0.039464,0.046284,0.051326000000000004,0.04
2025-08-15,0.039673,0.046755000000000005,0.052000000000000005,0.04
2025-08-18,0.040223,0.047313999999999995,0.05258,0.04
2025-08-19,0.040331,0.047312,0.052484,0.04
2025-08-20,0.039727,0.046743,0.051939,0.04
2025-08-21,0.040222,0.047272999999999996,0.052459,0.04
2025-08-22,0.039865,0.046863,0.052141,0.04
2025-08-26,0.04024,0.047416,0.052805,0.04
2025-08-27,0.040125,0.047252,0.052577,0.04
2025-08-28,0.040022,0.047109,0.052428,0.04
2025-08-29,0.040047,0.047237999999999995,0.052583000000000005,0.04
2025-09-01,0.040219,0.047429,0.052956,0.04
2025-09-02,0.040601000000000005,0.047873,0.053708,0.04
2025-09-03,0.040221,0.04737,0.052959,0.04
2025-09-04,0.040234,0.047377,0.052755,0.04
2025-09-05,0.039501,0.04644,0.051709,0.04
2025-09-08,0.039222,0.046211,0.051239999999999994,0.04
2025-09-09,0.039523,0.046409000000000006,0.051387999999999996,0.04
2025-09-10,0.039726,0.046525,0.05144,0.04
2025-09-11,0.039597,0.046238,0.05103100000000001,0.04
2025-09-12,0.039958,0.046689999999999995,0.051519,0.04
2025-09-15,0.039783,0.046496,0.051291,0.04
2025-09-16,0.039957,0.046506,0.051223,0.04
2025-09-17,0.039818,0.046374000000000005,0.05103,0.04
2025-09-18,0.04001299999999999,0.046692,0.051581999999999996,0.04
2025-09-19,0.040344,0.047296,0.052233999999999996,0.04
2025-09-22,0.040244999999999996,0.047098,0.052035,0.04
2025-09-23,0.040072,0.046886000000000004,0.051965000000000004,0.04
2025-09-24,0.040010000000000004,0.046806,0.05176,0.04
2025-09-25,0.040785,0.047396,0.052622999999999996,0.04
2025-09-26,0.040864000000000004,0.047396,0.052536,0.04
2025-09-29,0.040396999999999995,0.047045000000000003,0.052192999999999996,0.04
2025-09-30,0.040362999999999996,0.046909,0.052233999999999996,0.04
2025-10-01,0.040206,0.046901,0.052241,0.04
2025-10-02,0.040536,0.047119,0.052368,0.04
2025-10-03,0.040338000000000006,0.046981999999999996,0.052144,0.04
2025-10-06,0.040446,0.047172,0.052737,0.04
2025-10-07,0.040805,0.047282000000000005,0.052667,0.04
2025-10-08,0.040698,0.047157,0.052373,0.04
2025-10-09,0.040948000000000005,0.047413,0.052885,0.04
2025-10-10,0.040347,0.046814,0.0519,0.04
2025-10-13,0.04019999999999999,0.046658,0.051609999999999996,0.04
2025-10-14,0.03946,0.046061,0.050824999999999995,0.04
2025-10-15,0.039113,0.045595,0.050209000000000004,0.04
2025-10-16,0.038902,0.045397999999999994,0.049988000000000005,0.04
2025-10-17,0.03908,0.045587,0.050243,0.04
2025-10-20,0.03887,0.045380000000000004,0.050046999999999994,0.04
2025-10-21,0.038788,0.045105000000000006,0.049611999999999996,0.04
2025-10-22,0.037988,0.044445,0.049113,0.04
2025-10-23,0.038087,0.044411,0.049106,0.04
2025-10-24,0.038265,0.044576000000000005,0.049175,0.04
2025-10-27,0.03812,0.044367000000000004,0.048898000000000004,0.04
2025-10-28,0.038045,0.044298000000000004,0.04891,0.04
2025-10-29,0.038114,0.044251,0.048841,0.04
2025-10-30,0.038407,0.044369,0.048924,0.04
2025-10-31,0.038234,0.044234,0.049107000000000005,0.04
2025-11-03,0.03852,0.044745,0.04934,0.04
2025-11-04,0.038191,0.044379,0.04903,0.04
2025-11-05,0.038748,0.044897,0.04951,0.04
2025-11-06,0.038478,0.044667000000000005,0.049226,0.04
2025-11-07,0.038664000000000004,0.044865,0.049525,0.04
2025-11-10,0.038646,0.044826,0.049453,0.04
2025-11-11,0.037988,0.044170999999999995,0.048774,0.04
2025-11-12,0.038162,0.044344,0.049006999999999995,0.04
2025-11-13,0.038488,0.044585999999999994,0.049287,0.04
2025-11-14,0.039339,0.045732999999999996,0.051054,0.04
2025-11-17,0.039219,0.045321,0.050682,0.04
2025-11-18,0.039173,0.045483,0.050909,0.04
2025-11-19,0.039601000000000004,0.045958,0.051490999999999995,0.04
2025-11-20,0.039075,0.045464000000000004,0.051259,0.04
2025-11-21,0.038849999999999996,0.045272,0.050727,0.04
2025-11-24,0.03928,0.045529,0.050855,0.04
2025-11-25,0.038743,0.045163,0.050171,0.04
2025-11-26,0.038284,0.044791,0.049589,0.04
2025-11-27,0.038601,0.044801,0.049622,0.04
2025-11-28,0.038557,0.044703,0.049566,0.04
2025-12-01,0.038499,0.044821,0.050137999999999995,0.04
2025-12-02,0.038737,0.044985,0.050174,0.04
2025-12-03,0.038558,0.044598000000000006,0.049513999999999996,0.04
2025-12-04,0.038373,0.044503,0.049426,0.04
2025-12-05,0.038877999999999996,0.04471,0.049866,0.04
2025-12-08,0.039619,0.045245,0.050568999999999996,0.04
2025-12-09,0.03947,0.044900999999999996,0.050152,0.04
2025-12-10,0.039628000000000003,0.044964000000000004,0.050246000000000006,0.04
2025-12-11,0.039305,0.044568,0.049946000000000004,0.04
2025-12-12,0.039438,0.04498,0.050552,0.04
2025-12-15,0.039228,0.044744,0.05021899999999999,0.04
2025-12-16,0.039483000000000004,0.044919,0.050441,0.04
2025-12-17,0.038933,0.044526,0.050063,0.04
2025-12-18,0.039164,0.044614,0.050046,0.0375
2025-12-19,0.039544,0.04496000000000001,0.0504,0.0375
2025-12-22,0.039663,0.045168999999999994,0.050648,0.0375
2025-12-23,0.039548,0.04492,0.050332,0.0375
2025-12-24,0.039639,0.044978,0.050344,0.0375
2025-12-29,0.039458,0.044753,0.050067,0.0375
2025-12-30,0.039458,0.044816,0.050156,0.0375
2025-12-31,0.039281,0.044664,0.050031,0.0375
2026-01-02,0.039655,0.045168,0.050577,0.0375
2026-01-05,0.039453,0.04496000000000001,0.050396,0.0375
2026-01-06,0.039213,0.044747,0.050233,0.0375
2026-01-07,0.038616000000000004,0.04407199999999999,0.049518000000000006,0.0375
2026-01-08,0.038586,0.044038,0.049542,0.0375
2026-01-09,0.038259,0.043988,0.049166999999999995,0.0375
2026-01-12,0.038262,0.043726,0.049139,0.0375
2026-01-13,0.038481,0.044044,0.049281,0.0375
2026-01-14,0.038068,0.043806000000000005,0.048951,0.0375
2026-01-15,0.038472,0.043924000000000005,0.049218000000000005,0.0375
2026-01-16,0.038776000000000005,0.044048,0.049377000000000004,0.0375
2026-01-19,0.038742,0.044025999999999996,0.049446000000000004,0.0375
2026-01-20,0.039102,0.04456,0.050057,0.0375
2026-01-21,0.038995,0.044425,0.049877000000000005,0.0375
2026-01-22,0.039208,0.044735,0.050217,0.0375
2026-01-23,0.03956,0.044913999999999996,0.050248999999999995,0.0375
2026-01-26,0.039580000000000004,0.044886999999999996,0.050195,0.0375
2026-01-27,0.039788000000000004,0.045151000000000004,0.050492,0.0375
2026-01-28,0.039881,0.045328,0.050723000000000004,0.0375
2026-01-29,0.039466,0.044983,0.050446,0.0375
2026-01-30,0.039604,0.04518,0.050685,0.0375
2026-02-02,0.039499,0.045054,0.05056,0.0375
2026-02-03,0.039581,0.045104,0.050622,0.0375
2026-02-04,0.039707,0.045336,0.050927,0.0375
2026-02-05,0.039458,0.045423,0.051234,0.0375
2026-02-06,0.039205000000000004,0.04522,0.051045999999999994,0.0375
2026-02-09,0.039195,0.045309999999999996,0.051123,0.0375
2026-02-10,0.039015,0.044979,0.0508,0.0375
2026-02-11,0.038993,0.044889,0.050636,0.0375
2026-02-12,0.038683,0.044526,0.050235,0.0375
2026-02-13,0.038287,0.044169,0.049894999999999995,0.0375
2026-02-16,0.038186,0.044109999999999996,0.04983,0.0375
2026-02-17,0.038037,0.043925,0.049592,0.0375
2026-02-18,0.038076,0.043897000000000005,0.04952,0.0375
2026-02-19,0.037989,0.043868,0.049592,0.0375
2026-02-20,0.037866,0.043732,0.049370000000000004,0.0375
2026-02-23,0.037566,0.043454,0.048996000000000005,0.0375
2026-02-24,0.037639,0.043554,0.048880999999999994,0.0375
2026-02-25,0.03773,0.043643999999999995,0.048863000000000004,0.0375
2026-02-26,0.037227,0.04335,0.048408,0.0375
2026-02-27,0.036972,0.042935,0.047913,0.0375
2026-03-02,0.037676,0.043680000000000004,0.048319,0.0375
2026-03-03,0.039147,0.044812000000000005,0.049955,0.0375
2026-03-04,0.038483,0.044312,0.049244,0.0375
2026-03-05,0.039427,0.04498,0.050209000000000004,0.0375
2026-03-06,0.040788000000000005,0.046089000000000005,0.051372,0.0375
2026-03-09,0.040928000000000006,0.045829,0.050917000000000004,0.0375
2026-03-10,0.03993,0.04501,0.05037899999999999,0.0375
2026-03-11,0.041437999999999996,0.046388,0.05159,0.0375
2026-03-12,0.042294,0.047257999999999994,0.052423000000000004,0.0375
2026-03-13,0.042622999999999994,0.047601000000000004,0.052755,0.0375
2026-03-16,0.042123999999999995,0.047076,0.052244,0.0375
2026-03-17,0.041482,0.046536,0.051736000000000004,0.0375
2026-03-18,0.042119,0.047001999999999995,0.052160000000000005,0.0375
2026-03-19,0.044021,0.047896,0.05239099999999999,0.0375
2026-03-20,0.045427999999999996,0.049267000000000005,0.053709,0.0375
2026-03-23,0.044526,0.048703,0.053397,0.0375
2026-03-24,0.04449499999999999,0.048699000000000006,0.053493000000000006,0.0375
2026-03-25,0.043746,0.047721,0.052393999999999996,0.0375
2026-03-26,0.04496000000000001,0.048935000000000006,0.053505000000000004,0.0375
2026-03-27,0.04496000000000001,0.048935000000000006,0.053505000000000004,0.0375
2026-03-30,0.044625000000000005,0.048806,0.053472,0.0375
2026-03-31,0.04439,0.048615000000000005,0.053311000000000004,0.0375
2026-04-01,0.043459000000000005,0.047802,0.052691,0.0375
2026-04-02,0.043547,0.047779999999999996,0.052607999999999995,0.0375
2026-04-07,0.04457,0.04874,0.053406,0.0375
2026-04-08,0.042185,0.046599,0.051616,0.0375
2026-04-09,0.042934,0.047472,0.052474,0.0375
2026-04-10,0.042991,0.04758,0.052668999999999994,0.0375
2026-04-13,0.043621999999999994,0.048127,0.053125,0.0375
2026-04-14,0.042836,0.047409999999999994,0.05255,0.0375
2026-04-15,0.042828,0.047435,0.052607,0.0375
2026-04-16,0.04309,0.047911999999999996,0.053239,0.0375
2026-04-17,0.042022000000000004,0.046973,0.052474999999999994,0.0375
2026-04-20,0.042845,0.047828999999999997,0.053316999999999996,0.0375
2026-04-21,0.043422,0.048242,0.053542,0.0375
2026-04-22,0.043715000000000004,0.048381999999999994,0.053470000000000004,0.0375
2026-04-23,0.044051,0.04871,0.053822999999999996,0.0375
2026-04-24,0.044189,0.04878999999999999,0.053864,0.0375
2026-04-27,0.044493,0.049195,0.054379,0.0375
2026-04-28,0.044822,0.049493,0.054581,0.0375
2026-04-29,0.045624000000000005,0.050053,0.054965,0.0375
2026-04-30,0.044936,0.04960899999999999,0.054717,0.0375
2026-05-01,0.044647,0.049241,0.054314999999999995,0.0375
2026-05-05,0.045638,0.050201,0.055194,0.0375
2026-05-06,0.044337,0.048932,0.054009999999999996,0.0375
2026-05-07,0.044185999999999996,0.048801,0.053906,0.0375
2026-05-08,0.044251,0.048695,0.053648999999999995,0.0375
2026-05-11,0.045128,0.049589,0.054522,0.0375
2026-05-12,0.045975,0.050526999999999996,0.055378,0.0375
2026-05-13,0.045656999999999996,0.050279,0.055175,0.0375
2026-05-14,0.045127,0.049661,0.054498,0.0375
2026-05-15,0.046521,0.051262999999999996,0.056090999999999995,0.0375
2026-05-18,0.046296,0.051025999999999995,0.055797,0.0375
2026-05-19,0.046151,0.050833,0.055586,0.0375
2026-05-20,0.044893,0.049554,0.054413,0.0375
2026-05-21,0.044715,0.049293,0.054131,0.0375
2026-05-22,0.044199999999999996,0.048666,0.053493000000000006,0.0375
2026-05-26,0.043919,0.048428000000000006,0.053342,0.0375
2026-05-27,0.04366,0.048258999999999996,0.053334,0.0375
2026-05-28,0.043316999999999994,0.047887000000000006,0.052993,0.0375
2026-05-29,0.043083,0.04776,0.052865,0.0375
2026-06-01,0.044173,0.048696,0.053655,0.0375
2026-06-02,0.043892,0.048314,0.053234000000000004,0.0375
2026-06-03,0.044442,0.048909,0.053811,0.0375
2026-06-04,0.044298000000000004,0.048785999999999996,0.053697,0.0375
2026-06-05,0.044309,0.048773,0.053633,0.0375
2026-06-08,0.044671,0.049135,0.054001,0.0375
2026-06-09,0.044372999999999996,0.048873,0.05375,0.0375
2026-06-10,0.04453700000000001,0.049021,0.053906,0.0375
2026-06-11,0.044337999999999995,0.048804,0.053685000000000004,0.0375
2026-06-12,0.043549,0.048156,0.053183,0.0375
2026-06-15,0.043075,0.047862,0.053094,0.0375
2026-06-16,0.043161,0.047793999999999996,0.052920999999999996,0.0375
2026-06-17,0.042716000000000004,0.047394,0.052592999999999994,0.0375
2026-06-18,0.042723000000000004,0.047213000000000005,0.052258,0.0375
2026-06-19,0.042723000000000004,0.047213000000000005,0.052258,0.0375
2026-06-22,0.04327,0.047830000000000004,0.052858999999999996,0.0375
2026-06-23,0.04280300000000001,0.047321999999999996,0.05237,0.0375
2026-06-24,0.042278,0.046683,0.051719,0.0375
2026-06-25,0.042275,0.04682,0.051944,0.0375
2026-06-26,0.042478999999999996,0.047117000000000006,0.052287,0.0375
2026-06-29,0.042423999999999996,0.046997,0.052117000000000004,0.0375
2026-06-30,0.04278,0.04742,0.052568000000000004,0.0375
2026-07-01,0.042683,0.047446,0.052654,0.0375
2026-07-02,0.042618,0.04749,0.052752,0.0375
2026-07-03,0.042781,0.047652,0.052885,0.0375
2026-07-06,0.042799,0.047694,0.052966,0.0375
2026-07-07,0.043208,0.048091999999999996,0.05332099999999999,0.0375
2026-07-08,0.044753,0.049545000000000006,0.054541000000000006,0.0375
2026-07-09,0.044074999999999996,0.048920000000000005,0.054019000000000005,0.0375
2026-07-10,0.043868,0.048681,0.053777,0.0375
2026-07-13,0.044837999999999996,0.049503000000000005,0.054417999999999994,0.0375
2026-07-14,0.04469,0.049386,0.054285,0.0375
2026-07-15,0.044679,0.049399,0.054311,0.0375
2026-07-16,0.044967,0.049648000000000005,0.054489,0.0375
2026-07-17,0.044787,0.049436,0.054341999999999994,0.0375
2026-07-20,0.045457,0.050195,0.055119,0.0375
2026-07-21,0.045453,0.05021,0.055123,0.0375
2026-07-22,0.045751999999999994,0.050424,0.055124000000000006,0.0375
2026-07-23,0.046405,0.050934,0.055677000000000004,0.0375
2026-07-24,0.045678,0.050253,0.055072,0.0375
2026-07-27,0.045198999999999996,0.049714999999999995,0.054603,0.0375
2026-07-28,0.04482,0.049409,0.054404,0.0375
2026-07-29,0.045608,0.050051,0.054870999999999996,0.0375
2026-07-30,0.045235000000000004,0.049967,0.055060000000000005,0.0375
2026-07-31,0.045569,0.050256999999999996,0.055258,0.0375
2026-08-03,0.044656,0.049382,0.054494999999999995,0.0375
2026-08-04,0.044217000000000006,0.049031000000000005,0.054259,0.0375
2026-08-05,0.043871,0.048802000000000005,0.054016,0.0375
2026-08-06,0.044303999999999996,0.049129,0.054363999999999996,0.0375
2026-08-07,0.044356,0.049118,0.054311,0.0375
2026-08-10,0.044979,0.049718,0.054818,0.0375
2026-08-11,0.044688,0.049462,0.054570999999999995,0.0375
2026-08-12,0.044814999999999994,0.049593,0.054735,0.0375
2026-08-13,0.044686000000000003,0.049436999999999995,0.054627,0.0375
2026-08-14,0.045237,0.050087,0.055236,0.0375
2026-08-17,0.04555,0.050427,0.055582,0.0375
2026-08-18,0.04573000000000001,0.050676,0.05582,0.0375
2026-08-19,0.045545,0.050401,0.0555,0.0375
2026-08-20,0.04561,0.050477999999999995,0.055553,0.0375
2026-08-21,0.045562,0.050506,0.05563100000000001,0.0375
2026-08-24,0.045690999999999996,0.050513,0.055563,0.0375
2026-08-25,0.045131,0.049958999999999996,0.05502100000000001,0.0375
2026-08-26,0.04529,0.050121,0.055205000000000004,0.0375
2026-08-27,0.045456,0.050254,0.055286999999999996,0.0375
2026-08-28,0.045935,0.050631,0.055511,0.0375
2026-09-01,0.046616,0.051333000000000004,0.056139,0.0375
2026-09-02,0.046974999999999996,0.051710000000000006,0.056469,0.0375
2026-09-03,0.046085,0.050843,0.055699,0.0375
2026-09-04,0.046082,0.050737,0.055555,0.0375
2026-09-07,,,,0.0375
