TIME_PERIOD,eur_3m,eur_2y,eur_5y,eur_10y,eur_30y
2004-09-06,0.02034172388015244,0.026412615359819803,0.034572221881024746,0.0420921992630835,0.04988680065192988
2004-09-07,0.020408932975231515,0.02679765964552383,0.03479517510784499,0.04209625926710301,0.049754948381133424
2004-09-08,0.020443838326297484,0.02706542324596484,0.03507893638280071,0.04228418977101127,0.04978894171288527
2004-09-09,0.020371110042488517,0.026462240358515722,0.034306279544543045,0.041618721159897565,0.04946545278941131
2004-09-10,0.020346449864714997,0.025896544665374742,0.03374729216616937,0.041209814409302936,0.04918530044110932
2004-09-13,0.020413631250826837,0.026373725586839016,0.03410318760380015,0.04138965262663659,0.04929555475020244
2004-09-14,0.02037902543044537,0.026217136047168327,0.03395881557181711,0.04130649993338003,0.04928156610444984
2004-09-15,0.02040883152261614,0.02622747742409313,0.03395868555554433,0.04128746949332406,0.049217450164633615
2004-09-16,0.02047757853815472,0.026348316820805427,0.03404289988794342,0.04130072961548625,0.04913588815991795
2004-09-17,0.020502934173911545,0.025916416271145076,0.03360507887193014,0.040989755335080175,0.04893321998246988
2004-09-20,0.02046295791560022,0.025901506606401135,0.033496584881673085,0.04081283550356669,0.04874709721126485
2004-09-21,0.020501886756832004,0.026037028847053393,0.033607549770518,0.0408846461257097,0.04880267571944607
2004-09-22,0.020526653563314606,0.02598986166418969,0.03346642129323917,0.04067370433789205,0.04854330342910647
2004-09-23,0.02043346790984229,0.02526792012366617,0.03262857200432043,0.039951530209958036,0.048043754823500394
2004-09-24,0.020584496038398556,0.025781983312527054,0.033190317636681205,0.040404587456200625,0.04829017936504026
2004-09-27,0.020556702195803283,0.02557154166079869,0.03289942514065889,0.040134631527154296,0.04811382255223899
2004-09-28,0.02053061240198037,0.025511725906982384,0.032854610005700106,0.04022045518302281,0.048051080774857875
2004-09-29,0.020618007113802964,0.02587423424708007,0.033250017900945894,0.04057650424211855,0.0484301470502457
2004-09-30,0.020313141688987874,0.02590240480732285,0.0332964536526805,0.04065687317355979,0.04888623179278492
2004-10-01,0.020609355510907926,0.025682748710823478,0.03324627273429208,0.04088667663986854,0.04903750010782993
2004-10-04,0.02059473964037431,0.02599665785972333,0.033648465981224625,0.04115546381242538,0.04902030246213613
2004-10-05,0.02058884948493727,0.02575059869191582,0.0332683891697211,0.040767098042320746,0.04870749809461174
2004-10-06,0.02061838904918448,0.02571848751177441,0.033215817760081576,0.04068814653068844,0.048560621903083245
2004-10-07,0.020621474745473947,0.025704321512161107,0.03326921453577034,0.04080701566708682,0.0487098657739605
2004-10-08,0.020448058760689166,0.025004617959736075,0.03256038122317188,0.040265785410222764,0.04833559408481883
2004-10-11,0.02054990187248354,0.025013954233702517,0.03258747004878007,0.040372605728344856,0.04855812141735142
2004-10-12,0.02048719014093604,0.02464857618029357,0.032123258115594674,0.039930701347086095,0.04819476093628116
2004-10-13,0.02058014463544426,0.024839194138875812,0.0323177548624821,0.04005572777334785,0.04819112031443803
2004-10-14,0.02053922696106361,0.024604935616986453,0.03207419680358242,0.03986147547987246,0.048053935056438526
2004-10-15,0.02058405734867925,0.024257162397092125,0.03185598547191291,0.03976069023257873,0.0479444461397518
2004-10-18,0.02054267506911262,0.02428403591715432,0.03186000841052295,0.03983234086934715,0.04819838160352194
2004-10-19,0.02059367009799194,0.024425777254671512,0.03206779886399888,0.04004733682110904,0.04837404360335859
2004-10-20,0.020624825990217262,0.02404825782000549,0.03159253246755806,0.03962014401363013,0.04809660040845281
2004-10-21,0.02065074195760657,0.024143052758941887,0.031633004824747485,0.03959098235025486,0.04799427314656126
2004-10-22,0.020697444055618793,0.024262287531360748,0.03169520487193794,0.03960500947579507,0.04798792260767071
2004-10-25,0.02065965731922665,0.02387554405284789,0.031208852004017736,0.039198841864266545,0.04780433639005491
2004-10-26,0.02071719134345397,0.023844537647463845,0.03114680417033368,0.03914482294032423,0.04779450283498456
2004-10-27,0.02078820337889829,0.023939785876219387,0.031237627370255816,0.03917933874216556,0.047731668894630444
2004-10-28,0.020807038356884085,0.024674020254194184,0.03215797788113676,0.03994895595594557,0.04817246507915444
2004-10-29,0.02072875054353612,0.024510409436847742,0.03148274439804397,0.03926535560482467,0.048319947746589646
2004-11-01,0.020782141174746888,0.02430287913996176,0.03166007300332468,0.03962557249763338,0.04840586221778634
2004-11-02,0.02083189960948707,0.024596638581522702,0.03198305621364079,0.03985471964356452,0.04843772140877296
2004-11-03,0.0204095838182768,0.024540485039980707,0.03198585353252009,0.0398577164506422,0.04844307444478867
2004-11-04,0.020283284749312357,0.02451174265164553,0.03198585309924994,0.03986013210788272,0.04843407367655478
2004-11-05,0.020118030821305442,0.024482303915727126,0.031990132240822984,0.03986297379623187,0.0484264359428992
2004-11-08,0.019907686682856585,0.024475455677543466,0.03198948215023576,0.039853949537121056,0.04845154461785345
2004-11-09,0.02120021177668784,0.02474258780690546,0.031812064322827766,0.0394410849289795,0.04769728325733657
2004-11-10,0.02118678770564231,0.0245487576591217,0.03159262883854141,0.03930825429297292,0.04738080607592365
2004-11-11,0.021282657206939174,0.02414492109467574,0.031260826710779024,0.039121655312411796,0.04721930839111623
2004-11-12,0.02118055646451631,0.024064515642279932,0.03108582130584063,0.03887883636945225,0.04695882854442926
2004-11-15,0.021251948783293634,0.023953018202515244,0.030806318494502934,0.0385398522170108,0.04664725959533207
2004-11-16,0.021202487693911455,0.024232650567895725,0.030828189736134083,0.038313303788922816,0.04639012774087026
2004-11-17,0.021208179194126046,0.024277388942178076,0.03096113811237487,0.03850619345775367,0.04660039472685274
2004-11-18,0.02123098209493853,0.024603791076920453,0.03130978186763604,0.038787150507507605,0.04685496028787063
2004-11-19,0.021242914876622384,0.024433840902802907,0.031113857289725263,0.03861851795668533,0.046690414780750415
2004-11-22,0.021229019713536565,0.024204972074429797,0.03081893172080429,0.03834555837864961,0.04646124230608209
2004-11-23,0.021285116817292365,0.024150233931963007,0.030746421192769158,0.03826895787077771,0.04634589356334073
2004-11-24,0.021254030186007657,0.02387000570174249,0.03055216812598278,0.03820487121619192,0.046334928429481295
2004-11-25,0.0211050692614823,0.02362620370782155,0.030370112532007984,0.03807567811746805,0.04620019812303244
2004-11-26,0.021066331925895482,0.023589057537556943,0.030395901034006387,0.0380496346175581,0.04598377913981994
2004-11-29,0.021149175015810807,0.02395294113907845,0.03083053741156169,0.03845225508339129,0.04632696831803901
2004-11-30,0.02105418830520824,0.02370680092131093,0.030560390312615447,0.03822850418165861,0.04618238455124568
2004-12-01,0.020968070567077085,0.02345243035292864,0.03030214214023189,0.0379884498486627,0.04593499442375455
2004-12-02,0.021116835961529145,0.02393519235035368,0.030758165319766398,0.038286900667649296,0.0460462614848937
2004-12-03,0.021097389461106994,0.023661543080239725,0.030380633568205848,0.03799779680528705,0.045991627024101166
2004-12-06,0.020934309574038065,0.023134752880788537,0.02982292865661207,0.03750882958364308,0.04558342647379962
2004-12-07,0.02094119872873209,0.0230224238223654,0.029558179411229943,0.037228824662500604,0.045427345613876804
2004-12-08,0.020963328105269602,0.023292395986898008,0.02974732407737947,0.03725050567213189,0.04528234341087168
2004-12-09,0.020903470293234572,0.02298521055723155,0.029144373367451567,0.03650068786863137,0.044548896616034776
2004-12-10,0.02102438169942344,0.023109222611315906,0.029067853081276924,0.03626984077479921,0.04427139452039828
2004-12-13,0.02091911377806237,0.023132426078195288,0.029171420311067172,0.03635391230279406,0.044245339651146146
2004-12-14,0.02098629340576029,0.02317042064049497,0.029126928200159025,0.03621375447637683,0.043998371697101905
2004-12-15,0.02097209400104496,0.023043072025458158,0.02881718797815658,0.03575592078821368,0.04343068833194365
2004-12-16,0.0209254997980694,0.0235695558733028,0.029309411304696727,0.03600383070914225,0.04348174861085846
2004-12-17,0.0209431328749019,0.024011537617300963,0.029892246678030747,0.03648564056389299,0.04373005581229286
2004-12-20,0.02099958108179364,0.023656842080398994,0.02944170460332537,0.03616438536469456,0.04364661851412046
2004-12-21,0.02145671060543878,0.024162849602608737,0.029868143369204674,0.03647167774118691,0.043835080365624855
2004-12-22,0.020954979799987408,0.024380285136669705,0.030011312719836192,0.0364127599972081,0.04406035208095616
2004-12-23,0.020838453128750056,0.0240586772832376,0.029626264958245576,0.03613550862573236,0.04405178641872722
2004-12-24,0.02075433154725719,0.023894001951210338,0.029224601296285724,0.035744419875785416,0.044421859608526126
2004-12-27,0.020852666689746124,0.02422209786688978,0.029847589753050588,0.03634788302317879,0.04426173943577294
2004-12-28,0.02138950765246556,0.023983451335544942,0.029711641786411943,0.036507587340396636,0.044261603689111056
2004-12-29,0.020904567056324222,0.02482686176462884,0.030656287397191454,0.03709169209617698,0.04493652707733878
2004-12-30,0.02081447550411775,0.024762205761859595,0.030612662902467117,0.03707557927788599,0.04498353238094841
2004-12-31,0.02062601786343825,0.02473763721525008,0.030617714652941882,0.03705391293012839,0.045054160767174986
2005-01-03,0.021096294995971925,0.024309607852930824,0.029934121351349055,0.03661839653845941,0.04493400965112981
2005-01-04,0.02055906102964125,0.024571440229816346,0.030342024128523003,0.036683232332043444,0.04458392226192348
2005-01-05,0.020648580149580157,0.02479968705583551,0.03064512665933739,0.03695968284044715,0.04472247630225816
2005-01-06,0.020605152729985865,0.024155668048432822,0.02998406923027207,0.03652553551351109,0.04421137593723706
2005-01-07,0.020480160526130962,0.02390158932480301,0.029672634045489123,0.03621109980840599,0.04389998027020299
2005-01-10,0.02034898046443258,0.02386555325789565,0.029684412521533178,0.0362108535014616,0.04383808410075171
2005-01-11,0.020620371065836366,0.02407134179574964,0.029763600794017166,0.03615339298162768,0.04363969497721132
2005-01-12,0.02062084595297141,0.02411768553660144,0.02984051406170075,0.03624259796917384,0.04373381605999995
2005-01-13,0.020527420017232307,0.02365086392470217,0.029363726179467146,0.0358890849309392,0.04339242498289136
2005-01-14,0.02056922939133829,0.023799507510644847,0.029458573099753065,0.03580547545987392,0.043029324458053936
2005-01-17,0.020519736864486892,0.0236657739120688,0.029253190682808884,0.035555522821185105,0.04274681366656816
2005-01-18,0.020558680558048846,0.023869434193072164,0.029501310131683094,0.03571271749798203,0.042692793545402875
2005-01-19,0.02057891060514243,0.023730141413980544,0.02927042707059746,0.03532531497804319,0.0419496899673512
2005-01-20,0.02058573611034374,0.024029504147397726,0.029684808481320348,0.03580961364768359,0.042609547220778185
2005-01-21,0.02060204090298495,0.0239287422223298,0.029652779762807044,0.0358984321865545,0.04277386797464135
2005-01-24,0.02052405487532249,0.023681445087679477,0.02933447303433883,0.03559665957439068,0.04253456830168966
2005-01-25,0.020506071522447405,0.023580174857404806,0.029205558933514158,0.035323475523055106,0.04188236241021264
2005-01-26,0.020488458643912702,0.02386463401302589,0.02963987361353997,0.03573076072779774,0.042138382090715826
2005-01-27,0.020485962110314,0.024211260370851903,0.030017522341457673,0.03599677338068306,0.042302983325283164
2005-01-28,0.020504298045293905,0.02381146854797392,0.029474165659109333,0.03556881325473983,0.0421587440334902
2005-01-31,0.020530208985169135,0.023886389029077505,0.029526002998885036,0.03555916047522321,0.042071120504779555
2005-02-01,0.02037723912593027,0.02385454292700506,0.029532508795800473,0.03555893024875889,0.042065634597938946
2005-02-02,0.020511716875419066,0.02395443720900932,0.02951856116471021,0.03537405795549334,0.041640319740098644
2005-02-03,0.020645417885433472,0.02420442534389815,0.029862551522548676,0.03554661442898992,0.04127267655152704
2005-02-04,0.020550506090175582,0.023956471444087794,0.02946518714265554,0.035066409970649685,0.04076073588616667
2005-02-07,0.020524714772596462,0.024059854987165973,0.02945408768976224,0.0347957631495901,0.040141619054855616
2005-02-08,0.020558520896781868,0.024289237505422268,0.02955994534622396,0.0348187806692143,0.04036956781976192
2005-02-09,0.02052392970144433,0.02395258925820005,0.029189184794374805,0.0344659797921052,0.03987149233205472
2005-02-10,0.020491152846462964,0.023720038191836327,0.02894822791691776,0.03435463355193705,0.03996316144900109
2005-02-11,0.020517787772029488,0.02368921669480821,0.029044518640374526,0.034682993951284144,0.04059284201433222
2005-02-14,0.020547053589790313,0.02391610137804591,0.02934796489380848,0.03497823362415343,0.04085428484974485
2005-02-15,0.020482559744233884,0.0241304397491706,0.0295371365931067,0.035052195939719116,0.040903867221922116
2005-02-16,0.02042918772379419,0.024061139333315044,0.029302056746234994,0.03482918414615424,0.041159534733858145
2005-02-17,0.020427293488860573,0.024477840696972807,0.030185363203460457,0.035870655373985955,0.0418432423758221
2005-02-18,0.020336263654394008,0.02473371809622753,0.03077197327430065,0.03662412341985605,0.04258426437735972
2005-02-21,0.0203885301998314,0.024881385898850864,0.030961274639056,0.036813057824879786,0.04276136837561941
2005-02-22,0.020451258370318342,0.024772294846404377,0.030954638351537268,0.03696929192554574,0.042970648158941575
2005-02-23,0.0204862554059941,0.024604092280252888,0.030725104819703333,0.03680708093427311,0.042957493430893355
2005-02-24,0.02052984170473084,0.0247305446193277,0.030912169428460434,0.03704860406601976,0.04327722442153401
2005-02-25,0.020549819589092598,0.025017776723649174,0.03130556630212955,0.03736714828922278,0.043377326150866036
2005-02-28,0.02051295750985695,0.02488799221138912,0.031089679705259655,0.03710943534549391,0.043117804786262065
2005-03-01,0.020503603324388876,0.024883870403408222,0.031178281416879682,0.03733986247823024,0.04352898919972897
2005-03-02,0.020515152487057157,0.025008842896834835,0.03152276262952159,0.037892373648899774,0.04424630755984373
2005-03-03,0.02045851077456196,0.024724509414702157,0.031204230521329174,0.03770572987105516,0.0443096333877555
2005-03-04,0.02046271789409697,0.024331369311454753,0.030712603877032927,0.03721828692296137,0.043741247258679644
2005-03-07,0.020424690135437695,0.024087882794071005,0.03035681725156696,0.03681450428552298,0.04328986315101661
2005-03-08,0.02043911502074494,0.024147726089738843,0.030558141114559217,0.03713496630033055,0.04367256004248549
2005-03-09,0.02049226045377813,0.024472069442261647,0.031110908003268344,0.037790445384208705,0.04432058764945285
2005-03-10,0.020496409843172164,0.024411753925968983,0.031039922004144738,0.03774218719197591,0.04430476108422345
2005-03-11,0.02049091799383401,0.024349554663312466,0.031036332332778995,0.037870949352800894,0.04462387878178279
2005-03-14,0.020465355667027917,0.02453505404830476,0.031222341655718654,0.03794177223107511,0.04452049290410551
2005-03-15,0.020493789450006607,0.02433987333993608,0.030798178129352385,0.03739499175661803,0.043944847514872674
2005-03-16,0.02049251783591707,0.02481814874767898,0.031039193419859997,0.037250763190814606,0.043631804382314086
2005-03-17,0.020580065796439978,0.024730280111564466,0.030813204706637766,0.03696787153874865,0.0433585248024836
2005-03-18,0.020548393325847486,0.02494143443311308,0.031153435264661078,0.03734036090655565,0.04373525332330499
2005-03-21,0.020582600637296354,0.025151685471741757,0.03137073343276318,0.037429482899760246,0.043608098630309435
2005-03-22,0.02062094388177192,0.025106396602880082,0.03110466890620048,0.03700621982709692,0.04323539902692069
2005-03-23,0.020692138592784452,0.02541144862160325,0.03152728915371836,0.03739160289116788,0.04343702817349945
2005-03-24,0.02073449370115199,0.025342146897452258,0.03130275275122086,0.037122602650459864,0.04337945865580134
2005-03-29,0.02069466538059851,0.025385912813648562,0.03139768240543068,0.03721800994130383,0.043425950513433856
2005-03-30,0.02071523384739507,0.025253052980800786,0.031204708541975667,0.03708227307504299,0.04345755282156049
2005-03-31,0.02049133251708181,0.02471561627792572,0.030555519591533603,0.03654528778532912,0.04320804730554023
2005-04-01,0.020438680451228236,0.02420002662425492,0.029880396822150945,0.036060789780102305,0.043233441262110796
2005-04-04,0.02062870838546122,0.024252729229906053,0.030069621477340883,0.03624977936317531,0.042811403892557054
2005-04-05,0.020631233426580558,0.024261631606101983,0.03003989252679468,0.03617570020756212,0.04270944368941573
2005-04-06,0.020596725271246598,0.024151844221174012,0.029900483860639326,0.03615034161240683,0.043029127028049036
2005-04-07,0.020474218709098168,0.023864200226140723,0.02959325121733133,0.03596627284946183,0.04310100200761247
2005-04-08,0.02048984019283855,0.023832437110822165,0.029616691207262683,0.036144847966676566,0.04355663466731225
2005-04-11,0.020425443066590145,0.023740836701264968,0.029506964363656275,0.03600114800006955,0.04332671801386536
2005-04-12,0.02041660546562413,0.023799338766190083,0.02952967076940097,0.03590845390288478,0.04304825681302603
2005-04-13,0.02042450342066753,0.023691854622503943,0.029298762450432107,0.035638441993553364,0.042882519921130964
2005-04-14,0.02038725084229628,0.023713544268133192,0.029382173983377138,0.035758082003046525,0.04300722338895965
2005-04-15,0.020261002518322607,0.023258817112939374,0.028844807834220814,0.035352040735594004,0.04288636991802802
2005-04-18,0.02013125401477473,0.02321241266090829,0.028845945226597697,0.03535539595839108,0.04285504962806384
2005-04-19,0.02024820264497678,0.02293596172259186,0.028522094747199647,0.03505352191325701,0.042374417806926995
2005-04-20,0.02029755467933846,0.02291675432809642,0.02849701622116093,0.035054351034974694,0.04240968229530942
2005-04-21,0.020432421510086823,0.02297328324737929,0.02885189319357151,0.03548171394276419,0.042364568217956526
2005-04-22,0.020218218216689864,0.022884812616085742,0.028537159221919847,0.03508396859202235,0.04227442628338726
2005-04-25,0.02026044854535435,0.02286260205039598,0.02843926692362035,0.034942137804454335,0.04212911513604122
2005-04-26,0.020213682123378925,0.022761745435373168,0.02828318106606527,0.03475321581709215,0.04192858000585867
2005-04-27,0.02017144580861717,0.022612342893378143,0.028066260600931786,0.03448289057823193,0.04158025792997846
2005-04-28,0.020137429167650003,0.022447868245344716,0.027945387805106386,0.0344611196671166,0.041649019475022
2005-04-29,0.02024835264521173,0.022454726759806486,0.028172694910342057,0.03481845531100132,0.04185313743924418
2005-05-02,0.0202031038673479,0.022295601035951608,0.027823721744391464,0.034602566597292696,0.041200506322216016
2005-05-03,0.020137492102112943,0.02208103951088044,0.027626200042193697,0.034491545397834195,0.041140199600868295
2005-05-04,0.020184185975374764,0.02224712344307941,0.027913482037648107,0.034829256250307555,0.0414214538154979
2005-05-05,0.02015858574964946,0.02215864917653005,0.027763800889120577,0.03471036244022767,0.041488644496025164
2005-05-06,0.02014408230149845,0.022388215751746324,0.028089271240987257,0.03498051465874397,0.04160559747192282
2005-05-09,0.02012194922528233,0.022464399158754596,0.02816787854834032,0.03497315969481603,0.04144577699006354
2005-05-10,0.0201341618107202,0.022059651908488256,0.02752518036624625,0.03426347062763933,0.040710451609866645
2005-05-11,0.020175848100400077,0.022026005071685745,0.02736199643516817,0.033987763724576264,0.04036153356139061
2005-05-12,0.020190834746272205,0.02214977485360979,0.02745408793054501,0.03399340579919881,0.04031420794667859
2005-05-13,0.020178468105959742,0.022126164112452443,0.027227481112594546,0.0336283476958134,0.04010234534027787
2005-05-16,0.020230753021671037,0.02218426112950952,0.027333660197327525,0.03372631513211817,0.04004021207237631
2005-05-17,0.020206095898706398,0.02218322774644519,0.02737236829290148,0.033815779826368624,0.04019918309848409
2005-05-18,0.020167933171131806,0.02210477322146059,0.02717710037425281,0.033454004567330525,0.03960860643242951
2005-05-19,0.020185978918415604,0.02220724797577533,0.027322182576470667,0.033569066630400525,0.03960359231015432
2005-05-20,0.02018369176287561,0.022580057108523136,0.02778831576003412,0.033955302823715956,0.03993203015825946
2005-05-23,0.02023176296895106,0.0224972277920196,0.0275826137963322,0.03368677867685459,0.039662574260207015
2005-05-24,0.020208052008227506,0.022058732244789138,0.027060481043435468,0.033292639141734484,0.03937944288234299
2005-05-25,0.020201439100956717,0.021802986299716637,0.026832818988035703,0.033251707628242026,0.0395400322162414
2005-05-26,0.02024359814680702,0.021956161161587523,0.027154387139738577,0.03369032732952541,0.039984085606431845
2005-05-27,0.020268916732292336,0.021826764919821166,0.02705417171371529,0.033804905031056556,0.04049846917007507
2005-05-30,0.020267200975125105,0.0218144533093862,0.027038835656913188,0.03380836953767337,0.04055718951131765
2005-05-31,0.020078293976406977,0.02166920221387585,0.0267087495742198,0.03323369697214052,0.039806791699107114
2005-06-01,0.019922141106112207,0.021054844073641048,0.02624427730362036,0.03310744512938335,0.03988574708875351
2005-06-02,0.02042744090998478,0.021031768978899912,0.026356260983759504,0.03271704262855465,0.03983831824306703
2005-06-03,0.020528483063775225,0.02077196039510348,0.02583288384325229,0.03202775196353666,0.03905144476262418
2005-06-06,0.020526893953807503,0.020840792973799788,0.02613553649988447,0.03250123312634839,0.039181217384903884
2005-06-07,0.020603118878248526,0.020496818463901157,0.025675344212614984,0.03193087558441265,0.03846496178126381
2005-06-08,0.02061309936435613,0.020174074611317216,0.0253635127650241,0.03161714346888956,0.03808441495296108
2005-06-09,0.020514525976012922,0.02046201943395045,0.02555073639973166,0.03198554410973134,0.0379831123616396
2005-06-10,0.020395513285350962,0.020710953880118982,0.025707108837588994,0.03199229180295008,0.03797034075380859
2005-06-13,0.020336667530102003,0.020645548617955686,0.025801489452955018,0.0323029857219622,0.038524522532432964
2005-06-14,0.020281597458491646,0.020706293565310105,0.025865742256542933,0.0323797265838033,0.03868461528857162
2005-06-15,0.02021822978855855,0.021263651056534653,0.026621739797341462,0.033248424773299506,0.03981105497198705
2005-06-16,0.02017274521048351,0.02159163612497005,0.027162104667604874,0.033720046030446794,0.039995429319643575
2005-06-17,0.020206073601745665,0.02147284222394036,0.026972383504235725,0.03344096900103901,0.039555719496070944
2005-06-20,0.020194168333530816,0.02118825376756756,0.026889673334038636,0.033586208081555075,0.03979166934845521
2005-06-21,0.020123692393213398,0.02040734023358087,0.0259686345455051,0.03268888587264915,0.03886769960917175
2005-06-22,0.020151770020739132,0.02001475202468643,0.025380293089205138,0.03194761963820929,0.037925498219410186
2005-06-23,0.020110076410090046,0.020131253549464722,0.025449748520688667,0.032030408549502294,0.03815638105241109
2005-06-24,0.020152759500024143,0.020134988475123353,0.02532311970227044,0.03179712328550724,0.037860040851975
2005-06-27,0.020195916053682567,0.020002464370535343,0.0251515605561508,0.031628880052795696,0.03770444450499346
2005-06-28,0.02025624460995874,0.020222989132790574,0.025450971103605623,0.03205263004793206,0.0383511126604472
2005-06-29,0.020293862328943753,0.02002141226412383,0.02518736804686716,0.03184047083538888,0.03825092214019125
2005-06-30,0.020375830150937205,0.02008740521626492,0.02536770588593567,0.03200184712155658,0.03825744091641285
2005-07-01,0.020341273300269202,0.020263691956720387,0.025396820151894203,0.03186284452793798,0.03802349285034137
2005-07-04,0.02038224543262752,0.02081873535189521,0.025859049295156557,0.03219732357765636,0.03841516687151776
2005-07-05,0.02028464521188781,0.02140429707889079,0.02643976822819446,0.0326191406764488,0.038834693148434046
2005-07-06,0.020262410988962504,0.02144365057084474,0.026487152824549175,0.03263160698815516,0.0387911270630048
2005-07-07,0.02019373166306667,0.0209627269134079,0.0260104996081456,0.032375482205461964,0.038817407529350284
2005-07-08,0.020322071261090483,0.021070653705049104,0.025981242555839827,0.03217007045890354,0.03841679810499826
2005-07-11,0.02039742103508199,0.021409248180825,0.026224690259386382,0.032473674563027105,0.03917166460689412
2005-07-12,0.020351823275948863,0.021563486338256985,0.02634483521725818,0.03254225569352508,0.03932027096596995
2005-07-13,0.02034131779677368,0.02173002021967985,0.026550882614387802,0.03276488772744623,0.03964296494075338
2005-07-14,0.02033387274237009,0.021899680253831114,0.02686469270985601,0.03316273812881743,0.04009112680194313
2005-07-15,0.02043338090975731,0.021995302679981243,0.026951348340599156,0.0331968178175798,0.03999830900912933
2005-07-18,0.0204440489723283,0.02181308270147848,0.026642929519915346,0.032831065137630594,0.03958846788399677
2005-07-19,0.020415474574511632,0.021939659182784055,0.026861759976555443,0.03305974508201821,0.03976577849776667
2005-07-20,0.020433718563094092,0.0220317268404512,0.027115337633160385,0.033286263088953445,0.039647375796668105
2005-07-21,0.02052456765944158,0.021793332043021946,0.02679679126690301,0.03312365638418314,0.03979064128981727
2005-07-22,0.020498069663719348,0.021579617285450502,0.026458159790832846,0.03271963373054831,0.039329029831440966
2005-07-25,0.02051864189938962,0.021588976660699557,0.026400797733621872,0.03260091429970923,0.03917300725628795
2005-07-26,0.020590895912392746,0.02182209352713893,0.026619466894792,0.03274618272004839,0.03927629155139543
2005-07-27,0.020629945743524468,0.02175121549903388,0.02645861123179384,0.03254915695379019,0.039081038164575865
2005-07-28,0.020621965825023233,0.02190342144511324,0.026583860056749363,0.03260121601005782,0.03912151258931165
2005-07-29,0.020654157232648022,0.021963301410129858,0.026638547386771377,0.032634958428830185,0.039124866252249924
2005-08-01,0.02062611746398489,0.022429635769042888,0.02715903706026508,0.03305907442979247,0.03960757324245244
2005-08-02,0.020493548570423906,0.0223931123712001,0.027167860048554617,0.03306905114133054,0.03960180823144604
2005-08-03,0.020607603015491645,0.022579855128516096,0.027593161809292346,0.033586228649069245,0.039848826942941645
2005-08-04,0.020625579610815965,0.022587973505628817,0.02754356242953304,0.03347987486721512,0.03970477804317707
2005-08-05,0.020616906270848192,0.022920839524407856,0.02802851229913172,0.0339617993207385,0.040123588411742295
2005-08-08,0.020587159909887052,0.022970124774212987,0.0280847224667372,0.03396172276542343,0.040022310952086845
2005-08-09,0.02061886410001084,0.02298595713496724,0.02801463651635172,0.03379598986016538,0.03977912176651973
2005-08-10,0.02065237882376321,0.022909478526289124,0.02785393564475908,0.033594762088582676,0.03955308164788028
2005-08-11,0.02061172984654438,0.022834728760462,0.02782232335389829,0.033626163703763826,0.039613615623041554
2005-08-12,0.020598763058961893,0.02249012196811746,0.027388669958879123,0.033297219421876065,0.03945413899564428
2005-08-15,0.02068086321463376,0.022212462092334476,0.027081222021606108,0.03305379451002834,0.039120791114322276
2005-08-16,0.020714071527204947,0.021990734899984793,0.02680456528218912,0.03284665416682377,0.03900364559929879
2005-08-17,0.020701711610331436,0.02187718600004509,0.026591286761023524,0.03259710234070662,0.038781837562441863
2005-08-18,0.020666035141034142,0.021758046984646447,0.02642183275281069,0.032408139374380716,0.03857655509669962
2005-08-19,0.020657575634883726,0.02180987959115384,0.026419653310638957,0.032324843914129354,0.038440708397334954
2005-08-22,0.02062764521678965,0.021915076762985146,0.026543772852916425,0.032445944233427386,0.03861776745470245
2005-08-23,0.02061379840901784,0.021979715802315086,0.026403752887035146,0.03211936823567031,0.03832494593357818
2005-08-24,0.02065166370587211,0.02196216437340069,0.026325480135046077,0.03198309678451038,0.038113932280176455
2005-08-25,0.02062759045093618,0.021821776281012676,0.02611538604621213,0.03176988818412492,0.03794247207646568
2005-08-26,0.020653261450166167,0.021957450139576222,0.026188641135496783,0.03174346843449625,0.03790227893641025
2005-08-29,0.020641718937607263,0.02203163080378284,0.026246375028181442,0.03174983576770582,0.037894433476685724
2005-08-30,0.02060460380360836,0.02223580585505104,0.026469648593240427,0.031900833963043496,0.03806713004329261
2005-08-31,0.02059647353380694,0.02182163966277984,0.025838828599820965,0.03134154808860173,0.03783899311057386
2005-09-01,0.0203409155851616,0.021384688836598106,0.025502896269572268,0.03112178877389709,0.037445270947492906
2005-09-02,0.02027513454835672,0.02112662885914128,0.025224026902559565,0.030929923129961213,0.03734894471653999
2005-09-05,0.02027424743964937,0.021041232822983015,0.02512281802553863,0.030824883884494732,0.037177857598642366
2005-09-06,0.020295068020702273,0.02129561712350473,0.025421383343737728,0.031052412297179713,0.03732294786783944
2005-09-07,0.020325248553219724,0.02135836746887776,0.02550958844560176,0.031139307846605107,0.03737023450298421
2005-09-08,0.02037822210930921,0.021295907085320812,0.025361606313477482,0.030979311163172287,0.0372689213720121
2005-09-09,0.020401765348968887,0.02139886953983722,0.02530549899301193,0.03076260783526146,0.03709694194299547
2005-09-12,0.020389823767741726,0.02180301303796925,0.02588646738817897,0.03136425935123069,0.03776280782045496
2005-09-13,0.020390985863975034,0.02182172251878112,0.025824066359079065,0.031302936017589766,0.03800334420323793
2005-09-14,0.0204106502516106,0.021851137526758328,0.02573969228219096,0.031067032462224947,0.03766421840137892
2005-09-15,0.020393024028822405,0.022108913765233,0.02606179669236406,0.03131698866446297,0.037901316989951174
2005-09-16,0.02039867838275085,0.022243521753862235,0.026280941153170066,0.03155604166865445,0.03811597892993088
2005-09-19,0.02037810410258225,0.022156426586920137,0.026154431728064358,0.031423934716541015,0.03798726562879008
2005-09-20,0.020353998037500376,0.021950435977755922,0.025805601215022716,0.030996889943605187,0.03748060096454581
2005-09-21,0.02036783237404954,0.02179030656380892,0.025500370140720062,0.03056347031646711,0.03681062813696453
2005-09-22,0.02036879937811713,0.02173301474847833,0.025460450319189608,0.030586391333589428,0.036881688850715404
2005-09-23,0.020384532911126633,0.02216076857192961,0.025886445932211167,0.03077645777824545,0.03702321646413917
2005-09-26,0.020473822639479642,0.022572312015122012,0.02647861893867027,0.03140665932585861,0.037705879785437296
2005-09-27,0.020453699954400942,0.022568260775942345,0.026430375637044513,0.031330309809632285,0.03777827043396745
2005-09-28,0.020464533767542984,0.02289866670865881,0.0268441646251362,0.031559408586208176,0.03764108329102265
2005-09-29,0.020547225346101962,0.02327695285125408,0.02718524795421954,0.03161698459804107,0.03755483676170301
2005-09-30,0.020551121299579648,0.023295126534786603,0.02717672482784031,0.031550547639407386,0.03742965136160913
2005-10-03,0.020527071847176847,0.023671129585750888,0.027826562800171643,0.03221679149439423,0.03778747644002789
2005-10-04,0.020564602553248216,0.023433114228042146,0.027416145240180708,0.03181517349623504,0.0375872765539237
2005-10-05,0.020560542202969462,0.023465014917924503,0.027438996690756695,0.0317850023684318,0.03748347280835496
2005-10-06,0.020563519628579493,0.02353191164498001,0.0275124136150827,0.03187639417999314,0.03787625513245926
2005-10-07,0.02091086459265752,0.023887491162028932,0.027771260723593226,0.03196122340459095,0.03778086056570157
2005-10-10,0.02083080425815457,0.023825236756888243,0.027582846632099645,0.03163450260940659,0.03773671623474826
2005-10-11,0.020308970118518448,0.024230519596744413,0.02748498854389224,0.032012764157640865,0.03738009311485144
2005-10-12,0.020248201862759854,0.02429236554627936,0.02769910675816444,0.03231940312365535,0.03773913424558399
2005-10-13,0.02036651429321409,0.024395672259504172,0.028158339859492967,0.032941992549302315,0.03844603650311429
2005-10-14,0.020469619185627144,0.024322774751760718,0.028128123417160023,0.03294161691487033,0.03842057256019135
2005-10-17,0.0205826707189503,0.024718894875596822,0.028361784493526106,0.03312067966394141,0.03843641036049236
2005-10-18,0.020625400247758205,0.024703564205462544,0.02834938174754488,0.033148216675826465,0.038513011107076875
2005-10-19,0.02052459687666504,0.02429872751364328,0.02802360335034322,0.032888047970594726,0.03835119448871764
2005-10-20,0.020687041955131238,0.02485790607387352,0.02843481289907166,0.03315801314857439,0.03869755764480757
2005-10-21,0.020373327963547308,0.024574032188278708,0.027960012101405408,0.03252327188015783,0.03793558270609728
2005-10-24,0.02032390693760917,0.02450375616750516,0.02785248465186494,0.03250136787687371,0.037885837851308446
2005-10-25,0.02044236857116888,0.024899305497072362,0.028353056193923202,0.03299991427053637,0.038286060545731034
2005-10-26,0.020768484432860022,0.025705265489458638,0.02932416256819625,0.03397628989081633,0.03907621367461375
2005-10-27,0.020911385204758343,0.02568827925068803,0.029260221468437903,0.03398975134816583,0.03912400786672885
2005-10-28,0.02117676298521685,0.025908411037059816,0.029437729558073066,0.03404658779136324,0.03905178571417993
2005-10-31,0.02112171664099081,0.02590394882861841,0.02943458598346271,0.03404295787696859,0.039062137722484576
2005-11-01,0.02115410663361204,0.02617314789319368,0.029678895031904847,0.03411016070325641,0.03891826488924111
2005-11-02,0.021359266607035514,0.026647842854609572,0.030339191646478338,0.03476367301791087,0.03930150404588402
2005-11-03,0.021229571325827742,0.026566235118193244,0.030291154082002066,0.03476635901785609,0.03929769768151353
2005-11-04,0.02121191292066067,0.026424611662609364,0.030264729429097987,0.03482619167347658,0.03938122562779265
2005-11-07,0.021500773925970704,0.027016727045351567,0.03072935954371336,0.035055909776835106,0.03939921510938245
2005-11-08,0.021650967342442522,0.026943420998536055,0.030584119893416365,0.03488590099591277,0.03912556386606052
2005-11-09,0.021858126637224754,0.02730480350726681,0.030934130861978625,0.03514584486962266,0.03929777464051964
2005-11-10,0.02176038982527172,0.027307379186895565,0.03110323414745217,0.03540697085493951,0.03950199375323801
2005-11-11,0.02178676656875371,0.02717697934728374,0.030920481729944257,0.03521999930019741,0.039315915991728956
2005-11-14,0.02198987714529746,0.02708203199327671,0.03077392991510172,0.03512334265858778,0.03922205757233338
2005-11-15,0.02204207962385986,0.027249310920155326,0.031065509058289958,0.035494275943379006,0.03964822529302656
2005-11-16,0.02202132104205625,0.02661796019558876,0.030096882361552363,0.03456645170541297,0.03900274097447306
2005-11-17,0.022159362875925338,0.026961497924585867,0.03041367749571793,0.0347567991803882,0.03908709132611291
2005-11-18,0.022829402220923747,0.02808596314189701,0.03134203664652174,0.03532529563742798,0.03930628592593868
2005-11-21,0.022952985286534888,0.02808348125341495,0.03133200652101589,0.03534694933430167,0.03934796145203898
2005-11-22,0.0230374570105024,0.027763259552896335,0.031026864100395856,0.03509495253790122,0.039160310672013414
2005-11-23,0.023145708820343412,0.027485013981403076,0.03069331322503505,0.03480703565368833,0.03893893530537677
2005-11-24,0.023140630647675683,0.026941485229525643,0.029839833877163408,0.03395030059217968,0.038568723907391605
2005-11-25,0.02318623079022935,0.02701157892451584,0.03003282875746189,0.03420398249231813,0.03854544340238795
2005-11-28,0.023277896517266902,0.027359580915529102,0.0302474418645015,0.034281313385116044,0.0386348238338779
2005-11-29,0.023257311451625726,0.02734290972189215,0.030247957780372033,0.034277740606783465,0.03861994679682741
2005-11-30,0.023321551405327875,0.027647747297680526,0.030597339470056523,0.034593062592906315,0.03879234163241038
2005-12-01,0.02327228060566404,0.02684730254931728,0.029817403504800607,0.03390749157607645,0.03826366908730994
2005-12-02,0.023178368538867483,0.026896712020254086,0.030035333176715362,0.03418166497299336,0.03854933044703358
2005-12-05,0.023095450095297586,0.02697110071843761,0.030052908592946907,0.0342345960168139,0.038525211053264036
2005-12-06,0.023084085716081063,0.02692836457873148,0.0298161842117179,0.03389232109412049,0.038416463707663315
2005-12-07,0.023182488856816303,0.026954879493646725,0.0298241583696205,0.033801544563361346,0.03820571550010685
2005-12-08,0.02319026711595994,0.0270740015401537,0.029902733189053267,0.03387489284324025,0.03827409984562813
2005-12-09,0.02325943299306134,0.027626742071081935,0.03045760483440862,0.03431299179330217,0.03855295897413141
2005-12-12,0.023191070584881627,0.027701153102373643,0.03044874413962079,0.034221167033931764,0.03841031099475268
2005-12-13,0.023176907073898637,0.02781040524346635,0.03039149488592374,0.034009976528470355,0.03814761325197946
2005-12-14,0.02332823114871162,0.02775203441279973,0.030151583219464043,0.03366783560769416,0.03793669500520282
2005-12-15,0.023459251599417006,0.0278273155827365,0.030214741221772482,0.03366980273258707,0.03787018438742526
2005-12-16,0.02355340641646956,0.02774694225686403,0.030033066182321762,0.033369627232606974,0.03745048319117982
2005-12-19,0.023511409642210525,0.027862462513891132,0.030109075402838904,0.03344049418644097,0.03734848640711136
2005-12-20,0.023532222006220217,0.028007204864048653,0.03031650716574112,0.033547520812345584,0.037318395508128974
2005-12-21,0.023600891144293402,0.02835938742094444,0.030687463086505985,0.03377665480830685,0.03744598839357734
2005-12-22,0.023578136863743132,0.028467832317735545,0.0307358407348955,0.03372079368074696,0.03729972699091397
2005-12-23,0.023572610846608808,0.028453915068862332,0.030798998588842486,0.03372509817163984,0.03698802596049272
2005-12-27,0.023553631012341193,0.028428755018605072,0.030487888071390544,0.033326640995106266,0.03707969870994025
2005-12-28,0.023480671615997522,0.0282047987975353,0.03011001321987412,0.032911198228333306,0.036738419685659385
2005-12-29,0.023394882970704297,0.028371432539621048,0.03030862953384454,0.03313640124014855,0.036699231985332016
2005-12-30,0.02346831536641395,0.028054418492575478,0.029334571042622253,0.03205642604325635,0.03726414285681912
2006-01-02,0.023388512440407322,0.028596826955957014,0.03058237877760209,0.03386179549133349,0.038208739452493694
2006-01-03,0.023406968793144047,0.02852530847150719,0.030548667705591198,0.03388761852326909,0.03810036465238413
2006-01-04,0.0234778690806831,0.02763766378949027,0.02978918922903274,0.03307831882865549,0.03677350625445365
2006-01-05,0.023520719311309665,0.027364603523394315,0.029491526980222692,0.03274608403936341,0.03644345668580741
2006-01-06,0.023490411090677062,0.027402444414717245,0.029542178950549877,0.0327194413582859,0.0363495952806404
2006-01-09,0.023514216542363228,0.0274495057145852,0.029463466869017907,0.03244180866582399,0.03593225969982636
2006-01-10,0.0236064892825575,0.02783137147977277,0.02978523928015896,0.03261303522781693,0.036053546223351246
2006-01-11,0.0237515385674849,0.02817473617690696,0.030078970506545497,0.03278889157373432,0.0361059154316318
2006-01-12,0.023737200521976146,0.027831944271483014,0.029769605105157155,0.032534796312366436,0.03592768023717952
2006-01-13,0.02365154790847361,0.027835399856202595,0.029713747070967127,0.032468872185342855,0.03591732509336769
2006-01-16,0.023729626940841284,0.027825424039665207,0.029761157592993324,0.032582052630086344,0.036097796171616896
2006-01-17,0.02371891574449933,0.02767718991605337,0.029654414229236235,0.03252156425255213,0.03609150022567754
2006-01-18,0.023821544219608887,0.028031410909081397,0.030041572426808178,0.03268057384218535,0.03604205289714162
2006-01-19,0.02392596619702978,0.0284548202532935,0.030628076745737948,0.033352787143796324,0.03679720566506542
2006-01-20,0.02392651998960464,0.028494969198539336,0.030648052670466833,0.03337867742843572,0.036851324852825246
2006-01-23,0.02395394421564464,0.028622239302247346,0.030961022395815937,0.03374475379040015,0.037212312978348795
2006-01-24,0.02386633312792677,0.028598735145987462,0.030937445631791204,0.03373697246868072,0.03719589649442601
2006-01-25,0.023897384763855885,0.028783470348483685,0.031189081775304498,0.03402470934206962,0.03747955310476369
2006-01-26,0.023934028918586776,0.02873478375178367,0.03133289737993,0.0344067627005453,0.03819094693392295
2006-01-27,0.024000461457747094,0.028948303537741468,0.031609812058131063,0.03462251303210826,0.03833939444281177
2006-01-30,0.0240948443432382,0.029294277067171616,0.03185889871171617,0.03469790849303302,0.03834293603977597
2006-01-31,0.024134491825746115,0.02933042134238885,0.03189189164507658,0.0347059250778286,0.0383101970231887
2006-02-01,0.02414904012234772,0.02937223737378553,0.032031678126864145,0.034843243026998996,0.03829081208878995
2006-02-02,0.02410323156423876,0.029643997802993823,0.03248259989169253,0.03529058773129558,0.038403554589564924
2006-02-03,0.02411543186373514,0.029500050260585206,0.03226921925589729,0.03511564285554673,0.038333369408526254
2006-02-06,0.024106986211544237,0.02927057036672552,0.03182116030235828,0.034666672668987084,0.038035149071345156
2006-02-07,0.024197871530765615,0.02913206722776918,0.03178697671067506,0.034748199033926744,0.03823862843746106
2006-02-08,0.02421707653096339,0.029193011553601083,0.03199439580477634,0.03505393531581641,0.03839923029366745
2006-02-09,0.02431223896508174,0.02921602427414624,0.032035761676133374,0.03505624021537725,0.03832239504925363
2006-02-10,0.024382139569179662,0.02888117581696847,0.03148827620273357,0.0344051731387481,0.03779752477868949
2006-02-13,0.024388275051848787,0.029129417081539887,0.03189024219242676,0.03483509010678209,0.03823167990724824
2006-02-14,0.024395747326432463,0.02916338894900738,0.031989620686410175,0.03500215287099818,0.03847895454758282
2006-02-15,0.02439754785131042,0.028926636306783403,0.03198024077754005,0.035151620680180636,0.0381816555499428
2006-02-16,0.02449417167918281,0.029200267574378932,0.03206868285141904,0.03504314943116152,0.03872403184552877
2006-02-17,0.02447265278216699,0.02894816122558824,0.031711587890063564,0.03468893690152038,0.03846301783256212
2006-02-20,0.02456085177186222,0.028692297215477947,0.031355944709795344,0.034324262061212286,0.03813422358863141
2006-02-21,0.02466039598838878,0.02901885122735372,0.031622391270010534,0.034507178157052024,0.038253787244280246
2006-02-22,0.024686550829093636,0.0290921464295294,0.03147871899172773,0.034189439687856316,0.03785318910315652
2006-02-23,0.024761535845996004,0.029543563641225613,0.03189103587077954,0.034488961088664664,0.03807217375405496
2006-02-24,0.024795090084555094,0.02966544776461852,0.0321029983881944,0.03472247486146128,0.038283921830935236
2006-02-27,0.024845979967981897,0.02994081099098313,0.03236830805593549,0.034896170173145,0.03836147375924337
2006-02-28,0.02481134634138729,0.03004790323614269,0.03233869598592732,0.03480539384574989,0.038267578164955116
2006-03-01,0.024923512847481094,0.03022441710504463,0.03244061793989437,0.03481635879841443,0.038267033725075256
2006-03-02,0.025088497843945366,0.030551049925564424,0.03301886175638752,0.035448164224671286,0.03848569106008761
2006-03-03,0.025186573975912695,0.03090642796129296,0.03345703608982793,0.035763441730238446,0.0386130574097217
2006-03-06,0.025200431456101558,0.0308998781369852,0.03340658632393408,0.03572663990006066,0.038614287945839515
2006-03-07,0.025188194967294648,0.030945845848248603,0.03349978290081593,0.035833284394475,0.03867802026690964
2006-03-08,0.02518410936735752,0.03108981548933316,0.03369981638733626,0.03619829999769352,0.03927593517674559
2006-03-09,0.025196583628261094,0.03106322793722429,0.033729170972900444,0.03635666472576192,0.03959490463367481
2006-03-10,0.02523609029747612,0.03125158075816892,0.03404624792880325,0.03678831983971854,0.040150666468761004
2006-03-13,0.02523890211463991,0.031413386885411204,0.03414955209826745,0.036820458525333534,0.040123109441567904
2006-03-14,0.025190899432329265,0.031148696712532144,0.03374086380577812,0.036421586776177704,0.03983747777799003
2006-03-15,0.025197640294668592,0.03141754936799241,0.03396726456991616,0.0364663131802936,0.039751720498030135
2006-03-16,0.02528346178936983,0.03158638297516291,0.034118222399354844,0.03653542062016242,0.03971490088835544
2006-03-17,0.025321812762203293,0.03192911158663585,0.03441719461017908,0.03676826547270458,0.0397559565681885
2006-03-20,0.02556539938264844,0.03164199220278057,0.03407852273184698,0.03647680968037896,0.03950064848683729
2006-03-21,0.02562236256740402,0.03177811093528041,0.034219363449043125,0.03666199367028742,0.03969256603615472
2006-03-22,0.025646400004861087,0.031577662465184855,0.03386929641482646,0.036266647006072204,0.0392961109275086
2006-03-23,0.025698506288126505,0.03153764822100489,0.033899635465363176,0.03640613544868069,0.03950876144645445
2006-03-24,0.02570289964614637,0.031568546450456786,0.03395366458556609,0.03648359550278653,0.03958315830232311
2006-03-27,0.025768946387080226,0.03134113711034156,0.033649311557165,0.03623756826638454,0.03940894364759888
2006-03-28,0.02602153610328379,0.03223273630691345,0.03464870098372143,0.03711278416021417,0.039973721495258484
2006-03-29,0.026175674545840882,0.03249505480782549,0.03493949709288807,0.03744801552195223,0.04032067339732994
2006-03-30,0.026225595319279066,0.03274429022808544,0.03523249035662123,0.03774012529726194,0.04058748321723404
2006-03-31,0.02625985986685842,0.032744868828643796,0.03523785825222197,0.03778158816444735,0.04064847870966106
2006-04-03,0.02621510981662221,0.033173239907014845,0.035814852524667304,0.038394737520775345,0.04097339093911085
2006-04-04,0.026248823170290998,0.0330059379204074,0.035650403145654985,0.03834494022941676,0.04107898723977715
2006-04-05,0.026349343581100505,0.03287936294874941,0.03552928845662838,0.03844542500905005,0.04155398881323505
2006-04-06,0.025457620917388787,0.03238048098158836,0.035384345484600926,0.03858046314108209,0.04232719082699298
2006-04-07,0.02554736354755435,0.032360328705979685,0.035715666112173465,0.03912057268309625,0.043146041119895895
2006-04-10,0.025555662818661083,0.03256454500524238,0.03581280340043538,0.038993659408256984,0.04284397723327204
2006-04-11,0.025671921033768856,0.032505628866184084,0.03561729571364683,0.03866271189145535,0.04240288857914738
2006-04-12,0.025572655510770224,0.03246058545924055,0.035623271800974535,0.038592953487666455,0.04214883134790763
2006-04-13,0.02555274807092929,0.03296060044028547,0.036361720074528765,0.03947888863610116,0.0430192581129665
2006-04-18,0.025301435894948793,0.032967163868821994,0.03633937341465687,0.039512826532983526,0.042936273247543545
2006-04-19,0.025376744662273507,0.03289681862188171,0.03627484217634244,0.039488553915396504,0.04293280527742709
2006-04-20,0.02555216082905609,0.03282895194625358,0.03618244080359014,0.039400016339622194,0.042848387325964514
2006-04-21,0.02557297405919883,0.032732356972139415,0.03607276453120627,0.03931308338567909,0.0427778491636722
2006-04-24,0.025588824744983796,0.03284771420523711,0.036226217067273386,0.03945626231718054,0.042883385824505155
2006-04-25,0.025596356763112525,0.03342821771990024,0.03708344390894895,0.040233362100813644,0.04307028199907118
2006-04-26,0.0258113789464244,0.03383939393702429,0.03730018472527662,0.04032257452550934,0.04295882176987109
2006-04-27,0.026015672682593638,0.033882976717303157,0.0371445098747253,0.0401794863436262,0.04306119525745537
2006-04-28,0.02610299950675762,0.03382991846095796,0.03692115534138036,0.03972634097925251,0.042477080838946385
2006-05-02,0.026156902742414233,0.03385804996925702,0.036937470300529254,0.039885044304585934,0.04278650578425186
2006-05-03,0.026034446925904176,0.03371917955556337,0.03695038317805179,0.04000301355304149,0.04296572954391418
2006-05-04,0.026112200299164542,0.03395458353346683,0.03722701685423158,0.04023336949676356,0.04313019207243965
2006-05-05,0.026233004255802266,0.033756272148836225,0.03682505916163876,0.03993214704046841,0.04311714308343645
2006-05-08,0.02625169534843316,0.03386580063655276,0.03694825242183856,0.040000580202910585,0.0430876308414855
2006-05-09,0.026425023322846387,0.03412536602899706,0.03719267121073357,0.0402091039974266,0.04319428896010124
2006-05-10,0.026405819576540968,0.03391076221827877,0.036925314597793635,0.03999088525807847,0.043059812654670855
2006-05-11,0.026454067678716754,0.03423632482683778,0.037440527055777106,0.04059082049429546,0.04366682747517294
2006-05-12,0.026508468587840235,0.03394367347318928,0.037170604733678864,0.04048645943698652,0.04366173444401504
2006-05-15,0.026521878102863106,0.033437148718007244,0.0368413952445302,0.040496712278322716,0.04399464776253814
2006-05-16,0.02652294392218571,0.0331825236561559,0.03646004282255529,0.04007162704241963,0.043580904618564474
2006-05-17,0.02667466984376056,0.0334321252344788,0.036748547266154626,0.04053391237119263,0.04435941663783309
2006-05-18,0.026719547000182118,0.03313112493815928,0.03632030315936708,0.04015378446708276,0.0441613538154235
2006-05-19,0.02672321052052931,0.03309301017873138,0.03609133803876027,0.039847568912970324,0.04375467849411055
2006-05-22,0.02664272733109233,0.032654577337451675,0.035430875812203444,0.03916995327584804,0.043116946571815244
2006-05-23,0.02664068233344953,0.03277193016387136,0.035526309120359645,0.03918648808515612,0.04306247870796221
2006-05-24,0.02660245790838787,0.03266727396839352,0.03529300306552753,0.03883082321705452,0.042681855414554645
2006-05-25,0.026717699670897908,0.03265727413464461,0.03520682425718192,0.038720289933997,0.0426123582524184
2006-05-26,0.026738947936565078,0.03268593065212825,0.03521862253011463,0.03869387671294892,0.04256424205007134
2006-05-29,0.026792074592039458,0.032924799438241344,0.03545332807814352,0.03891344184968498,0.04280781007876748
2006-05-30,0.02691903079529802,0.03329884658335902,0.03585063145195599,0.03928984459111725,0.04313064358866617
2006-05-31,0.026991779793100558,0.03370629055097798,0.03630928490996139,0.03963983616384752,0.04334113513313444
2006-06-01,0.027224619555140127,0.03392518172005928,0.03655930980219869,0.03984926922096959,0.0434795210626715
2006-06-02,0.027183060875692947,0.033643234602932656,0.03604293768401223,0.03922088454314244,0.042867774654582406
2006-06-05,0.027338973139384017,0.03383725660699446,0.03615970744461693,0.03925295465595931,0.04288615983781144
2006-06-06,0.02745061089664127,0.034273107709897735,0.03678356408798769,0.03986438957725409,0.043414261093519625
2006-06-07,0.027522485342951784,0.034398470047066976,0.03694133964717159,0.04006297484507791,0.04366098756574936
2006-06-08,0.027193802572340022,0.033956840457452994,0.03662119096772165,0.03979621943930596,0.04347434789860711
2006-06-09,0.02723806874487054,0.033387845537205287,0.035978507051282874,0.03921213382742453,0.04305144568386012
2006-06-12,0.027310364443851928,0.03327207545321755,0.03581379393694208,0.03906834526527697,0.04291571754713962
2006-06-13,0.027335704684588423,0.0330687086824284,0.03551409226728115,0.0388029804345957,0.04270408171264102
2006-06-14,0.02741350271266674,0.033364880920864266,0.03570572941108109,0.038829253544817165,0.04264154234613779
2006-06-15,0.02751346496695969,0.0337465719775068,0.03627811065090388,0.03938006110898495,0.04305134704254719
2006-06-16,0.027528413090011243,0.03362925605241677,0.03612491497526975,0.039267664692716565,0.04298836986997525
2006-06-19,0.027704774718885102,0.034038014028581885,0.036520054493540434,0.03954372172250825,0.04313319143500742
2006-06-20,0.027659421195679042,0.034220423837582586,0.03664713963177812,0.0396072131017253,0.04314058868875951
2006-06-21,0.027633980064770847,0.03459641685987675,0.03707557177398791,0.040041980365258245,0.043555515939035686
2006-06-22,0.027704444350779397,0.03467118087573215,0.03721573248645794,0.04020644704772977,0.043733734619785726
2006-06-23,0.02769045612375896,0.03498430419517781,0.037586054408909886,0.04063005362363522,0.04409381558112413
2006-06-26,0.0278849884328435,0.03528626881788897,0.03779249814162005,0.040753289098789336,0.044184160402047847
2006-06-27,0.02807955723969404,0.03559953674031668,0.03795501034005034,0.04076778946017852,0.044090540833928174
2006-06-28,0.028022851359581803,0.03556185910155059,0.03795853870953301,0.040766684789515145,0.044035566495011766
2006-06-29,0.027893502408365717,0.035336310651306976,0.03764304139288668,0.04049085084818109,0.04381865959784668
2006-06-30,0.027997058190271047,0.03552751148328461,0.03787403207169729,0.04061454843182179,0.043788466284772856
2006-07-03,0.027955397186942777,0.03551424569943482,0.03783776261088376,0.0405921196312687,0.043740913732874226
2006-07-04,0.027915203104303562,0.0354229166687569,0.03775443557856015,0.04052046930970999,0.043657399982957576
2006-07-05,0.027943184099965497,0.03581792185903859,0.03828801108830517,0.041064307029716786,0.04400886398507387
2006-07-06,0.02817254371802505,0.035902318555118204,0.03819342828846633,0.04088462395656084,0.043852328111566106
2006-07-07,0.028213990167447415,0.03578712886858928,0.03791260790204846,0.04053520977894719,0.043543427985547306
2006-07-10,0.02818489335940442,0.035891592915475584,0.03800660605051842,0.04059546696401748,0.04358446411407213
2006-07-11,0.02817227708716949,0.03564630145437732,0.03778107180037748,0.04038894476570291,0.04369428478021013
2006-07-12,0.028121137417176305,0.03584827635076908,0.037979681153533396,0.04058926900452828,0.043897681823566084
2006-07-13,0.02839524903247069,0.03547640529308849,0.03756123232108082,0.04026135458356949,0.043698152289223316
2006-07-14,0.02845892970213989,0.03496816248757064,0.03696320753371308,0.039745545518780255,0.04338642034973199
2006-07-17,0.02860669717270287,0.035058103467664206,0.03703813971504216,0.03978714974026493,0.043567611346170286
2006-07-18,0.028666723985713655,0.035339336091935375,0.0373158300444895,0.03993986210252917,0.04360894191124928
2006-07-19,0.02870830513588085,0.03557072372644197,0.03749020097341425,0.04003906945926824,0.043668163117931195
2006-07-20,0.028872783728294646,0.03530123893754125,0.03713604853451357,0.03967251711225202,0.0433481127047641
2006-07-21,0.02898082186321549,0.034945602274749195,0.036746376446392316,0.03933754593884594,0.043028977476273225
2006-07-24,0.02906444084925862,0.03496593681320718,0.03673834235058137,0.039291889099487325,0.04291943121365926
2006-07-25,0.029045762337954487,0.034881002188834095,0.03666304566579233,0.039262114309453026,0.04289472899673374
2006-07-26,0.0289353541139395,0.0353249955173162,0.037088313899412605,0.03968146592030103,0.043319363508976326
2006-07-27,0.029220533938374742,0.0348888911989852,0.03649062639750088,0.03913200517997436,0.043125694900054586
2006-07-28,0.0291449050116282,0.03477087503198474,0.03637124863228107,0.03897742092276155,0.04267536552851031
2006-07-31,0.02927640948672735,0.03498234865672776,0.036580484310669695,0.03912681817843231,0.04276109969414505
2006-08-01,0.02917726216204368,0.03501348971220354,0.036717516945823425,0.03936396514301517,0.04281426846572093
2006-08-02,0.029208627548154297,0.03497549230577602,0.03660844875502479,0.03924458585380696,0.04273481838602912
2006-08-03,0.02932316629017057,0.035436310498538764,0.03705587270528568,0.03952745777805202,0.0427389667113319
2006-08-04,0.02934982234164349,0.03511713963180757,0.03640474147550852,0.038817867587724667,0.042126586872308414
2006-08-07,0.02948861314360185,0.0351498152580194,0.03647695728337267,0.03894377136399614,0.04227506955048132
2006-08-08,0.02956262412071012,0.03516301788658967,0.036456745803883625,0.03891775691384172,0.04225460956113294
2006-08-09,0.02958806522568138,0.03538296854402936,0.03671134814970691,0.03917910731723055,0.04251043084673685
2006-08-10,0.02974384445346607,0.035280253805688506,0.036641339559327364,0.03913917288884006,0.042499742325638225
2006-08-11,0.02986326637766487,0.03571736822628076,0.037105320442054716,0.03942636255213472,0.04266511181296915
2006-08-14,0.029845766995908046,0.036097747236365024,0.037497506865399106,0.03982087252059038,0.04304978101734486
2006-08-15,0.029872035344678863,0.03586048537698728,0.03714259072673892,0.039463330473489704,0.0427430126979396
2006-08-16,0.029968700743853577,0.03583440487829614,0.036954046963122884,0.03918251518323038,0.0424856640314125
2006-08-17,0.03002081042659624,0.03574930162429797,0.03671290676015452,0.038817711278269273,0.042120728132610946
2006-08-18,0.030093903010606878,0.035909065784064644,0.03681644172887196,0.03884426555717628,0.04205399743034193
2006-08-21,0.03014024316731544,0.03564517447664004,0.036406955044501976,0.0384209214918845,0.04163099601817322
2006-08-22,0.030302631476098893,0.03486813098856426,0.03571527912873962,0.03797172423394415,0.041283722676236374
2006-08-23,0.030328400886375447,0.034926358596747684,0.03558774192197165,0.03781161750634108,0.04158694597843406
2006-08-24,0.0301898171081678,0.03474710966027275,0.0355965340161155,0.03802401556131593,0.04142501766483387
2006-08-25,0.03026649416182172,0.034681830789059676,0.03555864467315353,0.03802589559611205,0.041451503928350474
2006-08-28,0.030331355817071123,0.03468271029353039,0.035592960481386625,0.038065464764790426,0.041425353302601345
2006-08-29,0.030365748518486755,0.03488173020957796,0.03575344419788777,0.0381424706369733,0.0414590828783944
2006-08-30,0.030461190757074288,0.034848910308465576,0.03562751450406838,0.037863744659449076,0.04107767164138004
2006-08-31,0.030583512190913223,0.035014168878150245,0.03540849100149402,0.03743506299058873,0.0410410030448491
2006-09-01,0.030497239486697147,0.03492624217854323,0.03534760636284601,0.037444323022055,0.04075136730885772
2006-09-04,0.03056015316588025,0.03490582231237255,0.03527965749348428,0.03731713046833473,0.04061274732088044
2006-09-05,0.030629400993336012,0.035133128442073905,0.03554221097424963,0.03756930815884328,0.04082945729473256
2006-09-06,0.030688273167044703,0.035566441111106364,0.03611646240670828,0.038140520648481065,0.04125676449551196
2006-09-07,0.03082098341968532,0.03584045188732412,0.03635891971938081,0.03830701036527285,0.041416847096694936
2006-09-08,0.03091339733336,0.03553471968488294,0.03576620900005625,0.03752209392224284,0.040689600256078096
2006-09-11,0.0309600288158709,0.035884158124667255,0.03608549205574835,0.03769093140777,0.04073889555580152
2006-09-12,0.03108683718148366,0.03608015454482605,0.036376556962774316,0.03806650026858202,0.04111885556645078
2006-09-13,0.0311286335601948,0.03598597589720711,0.0363338350663288,0.03808659343945111,0.04108491856454021
2006-09-14,0.03126769554382337,0.03600294160829929,0.03618597004852348,0.037669059564220043,0.040626126590944285
2006-09-15,0.03120113664154044,0.03582522311063188,0.03590632051946352,0.037296694606778404,0.04025252710535192
2006-09-18,0.03116936691509066,0.036371534150761754,0.03664954685916401,0.037992559509210676,0.04061791616409147
2006-09-19,0.031206516370784518,0.03600288032511517,0.03615432544142165,0.03749833636512395,0.04018676845947887
2006-09-20,0.03126442826771948,0.03586405330080469,0.03593680131693695,0.037290988243727535,0.04003381401458715
2006-09-21,0.03134412373181796,0.03596120461659448,0.036029874816944744,0.037396556754272184,0.04016880900156465
2006-09-22,0.03167917108158782,0.03513647824348172,0.0351090182574246,0.03668856438473131,0.03967264975976943
2006-09-25,0.031581852784208816,0.03454699032138667,0.03472597785242342,0.03652222719620808,0.03939867728201726
2006-09-26,0.031602365999170934,0.03468648405076257,0.03485306636547935,0.036511331342203135,0.03905875381063002
2006-09-27,0.0317753592740809,0.03485775887522035,0.034812718992550486,0.03628281934386552,0.039031797903967956
2006-09-28,0.031724828472361334,0.03514097012820728,0.03511665240564516,0.03657148866520832,0.03926547734635229
2006-09-29,0.03175045220849717,0.03517367598241648,0.03523460078724746,0.03663616955296377,0.039023999529824015
2006-10-02,0.03138968051500591,0.03537177592446427,0.03542072764258509,0.03682156486569457,0.039635628533108834
2006-10-03,0.03137950921017717,0.034737787228096326,0.0348435856381395,0.036399817073775854,0.03884645623939486
2006-10-04,0.031471915337634424,0.03468190583775792,0.03473739427631485,0.03625014895602515,0.03863218425849201
2006-10-05,0.031491666118553134,0.034688579846718005,0.03469995568527118,0.03619170589981616,0.03860709084063617
2006-10-06,0.03164927569809029,0.03469510768900266,0.03494416367629429,0.03658822922501198,0.03891033344687693
2006-10-09,0.03160059870897707,0.03501718155558255,0.03525290871265962,0.03677192415335589,0.03902195007523107
2006-10-10,0.031673098571070264,0.035273124884071076,0.03556699040887223,0.0370602987093408,0.03925322066611576
2006-10-11,0.031705585108869776,0.035408939065791206,0.035715328193413935,0.03715242543751002,0.03927445839493686
2006-10-12,0.03177221868097189,0.035377070121636905,0.03571086460926149,0.03715138216065348,0.039224070015901634
2006-10-13,0.03182449677565449,0.03554882056319934,0.03594798868864415,0.0373801386222823,0.03936350179598179
2006-10-16,0.03185555764569861,0.03548323743853926,0.035923509741224074,0.037443646589488316,0.039486550249003355
2006-10-17,0.03193790435922309,0.03527574942897756,0.03566828064472213,0.037158142694006135,0.03915822767830604
2006-10-18,0.03191459780444109,0.03525652004492439,0.03576736414086673,0.03730057690687844,0.039231811216379274
2006-10-19,0.03194136613991297,0.03549121959670809,0.03603790780730042,0.037591271375394336,0.03954660357873057
2006-10-20,0.0320295911038246,0.03569095154730708,0.03611180593754224,0.03753029721040358,0.03946628794849766
2006-10-23,0.03207360787885504,0.03596005530566733,0.036481077379314206,0.03790118000066604,0.03976621822459763
2006-10-24,0.03213058486918046,0.03602444814738614,0.03648663653242446,0.03780981450902208,0.03958767981239676
2006-10-25,0.032197114806584874,0.03614710858178012,0.03661966308078977,0.037963676031773884,0.039748676884916526
2006-10-26,0.0322663618189533,0.036108276739773015,0.0364838101602499,0.03773244625280832,0.03945862067931282
2006-10-27,0.03232427405612055,0.035893475932297386,0.036053483962869205,0.03718447644210788,0.03890174754638955
2006-10-30,0.032276943636813826,0.03587350225401304,0.035976660870619404,0.03702512954385516,0.03867402006408942
2006-10-31,0.03219193557278479,0.03634640196252816,0.03635800938942224,0.037216775880938996,0.03892881650961083
2006-11-01,0.032417516263134105,0.03572880681699521,0.03575573189994853,0.03681374531595632,0.038641857782340396
2006-11-02,0.03247880511619902,0.0359457603654941,0.035877072334312185,0.036850984395492926,0.038636154858364156
2006-11-03,0.03246722422164476,0.03633707521830165,0.036221160418572,0.037229582463957286,0.03919573232762452
2006-11-06,0.03258337160742597,0.03661118330242738,0.03655987072811393,0.03746354715909126,0.03927484633162466
2006-11-07,0.032582624660103594,0.03645778837175638,0.03623451621892527,0.03704289539256795,0.03885859416319625
2006-11-08,0.03268315306363622,0.03654358496577997,0.03627380603607369,0.03702553549499256,0.03880362859352693
2006-11-09,0.03289597560951915,0.03668640919537865,0.03634151867319515,0.03705502951458457,0.038847147362045496
2006-11-10,0.03293608763041808,0.036251890886563054,0.0359182872037662,0.03680713652611462,0.038830442770268994
2006-11-13,0.032933057434156095,0.036322284445762396,0.03604135797047729,0.0369248782863833,0.038920932603616995
2006-11-14,0.03295442155313077,0.03620123624362111,0.03586179768698925,0.03671553135789287,0.038692148430290556
2006-11-15,0.03298795127593678,0.0364547491181801,0.036150965022361155,0.036980485386380504,0.038922316468708924
2006-11-16,0.03304388975564888,0.03642721080226465,0.0360962363071578,0.03690812028917144,0.0388412060373503
2006-11-17,0.03311004738546691,0.03641890659663708,0.03616803842111493,0.036950181050395485,0.03874027830604221
2006-11-20,0.03324338328893181,0.0360789138511632,0.03585750347845452,0.03673662822171042,0.03863485750398616
2006-11-21,0.03328671585954656,0.03618135789489696,0.03590893439163089,0.0367209100178244,0.038564841790321276
2006-11-22,0.03338495857021236,0.03602682444524748,0.035823802039397966,0.03675239107766877,0.03871705673592421
2006-11-23,0.0335351823322736,0.03634853742883609,0.03612004475955525,0.03695762271795964,0.03886781174893771
2006-11-24,0.03349546999453489,0.03602452809929929,0.03569172049803324,0.03665173090290416,0.038815910389081935
2006-11-27,0.03353165246078587,0.03612357996502773,0.03588025060764458,0.03688084604467,0.03909280312938755
2006-11-28,0.03354501695069526,0.03577311034452443,0.03552466627170764,0.03658879020648412,0.03881588677212289
2006-11-29,0.033476471776508865,0.03586691269217704,0.035589863106157,0.03659118151168138,0.038768739669834976
2006-11-30,0.03356332791589092,0.035968945533485,0.03567447694514674,0.036637217230048154,0.03877869766876141
2006-12-01,0.033617358346223744,0.035870583122569216,0.03555616213596893,0.03654627683609776,0.038746362309181645
2006-12-04,0.033737351672922126,0.035437038203117235,0.03524710753157142,0.036381857511384265,0.03866909805624926
2006-12-05,0.033805416578592956,0.03556920357903777,0.03528421907522499,0.036313508969363854,0.03854775457764
2006-12-06,0.0338108321641654,0.03585438164003504,0.035588829850260836,0.03650986394391573,0.03863463124597497
2006-12-07,0.03389633864892076,0.036097734615296646,0.03580145338761338,0.03661670592504967,0.038620860010508996
2006-12-08,0.033997462572537024,0.03615132894529777,0.03586267653314213,0.036584410652906546,0.03845819348095335
2006-12-11,0.0341267985770758,0.03656225368289258,0.03629685396751954,0.036995058402146744,0.03904591968029872
2006-12-12,0.03411178511014356,0.036612621206670096,0.03632757776999336,0.03696814245237976,0.03892978565304478
2006-12-13,0.03394481838056983,0.0366862733093512,0.036376404367966825,0.03694595247380661,0.03881585920180923
2006-12-14,0.03400512185528191,0.03703740976540472,0.03685231628396063,0.03738329786052237,0.039121532391302984
2006-12-15,0.03404595114429041,0.03696432483840327,0.03678731999406733,0.03733277809575312,0.039094718126711364
2006-12-18,0.03407884416398691,0.03734972813440786,0.03724341486660718,0.03782053435303362,0.03961976429765724
2006-12-19,0.03421045554771173,0.0375187435331151,0.03750463473013109,0.03815071703545479,0.040026991710431996
2006-12-20,0.03421762861169366,0.03762995025971009,0.037607870054597176,0.03829575278002383,0.04022472219169809
2006-12-21,0.03428447454255617,0.03774597082572232,0.037732997278297924,0.03842317647536896,0.04033439391686792
2006-12-22,0.03428929257153473,0.03782153767803624,0.03776659665625118,0.03842341512695548,0.04030109101262698
2006-12-27,0.03430749526685978,0.03812606611749356,0.03807686252365813,0.038686687586386964,0.040677579334984025
2006-12-28,0.03406413272674202,0.03813793619221589,0.03821376714029816,0.038968006644952834,0.04078504893051967
2006-12-29,0.03443516268524384,0.03822321507444794,0.03833256898119521,0.03911844621792944,0.04084955587305723
2007-01-02,0.03451262926776241,0.03800625931424477,0.03809569202813986,0.03894216317459176,0.04067411927387322
2007-01-03,0.034483450878049236,0.03791158074245045,0.03804535469752989,0.03891307570552111,0.04052439060310107
2007-01-04,0.03450589657838356,0.03800532535204709,0.038139933740967844,0.03902952542255839,0.04067573262035516
2007-01-05,0.034590947814696654,0.03837320165385521,0.03850664355302198,0.039349153622165206,0.0411082810336251
2007-01-08,0.034649918501521985,0.038283411826196406,0.03842544753942413,0.03931025858966629,0.041114292202729726
2007-01-09,0.034775281230674006,0.03834677535830304,0.03849769835346041,0.03943785595042925,0.04130886713449931
2007-01-10,0.03487620222215497,0.03855421549130423,0.03871006907319356,0.03965382642442674,0.041519387444491455
2007-01-11,0.03490478602340444,0.03828511888880151,0.03852857866192616,0.03963502908888433,0.04167274385403342
2007-01-12,0.03487647954253333,0.03854918393089572,0.038895209976486544,0.04007383968320413,0.04205982537187476
2007-01-15,0.03499152828593337,0.038593981778264015,0.038923456109693645,0.04003988370343101,0.04195158319992802
2007-01-16,0.03509552176086368,0.03851554705254077,0.03884374563544192,0.03988625140348282,0.04170439133950423
2007-01-17,0.03507580970198,0.0385300438675774,0.03885721917360188,0.039887623853561475,0.041699397113324356
2007-01-18,0.035174735656971066,0.038837151596441646,0.039291803961975236,0.04038200812468164,0.04223444744280453
2007-01-19,0.03537328911603487,0.03873143115077594,0.03903267119471458,0.03993438558547184,0.0415835664628948
2007-01-22,0.03534868849769286,0.038703208926719405,0.03899090735336368,0.0398538633878287,0.041444325523267246
2007-01-23,0.0355160990946247,0.03864933059222987,0.03891425354023076,0.03970798981252085,0.04118124033097623
2007-01-24,0.035222866143528625,0.038809914627425696,0.039080913451378124,0.03986744508411415,0.04132820770524123
2007-01-25,0.03534987161036645,0.03888613505189406,0.03921581134206183,0.040051079124636645,0.0415569330474
2007-01-26,0.03553446052659357,0.03918046167731628,0.039656401286028826,0.04055093338267142,0.04209524729750948
2007-01-29,0.03558883056906573,0.03919142426814977,0.039714949585770716,0.04073805179174497,0.04245959284510215
2007-01-30,0.035300085141814964,0.0391031856517675,0.039552205292903195,0.04061819393293206,0.04232966680726209
2007-01-31,0.035353420403117626,0.03915583176732055,0.0395994765782889,0.04064024401163083,0.042316440945803946
2007-02-01,0.0353616496083251,0.03876472753068447,0.03911321491320411,0.040189875682120985,0.041870937623597594
2007-02-02,0.03542597171139993,0.03863036640414984,0.03927569231168241,0.04051237305420185,0.04209275866420618
2007-02-05,0.03549532616500199,0.0383472781339984,0.03874562648088455,0.04000436011076082,0.0419069774835547
2007-02-06,0.03554469626892746,0.038481685654020124,0.0388202225025127,0.04000575277490018,0.0418357091117827
2007-02-07,0.035527774944110996,0.03856648526480197,0.03881742216577635,0.039904305466552416,0.041646650888757325
2007-02-08,0.035594400386809805,0.03886079866069134,0.03910637842245969,0.04004047814000912,0.041585066426678384
2007-02-09,0.03568741692595115,0.03901493174577253,0.03936837433971335,0.040375259736961634,0.041983692891217055
2007-02-12,0.03576019896160843,0.03904812662316302,0.039545739895052556,0.040668565003316406,0.04237500204069308
2007-02-13,0.03574169824793416,0.039133841981971076,0.03961262346021419,0.04074729301953541,0.04248414015210221
2007-02-14,0.03557785225680778,0.03902870231798323,0.03954752723727234,0.040653770466570996,0.04209380496350179
2007-02-15,0.035671711223473686,0.03876762570815538,0.03903051433816439,0.040132386177717354,0.04182196422729789
2007-02-16,0.0356963980417059,0.03877025342603287,0.038992245309500746,0.04006097759874086,0.041734949808983145
2007-02-19,0.03581105956112543,0.03904488693442916,0.03928851323099835,0.04031917412821213,0.0419653550024165
2007-02-20,0.03586793404300029,0.03911606183610585,0.039404512416179815,0.040448318395233385,0.04210733797455464
2007-02-21,0.03595359776721053,0.0390317911454501,0.039295470788608726,0.040279106625579104,0.04186928059307935
2007-02-22,0.036050471177965615,0.03913313002433575,0.0394160196326087,0.04037724641141782,0.04193698828297003
2007-02-23,0.03607840552471872,0.0390664345570173,0.03923178378042032,0.040116039431838016,0.041620301947151356
2007-02-26,0.03620382971319714,0.03871887447149806,0.0387390412645036,0.03965186773678817,0.041281633894527395
2007-02-27,0.036248170787694926,0.0384566936332081,0.03845287069600915,0.0393961925830845,0.04107114154417016
2007-02-28,0.03626045644100717,0.0379879515562598,0.03805600997136156,0.039182043078385846,0.040986025287059275
2007-03-01,0.03614792482073405,0.03799162321258413,0.03805979445127248,0.039142701848133454,0.04089575753119632
2007-03-02,0.03620082532207102,0.037851617467301396,0.0379312813626204,0.039151445323222234,0.04109911753376247
2007-03-05,0.03619304383524557,0.03762528479416566,0.03758837985723313,0.03884461875255362,0.04094210349493405
2007-03-06,0.0363307396328962,0.03796965431385943,0.03783857456034757,0.03893079770728877,0.04102302801843777
2007-03-07,0.03639150560101239,0.03803749242343561,0.037887361761351684,0.03901126575319836,0.04118561299240046
2007-03-08,0.036529535855893594,0.03819240221437517,0.03793404451935152,0.03901378251113653,0.041204381305910164
2007-03-09,0.036575873581463775,0.03848354510028634,0.03818556295668816,0.03926352891241116,0.04147503733720341
2007-03-12,0.03658521192168139,0.0384475301750669,0.03805845511666331,0.03906569205274167,0.04126711809097181
2007-03-13,0.03661964403024767,0.038396578542980606,0.037887925590039485,0.03886130690182806,0.041163195094778844
2007-03-14,0.03658657649100982,0.038160148365396475,0.03761879784028904,0.0386302087067304,0.040993305751913886
2007-03-15,0.0366561774664393,0.03830767711373353,0.03779616241801208,0.03877700314188433,0.041106339381244486
2007-03-16,0.03662156902279506,0.03842409881390157,0.03796760071744611,0.03885430834469915,0.041035639578049204
2007-03-19,0.03669663919664609,0.03872805960543151,0.03825897330400303,0.039008578728596206,0.04118497289704897
2007-03-20,0.036690565882851224,0.03864206223661911,0.038113620565288386,0.038840680271257005,0.04101229000241162
2007-03-21,0.03671844873340804,0.03873799801353932,0.0382227970867923,0.03901117621864818,0.04126205899208334
2007-03-22,0.036822474776865066,0.03849365242546772,0.03799188364852117,0.03894653692638198,0.04139513614877786
2007-03-23,0.036987783895723714,0.0389005278709925,0.03860997946283231,0.039674629703188094,0.042262369318671604
2007-03-26,0.03692095753240562,0.038986666544730146,0.038746462058247125,0.03982362376225932,0.04241005618361606
2007-03-27,0.036929050011054766,0.03912516839101906,0.0388952917152103,0.03994364587777599,0.042512194219881144
2007-03-28,0.036983161978649745,0.03915428546789406,0.03900225897609066,0.04009358556911863,0.042665541705263335
2007-03-29,0.03703016731385836,0.03935588929470111,0.0391771182294697,0.040212838264315744,0.04271438591392936
2007-03-30,0.03699236013898911,0.03947887520397757,0.03927126498215433,0.040243964255375755,0.042688510603458615
2007-04-02,0.03711751095446042,0.03969998456787414,0.0394500216616439,0.04030000078980195,0.04287639145905783
2007-04-03,0.03709671838164347,0.03978389085532121,0.039662699592744176,0.040642324337714655,0.04311176305447386
2007-04-04,0.03714904079646585,0.039632108833079015,0.03944578186242641,0.04052251741884736,0.04315807053684411
2007-04-05,0.03726139539873369,0.039675877016160606,0.03953398858956993,0.040606672178624875,0.043190125084274424
2007-04-10,0.03729984557308342,0.04007948049696657,0.040008017645483084,0.041058561743537926,0.0436001025307641
2007-04-11,0.037378731348144505,0.04019894427338018,0.04011539440388345,0.041152490836715225,0.04371286997959806
2007-04-12,0.03744082887477231,0.040387567901315036,0.04040727389866538,0.04148374991376018,0.04409693393651568
2007-04-13,0.03749329614166207,0.04052050557360417,0.04064548710457192,0.04179370482166525,0.04446506964427079
2007-04-16,0.037454873045641816,0.04055428160085747,0.04062283595945091,0.04173485434772832,0.04437319553034686
2007-04-17,0.0374823512839525,0.0404607932518824,0.04048233163275367,0.041581084140787504,0.0442407395053801
2007-04-18,0.03749167222072217,0.040390260667470326,0.04027831018915287,0.04125636313098167,0.0438579130225582
2007-04-19,0.03761397881203831,0.04054483513055474,0.040509065602443224,0.04149398743018688,0.04406220771396489
2007-04-20,0.03761836479921723,0.040687914087302456,0.04076461347368678,0.04177226710006772,0.04415036477728748
2007-04-23,0.03774991472106589,0.04061739749991235,0.040680241677840005,0.0416246536678472,0.04393223410446822
2007-04-24,0.03781708935817573,0.04045832904764524,0.04043766861175347,0.04135537420976723,0.043669492347040706
2007-04-25,0.0377307081605014,0.040607949521525744,0.04061474581192723,0.04152537676279213,0.04381772342281067
2007-04-26,0.03778469409263077,0.040698905754783084,0.04072193695897047,0.04159127068881219,0.0438290415880136
2007-04-27,0.037987975782174076,0.040905072428648576,0.041016028885862935,0.041874693802265515,0.044077214213774966
2007-04-30,0.03811412615466301,0.04064274658656641,0.0405649478668838,0.041310634021885465,0.04365755786153794
2007-05-02,0.03821537382911086,0.04088542973910493,0.040875275833397576,0.04162831044315759,0.04396714962099331
2007-05-03,0.037841289511346125,0.0410770390189691,0.041003287991980705,0.04181529873529094,0.044318015977623484
2007-05-04,0.03788741376461562,0.04076221431739796,0.04066579093539322,0.04154581915874027,0.043878439542948226
2007-05-07,0.03795221456512527,0.04108725739426079,0.04106421380884966,0.041879719352506166,0.04411774863288333
2007-05-08,0.03794882050107549,0.04092661025800698,0.04078355888037021,0.041576848670547124,0.04391602032332791
2007-05-09,0.03799929678942219,0.04103072473521828,0.040943023220497796,0.041760289089536023,0.044122128215743094
2007-05-10,0.03809685204625227,0.0409895368801744,0.04092646940821727,0.041758632457499466,0.04412583233262521
2007-05-11,0.03817030180654362,0.04078474920477558,0.04064394887065207,0.041477410142178366,0.04387656211858257
2007-05-14,0.03813815520841155,0.04132669354734589,0.0413954733576948,0.04224219273139626,0.044566895361740154
2007-05-15,0.03815367699237928,0.04159353088364684,0.04167187531852029,0.042499542343162666,0.04474977548504003
2007-05-16,0.038119996318799115,0.041915358477836256,0.04194195953946785,0.0426974761347052,0.044850796940052735
2007-05-17,0.03818494291893446,0.0419533239600252,0.0419199844738181,0.04262636664801344,0.04471733565525104
2007-05-18,0.038231233477511874,0.04202745911147444,0.041993878525504104,0.042702720421948254,0.04479084901301997
2007-05-21,0.03831794044024925,0.04213954878095043,0.04213729477929881,0.04287176499419124,0.04499537746993965
2007-05-22,0.03834465317626763,0.04216352695197094,0.04218459803271195,0.042918459833187476,0.04503005972140624
2007-05-23,0.03837787318217989,0.04240967452650485,0.04240798356941397,0.04302723882581781,0.04496800209421197
2007-05-24,0.03846462087963556,0.04241516449400837,0.0425182575072518,0.043214587736402556,0.04525236935361932
2007-05-25,0.0384929800299024,0.042559048799269375,0.04261422959735414,0.043272578644099585,0.04526530338491631
2007-05-28,0.038822955852102665,0.042580171309034257,0.042604484760508904,0.04326197515589111,0.045265771038204644
2007-05-29,0.03849925183872129,0.0428359643877624,0.04283870185286157,0.0434207429599962,0.04535652572612095
2007-05-30,0.03855336161579992,0.04282925012475142,0.042849212241824544,0.043442594711490326,0.045392449402404285
2007-05-31,0.038557434283100774,0.043108004414928375,0.04316454750256581,0.04368948524699516,0.045493439888751964
2007-06-01,0.03858038222101365,0.04335812602957592,0.04335645818679175,0.04385454871085235,0.04573616796254266
2007-06-04,0.038601114973098996,0.043411603443312394,0.04343549749672673,0.04393505660891102,0.04580889733400968
2007-06-05,0.03862365008243479,0.043524722305019185,0.04366306513533018,0.04417749061712286,0.04601998715274332
2007-06-06,0.038636630980058366,0.043311051335906,0.043558108730607004,0.04421745651402894,0.04611581409909503
2007-06-07,0.03875443290855162,0.043591678664850725,0.04397414369485044,0.04470796924190213,0.04668767026106847
2007-06-08,0.03887438954285484,0.04360166455752248,0.044194325643786316,0.04509503452639013,0.04728084530286341
2007-06-11,0.03884296431041864,0.043577681651105406,0.044148220609506475,0.04502066084730569,0.04714870466203059
2007-06-12,0.03883270156444977,0.04394830040564592,0.04465356478575056,0.04555232452657631,0.047680259776585035
2007-06-13,0.03880596626868433,0.04415537175420437,0.045015264951395156,0.04595732174677296,0.04809711482501377
2007-06-14,0.03890615691080116,0.043882045276723944,0.04466545633351813,0.04565680531340796,0.04795200248580626
2007-06-15,0.03895057874463506,0.044117162426141936,0.045018096436086924,0.04611068476504767,0.04852547364656287
2007-06-18,0.0390200220773985,0.04406578768936011,0.044960022860133855,0.046113315026949625,0.04863503494555365
2007-06-19,0.03907328159962322,0.043669139585615205,0.04450505856451778,0.04566873187182583,0.048234958231553125
2007-06-20,0.03900741576628005,0.04417656478182396,0.04499966892364503,0.04597514620842693,0.04824196717379309
2007-06-21,0.03904720570337788,0.043924781839629494,0.04482873493601997,0.04586143668337006,0.04780066802922118
2007-06-22,0.03909085892646084,0.04407810390513195,0.04506331758465725,0.04616581281989369,0.04818154244528136
2007-06-25,0.039070483093057454,0.04362821406416248,0.04449926833397444,0.04562138405070169,0.04751512862893842
2007-06-26,0.03909890731377908,0.04366404849159677,0.04447480243948726,0.04556605820417093,0.047443981398686705
2007-06-27,0.03910087711380315,0.043452077253881116,0.043986816146092685,0.04496317665656831,0.04694351722681336
2007-06-28,0.03909743047898656,0.043734196897918506,0.044276940021772015,0.04515039765816487,0.04695564827815648
2007-06-29,0.039000850080236196,0.04384248369328264,0.04428273613101505,0.04509835721430611,0.04685399078681244
2007-07-02,0.03906809845431917,0.04373851298562969,0.04406590165383727,0.044843420151873516,0.04658046847530915
2007-07-03,0.03905978916782995,0.043641626496256566,0.04403621631455052,0.04492098396831836,0.04674689872560788
2007-07-04,0.03906671068209962,0.04405748601803136,0.044646584170831415,0.0455075745495361,0.04720016090675014
2007-07-05,0.03915226654877401,0.044352546439468406,0.04508906277490704,0.04597071642958081,0.04762313339732133
2007-07-06,0.03922413849991701,0.04467104533519395,0.04553651115869638,0.046355448655589805,0.04780335166325769
2007-07-09,0.03932869708366992,0.044497508930502694,0.045361374618227916,0.04620858257576718,0.047713193370603826
2007-07-10,0.03925023293559121,0.044096606739020494,0.044726146516701044,0.045574378619661564,0.04720384851774918
2007-07-11,0.03926839323295149,0.043846019860859474,0.044304166785066997,0.04521683595102809,0.04702782755159901
2007-07-12,0.03934817241874942,0.04431061376640036,0.044883695376927074,0.04573494815050649,0.047414411526595306
2007-07-13,0.039392346295779264,0.04436863879736184,0.04491567443969435,0.04567782588983962,0.04722617183830744
2007-07-16,0.039506610704860716,0.04429333498258108,0.04483941621589281,0.04557807714096877,0.04722873572970674
2007-07-17,0.0395258820155999,0.044388139812323486,0.0448680542456882,0.04553897778389704,0.047110679209246345
2007-07-18,0.03950442181251088,0.044416254187263145,0.04482287848635387,0.045484935041359,0.04718065416011522
2007-07-19,0.03961582246207073,0.04443375190746555,0.044802347924547,0.045379639834929285,0.046940051175029335
2007-07-20,0.03986416690414817,0.043752234378771654,0.043774517880087405,0.04429046189285744,0.04586338393624786
2007-07-23,0.03988010740890753,0.043586474384109425,0.04349736956844248,0.044061099575342766,0.04580139106875982
2007-07-24,0.04005826104554685,0.04353921298307511,0.0434777942605714,0.04406781688234722,0.04585592260293892
2007-07-25,0.04017680077800798,0.0434451769882285,0.0434182712911836,0.043987301915517335,0.04573090030473374
2007-07-26,0.040048062229374265,0.04292204290280435,0.042816233846409535,0.043534307522383006,0.04546553817947832
2007-07-27,0.039717065710805806,0.042538458572963796,0.04242674059498982,0.04327699265299897,0.04517288538652898
2007-07-30,0.03974688673112828,0.04234419874440106,0.042235246705909855,0.04313601780693431,0.045072316745007945
2007-07-31,0.039755271444503734,0.042772861449381194,0.04276053669736422,0.04356365348414947,0.045311605744035456
2007-08-01,0.03980339135852487,0.04259808649521532,0.04258635412096119,0.04341217164745563,0.04518923865372388
2007-08-02,0.03967183570266065,0.04299063053158083,0.042975286845112974,0.04372095712440096,0.045384534260925646
2007-08-03,0.039909766816911586,0.04260258733925808,0.04255126230892691,0.043327444101708475,0.04502635344220785
2007-08-06,0.03959251251779709,0.042410597690273305,0.04242540151500409,0.04331672761442119,0.045057857840613495
2007-08-07,0.03978468626194887,0.04265940894692925,0.04271423167304588,0.043524433888315214,0.045159900662507774
2007-08-08,0.03999609024321571,0.04328810542861916,0.04346530987805955,0.04418109746437059,0.045679721289902976
2007-08-09,0.03998037229299049,0.04251608030084153,0.04268204458747213,0.043660037841236815,0.04541980825121308
2007-08-10,0.03964083577284068,0.04184199560473562,0.04231377916405133,0.04364511967735298,0.045615068146647585
2007-08-13,0.03980787110468434,0.04193666422303992,0.04242534483992821,0.04378340196372082,0.04577402862331773
2007-08-14,0.03975889507892603,0.042131822147667794,0.04267417818126374,0.04401761854104354,0.04597338430706491
2007-08-15,0.03974466110937008,0.04100789589683334,0.04168453739606049,0.0433336020296068,0.045537801592937556
2007-08-16,0.03992293296251613,0.03968205681930184,0.04070047469209187,0.04284009124928865,0.04532532238791787
2007-08-17,0.03947101906280654,0.03931081671439473,0.04064218010828906,0.042989798778251036,0.045592241673972245
2007-08-20,0.039482621801190325,0.03949455708291672,0.040735673072704384,0.04305832415925757,0.04617381470834284
2007-08-21,0.03926747857027201,0.038322550068784905,0.03983036133349953,0.042616565877751506,0.0459960267920835
2007-08-22,0.03928075262336261,0.040040344369212354,0.04115970627121893,0.043052784876996715,0.046162835477097215
2007-08-23,0.04007242551728481,0.03996590359570939,0.04095585790804538,0.043011674483447185,0.04606075483500626
2007-08-24,0.03963529247466671,0.03987130345886644,0.040719548810700994,0.042646068889946535,0.04590206325616102
2007-08-27,0.03935493377454479,0.04037161579864616,0.04101357931612652,0.04292973071379155,0.045735823897496426
2007-08-28,0.03917274507142565,0.039900108698176,0.040750416127636246,0.042772375260899075,0.04591139591888914
2007-08-29,0.03867898354169434,0.03958385073648008,0.0402499314586593,0.04252685146668292,0.04573902630406237
2007-08-30,0.03880311887374127,0.03977715961169446,0.04049254599752761,0.042749140618664284,0.04593446581913294
2007-08-31,0.0385569414372108,0.04030244517151535,0.04119311969455339,0.04322620136030987,0.046179675028136094
2007-09-03,0.038706890276582195,0.04025270823679666,0.04098054301198486,0.04304200545073889,0.046174147243546744
2007-09-04,0.0388226347093176,0.04005625413343992,0.04076323910633736,0.04289872961793708,0.04613273236771007
2007-09-05,0.03918256210551554,0.03985296658819095,0.040712372449856316,0.042837642798065116,0.04584095515077626
2007-09-06,0.039279154431404166,0.039572945614957174,0.040530527797184,0.042605979074616045,0.04605451887942837
2007-09-07,0.03927227636804697,0.03884115606063674,0.040017763083833285,0.04244448752940532,0.0458774222028627
2007-09-10,0.039241606561600355,0.03845561373707679,0.03934911823210272,0.04173340559247622,0.045420217361049516
2007-09-11,0.03929261372645615,0.03859822717299295,0.03929900121926653,0.04158806097300902,0.04560550010568203
2007-09-12,0.03904439573493206,0.039043160467127754,0.03960719164061034,0.0418461469574853,0.04560474376214683
2007-09-13,0.03889135025414456,0.0395883501186462,0.04030218900605966,0.0421404785354093,0.04567983121523197
2007-09-14,0.038838081976863476,0.03934248122557121,0.040008007919642125,0.04186225453091355,0.045398067652618446
2007-09-17,0.03895075682666418,0.03967947793790696,0.04033372339789033,0.04211089485364953,0.045570317018536005
2007-09-18,0.03887013019389972,0.04009802528257734,0.04076936618650283,0.04243021809001747,0.04579670861654289
2007-09-19,0.038575383595416894,0.040120717771553134,0.04117198006383696,0.04302051987663358,0.04645301175830691
2007-09-20,0.03837502756740976,0.04052372469025631,0.041623415997007404,0.04366145780943846,0.04703115782935919
2007-09-21,0.038524447924233936,0.04023999522524881,0.041625298745698064,0.043848470053560344,0.0471758989869785
2007-09-24,0.03854290370234737,0.04018116764234643,0.04160157150513538,0.04386534588190049,0.04721141867231648
2007-09-25,0.03857683162509722,0.0399075087620668,0.04119571494150578,0.04345966081098388,0.04688821764612175
2007-09-26,0.03843965286405554,0.040473550853995025,0.04192086504751245,0.044231105911926825,0.04747009955090222
2007-09-27,0.038209835096798324,0.04058791703220607,0.041910314244729074,0.04419476365027596,0.04717508887756655
2007-09-28,0.03803566541897698,0.04031737696353095,0.04154332677265235,0.04378139363812401,0.046761355363784736
2007-10-01,0.03810918572553519,0.03999922096429356,0.041365280229857325,0.043755852903315136,0.04683725308486603
2007-10-02,0.0381637187394085,0.04001088242276372,0.04127179976533904,0.04359603129854275,0.046634804942892766
2007-10-03,0.03804909452331134,0.03970579614572309,0.04088875554328781,0.0432065734701634,0.04629005317943731
2007-10-04,0.03812053541273405,0.03970367631311496,0.040947871725526455,0.04322052768687925,0.046193222203825574
2007-10-05,0.03817036661468646,0.03996954069299297,0.041353586308005855,0.04365136793371556,0.0466354527467355
2007-10-08,0.03807146034700682,0.04007154905632998,0.04147826344331262,0.043677440516643545,0.04651386818697363
2007-10-09,0.03799801529343088,0.04010215558336292,0.04130599006909616,0.04336698935255968,0.046181535494984
2007-10-10,0.03789619516271031,0.040554048145444443,0.041802677932131375,0.04377310695784589,0.0465310294513296
2007-10-11,0.03773752786269228,0.04082108983787047,0.04218750066303585,0.044083696221592666,0.046761574641860405
2007-10-12,0.03805158520138247,0.04135462602082177,0.04244282479818194,0.044216180808063284,0.04689389292168083
2007-10-15,0.038019056780639895,0.04191742057359716,0.04278884123914727,0.04442889028771482,0.047110232744263146
2007-10-16,0.0381292571297179,0.0416355190576715,0.04261825000414461,0.044506998779314834,0.047489382118109234
2007-10-17,0.03827522710806752,0.041395012236823917,0.042372416511332084,0.044344193003037276,0.04736810051411606
2007-10-18,0.03844801396471506,0.040615022269011244,0.04141536133949485,0.04355670159562219,0.046524387696316755
2007-10-19,0.03834172819068469,0.040087222044550605,0.040840627493057925,0.043073397094619666,0.04619623751312717
2007-10-22,0.03838068391190815,0.03971563879080969,0.04029753333893405,0.042388756589613406,0.04560138808066918
2007-10-23,0.03840286419124416,0.03988420871670249,0.04044313114278648,0.04249180604638119,0.0456888459135242
2007-10-24,0.038512400447128,0.03934977741537499,0.04001964017862572,0.04214710642310836,0.045324148230569676
2007-10-25,0.03863709681998233,0.03912820511276455,0.03982808868331346,0.04202829056539718,0.04524971954156574
2007-10-26,0.03871443662831757,0.03942059257235225,0.040142861501531894,0.0422823885159992,0.04542087912995616
2007-10-29,0.038743020377535214,0.03945669967309353,0.04006995231586134,0.04218399977101459,0.04537468324966804
2007-10-30,0.03872166874192856,0.03988163758956893,0.04033751493866117,0.04249214273645809,0.04553966090111347
2007-10-31,0.03869858534468509,0.0405807275552149,0.04101199381203273,0.04288441367448606,0.04578951350129007
2007-11-01,0.0387375801359342,0.04020456897445469,0.040609884404245046,0.04265267066227754,0.04567724039964907
2007-11-02,0.03873098884623737,0.039642676152534466,0.03996997461293306,0.042204588711945504,0.04533219925606959
2007-11-05,0.03868399483755797,0.03954218047536388,0.03986553750806745,0.04212699713227393,0.04530454582398515
2007-11-06,0.03863950389812129,0.03983201780105325,0.04027734776227201,0.04252619788710471,0.045783831516979186
2007-11-07,0.0386105854391445,0.03938144181120508,0.03972170231277152,0.04208520426663753,0.04550301491306448
2007-11-08,0.03862054751664837,0.03900041204273777,0.03946394805595099,0.04201487034805708,0.04556412121110691
2007-11-09,0.0387042808147381,0.038384752182834124,0.03884773021700569,0.04164135350352363,0.045502207087412684
2007-11-12,0.03894011306872293,0.03859179199327503,0.038982317695073376,0.04158804783279581,0.045552734051243784
2007-11-13,0.03896645902661968,0.03863186375807409,0.03910684177022364,0.041649822851261814,0.04544672320434128
2007-11-14,0.03880619576260936,0.03921583377456835,0.03970167761971908,0.04208095224548391,0.045820295188807335
2007-11-15,0.03894967176876687,0.0387420222870196,0.03919036760091571,0.04185268061448045,0.04576357566646717
2007-11-16,0.03896153136934756,0.03842808298477975,0.03891339613182244,0.04171728980829777,0.04576022339220311
2007-11-19,0.039024036950172175,0.03807309726782674,0.03858151277251773,0.04156449120073352,0.045717328610386486
2007-11-20,0.03893645296616096,0.03792077350169726,0.038452268949073075,0.04150833284604337,0.04574635540436222
2007-11-21,0.03884489150863992,0.03731564813275713,0.0378192624458596,0.04130824964080107,0.045795345482005756
2007-11-22,0.0387784791047142,0.037128321554157975,0.03771698964985933,0.041462508288701044,0.04618078071053293
2007-11-23,0.03881273066249016,0.03734275889195934,0.03802071423094109,0.04153177870619447,0.046301316668601974
2007-11-26,0.03874347984714341,0.03748755713739816,0.038171059711351846,0.0414797861668879,0.04633341371344114
2007-11-27,0.038721380394382485,0.03717022566682346,0.037812725688736254,0.04123070418975794,0.046004101525472504
2007-11-28,0.0386914492955875,0.037858271878362125,0.03875875233415965,0.04205754844563847,0.046960666528643384
2007-11-29,0.03866714202246194,0.037702369928570095,0.038613909075274205,0.04189618948654608,0.04672775168405503
2007-11-30,0.03863038222106842,0.038208513344591175,0.03908134174186972,0.04214501049173749,0.04692966158988441
2007-12-03,0.038750142728994984,0.037838167175747436,0.03872101999255457,0.041896310295334305,0.046758866636912415
2007-12-04,0.03878172754268712,0.03743811365803365,0.038047999447725925,0.04132013458799903,0.046232224955164394
2007-12-05,0.03865567295480794,0.03756654975003032,0.0382826773696392,0.041504218921080194,0.046219403963282064
2007-12-06,0.038696544712994135,0.037990541214019326,0.038596241122567376,0.041879713816597136,0.046390354249881006
2007-12-07,0.03850456676398255,0.0389166658332125,0.03956994637365765,0.04268699413906926,0.047032976544567534
2007-12-10,0.038653243048310484,0.039360028659687234,0.04007711820457157,0.04311828716890053,0.04731288768666711
2007-12-11,0.03818095766156676,0.03949047634405939,0.040170478027123424,0.04314165096505941,0.04707629343366097
2007-12-12,0.037906909942362274,0.039807971863401,0.040772064417412726,0.04366700593837618,0.047125852852858016
2007-12-13,0.03793650471125063,0.04008101495668672,0.04077326635081939,0.0435850456734396,0.047360925310067886
2007-12-14,0.03787630081480613,0.04004791827913885,0.040719459043756075,0.04340176398241527,0.046863276342685216
2007-12-17,0.03797132550895694,0.03996457749219199,0.04073354643615748,0.04344885005106058,0.04698824182203956
2007-12-18,0.03761690934317098,0.040119400201959546,0.0410050147386718,0.04356193614857628,0.04689112672777442
2007-12-19,0.03775633332278403,0.039713101661776176,0.040674250608959586,0.04334659470947237,0.04668694189915433
2007-12-20,0.037480709471565614,0.03978843529024194,0.04072862996601926,0.04334048163608757,0.046426715748641684
2007-12-21,0.03764698610246753,0.03986953585177517,0.04080429887335724,0.04346494301011883,0.04666010429324518
2007-12-24,0.03780355627371717,0.03991296397732306,0.04079943643915265,0.04345980402244754,0.04666909559632949
2007-12-27,0.03761466852169796,0.040353158752266714,0.04136428259680553,0.04391645655991502,0.047031297794198436
2007-12-28,0.03797313602287474,0.04016561864971293,0.041121539022909895,0.043687337571814096,0.0468919582590694
2007-12-31,0.03852008778825456,0.040142926206861204,0.04114825938783524,0.043760637564871786,0.04692018828175771
2008-01-02,0.03785260513842138,0.03929657788000105,0.040343904783712636,0.04338745516540644,0.04693524369326532
2008-01-03,0.0380273926337588,0.03853391382254772,0.03940280909088322,0.042648786007372,0.046662720208452545
2008-01-04,0.03833063135618663,0.03792327385500118,0.0386698276564265,0.042115682791670654,0.04639482891008322
2008-01-07,0.03827366072336564,0.03820811581177058,0.03873237279029358,0.042091430240186085,0.046446732316036875
2008-01-08,0.03839846647551021,0.038589414131410885,0.03898210410283113,0.04209647687041176,0.04667011280450909
2008-01-09,0.03840080090436368,0.03797863009049697,0.03839961807544464,0.04183796871293945,0.046455733609137455
2008-01-10,0.03839491185907376,0.03820744185511627,0.038534770498613695,0.04180969728030292,0.046532005938518625
2008-01-11,0.03850569439835845,0.03787421080327424,0.03828123985240992,0.041762747434855384,0.04658741247299675
2008-01-14,0.038581746105208634,0.037432569299831006,0.037875757996510495,0.04134104427797633,0.04660106166028348
2008-01-15,0.038495984593589945,0.037052192419890086,0.03756666952167784,0.04120158731268436,0.0464645393892953
2008-01-16,0.03838648144104282,0.036694272367210345,0.0373574816928419,0.04108494017937306,0.046384412021743954
2008-01-17,0.03865185024518561,0.03600737235276084,0.03688227026045534,0.040915882914802575,0.04639921282887889
2008-01-18,0.038775948423602505,0.03549615736804508,0.03648686692511832,0.040746910334697135,0.04644363867016286
2008-01-21,0.03849251994489696,0.034475552427732446,0.035771261895095406,0.04034791451276835,0.046128637574541935
2008-01-22,0.03790499457191318,0.033926150838797915,0.03588702442117861,0.04068032021548552,0.04607435124906079
2008-01-23,0.03755281022543085,0.033452215862376844,0.03556988464729924,0.04036064214841061,0.046661557846332774
2008-01-24,0.03816904379508915,0.03522776852623422,0.0366404385511365,0.041006793265407654,0.04723878572492437
2008-01-25,0.038351883607305674,0.03594230929748688,0.03729283702248172,0.04132881346350204,0.04706688482393236
2008-01-28,0.03833711055509706,0.034698515996979484,0.03611369370722916,0.04060753176645045,0.04658316813014979
2008-01-29,0.038503942841375566,0.03505096104340224,0.03652451233549978,0.040996486068046956,0.04690040060368115
2008-01-30,0.03824603682442946,0.035334918943801974,0.036914851450012026,0.04138064934635465,0.04740059736940189
2008-01-31,0.038107665006342634,0.03423041482779869,0.03587661130987719,0.040473243642921125,0.046734794158005674
2008-02-01,0.038229841952669125,0.03436603154582052,0.03591202605764989,0.04038403047682136,0.0465527531556182
2008-02-04,0.038475572841696205,0.03435060431941642,0.03585836556060447,0.04030304151267698,0.04632138353479878
2008-02-05,0.03827059596311233,0.033087400142416755,0.03466010695043846,0.039625302820333747,0.045800437252191115
2008-02-06,0.03830467115816068,0.03302894732128258,0.034916716809809005,0.03984994639887167,0.046016962797839005
2008-02-07,0.038044218523425176,0.03201679022085894,0.03427328366786663,0.03976591835045494,0.04633407500493285
2008-02-08,0.03775764472047812,0.03155189966177481,0.034143410440275496,0.03971512836761346,0.04649818994102086
2008-02-11,0.03811463772128577,0.031253375636552054,0.0337844212243392,0.03959930088081875,0.04630810023185937
2008-02-12,0.038053237694715435,0.03185293985173515,0.034469465640834016,0.040324573334248645,0.04715718525927045
2008-02-13,0.03833016592402169,0.032090590357548895,0.03477432826896093,0.04070399349478365,0.04753088154097771
2008-02-14,0.038264430214623724,0.03259439942883749,0.035323268125639774,0.04106641408483933,0.04757107767813004
2008-02-15,0.03836832135365813,0.0320005870590064,0.03474631362444532,0.04077093406026754,0.04733386418541088
2008-02-18,0.03849959513775605,0.03275941863480473,0.03538668891123012,0.04122184294280748,0.047753354416265076
2008-02-19,0.03850553265491333,0.03282697906636814,0.03546929488962722,0.041354438886614206,0.04772692293940899
2008-02-20,0.038729631625381455,0.03319251068692948,0.035745672893769564,0.041443469987963326,0.04761387017775955
2008-02-21,0.03880076898120639,0.03421385397053723,0.03647823293359169,0.041733695353752216,0.047709170966767245
2008-02-22,0.0386603886261103,0.03396157736163381,0.03599399222887258,0.0413299528742068,0.04768676234742825
2008-02-25,0.038585288282020014,0.03382255475063431,0.03593957645751049,0.0414306710864743,0.04794554149391463
2008-02-26,0.03860332578461766,0.034311194529892,0.03654799079283125,0.041981028671317616,0.0483810414527011
2008-02-27,0.03856134801411099,0.03371630814147501,0.03609080226593822,0.04190960824543275,0.048588329791674295
2008-02-28,0.03859446961808157,0.03324568125467479,0.0356050904249398,0.04158176780353227,0.04834479706647061
2008-02-29,0.0383442665847401,0.03202318596602991,0.03432480696288194,0.04061380627005582,0.047642766303426475
2008-03-03,0.03837004790487892,0.03215537870292925,0.03399802105872081,0.04019211710919894,0.04762057192850477
2008-03-04,0.03856923890542658,0.032561276776220366,0.03418668375699816,0.04023552672823796,0.04776025674288455
2008-03-05,0.03870163588157794,0.03274667000094461,0.03449270930311665,0.04060146182412458,0.04810377092067528
2008-03-06,0.03905837123080223,0.03296745614514801,0.0344997887370898,0.04052574838237199,0.04809064226029153
2008-03-07,0.038865177531564106,0.03291374446401121,0.0343295278723245,0.040384597645317426,0.04826641276767472
2008-03-10,0.038709930006584535,0.03256107657446244,0.033923871721082764,0.040124000349521294,0.04829728103823348
2008-03-11,0.038868476066970775,0.03357820703104185,0.03452475492347095,0.0401691850204337,0.04838648630134321
2008-03-12,0.03879863502348083,0.03369600443089335,0.03451645330544293,0.039906655832044446,0.04789736996493102
2008-03-13,0.03874183310160466,0.03295037571781475,0.033885790837139725,0.03965753247475598,0.04781241758961982
2008-03-14,0.03866107522750753,0.0332342754453706,0.03417024728226557,0.03990700887553822,0.04825884521065859
2008-03-17,0.03818590941756714,0.03223790804939426,0.03353718117638211,0.03980089451664587,0.048363766018019894
2008-03-18,0.038340010197871595,0.033157901546115226,0.03433113167998786,0.04031009967387316,0.048986532821879564
2008-03-19,0.03837895832605053,0.03388472576983804,0.03483187467616957,0.04010741715278528,0.04804763692460603
2008-03-20,0.038483477187659314,0.034830006138351,0.035558011624745166,0.03999038269341378,0.04701890142242413
2008-03-25,0.038898855657223896,0.03586924273434211,0.036617904696536654,0.040651058262191786,0.047169572562960754
2008-03-26,0.03896364998552907,0.03601289240819292,0.03672812181056721,0.04082880818425766,0.04775899582086083
2008-03-27,0.038690673677655454,0.035752916502342316,0.03676202505922941,0.041305616962797304,0.048723670771235385
2008-03-28,0.038617505544235806,0.03609927105482069,0.037170982598294974,0.04150853126411807,0.04866478133878127
2008-03-31,0.038707275852565094,0.03595545303231465,0.03696377955884373,0.04130927905671825,0.04834737687050776
2008-04-01,0.038740315894656215,0.036480304465012096,0.0375066519647943,0.04155037021117709,0.04825368196022018
2008-04-02,0.03900586507361032,0.03650998444914145,0.03756305934365035,0.04155546455731319,0.0476836544696246
2008-04-03,0.03893823564830885,0.03642309271444028,0.03763022051406029,0.04187030670435094,0.04827926333853276
2008-04-04,0.03879873439541209,0.03614916322050746,0.03722726030003635,0.04138629031767431,0.04774489924046998
2008-04-07,0.03878646278687173,0.036664616014944536,0.03788909686017362,0.041864603841211274,0.04789111904501049
2008-04-08,0.03890143404895997,0.03665186177505424,0.03790161268442469,0.04196961355939871,0.04804921541067414
2008-04-09,0.03885837868670385,0.03648584367636025,0.03794369988193783,0.04216300012314577,0.04802913088552928
2008-04-10,0.03897064687118593,0.0359962542984018,0.03716543654883554,0.04148774059152105,0.047733774121308505
2008-04-11,0.03893123798319038,0.03568277504654142,0.03668587127712807,0.04099048266839361,0.04731678374666217
2008-04-14,0.039109413525715245,0.035976389213206866,0.036998801501446146,0.041294121480995774,0.04765820331965998
2008-04-15,0.039155123720190005,0.036552990486369154,0.03756729494837907,0.04164270537591261,0.04796019577515312
2008-04-16,0.0391202772305389,0.03691869449528894,0.03796441033939053,0.041933288685399105,0.04833980220571875
2008-04-17,0.03897919817162135,0.03755204473522962,0.038869691485606636,0.04271803893474292,0.048973933175782455
2008-04-18,0.039092697100412827,0.03877366824590743,0.04002179362022623,0.04316579538527599,0.049507004871299595
2008-04-21,0.03907602019952245,0.03857903072161313,0.03983040614958621,0.04307857904903173,0.04929737390952587
2008-04-22,0.03873359395271014,0.040039710609371885,0.04005805400651604,0.04333554005709416,0.04871936928359119
2008-04-23,0.03861385460400936,0.03935167351385911,0.03972713046127928,0.04318828517944708,0.04861942453380867
2008-04-24,0.03874116076405322,0.0391822738107968,0.03982797456210436,0.04350846132432713,0.04890143352068768
2008-04-25,0.03880671531244288,0.03920173373840616,0.039857189365151216,0.04354501132238002,0.04912190378663915
2008-04-28,0.03882786420710364,0.03905611834497548,0.040056285283852286,0.04390120725757671,0.04945726714537235
2008-04-29,0.03888180281003995,0.03862542569007776,0.03966466411789233,0.04355441086476319,0.04900380473916435
2008-04-30,0.03895622209289615,0.03856624053714866,0.03945167329248354,0.043182804254844276,0.048195184148892845
2008-05-02,0.03881142662133316,0.03906987020269593,0.04014249010848964,0.04364594678618173,0.04870647621561001
2008-05-05,0.03895119762746486,0.03896489142526709,0.039835783156075256,0.04335685468707776,0.04799497216134892
2008-05-06,0.03899389932186621,0.038108202717317415,0.039076531706251444,0.04295405499386962,0.04773863945339243
2008-05-07,0.038960537173913276,0.03840991249729273,0.03959639355779946,0.04352835075915662,0.04821913503147526
2008-05-08,0.03887412347070479,0.03802753747434329,0.03887717883328817,0.042864110161782654,0.0474677422584185
2008-05-09,0.038861247709912165,0.03739511751209473,0.03802547236199741,0.04223707214823944,0.047019063034726506
2008-05-12,0.0388415253630681,0.0379072659380224,0.038336391739930906,0.04221126844298567,0.047206219716190365
2008-05-13,0.03871620578213399,0.038867222132582174,0.03922098443816531,0.04287558809865875,0.047942150842731755
2008-05-14,0.03869074798688017,0.039492247987383516,0.03981839816649873,0.04327162182487204,0.048689951365034935
2008-05-15,0.03863560488762997,0.04018135229028566,0.04045897770753749,0.04385563732475398,0.04914495078165512
2008-05-16,0.03868559332555976,0.040335340659975814,0.04052795181508374,0.04352632529624669,0.04874758306890889
2008-05-19,0.038815987359679276,0.04019257027114115,0.04042050765544681,0.043500294817591385,0.048642981298348494
2008-05-20,0.038894459975309596,0.0403416808123111,0.04046136650127579,0.04346336987909772,0.04856295036961446
2008-05-21,0.03899616532565819,0.041202406861370465,0.04124868667774402,0.04402811563090351,0.04898166008960772
2008-05-22,0.03894019040164672,0.041836872587783513,0.0416561464885426,0.04430061576368277,0.049194474143790135
2008-05-23,0.03886694304032262,0.04204835845115998,0.041541195216025964,0.04393669201284119,0.04886177473118757
2008-05-26,0.038868072241206926,0.04203011208666298,0.04166876956451798,0.04416186973224993,0.04893736516516732
2008-05-27,0.038808912463864725,0.04195409203384551,0.04175348270715231,0.04432039573465518,0.049074027457402566
2008-05-28,0.03879504288723635,0.04223127997569507,0.04221183546964488,0.04477583644703411,0.04948699044441675
2008-05-29,0.03866229969011444,0.04307342015011799,0.04316620369270987,0.04567345554707608,0.050290520895429215
2008-05-30,0.0388116327753017,0.04281174106483883,0.042676151759535,0.045185853643797645,0.04956381966429144
2008-06-02,0.03894823586213361,0.04248272920164446,0.04238684548177745,0.04503613051620902,0.049520850561891656
2008-06-03,0.03883567281059674,0.0432546644195712,0.04298978845089732,0.04562455639198802,0.05038761214659569
2008-06-04,0.03887509081089686,0.042690959244942844,0.04246687221929477,0.045173897682527615,0.0498282648776563
2008-06-05,0.03937244867977383,0.045010771571148085,0.04389945875761248,0.04579448387479023,0.05010657065661506
2008-06-06,0.040220556339562036,0.04587073185042647,0.04435483491483894,0.04556464728730476,0.04817102892493029
2008-06-09,0.04017446865626491,0.04655862747169787,0.04527565277149092,0.04607947961287821,0.04796114008982332
2008-06-10,0.04043278894131627,0.04590927115856964,0.04536513139038157,0.04659612499550096,0.04859416043314045
2008-06-11,0.0406152382451264,0.04535463904267251,0.045193055977033804,0.04680647061958853,0.049221691388165914
2008-06-12,0.04068905636097657,0.04574346637611254,0.045836138305333576,0.047316350257161896,0.04962434993981407
2008-06-13,0.04098935363177673,0.046044331955390164,0.04635621027219899,0.047556980778655965,0.049414182900651804
2008-06-16,0.041234753883632375,0.04713763744066501,0.047246054198863054,0.0477633108527732,0.04891072392350886
2008-06-17,0.041475221813301474,0.04645706671611431,0.046686662782379304,0.04740592441042264,0.04878552070946422
2008-06-18,0.04110863499133687,0.04636510521778339,0.04661754671758439,0.047154626712846606,0.04802321120530248
2008-06-19,0.041162960208897384,0.0469254937843155,0.0473036293593774,0.04745837233124367,0.04791194177386806
2008-06-20,0.041395365583868145,0.04622248444021901,0.0464218870633795,0.04700197025797083,0.04798478411820034
2008-06-23,0.041437266571996874,0.045837267019993216,0.04605327470798413,0.046819235793493,0.048040375245136345
2008-06-24,0.04166775959879672,0.04540179296200773,0.04583308573848769,0.04704979056914059,0.04860247512283118
2008-06-25,0.04173647049545122,0.04583702787892584,0.046089705192623655,0.04714696842708089,0.048974191514567125
2008-06-26,0.04214027116124476,0.04538368018593172,0.0455025527807868,0.04679480446562278,0.049119600614745504
2008-06-27,0.04196456407474197,0.04498623143956031,0.04504015639560319,0.04664425414459728,0.04984867427747484
2008-06-30,0.04207297608101042,0.04619391970344079,0.04626690934485983,0.04731762487314629,0.04991816034704038
2008-07-01,0.04228399707777171,0.045750765626310946,0.045595937191909366,0.04677503944596104,0.049515201761309385
2008-07-02,0.042380375689078494,0.04644998310867589,0.046611842535000815,0.04745058847845856,0.0497013220045566
2008-07-03,0.042171031834551884,0.04512146917081721,0.04546377180640812,0.04714601626953705,0.04947237882924025
2008-07-04,0.04196444330767566,0.04471853689918234,0.044811169785434354,0.04667973813856593,0.049949546212883604
2008-07-07,0.04182535720111108,0.044316337446270955,0.04412043284882046,0.04585257379537546,0.04947211065057402
2008-07-08,0.041895684363520314,0.0442588650515577,0.04408425318198246,0.04577595775435354,0.049434882978033355
2008-07-09,0.04198013182491702,0.044550400643564886,0.04419325984494173,0.045540039712578625,0.04923159937440407
2008-07-10,0.04212743311305923,0.044292847085184286,0.04398998911764611,0.045366081124741386,0.04903363975984889
2008-07-11,0.042279965840174155,0.04405612421488973,0.04395101363208061,0.045294194028081554,0.049301295565111695
2008-07-14,0.0420085370683583,0.04393893384990229,0.04391714799408844,0.045404628468121884,0.04955592102803391
2008-07-15,0.041834746032949406,0.04321495756986529,0.043191754161445245,0.04504000926888695,0.04927737592503227
2008-07-16,0.041850684984508606,0.04356205607434846,0.043756817118742075,0.04546326271677072,0.049465844199161405
2008-07-17,0.04188702897320734,0.04398676237097996,0.04438353972321323,0.04588190045151903,0.04951185092684818
2008-07-18,0.041999809013494295,0.04500624761238413,0.04547002858830819,0.046751750852068945,0.05006360137176654
2008-07-21,0.04196194651707964,0.046131052636374716,0.046403647329339666,0.04738554601592429,0.04986062529716296
2008-07-22,0.042087606210546594,0.045655823727396266,0.04612323741680328,0.04735754229889775,0.049923302414436856
2008-07-23,0.04193175297883228,0.04591811423535669,0.046503618607715735,0.0476314713752194,0.05009525035216747
2008-07-24,0.04225353695968224,0.04459284036718529,0.045358846465340025,0.0468986004192103,0.04950882307670325
2008-07-25,0.042525867806223,0.04443596773046596,0.04507885618012052,0.04678621078285958,0.049650466004938
2008-07-28,0.0426700419925431,0.04394474220177009,0.04460387907360483,0.04655976298016142,0.04961067081590165
2008-07-29,0.04246084215845497,0.04379401294954143,0.04422395010351477,0.04624421240793298,0.04958092499970239
2008-07-30,0.04209607890885982,0.04351400256445103,0.04377175158942895,0.045753442418899136,0.048935052118664474
2008-07-31,0.04200653032170374,0.04313970614539645,0.043110809036844645,0.045266092910763264,0.04850427186684927
2008-08-01,0.04207875607623967,0.04307986127522716,0.04275923069319085,0.04497852977822616,0.04841702597409411
2008-08-04,0.04225261986530746,0.0429465553907621,0.04265286422879042,0.04489979337314894,0.04827160227578081
2008-08-05,0.04225388570527346,0.04277864773788823,0.04233339427133201,0.044669105245136544,0.048162004418690396
2008-08-06,0.04229986035195002,0.04277865095879216,0.04234039821024791,0.044714964446536394,0.04838504320780232
2008-08-07,0.04215710893252092,0.041351452400766625,0.041095143709687344,0.04417635328589602,0.048581271817107974
2008-08-08,0.042558512063649294,0.0409620669219427,0.040736086472807076,0.04395293152253758,0.0490348329845831
2008-08-11,0.04263370835183504,0.04122201608342043,0.041033610733835345,0.04419347396980074,0.04917001099732426
2008-08-12,0.042824146807977505,0.04093050322769448,0.04059441885600808,0.043681101965650705,0.04857266957667378
2008-08-13,0.0430004065013907,0.04061094987049099,0.040420456483197226,0.043737704632888154,0.048741112466244026
2008-08-14,0.043254590218429145,0.04045177901398365,0.040277516340884514,0.043615767191022246,0.048753633080335604
2008-08-15,0.04245641752676856,0.04056608521703509,0.040211416912543256,0.04352018487980077,0.048545223234367475
2008-08-18,0.04255166679179616,0.04026674629772687,0.03983228512754803,0.04318192365006865,0.048323875938946693
2008-08-19,0.04262107386597462,0.03964004031281205,0.039252161069289776,0.04281446291627106,0.04833184656895065
2008-08-20,0.04270467899813795,0.03997706010917928,0.039484406062146225,0.04279052760111185,0.04812327982073393
2008-08-21,0.04267059748010854,0.040930323849743,0.04053527395630582,0.043488643524341286,0.04874257707158928
2008-08-22,0.042627382038775065,0.041415805296619916,0.041141306557488655,0.04377978801628174,0.04867893000785879
2008-08-25,0.042550895121851166,0.04064642064979905,0.04013989246346502,0.0430898813928172,0.048090715865064866
2008-08-26,0.0424630296289431,0.04002370724442574,0.039545571240696645,0.04282708119755598,0.04822506664493569
2008-08-27,0.04222647578161695,0.04118394076338495,0.04076945590770306,0.04370240897685695,0.04884978021966365
2008-08-28,0.04217799152346224,0.04181019428344739,0.04140355980213318,0.04370985094066496,0.04820184467270539
2008-08-29,0.042418752315040414,0.04133201985617549,0.04108835778020837,0.04344467081768706,0.04762165462163102
2008-09-01,0.042600899344834325,0.040454675188373236,0.04017860794147772,0.04304177351148036,0.047363894627857714
2008-09-02,0.04249949518204357,0.0411791986446672,0.04103156437675656,0.04380000490151868,0.04813465805619993
2008-09-03,0.04267443756847232,0.040914234565645365,0.040515389045129024,0.043460457219427095,0.04821156322802111
2008-09-04,0.042593284633433086,0.04069691983294857,0.03995194858414542,0.043202309083561284,0.048230669481575436
2008-09-05,0.04284685080976755,0.039695230117624096,0.038606564462439014,0.042113307348466876,0.04777638617389258
2008-09-08,0.04280642907494161,0.04022709041830825,0.0394187284222833,0.04289391527747424,0.04822665939643303
2008-09-09,0.04280471788715916,0.040254136076747396,0.03956666295447671,0.04316036475737615,0.04850058014222112
2008-09-10,0.04284241423298339,0.0400621491708429,0.03950405174129327,0.04303108182483975,0.0485324906772571
2008-09-11,0.043012731982111155,0.0394940718673163,0.038852281593899224,0.04261968994581969,0.04876866275634813
2008-09-12,0.0429630714381306,0.0399557849407291,0.03970491226652006,0.043364000614004805,0.04930682594642099
2008-09-15,0.04287763085865756,0.038255328383078886,0.038286098201387536,0.04273748102069967,0.04943277852780986
2008-09-16,0.04217373308636554,0.03747823556420789,0.03796396772218889,0.04232042727834878,0.048573165868069944
2008-09-17,0.04250014468170743,0.0383240843481145,0.038841056427386327,0.04303796123583109,0.04914849505205338
2008-09-18,0.04206874239820653,0.03863050683335708,0.039127650769495544,0.04342576076869528,0.05028903941526045
2008-09-19,0.04236058647400824,0.040029522348523174,0.0407698522372329,0.044548388284416776,0.05093808172313239
2008-09-22,0.04163167581398663,0.04104286386762482,0.04176902687677519,0.04524120925918422,0.05175029281258699
2008-09-23,0.04126626228059178,0.040357957806433406,0.04131650708107676,0.04498363695017305,0.0513510385966322
2008-09-24,0.04076110806986156,0.03924702022200388,0.040503185186101714,0.04442103971868768,0.050430757805592225
2008-09-25,0.040343212872555274,0.03930835394171251,0.04086253851059773,0.044720514229813865,0.05035073988027284
2008-09-26,0.039533607117156484,0.03833298921026225,0.04018684332470149,0.04441432058450445,0.0502595533381714
2008-09-29,0.039563101391549824,0.03650186350078678,0.038838609893179714,0.043875595073905725,0.04964254889669599
2008-09-30,0.03705195514651466,0.035866077675233206,0.038767933166368417,0.043381676590868744,0.048417055157067485
2008-10-01,0.03750518722324706,0.03567885703977451,0.03903711254800053,0.04337460646204842,0.047343615775557686
2008-10-02,0.03850525223014625,0.034654836211503906,0.03853528368005648,0.04307556225510003,0.04683129737256355
2008-10-03,0.03987926386136131,0.03294346960442284,0.03788316486462851,0.042048743731686725,0.04499650592014279
2008-10-06,0.04198468602635898,0.031339875029076446,0.03677084713889995,0.04131792689095733,0.044570229119246435
2008-10-07,0.03258782329961884,0.030799757610792743,0.03767573109757074,0.04078563855510033,0.04286274903809171
2008-10-08,0.032875419609779744,0.03004103474850694,0.03684478637845767,0.04010675806415847,0.04228756155495308
2008-10-09,0.03482086658813292,0.030445969125297047,0.03832118208370277,0.041920179285288954,0.04432484772960943
2008-10-10,0.036370697611859536,0.029797433170860303,0.038290753168738714,0.04243183630692749,0.04520488939287633
2008-10-13,0.033978298546306254,0.030868685989454116,0.03955730251378223,0.043821474848501844,0.04667750045887893
2008-10-14,0.0348646913778074,0.03175772201193189,0.0400422150851215,0.043848979817236504,0.04639391565866045
2008-10-15,0.036032375983622134,0.03201356077329997,0.03937570354677744,0.044684781595786476,0.048478593457056685
2008-10-16,0.03481766857463678,0.03109009727327017,0.03843357837538901,0.04463902110659037,0.04927391083073711
2008-10-17,0.0300602536317843,0.029111668479483502,0.03777778141455067,0.04324308939015998,0.046953620026006844
2008-10-20,0.030272853403253072,0.029766432557839062,0.03800637221594419,0.043593380204078824,0.04745127084826992
2008-10-21,0.028182521807818977,0.029452938390404165,0.037256786262897086,0.04321715388080488,0.047404132175206615
2008-10-22,0.028134675761149603,0.028519616415114944,0.03610192972374916,0.042280754359423155,0.04668714613429606
2008-10-23,0.02802569943139513,0.02829118817243598,0.03580135621879693,0.04152427980514814,0.04555395998208068
2008-10-24,0.027714556761772924,0.027720730176252116,0.035645942399339284,0.04107180597423955,0.0448189221572678
2008-10-27,0.02590659696100761,0.02701886202165225,0.03536347248024928,0.04138923222028318,0.04557880063757557
2008-10-28,0.02558897262962646,0.026451854910049234,0.035365795798116426,0.041727340910667314,0.046135795812399474
2008-10-29,0.024888886108077397,0.026759924683431163,0.03555396001554855,0.04203853725289431,0.046550902843896916
2008-10-30,0.025396463910288034,0.02714049817553987,0.035536867806465505,0.04229568446998605,0.04709003486422145
2008-10-31,0.02516390738395078,0.02675773159235401,0.0357572902355099,0.04254812565671609,0.047312166832019394
2008-11-03,0.025684533113506637,0.027348355429389296,0.03604392950108568,0.042843974227303835,0.047649632613734436
2008-11-04,0.02507970909712124,0.0271316943117201,0.03584951094349304,0.04269697313768297,0.04753520640742936
2008-11-05,0.023996468142741697,0.02734704448293237,0.03540678636147235,0.04270146711480792,0.048021135136259996
2008-11-06,0.023858643230956548,0.027266731803207756,0.0346986881963609,0.042442776822761055,0.04846607858472523
2008-11-07,0.023845961270486403,0.02644836856593315,0.03383793010589687,0.041778284173990314,0.04794888830044722
2008-11-10,0.02390499068729366,0.026464263311915984,0.033840671924571984,0.04164668883997452,0.04769519174866439
2008-11-11,0.023572215166218703,0.026098797798205137,0.033318334740471266,0.04153278856276224,0.04814635270315997
2008-11-12,0.02469295669843184,0.025396631780725296,0.03311960910175593,0.041221551976173894,0.0481553466028242
2008-11-13,0.024241431117152892,0.024981349234048662,0.032653385212859085,0.041234663761597554,0.04867966524938657
2008-11-14,0.024323118674178072,0.025626979256834218,0.03287340480613791,0.04112563925061432,0.04904036729363706
2008-11-17,0.02348162948702888,0.025042577848671747,0.032580342802677124,0.040934670565819814,0.04881812628067284
2008-11-18,0.022822644252097953,0.024872318005232773,0.0323471089263505,0.04081387284390498,0.048307742244439206
2008-11-19,0.022895476700888383,0.024448688393400298,0.03206474028230489,0.040157837425597094,0.04748078612770648
2008-11-20,0.021728846579870762,0.023207846423574,0.031281345744464284,0.03925456618869926,0.046135104991010915
2008-11-21,0.021386210766792698,0.023566050660655185,0.03149356454299957,0.03914497515645423,0.04573411621347714
2008-11-24,0.022111170456494446,0.02349061784559153,0.03159020728159584,0.03913562347171157,0.04539729224299991
2008-11-25,0.02152793890790096,0.024315593916870156,0.03188212943727584,0.03871109626170089,0.0444187501347243
2008-11-26,0.02085890947003631,0.024206978948835053,0.03188325599881637,0.03826964004188416,0.04339767204416315
2008-11-27,0.020353700404578706,0.024333082505688042,0.03207065936241319,0.03827527289190311,0.0431952968946338
2008-11-28,0.019961498145955502,0.023758833385913034,0.03161134751329284,0.03773931784703785,0.04251773956506053
2008-12-01,0.020282222138520833,0.023421903722185094,0.03069089873018811,0.03688634869043872,0.04195194914268951
2008-12-02,0.02004339654452387,0.02342847835984947,0.0306847394482659,0.03641582288633118,0.040915921170612955
2008-12-03,0.02029041780267589,0.02306998853673268,0.030891785500405812,0.035424483410307725,0.03853799707167109
2008-12-04,0.02004547332228201,0.0229867615731026,0.030476713292055924,0.0358773311203698,0.03289770776053333
2008-12-05,0.02048917365563306,0.02392703304266762,0.030967252626442156,0.036435257697409844,0.0354964045366029
2008-12-08,0.02068240025486115,0.024679348152901844,0.03153975836535838,0.03697603801161968,0.036181015705357825
2008-12-09,0.021082930048964176,0.025603109998062958,0.03238078470057589,0.037810879234356894,0.03799772937574847
2008-12-10,0.02085533137692368,0.025428078121767967,0.032478560776312226,0.038114349211198786,0.039062312910445735
2008-12-11,0.0208519011265146,0.02496050090929702,0.03225790798846369,0.038198492714575406,0.03925297976520663
2008-12-12,0.0206113963480575,0.024586443160749764,0.03195207822459979,0.03809221272910193,0.039336444828217375
2008-12-15,0.020174677292540178,0.024694632890472672,0.03222852227441248,0.03882344800428685,0.04014057088661353
2008-12-16,0.02001794273319302,0.024350500389652613,0.031882581593444044,0.0382722456341024,0.03895597887122094
2008-12-17,0.019310820980213316,0.022617206653112013,0.030614160625654065,0.0372793645084303,0.03739149240566805
2008-12-18,0.018546142777254596,0.022343585298138145,0.030344563652061052,0.03713307916189927,0.03631218459590093
2008-12-19,0.01781565251966491,0.02180806472850501,0.02977033944540443,0.037058117813144366,0.036796948040148256
2008-12-22,0.017486237651468003,0.021660527809341773,0.02962106391278452,0.03684746384213637,0.036549378894783865
2008-12-23,0.016788043639030036,0.021666691584873842,0.029516667896496117,0.03687038487699511,0.03670804477795896
2008-12-24,0.01740683090253424,0.02158969867598572,0.029539457888541173,0.0368607158052511,0.036762100636246985
2008-12-29,0.01664108306506083,0.02134761662027873,0.029452125702523122,0.03675780524607939,0.03661790071065327
2008-12-30,0.017070215720312955,0.021422049182456604,0.029506973610329296,0.03688219598582696,0.03672122967783302
2008-12-31,0.017511316547440613,0.02137652319032287,0.02951955480652932,0.03688186159441063,0.03674163867083727
2009-01-02,0.01682445829930244,0.021017091083446245,0.029347255993852735,0.03670464132153156,0.03653435495876728
2009-01-05,0.01671277328620344,0.020638258051151635,0.02910636854373124,0.0370879169455046,0.03731405867305698
2009-01-06,0.016321795324321365,0.02106721653636808,0.029743002785242778,0.03813921681458355,0.03920266999464821
2009-01-07,0.016204289912401974,0.02023337517932728,0.02966777643097104,0.0381608410141052,0.041433630781946465
2009-01-08,0.016423079713451912,0.019630295217649123,0.029374751714784052,0.03780327104513003,0.04106797163242224
2009-01-09,0.015274155373057163,0.018606154842971567,0.028666371548423684,0.037290624768962735,0.040493431064627244
2009-01-12,0.01484879922406254,0.018587757296947165,0.028654992295408528,0.03726417797885006,0.04052115290696106
2009-01-13,0.014384856044986367,0.01838591000911554,0.028344777618160406,0.03716709520645658,0.04124217350808961
2009-01-14,0.014288435464390936,0.01825018175640769,0.02815139856321393,0.037187941459827144,0.04188962257640831
2009-01-15,0.01404768156744406,0.018397664650151684,0.02822222426917889,0.036813476046636776,0.04054301773228123
2009-01-16,0.01487625302663144,0.018719079153716966,0.028894113458104224,0.037368146654874604,0.04179512560554672
2009-01-19,0.014046302072954635,0.01871544269817439,0.02876281993112869,0.037614541598582255,0.04236111031126345
2009-01-20,0.0139135120297803,0.018456400885956913,0.02887425829211045,0.037788978866577214,0.04208107807244733
2009-01-21,0.013549795300913608,0.01827291654813521,0.02906466242756895,0.038149809670611476,0.042418256803454735
2009-01-22,0.012815691769496715,0.01771341449269253,0.029210706521850566,0.038876012871672534,0.0418754795032945
2009-01-23,0.012437478589380761,0.017308058753596308,0.02873188082464579,0.03887002194083089,0.04498296679000806
2009-01-26,0.01249950587239131,0.01953093571358321,0.030563038092145695,0.04038641328672805,0.04570840121809436
2009-01-27,0.01297014388822054,0.01983180631819436,0.03115556670046589,0.04062824750725544,0.044057939726778204
2009-01-28,0.012350451396523819,0.019055974392575177,0.030066634432722218,0.039282932602906495,0.042903830495750264
2009-01-29,0.012009001880447543,0.018487130497443504,0.02998302653148595,0.039468418647435805,0.04063490464335474
2009-01-30,0.011932473918374906,0.017872565045746084,0.030161108612973803,0.04022974607517412,0.04060091185595193
2009-02-02,0.011766574748951956,0.017492421730186666,0.02956977972821999,0.04014130595706808,0.04099220582648513
2009-02-03,0.011386647149979192,0.016937568951688534,0.029266628346239294,0.039942641370628015,0.04081263628890855
2009-02-04,0.01170160735999966,0.017535262097099068,0.02989296733672163,0.040498961800208816,0.042005882592171064
2009-02-05,0.011015400052971872,0.01647957985964703,0.029001595259034695,0.039939796257540856,0.042167806368158436
2009-02-06,0.010138539965433515,0.016496450713438623,0.029243682416289017,0.04038054768295789,0.042068014979764756
2009-02-09,0.010159474107822659,0.016902629258798506,0.02947168830757131,0.04030854060100125,0.04156300327661864
2009-02-10,0.01024052909786472,0.01664999076823018,0.02899946776747681,0.04011109109440999,0.04135504517367952
2009-02-11,0.010218795498675015,0.016052124084069884,0.028271948736838203,0.03953379565344926,0.04063967909247996
2009-02-12,0.010031958525305619,0.01559577453992815,0.027459861995139213,0.038066747297867416,0.04072305583625169
2009-02-13,0.010210240506552934,0.015802061930413357,0.027912432404461385,0.03852179006021884,0.04052338897389736
2009-02-16,0.010210260686030044,0.015083747406068255,0.0274772476385345,0.03829256506995396,0.03998005611297502
2009-02-17,0.010083571702504351,0.01462526365754862,0.02696390501489132,0.03813252202140596,0.04021759715943137
2009-02-18,0.010359804133342594,0.014828658150188367,0.02701847914550877,0.03810979824436269,0.04081542954572868
2009-02-19,0.010281515523785485,0.016279962667184077,0.028300358136928928,0.03899250430272905,0.04233055554134944
2009-02-20,0.009959963798905184,0.01575182113261187,0.027771455950801358,0.038544005096492896,0.041809658590139465
2009-02-23,0.009908510118258154,0.015865609386113158,0.027601091551631506,0.03811338239268854,0.04214742573093514
2009-02-24,0.009582394730188864,0.015238704625447963,0.027154060598086734,0.03781244114535764,0.04159256900318498
2009-02-25,0.009301565554835632,0.014922514045930042,0.027012749735030206,0.037842031910391594,0.041398101014366716
2009-02-26,0.009354818400688998,0.01600294717712327,0.02830025313132309,0.0389673626899106,0.042265523134124246
2009-02-27,0.009260388633165032,0.015568905412475926,0.02788908594601805,0.03852830541463261,0.041898887077653615
2009-03-02,0.008921561578363005,0.01491865892065321,0.027451577166032363,0.03855141042186565,0.041880177383421736
2009-03-03,0.008417944401546345,0.014731584297043222,0.027523587536943474,0.03884850916173008,0.04206780606314239
2009-03-04,0.008268292140068238,0.01446070877279752,0.027669329406425223,0.039438251177273564,0.043147452326967387
2009-03-05,0.008257845084118537,0.014480660117490876,0.027193544438871283,0.03849283751649999,0.04208480496228097
2009-03-06,0.00818017425598127,0.014651317638173044,0.02704587991131695,0.03801131447333885,0.04140132543110072
2009-03-09,0.008327634594045253,0.015381162137947562,0.027253079518663407,0.037749829807230385,0.04097159145922365
2009-03-10,0.008603805836825672,0.015576785836912545,0.02775337478282337,0.03821723033006716,0.04125426252904103
2009-03-11,0.008948150460221394,0.016266667145123464,0.02847200644012357,0.03901258466695273,0.042251795840891365
2009-03-12,0.008857789052035903,0.015650275537792985,0.027812733664175516,0.03833030258789106,0.04222936813852612
2009-03-13,0.008923320345541856,0.015863776605436603,0.0281129390777238,0.03873231157376751,0.04361027062301293
2009-03-16,0.008741037373343268,0.015739832358796474,0.02813609826631673,0.03889373712481709,0.04400977896140354
2009-03-17,0.008790430405047733,0.01597308645780126,0.02860115952176031,0.03946711686326769,0.04452383395000235
2009-03-18,0.008742967883458233,0.016125352833154753,0.028939002581389154,0.039702559893931524,0.043888488468376556
2009-03-19,0.008902364263566626,0.01607307135706078,0.028386103612059954,0.03863986916330428,0.043212821850497775
2009-03-20,0.008646806294301163,0.015206123294293583,0.02748837636606362,0.03784220943748067,0.04296538476097018
2009-03-23,0.008585027753815904,0.015431507268237263,0.02762161401475249,0.037950380449400606,0.042530959874899806
2009-03-24,0.008772404341847893,0.01602728163730499,0.028162022179055276,0.03858009049001539,0.04359664254455586
2009-03-25,0.0088270667999834,0.01620144140965146,0.028279949217861887,0.03858575706513083,0.04397787213891799
2009-03-26,0.008860421677643397,0.01628757926922272,0.02825986453329953,0.03840717062522006,0.04387453179709602
2009-03-27,0.008307438156415166,0.01524796341554677,0.027547427948784276,0.038028918127474665,0.042145895098528625
2009-03-30,0.007773715283131086,0.014802095913520986,0.027161134166533367,0.037880905821095115,0.04192371188353145
2009-03-31,0.00777197676738808,0.014615623742596331,0.02703400748314252,0.03773288938237143,0.04162337198339047
2009-04-01,0.007408949695613027,0.014509317214647146,0.02692093540152244,0.03773086055431805,0.042154974374951255
2009-04-02,0.008276606204214566,0.01578060231269047,0.027974748780592078,0.0384185707585372,0.04334527924334073
2009-04-03,0.00805848603378004,0.01658081243397216,0.028377784286184857,0.03867912163893695,0.043262341297037876
2009-04-06,0.007828006941132492,0.016986109652427597,0.028591458822241518,0.038755962625721875,0.04418325206470427
2009-04-07,0.007585155758162956,0.016460171201504878,0.02838491092167991,0.03880464203232817,0.044165364573187926
2009-04-08,0.007514671666320249,0.01629126451726607,0.028338449606936784,0.03887225146958488,0.04341882186547095
2009-04-09,0.007652188341560135,0.01627832149342022,0.0285067984509296,0.039327573328065635,0.04390560867877893
2009-04-14,0.007606441788769691,0.015809208741055427,0.027905157008849945,0.038781194752125374,0.04343312913900383
2009-04-15,0.00754000015571596,0.015341318588162995,0.027370084196908107,0.038352884443794096,0.043543354005805376
2009-04-16,0.008008926458595318,0.015902637585157486,0.027918729716270973,0.03879573127045311,0.04360210916021383
2009-04-17,0.00841601969883158,0.016359989041582465,0.028264779310708824,0.03907785493348017,0.043441162074858715
2009-04-20,0.00862031594767326,0.01600154346753301,0.027766695346411217,0.03856090906340741,0.04288960966722333
2009-04-21,0.00849921814988937,0.015867635870211585,0.027375725223042303,0.03797415704388628,0.04252917329480739
2009-04-22,0.008729833926334717,0.0163073106785201,0.02788432533689419,0.038344737045312,0.042927028429056914
2009-04-23,0.008342813810799718,0.016231225934323804,0.027856808548515685,0.0382428849061428,0.04246426315088314
2009-04-24,0.007969267859283823,0.015840308337874736,0.027743992197559443,0.03840339493655444,0.04246679832202329
2009-04-27,0.00782764422803543,0.01521417412151115,0.027044371849923362,0.03776320348226713,0.042227674820156824
2009-04-28,0.007587089180665426,0.015162574710589159,0.027077231300251893,0.03783956662281025,0.041894406778427776
2009-04-29,0.007336918907935351,0.015021595933046986,0.02701026840582639,0.03779720693824089,0.0415738116160978
2009-04-30,0.007403392239367141,0.01526532644007114,0.02722235656938962,0.03786677372891889,0.04117271121965078
2009-05-04,0.007461703158821902,0.015215942016568729,0.02727756785732053,0.03805852797582546,0.042268562470583394
2009-05-05,0.007440309857744739,0.01521834254344554,0.027217673957681557,0.03791741816459965,0.041983196560068034
2009-05-06,0.007209164693363889,0.014912801388379996,0.027105732443482373,0.03802110328457885,0.04217598877671255
2009-05-07,0.007295120581634726,0.015472340149599419,0.02823222814177809,0.03932353735705712,0.04363160356481493
2009-05-08,0.007145661483227327,0.014747118312693099,0.02797953000264205,0.03958715900396063,0.04417823338855961
2009-05-11,0.007184636027421452,0.014510045376298162,0.027490323672040216,0.03897989084537223,0.043560011029251326
2009-05-12,0.007312749597314585,0.01491464733810744,0.027868535483356237,0.03931087912200127,0.04381880789792222
2009-05-13,0.006726909334037574,0.01413924326048332,0.02705783133629629,0.03882582764590003,0.04412102833525214
2009-05-14,0.006757161191554879,0.014198608868890435,0.02714787297181152,0.03892283521416447,0.044176059058594584
2009-05-15,0.006785329107928491,0.01413390118889711,0.02743848845315295,0.03926557272929466,0.04391037284101869
2009-05-18,0.006644563544738305,0.013903055277485176,0.02730922520527809,0.03922472908658192,0.04398774918206419
2009-05-19,0.0073645043187497185,0.014430922720942423,0.027987044397179268,0.03988844483667091,0.0442483074562849
2009-05-20,0.00792536496492316,0.015094874681480328,0.028244588894350567,0.03982962081364394,0.0446027570694882
2009-05-21,0.00800406746685203,0.01445250561891804,0.02765770458388773,0.03940372833707392,0.044479169262355366
2009-05-22,0.007960639447073932,0.014810964728346233,0.028366234666585447,0.04036202804043595,0.04490274696994431
2009-05-25,0.008310293518897317,0.015983032714572496,0.02933911535021036,0.04096361417533801,0.045641619663717804
2009-05-26,0.008201484609662874,0.01571528780322952,0.02945213260706208,0.040731346591312716,0.04654184195902962
2009-05-27,0.008236970896658202,0.015996985559154936,0.0299578258389105,0.04128234618470557,0.046571344263099924
2009-05-28,0.008067784568512398,0.015931917917261923,0.030236395788933067,0.041757264595013215,0.04649930855167647
2009-05-29,0.007851779731767521,0.01528623404723418,0.029985427589437067,0.0417940664059023,0.04641911288575939
2009-06-01,0.007951308484847278,0.015386797633349216,0.02996100071518574,0.04198377679476244,0.04645176431673572
2009-06-02,0.007966918735047544,0.015054937318001156,0.02977200225056336,0.042038353937103326,0.046813132822900935
2009-06-03,0.008063368888749162,0.014698016033984025,0.02913321513029283,0.04115206935971526,0.04546340628623341
2009-06-04,0.008527135126836578,0.015944314741295797,0.030284170735187427,0.04200384790112963,0.04574588485685557
2009-06-05,0.008730706215264492,0.01738508440221514,0.031208242501245737,0.04232599432892606,0.04542233875471097
2009-06-08,0.008908386431402439,0.01777273254289308,0.03142823279336138,0.04199972729479749,0.045470990522070036
2009-06-09,0.00888941893011177,0.017580513883668946,0.031240984800267543,0.04172572132753563,0.045227219626950414
2009-06-10,0.008569412641985045,0.017513203899962925,0.03133557744303912,0.041915310476656774,0.045452371293396215
2009-06-11,0.008081978798995674,0.017945920532831755,0.031829083992272585,0.04254417032980259,0.04628455923654808
2009-06-12,0.007890541140263253,0.017395570172316507,0.031036230503175007,0.041669547214124594,0.04586141549927496
2009-06-15,0.008307397736040546,0.01696448217343337,0.030396721696778276,0.040955785537023816,0.046041722761407396
2009-06-16,0.008197301846034922,0.016760379938430693,0.030180725837461085,0.040908038329042926,0.04635392154565448
2009-06-17,0.007917203328103906,0.01610020471449092,0.0296437890470104,0.04061448289989711,0.04629875495521068
2009-06-18,0.0074069292731760465,0.016167226933829448,0.030112068251777178,0.04125704435852869,0.0464990786593354
2009-06-19,0.007683088443395103,0.015967052475231416,0.029970506321031886,0.04127351731479235,0.047213938863895244
2009-06-22,0.007459119403044543,0.015438859748525071,0.029277322428391886,0.04047005147965429,0.046195064044794495
2009-06-23,0.007489025617167224,0.015726694273223773,0.02944293037051022,0.04056378200318125,0.04654984977783935
2009-06-24,0.0065036314094893185,0.01491239517297123,0.028971119797311987,0.04044769454842512,0.04667230014144721
2009-06-25,0.005963665409535463,0.014437169920745375,0.02853046414768237,0.04023494660209341,0.04662796509747303
2009-06-26,0.006131701272541443,0.014270589856004214,0.028222826461011742,0.039912646492260014,0.046129915962984845
2009-06-29,0.006625702533786426,0.01469789012153666,0.028175904131640016,0.03958319401312321,0.04591408488661369
2009-06-30,0.006151163892622405,0.015013039526172911,0.02853217459135916,0.039874637427657456,0.04556976191997655
2009-07-01,0.0064238870284049135,0.014681709489277366,0.02838181998175193,0.03980366119481394,0.04552186465633353
2009-07-02,0.0057387927728379485,0.013655778403701522,0.02763911973138653,0.03931290315264521,0.04521530512011394
2009-07-03,0.00570787789584892,0.013617039220219096,0.027609540561162323,0.03941101735245802,0.04423210158462286
2009-07-06,0.005659942656511327,0.013363164941692086,0.027337478377658743,0.039088694361688665,0.04373854701883092
2009-07-07,0.005520051235594777,0.013428103978465477,0.02739976024720836,0.03911598284950086,0.04399447129209178
2009-07-08,0.005090519571918228,0.013436997452714703,0.027423413939537813,0.0392083302653164,0.04395716321125037
2009-07-09,0.004976783066968974,0.013688330187038184,0.027559249030757328,0.03920861117318807,0.04374920151074491
2009-07-10,0.00480747063915436,0.013411432039579143,0.027078949760354826,0.03875500936767897,0.04376857527211235
2009-07-13,0.004883621461848912,0.01340281099463149,0.02693343687823008,0.03861601354305342,0.04214485762955429
2009-07-14,0.004951008262687629,0.013874131749374508,0.027551917590290978,0.03912519098559732,0.042154071193543655
2009-07-15,0.004774004422711331,0.014206733901882629,0.02776381058815677,0.0393388124667368,0.0425739621057499
2009-07-16,0.004432880889293143,0.013783576210894006,0.027563615751007374,0.039319404549308955,0.04258921637910575
2009-07-17,0.004270986451706244,0.01405230524334801,0.027816152910465627,0.03964907469671937,0.04325862974233947
2009-07-20,0.004524029902558082,0.01459213765132839,0.02817383527153379,0.03980104921207688,0.043975939742302066
2009-07-21,0.004477066937794311,0.01438687299995582,0.027917852687674743,0.03957769431776872,0.04405547378093694
2009-07-22,0.004440321512286768,0.014231716605962761,0.02757775711254982,0.03922155224535585,0.0440227857504218
2009-07-23,0.004433121609679554,0.014202438514647427,0.027504045295953343,0.03915917400860409,0.04409285363361712
2009-07-24,0.0046208799178649165,0.014619220083249404,0.027884406707587267,0.039356243470963455,0.043972596350168904
2009-07-27,0.004719888078974145,0.01528893199754634,0.02835597146816653,0.03958111914387679,0.04458423403576828
2009-07-28,0.004931411801012187,0.01488340724044407,0.027866134872883367,0.03898085990454453,0.0439219245499749
2009-07-29,0.004812122771667501,0.01478346160752584,0.027590442350448968,0.03857846391239153,0.043453575039804536
2009-07-30,0.004761897781465588,0.014857382345088146,0.02755145689232933,0.038356322985069996,0.04305986237451242
2009-07-31,0.004854018360305465,0.01433445621490206,0.02683287889627211,0.03741084167087466,0.04184423196420572
2009-08-03,0.004806916315958796,0.01472924785870817,0.02708434061977264,0.03760159055652519,0.042004911767594535
2009-08-04,0.005031167878414111,0.01507536574075064,0.02728560451351466,0.03758323745081017,0.04194751856409978
2009-08-05,0.005035863948371953,0.01580300239292347,0.02778755910900718,0.03781579977084713,0.041494276166754725
2009-08-06,0.005056537172402542,0.016132765618758187,0.02804401054684307,0.03785892233982776,0.04152883987986198
2009-08-07,0.00505255988376329,0.016875887089724623,0.028753751221990517,0.03840013742081463,0.042168762938416766
2009-08-10,0.005041546322849623,0.0168159942209628,0.028704691994308626,0.03838089440158254,0.0422490179435295
2009-08-11,0.004538705587818221,0.0158896177179349,0.02819710950261431,0.03779801750232501,0.04325911262726099
2009-08-12,0.004501822604721843,0.01587207892409719,0.02847495095866512,0.0381892610758274,0.043538440615867355
2009-08-13,0.00425894084182476,0.015306380108066177,0.027990991803052406,0.03784401056929207,0.0434197069721624
2009-08-14,0.004084417984733814,0.014737668982240236,0.027307899012853024,0.03729440331081691,0.04312089108225348
2009-08-17,0.004104028607401052,0.014650171434826472,0.02708153550534593,0.03696895544181617,0.04265248020649081
2009-08-18,0.004106593189866305,0.014780112601016264,0.027120977666265665,0.03697026966195504,0.04263791292090558
2009-08-19,0.004105815995010029,0.014459836933574076,0.026814479270807868,0.036650532019921606,0.042226632001521366
2009-08-20,0.0042761710289647295,0.014536587021940167,0.02675526772709512,0.03672184777834667,0.041892988917157384
2009-08-21,0.004715061047980893,0.015220808640776365,0.027201282594648445,0.03675452217078471,0.04217857658191016
2009-08-24,0.004542236495387733,0.015271615557703786,0.02734433310290547,0.03696756750029635,0.04235272977401677
2009-08-25,0.004331168690385621,0.014830975643274746,0.02693300257525755,0.03678970443702225,0.0424778635063676
2009-08-26,0.004468103107099046,0.014621592851848626,0.026603925094063258,0.03636412396266176,0.042243918990105704
2009-08-27,0.0043175183387220255,0.014619758089704886,0.026571692736043526,0.03633246084580071,0.0422349256040023
2009-08-28,0.004212163781604335,0.014672902758436366,0.026775495193013234,0.036649733349850576,0.04262407664006241
2009-08-31,0.004359631395502628,0.014593973277661633,0.02689294661712946,0.036798171216932275,0.042595557852506995
2009-09-01,0.004147834397011182,0.014366019138332903,0.026944861196742206,0.037144212617872284,0.04269735434989661
2009-09-02,0.004075884456463584,0.014097905763239804,0.026619243948122092,0.03696214975597891,0.042697949921270295
2009-09-03,0.0038839317437354944,0.01375544787974698,0.026764053719450353,0.03741767658733902,0.043334626783499246
2009-09-04,0.003911460200821587,0.0134395029541113,0.026415649901450622,0.037005026159103685,0.042740711629133996
2009-09-07,0.0037614534460516658,0.013130837179007171,0.02637216038252041,0.03720371917648688,0.04329131187611599
2009-09-08,0.003793606411652651,0.013153150787958501,0.02660352429174841,0.03756648299525641,0.043692154749087136
2009-09-09,0.003892831834116615,0.013420573325595833,0.0269032231410686,0.03803113553162058,0.04459025004795613
2009-09-10,0.003819176542652262,0.01279506004080969,0.02618732113081814,0.03746574433355524,0.044155283467664265
2009-09-11,0.003896825654595491,0.012695627430619057,0.02600690499269699,0.03714144478296842,0.04356504266717311
2009-09-14,0.003970683743336052,0.012918810083890744,0.02599513368139023,0.03690117199034759,0.04303524886478625
2009-09-15,0.0039813203204024875,0.013221317260644027,0.026258722787436087,0.03715691079384845,0.04329419712213686
2009-09-16,0.004143901151068582,0.013429292868035281,0.026588058449322167,0.03753178107980823,0.04360163569339755
2009-09-17,0.004433797380297871,0.013784636283787746,0.026925774402125083,0.03777809086786057,0.04360001939986837
2009-09-18,0.00450113613705741,0.013790958739777719,0.026797873471902718,0.03766249532374602,0.044179850496639944
2009-09-21,0.004274958773125121,0.01342107014685317,0.026611203460131176,0.037778305114569935,0.044625219173831436
2009-09-22,0.004035294876670042,0.013449023123051528,0.026647873380266612,0.037769432287624874,0.044467220543993324
2009-09-23,0.004193301120830709,0.013472187923290777,0.026810298195577183,0.0377844346385904,0.04412343004406811
2009-09-24,0.004077508177299367,0.012951694845907906,0.02620522277228988,0.03732819745576869,0.04411597953517117
2009-09-25,0.004028748049798797,0.013062689208001894,0.025897422661491597,0.03669280251805987,0.0429064397730461
2009-09-28,0.003975140579828118,0.01295176763728168,0.02575276225809905,0.036469087793846194,0.042272554144628965
2009-09-29,0.003971026660496329,0.013283700723173053,0.025996351116136438,0.03659158238213544,0.04211892795116978
2009-09-30,0.0040727656687225364,0.013271789362654805,0.025892849583070605,0.036351065649453215,0.04164182443797612
2009-10-01,0.00419184966870567,0.013414905311952583,0.02609514789829261,0.03668979896800651,0.04229236009437118
2009-10-02,0.004268726927420809,0.01299261015683344,0.025320240563121443,0.03616801915608628,0.04114248767711305
2009-10-05,0.004299815263822714,0.012977208089657253,0.02530144501445386,0.03611124612727662,0.04096225653081529
2009-10-06,0.004355342031040259,0.013230169524476379,0.02556522305283846,0.03639848035163353,0.04107202760488107
2009-10-07,0.004472031035668377,0.013281674655378743,0.02537338793189329,0.03614735201371886,0.04056747658953283
2009-10-08,0.004354419018795599,0.01317371753704968,0.025106419475832465,0.03588961186861763,0.040652784835653544
2009-10-09,0.004837495891512002,0.014492140152469605,0.02614383893349709,0.0366379533851269,0.04137167925517283
2009-10-12,0.004776274983623726,0.014208696000621256,0.025996126592748456,0.036585706353096444,0.04142333524603152
2009-10-13,0.004549523601380973,0.013772927397920146,0.025714294315323145,0.03652266583828877,0.04132875326718674
2009-10-14,0.004729350506104119,0.014077834608762625,0.026092827760984826,0.036964638811349725,0.04184545367465344
2009-10-15,0.00481397318673688,0.014610978164139067,0.026804802983587128,0.03771301758380611,0.04228757621109651
2009-10-16,0.00490611987809352,0.0148958809991226,0.026827298685168973,0.03751247185029357,0.04240324767857782
2009-10-19,0.004741344376029396,0.014871722342636036,0.026721504813002884,0.03744736977661678,0.04256118250639834
2009-10-20,0.004681773083045632,0.014532321208987802,0.026177330134147966,0.03690474458631648,0.04214162030824903
2009-10-21,0.004691415694157544,0.014746760611662944,0.02647579018473841,0.03730954533769561,0.043238117271195045
2009-10-22,0.004669756800302869,0.014668222906405778,0.02633339252826961,0.03709833045617227,0.042996316796044674
2009-10-23,0.004720559947571587,0.014922349107499336,0.0267761892506808,0.03763148242885418,0.04348502976426952
2009-10-26,0.004673475869968352,0.014851617132709377,0.026904183963935416,0.03786027677572226,0.043781128391798624
2009-10-27,0.004688663362307674,0.014063472554118647,0.02604277691667634,0.036988011934104746,0.04315799958908161
2009-10-28,0.004655710654049617,0.013875101421851438,0.025795382564432853,0.03665930218663337,0.04277335042940185
2009-10-29,0.004933045905615754,0.014652750785157528,0.02654181699774293,0.03723312947401081,0.04298814149381722
2009-10-30,0.004988518130501473,0.014290947232588861,0.02613527642055216,0.03678017975479511,0.04244548932104092
2009-11-02,0.00483063122298374,0.01409240832609135,0.025807296932061945,0.03657381416507169,0.04254227646292523
2009-11-03,0.004697877310394374,0.013854257823187737,0.02568147514228893,0.0366234105048919,0.04273821922389125
2009-11-04,0.004813718093051655,0.01427345221245402,0.026243786388708345,0.03719846829470053,0.04330424762298352
2009-11-05,0.004699470259879051,0.014317132591021155,0.026495795112839882,0.03753380703844397,0.043505443584208166
2009-11-06,0.004626804283174809,0.014325140293953896,0.026625131358038595,0.03767095196082722,0.0436819255862017
2009-11-09,0.004590700769517156,0.013677666547538516,0.025996639435101564,0.037177790179145326,0.04340853398704004
2009-11-10,0.004526890123497554,0.013561483782203669,0.025681942305256507,0.03676969353308825,0.04293688963648134
2009-11-11,0.004594877176647673,0.01361653045783459,0.0258609440897333,0.03696237434881875,0.04293047010245678
2009-11-12,0.004631123598116507,0.01360397405540589,0.026010156921116676,0.03716351270120757,0.042994115684042135
2009-11-13,0.004531579353057777,0.013367088642856684,0.025844872969570654,0.037085072147348484,0.042791985224029105
2009-11-16,0.004725238630152087,0.013343754365786008,0.025854707906153063,0.03704150496649405,0.04274744541897909
2009-11-17,0.004639236469266786,0.013360483494651652,0.02563620576720615,0.036707623749987574,0.042115446511252756
2009-11-18,0.004694431394663941,0.01333996897725509,0.02570161436165024,0.03674705447340204,0.041886525483661556
2009-11-19,0.00467958867375804,0.013111087761783895,0.025513103370082342,0.03656789903514798,0.04154043134962517
2009-11-20,0.004748227542564729,0.013709606903591316,0.025951046321386704,0.03682754547722937,0.04176692240029801
2009-11-23,0.0047677426281996435,0.01395271798043403,0.026016248464648832,0.03683755004734784,0.04187820719512155
2009-11-24,0.004591840506743287,0.013668183059623624,0.025554967084868246,0.03650839267634091,0.04197465757462896
2009-11-25,0.004705955288512115,0.014067896999614289,0.025676082693389782,0.03645921697106776,0.042334567540356485
2009-11-26,0.00442215806712783,0.01321875596051452,0.02487712843283045,0.03592797700536327,0.042208520818449814
2009-11-27,0.0042862181166853355,0.013228206318334237,0.02498801326972206,0.036065028059940954,0.04219869058788131
2009-11-30,0.004435386044319729,0.013374993162706256,0.024868137721618333,0.03569884678878448,0.04176606744932092
2009-12-01,0.00430889167602246,0.01316743032242481,0.024598534344421913,0.0355157371536101,0.04185866849318887
2009-12-02,0.004260714939817028,0.013197586956992196,0.024693690621797743,0.03565804039439541,0.0419962981123108
2009-12-03,0.004024269606612359,0.013575085104229011,0.025094829763840226,0.035891461379394446,0.04211056448417065
2009-12-04,0.003905500485291335,0.014124156131596493,0.025685143350501823,0.03639135213821089,0.04233975426431213
2009-12-07,0.0039053680915992323,0.013786610228615173,0.025132895622322,0.03573698557730706,0.04189003420571049
2009-12-08,0.003676411563977335,0.012898870606899936,0.024491443996165697,0.03546891302264338,0.04137380783869955
2009-12-09,0.003839729910185371,0.01298267096626427,0.024706461730046238,0.03571605206064339,0.04148779033594577
2009-12-10,0.0038782151849310847,0.01324203864234751,0.02493593418746665,0.03602145501299,0.042051010933271675
2009-12-11,0.0037963957500518957,0.013557445176646303,0.025262217871577418,0.0363999258983887,0.04252136724622517
2009-12-14,0.0037299320992340568,0.0133036183123142,0.02497206720165808,0.03612356025784793,0.042337542905024436
2009-12-15,0.003918405129867678,0.013364150207378031,0.025108850162421353,0.03627970032750789,0.042164018824203536
2009-12-16,0.003845347765183433,0.013048383656879612,0.024890704563216518,0.03605254485785152,0.042058813784418406
2009-12-17,0.003711692363630103,0.012428618641135305,0.02435008631595204,0.03556337964806819,0.04136493916189508
2009-12-18,0.003731624829387251,0.012468432332039044,0.024475898499038962,0.03562126441917565,0.04098102470222576
2009-12-21,0.0036008739072609856,0.012549047093148705,0.0248383741576145,0.035967680724126365,0.042209432658188044
2009-12-22,0.003606221121283626,0.01268600879352255,0.025155176458755785,0.036490483725935295,0.04282234792553438
2009-12-23,0.003566668582661808,0.012710843393532985,0.025333326607252703,0.036783522536396475,0.04317557390459472
2009-12-24,0.003768714934803903,0.01270305564451749,0.02539013074238123,0.03680472473191892,0.043128470917361286
2009-12-28,0.003681089975705671,0.013200331671718897,0.025848444509285484,0.03717576416304879,0.0434963121600415
2009-12-29,0.0035334588961117358,0.013616959090002679,0.026122234673655608,0.037379541790628516,0.04361511800021578
2009-12-30,0.003694070718446391,0.01382050737780384,0.026364620842559094,0.03759164748094519,0.04368013564908759
2009-12-31,0.0038229365275682494,0.013788289608893545,0.026367623472168252,0.03759529384833627,0.04367473893120246
2010-01-04,0.0037638822048367683,0.01445750382301465,0.02682613243633482,0.03768964512093833,0.04372019010357739
2010-01-05,0.003596836951993152,0.014086188706949705,0.026514308822765963,0.03743664026352557,0.04370924894759879
2010-01-06,0.003442022319953197,0.014020826371085936,0.02660898911292678,0.03765514729282822,0.044031093317940265
2010-01-07,0.0033432363519199882,0.013828672715324446,0.026377188938295226,0.03729893304684448,0.043580888522552944
2010-01-08,0.003206994192000791,0.013502976089013461,0.026111232572330348,0.03716696718170182,0.043253169432882925
2010-01-11,0.00317126602683727,0.013188378222776907,0.025824063374447457,0.03692294432948031,0.04340990123499769
2010-01-12,0.003100085388341562,0.01312689384042881,0.025627136016823225,0.0367095642971694,0.04311667972228252
2010-01-13,0.0030706971948745382,0.013155748721799955,0.025670107152587628,0.036836236813211694,0.04346149735970907
2010-01-14,0.003224792075611797,0.013037890365896556,0.025604074007043995,0.03701897720014316,0.04235131233586154
2010-01-15,0.0029987229096771987,0.012610600957648937,0.025233247466638364,0.03669548726860219,0.04193149113878428
2010-01-18,0.00314808920805621,0.012822567716342841,0.025261130128477652,0.036527357959415634,0.04188540567310868
2010-01-19,0.00302345193978362,0.013053951578297229,0.025503684155698148,0.03683727393840197,0.04196918425620286
2010-01-20,0.00288213052317179,0.012791481637695603,0.02500465884006509,0.03649621787579776,0.04230803929766498
2010-01-21,0.002984050214314921,0.012800295741924848,0.02498974984547806,0.03664270153340595,0.041896301641386934
2010-01-22,0.0026381197623443096,0.012150696633421465,0.024549467012534396,0.036517281707216256,0.041053726707629454
2010-01-25,0.002888219965515558,0.012399394876104064,0.02471452833532485,0.0364431519119195,0.04113431591706198
2010-01-26,0.002755576846702294,0.01231758815468551,0.024488422398641352,0.03626209423924806,0.04096837247846982
2010-01-27,0.002816479822519577,0.012358262873115429,0.024374679265949172,0.03599463195586871,0.04052835037848471
2010-01-28,0.002762922216287725,0.012475131330929413,0.024560086688114047,0.03623067525471054,0.04028198767686219
2010-01-29,0.002805773786025171,0.01247835725828413,0.024798380862917937,0.036630429925343926,0.0399534682279499
2010-02-01,0.002933879369239753,0.012589080176881175,0.02447325753055535,0.03594381758820893,0.04030129422330344
2010-02-02,0.003026647368434412,0.012895384474444166,0.024722977935530892,0.035941443246598065,0.04031688594730289
2010-02-03,0.003282437247104861,0.013031671302327543,0.024809611421912948,0.036027835104311505,0.04120204128446323
2010-02-04,0.0035994983008056543,0.01288193751553741,0.02466984311050529,0.0356955369889806,0.04084630437235092
2010-02-05,0.0033791755231958797,0.012458527285907994,0.02422773719823168,0.03531149486149904,0.04005944100290487
2010-02-08,0.003249119197722024,0.011974330166820847,0.024115142472993047,0.035424050759693515,0.039263281046821134
2010-02-09,0.003255221522528464,0.012009196849373755,0.024142560573763547,0.03556734275721149,0.03994009002862093
2010-02-10,0.003272444791035094,0.0119849564807719,0.024136605678578844,0.03562545556403041,0.040213812383314416
2010-02-11,0.003310273084012436,0.012285035299632041,0.024361932575194607,0.035793981043124104,0.04027683357482223
2010-02-12,0.0032144657106005147,0.01181848244099982,0.024119558808441167,0.03570656770073944,0.040434693829705465
2010-02-15,0.003377425626220858,0.011799983832022545,0.024299126647313863,0.03585059185385989,0.04066977319001767
2010-02-16,0.003126652362223441,0.01187939206656123,0.024161183511857982,0.03582726527269677,0.04075351842764837
2010-02-17,0.0032735545773271302,0.011448343005897709,0.024026200543264334,0.03581546880014669,0.04049588243732703
2010-02-18,0.0031803429917475266,0.011455584130613993,0.02405030841763821,0.035994022755730715,0.040892733971093886
2010-02-19,0.0030279905881683672,0.011807974159447813,0.02439762388434448,0.036378448831691966,0.04077937951940424
2010-02-22,0.003022294468048636,0.011754675039377396,0.024461206691088505,0.03644548234074773,0.04067343170651681
2010-02-23,0.003073887575384277,0.010803152247317543,0.023438645726555407,0.035560633815160274,0.04004526992527569
2010-02-24,0.0029173115262031107,0.010949768212197272,0.023441721274282564,0.03523808395512991,0.039606379834728596
2010-02-25,0.003028970643607055,0.010458154460215504,0.02306440014981208,0.03503209763046967,0.03961536756475839
2010-02-26,0.002960373080065026,0.010247537961082038,0.022888159720141875,0.03487951488602823,0.03940828642939727
2010-03-01,0.0029930465184871843,0.010430014068847655,0.022887163386249285,0.03496082444596948,0.03956537738979026
2010-03-02,0.00302094551394124,0.010294662496046152,0.02280862311685139,0.03494549271836881,0.03961075034732034
2010-03-03,0.0029080405516038223,0.010719478852649409,0.023205516871673798,0.03529489130634636,0.04002350879265862
2010-03-04,0.0029517011110495477,0.010586258275643589,0.02307262670331485,0.03519362516302563,0.03999537785803089
2010-03-05,0.0028348357832820806,0.010852605495858616,0.023399837040256978,0.035428683633696584,0.04008589279082545
2010-03-08,0.002926114286466602,0.010730176516175671,0.02335794192207942,0.03540439896953217,0.04008338388663911
2010-03-09,0.002894211225488261,0.010511781795409956,0.022925535570782543,0.03499186590633005,0.04018166341845858
2010-03-10,0.0028605940850057487,0.010765120803052957,0.023212684396888665,0.035222884179680766,0.04022779149723019
2010-03-11,0.00291237663055556,0.011040372075033137,0.023384412043393123,0.03531555958830724,0.04031412587667424
2010-03-12,0.00289837973911925,0.011412232337883852,0.02373004770989343,0.035606726340969085,0.04025548172658813
2010-03-15,0.002906456393111748,0.011189829254640283,0.02340702631821334,0.03519990622604632,0.04004315353040771
2010-03-16,0.0029500280913812623,0.011076894633670082,0.023237348945337542,0.03505543687370656,0.03996392594194207
2010-03-17,0.003110137320668538,0.010407365910074842,0.02268777044190533,0.03476980435185097,0.03974728345698177
2010-03-18,0.003041698351417767,0.010729607570144531,0.022950411381075245,0.03495363251761503,0.03997812879857356
2010-03-19,0.0030730511972751067,0.010848673333447864,0.023077152352936513,0.03499451737273743,0.040073738530065024
2010-03-22,0.003059102953198436,0.010704570678156411,0.022827773525036493,0.03463928494938633,0.039632049788055415
2010-03-23,0.003064021648628411,0.010474185047586656,0.022618618210192173,0.034428934558490554,0.03934501822487448
2010-03-24,0.003030922191090764,0.010693782015384594,0.02292332469244307,0.03474561353909679,0.03929224661737731
2010-03-25,0.003073861610778066,0.010682095933896187,0.023116707653006423,0.035014468872708385,0.03936552559940464
2010-03-26,0.003067150134239141,0.010859947599848532,0.023398443858538075,0.035335273305337894,0.039496506318406344
2010-03-29,0.0030595233859322542,0.010618389307835463,0.023017211876108584,0.03495470140906055,0.03924930552056261
2010-03-30,0.0030950818967516404,0.01072229148495592,0.02314209045296808,0.03509152404784366,0.03920326988932734
2010-03-31,0.003331214593979942,0.010522053463786549,0.02275743204411048,0.03462696597710875,0.038725525938699164
2010-04-01,0.003536793634787972,0.010600457367244298,0.022883760954315456,0.03477214355897218,0.03841487502088604
2010-04-06,0.0034439283244416907,0.010779342318612512,0.023210130867933613,0.03506911430116017,0.04002955775282982
2010-04-07,0.003266799676032947,0.010647264178683936,0.023052708697494338,0.03489864602432649,0.03987026994708649
2010-04-08,0.003391432028711495,0.010341264639625392,0.02282588125085115,0.034800145958330815,0.039847412593270126
2010-04-09,0.0033372359644486538,0.010896856812721449,0.023356958338661995,0.03526909109361464,0.04039867440073139
2010-04-12,0.0033332286089969698,0.011060533487335733,0.023388325066254535,0.03523134300345329,0.04051424527679116
2010-04-13,0.003453215769758712,0.010674425222747731,0.022913587357592996,0.03502078462751066,0.04030471129945587
2010-04-14,0.003240855749265215,0.010609273578366812,0.022914759876270632,0.03505544810884359,0.040407976812874995
2010-04-15,0.0033804181293221954,0.01056532073355336,0.02291280715965095,0.0351469836042658,0.04054917009744341
2010-04-16,0.00340955062348666,0.010177646340501929,0.022589650306135432,0.03479743930265641,0.040761704842659806
2010-04-19,0.003249931583710985,0.01000345663520423,0.022310577354134158,0.03475499552291652,0.04020568011066938
2010-04-20,0.0032261153953711905,0.010281759171237796,0.022439839577733826,0.034757686414569146,0.04044124420691996
2010-04-21,0.003191903435030464,0.010299177073214856,0.022358981516547125,0.03466689959974371,0.04061277914780217
2010-04-22,0.002933273581707811,0.010583355569179696,0.02224103975843023,0.03426440907160579,0.03969788435612818
2010-04-23,0.003033194353836049,0.010590752616289325,0.02242454928174853,0.03463312873059219,0.039844206305610974
2010-04-26,0.0029791858420313063,0.010942932722671687,0.022487521684549504,0.03422589286457677,0.03977044317499881
2010-04-27,0.002784810344094967,0.010818434706876778,0.02260952082026563,0.03436979055881711,0.039000380567022284
2010-04-28,0.002472294088159967,0.010839866339333492,0.02261380525094117,0.0340932704241194,0.03852575733250231
2010-04-29,0.002890488664439072,0.01065499328479545,0.022417372289081028,0.03429632382168071,0.03896335068660604
2010-04-30,0.0032192685118781527,0.010114874126529526,0.021815322556769306,0.03396531659027999,0.03841422444670676
2010-05-03,0.003231953826138155,0.010202138921398358,0.021996313500339003,0.03413187474001761,0.04112979829495431
2010-05-04,0.002921187493599377,0.009822672871531489,0.021431945043492398,0.033408767526377496,0.040381657595945246
2010-05-05,0.002423902263914323,0.008623749489737376,0.020123904048779142,0.03262176040147996,0.0393890810950141
2010-05-06,0.0028004018643465463,0.008017168710298794,0.019984200397991404,0.03305172750662161,0.039937026188220225
2010-05-07,0.002820063372156788,0.0074112375787612405,0.019226179762863855,0.03273198801324482,0.0395700699322343
2010-05-10,0.002657201153000337,0.008173862124323876,0.020239520846642,0.033781668364474396,0.041319726280228695
2010-05-11,0.002731768461048585,0.00826316461079752,0.02022053334592411,0.03349942292063265,0.04180554480149413
2010-05-12,0.002614628958455425,0.008146509675595959,0.02049809460604952,0.03353292829027859,0.04251747500615984
2010-05-13,0.0026197605268383677,0.008149994325246702,0.020161575036995446,0.03330325344289461,0.04188980827123274
2010-05-14,0.0026618928451321473,0.007585432710872233,0.01942389837374628,0.03257722430267978,0.04082797142936965
2010-05-17,0.0023862213028368277,0.008190142702286024,0.020048815067671182,0.032802959573968726,0.04123174153537522
2010-05-18,0.0026453877027228213,0.00875249385811702,0.019441773591266694,0.03212425989610163,0.04003395610461705
2010-05-19,0.0025130154214456977,0.008605219815022913,0.0193882454248579,0.03184363586399559,0.03975631447576731
2010-05-20,0.002843499186319742,0.008235275826881881,0.018534456774124464,0.03090359284221961,0.03895850510474949
2010-05-21,0.002413790801252062,0.008329076688256706,0.018666732680333233,0.03058975295550954,0.03828877725297489
2010-05-24,0.002258758697331263,0.008265452252062986,0.018549459372284523,0.030381255161958845,0.03830453960333598
2010-05-25,0.002374627050017672,0.008379967703195127,0.018307600255834718,0.029732189752073965,0.03805895664831891
2010-05-26,0.002628210701427278,0.008939709252638386,0.01901823851012004,0.030453144845703477,0.0389572266907371
2010-05-27,0.002443139039438256,0.009339568432679387,0.019582426255750227,0.030758757874207662,0.03930126204282714
2010-05-28,0.002080807645451208,0.0057749761980120514,0.01775680183598548,0.030263884455078945,0.03678096865583944
2010-05-31,0.002126547678550011,0.005660740246458493,0.017495488397457216,0.029953051025877926,0.03645731764542433
2010-06-01,0.0021235545172570767,0.005609460536667173,0.01747459321425306,0.029861379937122633,0.03614233515110653
2010-06-02,0.0020074654735096507,0.005690801835975128,0.01753495799869793,0.030139768782904797,0.03588401470297693
2010-06-03,0.001945085291172844,0.006017866605945734,0.01816352531571336,0.03097095542541138,0.0367604629472148
2010-06-04,0.0019727016294547282,0.005804960317777108,0.017820517340683163,0.03063379114006467,0.03636358733817521
2010-06-07,0.00189373639631214,0.005908007123652736,0.018174612049698943,0.03115851961163877,0.03599490461322686
2010-06-08,0.001838645556368166,0.005796932975005862,0.018034467763909885,0.03096379554249233,0.0356722016539172
2010-06-09,0.001975223337588948,0.005626673356248979,0.017745271104279904,0.030817233630546073,0.035763018566011884
2010-06-10,0.001920101574615565,0.005802606875744245,0.01802461193601696,0.031040035377402093,0.035937887240308525
2010-06-11,0.0021407863873789557,0.00545571693895941,0.017675252079746014,0.030628745161300465,0.03602274129714256
2010-06-14,0.002183663255948776,0.005700470138303131,0.01787969252277991,0.030783966252759462,0.03625842588837215
2010-06-15,0.002138886394632415,0.006048937441916222,0.01828263528653028,0.03116275569828656,0.03676716545515474
2010-06-16,0.002350868203488053,0.00595264691148858,0.0181954103335205,0.031115573173347327,0.03653084726699397
2010-06-17,0.00220785878178317,0.006177452932034288,0.018382347277355465,0.031184265950525168,0.03679142063914788
2010-06-18,0.002258516551687452,0.006567241044581649,0.01876303673515097,0.031406864555314544,0.03699141016996048
2010-06-21,0.002527484163629723,0.007003969353219283,0.019024938135647308,0.03154394247163825,0.0373121037657454
2010-06-22,0.002552730201280214,0.006881577636941772,0.01878569985632771,0.031155962739077538,0.03669468626186221
2010-06-23,0.002516057947076864,0.006941932170339511,0.018527688162524245,0.030943718731801528,0.03646953104390871
2010-06-24,0.002717907962947315,0.006587237519966562,0.018007436425397042,0.030663557345625245,0.03641552581689336
2010-06-25,0.0027847603321206273,0.0068905792111371555,0.018212674692605114,0.03083002267889305,0.036240281938115695
2010-06-28,0.003051673465093284,0.006910238738456693,0.018126533480660307,0.03061272594070815,0.035671432829303046
2010-06-29,0.002940476434813651,0.006545374802051667,0.017660546316200766,0.030178260282122973,0.035241621192366776
2010-06-30,0.003429560695147924,0.006931339475492421,0.017927053744539043,0.030252571441338066,0.0350393193192306
2010-07-01,0.003939761862930659,0.007272795680542454,0.017935946966160368,0.030103281003698946,0.035029338049817456
2010-07-02,0.0038222987196514843,0.00726503118335402,0.01783536595175417,0.030016972736718838,0.03528966288012402
2010-07-05,0.003830359595379773,0.006892848187245067,0.017284271716674647,0.02948422457088925,0.034763812275176845
2010-07-06,0.003887986160571183,0.007264110406789157,0.017714044391080316,0.02987056639889357,0.03523807369152066
2010-07-07,0.004035486056987143,0.007076872105954381,0.017565390714612543,0.02981678166169317,0.03492299530962699
2010-07-08,0.004675942963581698,0.007747291998088117,0.018000286860659482,0.03001709409116132,0.03515897800209588
2010-07-09,0.004564484902745426,0.008006564898064337,0.01808031799949131,0.029776730043353825,0.03503210202849893
2010-07-12,0.00397578381054777,0.007611721351590836,0.017648017651968436,0.029527148752135243,0.03417894643624295
2010-07-13,0.003933143778286614,0.007662556534490174,0.017739070606986377,0.029670910326145387,0.03446936230147468
2010-07-14,0.004074541392303732,0.008180246701319914,0.018120306877260933,0.02966473379742629,0.03441602249819674
2010-07-15,0.004193770336556693,0.00846244907235477,0.018549695815040682,0.030159958974222304,0.0348734414628712
2010-07-16,0.004523499665854678,0.008365375803303128,0.01827304717107629,0.029876360969004513,0.03447119353776511
2010-07-19,0.004999777231464481,0.008918873497899446,0.018703610984983132,0.030120573813746013,0.03477153767167647
2010-07-20,0.0047541314991813525,0.008424413777234694,0.018437628411062373,0.029879881323736722,0.035135865206812375
2010-07-21,0.00466560785364157,0.00802895474075818,0.018227607534956076,0.029960509395240822,0.03507324808848235
2010-07-22,0.004714731388433013,0.00790024387302888,0.018364738676386844,0.030291149876899813,0.03508440515608036
2010-07-23,0.005048583090239467,0.008082109123099252,0.01867743624846681,0.030264266827240486,0.035803061896744
2010-07-26,0.004739755241753077,0.008589280429305566,0.0191577079412686,0.03055137438980106,0.03646924186122573
2010-07-27,0.004631317259993108,0.009293910477012873,0.019633872867880476,0.030795220314542925,0.03643033870945686
2010-07-28,0.0046021411791352315,0.008984183266140255,0.0192379635487346,0.030561103346999522,0.036438740485435134
2010-07-29,0.004464529213356629,0.009052170980767228,0.019242371009385514,0.030467052143478474,0.0365576112572393
2010-07-30,0.004513270967845589,0.008718460158303822,0.0188177408161615,0.0300849056522295,0.03598882483604777
2010-08-02,0.004487740876665451,0.008920488239601095,0.019167816799116878,0.030417234676773063,0.036201230118610664
2010-08-03,0.004679272036722366,0.00816502405017686,0.018140745968664745,0.02959832924163781,0.03538231721776996
2010-08-04,0.004751725009958666,0.00816198168857514,0.018015426526355675,0.02932113986917623,0.034977668177211464
2010-08-05,0.0048743084942761625,0.008232689495354306,0.017822997972546335,0.028912919567381776,0.03465128298804556
2010-08-06,0.0049741676774894775,0.008255562108902437,0.017518936285794384,0.02840478916987592,0.034375008582739314
2010-08-09,0.004870938896835329,0.007989643361021372,0.017274356917914614,0.028318136872877996,0.03438990000737167
2010-08-10,0.004748744524753156,0.007921923376357269,0.017383174810066366,0.0286560386283937,0.034847650326906586
2010-08-11,0.004587054113221405,0.007055474055572985,0.01632966162516221,0.027820411899832583,0.03399821362537919
2010-08-12,0.004239173216258803,0.006808865902311802,0.01618130397018766,0.02765534065986313,0.03371515226430867
2010-08-13,0.004284452363166405,0.00680176235984082,0.016168003787716167,0.027700845782457753,0.03385949516336076
2010-08-16,0.004277449614102694,0.0066183833565009184,0.015789169550017634,0.02696130364064467,0.03258346535684089
2010-08-17,0.004268371287111002,0.0068622560888182745,0.016181022409903146,0.027139009953184978,0.032227430393487105
2010-08-18,0.004355603266081583,0.006650712172844644,0.015699031147579635,0.02661282357664877,0.03187317596139457
2010-08-19,0.004424692379222043,0.006629964114659243,0.015613742556277278,0.026585367342559472,0.03201804552416828
2010-08-20,0.00401954530240027,0.006351193303345753,0.015462364190861146,0.026240314645354895,0.03115663103151488
2010-08-23,0.003999566126437584,0.006424503742430945,0.015563223402389071,0.026295569496165988,0.03116180370389091
2010-08-24,0.004141064080746607,0.005816196474586918,0.014531620039653897,0.025199692534793972,0.029866485659114428
2010-08-25,0.004108420609665511,0.006074341108383785,0.014749601334532292,0.024706770145111606,0.02903451589796295
2010-08-26,0.0040506731322048775,0.006311078119585909,0.014970685280345779,0.02502184989057412,0.028253355631227127
2010-08-27,0.004130499701224544,0.006368475375822524,0.014913797224557459,0.024748649662958352,0.02775781767837934
2010-08-30,0.004214087323075243,0.006167223353350599,0.01476917655777521,0.024952627341936835,0.028257914143898402
2010-08-31,0.004294061213835961,0.006238669481373098,0.014714740968779899,0.024777986028337723,0.028118170660443927
2010-09-01,0.004112394731661565,0.006478878017547553,0.015445826893936681,0.025591800868303437,0.02969907816337676
2010-09-02,0.004080195680704296,0.006437164800549824,0.015546055931683305,0.026099454308103943,0.03068137550512809
2010-09-03,0.00413919026197139,0.0067449140244831614,0.015990459837747776,0.02678106131744692,0.03176929788881768
2010-09-06,0.0041700670918797976,0.0066867864817425175,0.015848500599282757,0.02661996388956643,0.03163581725860556
2010-09-07,0.004270632001824582,0.006219829552948553,0.015243324629906492,0.026015872171205108,0.030683525377195278
2010-09-08,0.004065183774465565,0.006723399802390451,0.015766978948376503,0.026249506954016243,0.030960040628369635
2010-09-09,0.004108943250577488,0.00720436578453197,0.016223030720274353,0.0264094122464967,0.03099603543982327
2010-09-10,0.004094267749960346,0.007554651844057481,0.016721319774037437,0.026941073429725577,0.03166796429397176
2010-09-13,0.004059979050726638,0.007803908617217679,0.017049932797183268,0.02741565335836478,0.03259943387712596
2010-09-14,0.004061874131294009,0.007604303493657558,0.016688726780810414,0.02688946159119653,0.03178105774303237
2010-09-15,0.004124433747287365,0.007922779204288712,0.01712159625212769,0.027365811051788338,0.03234751691167448
2010-09-16,0.004217580183581962,0.008570688323569902,0.017992986768307025,0.02831315310418314,0.033599578208821174
2010-09-17,0.004325664462585739,0.008189263665105147,0.01741258015522216,0.02764496089631371,0.032526418767704894
2010-09-20,0.004232064114136544,0.008468793124856098,0.01783078810984999,0.027999788699554398,0.032808403560594675
2010-09-21,0.004059316096849434,0.008508820661617239,0.01782391521703191,0.028017888725225704,0.03231255647298952
2010-09-22,0.004090315788102133,0.008219467845997969,0.017183316561001926,0.027235974782655634,0.03173287909628147
2010-09-23,0.004128370319914611,0.00759001778971198,0.016401958259941236,0.026718960780677634,0.03129985271356721
2010-09-24,0.004222723667153092,0.007742141581724354,0.0165829860589061,0.02699660662715381,0.0318345234935071
2010-09-27,0.004663092413553742,0.007732356899317783,0.016209227065014185,0.026488761337608687,0.03135939119445074
2010-09-28,0.00457920334127247,0.007802909817425077,0.016184903404847222,0.02620714332518577,0.03093739787683424
2010-09-29,0.004604689853230054,0.00837414674176352,0.016675062041760603,0.026275402309387776,0.03099625088009138
2010-09-30,0.005693326912100718,0.008993213420614998,0.017149014928507213,0.026722488779819482,0.030990875348213414
2010-10-01,0.006196440056148402,0.009292960561209653,0.01750422993839894,0.02718026042995945,0.031192517090838635
2010-10-04,0.005705478102063606,0.00875624197595196,0.01679084837561146,0.026346024804566447,0.030507519372474364
2010-10-05,0.005761784205407224,0.008646727400838192,0.016702602703140862,0.026406410229024707,0.03060927174817399
2010-10-06,0.005765473909531387,0.00835726863515837,0.016320986779966847,0.02614113269567382,0.030464530761754788
2010-10-07,0.0059975600450908354,0.00855028381358661,0.016543213734731995,0.026403523897874863,0.03065394846008536
2010-10-08,0.00592882959734486,0.008619759866010624,0.01663189756133608,0.026541067015771122,0.03108745475548329
2010-10-11,0.006029378518525194,0.00843770051186733,0.01642317935855589,0.026458863948426548,0.030962001753684625
2010-10-12,0.005990453607986101,0.008154666322674066,0.016036806636039055,0.02608402247913233,0.030539717074733578
2010-10-13,0.005863756709758933,0.008262047280419162,0.016319596497047444,0.026508217328628195,0.031144029970134008
2010-10-14,0.006346638663602922,0.00837518670082647,0.016359476211571192,0.026692126296300144,0.031331439371595986
2010-10-15,0.00637656819265531,0.008579904358470164,0.016744504823266483,0.02721554705817039,0.03190318338196384
2010-10-18,0.006666003880162454,0.009305297874700424,0.01733313142979082,0.027398229295432883,0.03207615590660496
2010-10-19,0.0067681723522585195,0.009589729056487329,0.017615241668635546,0.027591406893090954,0.03229630394035573
2010-10-20,0.006958257716669778,0.009968416346883412,0.01799484628189139,0.027713099387502216,0.03198254749302973
2010-10-21,0.006975592549547371,0.010204166624127613,0.018346582195987327,0.028022070289561208,0.0321202402992588
2010-10-22,0.006993068737685031,0.010510683359087291,0.018519212310037173,0.02803992308272997,0.031509369410007565
2010-10-25,0.007069975677857244,0.010265555468420536,0.01830355612780031,0.027899569811399773,0.03150533180296672
2010-10-26,0.007348746011917686,0.01080951325735253,0.01886370552036639,0.028271479111190413,0.03174000462518785
2010-10-27,0.007264245520698444,0.01100520274054166,0.019344517098259725,0.028930706535251503,0.03237363951016986
2010-10-28,0.007580700723682248,0.010884694817549022,0.019049727531744224,0.02866247417478082,0.031969616048002185
2010-10-29,0.0074531725505793765,0.010622926331387072,0.01886597531503733,0.02857753989039494,0.031686201627903456
2010-11-01,0.007483297813540618,0.01060206738224588,0.018716191919370975,0.028274732367366825,0.03129236182625934
2010-11-02,0.007548569890102026,0.010598566352112372,0.01861614729626246,0.02802472346133754,0.030803173608786615
2010-11-03,0.00742177841939134,0.010392865482834192,0.018145913267691407,0.02748030850578046,0.02997859043360213
2010-11-04,0.007618356341706152,0.010279130334090184,0.01803296303837553,0.027703056691537022,0.030592758586588772
2010-11-05,0.007580292979056581,0.009984822307343464,0.017811008701382885,0.0278634599210364,0.031119381380126657
2010-11-08,0.007707123746668306,0.010009307882764551,0.01753492768482321,0.027575423983445292,0.030543081960011334
2010-11-09,0.007523463570452928,0.009992374781512185,0.017607142001336163,0.027653157381961325,0.030636466226236413
2010-11-10,0.007511228162900846,0.01006728868976064,0.017756130655014104,0.027800152106487997,0.030649550532528425
2010-11-11,0.007558944748654135,0.009901973248293948,0.017785585796750644,0.028221795693848063,0.03108663138030308
2010-11-12,0.007176824267044837,0.010379072207373986,0.01850050879109947,0.02870527546711105,0.03163883367421257
2010-11-15,0.007028991195020548,0.010790308076406383,0.01908924301989539,0.029167594612444572,0.03220735865680665
2010-11-16,0.006911423819976864,0.010644043532270593,0.019100912375793595,0.029411441840365565,0.03247417683595541
2010-11-17,0.006757378909757364,0.01068007708591178,0.01942599447395725,0.029673446881396236,0.03293159229360282
2010-11-18,0.006610694900590848,0.011001675990073184,0.020095593727318235,0.03046897624762728,0.03367665026894223
2010-11-19,0.006815710544165736,0.011173002044429453,0.02024078279099748,0.030522593350171146,0.03347270450547952
2010-11-22,0.006879782769335818,0.01072033001742664,0.019747908770085417,0.030156239794210768,0.03341669533127352
2010-11-23,0.006666389850419015,0.009892369889822205,0.018898405202420473,0.029378941706968156,0.03267829654036172
2010-11-24,0.006355214409807651,0.00999629446370606,0.019579280937185015,0.03032738899374186,0.0331689728340292
2010-11-25,0.006424379767773001,0.010184900423827475,0.02005954131845774,0.030678954915172727,0.03408236386210584
2010-11-26,0.006282267461532167,0.010162773168834516,0.02019415596008448,0.030939076925028123,0.03437919877164967
2010-11-29,0.006301935414544781,0.009992761574148794,0.020252884561536844,0.03119901599134129,0.03436250513729913
2010-11-30,0.006297024526894286,0.009853636444557367,0.020188963320180154,0.031078742653447174,0.03384379343998272
2010-12-01,0.006351083049627957,0.009962801845186664,0.020670947341669153,0.03167470835082808,0.0346178243034694
2010-12-02,0.006250724052291141,0.00954148561089041,0.020868660882075892,0.0320266505921353,0.03534298205960722
2010-12-03,0.006140350087453534,0.009602289338198332,0.021081080135257144,0.03275398311743743,0.03588170012776968
2010-12-06,0.006161293306748861,0.009119056285552134,0.020375877165678697,0.03241743086182308,0.035499541977470246
2010-12-07,0.006092396404685817,0.009389039953081841,0.020914214836280066,0.03311182093345876,0.036259264759586476
2010-12-08,0.005754534048338795,0.010071608330017665,0.02172338252699637,0.03358331842183089,0.03668991104892041
2010-12-09,0.005487464412352776,0.01059150684253269,0.02189682954306141,0.03292268258472226,0.035761159688931315
2010-12-10,0.005741353635137987,0.010841755027803848,0.022226089391657104,0.033081693397740725,0.03592889949943552
2010-12-13,0.005572716565774755,0.01096595499098913,0.02233370420517909,0.033233117597318756,0.03644433684659977
2010-12-14,0.005467134768791206,0.010860566056230647,0.022548872728084878,0.03364121943107937,0.03712116959165802
2010-12-15,0.0055453771753321964,0.010921314166216656,0.022788490052227005,0.03380266278129274,0.037366176063812845
2010-12-16,0.0054349922981348255,0.011113209385406709,0.023060188879486323,0.0341772291968024,0.03750237491130671
2010-12-17,0.005405730915493707,0.011012216243753443,0.02275662865182207,0.03387730857873935,0.03746578831777809
2010-12-20,0.005373295071606514,0.010758047302195121,0.022116607433601096,0.03321264587292698,0.03653335240015596
2010-12-21,0.005221965787282856,0.010873115688045632,0.022187493211538848,0.033215774909549134,0.03676286353839526
2010-12-22,0.004461753831520592,0.01022103316486249,0.021751349487113162,0.03306916766196516,0.03641742545252057
2010-12-23,0.004677181964407052,0.0098780528107608,0.021711765705324102,0.033296925252082,0.03667202872232547
2010-12-24,0.004766498248551101,0.009853774754330387,0.021703384789518144,0.03331849881375613,0.03662827873687529
2010-12-27,0.004629321056706449,0.010068919546740085,0.02219403461886474,0.033878056256534866,0.037113407323884406
2010-12-28,0.004846668676700161,0.009385299180330892,0.02150588508426376,0.03328690560565312,0.03649116960623404
2010-12-29,0.004834888544443426,0.009540148573541424,0.021994665643839797,0.03396476560943506,0.03708817539593422
2010-12-30,0.0047378674764159325,0.00932226222150604,0.021494759183758337,0.033585782951891206,0.036621943557687754
2010-12-31,0.004901852157846623,0.009286900958709949,0.02148071323019813,0.033617030593052065,0.03655529115357072
2011-01-03,0.004862196601314644,0.009023597218375276,0.02140025403953245,0.03352626529767983,0.036361852857268125
2011-01-04,0.005040789571566165,0.009155394309418648,0.02114890003403257,0.03307664474629522,0.03608877513622698
2011-01-05,0.004638348120910428,0.009485338373372728,0.02128837665683102,0.033086887768754736,0.036145204722947015
2011-01-06,0.004498296149683458,0.009810233793605811,0.02171798382611696,0.033658449837342966,0.03679120796790627
2011-01-07,0.004402170987287914,0.009550413257360512,0.021356043579963298,0.03328731534334223,0.03643274799449407
2011-01-10,0.004346445542595115,0.009472239154310148,0.02096984572833259,0.032740241437978955,0.03615818170336557
2011-01-11,0.004387017573976887,0.00945509807401264,0.020918412726571335,0.03295761428694896,0.03623750645798876
2011-01-12,0.004338518118878132,0.010277471069025473,0.02205647952548241,0.03394831630627962,0.037139034410751476
2011-01-13,0.004490188205341733,0.011240949679981937,0.02272028649464538,0.03403501972498753,0.03670499529789902
2011-01-14,0.004618264717726678,0.011819352031737338,0.022855479623782867,0.03359474364332431,0.03591439554679077
2011-01-17,0.004713653557224666,0.011910427315754807,0.022984238153622653,0.03380504830066495,0.03622032564341591
2011-01-18,0.005187773921148842,0.0125445925501167,0.023721572984098663,0.034418840344580225,0.03633521956162537
2011-01-19,0.0048924386164183944,0.012211322905810684,0.02352419000205169,0.03433533194483849,0.036926288768600955
2011-01-20,0.005301082078107078,0.013144827542124251,0.024426839947327843,0.03488671879922132,0.03759873791967585
2011-01-21,0.005536410805977968,0.013586012379190361,0.024871689537610965,0.03497469889821637,0.037886542991238746
2011-01-24,0.005448922196853859,0.013506951299256904,0.024554599045020505,0.03457467272679274,0.0373455439018706
2011-01-25,0.006256832367915708,0.013457308198063076,0.02442969529092664,0.0346178719383224,0.03781068859125107
2011-01-26,0.0057286931722690705,0.013882385711918431,0.025073565184325172,0.03497933707089621,0.03834843885809803
2011-01-27,0.005814935535851865,0.014060806704959744,0.02523323761393954,0.03506198740997648,0.03845373851986245
2011-01-28,0.006463068873248598,0.015021814735566862,0.02575938124631681,0.03512766701514753,0.03767715019183946
2011-01-31,0.006524779230856374,0.014815746164577306,0.025460506265680544,0.03493013484313709,0.037521225254619164
2011-02-01,0.006303160284053054,0.014796454720798158,0.02575491500608656,0.03556806742957721,0.03839474573302513
2011-02-02,0.006548034826286784,0.014928003052072931,0.02562060379617148,0.0352165390065907,0.038347989490458596
2011-02-03,0.0064657132135917525,0.014564847536419654,0.025536623461861377,0.03565725603501517,0.03825484024381153
2011-02-04,0.006356597199743221,0.014805735957935271,0.02566306900089403,0.03557552271925087,0.038110331853594935
2011-02-07,0.006131881687110906,0.014749775450134027,0.025834262993344934,0.03590875383482084,0.038287753149318676
2011-02-08,0.0066059885722385015,0.015028135462187531,0.02588407604355746,0.03584330301214096,0.03850385814210573
2011-02-09,0.0066912507605127024,0.015267497424919431,0.026152272864062808,0.03607554803184215,0.03909927089279901
2011-02-10,0.006594904672063723,0.015429590133325961,0.02637358833616002,0.0361417831425184,0.03921227720469605
2011-02-11,0.006522663378307255,0.015033275816061344,0.0259025480774324,0.035862645969643704,0.038818361049920425
2011-02-14,0.006345659905425094,0.015125437595682367,0.0261622908963645,0.03615150258908605,0.039231668386544453
2011-02-15,0.0063802461068246455,0.015223838715579885,0.02629511903407418,0.03626191860903405,0.03925725578313243
2011-02-16,0.006349302400227805,0.014828638305583453,0.025654176340732363,0.03558696864597976,0.03851258220728862
2011-02-17,0.006273020557949101,0.01445935618564536,0.025242746193250322,0.03534896142605806,0.038043602340870446
2011-02-18,0.0063256489435020114,0.014850045025897575,0.025644302119350405,0.03552532804058326,0.03866957738924715
2011-02-21,0.006728950609311172,0.0148575231477966,0.025337918671195326,0.035099563975611925,0.03815678020140898
2011-02-22,0.007054009388316054,0.015296359469292396,0.02546577123353387,0.034815900882312935,0.0375139351758796
2011-02-23,0.007133603144970991,0.015382565152116303,0.02543409887761687,0.03449843811694638,0.03720817823713282
2011-02-24,0.006970760142856017,0.015152105856262288,0.02526198699712096,0.03456339720551889,0.0369667821315293
2011-02-25,0.007079390419248476,0.015319145335135134,0.02546680170126296,0.03473882997866356,0.036916035873901173
2011-02-28,0.006932210566122349,0.015279470555864516,0.025544679021004532,0.034899100215096214,0.03704447238437872
2011-03-01,0.006953479106672277,0.015447621145343149,0.02585864884205965,0.03528405163688565,0.03727287969853962
2011-03-02,0.006831849788447397,0.015343903169307236,0.025771628655693865,0.03520356003346635,0.03717991996855828
2011-03-03,0.008479429362573787,0.017237760780702396,0.027482974598360455,0.03613423970051636,0.03894704909700001
2011-03-04,0.008278269902213824,0.017378690823633344,0.02762834201780067,0.03589166274784341,0.03938053042488629
2011-03-07,0.008252919448271445,0.01748646787997839,0.027843997975211598,0.03613674503882304,0.039572329532083186
2011-03-08,0.008083445404768614,0.01720362764872995,0.027513721978594717,0.035884559445164305,0.03954221417066224
2011-03-09,0.008092901099239724,0.017214230346008823,0.027561193911097362,0.03598113765608394,0.03942460831431839
2011-03-10,0.008017049015294766,0.01688468904761199,0.02707845806680077,0.035518675759697714,0.038790422568403045
2011-03-11,0.00787645014030493,0.016542024807274333,0.02665079598782332,0.03518955373754476,0.038410689668052236
2011-03-14,0.007699265334386525,0.016406249201723087,0.026546316920972753,0.03508703595069444,0.03826469026934907
2011-03-15,0.007433100663291114,0.015537466266774604,0.025481236627735222,0.03437158186369485,0.03699944893457823
2011-03-16,0.007398384089838474,0.015188727423169538,0.024961592916081184,0.03398716574244865,0.03714798632763989
2011-03-17,0.007561748806456171,0.01573486325723932,0.02570701186774828,0.03464775606096544,0.03788073790864683
2011-03-18,0.007770516404494997,0.0161156450618023,0.026074307288482014,0.03484190011633775,0.03879830621746605
2011-03-21,0.008113173776443527,0.017012925191721755,0.027068128384174002,0.03528762889679617,0.03965939075507606
2011-03-22,0.008161295873624913,0.017043935594079348,0.027133403221414946,0.03542542520762418,0.0395547303483407
2011-03-23,0.008116026526276831,0.016866731477576506,0.026951616234355078,0.0353827999835242,0.03909450293000249
2011-03-24,0.008332540803645889,0.016930454984131996,0.02699945936566166,0.03562080534653602,0.03939716967681693
2011-03-25,0.008408036014720469,0.017190619253468476,0.027290209140856225,0.03574324864683099,0.03988559050465563
2011-03-28,0.008692949349183998,0.017549238407854096,0.02770209384075053,0.036150802008136335,0.04019641815510867
2011-03-29,0.008660260703767422,0.017603796120392205,0.02777830932931288,0.03612572771815585,0.0399149487823607
2011-03-30,0.00848288615025595,0.017704255172825572,0.02812147483243567,0.03655605134083904,0.04018827333690112
2011-03-31,0.008689943607978541,0.017909984054775986,0.028271376737175148,0.036577609736747924,0.040008122454272585
2011-04-01,0.008677944814827943,0.01830335243877911,0.028798567605281357,0.03687709097538474,0.040836066891405565
2011-04-04,0.008673987360415176,0.018200142088601236,0.028630550623129948,0.03672499275991956,0.04079589709530297
2011-04-05,0.008675667137466305,0.018129744862753483,0.02852250671158954,0.03665010530301943,0.040835747569175955
2011-04-06,0.008709604945295933,0.018372293633540746,0.028870224023526573,0.03701148583677381,0.04141714658663778
2011-04-07,0.009004582144064075,0.01848074018777877,0.028884956200234024,0.03708893043621472,0.041648016535881655
2011-04-08,0.00940759539276436,0.0192210172594778,0.029608186604929573,0.03745221864467061,0.042393438773030825
2011-04-11,0.009154669091949365,0.019171676952223878,0.02962047176666736,0.03743542411036755,0.04262828349967825
2011-04-12,0.009124505550836132,0.018672389152106502,0.02903678112488745,0.03714134015891318,0.042102193487831716
2011-04-13,0.00924577279808563,0.018960698561975863,0.029341874596703028,0.03728591739359711,0.042144039539607936
2011-04-14,0.009205601232957796,0.018624526531125965,0.02886112836909144,0.03683585096813695,0.04141364416602188
2011-04-15,0.009356083646519884,0.018780602156443706,0.028921890407060245,0.03673592354177377,0.041361293565361654
2011-04-18,0.009418513951758533,0.01807506157997428,0.027944402307247575,0.03611014193995364,0.04019015590575901
2011-04-19,0.00960016608783732,0.01847987936017556,0.02823365572641404,0.0359389868091913,0.040529252405622655
2011-04-20,0.009807769353701992,0.0185991202772538,0.028285673865395836,0.035979293080116825,0.04060418008662778
2011-04-21,0.009694442422281948,0.01824893105388012,0.027904065600614838,0.03581578804804189,0.04016667616523814
2011-04-26,0.009539427167301537,0.018115302169793707,0.027810446823574676,0.0357759543597643,0.040172306955290366
2011-04-27,0.009890118641164257,0.01850832725296784,0.028193873503726232,0.03606680649389704,0.04026789916765051
2011-04-28,0.010100205619879416,0.0184365284569326,0.02788575045046703,0.035681423251043454,0.04000409597344008
2011-04-29,0.010210690988715031,0.018588673879858318,0.027955319459500427,0.03554150347968199,0.03989530110736607
2011-05-02,0.010404937533444014,0.018711125329630804,0.028004684567814745,0.03554107197873479,0.03987207550071036
2011-05-03,0.010433242807395495,0.018872507329004598,0.02813544024270171,0.035507735092700665,0.04045654425463519
2011-05-04,0.01060981063000059,0.01966887951411034,0.02888064254255952,0.0357941357823081,0.04148847384313083
2011-05-05,0.010057712198543473,0.018398074510161594,0.02775952493858986,0.03548174130602266,0.040675890089230095
2011-05-06,0.010233453072477628,0.018271664091260978,0.02729990424898755,0.03476685324804892,0.03989270981601791
2011-05-09,0.010236547306409,0.01778863951308301,0.026567935246930966,0.034137177416934235,0.03913469710916682
2011-05-10,0.01005483596968315,0.01779040234557293,0.026703763627904366,0.03432822594207056,0.03954865064564984
2011-05-11,0.01009421154560197,0.01787926923186865,0.02685065195839959,0.03452352252802351,0.03975905335690096
2011-05-12,0.010108025654403035,0.017494716364744103,0.026328071699467968,0.03424644820661014,0.03905504515595192
2011-05-13,0.010422505171123166,0.01769183957527665,0.02636065303584382,0.034126449774154716,0.03914989443347681
2011-05-16,0.010566055263402182,0.017920365434851433,0.026618222286865098,0.034336745255907325,0.03957251824058876
2011-05-17,0.010482130323100374,0.017846151851709655,0.02655064778878917,0.034269152457968514,0.0395099048676421
2011-05-18,0.010633523712670906,0.017902570280080885,0.026507407796477745,0.03415743300976563,0.03938990073343023
2011-05-19,0.010804499202943374,0.018366529077135117,0.02713858359556869,0.03471468790256426,0.04000600777254107
2011-05-20,0.010616016079241508,0.017771875244978218,0.02630813190335703,0.03397140773438557,0.039071288298050996
2011-05-23,0.010413573201408,0.017270333056284053,0.025736651802798747,0.0336587976514078,0.038329526289984574
2011-05-24,0.010445063593079095,0.01735297922956774,0.02589694300099393,0.033913016475387206,0.038675168440327805
2011-05-25,0.010227873160750502,0.016818058249048633,0.025343299387157556,0.03372815997345148,0.03808355519127897
2011-05-26,0.01028079983643941,0.016616691507598792,0.024968347455344868,0.03334435223329569,0.03765274002904498
2011-05-27,0.010166914499071528,0.016279755964783548,0.02460424347538193,0.033178062669146254,0.03730202159418828
2011-05-30,0.010195683035493152,0.01631865848384673,0.024627968114181803,0.03314686276827703,0.03715670091349922
2011-05-31,0.010269675806111888,0.01671527733624594,0.025191486268294625,0.033653766392164906,0.037905251915655816
2011-06-01,0.010408369814089803,0.016553804903256707,0.02486124280494412,0.03336355037183929,0.037483646842723324
2011-06-02,0.010612714493115842,0.016612749924783402,0.024755736087049663,0.03316883787621567,0.03758205567001867
2011-06-03,0.01074965868443897,0.01674053874776947,0.024839262581705455,0.03319312585627657,0.03770288007505473
2011-06-06,0.010903308292006728,0.017076123264017286,0.02524654920643145,0.0334978022754196,0.03793542013870168
2011-06-07,0.011214172119329785,0.01739105889362573,0.025597720705595507,0.03392547657237524,0.03846721282006494
2011-06-08,0.01143845676142331,0.017241839613247514,0.02532838807493742,0.03385040812108337,0.03810130091355559
2011-06-09,0.011615013975299937,0.01672534279254529,0.024813536624949478,0.03362041798508537,0.038336470552086416
2011-06-10,0.011638705999367345,0.01635468308375538,0.024286346360548286,0.033202139329121846,0.03795445412641386
2011-06-13,0.011661968682556687,0.016174726452908947,0.02422716880013581,0.03323546340343117,0.03816717301830804
2011-06-14,0.01190882022304928,0.01653955650360831,0.024629217798544115,0.033643259838793356,0.0387265074132345
2011-06-15,0.011897574846017871,0.01623576468265707,0.024316821502623546,0.03358897473993601,0.03887229279014635
2011-06-16,0.012104712771632609,0.015594926841211512,0.023924467200779346,0.033398572062316854,0.03909420490560025
2011-06-17,0.012232627667049871,0.01593208456737111,0.02421225407293105,0.033524481928692104,0.03926751206726027
2011-06-20,0.012103311523510385,0.01610155354089697,0.024469104562096743,0.03369973935915982,0.03944356387813085
2011-06-21,0.012248858492135466,0.016073466623874676,0.02447091391171728,0.0337161929446336,0.040129111597086
2011-06-22,0.012216256608804672,0.015896738466620642,0.024412416338898707,0.03370797526850426,0.04063326306369981
2011-06-23,0.012171985550173731,0.014861598850856339,0.02340678752538442,0.0330376126113093,0.03950547795763026
2011-06-24,0.012083509393719891,0.014863638632051803,0.023352038962084324,0.03296271121967665,0.03961492898237272
2011-06-27,0.012101103755075443,0.014883666904766274,0.023498768618510888,0.033241626753358046,0.03991147034892337
2011-06-28,0.01231386392273946,0.01570028462839714,0.024156354989140084,0.03358786297316974,0.040554136248605224
2011-06-29,0.012339444245677584,0.016035915186665275,0.024573361691268784,0.03395220599719492,0.040974644595643206
2011-06-30,0.012364380962940536,0.01653639798691283,0.0249702656985646,0.03407358435187134,0.04130687412392693
2011-07-01,0.012333108967405963,0.01704345863917965,0.02552499710274525,0.03421193180621654,0.040931999482222016
2011-07-04,0.01241962163262688,0.017166663225214197,0.02542273413257666,0.03405749340651013,0.040469656623038835
2011-07-05,0.012418367050640991,0.0170960767700381,0.025394904624662804,0.034039917923647106,0.040205281499860315
2011-07-06,0.012347594987264,0.016483062641979546,0.024503453370543972,0.03348311297209216,0.03916710476336002
2011-07-07,0.0122990043296649,0.01671505400082383,0.024935891862778517,0.03391809948868968,0.039403889719733326
2011-07-08,0.012581207235147612,0.0158213298575714,0.023721060201584744,0.032981800274890595,0.03820237556639569
2011-07-11,0.011875302516481048,0.014651654369200049,0.02244521171547506,0.0318571455382249,0.03643520001571912
2011-07-12,0.011475182357081044,0.01448153780328181,0.02276503439400313,0.03216700051207861,0.037203992414582075
2011-07-13,0.011858675158363053,0.014015933173290942,0.022555995677913204,0.03211943155210256,0.03823145742883602
2011-07-14,0.011708267779676549,0.014125732322731323,0.022892790663360665,0.032486531080344154,0.03896902744597823
2011-07-15,0.011439796342870893,0.013477030886893681,0.02215691957494573,0.031708012248645986,0.03794119642635209
2011-07-18,0.011299607674255006,0.01331866243207807,0.022025300913695225,0.03146939463817376,0.0374747645287056
2011-07-19,0.011098297596405071,0.01374186574067431,0.022446759306736657,0.031820635771437844,0.03816773284210615
2011-07-20,0.010988467665106224,0.013927849898440503,0.022583838510303128,0.03204100514200173,0.038893021050661364
2011-07-21,0.010934553406854704,0.015037130959871059,0.023608299257570117,0.03287694786026643,0.039951194749197214
2011-07-22,0.01111500783007191,0.01482426589640711,0.0231195899226391,0.03256351862894803,0.03901808974624287
2011-07-25,0.01115538895100051,0.014697954389499744,0.02290358818905921,0.03238654936089443,0.03895469959213296
2011-07-26,0.010733770854161826,0.014583741711818206,0.022556970592177122,0.03203334786641466,0.037980905732041916
2011-07-27,0.010541245238858039,0.01376122724447802,0.0214680413565666,0.03101424119562343,0.036804891030390745
2011-07-28,0.010404733322703048,0.013707509460407332,0.021554659833500286,0.031169035528186777,0.03679528720312165
2011-07-29,0.01011635826870552,0.013197972515383596,0.020903282036714984,0.030573861969368465,0.0364855272118166
2011-08-01,0.010157393178117636,0.01297536210307116,0.02045942895162809,0.03028684331091652,0.035930085642403346
2011-08-02,0.00958954777992993,0.012436368050795964,0.02002581515720839,0.029925767811146156,0.03542952291964698
2011-08-03,0.009641006466582896,0.01236382764102503,0.02010548839471606,0.030055930620812705,0.03483783733623061
2011-08-04,0.008483563417980507,0.0114870522258095,0.01948529119467605,0.0295550205862492,0.03436685748462178
2011-08-05,0.0075216807167091315,0.010212401908472144,0.019153490008558045,0.02971545670153492,0.03457980746805632
2011-08-08,0.007147661189279042,0.009300490317071853,0.018853321015453856,0.029505133071441668,0.0352932122720844
2011-08-09,0.007174402936906399,0.009200394797784063,0.01901360501786495,0.02936188664926423,0.03613826030328768
2011-08-10,0.006805848799080943,0.007705422678752025,0.01719259125602465,0.02843153147547401,0.0354360334984714
2011-08-11,0.006735157997142829,0.0077559122582020554,0.017388817561426496,0.028315369589882105,0.03599461666068015
2011-08-12,0.007149091971314065,0.008520739501072265,0.01763915234333503,0.028703887475359683,0.036116583390305636
2011-08-15,0.007531345889444722,0.008829993482773735,0.017482553182829177,0.02859597493920334,0.036356246177833035
2011-08-16,0.007537647807843962,0.008800989945518662,0.017327717183031884,0.028629081853705864,0.03632800797844689
2011-08-17,0.007531058283067962,0.008746762741931969,0.016951302091020522,0.028088963076490316,0.036104141517316
2011-08-18,0.007290855574689578,0.007080043477133991,0.015351176323921472,0.026459465379189195,0.034607429646260866
2011-08-19,0.006663393448233452,0.007945711859656006,0.01614074769277464,0.026746716984814897,0.03391615171923535
2011-08-22,0.006818705125921456,0.008280856132493726,0.016542318897024663,0.02704735769762529,0.03400167640919472
2011-08-23,0.0067668881065504885,0.007910065787250684,0.015803138055688788,0.026651202646946162,0.033361497744257014
2011-08-24,0.006630159190918505,0.008580940853160381,0.016837179225519937,0.027462591520966518,0.03451874126775837
2011-08-25,0.006466261104653625,0.008251646885571404,0.01663781219842295,0.02744611541823807,0.03442496136135661
2011-08-26,0.006457814197420539,0.007669905659288756,0.016041924402791504,0.026803148412316583,0.034268838209856024
2011-08-29,0.006352541206502171,0.009099913662558912,0.017379411819323922,0.027800042954813836,0.03507017474268641
2011-08-30,0.006181526845319195,0.00815388252313858,0.016329912001377365,0.02703088919607317,0.034131040197241135
2011-08-31,0.0061177988854231626,0.008594407727240167,0.0169495822152285,0.027634438559681805,0.03483782210639474
2011-09-01,0.00595946183694182,0.00854494823411678,0.017183007474054643,0.027720303104134824,0.035550132999052256
2011-09-02,0.005756283280779382,0.007362420187231537,0.015741175284261874,0.026573237268963597,0.034396690516225244
2011-09-05,0.005171689323496025,0.006584679220285281,0.014815421783285397,0.025597972912022572,0.033384843757892746
2011-09-06,0.0049412610902890754,0.006634122803768139,0.014866603812620076,0.02558978341182348,0.03355100934639974
2011-09-07,0.0056414927836077955,0.006765648323743052,0.015158166425790251,0.025830093596091945,0.03409100892614643
2011-09-08,0.005332169395877435,0.006130942044361072,0.01430767549660855,0.024516495363581692,0.03358854727763818
2011-09-09,0.004102862444608366,0.005577893802855028,0.01380522864887572,0.02421592275255704,0.03298260573986731
2011-09-12,0.004000359687081714,0.005873322641040406,0.013860175613244907,0.02337531480347573,0.03259586251698511
2011-09-13,0.004343594525041145,0.006761421556307141,0.014620720850376554,0.02436511842333579,0.03189730373440051
2011-09-14,0.004433668252481812,0.007212099341057328,0.015173990284117051,0.02483235297338905,0.032308545858586134
2011-09-15,0.0041758840952859,0.00828923248464385,0.016584556213199167,0.02605162506053592,0.03382305819603831
2011-09-16,0.0038247619616034578,0.007517730710429193,0.015511983602655724,0.024935124248105255,0.032729243658175124
2011-09-19,0.003501850814186798,0.006608027648407,0.014828257042513455,0.02400034594192705,0.031691491297462536
2011-09-20,0.0033270123560329677,0.006610356307582927,0.014901747114193335,0.024063949880742657,0.03176211554080158
2011-09-21,0.003184427545052171,0.006681877502882847,0.015119480263747214,0.024284657555892476,0.03188146568844057
2011-09-22,0.0025213667935123692,0.006556422866712756,0.014714934620703049,0.02374225096063179,0.0303120747004089
2011-09-23,0.002308356657223826,0.006219613545512498,0.01420859464843557,0.023488948771943657,0.02946738131993492
2011-09-26,0.002336140253913834,0.006286600130152617,0.014437766125052274,0.023919109700352097,0.030003026697922156
2011-09-27,0.003153689501028078,0.007781274225421048,0.016210981893743138,0.025648540715346665,0.03179789869025291
2011-09-28,0.002807695277867414,0.00782662579298257,0.01613432676385427,0.025600317953207715,0.03187955600771805
2011-09-29,0.0026532348894835124,0.007859982743407885,0.016261081869722714,0.025727451527335004,0.03204095592794699
2011-09-30,0.002747957258396324,0.0074589986873883855,0.015509821933081229,0.02483376235288464,0.03093894668412177
2011-10-03,0.0028940515284368766,0.007144812796552028,0.015006945328185499,0.024390284283668608,0.030365002004072127
2011-10-04,0.003098499223904539,0.006586477916383147,0.014098541933713252,0.023556557758123323,0.02956091231890625
2011-10-05,0.002969423052131466,0.007308238350207672,0.015306999747391494,0.024807952042003648,0.03074746205125351
2011-10-06,0.003633322853761814,0.007818015318810915,0.015551538574021811,0.0250741156713739,0.030876736611408773
2011-10-07,0.003727549216491924,0.008196152225820095,0.016405739533685113,0.02609591261294299,0.032265084994621024
2011-10-10,0.003749402978565251,0.008477528979948554,0.017013913900318322,0.026797736537008624,0.03237339380031668
2011-10-11,0.003566604323121106,0.008423279560106921,0.01710786271505757,0.026973346721519683,0.03247777190894161
2011-10-12,0.003404578202932933,0.008876465509365947,0.0178876606346333,0.027865540884546024,0.0337853226597029
2011-10-13,0.0030765182595747483,0.00847078157660478,0.017454678888028152,0.02743568479125142,0.03329955325640119
2011-10-14,0.0033556573958565673,0.008809419701125075,0.018358194243502293,0.028585165868671308,0.03454266414692594
2011-10-17,0.003499783665987877,0.008070155812369069,0.01736206661951388,0.02764965336893396,0.033956179354785045
2011-10-18,0.0035025728840003922,0.00838507746834629,0.01745296521719482,0.02755677438534565,0.033625649195529045
2011-10-19,0.003549958863068608,0.0086405000222838,0.01792145887801905,0.02811344988239871,0.034051030674114274
2011-10-20,0.0035855016422838473,0.009227476564864744,0.018355305464732522,0.028151982187230064,0.03441727390805558
2011-10-21,0.003819142817928478,0.009249860752248831,0.01848433979416687,0.028480206186057476,0.03453178214213698
2011-10-24,0.003826510120904435,0.0089090384362722,0.018098738206228114,0.028346897758405213,0.03475820157632861
2011-10-25,0.00401437042253592,0.008600583817987612,0.01778842160081137,0.028138600335984032,0.03402041636153367
2011-10-26,0.004011857381622923,0.007803082284231773,0.01697427655107424,0.027630986656455313,0.03337643256114333
2011-10-27,0.0037668665873966,0.008596902212602781,0.017685487582690874,0.028333912548407128,0.03411798869445233
2011-10-28,0.003813649775757255,0.008654956837164805,0.0178723091589536,0.02870758877952651,0.03463266755148629
2011-10-31,0.003759844772130735,0.008090178255587928,0.017054846185475436,0.02788549161763497,0.03380516726035943
2011-11-01,0.003853284091395292,0.007078457020986651,0.01540367785420579,0.02604445434821534,0.03180710067649186
2011-11-02,0.003942373042131005,0.007452982281241083,0.015995094731829078,0.02680756769447854,0.0328399712876566
2011-11-03,0.0034636443966316838,0.0069077327622958686,0.016026342993223773,0.02751796622565512,0.03370374046788986
2011-11-04,0.003251222764035631,0.006855013333162897,0.015646110087820634,0.026748324620760978,0.03302660738177546
2011-11-07,0.00321726463959546,0.007024431016172913,0.015608508602786344,0.026774368875217718,0.032739676583417934
2011-11-08,0.003235680527297248,0.007120750760643029,0.015871898998031653,0.02683286417378267,0.03299143000916825
2011-11-09,0.003027314695293503,0.007103392476296964,0.015745656292539528,0.02624485575918439,0.03161637244778284
2011-11-10,0.003204309091456555,0.00786682469532511,0.016829690765158643,0.027372074769450618,0.03279745249794641
2011-11-11,0.0033602007832426476,0.008357139988048068,0.017612703472199592,0.02824112960045869,0.03341795831779165
2011-11-14,0.003681520305049692,0.008431943681693968,0.017693395932565237,0.028254355397574843,0.03357500956986854
2011-11-15,0.003905160529974997,0.0092894683298542,0.0188117908324545,0.029206056663823383,0.03423361621812799
2011-11-16,0.003770637031560286,0.00969680507128852,0.019432026474102256,0.029569540330088618,0.03398988410202578
2011-11-17,0.003747418095233075,0.00964948288982132,0.019463373793846776,0.029654333740584137,0.03388190766181824
2011-11-18,0.003270226984210511,0.009813113235873187,0.019736936940213556,0.02977028027251985,0.033485448442578815
2011-11-21,0.003244707091340079,0.009342657702919003,0.0191372259952879,0.02903875800931167,0.032796108049785
2011-11-22,0.003019092683004521,0.009511970315056796,0.01964922024581224,0.029730147444469276,0.03346800777943391
2011-11-23,0.003066097719461972,0.010267463277610335,0.0208221830774323,0.030797683624486098,0.033999952254928446
2011-11-24,0.0022885004926814553,0.010655430977701457,0.021444425247516784,0.031202274092807975,0.03551028438375461
2011-11-25,0.00227592616981347,0.010722131482763533,0.022058210447415082,0.03185549447034418,0.0361211254625232
2011-11-28,0.002660634208580901,0.00986949397201971,0.021584756443723388,0.03167565507854619,0.036733966075527064
2011-11-29,0.00243320233430604,0.009534337063399711,0.021438923874973224,0.03167156887212822,0.03660855831995076
2011-11-30,0.002036457751438758,0.0074273300066551836,0.019180978390165516,0.030719470274410455,0.03556477759931911
2011-12-01,0.0014304832161186889,0.006798030353485647,0.01847256725343896,0.02982076535554413,0.035240857636853286
2011-12-02,0.001700683796473918,0.006800655007851826,0.018164668555254407,0.02931845359318383,0.034639245652346544
2011-12-05,0.0007625532266488989,0.006753305400846963,0.01780492369594476,0.028986213490809334,0.03351797709472122
2011-12-06,0.0007506030196872469,0.007053988119314052,0.01838539957613283,0.02943699972332874,0.034069396876606296
2011-12-07,0.000764123610986095,0.006661526068572457,0.018067569673677838,0.028727512181815778,0.03325428115858656
2011-12-08,0.0007608712356755621,0.0064647950112767475,0.017963713301046177,0.028881648183453602,0.033587416720677984
2011-12-09,0.000881789558369148,0.00666454971280259,0.018029551346837105,0.028610555624704853,0.03294304116954993
2011-12-12,0.0009303297282638779,0.006371075408724041,0.01771108147900243,0.028229765597115177,0.03182503695525865
2011-12-13,0.000851668730618738,0.006516521971744917,0.017695740599455865,0.02830455701421142,0.031411423484582424
2011-12-14,0.000547266805371959,0.0062274474988768145,0.01721551412153303,0.027225499790623876,0.030221340794629892
2011-12-15,0.000224731644094756,0.005285656496411982,0.016698764695539135,0.026741874725190008,0.029871140266161413
2011-12-16,0.00038635633847615896,0.004554167998626681,0.016004787510904485,0.026363220561631998,0.029976801640591896
2011-12-19,0.000249553991815785,0.005132696823515015,0.01630348811630993,0.026551714751992264,0.03080406471524328
2011-12-20,0.000163072844099708,0.005120142958145746,0.01676290368427055,0.027072477949176207,0.03185775857418784
2011-12-21,0.00021783304508218,0.005131010981106401,0.01650846131913983,0.02687009852251011,0.03167461217922418
2011-12-22,0.000189821804203221,0.00515062613985265,0.016658545817962497,0.0269236384415695,0.03178794581530146
2011-12-23,0.000115628016516958,0.004649620604018265,0.01606954784463149,0.026750281477763226,0.031119288293794733
2011-12-27,-2.7903510158038e-05,0.004234593579820909,0.015871936066705217,0.026545914405040685,0.030721436338666083
2011-12-28,-3.1363642318817e-05,0.004150197066131567,0.015764981283403583,0.0264852860019345,0.030501939193468885
2011-12-29,-0.00015177613448631198,0.003909528516566973,0.015734123571193304,0.02633834230900446,0.031099163650384055
2011-12-30,-2.5276654877273998e-05,0.004062171579213949,0.015551753960944721,0.02645128365970277,0.03070926242704154
2012-01-02,9.720831267672401e-05,0.00473965556310765,0.016430131753599055,0.02717862093031807,0.0319119795147985
2012-01-03,1.5362206193795e-05,0.004602450963680429,0.01655824302610832,0.027445217281295918,0.0326098972870671
2012-01-04,-7.277446137689699e-05,0.004615639828484366,0.01696250380671041,0.02776690634944683,0.03309650820975921
2012-01-05,0.000179174417835676,0.005126434052915063,0.016979403197344672,0.0278480656967472,0.03250951318160336
2012-01-06,0.0006849161496826051,0.0053583729848308325,0.017335163203856124,0.027883705571734554,0.03291441011037305
2012-01-09,0.00058536939972839,0.00527176238733172,0.017011914155526834,0.027574891602406115,0.03303662465789042
2012-01-10,0.0006331966295944829,0.005340984782910163,0.016769417975898156,0.027460269930766952,0.03255393703398913
2012-01-11,0.000493697617765263,0.0046732908916557805,0.01594099339118243,0.02690638655320921,0.03232186423522852
2012-01-12,0.00036528230368305296,0.004052069912686731,0.01475892560582395,0.026078540511167658,0.031251803979130244
2012-01-13,0.000515195914540049,0.004220590251669975,0.01461469584923141,0.025799323606690835,0.030781715765451193
2012-01-16,0.001043369047629449,0.004104929715823195,0.014235112887722133,0.025794131046257225,0.030710542058087664
2012-01-17,0.001250453040860311,0.004516065666049409,0.01452835881714977,0.025953420806070014,0.030974654518138422
2012-01-18,0.0010830986588534549,0.004689353930754625,0.014769669053900538,0.02621514682656328,0.031455830715351796
2012-01-19,0.001108051747643658,0.004754336655662303,0.014864555603771637,0.026585532410304733,0.03151213098747032
2012-01-20,0.000938119055933824,0.004867367870460894,0.015266941008692896,0.027043827103959802,0.0317174660452552
2012-01-23,0.0009860487081055549,0.004966302716538264,0.01542784117278515,0.027657932352811398,0.03115778350377827
2012-01-24,0.0009355078549050901,0.005086142549806935,0.015661435341964815,0.028119814220663553,0.031092256990778697
2012-01-25,0.001101489852584446,0.004920991701621175,0.0154148552431233,0.027922131495889357,0.030817198370889386
2012-01-26,0.000815479394187564,0.00471317655680199,0.014747279470963376,0.027194178824944702,0.03050050552315202
2012-01-27,0.0010523021080909379,0.004606197464727035,0.014449930840373772,0.026759279617330694,0.03026278166859976
2012-01-30,0.0012567570364265402,0.004657829582047634,0.01417667624390874,0.02634369803312692,0.02949775676385001
2012-01-31,0.001116476416250744,0.004498906654590446,0.014388543134910302,0.02665751627507825,0.030207098977182323
2012-02-01,0.001257210925203916,0.004233339201368062,0.01416449022341789,0.026335994999388868,0.030376436173173732
2012-02-02,0.001082767015843368,0.003940914377319844,0.014012774002425017,0.026277577500760735,0.030302675233404523
2012-02-03,0.000931463807125395,0.003993153047690225,0.014332228037166064,0.026498135872554264,0.03161208910368371
2012-02-06,0.001609137326131245,0.003819687691110416,0.014088290890776314,0.02637691140485318,0.031466413609622546
2012-02-07,0.001586382789587492,0.003975814827309696,0.01439721255939098,0.026654100412666006,0.0321121593369699
2012-02-08,0.0015510284837778098,0.004167944066620501,0.014549209575548581,0.026773996281761966,0.03221815837943095
2012-02-09,0.001448390341001657,0.004321859253094526,0.014621218392484377,0.026823732513822255,0.0323669383157417
2012-02-10,0.0014716635724458598,0.004187912251943713,0.014474147732448569,0.02659373010782689,0.031918711564670216
2012-02-13,0.001632772694112498,0.004214992258767562,0.01429919406676751,0.026312298548039976,0.03173773973956507
2012-02-14,0.001532658904640869,0.004316900896451558,0.014521022336556957,0.026417401472122463,0.0316115099524901
2012-02-15,0.001615377317371731,0.004296381806779061,0.014580261958002405,0.026361321458929846,0.031296521207999264
2012-02-16,0.001562920868479242,0.004527999240639149,0.014823265515595612,0.0264455468219062,0.031220176258717584
2012-02-17,0.0015720085414356341,0.0047136071343095495,0.015227905728541496,0.026818808296721813,0.03154534133040803
2012-02-20,0.001394771690931784,0.004789465131862656,0.015231920031933069,0.02680415668571398,0.03182747244134736
2012-02-21,0.001398336594667002,0.004784328818608743,0.01519046553223471,0.026952940619948674,0.03148153786100962
2012-02-22,0.001199503652796258,0.004660537581169843,0.014953175077626382,0.026743522028008088,0.031389080977328516
2012-02-23,0.0012383726501344,0.004477894803275477,0.014621108218239573,0.026344749002093364,0.0310835761168642
2012-02-24,0.001266003094896706,0.004300836454499044,0.014460476519834736,0.02630551326850612,0.031257676289043745
2012-02-27,0.00119583127386326,0.0040048096112857805,0.01412498136168801,0.026002879319377212,0.031225498550156088
2012-02-28,0.001133234112296532,0.00389421136456848,0.014029653479502151,0.02592481495137046,0.03131786615064089
2012-02-29,0.001056458404037297,0.0037270584988232432,0.013946407183150029,0.02590987566225758,0.031332388807778055
2012-03-01,0.0008563289876750591,0.0036479456217201724,0.013786294182079368,0.02561503271147233,0.03126596079639924
2012-03-02,0.00068576212605854,0.003362836149828734,0.013455201697091397,0.02532225203422728,0.031214785862460764
2012-03-05,0.000744568111313266,0.0034142988960402933,0.013532976163741963,0.025574380448407315,0.03132265870235432
2012-03-06,0.000709022146057911,0.003446257187327255,0.013575728161240636,0.02565187374435494,0.03126314469891925
2012-03-07,0.0006522683344987421,0.003387607012399689,0.013460056264588759,0.025521427240099204,0.031033861081207946
2012-03-08,0.000664126653262558,0.00323014445986387,0.013249881462912328,0.02536555002296775,0.030790989656960265
2012-03-09,0.0008237249311540471,0.003382687534298361,0.013326905970481305,0.025373064300163922,0.030692469550118916
2012-03-12,0.0006841043462717269,0.003357116783419895,0.01329984954353412,0.025275655348769924,0.030733890375772364
2012-03-13,0.000799798252606734,0.00356695023854507,0.0134738407370621,0.025620654604672666,0.0310156098340771
2012-03-14,0.000716853311273915,0.003916602304917615,0.013993985143611729,0.026290455275011445,0.03160812277067062
2012-03-15,0.000579667251002385,0.004285827820875676,0.014544933378028108,0.026753809572577253,0.031755693452754225
2012-03-16,0.000569531572129778,0.005014380360253732,0.015340662059845045,0.02764680364957201,0.03152009987393584
2012-03-19,0.00042718168837842496,0.004865940857538078,0.015133655731601713,0.027331063614849008,0.03110114400263917
2012-03-20,0.000436888394788588,0.004892191885924934,0.01522057131005642,0.02746433139573836,0.030899992002355783
2012-03-21,0.000570411296098395,0.004659379152825207,0.014835171803987244,0.027115337390040475,0.03056086759163999
2012-03-22,0.000533663456644404,0.004443077977859425,0.01450375340839105,0.026903673521629468,0.030017919590225373
2012-03-23,0.000607215317293596,0.004154143957653824,0.014101210795544885,0.02643706684391592,0.03004479661350807
2012-03-26,0.00060875854395301,0.00408979188941907,0.014194457355982817,0.02672746380010075,0.03006350059676894
2012-03-27,0.000624599451935654,0.004131385443144664,0.014148017868312853,0.026693254061263785,0.02995849160044408
2012-03-28,0.0006153832511893681,0.003928663100435092,0.01394915828128732,0.02663937932037024,0.029961879051112472
2012-03-29,0.0006508761709628071,0.003871826430048419,0.013709751282159397,0.026376619781097663,0.02963119822572348
2012-03-30,0.00070063326412407,0.003925908927875978,0.01355798498269583,0.02599159047720721,0.029389852738743193
2012-04-02,0.0009728985747528029,0.003676337596146108,0.013237246241537519,0.025681356121319627,0.029359799478160174
2012-04-03,0.000835913449086753,0.0037570820009421267,0.013391599107645612,0.02584466026960404,0.029711141115736157
2012-04-04,0.00079165627187039,0.0036937110210460925,0.013372022088032943,0.025875061386821222,0.029691118265814293
2012-04-05,0.000860384972631773,0.00362300041395625,0.01341699479269991,0.026030251279535337,0.03011278936954076
2012-04-10,0.0008286907152596119,0.003526638861451605,0.0132472846511952,0.025786274464915212,0.02980905497098046
2012-04-11,0.000665136094455719,0.00356461579862934,0.013235153484252369,0.02565909843599732,0.02991035157871851
2012-04-12,0.000555717437063183,0.003392878296790211,0.012868405902384108,0.025217971864425755,0.02983763150437581
2012-04-13,0.000533602470807835,0.003335392206732885,0.012910458885682327,0.02515501259071657,0.029944536579936804
2012-04-16,0.00044829101556654,0.003609292460585207,0.013292249701997267,0.025427976621816263,0.030228208185199862
2012-04-17,0.000515288281804485,0.003746268743337744,0.013436685359251061,0.025543408572655288,0.030357883613617083
2012-04-18,0.00053166040779467,0.003704888593173097,0.01336816321748766,0.025419764621385035,0.030082970937538006
2012-04-19,0.000471374854132219,0.0040500520744237885,0.013627204330689749,0.025501010254251454,0.03004002355253902
2012-04-20,0.000547426781033645,0.004041683845250929,0.013786918977616134,0.02600919560278496,0.02970680923072057
2012-04-23,0.000470739849495177,0.004129624917222672,0.013817157142068399,0.02589308734104515,0.029730765541067444
2012-04-24,0.00040457647487941403,0.003959189923511461,0.013552340258464248,0.02568783717660483,0.029834911668607415
2012-04-25,0.00039236582526812195,0.0037223538061871768,0.013395914681021947,0.025553267015200876,0.03024395968473484
2012-04-26,0.00040371231704739303,0.003416511401684579,0.01306432550729494,0.025511223670239655,0.029765695768730602
2012-04-27,0.00033923081697615203,0.003397193263822853,0.013011955312744971,0.025015951438904588,0.030704566495287453
2012-04-30,0.000310608645910031,0.003185770747288687,0.012569452957204961,0.024710951007504745,0.02990297766868585
2012-05-02,0.00039702817076301897,0.002955928385536275,0.012258158741101833,0.0245263980954288,0.029735432542272025
2012-05-03,0.000492258001086807,0.003003595585282239,0.012190697115158305,0.024375472255196387,0.02966159672125976
2012-05-04,0.00043116836121053094,0.0027095377698222213,0.011780561395341947,0.02395729409585645,0.029148613799981363
2012-05-07,0.00052333860974606,0.002569229143406737,0.011504388123458931,0.02369283266581035,0.028929862693805562
2012-05-08,0.000431085461680404,0.002627630913526273,0.011297014386154184,0.023295144695999966,0.028246823836081122
2012-05-09,0.000542901825560756,0.002849625818619845,0.011645260459801143,0.023529011438214217,0.028409384573984325
2012-05-10,0.000552138242604043,0.002760797266245207,0.011442362850348236,0.02345025857380266,0.028183686316359292
2012-05-11,0.0006994351281176139,0.0027004086648617946,0.011343017233816578,0.022952064612994837,0.02785083309756624
2012-05-14,0.000716885964899797,0.0026799352892357396,0.011188206895837745,0.022319950655618214,0.027180509850845233
2012-05-15,0.00048009604371227,0.002823386715484455,0.011520336756850264,0.02258494490906342,0.027417484971384725
2012-05-16,0.00047053601712928597,0.0028813499378910817,0.011803542458904802,0.02282477021712946,0.027930936051170394
2012-05-17,0.000680518204498009,0.002487734227891982,0.011329765366302728,0.02238954777135339,0.0273934617761166
2012-05-18,0.000688992827994086,0.0026236869824378052,0.01132097599821745,0.02223842312422965,0.02745716220366321
2012-05-21,0.000699796937429306,0.002536838777392045,0.011323565731447865,0.022326231796777243,0.027354080591752532
2012-05-22,0.000605232575767594,0.002474953477283845,0.011204299159009867,0.02230200647215032,0.02707270984841146
2012-05-23,0.000621653221879304,0.002222526891008982,0.010760005347977853,0.02169335115939292,0.026264556728459367
2012-05-24,0.00046609940409601396,0.00201082852322183,0.010062019032046897,0.02070716103331642,0.02512839102400864
2012-05-25,0.000393252525014825,0.001936454377682634,0.00988338013026417,0.020531305471501678,0.02526487114190193
2012-05-28,0.000502570705611162,0.001798333641094425,0.009754381573440867,0.02057175598411469,0.025275213241930907
2012-05-29,0.0006539706729299249,0.001886153356311073,0.009773140882741204,0.020454600953438647,0.024918704027022735
2012-05-30,0.0006844560283490999,0.0018719409538133199,0.009646762925321281,0.020032349449728377,0.02403858340164901
2012-05-31,0.0006782292231013449,0.001688157885086862,0.008863372547773479,0.01887070048749857,0.023403700117691984
2012-06-01,0.000718754477546903,0.001367296664267048,0.007910120369889766,0.01764326968117185,0.022198868497776626
2012-06-04,0.000582731580546916,0.001582545342489094,0.00856283864378268,0.01839347640208894,0.022396011914035938
2012-06-05,0.000572829043244579,0.001551449941591149,0.008604233871703037,0.018418369101132023,0.022572751501902178
2012-06-06,0.000734581739666081,0.0020838949093252078,0.00944829912407716,0.01945173785227712,0.023687761100061162
2012-06-07,0.0006884455334579299,0.002446951683444771,0.010452212540107943,0.020805719520351137,0.025138208911083905
2012-06-08,0.000517707632611944,0.002155859509521409,0.00999660542826552,0.02031280180671714,0.02487901270129334
2012-06-11,0.000760607649802894,0.002392396186408873,0.010356874723643834,0.020756257515797908,0.025913792573207948
2012-06-12,0.0008010438808378111,0.002842529802418774,0.011203434054558023,0.021787557110727763,0.026828533378407415
2012-06-13,0.000661611885114255,0.002896599695977055,0.01140037932219398,0.02222763170072655,0.027732551098442887
2012-06-14,0.000695422627719165,0.002770488102780888,0.011184251506027929,0.022117702300127995,0.02788857009469257
2012-06-15,0.000516089494101766,0.002392111034683965,0.010718664494100923,0.021540300100388352,0.02703425525267952
2012-06-18,0.000415644831070218,0.002224563729728395,0.01060513553183703,0.02139526608835416,0.027020414525599824
2012-06-19,0.00026925566945762,0.002500387119369085,0.011163909877931042,0.022138302280588135,0.02805772698898024
2012-06-20,0.000380879724336397,0.0030348194881990847,0.011910400881026649,0.02292738173177847,0.028988465353257963
2012-06-21,0.00024640237189036004,0.0027229705321775823,0.011500521897749296,0.02238722716987676,0.02819277863515322
2012-06-22,0.000327117913273335,0.002773716705985531,0.011539466806432124,0.022460356923903562,0.02833470649247746
2012-06-25,0.00038494258237655,0.002395513963606799,0.010885012041570177,0.02184347782537981,0.0278916878335679
2012-06-26,0.000319654150447936,0.002564566622308657,0.011208066532660687,0.02230781818043341,0.028568557591602674
2012-06-27,0.000297884002873147,0.002610777912117052,0.011360881285422515,0.02252352331208645,0.028731468152514168
2012-06-28,0.00038360983854751596,0.0025475255177640223,0.01119872666026807,0.022440212040039063,0.028867557957918354
2012-06-29,0.000424446154261557,0.002686377686610068,0.011718511408662051,0.023157381116667403,0.02955416795064609
2012-07-02,0.000607993554203877,0.002389824127543791,0.011070362023947445,0.022484231186863247,0.029046696784610894
2012-07-03,0.000336546856998182,0.0020239497871120528,0.010481216495028499,0.022087471685475125,0.029552336549511247
2012-07-04,0.000396417615048944,0.001948259746154068,0.01018135292094895,0.021662094860669195,0.029250482332898783
2012-07-05,-0.000115234418666553,0.001274285940771173,0.009603557661201937,0.02107256223976185,0.028856602467948824
2012-07-06,0.000415840968940403,0.000458600105088846,0.008394525715452898,0.020030052794451917,0.02833502139800774
2012-07-09,0.000398595665268149,0.000395124840382816,0.008335201090852182,0.02014189132363997,0.027775369545445617
2012-07-10,0.00036389722976765,0.000433428151455697,0.008208106705258107,0.020089099878406024,0.02763494406170687
2012-07-11,0.000214427106858117,0.000129058678901277,0.007769713401975187,0.01949220047807657,0.026232782612246163
2012-07-12,1.8755299985155e-05,4.8448056535166e-05,0.0074293647407397325,0.01922705039265056,0.0256473068565874
2012-07-13,-2.5386325587530003e-06,-0.00010912875115723201,0.00723863505830673,0.01906849993546083,0.02545086933819409
2012-07-16,0.00028380590993346303,-0.00022951784440881,0.006829692826229401,0.01862742331816915,0.02514921789122109
2012-07-17,0.000206669485858476,-0.00017456728790334798,0.006752875128580955,0.018369547363347855,0.02511447894687911
2012-07-18,0.000285482711783813,-0.00016849476935550198,0.006695900762791913,0.018222266606946834,0.024792222710167122
2012-07-19,0.000338380707513654,-0.000141112724159269,0.006836827183085914,0.018148893658651,0.025097931878233143
2012-07-20,0.000157477114910116,-0.000288546553993827,0.006546677516747206,0.0176861392352039,0.02469764719466032
2012-07-23,0.00021407817653589002,0.000150636948094193,0.007185824910848054,0.018188432998623,0.024866194650377364
2012-07-24,8.632293641006e-05,0.000466652750956422,0.007938931316019068,0.01921148985839293,0.02591099921695374
2012-07-25,0.00015917563350469,0.000617709667301937,0.008163899601898655,0.019451192054667832,0.026114547362759467
2012-07-26,0.000206387945089818,0.00032460234100984304,0.007842321622381432,0.019267196743711253,0.025762635039505277
2012-07-27,5.0519628229116e-05,0.000363776679769163,0.008034900551874226,0.019642190597428638,0.026426083881643136
2012-07-30,9.0156407747239e-05,-6.559948940480101e-05,0.007595115833817276,0.019477680113084317,0.026184488233500645
2012-07-31,1.0981748018307001e-05,-0.00022894358090622,0.007056187695074989,0.018714631615426764,0.024828952134420428
2012-08-01,0.00014713990168205402,-0.000398076024842444,0.0071439646691223045,0.01896456120617289,0.02555269673936444
2012-08-02,0.000242165873012379,-0.00035062803345027696,0.006711985572494869,0.01829206808363557,0.02451206009944708
2012-08-03,0.00031810313024156,-3.4084472596687e-05,0.007024356079656045,0.018445073416963675,0.025285547386868328
2012-08-06,0.00038034036932478604,-0.000187505475627975,0.007225737497843898,0.01902704616763724,0.02537337282297944
2012-08-07,0.000303771305002895,3.6421176549437e-05,0.007667661247006388,0.019589184706114527,0.026042347682582873
2012-08-08,0.00021502910833503999,-0.000162495181268411,0.007345566417918015,0.01914403223690665,0.025490685645188572
2012-08-09,0.00013304155432433302,-0.000130949172491856,0.007278998620661126,0.019055433701369494,0.02583344042262591
2012-08-10,0.00010868054544117901,-0.000329149041660548,0.006850526370074563,0.018497605761535568,0.025370010206596287
2012-08-13,0.00035976628996402,-0.00012155198564210301,0.00740018286674558,0.019285527138409888,0.025599649234931184
2012-08-14,0.00037358846124823904,4.9792965949482e-05,0.007496780160094269,0.01930177876138813,0.025909348444950166
2012-08-15,0.000434441810717451,0.00018289198937051902,0.008024510713432687,0.0198905677590687,0.026660332089355584
2012-08-16,0.000336289474757516,7.9510697005176e-05,0.008006038168681612,0.01984607915504899,0.026337180283403917
2012-08-17,0.000425849603956171,0.00016034735267890399,0.008075927020883542,0.01994385640383117,0.02610317075903649
2012-08-20,0.000486135614541087,0.00021090868565743802,0.00806028765861586,0.01990230319585653,0.026169069419449978
2012-08-21,0.000214982143594089,0.000298354244457064,0.00834065261804529,0.02021034967578066,0.0265422606292265
2012-08-22,0.000270324838856104,0.00032088971039215096,0.00805195868676333,0.019670699871561382,0.02556439689031793
2012-08-23,0.000348384804254748,0.000170244808949577,0.00753743779935216,0.01901171788639627,0.024869217887070666
2012-08-24,-0.000165016435091583,5.0561308437666e-05,0.007197489252649314,0.018494080607701056,0.024319695917047843
2012-08-27,0.000160643452975915,0.00011960923045588601,0.0073161098506403024,0.018697312168339524,0.024571807782133165
2012-08-28,0.00041581545563991197,0.00020234472321655798,0.00731137698200059,0.018704328463299228,0.02457275743999338
2012-08-29,0.000373222989629525,0.000302696856999649,0.0076425028463478475,0.0191678588164699,0.024903045223944376
2012-08-30,0.000183436285458852,8.1525628641339e-05,0.007400435791754889,0.01895506325514677,0.024793544106092358
2012-08-31,0.00033473859979986397,0.00014851590485080498,0.007496468027635155,0.019144413984542304,0.02496767089802034
2012-09-03,0.00043164790861620296,0.00022998088705199898,0.007469552468293221,0.019092277661428944,0.024721685418621263
2012-09-04,0.00036532365409320795,0.00022505228090651,0.007651792292866366,0.019478988418147266,0.02515284034157791
2012-09-05,0.00023385757872517,0.00014185294279942,0.007737635827318261,0.01967705468661688,0.025872702022788366
2012-09-06,0.00017843015643674898,0.000667503228589541,0.008120340468693579,0.020333913516099863,0.026163415404286905
2012-09-07,0.00020360485711914798,0.000753608194304868,0.00810290421503999,0.02022050771511624,0.026356425536034074
2012-09-10,0.000179421024213829,0.0008678025516095241,0.008294136337094997,0.020471043986853444,0.026818634049251423
2012-09-11,0.000332753549966822,0.000830751021707678,0.008114705577082475,0.02024343228396053,0.02658363076333491
2012-09-12,-2.3616447957069997e-06,0.000981413778766295,0.008564121922200218,0.020822416136262557,0.027494047124692344
2012-09-13,0.000228546509839819,0.000835780756576616,0.00806381541228296,0.020098484367156486,0.02666556069397011
2012-09-14,0.0004124682809533,0.001286321856546672,0.008869652056752537,0.02119991533908986,0.027806130657944704
2012-09-17,9.837938056137301e-05,0.001306946651162266,0.008948969432532703,0.0211700488242845,0.02721805001930409
2012-09-18,0.000163361670047035,0.001121868379405417,0.008604072304122887,0.020759587894569425,0.026677980900865202
2012-09-19,0.000116108196737264,0.0010748077291305549,0.008557785479083969,0.02076310887840874,0.026856089775309275
2012-09-20,-2.2870721693701998e-05,0.000983666441428483,0.00847545584997711,0.020666561420492363,0.026798098126865046
2012-09-21,5.7479262808642005e-05,0.000988582327149534,0.008472448400990666,0.020739367776844125,0.02694670714180641
2012-09-24,4.130815786273e-05,0.000985597942818024,0.008405844370510715,0.02060382525690472,0.02692299040958335
2012-09-25,0.00015567122652253502,0.000976056769539779,0.008297124956485042,0.020436021195220606,0.026666200063208124
2012-09-26,6.3807450185994e-05,0.000841163808451956,0.007851901276956195,0.019709385895459938,0.025656105163305562
2012-09-27,0.00021758597225379002,0.0007976346980863,0.007740218035742643,0.019588054439598518,0.025243779961441115
2012-09-28,0.00021966892225840198,0.0007130079624260991,0.007569999620603669,0.019401481093651817,0.025195082811515234
2012-10-01,0.000150536511632755,0.00089371173291072,0.007865544481199036,0.019691375447354414,0.025641133587978218
2012-10-02,7.5660105385322e-05,0.000845828862699273,0.007816803076282533,0.019664867746660333,0.02580372343595227
2012-10-03,8.6903156481894e-05,0.0007744950902473979,0.007691078145757269,0.019537969260897247,0.025711151479299664
2012-10-04,0.00020633278593035299,0.0007910032712035869,0.007786490392726106,0.01975094333706882,0.025605419915780026
2012-10-05,0.000290854201720855,0.000879043015327121,0.008066846857259913,0.02011333230616128,0.02633043488218461
2012-10-08,9.525882782796201e-05,0.000717320575112987,0.007884887584816811,0.019859418342311218,0.02602909386140076
2012-10-09,0.000169945412432458,0.0007597252588162321,0.007863866984302668,0.019797832231262535,0.02604392541971583
2012-10-10,0.000208742827746594,0.000639468608606477,0.007644225439861998,0.019560957559046424,0.025789507821710016
2012-10-11,0.00023410133571110498,0.000747471470931078,0.007706157270370602,0.019518700128544647,0.025845543563082152
2012-10-12,0.00018086906661080802,0.0006117753712528891,0.007472458033485978,0.019204984467629017,0.025499207197775212
2012-10-15,0.000248487181917813,0.000621474469884599,0.007392145135781023,0.01906676672479501,0.02543300039316479
2012-10-16,0.000185769064901291,0.000899619182612867,0.007946735080396783,0.019774057366370848,0.026278206437313843
2012-10-17,0.000169411367446722,0.001126570379316103,0.008410362654957568,0.020384830562595112,0.02695414899688555
2012-10-18,0.000173593317879993,0.0012883806414918332,0.008546490152569834,0.02034867649046152,0.02690327847089949
2012-10-19,0.000129256879404164,0.001287202969641163,0.008483770830955289,0.020139654235304096,0.026612746793500373
2012-10-22,0.000148154323221912,0.00147915870176122,0.008639534839353624,0.02013750822278157,0.026762746253660187
2012-10-23,0.000132895540047727,0.001348646585913955,0.008451746926827717,0.019971612670013798,0.02662030525347041
2012-10-24,9.691324129628601e-05,0.0012039023467096878,0.00833287586010992,0.02000837089703264,0.02674548263357425
2012-10-25,7.1102779054152e-05,0.0011814113892868459,0.00843344309902153,0.020278630629723078,0.027001682168263107
2012-10-26,0.000145450295675187,0.000960084200166413,0.007998736565522852,0.019760154955937432,0.026406578438801495
2012-10-29,0.00019677908459848502,0.000879155302482881,0.007811134801562831,0.019492536216657023,0.02602112809264114
2012-10-30,0.00012342383072320399,0.000771323368520624,0.00778660223584236,0.019435547330416966,0.02629778176321889
2012-10-31,0.000135421859469353,0.00085641221772831,0.00782852752263503,0.019495004378536133,0.02582377711198737
2012-11-01,0.000184500996287478,0.0008203050559295109,0.0077816998708938635,0.0194677042831493,0.0256746161975292
2012-11-02,0.000169432065560877,0.000665004505332778,0.007572526973570701,0.019267809038196505,0.025377096923346068
2012-11-05,0.000326116984063111,0.000594114734050679,0.007396448825415556,0.019118116198469544,0.02519524798107732
2012-11-06,0.000139760606102911,0.000510212565706851,0.007344332337962278,0.01908256661146308,0.02536339498950256
2012-11-07,0.000122456173566429,0.000189759423556563,0.0068855759015056875,0.018614410616983042,0.024713128088547195
2012-11-08,0.00025109582936675,0.000218686054258729,0.006827839995147551,0.018573340567382052,0.0248714203030078
2012-11-09,0.00019835923414086498,0.000150359133431834,0.006622975143602492,0.0182396344001714,0.024724822379050174
2012-11-12,0.000296281306266602,0.00017285420144600602,0.006604777195811043,0.018228446905703303,0.024724331877632344
2012-11-13,0.000142726742105599,0.000120803187557574,0.0064896463273517125,0.017982249997905545,0.024647331978884707
2012-11-14,0.000247394140538205,0.000269083246597414,0.006679290149085686,0.018221110244660884,0.024974159120018408
2012-11-15,0.00025570043458237603,0.00018475286750984298,0.006545014513017069,0.018178719228603375,0.02523829875098712
2012-11-16,0.00020342880710774998,0.000127345193458712,0.006440991031724072,0.01809333978566799,0.02544789138165434
2012-11-19,0.000294711191602526,0.00021899002743539,0.006555936024612752,0.01821385553043972,0.025455347103641356
2012-11-20,0.000290556298869036,0.00042010081006962305,0.006939883622031546,0.018651820179379205,0.025743991467327025
2012-11-21,0.00021477742519203401,0.000606925182331359,0.007297830556847495,0.019044841676579452,0.026164893483670636
2012-11-22,0.00021555297443080299,0.00057291204805062,0.0072595274406770825,0.019067268166211643,0.02632082519235771
2012-11-23,0.000177756158607631,0.00050509762161897,0.007161863774808426,0.019025469061349616,0.02655125214883197
2012-11-26,0.000306161466685647,0.00045316163588398506,0.006968527145454413,0.018823076018657726,0.02650318749058925
2012-11-27,0.000267236007599531,0.000566913894513425,0.007101388526643575,0.018803094616457596,0.026291162167526538
2012-11-28,0.00034971705382791797,0.000264400333851093,0.00644656910212638,0.01791520153026868,0.025507281491148445
2012-11-29,0.000335391237215052,0.00039257108109067994,0.006627739508241213,0.018081324998578896,0.02578052785873743
2012-11-30,0.000361411188060993,0.000364797140971484,0.006541121086437656,0.017951046854980276,0.025627380563153567
2012-12-03,0.000319878187585964,0.000472007257762343,0.006787889433570396,0.018278441608233217,0.025969065902202774
2012-12-04,0.000309506763353268,0.000504432236316265,0.006754874403888733,0.018130636730804606,0.02588428716110016
2012-12-05,0.00037369267097164897,0.000293709536772355,0.006368308522975772,0.017702411428687847,0.02537523501384534
2012-12-06,0.00041372901168754096,8.706667864143199e-05,0.006129449830333105,0.017570087342429888,0.025027339798588
2012-12-07,0.00046744446203384604,-0.000304089250847567,0.0056078560558326,0.017324827223234085,0.02511011865607695
2012-12-10,0.0004982013831542901,-0.000321375695101431,0.005562494689832808,0.01727098289671302,0.025027043592996213
2012-12-11,0.00047649984201271603,-0.00025953295594181,0.005743817366578039,0.017531064053173742,0.025201456026974517
2012-12-12,0.000521131790358816,-0.000253739283371294,0.005722578442905757,0.017464816641307647,0.02499384420069738
2012-12-13,0.000523412005996707,-0.00026086211516393996,0.005717377931026117,0.01747274820060861,0.025010948035863175
2012-12-14,0.000543624362961063,-0.00024959700537565197,0.005752441382352833,0.01747550728439253,0.02475053816163717
2012-12-17,0.000502575116429934,-5.5362090904891e-05,0.006076087764633495,0.01776869539341785,0.02497021357845725
2012-12-18,0.000485903593632636,9.1410691613309e-05,0.006321787715959984,0.017987825875527788,0.025069876389597325
2012-12-19,0.00043840300759918503,0.000198436156563643,0.006505282385621775,0.01817864755958624,0.025357307717533896
2012-12-20,0.000485903738981744,7.8688362378205e-05,0.006291489571684128,0.017864166001515188,0.024672700097154644
2012-12-21,0.0004914901821900959,4.7949337682573e-05,0.006172800604699642,0.0177097263724469,0.02472726221303537
2012-12-24,0.000529109168324544,-1.2962017913817001e-05,0.006126767048137571,0.01773755356630401,0.024653931344751218
2012-12-27,0.000658974912151221,4.7158787235659e-05,0.006069876684387463,0.01750462640343758,0.024178237147109347
2012-12-28,0.000606640551872756,-0.000104175273747038,0.005840344817594652,0.017220305467467795,0.023803160664686865
2012-12-31,0.000599818429215874,-0.000130237684373786,0.005825687518644056,0.01722533077541371,0.023760119541388
2013-01-02,0.000392512555051766,0.00027952111825142,0.006700123433361851,0.01833627879033208,0.025098916925663666
2013-01-03,0.000455258125150918,0.000547676608729297,0.007098900577311165,0.018792772877031724,0.02567332624521397
2013-01-04,0.000204644128390165,0.00098205372676003,0.007747534923803414,0.019280530295428623,0.02655040348275008
2013-01-07,0.000289229642856376,0.000978278120842492,0.007654424255301135,0.019095087184386766,0.026223160320153528
2013-01-08,0.000234838821308742,0.000836874430702701,0.0074279512563639296,0.0188008565245498,0.025867899547208858
2013-01-09,0.00030065961922016104,0.000740492001656627,0.007283160895244079,0.018756041321210084,0.025933631479215045
2013-01-10,0.000424522400856678,0.001055643121106686,0.007784100468438471,0.01939365291917321,0.02666708307510332
2013-01-11,0.000436593514821069,0.0013194941539516189,0.008121531461116245,0.019630211100919556,0.026922016501414854
2013-01-14,0.000494445594863327,0.001312905682224849,0.007909531633623353,0.01917317542357593,0.026449558868918362
2013-01-15,0.000318034317525472,0.001350511711398438,0.007860454571702355,0.01901236649188468,0.025951236659436015
2013-01-16,0.000463023685915743,0.001357079397052087,0.007803460329924565,0.018974683388829287,0.025865746544720243
2013-01-17,0.000513193466877269,0.001971506784726044,0.008559400408134934,0.01944994543506575,0.026425912795448366
2013-01-18,0.000458620676948965,0.002069915177820003,0.008558723923376697,0.019080902373864995,0.0257359806823095
2013-01-21,0.000334662231733113,0.00200438539936933,0.00857591658137233,0.01910708922479956,0.025471715310270746
2013-01-22,0.000330594226488691,0.001864453789194287,0.00841223766419672,0.019072436217433087,0.025606163313249195
2013-01-23,0.000411730949937642,0.0017441971673538869,0.008181037552401387,0.018899967259851148,0.025611126471266118
2013-01-24,0.000466377430151806,0.00173073549985919,0.008151144683058558,0.01896120566623643,0.025898986032591463
2013-01-25,0.0007429852006467939,0.002742903082637027,0.009294982330017553,0.019572621582296543,0.026299973844162765
2013-01-28,0.000634892571352014,0.0032794535446986563,0.010023490529543481,0.020146692095763516,0.026395193892802725
2013-01-29,0.000463414562412276,0.002993718721381295,0.009764697637004847,0.02001327926392076,0.026060601460960568
2013-01-30,0.000612592509481394,0.003339817640896507,0.01024011680823186,0.020440110395767253,0.026166628692920656
2013-01-31,0.0007153820864728409,0.003152915375658032,0.009937502259884372,0.02020654870829002,0.02575358833324272
2013-02-01,0.000593353321912878,0.002615271127350991,0.009279076937085877,0.019788875958657953,0.0254615798305127
2013-02-04,0.0005385118245178179,0.002577726221131127,0.009308106822299678,0.019915398798921517,0.025631261897246852
2013-02-05,0.000462579729894464,0.002751855869857831,0.009575169624653448,0.020120440515132412,0.026033214880614133
2013-02-06,0.00046179166388353004,0.002642325444689879,0.009372966397017573,0.01992288040410961,0.02607056123717185
2013-02-07,0.000521674882203362,0.00224765720330323,0.008924331941977233,0.019844453826390128,0.026009526880509778
2013-02-08,0.00037897246317613703,0.00218822785910703,0.008872936950916142,0.01975132342441501,0.0260548822261725
2013-02-11,0.000386257864490578,0.002169748789756869,0.008827473315270033,0.019723907329258203,0.02620423814459132
2013-02-12,0.00034094529876916896,0.002347398728592096,0.009147570086366352,0.020009518045024287,0.026271469310529722
2013-02-13,0.00038729099580563195,0.002492650171773109,0.009428685728286493,0.02040446313515781,0.026628630654236006
2013-02-14,0.00031785168850466795,0.002192795214408383,0.009052080754079492,0.02016153442518399,0.02655617262414212
2013-02-15,0.000275629469353924,0.002161113737674176,0.009006647949291935,0.020096133687981927,0.026556761584614223
2013-02-18,0.000325753404639019,0.002136248955877908,0.008954605943178455,0.02007630320791942,0.026546975181699402
2013-02-19,0.00034321687403412896,0.002162630927697435,0.008974501888957294,0.020102401267420432,0.026701558601639523
2013-02-20,0.000397659797606612,0.002329190789031745,0.009200490614875934,0.02032460768497197,0.02698249379818547
2013-02-21,0.000354345612488899,0.002040633078959079,0.008719232129775278,0.019784714066195856,0.026508668550910882
2013-02-22,0.000263208699442417,0.001654057059208047,0.008308831097578882,0.019623393393086365,0.02634343441711289
2013-02-25,0.00023719150100739598,0.001914101375764887,0.00873299347047448,0.02005284706020417,0.026886989225107138
2013-02-26,0.000284975636133382,0.001301622050646953,0.007788796963846956,0.019187277022707526,0.025922282023109564
2013-02-27,0.000224195171542911,0.001020543962529307,0.007328841230167278,0.01866287048045992,0.02546080392289207
2013-02-28,0.00025389176889857297,0.001023372457842355,0.007383054515242575,0.01880491865980316,0.025517203196989077
2013-03-01,0.00025405242867786003,0.00081328518377298,0.007011379706919758,0.01839016492465116,0.02517786056311198
2013-03-04,0.000430945781726883,0.000848603072323541,0.006952657045919528,0.018332091826313762,0.025178949306470355
2013-03-05,0.00035014771005616597,0.0009783316718876111,0.00714692927775193,0.018476865863759958,0.025547976413193493
2013-03-06,0.000255005950604236,0.000919894678126445,0.007172310461932243,0.01860952838471985,0.02573008403546276
2013-03-07,0.000351130184476525,0.001241055031007878,0.007518583969885286,0.018809094349848073,0.026060652179232813
2013-03-08,0.00032683956598577403,0.001366065254396016,0.007680682639100604,0.018909965413286312,0.0262779633770285
2013-03-11,0.00040349798018751097,0.0012155892722765039,0.007467410382402822,0.01882907074847246,0.026140775076473867
2013-03-12,0.00044916632064024605,0.001149138093502286,0.007341685982117978,0.018730124024365847,0.026110379236233303
2013-03-13,0.00043242211899911705,0.001109933178173041,0.007275742584953564,0.01866979507152587,0.026178110431916538
2013-03-14,0.000525950753903193,0.001118020218650164,0.007255101403935021,0.018689002583661386,0.02620394164960592
2013-03-15,0.000572566427300115,0.00100354712583067,0.007045180465458962,0.018523477601351708,0.026228987261433898
2013-03-18,0.000539502082843064,0.0007812772595749839,0.006653906071832356,0.018056299119231144,0.025827411371502927
2013-03-19,0.000564346630943618,0.000729814242973865,0.006548867199732973,0.017875147168699854,0.025329003211047692
2013-03-20,0.000468755863671261,0.0008087172107390329,0.006735363822304424,0.01803428694166471,0.0253420690605117
2013-03-21,0.000486902848189898,0.00084993643680959,0.006640622668100464,0.01767636174087464,0.024877089565182198
2013-03-22,0.000458524883719155,0.0009256434605931441,0.006792549864182726,0.01783562355616075,0.02496595113993623
2013-03-25,0.00046491413874305104,0.00080152844200489,0.006611419316327813,0.017743225480874338,0.02512200044034055
2013-03-26,0.000372006292317459,0.000851504517847967,0.006796040583949869,0.01800574525631213,0.025386127594983
2013-03-27,0.000365118298825328,0.000637544366635114,0.006371390396563559,0.017434870059792856,0.02477119392337455
2013-03-28,0.000350864955979159,0.000665872863952619,0.006453502512654517,0.01759226275777391,0.025074216650221925
2013-04-02,0.000334010496987729,0.0008798384406235139,0.006741407423597483,0.017794430679596678,0.02537604183061481
2013-04-03,0.000354606557919205,0.000759599211116164,0.006408671562081194,0.017483066126755098,0.025229158918508895
2013-04-04,0.00041320364016885104,0.000575649166259202,0.0059705734881618875,0.016956412543080418,0.025204758458660662
2013-04-05,0.000461014452359619,0.000523479491477063,0.0054828032800836105,0.01577776254809945,0.023785624403585906
2013-04-08,0.00046351929823494,0.000585547612555683,0.00559154068529117,0.015813291014992643,0.02337802981445998
2013-04-09,0.000334230963668158,0.0007467988685607089,0.005999075556141067,0.016302936362020518,0.023722112838369558
2013-04-10,0.000298249951072493,0.0009660129530909239,0.006495394569955471,0.016978214988558216,0.024301341312062366
2013-04-11,0.00036668038039957396,0.00087317697224043,0.006312887926284123,0.016859256112696643,0.024437145209141798
2013-04-12,0.00035981384453430095,0.000766081281668698,0.006103982400572461,0.016640555676266374,0.02454191385251593
2013-04-15,0.000456700789469487,0.0007734290194026449,0.006011477319990961,0.01648440553142849,0.024446826628338983
2013-04-16,0.000384486313823307,0.0008093768494553499,0.006067156556106772,0.016481027233863656,0.02455855912701339
2013-04-17,0.00034335442902429404,0.0007005595842301509,0.005939785832995588,0.016424021493121367,0.024669351977863973
2013-04-18,0.000307283069875518,0.0006024980337579499,0.005729637322839931,0.016152878602750026,0.02454174850848064
2013-04-19,0.000388402938452729,0.0007600577070431349,0.00596960160837452,0.016427139887837183,0.024665419828764114
2013-04-22,0.000320057224566254,0.000540156731464569,0.005598799111804791,0.01597577219201065,0.024342428524671448
2013-04-23,0.00029949410912738,0.0005940652078139671,0.005675543667891141,0.015993954108923722,0.0242535845716047
2013-04-24,0.000311657936537734,0.000471932215814878,0.00555328071606505,0.015969466413182472,0.02404732803245632
2013-04-25,0.000246932130984302,0.000532393824671197,0.005666116553418252,0.0160015561696487,0.023871723764546614
2013-04-26,0.000282296007378171,0.000479047663329015,0.005548050006175851,0.015872192115660662,0.023790353428434847
2013-04-29,0.000234391516482662,0.000423920716144703,0.005464028787652672,0.015711890618488624,0.02347743811443121
2013-04-30,0.00026842744564326704,0.000428256217003126,0.005382031018565634,0.01550317933457273,0.02322369550650893
2013-05-02,0.000282124044132145,0.000216280699387345,0.005172601125268148,0.015417449086033841,0.022737844288154178
2013-05-03,0.000285297979761867,0.000226878285772214,0.005340242577613932,0.015896571500669587,0.02353943085719095
2013-05-06,0.00024880993784695603,0.000390413986150814,0.005549837858508981,0.01600352228864045,0.023781312566312843
2013-05-07,0.00019417574057613502,0.00051806291057113,0.0058144283740731596,0.016294725494058096,0.0240051101612901
2013-05-08,0.000219630725296482,0.000514750494028346,0.00578690996942985,0.01624058576967764,0.023863108191895584
2013-05-09,0.000276242821703339,0.000403572135238392,0.005627771872698854,0.0161755761957048,0.023808987405973082
2013-05-10,7.949554495569e-05,0.000699005322730799,0.006334190862483791,0.0170525067270046,0.02466134906162111
2013-05-13,0.00023046269194665198,0.0006509466977605299,0.006254980292373844,0.01711853956110448,0.024693663900654667
2013-05-14,0.000258598187732506,0.000630670596013236,0.006210737006465692,0.01706611444478848,0.02455152201662973
2013-05-15,0.000323461879332023,0.000622383040592002,0.006184560391646361,0.01709355898127261,0.024629231628910203
2013-05-16,0.00024740519771383697,0.00041985659704096997,0.005842685480809795,0.01668485904152197,0.0244349591952295
2013-05-17,0.00027515606068317396,0.000279512921523701,0.005656900232081243,0.01655920025672542,0.024153854507543725
2013-05-20,0.000280303410376294,0.000378095328426097,0.005777680726829546,0.01664960330801943,0.024392522387991118
2013-05-21,0.000309737504957759,0.000579248063091908,0.00633312845444614,0.017384643148472545,0.0253482244252085
2013-05-22,0.00027071044226344696,0.000401850717152498,0.005909688859979827,0.01673613596599596,0.02487895635511979
2013-05-23,0.000289468742653806,0.000573620007299129,0.006216647854558799,0.01709799448516547,0.02518330186217185
2013-05-24,0.000268028539361712,0.000752098141847956,0.006494293041858628,0.01727860917988726,0.025069983450357478
2013-05-27,0.000224965189987728,0.000791229766822079,0.006660994483668814,0.017581656525274242,0.02544649158323866
2013-05-28,0.000180299831924954,0.000813334871680209,0.006842084282055643,0.017919554949711,0.02563559291847079
2013-05-29,0.000237314857214024,0.0012527817760619481,0.007444962511811894,0.01838245246095151,0.025936309804729194
2013-05-30,0.000257564672474976,0.0013785104062837082,0.007532649786222602,0.018304045973714995,0.025827948546723725
2013-05-31,0.00022574958578009698,0.001278335009536828,0.007481100860631846,0.018427562019166926,0.026094326483490207
2013-06-03,0.000273138422324938,0.0014886216857452788,0.007755668822070101,0.018644767362086433,0.026290964315255728
2013-06-04,0.00029706332392833297,0.00158832789100503,0.007897682083697424,0.01876348884962332,0.026322294018065205
2013-06-05,0.000290467460841397,0.001558095864344855,0.007732592325923732,0.018441609086937635,0.026195884326577743
2013-06-06,0.000268652280798463,0.002025777790295122,0.00831238028423611,0.018922524602094183,0.02646805361811185
2013-06-07,0.000344988300440015,0.002134486281554188,0.00835444022495171,0.018752191260045105,0.02591650700600153
2013-06-10,0.000428677978428234,0.002292713486318676,0.00858040442287459,0.0190130499605635,0.026169214115764113
2013-06-11,0.000284010133367706,0.002811996152240046,0.009498713705724837,0.019803495786525824,0.02641687110874922
2013-06-12,0.000295203128375113,0.002590111344102679,0.009173309750074292,0.01960546541491976,0.02652812292636724
2013-06-13,0.000347992387112148,0.002241357006171429,0.008596167917349682,0.019104801798583898,0.026241863091323262
2013-06-14,0.000411765238985573,0.001965227718054123,0.008043659238254541,0.018486556295399772,0.025875134037668897
2013-06-17,0.000373263883848133,0.001921459087835604,0.007992455049057474,0.01848999556860222,0.02622280757379979
2013-06-18,0.000348915103252195,0.002217903844943327,0.008480883379923174,0.0189406534558002,0.026548909208019597
2013-06-19,0.000397097892817148,0.002153270955688095,0.008332963998681074,0.018783533675708827,0.026453047050002447
2013-06-20,0.000347260287273099,0.003166024741197075,0.009997586732342124,0.020278202975014228,0.027149950209946483
2013-06-21,0.00036065282025462604,0.0033028747282962366,0.010359512155086507,0.020837924544444126,0.02740274081725031
2013-06-24,0.00047183583901582696,0.004125432812806329,0.01191543052808803,0.022395335240905298,0.028447515301911756
2013-06-25,0.000390819419870427,0.0037277126178711477,0.011504676458006048,0.022215791264529123,0.02791623090040892
2013-06-26,0.00028596523503775,0.003124204089903672,0.01064338045105365,0.02152379110846164,0.02769250473220519
2013-06-27,0.000233220507127023,0.002787013921775694,0.010049741654661194,0.020808710732984226,0.027242854288993087
2013-06-28,0.000259333543222496,0.002995856986837757,0.010495461627830736,0.021372549798737515,0.027455473774908402
2013-07-01,0.00022243746035168301,0.002771933312113437,0.010144719931845332,0.021040176196420277,0.027301711760910643
2013-07-02,0.00023451122390326902,0.00248376189470389,0.009762208253784248,0.0207896897103421,0.027043281183505692
2013-07-03,0.000292343559493073,0.002450717996689269,0.009614618367096695,0.020519100701412468,0.02661809878487066
2013-07-04,0.000126085915334035,0.001835125109952686,0.00890892490122689,0.02016617655275684,0.02659562082799213
2013-07-05,4.4494461024332e-05,0.0019265757998216321,0.009384528439679957,0.021042583338053877,0.027370995658147115
2013-07-08,0.000161691897966081,0.0015583414505141529,0.008849351388486025,0.02073012082313202,0.027268776878263297
2013-07-09,0.000186760596176542,0.0015044884432988859,0.008661174393292335,0.02038408347862667,0.026823730504253088
2013-07-10,0.00017972899443523702,0.00154571511171266,0.008718965716773566,0.020458994360105533,0.02703722041786496
2013-07-11,0.000249808493182286,0.001727886209496776,0.008770739118291928,0.02021893961981185,0.02680197199363837
2013-07-12,0.000273187327432945,0.0015553608217888021,0.008339220570999712,0.01961218638093344,0.026384894936533974
2013-07-15,0.000222814586867109,0.001341544193672907,0.0077488852205809785,0.018492398502905853,0.02490352170143666
2013-07-16,0.000220583005004617,0.001217680661650537,0.0076095145146484276,0.0184631543748303,0.024978883502294602
2013-07-17,0.000186997199405885,0.0011044514452410769,0.00744954633142437,0.01831635251651284,0.024888095512702043
2013-07-18,0.00020233722392305298,0.001030118954163898,0.007300226018264473,0.018163979712195813,0.02486293708258101
2013-07-19,0.000372513342386753,0.00093335160389639,0.007057753614307272,0.018008814243378284,0.02498549160540128
2013-07-22,0.000298786412834027,0.001105500801905057,0.007235111204397837,0.01795067075924049,0.02483527112214534
2013-07-23,0.00032850490419903994,0.001592138372495912,0.007895420632233332,0.018418109892919643,0.02512197758827217
2013-07-24,0.000261945190172061,0.001815801744712843,0.008397626038477678,0.01899139224835083,0.02531023464989999
2013-07-25,0.000215049848916354,0.0017802923437824831,0.008543221004707738,0.019393666536810777,0.025677122892051533
2013-07-26,0.000111179781284757,0.001754975779734859,0.008514563134465946,0.019343258079165395,0.02588081923566097
2013-07-29,5.6679168076596e-05,0.001801948431840543,0.008653384039860202,0.019473289795233252,0.02578427353341645
2013-07-30,4.4502077517011997e-05,0.001766707083223262,0.008640401659371895,0.019392408006906357,0.025836694824430698
2013-07-31,5.4695103058164e-05,0.001845091969484911,0.00879375580414969,0.019549500564761645,0.025804108708256588
2013-08-01,0.000136046138495702,0.001847222585528207,0.008727091931440745,0.01939327407730718,0.0254288068324054
2013-08-02,0.000171839898862411,0.001758203821205777,0.008577726027020685,0.019278097700935897,0.02537129440458421
2013-08-05,0.000187041568852249,0.001812642470785141,0.008709750101574291,0.01953312165994441,0.025803317541317306
2013-08-06,0.00011661527012475199,0.0019461788223723438,0.008925163105861342,0.0196687607858076,0.025868992900758666
2013-08-07,0.00021936091852214402,0.001941656576465971,0.008889031757849004,0.0196411282026632,0.02569662885173931
2013-08-08,0.000191857870753613,0.001927641461900631,0.008841654685240936,0.019564549594360336,0.025756330286457234
2013-08-09,0.000293018389919559,0.001915237453950338,0.008766195910663415,0.019487362783092807,0.025649812105858722
2013-08-12,0.000168181748174821,0.001899554837866346,0.008820444235315241,0.019577478764103217,0.02586325671416012
2013-08-13,0.000140448846646104,0.002377063533499388,0.0096724814237722,0.020507655319669863,0.02667134022058106
2013-08-14,0.00022333189605921197,0.002451887954747609,0.009813604893143441,0.020780258381014924,0.027041858606081163
2013-08-15,0.000170073273372002,0.0026372925226774368,0.010296549271630316,0.021461025205995226,0.027606785045733634
2013-08-16,0.000140793305869357,0.00250979489158313,0.01016755657934289,0.021312694378047975,0.0275598782053876
2013-08-19,0.000166338414001709,0.002701363795902893,0.010560319314195548,0.02182755240194731,0.027973686867411102
2013-08-20,0.000143901041958863,0.002544150478066531,0.010251213428289845,0.0214111744295726,0.02755628223504368
2013-08-21,0.00016889892048888602,0.002712726774633949,0.010570495873218722,0.021835288729671422,0.028019950320532554
2013-08-22,0.00015796844348357102,0.002739923487433273,0.010747709913104036,0.021987804936800588,0.028238939021900347
2013-08-23,0.000239994300120355,0.003208533958845132,0.011400800179638768,0.02247823286408747,0.028394756316621965
2013-08-26,0.00017347890765422603,0.002807134782494498,0.01075996494410307,0.021796669253484585,0.027806190725952175
2013-08-27,0.000166339336541203,0.002720560712355855,0.010533667807399505,0.021487107675126165,0.0275975377270792
2013-08-28,0.000171722475080794,0.002759354908311997,0.010610956987773533,0.021582887868738413,0.02758542471373613
2013-08-29,0.00015639965020909302,0.0026821717640774703,0.010535479227139346,0.021593430202725576,0.027712101969287768
2013-08-30,0.00017798635641095702,0.0027278229607078457,0.010625301357573048,0.021735758852227373,0.02788979817169258
2013-09-02,0.000192308018972139,0.0029061891334750626,0.010916475103167692,0.022045144373542717,0.0281815655843176
2013-09-03,0.000185247911620241,0.002894088801644279,0.010967083999068513,0.02217619760169488,0.02826811850576954
2013-09-04,0.00020447770991513002,0.00299443307086217,0.011089158936603703,0.022257630613061803,0.028332302317076903
2013-09-05,0.000279808410828814,0.003533788970112552,0.012103329978570007,0.023387281368853773,0.028868282207087183
2013-09-06,0.000191417258978278,0.002973915331011283,0.011214896009105892,0.022505444743392403,0.028273702870855417
2013-09-09,0.000207437943231483,0.0029961667292658363,0.01126666891107674,0.022644764737615695,0.02859167372896763
2013-09-10,0.000222576864129625,0.00327256662502184,0.011906215784253984,0.02350572304078276,0.029231766793029957
2013-09-11,0.00018580240748841199,0.003016324215569881,0.011452960793786032,0.02305142204135535,0.02911054100526973
2013-09-12,0.000273987517313661,0.002736557179583503,0.010873984938068411,0.02240910613430379,0.0286761391345569
2013-09-13,0.00021773439397762402,0.0027907407529248777,0.010886838501057473,0.022266177230966314,0.028516998775225212
2013-09-16,0.00032713777602666,0.002639610326516042,0.010515648662383166,0.0218754728834827,0.028398415055265004
2013-09-17,0.000228158605419215,0.002736660620503444,0.010774510644286108,0.022172955941914284,0.028595461315356428
2013-09-18,0.000202071916261802,0.002879263320140524,0.011056549824705598,0.02250093116033428,0.02887850702650879
2013-09-19,0.000228415487250345,0.0024115843834651373,0.010265091116798386,0.02183883296542283,0.028841842455286426
2013-09-20,0.000213602008955913,0.002569191924984459,0.010553434235081332,0.02219703296603952,0.02928173070886094
2013-09-23,0.000180596868212562,0.002351542109673823,0.010243110428776181,0.02190090492146401,0.02895570906865089
2013-09-24,0.000105446788815692,0.002219595253045341,0.009769454553662129,0.021251801487181643,0.02816793580902629
2013-09-25,0.000187039659291281,0.002354831449091885,0.009798939136276096,0.021018753171048798,0.027693954036205462
2013-09-26,0.000135379978651202,0.002346666756139739,0.009800303917927067,0.02097885659622513,0.027589100161212566
2013-09-27,0.00013224274329699,0.002104915848129795,0.009386625079974637,0.02053247784075221,0.02719700939408888
2013-09-30,0.000217793827763141,0.00219325764165057,0.00944974645768581,0.020549386141518702,0.027187924611784698
2013-10-01,0.000141386049908359,0.002132588616350794,0.009422148271724053,0.02057780520780621,0.02730789562163835
2013-10-02,0.000185603937349483,0.0021236636691386577,0.009420843246759772,0.020640562461286996,0.027396614009123584
2013-10-03,0.000112032979042673,0.002161506580607479,0.009571474226853355,0.020859325607392776,0.027632984660670438
2013-10-04,0.000214338026543591,0.0021893901345657473,0.009720991382800265,0.02109535513762135,0.02833195980844786
2013-10-07,0.000287065023035953,0.002030730798711344,0.009392468890055355,0.020751206112735003,0.028115494489381707
2013-10-08,0.00041166817243545,0.0022274494532702597,0.009607443906894641,0.020925635632529183,0.02826416946114913
2013-10-09,0.000441091361111805,0.002216549635709324,0.009558509594764928,0.02084218409155028,0.028129864310521748
2013-10-10,0.00037858927246567397,0.002310383370312898,0.009907991750152709,0.021409198198970518,0.028622915486734405
2013-10-11,0.000299542399616479,0.002220445309277834,0.009831068885762635,0.02135646084305161,0.0285648125206506
2013-10-14,0.000334843195877783,0.002213240546501254,0.009821789235205748,0.02140927238617448,0.028723846987156697
2013-10-15,0.000292109593240335,0.002291317898843758,0.009986584612799759,0.02158785800252902,0.028867254957356644
2013-10-16,0.00031824752091638096,0.002623143676516357,0.010521792126552815,0.022113996107209058,0.02922851890634873
2013-10-17,0.000365125862441014,0.002286105102928632,0.010002201558474493,0.021660649781445294,0.028798640117154738
2013-10-18,0.00038401152291818203,0.002087903111484799,0.009569839334080852,0.02114630415346678,0.028535475684138327
2013-10-21,0.000420736288755887,0.002147330354931389,0.009624591576194596,0.021163980377991328,0.02850495617789357
2013-10-22,0.00046656804412805396,0.0019365561736454451,0.0092247811464524,0.020704294248187375,0.028022333850647688
2013-10-23,0.00043924939140167,0.001878319402775443,0.009045151932271917,0.020456972105062966,0.028055164489192833
2013-10-24,0.000529474441053052,0.001955266283998344,0.009012261835797952,0.020283619485823624,0.02789389518165148
2013-10-25,0.000549899647694602,0.00212379801880759,0.00912291178413506,0.0203576699471346,0.02760808723527497
2013-10-28,0.00056974128283849,0.00210344333785251,0.00902857075643392,0.0201982151994755,0.027485423888489006
2013-10-29,0.000503500685404714,0.002099352281476489,0.009030512269572535,0.020193030818196407,0.027637792049862293
2013-10-30,0.000469404239367917,0.0018568313571482782,0.008660624099975554,0.01985577109531687,0.027456342596985827
2013-10-31,0.0005266366635083109,0.0014871252111209499,0.008151655595574665,0.0195182874131826,0.027112533470524617
2013-11-01,0.000601220686910387,0.0013880346689939449,0.00803289373181154,0.019568501362605212,0.02733727139430099
2013-11-04,0.000570671473352305,0.001358649543742487,0.007967742321422246,0.01942938107608229,0.027119991444486943
2013-11-05,0.0005030733087524461,0.001774067975877322,0.008658211902276714,0.02005795875525952,0.027569107373214843
2013-11-06,0.000304758579817151,0.0017492629696024232,0.008739382520860888,0.020161495737138154,0.02775006311085912
2013-11-07,0.000400064461703184,0.001136431034026683,0.007869115247642187,0.019618573061868608,0.027565670865762358
2013-11-08,0.000334647480422711,0.001426435636319123,0.008468129911067157,0.02027700367893818,0.027887164586051342
2013-11-11,0.00041345427284852,0.001404817155207971,0.008402005538441691,0.02020458973633036,0.027713800329309674
2013-11-12,0.000515339716073695,0.001317226116017713,0.008579752224034332,0.020603634438570197,0.02850059112520702
2013-11-13,0.000518678709527646,0.0011234852276592459,0.00824423396084887,0.020278165290617167,0.028342238890508683
2013-11-14,0.000543802178201439,0.001180882577405255,0.00813333328678917,0.019936665518216393,0.028104903949808243
2013-11-15,0.000526691304585653,0.001262480072273284,0.008223811532161961,0.019950225180852908,0.028078047524314198
2013-11-18,0.00062101926204066,0.001219137777018675,0.008092133784031343,0.01979258100353799,0.027862278622947732
2013-11-19,0.000521055257643336,0.001285453443494111,0.008233438958518819,0.019902545808076367,0.027962053282489352
2013-11-20,0.000597525769909975,0.001335583287206168,0.008336835072587076,0.020073959737987077,0.02802046992146331
2013-11-21,0.000636883434377392,0.0013698519443417908,0.008538767320992867,0.020494018126606423,0.0283548974981712
2013-11-22,0.000780952833121535,0.001515011872938361,0.008535162000828595,0.02026575585582779,0.028071792871058415
2013-11-25,0.000620329161384188,0.001473285604093517,0.008340672375412446,0.019920628231163987,0.027596009476930576
2013-11-26,0.000595549297795957,0.001408993428195031,0.008267574852748974,0.0198678282553574,0.02754670960630806
2013-11-27,0.0007533288824885009,0.001449526780929506,0.008279535285794629,0.019934190973540288,0.02760172599931794
2013-11-28,0.000772083316702207,0.001413852602534868,0.008204799621431898,0.019842442670491307,0.02749036600706133
2013-11-29,0.000776739432517106,0.001425077566575052,0.008232558331103661,0.019865840246800034,0.027433694512859808
2013-12-02,0.000821938994566717,0.001517112918867278,0.008479840870050142,0.020214893203253936,0.027494249895376563
2013-12-03,0.000997876602193478,0.001502850902175305,0.00844946391807932,0.02014172017683342,0.02762357081200392
2013-12-04,0.001047485570454673,0.00171137437668595,0.008831172192626698,0.02060604804983911,0.02797751398789539
2013-12-05,0.0009553099969433509,0.002125215597453187,0.009470005099566425,0.021144592491603883,0.028481741924721797
2013-12-06,0.001087529619634704,0.002256740092133995,0.009641698432288211,0.02128213352268011,0.028310353634732464
2013-12-09,0.0012378486309006689,0.0022617153973885527,0.009495321629095395,0.021084115849323,0.02824645283153909
2013-12-10,0.001142018802773708,0.00226637693830042,0.009474836566660434,0.020996125066963592,0.028315543430143086
2013-12-11,0.0014507476246588698,0.002400453333779308,0.009520337110041606,0.021030387088243688,0.02823684742467086
2013-12-12,0.001532232716510649,0.002604608161469102,0.009735709246393753,0.02112674213278771,0.028204645673386205
2013-12-13,0.00148358843946963,0.00261790556709045,0.009764615016657983,0.02110884111367945,0.028122884594617478
2013-12-16,0.001617265171551807,0.002602428243761689,0.009695156285711706,0.02107390216867243,0.02804675241119436
2013-12-17,0.001610168844796288,0.0025048156449593863,0.009603807373695634,0.021065094242838187,0.028041530732930843
2013-12-18,0.0014700140779410232,0.002531631371111982,0.009742341585654585,0.02114220832439024,0.027848374007188578
2013-12-19,0.0011807249262158611,0.002574269176333685,0.010050560863587972,0.02152465221064221,0.028146857902814026
2013-12-20,0.001260925438471538,0.002601366284257311,0.010187234750607378,0.02160389274607043,0.02828528169750128
2013-12-23,0.001058805565022784,0.002519541118329451,0.01019063551565182,0.021619615616489226,0.02827571365812842
2013-12-24,0.001058984850170952,0.00250463398178808,0.01018475538196216,0.02163011022875501,0.028263792261757632
2013-12-27,0.001073726166674142,0.0027200075686281177,0.010795837595989016,0.02235528453433439,0.029034010735584776
2013-12-30,0.0008340956889742331,0.0025405461217303848,0.010730425198902448,0.022383690048861808,0.02903328415991977
2013-12-31,0.000799006832028053,0.002482694912188021,0.010711415030525008,0.022408795742505098,0.028995872178341858
2014-01-02,0.0009940715390877831,0.002541735149590778,0.010683209226766995,0.022420753092057197,0.02914717900605821
2014-01-03,0.000856770657846032,0.002493429255966885,0.010606696521358223,0.022354038797721777,0.02937994591320162
2014-01-06,0.000967875075814287,0.00240272391043641,0.010327912228123504,0.021999538136355305,0.02906669985158283
2014-01-07,0.001007289465357257,0.002436146136617489,0.01023688278705074,0.0217897837881284,0.02896160427021905
2014-01-08,0.000965131764715038,0.002461059738793487,0.010269473458263526,0.021791118887773697,0.02898348184343064
2014-01-09,0.001005324771492698,0.00247340866454957,0.010369459831883435,0.021981300792117384,0.029033338215987567
2014-01-10,0.001053370682887894,0.002214768746335282,0.009899945029570284,0.02160339147312209,0.029058449912913648
2014-01-13,0.000999632739252536,0.002150492669731596,0.009716019529618532,0.021285552373750363,0.02878538414202067
2014-01-14,0.001152952408861728,0.002282490342670691,0.009739118105536484,0.02119306219995868,0.028721090350897042
2014-01-15,0.00123621033508132,0.0024657007288480057,0.009985664002901622,0.02141214731986639,0.028814792516662968
2014-01-16,0.001320147237961115,0.002220829823394234,0.009486321370696348,0.020892876187119568,0.02850132194855868
2014-01-17,0.001224296749733646,0.0020612071995419158,0.009302097679681695,0.02073714200182603,0.02837238450059029
2014-01-20,0.001364225498068821,0.0020036448475788757,0.008955160287015325,0.020399887755738,0.027766401106335943
2014-01-21,0.00122857590750516,0.001983559609182785,0.009020597032571978,0.02045722927601144,0.027716022243908636
2014-01-22,0.001182694114432784,0.0020789924091728328,0.009236493221716088,0.020709524256959034,0.027914158320581063
2014-01-23,0.0011988178473663499,0.001987189960530395,0.008942510497343984,0.02025131071983414,0.02755267231198557
2014-01-24,0.001069188958736568,0.0017309816769708062,0.008564362822173415,0.01981666757937925,0.02716907735886923
2014-01-27,0.0012683785554898088,0.001834622723055656,0.00860741586141649,0.019819430231244783,0.02705888997849203
2014-01-28,0.00118968877986391,0.001789498579464474,0.008623047144246731,0.019888725290340383,0.027117590055285738
2014-01-29,0.001167148508878496,0.0016435404544130792,0.008377153125891476,0.01961751187366631,0.02690301273470741
2014-01-30,0.001210182223586078,0.001403023580507452,0.00807199892863645,0.01943330384112988,0.02667069565782057
2014-01-31,0.000905070535971132,0.001075917425352668,0.007651081539253983,0.018946035594776943,0.026346329957091894
2014-02-03,0.001087578108111466,0.001059171707134249,0.007499224628065777,0.018797787851643547,0.026294796753007763
2014-02-04,0.0010737451425959451,0.001076109028482834,0.007537670908225547,0.01883789298119739,0.02631700256685151
2014-02-05,0.001117243687728446,0.001096821592033574,0.007531178312704334,0.018795152156429813,0.026214193020977192
2014-02-06,0.001251253402656733,0.0015427736591457281,0.00812400689705048,0.01931766243962901,0.026627774880018676
2014-02-07,0.001225155816848833,0.001238674107544679,0.00773072578475805,0.01905599528271311,0.02647244524632725
2014-02-10,0.001134294263881241,0.001340463076509741,0.0078788800049949,0.019163319932493924,0.026724019767115074
2014-02-11,0.001128052264308326,0.001360091442200328,0.00796957669439574,0.01930820204064113,0.02678350115563025
2014-02-12,0.00112337702354917,0.001296222900001251,0.007968570974912081,0.01940885565225628,0.02677417084923696
2014-02-13,0.0011347060921023258,0.0011565914014889731,0.007713157846066414,0.019150269551523876,0.026637344559357443
2014-02-14,0.001085905444218171,0.001275318077119447,0.007888965207698124,0.0192813180813402,0.0267897600404245
2014-02-17,0.001132840628455494,0.001273280413545761,0.007875291207903423,0.01932889819748488,0.026956318047685512
2014-02-18,0.0012359597402095191,0.001295156211938821,0.00776944233182511,0.019203570494749026,0.02713270723985556
2014-02-19,0.00115906096748068,0.001204131042185121,0.007642471900232275,0.019031235163909654,0.02693977053203338
2014-02-20,0.00107220853695597,0.001330460353127875,0.007912681543818927,0.019299264254268457,0.027094104466740303
2014-02-21,0.001204372581599326,0.0012905784221760542,0.007749646409177666,0.01911847509768151,0.026961573696980764
2014-02-24,0.001221658693874576,0.001412346984224464,0.0079386177850781,0.01932414266572429,0.02718338220261792
2014-02-25,0.001392313873615409,0.001386314577582292,0.007756744904930306,0.01904460210765457,0.026767968401903028
2014-02-26,0.001396179234630122,0.00115010379158579,0.007374501456462106,0.01861486229548366,0.0262138755214438
2014-02-27,0.001341146616764656,0.000961266176767847,0.0069689082470172446,0.01805590718081981,0.025781163921981265
2014-02-28,0.001362816083298722,0.001554750532464797,0.007860643504106228,0.01880141761770952,0.026168971182213042
2014-03-03,0.0013914425166931229,0.001335660669356491,0.007372316947073871,0.01817980950704956,0.025684349598316385
2014-03-04,0.001298099955294294,0.001237309061048206,0.007402020402635241,0.018380411734413994,0.025833880356348662
2014-03-05,0.001151313422974329,0.0013190350769046821,0.007497085752408594,0.01852389886416388,0.02581931613093272
2014-03-06,0.001433138491467176,0.001739469783626015,0.007965567515977625,0.01891786202560493,0.026096516490892854
2014-03-07,0.001655716074600841,0.0019143444042425538,0.008096303872534082,0.01901123257820924,0.026131017008437767
2014-03-10,0.0018487076174437949,0.0017810512313611228,0.007737937135595052,0.01862491213801806,0.02582892799892289
2014-03-11,0.001752931458944495,0.00179734509217146,0.007898824904520828,0.018954635245252788,0.026357382937193793
2014-03-12,0.001718928026773035,0.001662084306515603,0.007546610982666406,0.018419437170416816,0.02598848845834325
2014-03-13,0.0017251215685138118,0.001605218081213162,0.007372909152089165,0.01816360916001834,0.025853994692983648
2014-03-14,0.001680232276764885,0.001493733532375447,0.007151368260160531,0.017861076787800627,0.025632882796798442
2014-03-17,0.001835972463425941,0.001618114824798788,0.007271768980199731,0.01800762380925789,0.02578090699927725
2014-03-18,0.0020104781451464678,0.001678601943924151,0.007333896149847305,0.018136094410044823,0.02577109994483061
2014-03-19,0.001874212885444014,0.001792655713644539,0.007609169044962219,0.018422771446505903,0.026012164419647158
2014-03-20,0.0019009716824361688,0.0022371317060920683,0.00829618125725327,0.01900637883402326,0.0262069341090566
2014-03-21,0.0019791647031505042,0.002207849223799232,0.008110501753651187,0.018715373395694134,0.026022697798830628
2014-03-24,0.001925458599758994,0.002032457105493983,0.007817819876121507,0.018368971407169248,0.025725212674471535
2014-03-25,0.001757235260803419,0.0018180326529598151,0.0076218813678877685,0.01822855329258644,0.02553931747853767
2014-03-26,0.0017195754428427621,0.001630278402725231,0.0073582814461110235,0.018022560977257386,0.02547679375209731
2014-03-27,0.001676724211721046,0.00141661418454793,0.007083169348118456,0.01781713600951032,0.02531678824496503
2014-03-28,0.001600679367125587,0.0015186928741353432,0.007281713962973404,0.01794942489305993,0.02523936218398721
2014-03-31,0.00159271124497898,0.001717926110965528,0.0075883098303426875,0.0182211901094795,0.025443829533008923
2014-04-01,0.00163578180278496,0.0017731263151986852,0.007633920398177203,0.018265109773435064,0.025558656908335607
2014-04-02,0.0016768911337698132,0.001898221416696195,0.00786491782829458,0.01857252639955625,0.02582688560423523
2014-04-03,0.001788909375027193,0.0018927686921399762,0.007804548531077673,0.01855390566280564,0.025880830440822334
2014-04-04,0.001777843377309511,0.001684693596151061,0.00728545901457192,0.0180466909714076,0.02539024529381356
2014-04-07,0.001629582697911215,0.001575481446568631,0.0071454585403354365,0.017837502005554836,0.025240593049741418
2014-04-08,0.001614868189181212,0.001715860462640943,0.007390626482306804,0.01808494562719976,0.025418037504929922
2014-04-09,0.001406755722665406,0.00187303455486417,0.0077030046814497944,0.018251003572158933,0.02537858213050346
2014-04-10,0.0013917161204916701,0.0016854623124046108,0.007326467647091936,0.01779630030093487,0.02515701291563761
2014-04-11,0.0015700037047090259,0.0015944310312069729,0.007047273628208073,0.01745372034018687,0.024712687300393527
2014-04-14,0.001553500336473832,0.0015992221773660509,0.007093034410097392,0.017516170914933474,0.024668513473452527
2014-04-15,0.0015264789802767078,0.001535168912205171,0.007001214337230284,0.017431947785703547,0.02465748324152598
2014-04-16,0.001450898441749992,0.001464901078468501,0.006861462181618405,0.017177186304522696,0.024388193703524505
2014-04-17,0.001226334933458311,0.001653160616415463,0.007190480033494024,0.017350965962574908,0.02459459500124878
2014-04-22,0.001364380599693564,0.001846907685482341,0.007474280339203467,0.017711666080674204,0.024900850739275397
2014-04-23,0.001498482559929207,0.0019249353206620859,0.007503245155191527,0.017676579229953374,0.024692686935310487
2014-04-24,0.001553683152875017,0.0018963969991703238,0.007377146384811235,0.017478380249987345,0.024498496211982232
2014-04-25,0.001452642951859755,0.001835522530291196,0.007241902156029223,0.01717606881513402,0.02413251601609859
2014-04-28,0.001421444332123272,0.0019539059328295087,0.007455094716669937,0.017369607909571698,0.024204547114306814
2014-04-29,0.001209933811404206,0.0017392220554002821,0.007363245022195617,0.017504005068821035,0.024494442253546148
2014-04-30,0.001251878301012804,0.001575993413145648,0.007060645669491921,0.017207650749501476,0.024332679365319628
2014-05-02,0.001325651816357219,0.001475326018555391,0.006880433945242519,0.0170646586395618,0.024180203722921168
2014-05-05,0.001372240420217222,0.0013861845659223172,0.006719322833454715,0.016910798723493787,0.023994105597137504
2014-05-06,0.001545547165280723,0.0015577865254620701,0.0068425190046337465,0.016975652096159578,0.024107865760547183
2014-05-07,0.001370271465539277,0.001667285653820251,0.007124286643294147,0.017221118267258414,0.02418608087717159
2014-05-08,0.0013032676075337651,0.001368925954844972,0.006707537008963102,0.016897069650115625,0.02413004995402362
2014-05-09,0.001259053445464261,0.001261004379288532,0.006588997732840003,0.01688633686567613,0.024395212149458726
2014-05-12,0.001432964706811283,0.001344186171047665,0.006651260656358078,0.01699017528904287,0.02444644971173347
2014-05-13,0.0014392500436724608,0.001075221882258912,0.006248565985801591,0.016639283696397323,0.024117514813982346
2014-05-14,0.001360242332153354,0.000867069864965626,0.005839410598461994,0.016066237220726177,0.023655770440059194
2014-05-15,0.0012832505066209421,0.000663519556758545,0.005487527303337778,0.015607628080911332,0.02322014504431604
2014-05-16,0.001301560504552978,0.000828256233602084,0.0057072341150356375,0.01574347970513595,0.023197487477731732
2014-05-19,0.001109782211016575,0.0007905544118683449,0.005772920851366203,0.01582525943154632,0.02326137388224915
2014-05-20,0.001331812740806744,0.0007866268765737371,0.005800854591977567,0.016088589173728317,0.02342534897320097
2014-05-21,0.0012878995247822941,0.000880553684102158,0.006006887182645082,0.01631967796496319,0.02356739128054708
2014-05-22,0.00103989774389708,0.000721075593980926,0.005795139120307135,0.01597501152231399,0.023342156469440135
2014-05-23,0.001151508572309196,0.0006830529937649869,0.005733597032534759,0.01601933395486734,0.023404411710241574
2014-05-26,0.000931592492655793,0.0006044219503027821,0.0056894366118682435,0.015920306952066383,0.023395035359495674
2014-05-27,0.001143156803605244,0.000520424230520202,0.005450849545591501,0.015744188267215683,0.023332327788070716
2014-05-28,0.0009592658853243349,0.00044544897152238796,0.005239706673816871,0.015268182294777777,0.023037030440680447
2014-05-29,0.000877773922077211,0.000508309574071206,0.005319580757219802,0.015279022335334841,0.02318643777427757
2014-05-30,0.0008844003279489269,0.000638350763972521,0.005557135580564818,0.015579182957339172,0.02346522900388261
2014-06-02,0.000921737608948234,0.000509106008221325,0.00542708683024319,0.015566696571781842,0.023267493748034388
2014-06-03,0.0009167886004549599,0.000684268854270615,0.005859435253904408,0.016186152888736025,0.023682988180540328
2014-06-04,0.000622317566820902,0.000569611914026433,0.0059226317981686365,0.016336505787452885,0.023752525402335002
2014-06-05,0.0006293566175449471,0.000487144499024352,0.005807143395692754,0.016325384483376545,0.024049506521737665
2014-06-06,0.001119124020370068,0.00020977410784865001,0.004851972556540112,0.015246174070803288,0.023964341494751226
2014-06-09,0.000824699398494784,0.000350881077151656,0.00516822259680497,0.015388219263695052,0.02399705139964408
2014-06-10,0.0005885410507599341,0.00042803845899225,0.005487431875921445,0.01575589231845518,0.02409491853444727
2014-06-11,0.000536770248660125,0.000299748481679009,0.005389163476892378,0.015765670259511654,0.024035865230995344
2014-06-12,0.000566732457232787,0.00016952588335669298,0.00525378372348702,0.015825663023934445,0.024327726436328898
2014-06-13,0.000392223252064565,0.000127356189521408,0.005236279611717096,0.01569257989507742,0.024059709417889725
2014-06-16,0.000479305691614412,9.6981057443938e-05,0.0050528101033117424,0.01539643637068192,0.023824882665560806
2014-06-17,0.000576174876321273,0.000228198145952891,0.00533428562078539,0.01582299833104699,0.02397290009984311
2014-06-18,0.00044803368640723403,0.000198297853704163,0.005274893715882225,0.015650273238049614,0.02388971760153638
2014-06-19,0.000524953895817282,7.5921940126608e-05,0.0048198279685131955,0.014913509214242832,0.02356939073606592
2014-06-20,0.000540519120268038,0.000228791299088975,0.005133456014119746,0.015371233147902447,0.023918366104112597
2014-06-23,0.00039810373510264,0.000108687561492319,0.0049413424093535056,0.01507952398029663,0.02380602336446004
2014-06-24,0.000408439755573326,0.000152369102731069,0.004997549843806252,0.015115429945883597,0.023893960308150688
2014-06-25,0.000482487103203181,3.7925193007604e-05,0.00464447069656714,0.014571361123607468,0.023420195679825707
2014-06-26,0.000409621199831379,2.1943269757711e-05,0.0045556754920994804,0.014272626723159636,0.022980772178172827
2014-06-27,0.000424453215784731,0.00015370152214987999,0.004725639145320413,0.014382297151748552,0.02299508539728249
2014-06-30,0.000487153310581965,0.00016415252528116,0.004710473399219115,0.014384625015574243,0.023027975411371318
2014-07-01,0.000519872454285049,1.2467245288907e-05,0.0044841094465616835,0.01426294507540974,0.02311272894418784
2014-07-02,0.000599412972396875,9.684753267151699e-05,0.004651504545965741,0.014544865134180691,0.023323512664106996
2014-07-03,0.0005105974761232749,2.0601238267409998e-05,0.004695558742033201,0.014796767850486257,0.02371256031223788
2014-07-04,0.000572306738947788,-7.4855369309672e-05,0.004380193538290227,0.014299192745866583,0.02329053064446577
2014-07-07,0.000589744781541659,-3.6564196774606e-05,0.004427662236501151,0.014344417718009286,0.0233482720696752
2014-07-08,0.000542832700480422,-0.00010569212085508,0.004210438589026486,0.013952326586079594,0.023132103118622346
2014-07-09,0.000513476388908423,-6.8372771341631e-05,0.004249561269818604,0.013918794648192323,0.02304103249389417
2014-07-10,0.000501703605944058,-0.00012003242463264501,0.004086307965409741,0.013596561715392096,0.02261851383652036
2014-07-11,0.000448176816352583,-0.00010315038019815501,0.0041559885206679595,0.013674112491775716,0.022654354462961886
2014-07-14,0.000565928459143058,-3.7722716389505e-05,0.0042310127546981045,0.013780740160870249,0.02255903619387832
2014-07-15,0.000441164749674969,-0.000128010304999683,0.004085869471286587,0.013492298973430534,0.022309659849564276
2014-07-16,0.000531736625262706,-7.4118336128865e-05,0.004147595685099512,0.013558060700718997,0.0221304861236383
2014-07-17,0.00032989583440664,-0.000108531271572203,0.004081765971097004,0.01330168346418314,0.02201045820128229
2014-07-18,0.0005319770018674961,-5.6607479640464e-05,0.0039845360549925065,0.013081392119845532,0.02160583831064717
2014-07-21,0.000419057317287242,-3.8723973420666e-05,0.004015735002582348,0.01302779550065149,0.02166671773542092
2014-07-22,0.000418087255147675,2.4982995032023e-05,0.004170410224515182,0.013250154346632695,0.021803290953155374
2014-07-23,0.00049342400932969,-2.230724028029e-05,0.003973869783460104,0.012953232851633753,0.02159323746749642
2014-07-24,0.00037306499503724297,2.7256470098158e-05,0.004229003006587328,0.01335353888002632,0.021894426380624287
2014-07-25,0.000303687784424911,-6.1203340424174e-05,0.004056025248315329,0.013057305631730689,0.021568373790575336
2014-07-28,0.000374744429573443,-1.9713981644229e-05,0.004016703895877205,0.01289875814604715,0.021311751387829612
2014-07-29,0.000346356237853061,-4.7377499964609003e-05,0.003918937598902472,0.01265896764493971,0.020929361994527246
2014-07-30,0.000272850792729728,2.3310946282299998e-05,0.004117082951810253,0.01292014354821779,0.02119400971039871
2014-07-31,0.000353752585668525,5.6386898885171997e-05,0.004286186494504997,0.013383150598159546,0.021775719786737063
2014-08-01,0.000289867060834077,-5.8636820961129995e-05,0.004103864752043904,0.013161079313859876,0.021648125617216775
2014-08-04,0.000443489230134452,-5.1649296774027004e-05,0.0039240252463347315,0.012829435166897225,0.021335510150581403
2014-08-05,0.000420793339108713,4.9305195408004e-05,0.004190106816588512,0.013197571582826705,0.021487072961348844
2014-08-06,0.000222332487407881,-0.000151303640202717,0.003841998761202996,0.012585548258860024,0.02076785326187454
2014-08-07,0.00040179700408360305,-0.00012322050897807,0.003740015410306032,0.0124262366310099,0.02061393159199346
2014-08-08,0.000317502660254236,-0.00015175773749056499,0.003609155801718682,0.012028518091371714,0.020006603804283218
2014-08-11,0.000275836699978621,-0.00018719772766974703,0.0036207403877763777,0.012128423929446122,0.02020171607664695
2014-08-12,0.00025499432228448597,-0.00016739758354348402,0.003647125018766752,0.01217148505269388,0.020490053412358423
2014-08-13,0.000398335363067846,-0.000217928831441058,0.003485936638275806,0.012059895440014661,0.02054844715107869
2014-08-14,0.00042361311321751,-0.000233872667110248,0.0033385761233983217,0.011708204779011496,0.020038419373156827
2014-08-15,0.00039350895847938596,-0.00023866521112282603,0.003311073789918053,0.011610304524953187,0.01989999379583948
2014-08-18,0.000348429082081969,-0.000244165351673837,0.0033991635812316277,0.011776764896112403,0.019878750434106682
2014-08-19,0.000330035141461254,-0.000291691302302425,0.003298698439034284,0.011614864090874056,0.019692325237858525
2014-08-20,0.00024239679422746098,-0.000351419806886768,0.0031997123648635378,0.011395832998503464,0.019332732384976212
2014-08-21,0.000261362602284309,-0.000304699696645283,0.003243575745821099,0.011385819522363744,0.019212337100994667
2014-08-22,0.00030246164221032297,-0.000231021924326402,0.003282228453527169,0.011319033945637127,0.019068156471906506
2014-08-25,1.8699107897843e-05,-0.0006167820624888521,0.0028304503141481693,0.010898974136782744,0.018842778265130943
2014-08-26,3.1264472264856e-05,-0.000458402576226575,0.0029239264925129222,0.010776148299754026,0.018938565580466592
2014-08-27,3.3625584488279e-05,-0.000565417743537386,0.0025950572306148788,0.010254248367602959,0.018751884402452942
2014-08-28,4.3959825802992994e-05,-0.00045686658739111497,0.002678983113014554,0.010145557248382009,0.01837000182641347
2014-08-29,-3.2032275918973e-05,-0.000473967107675532,0.00276185551315228,0.010315180883109988,0.018419002208099784
2014-09-01,-1.1010131452780999e-05,-0.000615991438754828,0.0026155341150370147,0.010363693438570848,0.018614356289490673
2014-09-02,2.9238691129926e-05,-0.000536016685010647,0.002879578811430878,0.010893376769506115,0.0191379449979906
2014-09-03,0.000159183287776489,-0.00047552396767349596,0.0029605396911880177,0.011108025148485528,0.019493930187441822
2014-09-04,-0.000285646117978503,-0.000978001663553964,0.0025476159382329475,0.011020269731542784,0.02003645431676591
2014-09-05,-0.000294436159511858,-0.001039730634904638,0.0023542081403807548,0.010756352727097384,0.02018332321447628
2014-09-08,-0.000296462659911248,-0.001046675991114423,0.002341984551137548,0.010685966470249912,0.01978647411279227
2014-09-09,-0.000301230881502997,-0.00097539630445246,0.002725116653330142,0.011477794352284958,0.020406754223748002
2014-09-10,-0.000244351347223693,-0.0009024724048553739,0.002860633213096815,0.011666263261361085,0.02041369485026405
2014-09-11,-0.000293515097792563,-0.000911994986267723,0.002851765264738493,0.01158128645689871,0.02013949451995496
2014-09-12,-0.000267402874158759,-0.000725965913227399,0.003223529268631209,0.01208048068381892,0.020574537108122244
2014-09-15,-0.000288751195056988,-0.0008700999325710019,0.002954117451120925,0.011743108728672071,0.020314480309808838
2014-09-16,-0.000174987765867528,-0.0007774970294107229,0.0030344693436151707,0.01186040300732083,0.020620943083821116
2014-09-17,-0.000293297275181827,-0.0009005886882591781,0.002920206404061618,0.011807327268441066,0.020796823746935467
2014-09-18,-0.000257619708980192,-0.000669291348569229,0.0033178129839192476,0.012223096652225136,0.020928217052449224
2014-09-19,-0.00027846063071632396,-0.0008372952559214609,0.0029463247383573333,0.01171464804817071,0.020684800682899844
2014-09-22,-0.00028271102735094903,-0.000889171022880508,0.002789092191480886,0.011427299190927505,0.02037307362451053
2014-09-23,-0.00018609501509532202,-0.000676634389948822,0.002952895717321304,0.01134184165371125,0.020021975816775145
2014-09-24,-0.000251585473763839,-0.000769941681516268,0.0027856715294232084,0.011116881672622592,0.01999302450809541
2014-09-25,-0.000273305883801309,-0.0009017075200068491,0.002580886340760813,0.010931487493427516,0.019951099828552588
2014-09-26,-0.000281655987248689,-0.000942846850941911,0.002537329703504358,0.010905677857581111,0.01984511429332632
2014-09-29,-0.000274568908755573,-0.000922217562804594,0.002497983563544998,0.010716565596591891,0.01945581530581295
2014-09-30,-0.000279748168704405,-0.0009650228007614319,0.002402288153840732,0.010588503966798833,0.019417622990889432
2014-10-01,-0.000288165079995617,-0.001059627800261151,0.002133057334686805,0.010133252352582743,0.019060026040362422
2014-10-02,-0.00027498529681598,-0.0009664973544154069,0.002315129971940388,0.010363622449940858,0.01919091854620718
2014-10-03,-0.000243224204463771,-0.000779789095431975,0.002584570518008613,0.010558025179447936,0.019103574081573416
2014-10-06,-0.00025695606602987,-0.0008658412754472699,0.002436415194580234,0.010376328492622626,0.018892443800027393
2014-10-07,-0.000257576298152653,-0.000877690283081604,0.002402340859324176,0.010342258843341048,0.01900250245169949
2014-10-08,-0.00025127017620479,-0.000869696347226067,0.002334693219091104,0.010158985889269135,0.018895434993243202
2014-10-09,-0.000273829640071793,-0.0009936183927453301,0.002178577704729409,0.01008132100447897,0.01895707530627849
2014-10-10,-0.000247043280648894,-0.000856488895963658,0.002323918907063307,0.010107210422806857,0.01888971166696458
2014-10-13,-0.000220567706706772,-0.0007152042882848029,0.002502179957236672,0.010241736335972442,0.019116973455380038
2014-10-14,-0.00023577306712954798,-0.000846027622470901,0.002181112061429022,0.00971663804059192,0.018578639545033734
2014-10-15,-0.000242189639672626,-0.000946436037744784,0.0018210899484609742,0.00893227829289324,0.017333221264173186
2014-10-16,-0.000207683756279556,-0.000719161520790945,0.002213250348456812,0.009314082597330008,0.01722626058447898
2014-10-17,-0.000204167613408231,-0.000626273708252416,0.002574461519694004,0.010078728141550553,0.01841096974147284
2014-10-20,-0.000217804308206745,-0.0007304731585961211,0.002369082816717034,0.009859708821443504,0.01822301313113234
2014-10-21,-0.000206854831071648,-0.000657296646366396,0.0025145503263508838,0.01009128872444375,0.018648254966718666
2014-10-22,-0.000202252210000357,-0.0006364107802507619,0.00253393963728417,0.010110278834301545,0.018794583408889967
2014-10-23,-0.00020702422912615402,-0.0006529588204827599,0.002546128522365114,0.010197349589463273,0.018960620610579088
2014-10-24,-0.000208692147453928,-0.0006522869896991241,0.0025638251941070937,0.010194974546254445,0.018695946806373633
2014-10-27,-0.00019472580467699,-0.000595127840021336,0.0025764590003748023,0.010080712260432953,0.018581506574259603
2014-10-28,-0.000206288938896024,-0.000639671087545257,0.002567462713989643,0.01013627995225856,0.01846249132162592
2014-10-29,-0.000198620823824215,-0.000605834357779087,0.0025933959544819007,0.010145639393776582,0.01863351979815099
2014-10-30,-0.000225340063045603,-0.000779384077526401,0.00227748128710858,0.00973261093833332,0.018162708812461518
2014-10-31,-0.000230645802687926,-0.000826690687449698,0.002175116135242545,0.009638364085329972,0.018411136187059515
2014-11-03,-0.00022110331228219202,-0.000786524595747577,0.0022013355820346887,0.009648089851540505,0.018671960482582295
2014-11-04,-0.000211780542895725,-0.000776693318663475,0.002083633738195107,0.009308472625281105,0.01833079985787664
2014-11-05,-0.00022284123699811898,-0.0008219629632963341,0.002078612681067122,0.009429501923916072,0.01855908119215993
2014-11-06,-0.00023245298207087099,-0.000872766534648827,0.002029129577646209,0.00946459878424622,0.018809179908973926
2014-11-07,-0.000234918217527681,-0.000886650127680819,0.00201082109696089,0.00945455079540058,0.018819153999674945
2014-11-10,-0.0002227272511573,-0.0008312993094798531,0.002039493838212536,0.009364146175117345,0.018569887156526826
2014-11-11,-0.000217916454715031,-0.0008070833002974299,0.002068105496015286,0.00938903268343938,0.018589198552017967
2014-11-12,-0.000220163602961964,-0.000840209364572466,0.001953398641567476,0.009147219362663765,0.018224658757571618
2014-11-13,-0.000215606299266404,-0.000815239638960556,0.001984132002631948,0.009159127845741261,0.01819591651195981
2014-11-14,-0.00021770038745322798,-0.000834741019077225,0.0019326519352344989,0.00906896971230287,0.018087877681749385
2014-11-17,-0.00019924142678422,-0.0007305680645813779,0.002076395618158066,0.009180497060778671,0.01814094472632188
2014-11-18,-0.00020183541383739502,-0.0007522499680635961,0.002022950371942027,0.009091372722668982,0.018119569507976285
2014-11-19,-0.000152620047334769,-0.000458306275497291,0.002483283008088763,0.009572553812109934,0.018615702130304577
2014-11-20,-0.00016535381100732502,-0.000558231583775308,0.0022559942884990388,0.009214990377726284,0.018222792147859462
2014-11-21,-0.00018260887685765702,-0.000679493513680351,0.002016054178944113,0.008893067051184112,0.017953458913387045
2014-11-24,-0.000188072408829169,-0.0007044773478133059,0.002003132817823187,0.008935833939899487,0.01806978242851385
2014-11-25,-0.000185857811685001,-0.000726130962495035,0.001872298326591304,0.008658652838502628,0.017906972237142497
2014-11-26,-0.000180192275225691,-0.000709917761949028,0.0018380137227501688,0.008495992083596048,0.017564060356744085
2014-11-27,-0.000180558700007412,-0.000748038326726319,0.001665725293054274,0.008111823203315875,0.01720985287093965
2014-11-28,-0.00016115224016663597,-0.000667006797005105,0.001698919691018465,0.008015239549035274,0.01705244253810411
2014-12-01,-0.000145542241926954,-0.0005853253338206469,0.001796036848152464,0.008078986866097431,0.01721597091618121
2014-12-02,-0.00014210109779752502,-0.000514599609062331,0.002047150483031332,0.008542518613185992,0.017411465374068315
2014-12-03,-0.00016409910692069998,-0.000617956699173101,0.0019750262941440598,0.008638810054519004,0.017604874260968736
2014-12-04,-0.000161446829918531,-0.0006105993864276319,0.001957247309337439,0.008556116871549566,0.017420748521208323
2014-12-05,-0.000155999330311984,-0.00056357774284768,0.002072301251606481,0.008739995028065807,0.017565733392376756
2014-12-08,-0.000160405142207829,-0.0006383721575802149,0.0018124182251729071,0.008233596557691758,0.017087718767896564
2014-12-09,-0.000153667310133857,-0.000615561461388685,0.001780746244022406,0.008030535582297542,0.016502718235213466
2014-12-10,-0.000149782057398061,-0.000601446429641279,0.0017697038350995339,0.007941193962530235,0.016267654923065616
2014-12-11,-0.000150789141223447,-0.000616723782355475,0.001705873516260512,0.007762089231710449,0.01577972954837918
2014-12-12,-0.00015530339948319902,-0.0006673375497685,0.001552124510315451,0.007461344772596199,0.015383059418014771
2014-12-15,-0.000152105521115691,-0.000648555882157948,0.001580482044945164,0.007489120898322108,0.015415747719717467
2014-12-16,-0.000151834594546678,-0.0006973926702114271,0.0013406726090632582,0.00691778959489187,0.014574229925364699
2014-12-17,-0.00016274489190629699,-0.0007489511135348741,0.001304318198328378,0.0069660362252375665,0.01464906573040091
2014-12-18,-0.000179604276109924,-0.00080096370326252,0.001380391856242928,0.007355178695014199,0.015316435374402556
2014-12-19,-0.00019090534513065398,-0.000873057683319236,0.001258994069467336,0.007232247129564095,0.015304643933815466
2014-12-22,-0.000194350334208892,-0.0009010972485389509,0.001199429189011684,0.00716774868568578,0.015405721561902397
2014-12-23,-0.000199470990143164,-0.000932660807162206,0.00114690714988769,0.007106716251969276,0.015333673072874945
2014-12-24,-0.00020484251319130098,-0.0009577522605960629,0.001126902842977788,0.007112624575497098,0.01530154492939948
2014-12-29,-0.000212451597273125,-0.001035949295957125,0.000893048347987193,0.00664448747355749,0.014899366522880486
2014-12-30,-0.000228808127507775,-0.001136337042352924,0.000731460815768905,0.006480343081767224,0.014794708626879238
2014-12-31,-0.00023440341904955702,-0.001162599667172621,0.0007102068428846129,0.006486316636468334,0.014762862213631428
2015-01-02,-0.000227505012788733,-0.001159417169391758,0.000591067412707158,0.006114106978014604,0.014152581835722735
2015-01-05,-0.000220041964027712,-0.001136904946764816,0.000552082638547366,0.005918010000356606,0.01376670678405958
2015-01-06,-0.00020037537579427198,-0.0010760536770637009,0.00043905994312226794,0.005309884923896479,0.012324958809454677
2015-01-07,-0.000242195175035069,-0.001167920912234565,0.000602790346008657,0.005644069114430037,0.013348764060591928
2015-01-08,-0.000255962464936476,-0.001182212538996978,0.000742074172410323,0.005987102476670341,0.013816085560416101
2015-01-09,-0.000276087413377132,-0.001264501051782476,0.000713428477924562,0.006102131011214746,0.013928475152823184
2015-01-12,-0.000267308629905234,-0.001279719574150135,0.000496252592584438,0.005554392211983172,0.013211858156997365
2015-01-13,-0.00027292767275740497,-0.0013101575095654239,0.000456408957835217,0.005521972679768732,0.013155845146603364
2015-01-14,-0.000266085369528467,-0.001356224659371396,0.0001644917373258,0.004929376954846809,0.012655218035265045
2015-01-15,-0.000321656491183099,-0.001612619141350202,-4.6123362478418e-05,0.004956771606776344,0.012518774484009176
2015-01-16,-0.00032360842207296704,-0.001646247357850478,-0.000136243834420834,0.004857418038815373,0.012427407204014189
2015-01-19,-0.000333807068784087,-0.001674097951036328,-0.00013099189446839901,0.004840390597235453,0.012328995058883798
2015-01-20,-0.00030288782395882,-0.0015022371232743831,0.000100673073730703,0.005012989995279425,0.012396881814097437
2015-01-21,-0.001756695110031474,-0.001122389197494431,0.0005101326573466549,0.005457350756482861,0.013206912804821381
2015-01-22,-0.001608799252855701,-0.001534603599926254,0.000370975197731318,0.006147899305639859,0.014492245421445876
2015-01-23,-0.0015163610474740671,-0.0014317518446960152,-0.000300181094762961,0.004217445480769273,0.012203052984532534
2015-01-26,-0.001349522296095034,-0.001231669908270289,-2.3129458114715997e-05,0.00423433831850649,0.011893515955721927
2015-01-27,-0.001421102634896168,-0.0011807452306795891,5.5455237011576e-05,0.004393184517125945,0.011858910037790755
2015-01-28,-0.0015362014204427649,-0.001272113072234366,9.230813195411001e-06,0.004331658513987199,0.011491023689405334
2015-01-29,-0.001409006109963862,-0.0014521660420580402,-0.000159662402523232,0.004146606166652968,0.011219644197102191
2015-01-30,-0.001455343473344849,-0.001420980107298464,-0.000192329723731377,0.0039361991688153415,0.010710852413846682
2015-02-02,-0.001669349646196816,-0.001542298879030115,-0.000496658603212469,0.003531765189633806,0.010009028606791804
2015-02-03,-0.0016455085016233812,-0.001593573289183394,-0.000384820520935853,0.0038482114337332466,0.010425693134817872
2015-02-04,-0.001876322771836162,-0.001709638050429393,-0.000364949157419276,0.004087381111670451,0.010522527764714351
2015-02-05,-0.001914823559912166,-0.001685579383922515,-0.000279390914772936,0.004161315438122591,0.01041378093320659
2015-02-06,-0.001906982378903089,-0.001779871963982288,-0.000379491808549701,0.004091761060387735,0.010204610186978148
2015-02-09,-0.001727014593895714,-0.0017089512302362899,-0.00026705189531534197,0.004181052011151851,0.01027827712075364
2015-02-10,-0.0021346042665879132,-0.0017631232410473749,-0.00017329239235134902,0.004418954953377426,0.010407287537940468
2015-02-11,-0.002193969830036118,-0.001735606690941047,-0.000212769780434114,0.00429262339559088,0.010213776484110615
2015-02-12,-0.001758528062738115,-0.001819430883312873,-0.00037705558440688904,0.00401667499866487,0.009900915617467736
2015-02-13,-0.001623416517664511,-0.0018745676466672709,-0.000510381795419696,0.003978904614190415,0.010035611816103691
2015-02-16,-0.001830703925437094,-0.001885987868444323,-0.00052657240086728,0.004055185604857952,0.010270984384054105
2015-02-17,-0.0019366612942798539,-0.0017758876710173169,-0.000385476563880695,0.004155491862742033,0.010436205748360046
2015-02-18,-0.0017823409337289408,-0.0018551260012254838,-0.00038745236618290495,0.004505298238279839,0.011231641719085871
2015-02-19,-0.001620907966903328,-0.0018517401094890352,-0.000438399353333067,0.004489952990969382,0.011562933866097701
2015-02-20,-0.0017600633017010201,-0.001889554971223837,-0.0006890942053678039,0.004108820170599194,0.01127134519811023
2015-02-23,-0.00183537184758619,-0.001827884203536802,-0.000638551116376811,0.004313255245287066,0.011848673208089775
2015-02-24,-0.00173587926888748,-0.0017478002527215742,-0.000537823496193685,0.00447934706624395,0.011925825754927488
2015-02-25,-0.0019609134486648443,-0.001885157880819123,-0.000792711902467842,0.003937565619675001,0.011294702479445893
2015-02-26,-0.001966553839896471,-0.002067671927064989,-0.001036184187580142,0.003463972828538457,0.01054497901472126
2015-02-27,-0.002076791079833123,-0.002010120048677314,-0.0008053580836078519,0.003691326637656524,0.010859001274772453
2015-03-02,-0.001875426678781826,-0.001860227618669232,-0.000746735448827715,0.0038026545487498797,0.01113003469712282
2015-03-03,-0.002029455478526436,-0.001815655884101954,-0.000522633616523195,0.004144544438542485,0.011296891140745481
2015-03-04,-0.001768124690801989,-0.001744663742214082,-0.000470922683618959,0.004219169895068638,0.011277228457309042
2015-03-05,-0.001912606516201463,-0.001774210298950514,-0.000641818852974642,0.0039372059905764265,0.010858222856173176
2015-03-06,-0.001990737241850855,-0.0018612770713376469,-0.00048420464099830203,0.0041265067184973045,0.010691443303841046
2015-03-09,-0.001978496990839529,-0.001919520379084163,-0.000836552395166094,0.003530568343479994,0.010111823054841883
2015-03-10,-0.00195136864504066,-0.002108014720431157,-0.001199387259106925,0.002682225914654894,0.0084161372183788
2015-03-11,-0.002062255321474209,-0.002067221939761641,-0.0011915154140037009,0.002397059493364324,0.007755883808169066
2015-03-12,-0.002073078797222461,-0.002122770537875463,-0.001035935881511861,0.002675351617551138,0.007902406796047659
2015-03-13,-0.00203339562562937,-0.002104870986177632,-0.0007593968695829249,0.002980040599063355,0.00804839986614559
2015-03-16,-0.002084915645788649,-0.002009054681345352,-0.000643111484494384,0.0029257040683981477,0.007531544169356779
2015-03-17,-0.00189065256572683,-0.0017813057603592469,-0.00043498019698251603,0.0031906069319593638,0.00790475440426056
2015-03-18,-0.002048981706810523,-0.002051128307749669,-0.000948102259352282,0.002563721426101043,0.007332836156199393
2015-03-19,-0.002145486768107965,-0.002126192576172207,-0.000924141297447518,0.002444724439844856,0.0071574284105788664
2015-03-20,-0.001807972067480073,-0.002143199236104517,-0.00099372413441665,0.0024069915976208302,0.007196110483082388
2015-03-23,-0.0020173603049661788,-0.001972612535228263,-0.000667227057375297,0.002774382446402152,0.0073837323906711
2015-03-24,-0.002216426374769268,-0.001956491082270998,-0.000547781039377256,0.002903316550008338,0.007296581919427974
2015-03-25,-0.002205918333322216,-0.00201750693500046,-0.0005038677632756,0.002978546449124839,0.007237260510755585
2015-03-26,-0.0020774540546277882,-0.002241479472175986,-0.0006959917544299619,0.0029832554757039083,0.007465523687375754
2015-03-27,-0.002114955072365117,-0.002238468568540319,-0.000702166036648737,0.002895651720688785,0.007397833427210168
2015-03-30,-0.00216565138435458,-0.002166273895230797,-0.000758803978588262,0.002731608424952709,0.007075796497631603
2015-03-31,-0.002147816249804827,-0.002243697700188303,-0.0008291664264557599,0.002639295264340712,0.006884216001923606
2015-04-01,-0.0025238583902634894,-0.002309630186338053,-0.001052811670831925,0.0023672671570676273,0.006549490607800686
2015-04-02,-0.002456684595462351,-0.002271598415518857,-0.00088969145115706,0.0026280335225594958,0.006932742407871067
2015-04-07,-0.002342140877248626,-0.002276459526367769,-0.0009493443956443751,0.002692690715221324,0.007451175088034683
2015-04-08,-0.002397801137399945,-0.002562334065087719,-0.001131109459604978,0.0025552455282802727,0.007352938541519159
2015-04-09,-0.002598083119845151,-0.002429611973163681,-0.001271764405343314,0.002375900808007185,0.007256575427775442
2015-04-10,-0.002726198780927096,-0.002418979200363386,-0.001244388580229365,0.0023590676747400393,0.0072202610507903844
2015-04-13,-0.002598179118942728,-0.002387911957662684,-0.001266953888800929,0.002267227147213549,0.0069452624101831095
2015-04-14,-0.002614325644922483,-0.002377004472117725,-0.0012817870647473888,0.002100345903413016,0.006728029148496477
2015-04-15,-0.002606565685807435,-0.002389721289170749,-0.001392763748054977,0.0017318850747975588,0.006160529564930631
2015-04-16,-0.002836643493498036,-0.002426191488612529,-0.00140137761747532,0.001532344116258691,0.005649257774557755
2015-04-17,-0.002840760033599411,-0.0023919360764877,-0.0014642004611906858,0.0013766178183832961,0.005473733628312018
2015-04-20,-0.002453757666623923,-0.00227710009294351,-0.001320727574961887,0.0013418500839741509,0.005277139963802763
2015-04-21,-0.002524019529129473,-0.00233015221016145,-0.001271428792824199,0.001626758270057878,0.005843720952471741
2015-04-22,-0.002516289735017058,-0.002221565955152651,-0.001002422502744266,0.002001079699735078,0.006194701990905405
2015-04-23,-0.002818725726440312,-0.0025337284774194007,-0.000913959656345924,0.002248904625663108,0.0068475543023646555
2015-04-24,-0.0027384668225001753,-0.002480600827247552,-0.000901060066760066,0.002274529312185806,0.006953330690979269
2015-04-27,-0.002916663248827435,-0.00246189207626944,-0.000856632458120314,0.002337594927440387,0.007131219448262387
2015-04-28,-0.002998992216506146,-0.002583175905191692,-0.001016476820732197,0.002218967930313096,0.007157044430332824
2015-04-29,-0.002950098104168589,-0.002297789128412901,-0.000312705497599345,0.003248894714582138,0.008523151378889862
2015-04-30,-0.002818040227884963,-0.002066047888869402,0.00030905605192941,0.004168462509487285,0.00958974031066838
2015-05-04,-0.003014365508737151,-0.002000631283330729,0.000675382319956992,0.004816945877647804,0.010590864636826585
2015-05-05,-0.003065071795313618,-0.00200934016722603,0.001063963651799551,0.0054027392243692525,0.010925803185357236
2015-05-06,-0.0030169137977050457,-0.00204930267634277,0.001219596594672975,0.006285117137296601,0.012379184706577544
2015-05-07,-0.0030242835739411338,-0.002045708562871209,0.001372549865830872,0.006569261723840136,0.012460817901962983
2015-05-08,-0.0028839080913115375,-0.0021194053298400108,0.001049999903567562,0.00621842712497638,0.012257979451419439
2015-05-11,-0.0028157293849444343,-0.002072730527196868,0.001176604498407432,0.006568769884016387,0.012991880214848468
2015-05-12,-0.0028299923293043563,-0.0019327000308907722,0.001757803535393842,0.00774013583258568,0.014567498466356143
2015-05-13,-0.002726276315104999,-0.001914572585854959,0.0015385281111927871,0.00738178500351776,0.014281057720949652
2015-05-14,-0.002762304023827245,-0.0018503000788316882,0.001741720924106264,0.007900240240808884,0.015333997025192315
2015-05-15,-0.002641410069067558,-0.001924563173386315,0.001482240976722277,0.007376274166691467,0.014061023024786462
2015-05-18,-0.0027239564561320267,-0.00192069556397382,0.001512623264132742,0.0074621811870035915,0.014477954519610967
2015-05-19,-0.002604055222074581,-0.002029762934947017,0.001321303194968524,0.007086584237516822,0.013729573170958204
2015-05-20,-0.002698137820994977,-0.002103386826286259,0.001257808179058217,0.007004527291647633,0.013595042484928066
2015-05-21,-0.002763130289576796,-0.002182421499845954,0.001255739629232615,0.007248278785828075,0.0141039226305795
2015-05-22,-0.002749182657420997,-0.002129426469731725,0.001203600744552797,0.007089511587261079,0.013889931671463684
2015-05-25,-0.002766770095331697,-0.0021243440006713447,0.001210553985044748,0.007084756532690253,0.013885483850113683
2015-05-26,-0.0026864974326249267,-0.0022033189693325588,0.0010099425446485739,0.0067767363925386355,0.01356029684953663
2015-05-27,-0.0024896698873427187,-0.002164861509024296,0.000823702304046192,0.006593329064914986,0.01332202549007549
2015-05-28,-0.002735120278875074,-0.0022727284381845302,0.000722999585162669,0.006280726554905025,0.012969199305042207
2015-05-29,-0.002418588805897196,-0.002268033169818473,0.000577826550020201,0.0060900878948566065,0.012682038307635111
2015-06-01,-0.00266233324841597,-0.002282004532156978,0.0005166146855115051,0.005922911573555525,0.012327129805490786
2015-06-02,-0.0027190616980660633,-0.002000370288833297,0.001518832606312041,0.007530456853727627,0.014222209769914309
2015-06-03,-0.002328371400118591,-0.001755933361055766,0.002411211279886969,0.009305495584547479,0.016840833928871275
2015-06-04,-0.002684820620454364,-0.001980051506648352,0.002332975640874264,0.009271828319419266,0.016674314981178735
2015-06-05,-0.0027152995311011652,-0.001860264093005172,0.002519567728321656,0.009540345285932825,0.01700042111646543
2015-06-08,-0.002522131791440949,-0.0018188768936250959,0.002618142759338613,0.009767106983005763,0.017416355879792518
2015-06-09,-0.002567014167348155,-0.001633009483921341,0.0030919507232744807,0.010562726993545355,0.01842025649224878
2015-06-10,-0.0024000479017364422,-0.001791834578301598,0.003016343553389065,0.010754664900960808,0.018805097370924284
2015-06-11,-0.002615286783810473,-0.0018662271979916559,0.002714839263956663,0.010164619222464328,0.018130643306629425
2015-06-12,-0.0025302276370593305,-0.00196859631080672,0.002489376470531368,0.009819100083642956,0.017520634861749148
2015-06-15,-0.002602379535310097,-0.0019034066576480498,0.002479319094695788,0.009451382369235461,0.016688635887690068
2015-06-16,-0.002454005667039555,-0.001963852631315004,0.0024565089909038577,0.00960975414083926,0.0170260724043707
2015-06-17,-0.002339415618580005,-0.001940205685838985,0.002377546839555977,0.009609446680090275,0.01722827147046551
2015-06-18,-0.002610624198860293,-0.0020655633026926408,0.002282908261045062,0.009433010527315532,0.01705954220338301
2015-06-19,-0.002502301035823085,-0.002062361148384213,0.0021062510381519,0.009138716434583753,0.016662044514745893
2015-06-22,-0.002371185823877941,-0.001935208746153482,0.002653554407483209,0.0102473004489702,0.01828548250620737
2015-06-23,-0.002462796264218112,-0.002023818526341718,0.0025528390878153152,0.01027029828796323,0.01853275247207722
2015-06-24,-0.0025013074101087667,-0.00208747654689172,0.002220635050171899,0.009682503241986109,0.017885666486369405
2015-06-25,-0.002442315560656173,-0.00210862013615269,0.002304747560976168,0.010031440222260636,0.01844456141828704
2015-06-26,-0.0025005770462895012,-0.002095391441907286,0.0026288523288403648,0.01072826102783787,0.019519122995202205
2015-06-29,-0.002597963449502325,-0.002150425071665971,0.00219006890241606,0.009861584424704705,0.018402610170513284
2015-06-30,-0.002659215162041212,-0.002282906410996241,0.001909956604051945,0.009528411053191466,0.01812211012725259
2015-07-01,-0.002582279463544358,-0.0023346648150935232,0.002061135412541337,0.010116636725768265,0.019091938691241955
2015-07-02,-0.0026423499885302433,-0.0025541721140779727,0.0020242503534211188,0.010386209567632627,0.01953630874882832
2015-07-03,-0.00259157619422557,-0.00266919610787713,0.001734448685123246,0.009917974468382522,0.018784614776888715
2015-07-06,-0.002911595262667112,-0.002668487583900072,0.0015569261826212499,0.009439525585116676,0.01815383131573568
2015-07-07,-0.002602891938029801,-0.002683120059607122,0.001076265804182103,0.008362036108375383,0.016437833426074924
2015-07-08,-0.002842488602822726,-0.0026667776128991537,0.001230101943587862,0.008401045635567235,0.01619645098065979
2015-07-09,-0.00257097520368942,-0.002636724543351212,0.0013270201146949228,0.008826764347798454,0.016958114203017963
2015-07-10,-0.002692157520714773,-0.002265040359021097,0.002274683664504388,0.010380975857641089,0.01685624091792554
2015-07-13,-0.0026482048930488887,-0.0022603329071211207,0.002202677444741532,0.010333847381793588,0.01727080150254337
2015-07-14,-0.0026468483585277867,-0.0023496192203567327,0.001986742560070808,0.010009336150364301,0.016956651519220208
2015-07-15,-0.002542963562138427,-0.002516386919765743,0.0014764583659101671,0.009197541136480159,0.0160520319892563
2015-07-16,-0.002667593701074743,-0.002326919861351117,0.0018004552774450338,0.009492213326004412,0.01657142551475009
2015-07-17,-0.00273903738523738,-0.002426821390429585,0.0013971158691599638,0.008613892377724657,0.015561967848427312
2015-07-20,-0.0025368791995191583,-0.002381686853804745,0.0012523482111075521,0.008324932114033401,0.015294132743914175
2015-07-21,-0.0025871148716792047,-0.002355860987549496,0.001375010027804486,0.008541510640767896,0.015575993567232185
2015-07-22,-0.0025668917953787316,-0.002388041216162029,0.001256253207176856,0.00832393374845601,0.015297900722875736
2015-07-23,-0.002442074448068001,-0.002397407641785272,0.001186433541907572,0.00825769249696879,0.01508845227613605
2015-07-24,-0.002486757793200158,-0.002490858411671821,0.0009144358967179709,0.007743177422340679,0.014531728950247071
2015-07-27,-0.002475512729872053,-0.002464628863016578,0.0008434277049030741,0.00751778823984369,0.01436770905789368
2015-07-28,-0.002627910246827765,-0.002478856934584599,0.001002346025867875,0.007821649830297516,0.01467782980410555
2015-07-29,-0.002561934087961582,-0.0025150546253397722,0.000951916117963058,0.007849026504033949,0.014714026424110661
2015-07-30,-0.0025706740281658067,-0.002623903068150588,0.0006747008877073039,0.007424408255259815,0.014409609377444742
2015-07-31,-0.002689309802039576,-0.002559746368224578,0.0007532771234561369,0.007286394532157719,0.0139436978940578
2015-08-03,-0.002542445890868793,-0.002582786657904565,0.0005636324660231601,0.006997123232180855,0.013656461493083433
2015-08-04,-0.0025201631370831068,-0.0025924432158515144,0.0006202390773015979,0.007223857699367531,0.01404573244718966
2015-08-05,-0.002517790741892394,-0.002484276642423579,0.001098612401169871,0.008249003605750364,0.015348560827961068
2015-08-06,-0.002503451083569774,-0.002553208382848175,0.000913688809470376,0.00795605864550843,0.015028777399218823
2015-08-07,-0.002679309658203591,-0.0027325640554795782,0.0006096360924772791,0.007503465362052331,0.01479493297670198
2015-08-10,-0.002643269988014389,-0.0027182773929417593,0.000652964962270417,0.007576346080352843,0.01465319987275124
2015-08-11,-0.002545179563602606,-0.0027506382252514686,0.000408348768188986,0.007085504539365464,0.014106657826257231
2015-08-12,-0.002605883770657248,-0.002808004620790525,0.000323994655535613,0.006941322095543265,0.013731489087949855
2015-08-13,-0.002593359991391875,-0.002739934136366648,0.00047884660126547,0.007182132171119897,0.01396801213854244
2015-08-14,-0.0025519708185109853,-0.002702203431280827,0.000558687811103508,0.007300970006757659,0.013906918665132273
2015-08-17,-0.00261615233370809,-0.0026594374248441223,0.000526353116177675,0.0070474527204762,0.01362697748141878
2015-08-18,-0.002504875023849469,-0.0025168817160100133,0.000694611667200022,0.007263800313690854,0.013988747815645798
2015-08-19,-0.002441877516113705,-0.002492054413369659,0.000744224367816044,0.0074065524532985405,0.01420558060377355
2015-08-20,-0.0025149628564624773,-0.002641433179850962,0.00035490179342716,0.006692704413921975,0.013426954948765817
2015-08-21,-0.0024764856286739758,-0.002579606270131471,0.00046558003711847295,0.006803535389992729,0.013204149167202908
2015-08-24,-0.002373659833159436,-0.0025971443441290248,0.00028126977331684297,0.006372866220589572,0.012230481190472433
2015-08-25,-0.00256331559579005,-0.002345069280257201,0.0012461180922500809,0.00812542802208108,0.0143248977605947
2015-08-26,-0.00242034413088103,-0.002284324642895721,0.001223974166478467,0.0080875865990653,0.014451206786669536
2015-08-27,-0.002486013975035678,-0.0022953548054763188,0.001295265255227558,0.008286853482129425,0.01488245680129958
2015-08-28,-0.002528649028615089,-0.002301201681300648,0.0011651746552921779,0.007892681942523566,0.014326093137367334
2015-08-31,-0.002539495121226177,-0.00218853389635659,0.00138222537058799,0.008200572366778678,0.014842149019670086
2015-09-01,-0.002737633861362565,-0.002088921795318707,0.001862047929511265,0.008986581549101591,0.01554899561119
2015-09-02,-0.0027310213719788116,-0.002162792822187533,0.001810239406483487,0.009007742274592197,0.015356693889098692
2015-09-03,-0.002590723549542654,-0.002454451802612651,0.0012186292950619481,0.008417043576680357,0.015110895664070473
2015-09-04,-0.0027001127136344837,-0.002493959051507062,0.000983725948636689,0.007792299965612894,0.014435799508422753
2015-09-07,-0.002487893924654957,-0.002463184749770848,0.0008491428604716759,0.007625724072151701,0.014541849775153612
2015-09-08,-0.0024890660429944,-0.002385557811337095,0.0009623478490176921,0.007746515508939766,0.01479299183272147
2015-09-09,-0.002407651618037018,-0.002431834387265121,0.001027407181783415,0.00812986949722318,0.015224455242214462
2015-09-10,-0.002502070155652728,-0.002457873294970887,0.000923344340372578,0.007840423281025775,0.014958064940767653
2015-09-11,-0.002459277124368607,-0.002505472149715135,0.000750439510110152,0.007602625151084652,0.01495716219363283
2015-09-14,-0.002380388555033952,-0.002522012645267337,0.00062319808059708,0.0073862552856896226,0.014709724121092282
2015-09-15,-0.002570251960447535,-0.002443341510800907,0.001081801425956974,0.008191502699016188,0.015484336260162124
2015-09-16,-0.002571693168984134,-0.002379263315794346,0.0013095962115526518,0.00859216501080657,0.015721928615315305
2015-09-17,-0.002523724533156573,-0.0022001872298617157,0.001530030372022697,0.00872244607698624,0.01569528554655039
2015-09-18,-0.0026827283822697078,-0.002527291689283564,0.0007737051529378999,0.007399053306092482,0.014205575552237728
2015-09-21,-0.002606772487189421,-0.002440196560044414,0.000960646726852556,0.007763733304913214,0.014703158579079466
2015-09-22,-0.0026266725505298847,-0.00271899768858967,0.000436861296203172,0.007131596233300428,0.01426250720090057
2015-09-23,-0.00266584964351036,-0.0026338033449384117,0.0005073549458386179,0.007021599920228301,0.013993002285692547
2015-09-24,-0.00251061847572199,-0.002573197604401349,0.000426092095203469,0.00672084570470969,0.013203070918620226
2015-09-25,-0.002690475969407556,-0.0025238466586249243,0.000810845807903781,0.007498566525362725,0.014352286671431798
2015-09-28,-0.0027989725561043837,-0.00262562906200078,0.0005898444757793881,0.007088910458352373,0.013983361654856976
2015-09-29,-0.003155276847408158,-0.002716460658344157,0.000582503713030018,0.00698458893497643,0.014025203360057428
2015-09-30,-0.003581338003044705,-0.002369035150266789,0.000402388116570557,0.007033485221551179,0.015239183934954431
2015-10-01,-0.003311816867370831,-0.002663562227013738,1.883962600254e-05,0.006504128679785923,0.014707528045307864
2015-10-02,-0.0030980328962432542,-0.002768160387868628,-0.000230962645573598,0.00591074133634077,0.014194015301729458
2015-10-05,-0.003032690668230065,-0.0026273782847444586,0.00011024683548425699,0.006536716624831787,0.014950829464647517
2015-10-06,-0.002824761397767326,-0.002466176015391381,0.000488710515271222,0.007186397094287384,0.01585736414431834
2015-10-07,-0.003026997977028893,-0.002488159294456062,0.000492511972186999,0.007116415363026487,0.015693074907603022
2015-10-08,-0.0030747797070152113,-0.00257908100017179,0.000331021048003252,0.006814443704883155,0.015301804134300349
2015-10-09,-0.0030642453993288197,-0.002538149709180519,0.000500076296088227,0.007110700040604714,0.01571957586331867
2015-10-12,-0.0030866634395209204,-0.0026074014945246388,0.000278527269621395,0.006773400028607553,0.015325274113598419
2015-10-13,-0.003026269882755661,-0.002578514340226023,0.000319391895195657,0.006916372407607678,0.015604849052603786
2015-10-14,-0.002913815406590729,-0.0026225699273542792,6.641425394244299e-05,0.006587448600854184,0.015277684706137308
2015-10-15,-0.003221607124069661,-0.002719218459659513,5.6216816031211e-05,0.006519322701511747,0.015188336873711157
2015-10-16,-0.003325669049464996,-0.002700408159782688,0.00011776784541702,0.0065429134105369526,0.015157565215842357
2015-10-19,-0.00302345575066669,-0.002703072973190021,0.000121608030973598,0.006666496796256407,0.015341702790740219
2015-10-20,-0.002951841629615783,-0.002430973657142363,0.0006459274415319261,0.007330989443735696,0.015990876104954733
2015-10-21,-0.0031664166296163,-0.00256546390994993,0.000344087495498559,0.0068619812752460695,0.01553790924646991
2015-10-22,-0.0033690742544005992,-0.00339282607056278,-0.000703507946733852,0.005769725096931832,0.014671402578236674
2015-10-23,-0.0033342283292051513,-0.003195918155510844,-0.000498714585845849,0.006106967370166298,0.014848890042445384
2015-10-26,-0.003479879209201724,-0.003271515088476295,-0.000546612653089031,0.005957500922199115,0.014599205101374984
2015-10-27,-0.003662945923507801,-0.0033937791219676326,-0.000821857291168024,0.005487167606578653,0.014040396580910499
2015-10-28,-0.003569621725129206,-0.003370569823714104,-0.000752200891934213,0.005678039383878888,0.014186548341013162
2015-10-29,-0.0035037749420203813,-0.003255687237708908,-0.000434027599209763,0.006070617108946079,0.014385029897146415
2015-10-30,-0.0034720969726442356,-0.003134306329592951,-0.000255071990767552,0.006299876107215212,0.014679360362519165
2015-11-02,-0.0033636451815857987,-0.003011078925995116,-5.643315867924e-06,0.006721682194554291,0.015249271787332763
2015-11-03,-0.0034319619002793427,-0.003092907731140997,-9.0260970495421e-05,0.006732194988623545,0.015455149736930596
2015-11-04,-0.003523409302900935,-0.0032124832986919387,-0.000224169661461974,0.00675918161847167,0.015790159920600233
2015-11-05,-0.0034451063606265146,-0.003148318953690836,-5.5905039428587004e-05,0.007086840303351867,0.01634552460721857
2015-11-06,-0.003575594256969798,-0.002923013308047464,0.000480820380763749,0.00782245042355525,0.01729598351870025
2015-11-09,-0.003526476410707937,-0.0031022956512043983,0.000233318329596601,0.008000103664798433,0.018190226076888544
2015-11-10,-0.003384796219760873,-0.0033789010190009698,-0.00023197777141819,0.007558280084017479,0.0177898592833219
2015-11-11,-0.003460283188972759,-0.003442071457022342,-0.000301287093748632,0.007369792380674855,0.01745501171481833
2015-11-12,-0.003369339172379764,-0.003465440863992342,-0.00030414602652546903,0.007255721257167807,0.01696640219999047
2015-11-13,-0.003823195889176263,-0.003590512165161508,-0.00060802068741558,0.006669819526014491,0.0163844282142752
2015-11-16,-0.003689329742296434,-0.0036033451090241543,-0.000759051069375047,0.006483879339611853,0.01623634404513532
2015-11-17,-0.0037082087474001966,-0.0036663386834904347,-0.000768707509230548,0.006497642707774274,0.01622968427424125
2015-11-18,-0.0036364214723542433,-0.0036520646271871993,-0.000859683841426548,0.006359714184399365,0.016064047008519586
2015-11-19,-0.003522066190236494,-0.003640835804573328,-0.0009981947872978831,0.005950534186648176,0.01520146638349371
2015-11-20,-0.0037722835865874388,-0.0037780225169556482,-0.001084452825419086,0.0057655051675666955,0.014735379669538272
2015-11-23,-0.0037980814898395197,-0.003803247858083995,-0.000823082681622517,0.0062921614487900165,0.015179473758678716
2015-11-24,-0.00371849103574281,-0.003692845430685398,-0.0009144518306853119,0.006146934269646005,0.01541170129324518
2015-11-25,-0.004054003327457969,-0.004034745285444003,-0.001282368383779655,0.005729678556643609,0.015094463327759142
2015-11-26,-0.004108598077527277,-0.0040242091143622176,-0.001261787845041508,0.0058307888147751275,0.015306213157179227
2015-11-27,-0.004044544901242624,-0.0040842826894895885,-0.001474655215586002,0.005555569465773829,0.015061497328899729
2015-11-30,-0.0040920366631493075,-0.004029375934540686,-0.001308888032114969,0.005803911345864661,0.015484798457463107
2015-12-01,-0.004344444642291558,-0.004151533267784195,-0.0013593539263695481,0.005850178096242997,0.015921099052696647
2015-12-02,-0.004230285167672842,-0.004238947049376405,-0.001536683777550793,0.005847445548219028,0.015918451407441598
2015-12-03,-0.003534925093770877,-0.003107490979157594,-0.00023984861277186,0.007095152173856656,0.017129617780624763
2015-12-04,-0.003435782590249938,-0.002898968517119593,0.000459122838581187,0.007887626874339854,0.017215736405827967
2015-12-07,-0.003442142867581883,-0.003013985001624606,-6.5242966392178e-05,0.007130623165392791,0.016569931152963326
2015-12-08,-0.0035935118863413716,-0.0031076481589976178,-0.000148534287573252,0.0068679860532192905,0.01599280728964059
2015-12-09,-0.0036896267953458388,-0.003231682646421721,-0.000239841633314794,0.006964853680117296,0.016194260298259978
2015-12-10,-0.003675432159598983,-0.003355199236130941,-0.00038219068445862,0.006921856399404058,0.01632046654265522
2015-12-11,-0.0038132506753107798,-0.0035153285430863327,-0.000717080298196988,0.006450134727379347,0.015823493579627066
2015-12-14,-0.003774914626296015,-0.003374421919074004,-0.000392687538720064,0.006873483895120947,0.016063645764502883
2015-12-15,-0.003823202275206914,-0.003331874519814715,0.000117088462474779,0.007666451611698299,0.01671629963123753
2015-12-16,-0.003973336212375775,-0.00335827803423995,0.000180789943001924,0.007780746076895415,0.01681113311525133
2015-12-17,-0.004243074621464167,-0.003466937161796881,-2.042342698548e-05,0.007317065177943265,0.016162604405789732
2015-12-18,-0.004137188269590448,-0.003597672803075467,-0.000372516126913851,0.006732232690231461,0.015367250906737401
2015-12-21,-0.0041374257789893384,-0.003640305244257931,-0.000438109638855293,0.00668758894482874,0.01538404737048901
2015-12-22,-0.004164455216030414,-0.003474814447387437,-0.000115402907408004,0.007057221302187262,0.01584248961994262
2015-12-23,-0.004262777659340286,-0.003395482924225463,0.000174971732803985,0.0075332880555875545,0.01670052124073239
2015-12-28,-0.004209464521628929,-0.003395235966541774,0.000112818873110018,0.00736978496732382,0.016361102143097002
2015-12-29,-0.004413413081423569,-0.003330933020074171,0.000331097642246058,0.007687945215978571,0.016969431685069484
2015-12-30,-0.00452143027699482,-0.0034627937252684846,0.000173905306755139,0.00768969803797086,0.01722870236573677
2016-01-04,-0.004679272353512196,-0.0036650542739929907,-0.000288069928240339,0.007027128992328162,0.016425024557337825
2016-01-05,-0.004678816876357092,-0.003753815263722542,-0.00042087924021829196,0.006964437739566982,0.016483576829755618
2016-01-06,-0.004779230765964939,-0.0038643190216675898,-0.0006452271470454719,0.006639527744124924,0.016183250119522603
2016-01-07,-0.00470724654168394,-0.0038461993680248777,-0.000414061284071651,0.007012247838050723,0.016653322877594207
2016-01-08,-0.004840618796297355,-0.0039329208901351005,-0.000561751826375589,0.006761397540846472,0.0163203050755948
2016-01-11,-0.004732111010912829,-0.0038484078659448777,-0.000337261742936609,0.0070312156883162655,0.016408977890809348
2016-01-12,-0.0048054940294389595,-0.0037595533992331644,-7.7011853665682e-05,0.007264335153308031,0.016320276353889832
2016-01-13,-0.004580261860056349,-0.0038354461991001896,-0.000392917497330387,0.0067646623696161964,0.015693258265711954
2016-01-14,-0.004467587770840762,-0.003927776239134743,-0.000631546533089864,0.006459817140597588,0.015442590307292973
2016-01-15,-0.0044430229013331865,-0.003953311055147646,-0.000790742351639526,0.0062903403294331285,0.015373136963202813
2016-01-18,-0.004459994746833506,-0.003901011001073016,-0.000772809847467375,0.006324340055519997,0.01556771255536885
2016-01-19,-0.00435131027247398,-0.003817129452273011,-0.0008253849320160881,0.0064513973303513515,0.015895621858018596
2016-01-20,-0.004291710583812185,-0.004000462522212711,-0.001081204011793888,0.005862919549898677,0.014851336820409258
2016-01-21,-0.004493867217120371,-0.00440355356567105,-0.001590211156436174,0.005360112819784755,0.014395305529653703
2016-01-22,-0.004369878557992181,-0.0043357345873564854,-0.001396549694273714,0.005914902188489322,0.015351376097186974
2016-01-25,-0.004380194733470108,-0.004309698092067409,-0.0014359674275228858,0.005706905809279857,0.014988090884109349
2016-01-26,-0.004375849201618962,-0.004409029947348681,-0.001634391581852226,0.005441959746048494,0.014591634179766555
2016-01-27,-0.004290875757889183,-0.004281538124661716,-0.00154225355602537,0.005510503668950495,0.014643826237370079
2016-01-28,-0.004339947315372976,-0.004358156486621043,-0.00182541688170164,0.004981501784102287,0.01396080519511815
2016-01-29,-0.0045246796018839465,-0.004661021702851506,-0.00230399963281104,0.0043938963738256644,0.013289038328506425
2016-02-01,-0.004503115989214969,-0.004537572371646048,-0.002303610726572591,0.0042952342660456735,0.013175740151757629
2016-02-02,-0.0044361336720913705,-0.0046213725592892715,-0.002439403363549503,0.004051950110118554,0.012862086333126703
2016-02-03,-0.004481107115664364,-0.004685358892794129,-0.002433993282286861,0.004057493859519079,0.012839461029202297
2016-02-04,-0.0045158567778848715,-0.004713468540548042,-0.002385682617669386,0.004012421687731846,0.012605622356173676
2016-02-05,-0.004511967633133427,-0.004719466723785554,-0.0023394608116021672,0.0040979617900466,0.01266450992249016
2016-02-08,-0.004630544264786758,-0.004936818509244407,-0.0026804365845536893,0.0034631243873280136,0.011617964384133934
2016-02-09,-0.004734721574637814,-0.004926171345341155,-0.0025038300988378557,0.003595158914159162,0.011594330640568687
2016-02-10,-0.004663984604785889,-0.004934598243074708,-0.002614537889947685,0.003581892953211767,0.011886178558584487
2016-02-11,-0.004956797834040787,-0.005085326176533575,-0.002816070860095241,0.003107976494608842,0.01106213104316413
2016-02-12,-0.0047065666043818125,-0.0049786699409230814,-0.002666340035125802,0.0033597146751186903,0.011268321291981522
2016-02-15,-0.004623088854495041,-0.004919851594606443,-0.002578070631365818,0.0036114552399217283,0.011762668381334072
2016-02-16,-0.004554726681507279,-0.004850931935000266,-0.002488700394597183,0.003852867857068256,0.012276286311944823
2016-02-17,-0.004591975722549908,-0.004855414334916066,-0.0025129742745255428,0.0037711599899965444,0.012173072859890333
2016-02-18,-0.004674045279612269,-0.004921240964040727,-0.002747936899376508,0.0033232076665364917,0.011719765841078223
2016-02-19,-0.00477530691758298,-0.005033983518023968,-0.002934853134043109,0.0029888018412777663,0.011271281669704043
2016-02-22,-0.00472937651062526,-0.005047193538657204,-0.0029972140938656013,0.002931237066841081,0.01122188310544443
2016-02-23,-0.004724378133568949,-0.004897095113223528,-0.002686581994996855,0.0032481972917412522,0.011325930250482735
2016-02-24,-0.004745374747013111,-0.00499815126844731,-0.0031695668614916527,0.002421256619595118,0.010331683947587444
2016-02-25,-0.004859686510775063,-0.0050341679790530235,-0.0031410748410660087,0.002580330337565737,0.010683933343450478
2016-02-26,-0.005024023581808226,-0.005200343755168992,-0.0033043497740538543,0.002571490527097113,0.010868605623175603
2016-02-29,-0.0050348868951578755,-0.005356489751050475,-0.003645369527043698,0.00218827627045008,0.010564211739669888
2016-03-01,-0.005149836411370536,-0.005346495724235156,-0.00354029760279003,0.002523322427435994,0.011422686274013083
2016-03-02,-0.00496753136522106,-0.005242208515373328,-0.0032625382901748518,0.003085988355574551,0.012277073263330161
2016-03-03,-0.005062737465240999,-0.005464682441460172,-0.003403340529095962,0.003106417909655636,0.012062294275009012
2016-03-04,-0.005003125477837287,-0.005303135145160294,-0.003176854386429237,0.003266472013160122,0.012158580589411052
2016-03-07,-0.00494310172220597,-0.00521627209723416,-0.003229294110214535,0.003289011345733081,0.012368484167434399
2016-03-08,-0.004926219970414767,-0.005440898626954027,-0.003539765522458493,0.002890736302572723,0.012092510404401948
2016-03-09,-0.004869941207381814,-0.005174358211491041,-0.003019658278470549,0.003443904653867227,0.01241774065491126
2016-03-10,-0.00478018862140777,-0.005145390299961488,-0.0031794137638068236,0.003210024123018691,0.011933853498226508
2016-03-11,-0.004532091951891628,-0.0045806125099249325,-0.002443245170836858,0.003696722792494347,0.012436844084994103
2016-03-14,-0.004631655575399724,-0.004615943454177369,-0.002509565425385682,0.003567406104131736,0.012272871458083897
2016-03-15,-0.004665793582266484,-0.004503382127007063,-0.002133371484096082,0.004059308348942814,0.012859224041997065
2016-03-16,-0.00465762542336166,-0.004555384064560908,-0.002331848595449717,0.0037650119895945525,0.01240634293284837
2016-03-17,-0.004694784354638799,-0.004658045281798131,-0.002568353739683919,0.003325223356288447,0.011678130533273932
2016-03-18,-0.004840319823283328,-0.004810107254449249,-0.002730907628155963,0.0030211614945423373,0.0112185604152142
2016-03-21,-0.004779230240865402,-0.00475869113295106,-0.002660722902373367,0.003218157120970213,0.011489630732942036
2016-03-22,-0.004790373526945664,-0.004807904351438905,-0.002686065428669302,0.003192505529458662,0.011283147992847312
2016-03-23,-0.004811096921939299,-0.004828451188003778,-0.0026222967900811777,0.0033157236969714884,0.011398795782248056
2016-03-24,-0.004768594644714059,-0.004841943637289869,-0.002811073745679238,0.002864890227035532,0.010738014816993696
2016-03-29,-0.004884648106198046,-0.004971309158504206,-0.003050168581947066,0.002486415082461555,0.010245867712143046
2016-03-30,-0.004910494196348722,-0.0048987508144661355,-0.002938042623511965,0.002661854771069531,0.01042853836319041
2016-03-31,-0.00494269991546618,-0.0049045513805873854,-0.002953107333223883,0.002625919426852219,0.010384460631914248
2016-04-01,-0.004949418486192307,-0.004910320002159452,-0.003123876137303343,0.002254417943113145,0.009794614069164513
2016-04-04,-0.004926177260204476,-0.004817720703171373,-0.0029739249894989678,0.00226647468185372,0.00954559427163425
2016-04-05,-0.004921728232968794,-0.00493525104431443,-0.003308146381051173,0.0018237500210449382,0.009044298841890532
2016-04-06,-0.005691974228663585,-0.004810990205211144,-0.003266723716399939,0.0020966905857544697,0.009470446570665737
2016-04-07,-0.005207705998978364,-0.00503008250674136,-0.0034819426999021853,0.001857503643700899,0.00916037071733596
2016-04-08,-0.005645483904115784,-0.005065399004788673,-0.003506488397320699,0.001953643806474552,0.009454888151561387
2016-04-11,-0.005352602480089203,-0.005030699903519061,-0.003364970622968273,0.002338615758562243,0.010182575627992983
2016-04-12,-0.005854159591576857,-0.005067184942492931,-0.003685476052532421,0.002009083152375512,0.010307850011804018
2016-04-13,-0.00583464812640547,-0.005079610628156558,-0.003640175484067414,0.002035058460731382,0.01029243928722428
2016-04-14,-0.005918839265115868,-0.005013686073112589,-0.003579237975281206,0.00205325647690947,0.010197855656786443
2016-04-15,-0.0054284458834795365,-0.005148788033244784,-0.003677617806742714,0.001856939432490769,0.009999860040108787
2016-04-18,-0.00581219831849668,-0.005059509973949958,-0.0035589831554822047,0.002015255850657848,0.010137010074818244
2016-04-19,-0.0057692574717033126,-0.005097153708671964,-0.0034670557175588267,0.002284043862458153,0.01062590943730077
2016-04-20,-0.005587733170902133,-0.005083897206151331,-0.003585670415268382,0.002010245542839095,0.010296026702694826
2016-04-21,-0.005534588846204773,-0.004947556758609434,-0.003178784132996461,0.00260510312949836,0.010839825406428668
2016-04-22,-0.005586426469824366,-0.004956804457562203,-0.003078797482599047,0.002884937319140557,0.011412611520782812
2016-04-25,-0.005517338996947796,-0.004966422345391441,-0.0029294223850190337,0.003271686048655549,0.01208401878444948
2016-04-26,-0.005531213915506836,-0.004903056239766952,-0.002774288618869553,0.003453197235440646,0.012136269229027455
2016-04-27,-0.00572305267548626,-0.004916760076465266,-0.002775685299556663,0.0035678039354014716,0.012482215300296298
2016-04-28,-0.0057428827981872745,-0.005024612185860039,-0.003029324830675415,0.00318317946022099,0.012132513973151562
2016-04-29,-0.00543333917156419,-0.0050243670712292856,-0.002667576533986366,0.003431946601834337,0.012149320235286818
2016-05-02,-0.005366794654022923,-0.0049202320084179305,-0.0026339978525508727,0.00328669379204519,0.01181043068765524
2016-05-03,-0.005373926874465268,-0.005137137199148838,-0.003162764404817624,0.002539464516000271,0.010811888178667154
2016-05-04,-0.005450563438526017,-0.005131077379910756,-0.0030474018987986266,0.002770752553092039,0.011175079641218897
2016-05-05,-0.005343096164741987,-0.005272480022322288,-0.0033532041360225667,0.002415693238093501,0.010658832061932553
2016-05-06,-0.0053605426879026795,-0.005313993619148887,-0.003450509313384531,0.002206843296256635,0.010387377971218602
2016-05-09,-0.005368560066540026,-0.0053060918889605135,-0.003559153998376274,0.001972044235285373,0.010129820988498328
2016-05-10,-0.005403189347176025,-0.005278352861141742,-0.003614584602662729,0.001720273263425591,0.009778622183340047
2016-05-11,-0.0054073924281892805,-0.005310315452067593,-0.0036741441220430994,0.001698886020284025,0.010005769822993409
2016-05-12,-0.005440341980346565,-0.0053562644126346195,-0.0035921137007969063,0.001969646001880391,0.010447538564276824
2016-05-13,-0.0054875012155606254,-0.005328394602687902,-0.0035665783517166622,0.001903870213400313,0.010287497445546311
2016-05-16,-0.005478951373520597,-0.005300966500595052,-0.003466699959109744,0.002007194399197507,0.010330663016475275
2016-05-17,-0.005504614459960032,-0.005292399141432229,-0.003519798581586597,0.001867949289339652,0.01015232348821524
2016-05-18,-0.005623133232191969,-0.005256699144400328,-0.0032408678432477426,0.002344190462387385,0.010819269037376518
2016-05-19,-0.005616269259294509,-0.005263922306341104,-0.003366049668468758,0.002088208559805875,0.010485099158498178
2016-05-20,-0.005636227808348066,-0.005237914049151095,-0.0032446798033476123,0.002281271550475119,0.0107238888600142
2016-05-23,-0.005667574859308806,-0.005242486095121834,-0.003248065708406651,0.002285866017662856,0.010765931977293372
2016-05-24,-0.0057680932314403245,-0.005264285163856996,-0.0032925025776118838,0.002222999544171289,0.010740783049486675
2016-05-25,-0.005784785593237445,-0.0053674487518532875,-0.003458515910096826,0.00203603924536706,0.01057849168292184
2016-05-26,-0.005794551065226263,-0.005404244512651246,-0.00345117243363517,0.001989237878492757,0.010391007137071808
2016-05-27,-0.005770000527210557,-0.005418359231201775,-0.0036541433406262593,0.001708599076590515,0.01019090633896092
2016-05-30,-0.005659052852607261,-0.005303685695230418,-0.0033401188365719298,0.002236342767446948,0.010682217741031308
2016-05-31,-0.005618388124883853,-0.005254433705933028,-0.003263689489205372,0.002224078988269107,0.010549289652045728
2016-06-01,-0.005678917715614281,-0.005407720036540708,-0.0035439717186051827,0.0017550348792886791,0.009949749679135108
2016-06-02,-0.005684932007657133,-0.00536377272587913,-0.003457540899221092,0.0017578557505458512,0.009822781221325051
2016-06-03,-0.005662193790208972,-0.00549558650981524,-0.003794378433512966,0.001237023610582834,0.009061053650755102
2016-06-06,-0.005650466157801585,-0.00557753467030274,-0.0037727620216833108,0.001313798159138168,0.008929922730249664
2016-06-07,-0.005596751849700512,-0.0055381735905324,-0.003864340087485027,0.001060913215690559,0.00859049496797787
2016-06-08,-0.005571995109762885,-0.005536256500052579,-0.003838995482351297,0.000972054054957185,0.008251736408692867
2016-06-09,-0.005692157022655459,-0.005627771275088973,-0.003993792214608351,0.000595940922930484,0.007460206399323373
2016-06-10,-0.005643172010758825,-0.005638358134706216,-0.004022184268683126,0.00046562678891107505,0.006972374973762965
2016-06-13,-0.0056977791601389586,-0.005572569867817996,-0.003950222789599267,0.000577651384128516,0.007187194975602376
2016-06-14,-0.005727243304410576,-0.0058342786129438155,-0.004215880924495883,0.000366350386099951,0.006626040365438357
2016-06-15,-0.005683020943738615,-0.005926883302677055,-0.004344540526052247,0.000307356624960655,0.006645453539831805
2016-06-16,-0.00568999968485436,-0.006042915572665622,-0.004405416603980496,0.000190768616877692,0.006090797715219241
2016-06-17,-0.005651543926169771,-0.006071444282841783,-0.004384253336131776,0.000484062094116177,0.006767569178668278
2016-06-20,-0.005585380668141889,-0.005920622314807406,-0.004213527847382674,0.000843872239057215,0.007517899311990177
2016-06-21,-0.00561915107567122,-0.005948912212276736,-0.004304866765519488,0.000743584839561335,0.007468452545678721
2016-06-22,-0.005666717335312358,-0.005880203918010172,-0.00415813834994597,0.0009042799057871729,0.00767506303987858
2016-06-23,-0.005661526338063907,-0.005787020366839126,-0.004002126599533779,0.0011173835756885441,0.008128453302230021
2016-06-24,-0.0062569875700585,-0.006609153406995812,-0.005038263129727505,-0.000245151677844503,0.0060395454344421414
2016-06-27,-0.006121537284098159,-0.006538958459647999,-0.005105252333995094,-0.0006998855292952611,0.004843330397548603
2016-06-28,-0.006256652925611117,-0.006510635395449369,-0.005125787336403969,-0.000638328258897535,0.005304510940174107
2016-06-29,-0.00641039757530961,-0.006586551404377135,-0.0052500585958502426,-0.000936576906042105,0.004908710048763247
2016-06-30,-0.006500177188712411,-0.0066094479492338105,-0.0052229055743657545,-0.0010442561466423369,0.004632964893720029
2016-07-01,-0.006657302956638142,-0.006624122274277164,-0.005363120667174659,-0.00109503857342319,0.004969972579903481
2016-07-04,-0.006671584369254049,-0.00670603642691999,-0.0054545379229560395,-0.001074523929307025,0.005145233564864888
2016-07-05,-0.006494647156997533,-0.006794336473104918,-0.005722600370225384,-0.001395926847641515,0.004688872413276129
2016-07-06,-0.006816292274731727,-0.0069437597237191765,-0.005779529976796649,-0.0015457248018481801,0.004527129714813868
2016-07-07,-0.006780234205263115,-0.006924999137866768,-0.005696278194609148,-0.001309275887849867,0.004956206222823679
2016-07-08,-0.0067422465064936364,-0.006989374873134402,-0.005930864683920012,-0.0016011965902462668,0.004720135086169911
2016-07-11,-0.006733894839521366,-0.006974204352197782,-0.0059406066145081485,-0.001618213829534331,0.004713999675936953
2016-07-12,-0.006609211531829849,-0.006803150915887662,-0.0055470809823741,-0.000946855979007863,0.005574709736116535
2016-07-13,-0.006651540306730135,-0.006887036162706339,-0.005700306851288511,-0.001244964029942123,0.005211949772054219
2016-07-14,-0.006586165286472298,-0.0067324827915690565,-0.0053372933186392755,-0.000653724970317144,0.006018795652963418
2016-07-15,-0.006606338104542896,-0.006698337843273543,-0.005288183513993676,-0.00056795280640475,0.006169007504274249
2016-07-18,-0.00653512199516048,-0.006727876809601403,-0.005435387921484942,-0.000753581014186841,0.006150306038477187
2016-07-19,-0.0065201272128789225,-0.0066287798276093435,-0.005302756786288807,-0.000665912814609894,0.0062459782651199955
2016-07-20,-0.006513876212162892,-0.006503627600622152,-0.005194460601288586,-0.000597876906686694,0.00634624498960211
2016-07-21,-0.006455910057552067,-0.006421905251339513,-0.00498480184292795,-0.000358960057635333,0.006526427521308442
2016-07-22,-0.006379868477073074,-0.006421943131982442,-0.005065578239929564,-0.000525325552607989,0.006157868913663271
2016-07-25,-0.006433553976675885,-0.006386635725054513,-0.005139280176341696,-0.000878064699474618,0.0055482444937572485
2016-07-26,-0.006367004558961553,-0.006372741351974329,-0.005123003083375854,-0.00084005911471559,0.005327296292878685
2016-07-27,-0.006628012495998453,-0.00649851686447064,-0.005285885912117685,-0.001079338613787781,0.00510561153140457
2016-07-28,-0.006636927412849515,-0.0064678116378464705,-0.005243681475338544,-0.001218017192091016,0.004725292706255257
2016-07-29,-0.006450312311535897,-0.0065328211412324635,-0.005476436533304159,-0.001517966897263534,0.004393099977443842
2016-08-01,-0.006434287880011975,-0.0065009282401345915,-0.005486517002259288,-0.0015421868708478171,0.004387473982520519
2016-08-02,-0.006554858963097893,-0.006365865391266756,-0.005031573705320729,-0.00079923978870827,0.005249434274811474
2016-08-03,-0.006669188320067696,-0.006342446810831244,-0.005070907263032245,-0.00093508285322597,0.005109248552930776
2016-08-04,-0.006592900989998448,-0.006496641019468421,-0.005465760092883536,-0.001362605858666685,0.0048113153586051985
2016-08-05,-0.006546853937243305,-0.006536273124392098,-0.005392360591104515,-0.001137742205116327,0.005162738393674614
2016-08-08,-0.0065381342547190455,-0.0065229220044693914,-0.005274986068637903,-0.000879803933525167,0.00558622067021056
2016-08-09,-0.0064997452953131,-0.006556834647013332,-0.005434001546850848,-0.001135687866117765,0.005319258562621203
2016-08-10,-0.006468413530075787,-0.006644386922797696,-0.005648860644491491,-0.00146099842627712,0.004945926429759613
2016-08-11,-0.00629580552041711,-0.006641990788521488,-0.005676791903103316,-0.001467708369181899,0.004931614099499989
2016-08-12,-0.00650721259605249,-0.006619079013333562,-0.005644190321912376,-0.0014938386466421649,0.005001974975211096
2016-08-15,-0.006453866210369777,-0.006439503562590003,-0.005339849432200783,-0.001138982606362426,0.005410910911674321
2016-08-16,-0.006418886380791245,-0.006417337325884587,-0.005241600555634251,-0.000968894499201762,0.005620490005445102
2016-08-17,-0.006499865554347471,-0.0064610655227248515,-0.00520300497261096,-0.0009452800561069361,0.005561330698677158
2016-08-18,-0.006384497469383564,-0.006507581921760859,-0.005455369858209393,-0.001286833770148825,0.005119231038128267
2016-08-19,-0.006367110714769043,-0.006415643576607724,-0.005281295473705816,-0.001081276555490058,0.0053362309911679714
2016-08-22,-0.006418711225348887,-0.006516948367836761,-0.005384815195206758,-0.0012188479808428491,0.0051322263156206825
2016-08-23,-0.006532920612147081,-0.006522142973538569,-0.005422244431065475,-0.001378142235814277,0.004892783667187865
2016-08-24,-0.006479327991689684,-0.00649624281719166,-0.005383899263618473,-0.001271568800128815,0.005110849154907131
2016-08-25,-0.006451973255075435,-0.006422940389610345,-0.005200665776786644,-0.000979853462670714,0.005530759638233207
2016-08-26,-0.006402775917096279,-0.006407491335888471,-0.005292235483934515,-0.00110259666756407,0.005375590324255348
2016-08-29,-0.006531530628265022,-0.00644183166649531,-0.005292491531323522,-0.001038817219306715,0.0056555185114484695
2016-08-30,-0.006535296736911679,-0.006485674383724378,-0.005386709024751357,-0.0012428795164808458,0.0051939887901413795
2016-08-31,-0.006543867110696486,-0.006527914235767715,-0.005371094959069836,-0.0011769404249066362,0.0052576540691124385
2016-09-01,-0.006520935386017482,-0.006471059011554274,-0.00514137304617738,-0.0006811642680970161,0.006016201209382279
2016-09-02,-0.0065570155013252,-0.00655752814281409,-0.005248257829860883,-0.000722946690756982,0.006102710609638788
2016-09-05,-0.006513017714655068,-0.0065654039172154555,-0.00529776322358348,-0.000719202858640679,0.0062673597295189645
2016-09-06,-0.006554920068372673,-0.00674031655159951,-0.005566963882067735,-0.0010509787313268848,0.0058957713383636645
2016-09-07,-0.006626392789877687,-0.006875109298048266,-0.005852366165159583,-0.001561213712250957,0.004953285321922991
2016-09-08,-0.0064958348140780895,-0.006640109294850696,-0.005534575980996848,-0.001256048120799806,0.005408643579832395
2016-09-09,-0.006395837452962088,-0.006507076544593997,-0.005094701713074219,-0.000254051488006146,0.007080370564767386
2016-09-12,-0.006280883478713981,-0.006432324655226021,-0.004906026361839055,-2.6043938559427e-05,0.007035042478389895
2016-09-13,-0.006367616367562978,-0.006425776372344636,-0.004875029609806671,-2.0308385748011e-05,0.007092886326540298
2016-09-14,-0.006402914163830551,-0.00659048110836633,-0.005027578872495946,-1.0276631248795e-05,0.007293935387554735
2016-09-15,-0.006399794541225508,-0.006564382717051118,-0.004883520390071769,0.00029609863510385596,0.007806477946054311
2016-09-16,-0.006453867440767826,-0.0066450416824757495,-0.005145181786392037,-7.230366260698e-05,0.007502002875895375
2016-09-19,-0.006441219325452559,-0.006609658230670212,-0.005131062213520567,-2.5430472154814e-05,0.007592695787502937
2016-09-20,-0.006371863804478991,-0.0066941169398410235,-0.005279247694443172,-0.00038919580845472,0.006750093485749953
2016-09-21,-0.006485331650767089,-0.006681860055833031,-0.005136095194421575,-0.000252186159644614,0.006816588752959745
2016-09-22,-0.006612923957998832,-0.006822984144645581,-0.005577624799113359,-0.000965301455598459,0.005822783076941118
2016-09-23,-0.006844731498984447,-0.00687223056837464,-0.005557748243639775,-0.001027912492549285,0.005679121102507294
2016-09-26,-0.006971027981439951,-0.006957096931962274,-0.005740738317337284,-0.0012932052142802899,0.005437273742475657
2016-09-27,-0.0072288435961439315,-0.007205943365916183,-0.006084227236055444,-0.001637105719020262,0.00523680354310182
2016-09-28,-0.00734786204872741,-0.007258134720783356,-0.006022878626204115,-0.001661240527551126,0.005322773935446942
2016-09-29,-0.007473622536694476,-0.007203597138866451,-0.0058020655719586275,-0.001419063454852551,0.005487757086408956
2016-09-30,-0.007448111694736537,-0.007197846188872381,-0.005945145903156254,-0.001620515369928412,0.0053495330728920275
2016-10-03,-0.00755647156159418,-0.0071565448031407405,-0.005768470315069796,-0.001381535445532566,0.005500244382226191
2016-10-04,-0.007532690089968965,-0.007174527414999319,-0.005701336827523437,-0.001153304804489296,0.005892990178827744
2016-10-05,-0.007628111739262952,-0.007093548690091929,-0.005344185244237707,-0.000598641357561597,0.006685102854576177
2016-10-06,-0.00769150934067709,-0.007031509682518169,-0.005078117562451681,-0.00028150303245297396,0.007209042666447318
2016-10-07,-0.007797711483018302,-0.00706597431400052,-0.00512069665364308,-0.000252454189313766,0.0074117964590490045
2016-10-10,-0.007661294949191405,-0.00695485465366191,-0.004818740590063886,0.000260965990141981,0.008100263622743444
2016-10-11,-0.007619406879105505,-0.0069152777902376705,-0.004856285512221761,0.000234889606463357,0.007887499973902035
2016-10-12,-0.007689861314275754,-0.0069156975489763585,-0.004715921871814261,0.000377011256463108,0.008033225795711115
2016-10-13,-0.007798919211822879,-0.006988370672175064,-0.004869505110083141,4.7277493695814e-05,0.007521184300515598
2016-10-14,-0.00765778732841606,-0.006973447773321304,-0.00473594837633045,0.000326786828200607,0.007910664815234543
2016-10-17,-0.007636807089084463,-0.006944750821078376,-0.004764501545733814,0.000392017094915613,0.008031995981803916
2016-10-18,-0.0078624599330019,-0.0070766932602622035,-0.004858431002202241,0.000258374080807732,0.007874979834758388
2016-10-19,-0.007819273638411329,-0.0070405220384500925,-0.005041002983475113,-1.8859798135801e-05,0.007688042660212293
2016-10-20,-0.008003399065546183,-0.007081551731138709,-0.004900394569622529,-6.982136247239e-05,0.007204516386702506
2016-10-21,-0.007954484596801243,-0.006994689532118197,-0.004995128844026437,-0.00025053965140842496,0.007101065002163623
2016-10-24,-0.0078007414643218205,-0.006972122649129755,-0.004923777865416916,-7.4007183971138e-05,0.007474763953893062
2016-10-25,-0.007933312541071148,-0.006947690295808528,-0.004775045180068424,0.000104895825042494,0.007630522508051922
2016-10-26,-0.007985119761494007,-0.006790019742784144,-0.004362396182868222,0.000696732232561583,0.008365511992223091
2016-10-27,-0.008052658631424646,-0.006688664074947273,-0.003953012879241209,0.0014785493518308709,0.009417172341804177
2016-10-28,-0.008134761250494428,-0.006653667918461435,-0.0038061463050070537,0.001559237392006469,0.009278131574882255
2016-10-31,-0.008206192713551651,-0.006629803169261805,-0.003815694258728959,0.00142941868196583,0.00900050986904085
2016-11-01,-0.007500131076146042,-0.006475454835193584,-0.0037099695232067458,0.0017682079316140608,0.009444650723490407
2016-11-02,-0.007403082815316451,-0.006631184170969005,-0.00401400642523269,0.00140761106757159,0.008724749944446566
2016-11-03,-0.007966294392802302,-0.006735995280682472,-0.0038796497745972047,0.001616317085917655,0.008991496074633527
2016-11-04,-0.008007626171394463,-0.006891673915738253,-0.004154037133456887,0.001189029381368929,0.008412918421890332
2016-11-07,-0.00799960797667153,-0.0068062845622411895,-0.00397174785924836,0.001426773304441426,0.008684437398580753
2016-11-08,-0.008059766130353042,-0.006798056226614557,-0.003948144096343764,0.001463298669851425,0.008767428667642246
2016-11-09,-0.00815386701899327,-0.0069772414726571655,-0.004016246056806269,0.0016534009841026789,0.00914046608278448
2016-11-10,-0.00826134308255491,-0.006685426835553541,-0.003084508428217019,0.003041542078890162,0.010797028354042287
2016-11-11,-0.00821290890186288,-0.006570324399554854,-0.0029796904373933144,0.003134598969614037,0.01088416168708371
2016-11-14,-0.00813382834065216,-0.006538070509001983,-0.002661104168266144,0.0036210882735720367,0.011206525102180294
2016-11-15,-0.00783728374758793,-0.006692183650718859,-0.002917039355744242,0.0032645423829914797,0.010562511684805315
2016-11-16,-0.007797099941419323,-0.006679589606131167,-0.0028252569794499837,0.0033876167460419188,0.010654576845540411
2016-11-17,-0.007601336580957321,-0.0067371464767808755,-0.002983941410834507,0.003261362970691017,0.010321994362693609
2016-11-18,-0.007715940737824061,-0.006982461647913069,-0.003262619255826724,0.002922320287489466,0.009923361882949025
2016-11-21,-0.007757699127408429,-0.007066063366200624,-0.003267824137851467,0.003141882802828211,0.010273049748436378
2016-11-22,-0.007872283690914328,-0.0074831856399557315,-0.003853243494376324,0.002674057402879652,0.009891345266843437
2016-11-23,-0.007840030609614464,-0.007186396891929281,-0.0033683922521136763,0.003291460145130664,0.010664394954036404
2016-11-24,-0.007922709075617526,-0.007592772761545308,-0.00385832217217199,0.0029440449518618062,0.010388474063983869
2016-11-25,-0.007956843227037637,-0.0077509903398261405,-0.003990183291390986,0.0028633157602329,0.010275978857915632
2016-11-28,-0.00793913916941466,-0.007858398017334744,-0.0042694610535812276,0.002415082043611227,0.009613717514089326
2016-11-29,-0.008126658227022713,-0.007799167720645501,-0.004128592789391119,0.002722625436716126,0.010217875069160744
2016-11-30,-0.007992236965810823,-0.007791404456553979,-0.004159249558970406,0.002743464000414652,0.010312715820115326
2016-12-01,-0.00804971365818808,-0.0077241619109965146,-0.003722081697265151,0.003482991305187712,0.011190033578806572
2016-12-02,-0.00811125089478848,-0.007561872370416553,-0.003400715001625625,0.0037459670905567537,0.011474976549988249
2016-12-05,-0.008048943195863916,-0.007332628116584025,-0.0032293719624661233,0.003842983272792213,0.011514704891456602
2016-12-06,-0.008138529283548331,-0.007280016893689427,-0.0031964173210907634,0.003800046619426918,0.0113855064790127
2016-12-07,-0.008094266176076458,-0.007145498301492923,-0.0031125815358987417,0.003921756968792347,0.011647913054405504
2016-12-08,-0.008189237713733234,-0.00720715106995522,-0.0029900746884806264,0.0042960558752569026,0.01215685449270659
2016-12-09,-0.00826120369219428,-0.007790583505233455,-0.003943176131549233,0.003928846115012652,0.012835224529365028
2016-12-12,-0.008177301235506874,-0.0076609970479385135,-0.003508923451113812,0.004681991773830507,0.013872296420145922
2016-12-13,-0.008282341055701524,-0.00756701277912601,-0.003928892390520078,0.004112780583481039,0.01291429684523559
2016-12-14,-0.007496679592794684,-0.007589732836867444,-0.00407475785461072,0.003741850591980968,0.012338599634075704
2016-12-15,-0.007731742470499913,-0.007798733009101593,-0.003943773821765726,0.004115610621684623,0.012856622863042556
2016-12-16,-0.008126227091224075,-0.008023620972778533,-0.004168561170575904,0.0036311014454108647,0.0118162730534993
2016-12-19,-0.00804250859091147,-0.008020961600495556,-0.004382530865365295,0.0034263558261880076,0.011559571295417901
2016-12-20,-0.008269459619599928,-0.00802116521176028,-0.004341955860542166,0.0032341209425049387,0.011217392133246889
2016-12-21,-0.008470273790758369,-0.007981067804568953,-0.004407330931193307,0.003096200133408753,0.011037372287780562
2016-12-22,-0.008704616911164536,-0.008091624505208079,-0.004337426911020916,0.0031759697330320602,0.011076648103076401
2016-12-23,-0.00906814540064382,-0.008132278638262234,-0.004473056990770634,0.0028479884351235666,0.010644655584160952
2016-12-27,-0.009081124623428418,-0.008218313382605947,-0.004547267368699494,0.0026879373756563928,0.010135436892887291
2016-12-28,-0.009177235131264389,-0.008315431519420957,-0.0047564393276268956,0.0025604927374597557,0.010320921885786474
2016-12-29,-0.009299793008499247,-0.008038552902505653,-0.0045901835039881215,0.002469724682722454,0.010059016486833858
2016-12-30,-0.009275959883833921,-0.00800098262640594,-0.004733717110100865,0.002581256056567871,0.0106449558785398
2017-01-02,-0.007912139070628066,-0.008181670896921829,-0.005053747841826093,0.002272628654880315,0.010342882702124192
2017-01-03,-0.007798616568209515,-0.007987262447253184,-0.004487859205360607,0.0031561021686738527,0.011409370613653018
2017-01-04,-0.008109778959033736,-0.007962858355081091,-0.004374124614659536,0.0032824471139050087,0.011649407745624972
2017-01-05,-0.007999053208682591,-0.007652190708344948,-0.004064076780837165,0.0034446833228902827,0.011680273285217984
2017-01-06,-0.007901544713687482,-0.007393404161948007,-0.003910770840659925,0.003454105699864445,0.011566081333380652
2017-01-09,-0.007657340262923048,-0.007525120315583012,-0.004042597608418905,0.003472764100219732,0.01189077919664863
2017-01-10,-0.007957676308446392,-0.007596324357319775,-0.003988118292409428,0.0034736665098224102,0.011887579607062332
2017-01-11,-0.007985104392704702,-0.0074195334354865495,-0.004002799042874811,0.00319197686435368,0.011540140821707462
2017-01-12,-0.008048728193028412,-0.007451465108175364,-0.004063433412823958,0.003191904060293375,0.011746554687433606
2017-01-13,-0.008053290562034889,-0.007506443323557175,-0.00407443486886105,0.0032904313727213008,0.01222922716279389
2017-01-16,-0.007504115953905029,-0.007565141688465564,-0.004169844194611993,0.003349287653730632,0.012196496404025401
2017-01-17,-0.007511371968717599,-0.007625813638965355,-0.004497980496367502,0.002886118361361567,0.011632006022718158
2017-01-18,-0.007510715336990507,-0.007370658053586649,-0.0039862681899237315,0.0035676848493719237,0.01245185433795641
2017-01-19,-0.0075781929385965955,-0.007333933734327162,-0.003647808384284676,0.004024413810978494,0.01287427060476638
2017-01-20,-0.007466023987054492,-0.007097726064369283,-0.0035234922431556896,0.004142962721049197,0.013109936319314612
2017-01-23,-0.006150711160161866,-0.006855649827730188,-0.003568887633905433,0.0042246770467643914,0.01324695800317004
2017-01-24,-0.006451812539425566,-0.0068599687732695805,-0.0035844846934196227,0.004177580241622949,0.013113459638013131
2017-01-25,-0.006334321561489092,-0.006653688800020543,-0.0030990286642193434,0.004887789715026618,0.01388461325407054
2017-01-26,-0.006454487321596358,-0.006712029991276815,-0.00290584209196302,0.004952282185221999,0.013565930094963662
2017-01-27,-0.006397034506306809,-0.006725224974805179,-0.002863538038062492,0.0049722812486055505,0.013415707607815377
2017-01-30,-0.0069032461495270436,-0.00677531441817492,-0.002765331744582626,0.004933830173732438,0.01318236340269317
2017-01-31,-0.006997076448008589,-0.006920974197856667,-0.002800165216728998,0.004969792614902402,0.013274280217619592
2017-02-01,-0.007108169260586447,-0.007146369609704131,-0.002883383645845909,0.005133366621098356,0.01370163007095122
2017-02-02,-0.0073939888300125775,-0.007505927552112399,-0.003338369502559781,0.004573210304258124,0.01317780151159209
2017-02-03,-0.0074523952136609055,-0.007588422284229477,-0.003325144442873178,0.004729768523651931,0.013550977725868368
2017-02-06,-0.007331207825932124,-0.0077777186859844475,-0.0038242244223870743,0.004080802553219613,0.012748025678570928
2017-02-07,-0.007271354995107862,-0.007822619182723861,-0.003786844290395241,0.004465261517294809,0.013356506102658953
2017-02-08,-0.007578441646273509,-0.008131281606106308,-0.004245059715085002,0.0037854839768087117,0.012543494093605228
2017-02-09,-0.0075479489789103795,-0.008053079347424195,-0.004293852070840165,0.0035981977953618884,0.012280918488881404
2017-02-10,-0.007470941726838442,-0.00793103936096614,-0.00405838021271538,0.0039911348097846225,0.012813009960995478
2017-02-13,-0.007651595965979763,-0.008020430442656616,-0.004096467938581227,0.003986655345784204,0.013034522409809039
2017-02-14,-0.007710170629856929,-0.008041668456169066,-0.004114494077587567,0.003984575264499059,0.013073956392194244
2017-02-15,-0.00777085693935149,-0.007959800892380877,-0.003916337449978363,0.0044380669646789835,0.013852709121933
2017-02-16,-0.007959500532659307,-0.007884900718255752,-0.00391582967507774,0.004171389443881192,0.013488968035496304
2017-02-17,-0.007948225174533651,-0.00816393799380029,-0.004342667283184709,0.003559514133701822,0.012522034125611587
2017-02-20,-0.007941296865301165,-0.008400944040936062,-0.0043752387977180965,0.003708729978197107,0.012786557161783391
2017-02-21,-0.008110669000952244,-0.008469779787736989,-0.004390546551994427,0.0038744517733321792,0.013170366504538398
2017-02-22,-0.008271956729365159,-0.008960195704154796,-0.005092582512920241,0.003089108244053808,0.012279675935878935
2017-02-23,-0.00839760219123386,-0.00898281773046418,-0.005242316116516666,0.0029412927009774357,0.012002005415669348
2017-02-24,-0.008673715544379101,-0.009303526205036529,-0.005551780294569344,0.002505051653306007,0.01138026526691721
2017-02-27,-0.008814398314642159,-0.009177140263756982,-0.005490810112830582,0.002402568645612715,0.011223498371717265
2017-02-28,-0.00869353658310502,-0.008952173566631316,-0.0054036822926156036,0.0025214803765216272,0.01157822731727606
2017-03-01,-0.008615910505298802,-0.00858238491163811,-0.0049355543527189825,0.0030511008839056108,0.012365727808576756
2017-03-02,-0.008764730257765632,-0.008591896552341875,-0.004652560771623957,0.0034534131213416457,0.01277570094912025
2017-03-03,-0.008723949498322801,-0.008345048895204883,-0.004200996320556838,0.003854319282135821,0.013058274578787272
2017-03-06,-0.008647794174706114,-0.00834252824089666,-0.004158880135239018,0.003718044334837267,0.012718926304143553
2017-03-07,-0.00893829116277249,-0.008760784543091952,-0.0045328366854922066,0.003716551698245944,0.013097280459344553
2017-03-08,-0.009045014131259785,-0.008562834172676519,-0.004074310536484482,0.004207723725125127,0.013464285235287927
2017-03-09,-0.00913214218596182,-0.008525922698015567,-0.003874968567901113,0.004322630257769747,0.013562631952983507
2017-03-10,-0.009159176088578932,-0.008460082687163367,-0.003353443017620821,0.005038341452234834,0.014250895784923024
2017-03-13,-0.009115176566401506,-0.008183605500553632,-0.0030075911553514877,0.005088577007749633,0.013756019954133336
2017-03-14,-0.008927101413549335,-0.008067374517648407,-0.003050785557931283,0.004959505692027233,0.013487148123183124
2017-03-15,-0.00898902151474513,-0.008214102776950005,-0.0033300083279842107,0.004673131205756133,0.013295408111091818
2017-03-16,-0.008726234579937358,-0.007950855603332143,-0.002990583020814092,0.00497901808250059,0.013532209498697862
2017-03-17,-0.008763270071433682,-0.007881153749701672,-0.0029604472704207606,0.004887071308286499,0.01330188009511981
2017-03-20,-0.008325496962355135,-0.0077092111077699775,-0.003004798418071925,0.0048608862027120555,0.013303365366844129
2017-03-21,-0.008378054895728014,-0.00735123021518203,-0.002594520496544152,0.0051006157850961385,0.013596227609308975
2017-03-22,-0.008415601880829824,-0.00771164167529363,-0.003161970035688846,0.004379878860515762,0.012670200206986965
2017-03-23,-0.00838464277481033,-0.007583462619413534,-0.0031485459231872957,0.004403580131018034,0.012852741481908212
2017-03-24,-0.008297206285465463,-0.007370195780931019,-0.0029627449167157222,0.004495464385984538,0.012946995732315326
2017-03-27,-0.008220384994645115,-0.0071492425280694286,-0.002913205190600072,0.004231807492037047,0.012504338780476312
2017-03-28,-0.008190755642786844,-0.007179055957654068,-0.002975300102259162,0.004265975584024271,0.012607523026309169
2017-03-29,-0.0082173049857029,-0.007612406832210281,-0.003493677973015208,0.004001388390630302,0.012529978929666157
2017-03-30,-0.0076625147528038,-0.007436793606031067,-0.003524783794796686,0.00392186868137232,0.012446015135276649
2017-03-31,-0.007525690229256943,-0.0072835357947934835,-0.0036429579592154137,0.003814023713402656,0.012434180286687977
2017-04-03,-0.007493730241856122,-0.007873725092199208,-0.00406373464505334,0.003688136050687713,0.012349679854052024
2017-04-04,-0.007703670479621664,-0.0080828789168157,-0.004508590359480995,0.003045469236097267,0.011713315269165685
2017-04-05,-0.00794543876260122,-0.008052422419393412,-0.004302817217182966,0.003252824170309565,0.01205802612339598
2017-04-06,-0.007985086546387486,-0.007964778087425496,-0.004434246226957268,0.0030775134963368428,0.01169863115714397
2017-04-07,-0.008045253282740384,-0.008155957220479636,-0.00471390679731944,0.002739686779066965,0.011204387098904414
2017-04-10,-0.007950300578585421,-0.008326779504899377,-0.004798861985882644,0.002778383977216037,0.011228611032142788
2017-04-11,-0.008042912272448645,-0.00843447570179796,-0.004811906226470146,0.002775385178322431,0.01108990396111609
2017-04-12,-0.007917226688523807,-0.008420067405528631,-0.004808345491810772,0.0026939667480779888,0.01088441512872478
2017-04-13,-0.00789337409931857,-0.00857223804686745,-0.0050404790680763775,0.0023456178861098868,0.010490138033098496
2017-04-18,-0.007927118486199545,-0.008461778135959754,-0.004896221023073193,0.002436716911419338,0.010358646543660026
2017-04-19,-0.008066467518075026,-0.008057916346824628,-0.004481959352535591,0.002510617041249441,0.010327612942391328
2017-04-20,-0.007712550263006987,-0.007858766049869112,-0.004125132227001557,0.002995497814916947,0.010776008360870011
2017-04-21,-0.008127987810440574,-0.007857265720098506,-0.004034043025499718,0.003025792596330894,0.010741573321622972
2017-04-24,-0.007620434587684312,-0.006992764493428401,-0.003082209568090865,0.003996819727530138,0.012086493942738093
2017-04-25,-0.0077549844122426805,-0.007018313864199337,-0.0030282343082985268,0.004103020144032472,0.012372034057317348
2017-04-26,-0.0077472282523722924,-0.007062749360115932,-0.003021652448353116,0.004169489486551083,0.012468126936200093
2017-04-27,-0.00789001303496808,-0.007268340139093547,-0.003362027850110216,0.003791779009023135,0.012187016808927743
2017-04-28,-0.007842844859767972,-0.007320803590402449,-0.003488799446780399,0.003819920626792856,0.012347625929747323
2017-05-02,-0.007870616780299716,-0.007383887936898423,-0.003534486922894375,0.003753007811602908,0.012258259748359378
2017-05-03,-0.007900775855109211,-0.007323488098328292,-0.003494646188556274,0.003737644515052287,0.012295792046432965
2017-05-04,-0.007909360467699455,-0.007207511610100701,-0.003068921161456606,0.004334814111205363,0.012950692974569921
2017-05-05,-0.007453506138644802,-0.006977623405115079,-0.0029065445359744927,0.004537120544841548,0.013105430697515125
2017-05-08,-0.00735804872625505,-0.006891478230574099,-0.002769655463571059,0.0046761716144484875,0.01323940127509931
2017-05-09,-0.007315064550715654,-0.006756781996966627,-0.002621429061536675,0.004952232876278302,0.013612067801268606
2017-05-10,-0.007648877984231385,-0.006880337256432947,-0.0027729441706225,0.004568860455404189,0.01325453395799476
2017-05-11,-0.007608852328192458,-0.006724458729226326,-0.002528885144139572,0.004892257802040118,0.013596030531430214
2017-05-12,-0.0077791473818886216,-0.006886235556510507,-0.002773189979879573,0.00456322508270274,0.01328240351849566
2017-05-15,-0.007539781026939326,-0.006748691147678381,-0.002709055623906851,0.0047981562610770155,0.013653196097431866
2017-05-16,-0.007521478397438297,-0.0066251250739613795,-0.002751634204591315,0.004918335816770516,0.013629759343992732
2017-05-17,-0.0071683865341809596,-0.006883640253095722,-0.003028897981829006,0.004511251725928229,0.013359024365977823
2017-05-18,-0.007178829336099145,-0.006941479229733769,-0.003322997352333985,0.004048637957966887,0.012935099584812947
2017-05-19,-0.006865835304378342,-0.00679065299362259,-0.003137869425992194,0.004358441336345833,0.01335719539198798
2017-05-22,-0.007087735985055989,-0.006754649506161332,-0.002914466037239585,0.004579362440319059,0.013661271379685251
2017-05-23,-0.007151969119883301,-0.0066269763951505925,-0.0029727016958036503,0.004651926735491178,0.01358229991838797
2017-05-24,-0.00715144558055931,-0.006798279837873018,-0.002975634165831726,0.004656398613193051,0.01354344748931299
2017-05-25,-0.00709963451186785,-0.006938281072316945,-0.003184512231048151,0.0043298964709894685,0.01332728593091636
2017-05-26,-0.0071592448450668545,-0.007041108110412706,-0.0034362401291784827,0.004031797914507401,0.012908170756463454
2017-05-29,-0.007258733038500056,-0.007289786695733911,-0.003760935402779646,0.0037477282081207442,0.01272537123834786
2017-05-30,-0.007330625493918686,-0.007357365401249103,-0.0038197665667092902,0.003692633990188687,0.012727096744343545
2017-05-31,-0.007332828131052826,-0.007359024097670402,-0.0039211582240645535,0.003616871225584432,0.012740072207557074
2017-06-01,-0.0074245293557689005,-0.007329104343205337,-0.003747788920814381,0.003885104572892501,0.013018552472437064
2017-06-02,-0.007452593464728423,-0.007480126616172375,-0.003973973436877704,0.0035310052993863827,0.01262687325096896
2017-06-05,-0.007268680978787944,-0.0073155475671443605,-0.00386063457748401,0.003666999604313528,0.012869752926566246
2017-06-06,-0.007272299245163329,-0.0074990166236707624,-0.004039446881237278,0.003458204140971164,0.012611455002856315
2017-06-07,-0.0072913478580659795,-0.007559794884731783,-0.004044302304497868,0.0033949317739289148,0.012490334236295182
2017-06-08,-0.007208987543684231,-0.00746443367553991,-0.003977546893732312,0.0034433076704455338,0.012490654886652106
2017-06-09,-0.007197818424747384,-0.0075491250861771594,-0.003997157604740131,0.003522511819748786,0.012683515128788953
2017-06-12,-0.00729586628316802,-0.007515382195343854,-0.004070587246070047,0.0033424617144576178,0.01242633089379782
2017-06-13,-0.007070468545330153,-0.007212299234350379,-0.003870614553787623,0.003450270685004106,0.012450337031524815
2017-06-14,-0.007149803709243143,-0.007163713027236174,-0.003884093362889693,0.00322744527668954,0.011997585916597019
2017-06-15,-0.006753258918241627,-0.006591979497150157,-0.003295002049662079,0.003727012589877452,0.012380205638197117
2017-06-16,-0.007117766994436114,-0.0068305247266285014,-0.003492940576362162,0.003580687683670618,0.012469379390271807
2017-06-19,-0.0069958282105531235,-0.0066968026397822115,-0.003417155447246598,0.003658649824987501,0.012544093964358148
2017-06-20,-0.00690168343076952,-0.006718376793094593,-0.0035008100739461413,0.003427268543390678,0.012092469396525979
2017-06-21,-0.006930068613869542,-0.006599404815177126,-0.0033507500838924997,0.0034038339121098635,0.011860540270862094
2017-06-22,-0.006992688342455711,-0.006651717008279006,-0.003480989459778705,0.003232137917657587,0.011703628951243722
2017-06-23,-0.006962077714556532,-0.0065032843183561,-0.003364402329715545,0.003311969458363988,0.011958205834700435
2017-06-26,-0.0070311954548022484,-0.006557621455971771,-0.003471371068362421,0.003165619965701722,0.01182322525946516
2017-06-27,-0.006904475481749886,-0.00610612879172467,-0.002658787034982435,0.003966732127277321,0.012461750275552548
2017-06-28,-0.0068803853386778325,-0.006107385664629907,-0.002350533210033916,0.004458667821893645,0.012737971520877644
2017-06-29,-0.007002957763048545,-0.005982272964863675,-0.0019297992444314092,0.005082937069142579,0.01342760604461703
2017-06-30,-0.006885604300505594,-0.0058603585116469145,-0.001718334366647189,0.005409199919834577,0.013835589922819214
2017-07-03,-0.006870060266807507,-0.006063645902190861,-0.001940489031833392,0.005290508498355022,0.013873824723470622
2017-07-04,-0.006941021057549128,-0.006157263751251545,-0.0019284247789545538,0.0054639891520171435,0.014247548001712532
2017-07-05,-0.0069099513205058425,-0.006023523562677431,-0.001906124858809734,0.0056513508287294205,0.014329258817169104
2017-07-06,-0.0066710837955028905,-0.005923981635402251,-0.001196443076435036,0.0063503757196854685,0.014792773345723528
2017-07-07,-0.006691631951110355,-0.00606108602539706,-0.001267558399419641,0.0064973271576625,0.015015855827839892
2017-07-10,-0.00658041677186455,-0.006168116260072152,-0.001472697199738348,0.006331161098613487,0.014786589868324249
2017-07-11,-0.0067100580381851535,-0.006064346718529503,-0.001309366889021186,0.006422352178302759,0.014922330598309495
2017-07-12,-0.006793316276455332,-0.006190180632922981,-0.0015386822621737289,0.006120407423336749,0.014606568268687758
2017-07-13,-0.006998143271464214,-0.006253842576283519,-0.00154126262250938,0.006103348619269502,0.014731622120770919
2017-07-14,-0.006900888171255784,-0.006325131195366183,-0.001626569753233129,0.005948380457220308,0.014470288606198261
2017-07-17,-0.00685946793832731,-0.0063239088368589515,-0.001596204668007192,0.006008422160834614,0.014554904729157513
2017-07-18,-0.006899748202048852,-0.006392138720623652,-0.001698120597318464,0.005866864088578421,0.01439413296469896
2017-07-19,-0.006991235818199153,-0.006402525016168976,-0.001861987937249321,0.005627705945908792,0.014171668865393878
2017-07-20,-0.007072731366656883,-0.006436986689765849,-0.0019458419495708228,0.00559412121033712,0.014278065748663096
2017-07-21,-0.007063439735788164,-0.006437726489582252,-0.002126604459334995,0.005351874898335609,0.014194639649025492
2017-07-24,-0.0068075665435324,-0.006556850816749628,-0.00224620097915472,0.005270431790100005,0.014137776872083846
2017-07-25,-0.006806560720573514,-0.006475712765100603,-0.001835941402375471,0.005801280421090471,0.014666484497770775
2017-07-26,-0.006981574949462745,-0.006528243823934616,-0.001931849427360337,0.005813779143797948,0.014585367242783238
2017-07-27,-0.006888214172338152,-0.0066446706966316604,-0.002153849098917888,0.005579757790099809,0.01444240180790908
2017-07-28,-0.0069301292194449225,-0.0065881857741613105,-0.00203397853804514,0.005862230358779561,0.014749263843541265
2017-07-31,-0.0071036172073392564,-0.006677879301542609,-0.002134894239163376,0.005771010542149364,0.014521993601948325
2017-08-01,-0.0065315841633347095,-0.006708553997478397,-0.002344713587102083,0.0054494300889281,0.01394711993435602
2017-08-02,-0.0069019673723217535,-0.0068217030548252035,-0.0025787851151098887,0.00517289272521797,0.013671913667631558
2017-08-03,-0.007096153261235956,-0.006764010134952034,-0.002553500544019336,0.005013635936686569,0.01344659748878172
2017-08-04,-0.007235929707462254,-0.006729454984207317,-0.002476416923113165,0.005025789832709169,0.013540693071499481
2017-08-07,-0.007020768758466067,-0.006753310028481394,-0.002570165666816972,0.004993272319234068,0.013501519335988692
2017-08-08,-0.0070036364694737755,-0.006670214425523993,-0.0025136391287941067,0.005000807025548229,0.013498629159234997
2017-08-09,-0.007051759079851896,-0.006814680212885964,-0.0028525154822627652,0.004538175402380648,0.013016710295494059
2017-08-10,-0.0070287221050024315,-0.006801208922186017,-0.002895517129591187,0.004441932985463275,0.01288712598402922
2017-08-11,-0.007137124083985123,-0.007031796004310147,-0.0031424473049275646,0.004161122245960502,0.012585611526221896
2017-08-14,-0.007136051104085987,-0.007055315635241621,-0.002972969124064519,0.00445464924823403,0.012984953029597852
2017-08-15,-0.007235778486659723,-0.006890506176624234,-0.002719421744098156,0.00473368195145028,0.013234141175118399
2017-08-16,-0.007118509813916749,-0.006884724269699971,-0.0027050724318623846,0.00481419553247413,0.013417990682310461
2017-08-17,-0.007045107078883812,-0.006805273178986449,-0.002721914553589712,0.004731186425987639,0.01330182637799079
2017-08-18,-0.007154971231344276,-0.0070009843913928374,-0.003030617975576772,0.004274694387621496,0.012730170502022934
2017-08-21,-0.007168463663459506,-0.007020942395337286,-0.003004093143569761,0.0043097177490125475,0.012744450287953487
2017-08-22,-0.007141389317258531,-0.007032135755090767,-0.002992797403188056,0.004409475553666704,0.01298297116893793
2017-08-23,-0.007271429564518281,-0.007185161811870229,-0.0031795978143457047,0.004183392219523103,0.012769819017160771
2017-08-24,-0.0074560065422857895,-0.007229737250576296,-0.003335792834634334,0.004019175990051344,0.012512573442453639
2017-08-25,-0.007502752160574289,-0.007114144011382173,-0.003110578466257152,0.004238850553628097,0.01284351931273665
2017-08-28,-0.007273167380450929,-0.007332824075870761,-0.0033969157645688417,0.004057429341390968,0.012860575089420545
2017-08-29,-0.007361236493481242,-0.00742497940722588,-0.003643708137035748,0.003697197325810935,0.012415872663339425
2017-08-30,-0.007594139074696629,-0.007244493855285317,-0.003372949839773804,0.0040003649292381475,0.012575570022728648
2017-08-31,-0.007780349812318568,-0.007341663992199683,-0.0035224641118706216,0.003846542552178906,0.012487955537175927
2017-09-01,-0.0073958242191565484,-0.007264870387794229,-0.003350637271152106,0.00419552520566488,0.012981898340211039
2017-09-04,-0.007505183483399025,-0.007413051187851529,-0.003535320108748081,0.004069778056663669,0.012986763196982049
2017-09-05,-0.007697376460976611,-0.007595541243305331,-0.003682262052825997,0.0039273786216946945,0.012716327661235339
2017-09-06,-0.007619336260958041,-0.007471465701505293,-0.003667967382470189,0.003789547740225334,0.012426782358843789
2017-09-07,-0.007726218956350881,-0.007604467254267897,-0.0038424884816238604,0.0035970403090988512,0.012307939945724863
2017-09-08,-0.007758156772731348,-0.007633127457827316,-0.0038424084341960357,0.003641466046616033,0.012454654702403822
2017-09-11,-0.007652883046944305,-0.007604673544174894,-0.003784627530641122,0.003748872051320555,0.012627558751503717
2017-09-12,-0.007556646166675191,-0.007399262933260928,-0.0034177230739466857,0.004178788063733289,0.01308942860625333
2017-09-13,-0.007327858148099207,-0.0072994514311214955,-0.003205087883910487,0.0044814419299658405,0.013508946851645378
2017-09-14,-0.007640866889646833,-0.007206202211901234,-0.0031027063080494247,0.004557684648968888,0.013585815540336603
2017-09-15,-0.007233868296973192,-0.007056445173470882,-0.0028465373899656658,0.004768904045914413,0.013624538060849001
2017-09-18,-0.007588717683838777,-0.00699522557437696,-0.002662121065292471,0.005028917840535696,0.01398899787723282
2017-09-19,-0.007525581392598533,-0.006966569844256761,-0.002750119938833792,0.004861367879118941,0.013758482861935022
2017-09-20,-0.007621373698628593,-0.006986707373204375,-0.00280330790682874,0.004753834471845044,0.01363519557030556
2017-09-21,-0.007702944465057071,-0.006957818218409795,-0.0026275010783374953,0.004930251545660153,0.013724473998818298
2017-09-22,-0.007802282993498975,-0.0069167302915404604,-0.002559990687773306,0.004921065568804073,0.013617335691020327
2017-09-25,-0.007701450119395945,-0.006778882429689128,-0.002764259635688049,0.0046439956604520825,0.013496214199937356
2017-09-26,-0.007841810047490225,-0.007190046396221827,-0.002966800836291572,0.004601541364913757,0.013403979943370916
2017-09-27,-0.007752530262164081,-0.0070242215825659215,-0.002574600954770671,0.005179246793208438,0.014067651676462822
2017-09-28,-0.007752330726705423,-0.007101638978835299,-0.002521120972494364,0.005299632724505816,0.014194618181182138
2017-09-29,-0.0076276215864675345,-0.006999581196698683,-0.002567721375622707,0.005162529460039549,0.013958797168027086
2017-10-02,-0.007610662447269169,-0.0071553268837607755,-0.0027390952626002462,0.0049324643788752984,0.01364141698660021
2017-10-03,-0.007638308715158654,-0.00712291877297682,-0.002664826507418238,0.005154840964898097,0.013933478033740596
2017-10-04,-0.00755326173704967,-0.007163426843514076,-0.002836467605350057,0.004887171286733158,0.013644854125411799
2017-10-05,-0.007388317990244395,-0.007033956093803466,-0.00264440249560061,0.004962418897356588,0.013719226733670854
2017-10-06,-0.007245174059569901,-0.006824731304138671,-0.002187806158801626,0.005503766325405017,0.014263490983115284
2017-10-09,-0.0071856609396610096,-0.007063305132387336,-0.002604773074790403,0.004955943327835541,0.013754093495261889
2017-10-10,-0.00766294752382376,-0.0070152675313693005,-0.0025990598630580754,0.005015378400237305,0.013747958080768192
2017-10-11,-0.007588669381077737,-0.006953399454251183,-0.002538052852583394,0.005083273146069933,0.013837130355321147
2017-10-12,-0.007730849203107075,-0.007124039816193077,-0.002674516419814843,0.0050000890150924,0.013856223230199225
2017-10-13,-0.007800561686026242,-0.007286280098888733,-0.00299344231267403,0.004611549730230067,0.013577384534959065
2017-10-16,-0.007859158484961007,-0.007462403070737462,-0.003222531250420415,0.004362462024269007,0.013361069854369214
2017-10-17,-0.007890296392884284,-0.007417228057703538,-0.0032599405372279026,0.0042016865517749205,0.013119531060969278
2017-10-18,-0.007794250773549525,-0.0073042909406528,-0.0030452181047073788,0.004411618952615743,0.013250570451518276
2017-10-19,-0.007910896390493763,-0.00737267316936185,-0.0030573867415082476,0.004433339942505307,0.0133125741549137
2017-10-20,-0.00772766501861384,-0.007184527558678964,-0.002631859768708278,0.0050537560311759485,0.013983292438495075
2017-10-23,-0.007796933239656427,-0.0073001496446965675,-0.002836933713882423,0.004822862176590803,0.013796684064432487
2017-10-24,-0.007585811723677227,-0.00705378641506881,-0.0024860217143894917,0.005245309813102877,0.01415058766834366
2017-10-25,-0.007634637764376963,-0.0069734432010310245,-0.002324897261016154,0.005425352072895739,0.014359116575531038
2017-10-26,-0.007718108872991374,-0.007292970915131099,-0.002714018963995199,0.005023562335054806,0.014060540536001632
2017-10-27,-0.007936241577030016,-0.007485892550545188,-0.00310059743637634,0.004740056048761696,0.014111637600055894
2017-10-30,-0.007976601023469566,-0.007574911601902538,-0.003308733165323527,0.004378655790662984,0.013706187800139807
2017-10-31,-0.007856827367159898,-0.00744982685394139,-0.003239687346845876,0.004385500943816023,0.013444591521239306
2017-11-01,-0.007668613283004191,-0.0075139223976869295,-0.003287945822533666,0.004365466669978302,0.013421554356362463
2017-11-02,-0.007802090556436476,-0.007437468896640737,-0.003210778955013627,0.004454265561935528,0.013558257556527913
2017-11-03,-0.007901975713105058,-0.007566919306377971,-0.003371853799726079,0.00419417898223795,0.013186501300492055
2017-11-06,-0.007827627687316237,-0.007455083994131231,-0.0035042077031525037,0.00400209106059048,0.01310504617588116
2017-11-07,-0.007756613114524156,-0.0076295106053661495,-0.003521433535262765,0.004055111495828924,0.013127508395988393
2017-11-08,-0.0077204267893639525,-0.007658246034695289,-0.0036742297264053558,0.0037960884819782407,0.01283459981970541
2017-11-09,-0.00780068436706477,-0.007460245445267688,-0.003275685715541607,0.004364686739538514,0.013446630774601964
2017-11-10,-0.007785552401279685,-0.007476946647973985,-0.003149846003783549,0.004591609816300037,0.013775712057002317
2017-11-13,-0.007690067923015957,-0.007407622829979061,-0.003023445194229435,0.004750918959172923,0.013938686794638474
2017-11-14,-0.007746084452684003,-0.007331121895200834,-0.002990614385863024,0.004788686393726431,0.013971521460272569
2017-11-15,-0.007753669187913124,-0.007490579389949721,-0.0033402147734354682,0.004236197474558807,0.013383484893256444
2017-11-16,-0.007622931893128675,-0.007371355963390904,-0.003178146861141897,0.004409280135739939,0.013521566000925111
2017-11-17,-0.007639986467517448,-0.007377633952978107,-0.0031798482942035824,0.004390678339386031,0.013468764838594731
2017-11-20,-0.007591174493030495,-0.007402381427402762,-0.003214954486138053,0.004283150461044327,0.013230827961646423
2017-11-21,-0.007785072281701857,-0.00739479472011026,-0.003265359671049674,0.004165152219955397,0.012847181560843588
2017-11-22,-0.007852707026461667,-0.00718180875602509,-0.003024179086727807,0.004258449718268027,0.012753871762148516
2017-11-23,-0.007953871699551487,-0.0071576074995909345,-0.0029844999996799793,0.004154339345708306,0.012570535811163458
2017-11-24,-0.007866808696251655,-0.007118833481682696,-0.0029542061461806752,0.004277512214630317,0.012721484822502209
2017-11-27,-0.00787429095145925,-0.0071288978282429485,-0.0031211648350128753,0.004214924113816209,0.012563226663720804
2017-11-28,-0.007862731965496498,-0.007223276691038363,-0.0030949634659392,0.004134269161690644,0.012614898624144912
2017-11-29,-0.00788712659956271,-0.007053485898847151,-0.002675957506657234,0.004584176540617646,0.013015662994199817
2017-11-30,-0.007817697838778608,-0.007021452827025936,-0.0027561773442995106,0.004370419396738372,0.012670965507678024
2017-12-01,-0.007987623674930007,-0.007155631335293915,-0.002969880307116668,0.004009679834370976,0.012388253146960404
2017-12-04,-0.008004293126931492,-0.00721548885383747,-0.003044290919787036,0.003979942253559061,0.01243973804382902
2017-12-05,-0.008086113458644182,-0.007326212614239145,-0.003135709497873575,0.003921175808084278,0.012413769612253852
2017-12-06,-0.008052843261433245,-0.007551588157729876,-0.003519640374220243,0.003561697148765566,0.011891457253065181
2017-12-07,-0.008267370099282034,-0.00767450613558939,-0.00352644346828769,0.003635377658432333,0.012060423814498001
2017-12-08,-0.008288515762911754,-0.007623042108258975,-0.003436742514101327,0.003714925752830869,0.01228124640486578
2017-12-11,-0.008405333090695416,-0.007478797616125608,-0.0033403023461461862,0.003635204851920859,0.012026217112034443
2017-12-12,-0.008446054070424322,-0.00743906845655637,-0.003194686224058127,0.00380711133158524,0.012203304001483155
2017-12-13,-0.00842703730262247,-0.007469175968417172,-0.003190581051701562,0.003875702419840845,0.01235392252536576
2017-12-14,-0.008626275512460781,-0.0073858841190111504,-0.0029256199782043703,0.004035035814246308,0.012406539859867217
2017-12-15,-0.008624050244532494,-0.0073828276262425255,-0.0030508777382141613,0.00373475321526147,0.011933543777118876
2017-12-18,-0.008657109123996207,-0.007240255516569718,-0.002876361141369434,0.0037456548580014188,0.011863393747725737
2017-12-19,-0.008890622834974432,-0.007105696042059124,-0.002468130161763406,0.004350769422454989,0.012724421730897977
2017-12-20,-0.008732177210121348,-0.006913950787301859,-0.00205440305626686,0.004873232174277726,0.013220846759167045
2017-12-21,-0.008470105011160654,-0.0066991120927403095,-0.00184273641097719,0.005048039613933746,0.013296044831253939
2017-12-22,-0.008260334501038738,-0.006649866952696035,-0.001859113458787318,0.004932084685723676,0.013011366377783915
2017-12-27,-0.008456953181527107,-0.006731523010616778,-0.002126224507283973,0.004728448132947313,0.012945517342794708
2017-12-28,-0.0074818979081744015,-0.00637618189823689,-0.0017898945004765298,0.004997503954539972,0.012951734944361764
2017-12-29,-0.007800568231915553,-0.006352172241188692,-0.001658911020015097,0.005220430870463577,0.013369124128917522
2018-01-02,-0.007459982969209855,-0.006184492733985723,-0.001583940495411937,0.005376153700264279,0.013716420251485156
2018-01-03,-0.006897260872208188,-0.006258495135872177,-0.0017219158864543972,0.005218374832746991,0.013427924514033298
2018-01-04,-0.00664710611083805,-0.006092078650348185,-0.001541462253914902,0.0053272645182148,0.013354549666814645
2018-01-05,-0.0065946882022906795,-0.00610466326997031,-0.0016433721852335912,0.00523487320492193,0.01337122496324258
2018-01-08,-0.006467806055393923,-0.006202436117552228,-0.001829588059554234,0.00506895799536978,0.013286426278886513
2018-01-09,-0.006645083948159509,-0.006158303015402957,-0.0016522259543043111,0.005290185243279079,0.013512377984787332
2018-01-10,-0.006320236175164476,-0.006151396804484026,-0.0014683032069850279,0.005679457567102828,0.014046754071413372
2018-01-11,-0.0059368784709801295,-0.005646616875077592,-0.0008104057666256189,0.006201560239280539,0.014149113705803183
2018-01-12,-0.006266512914759243,-0.0055977766461911575,-0.000634579983914296,0.006191016412443746,0.01374433791161854
2018-01-15,-0.006346168993405013,-0.005778057363459306,-0.000792952494570728,0.006102340613692441,0.01392698421587289
2018-01-16,-0.006226108696506067,-0.005749339861922129,-0.0008851350118795941,0.005856505955963742,0.013474312835351387
2018-01-17,-0.006298184412579977,-0.005706399095357985,-0.000827996478004724,0.005857907046892903,0.013392757667176522
2018-01-18,-0.006245569839920238,-0.005762719550166233,-0.0007384665488062931,0.006120543716691458,0.01374499062137995
2018-01-19,-0.006267648780053723,-0.005854912862391126,-0.000791689224876543,0.006152351671397014,0.013862452877470868
2018-01-22,-0.006136028799599451,-0.005915804785073462,-0.0008278632686379509,0.006184954432179071,0.013889093596656283
2018-01-23,-0.006050935873979892,-0.005833259436548169,-0.0008981380905579329,0.005969554149563514,0.013598169969168303
2018-01-24,-0.006113174190953074,-0.005807932699295382,-0.000675707765011512,0.006294744230639662,0.013882931671586612
2018-01-25,-0.00609035554973618,-0.005451433564393388,-4.5277735819109e-05,0.006677173143620169,0.013508600793750832
2018-01-26,-0.006077370859122242,-0.005387041960601016,2.6325920577211997e-05,0.006622642779018211,0.013216284211312802
2018-01-29,-0.005996033057055183,-0.005075764573764943,0.000621777768467026,0.007247112196938259,0.013619321600493698
2018-01-30,-0.006279051734465888,-0.005176578097556846,0.000543795310996193,0.007330616991547662,0.01408659524924777
2018-01-31,-0.006254299610967098,-0.005247320548608308,0.000465980718499761,0.007098755198716349,0.013510939252242256
2018-02-01,-0.006286379925167313,-0.005327598288112059,0.0006345685274643741,0.007477801886323521,0.01393903363976228
2018-02-02,-0.006337417336602241,-0.00521751105664789,0.0009714604783661409,0.007891126589698434,0.01428483769961437
2018-02-05,-0.006417136383369182,-0.0054322624057467905,0.0006417350878429939,0.0076819594702217135,0.014387027765500377
2018-02-06,-0.006352882939565767,-0.005472357533629379,0.000479320049573903,0.007472459180661728,0.01419577514051026
2018-02-07,-0.0063709417473855785,-0.005448470227649107,0.000612259715376009,0.007575132513873602,0.014114455359075068
2018-02-08,-0.0062441512109986785,-0.005146026909352956,0.0012504351943123729,0.008354119886109724,0.014766447966471329
2018-02-09,-0.006383709199035779,-0.0054563594571666665,0.000837815620956217,0.007927382911463212,0.01435451594114568
2018-02-12,-0.006322346946819741,-0.005592832426489273,0.0007554258060367131,0.00797957127651717,0.014471289886884176
2018-02-13,-0.006365354837570387,-0.0056247557867888974,0.000620160936657212,0.007903528206239026,0.014652596521494683
2018-02-14,-0.006248916183924856,-0.005479182527473743,0.000830125993409742,0.008110588617123087,0.014782486105536785
2018-02-15,-0.006142740211949122,-0.005396199499448961,0.0008988656490705341,0.008177105769067793,0.014850849947756605
2018-02-16,-0.006224949705583614,-0.005552945117676397,0.000502582535255191,0.007679671557406644,0.014452783863918392
2018-02-19,-0.006362967213121868,-0.005495560353561562,0.00073594165542743,0.007983269777830815,0.014759118214442195
2018-02-20,-0.00630212895226337,-0.00556576740817512,0.000571465069853935,0.007824354690594672,0.01466907055715163
2018-02-21,-0.00633235017854052,-0.005484844626377612,0.000561949369338723,0.007716906888287554,0.01456536133260516
2018-02-22,-0.006431211883383283,-0.0055609460367868555,0.000489810352655375,0.007643303385791009,0.014498322989507399
2018-02-23,-0.006318560691940418,-0.005701424029787718,0.000123724337491868,0.007153560257066074,0.013937534073671017
2018-02-26,-0.006441610028597951,-0.005725897805717945,9.358642000814901e-05,0.007020362544295686,0.013668043095706588
2018-02-27,-0.0067080256668757944,-0.005642931916123333,0.00029685246634625297,0.0072085114629731615,0.013853562253620699
2018-02-28,-0.006551093879178844,-0.00572716156433839,0.00011679452085918,0.007091440932355492,0.013863888924708427
2018-03-01,-0.006490984840919083,-0.005817057429596186,-7.9745475744701e-05,0.006859404629902288,0.013629188516900032
2018-03-02,-0.006649920112119409,-0.005804957664433213,-0.00012871390481076402,0.006748325145907481,0.013581105156332405
2018-03-05,-0.006797422574063121,-0.005803534240144961,-8.709923968961401e-05,0.006811245128377212,0.013713767427294812
2018-03-06,-0.006927177237714055,-0.005622852014496118,0.000329425413558306,0.0072665253110946355,0.014067044272131221
2018-03-07,-0.0066689166529134815,-0.005585202152058821,0.000258318317675581,0.007126849078949178,0.013820601047513495
2018-03-08,-0.006668171728481078,-0.005671559401157857,0.00017148401204890299,0.006999532369783106,0.013565791008002677
2018-03-09,-0.006767967663938028,-0.005715420545818306,0.000159319499205885,0.007018035265928031,0.013632812705419377
2018-03-12,-0.006693334322874382,-0.005800019062003967,-5.6221125553568e-05,0.0068095882099928765,0.013536915555381987
2018-03-13,-0.006794065384377665,-0.005890634617310768,-7.2997920210191e-05,0.0068471287363395476,0.013581662850644709
2018-03-14,-0.006797862939951631,-0.005793483600312781,-0.000168093141513381,0.00664288763467023,0.013495756013583332
2018-03-15,-0.006826405963362887,-0.005862981806561311,-0.00039665669862451095,0.006267206378426291,0.01302466280819293
2018-03-16,-0.006840641680418109,-0.0059106155509189495,-0.00036254967578372503,0.006350385978181645,0.013068066602645556
2018-03-19,-0.006740029346923519,-0.005854879794608339,-0.00032243065034827503,0.006346435929500549,0.012969368909922674
2018-03-20,-0.006480457598987204,-0.005876399456870267,-0.000344369976881182,0.006391139783945441,0.012986921176217128
2018-03-21,-0.006671744587452335,-0.005867594890438408,-0.000246838021449109,0.006483959927214107,0.01305514447412866
2018-03-22,-0.006809779948576591,-0.00614247893129682,-0.000817385019209941,0.005760251247688819,0.012370096115779225
2018-03-23,-0.006939334799147514,-0.006017288877753648,-0.000680083883234257,0.005874861621633079,0.012566887305793558
2018-03-26,-0.006805262810264514,-0.005983788171555,-0.00069122494857039,0.005836538475692823,0.012479433442399353
2018-03-27,-0.006861668225361721,-0.006073070106820993,-0.000886741872524767,0.005621034680685053,0.012365044210468903
2018-03-28,-0.006792363792514069,-0.006083209264391796,-0.0009715788151903739,0.005507965356079536,0.012260085970665609
2018-03-29,-0.006735784345586513,-0.00609956169598294,-0.0010429097473720179,0.005484389371638745,0.012383109416775444
2018-04-03,-0.0066003549770572364,-0.006016023872693204,-0.0009734178228742341,0.00552060875942054,0.012336284815651528
2018-04-04,-0.006645850919138119,-0.0060323343891072415,-0.001015925581406174,0.00547333332279556,0.012338151661580301
2018-04-05,-0.006596582401759845,-0.005873391172779057,-0.000829403564584181,0.005701744119278311,0.012681820950575594
2018-04-06,-0.006647420081078661,-0.005904540552122226,-0.000898592486711491,0.0055992369517157935,0.012579713228699154
2018-04-09,-0.006573396559669898,-0.005836820000940577,-0.000858420329363669,0.005611718349030035,0.012571626007731278
2018-04-10,-0.0065244292792683,-0.005702934950496834,-0.0007198716485260439,0.005647372363859544,0.012422367836395238
2018-04-11,-0.006571559533854756,-0.005714193834071057,-0.000793855965011545,0.005522598338088116,0.01230772672475957
2018-04-12,-0.006692708179711846,-0.005755119500336336,-0.0007666863848605041,0.005664182109255096,0.01264327674598685
2018-04-13,-0.00664744849926109,-0.005807393396290177,-0.0007539001923930929,0.005766410828037456,0.012777529565017105
2018-04-16,-0.006636391267816324,-0.005792179391803032,-0.000752149425422885,0.005759365212637588,0.012775762324997348
2018-04-17,-0.006486051835907609,-0.005853195319813924,-0.0008381187536545021,0.005691320249585647,0.012655069703620448
2018-04-18,-0.006437220241599027,-0.005753764775743457,-0.0007481935159599109,0.005709947189081212,0.012562683806055606
2018-04-19,-0.006412910302419714,-0.00556253014385411,-0.00023230439346608699,0.006359708492617537,0.013066761544811479
2018-04-20,-0.006400429750978676,-0.005570122067315167,-0.00014667920902438,0.006577628436422751,0.013404320769700271
2018-04-23,-0.006377449146542027,-0.00549812737586909,7.089583098442e-06,0.006768867555908784,0.013574975073373567
2018-04-24,-0.0063675113830058685,-0.005458236716106369,0.00012117244807448901,0.0069497810921475,0.013797644522143977
2018-04-25,-0.0063176089340176,-0.005505285972836571,7.7254738580636e-05,0.006900648731343119,0.013669260209971903
2018-04-26,-0.006457437257825953,-0.005530571321939126,-2.44629755341e-07,0.006709688169090979,0.013395565990801024
2018-04-27,-0.006442434061802445,-0.00571883621723801,-0.000415461196973474,0.006227839236592754,0.013004398100997072
2018-04-30,-0.0062774304457541286,-0.005709839086652089,-0.00043290409427084895,0.006286787111497132,0.013168943641909587
2018-05-02,-0.006463811012944001,-0.005717191943072839,-0.00038841420019476605,0.0063295467750314315,0.013241796871056519
2018-05-03,-0.006313026741446515,-0.005778050843609961,-0.000635190756899595,0.0060646454882095305,0.013107404015122408
2018-05-04,-0.006136439640002163,-0.0057258450645163795,-0.000636203904155605,0.006021888770291239,0.012978363780470063
2018-05-07,-0.0061809317231599145,-0.005769564920763957,-0.000745768399658546,0.005859906361692122,0.012813229844127003
2018-05-08,-0.006155134022218312,-0.005715153182288937,-0.000579304131090685,0.006113461459975564,0.013088531972897298
2018-05-09,-0.006143132035163739,-0.0056455163710757185,-0.00045410081539125097,0.006288267092341933,0.013318215805961795
2018-05-10,-0.0062839859686696095,-0.005793114878060175,-0.000654883582600378,0.006022431931626198,0.01299586500999523
2018-05-11,-0.006181224637151012,-0.005679627449180273,-0.000457012608880811,0.006223807502169709,0.013070602650813848
2018-05-14,-0.006143220276748895,-0.005470994881826616,-4.0272179812461e-05,0.006705578763286848,0.013455549101586915
2018-05-15,-0.006114343380014002,-0.005379548794872218,0.000173995961941217,0.0069966616057871,0.013752100110569678
2018-05-16,-0.0060760893533711524,-0.005581990429113333,-0.000147353860639292,0.006693831561928514,0.01352321749689975
2018-05-17,-0.006218102021990857,-0.00559547337033563,-6.0684668693609e-05,0.006838346397034156,0.013716033086011907
2018-05-18,-0.006035581261518918,-0.005640119899574643,-0.000173347953302895,0.0067881229978698785,0.013757490680305089
2018-05-21,-0.006136910560335695,-0.005909289594640344,-0.000689290120558858,0.006221187168426727,0.013382028356382447
2018-05-22,-0.006133652778385539,-0.005874825958606325,-0.0006316572379304119,0.006201334067830446,0.013176577097621132
2018-05-23,-0.006082996017366269,-0.006045871736800219,-0.001002060841797769,0.005838327754695109,0.013014400776096662
2018-05-24,-0.005947483116840806,-0.006162522611573112,-0.001319203344198491,0.0054114935129782275,0.012510954928728725
2018-05-25,-0.006075273203575795,-0.0065291997730673405,-0.00194970408633436,0.00472715185701607,0.01197413845626663
2018-05-28,-0.00622830942627777,-0.006925742478333854,-0.002410750053545571,0.004312649033601801,0.011594234074387737
2018-05-29,-0.006152100168214556,-0.007060217742182573,-0.002664957796955587,0.004089256473547902,0.011494862683706537
2018-05-30,-0.006251846452330625,-0.00704692734567586,-0.002692031937638219,0.004004221619574322,0.011442824983981938
2018-05-31,-0.006268154411715612,-0.006913572167228086,-0.002494905435537697,0.0040246709969115006,0.011043357844676258
2018-06-01,-0.0059665691414748446,-0.006366566110034633,-0.0018465256101921751,0.0046079184471828774,0.011474460336993095
2018-06-04,-0.005969739778983036,-0.006318401252723831,-0.0017081488799070579,0.004789344866100107,0.011623276031012564
2018-06-05,-0.006050520131644484,-0.006563043077504824,-0.002007977810510173,0.00457404237482697,0.011571060798600484
2018-06-06,-0.005976875041474294,-0.006225627072227509,-0.001350866357759219,0.005309162454777212,0.012074188517220245
2018-06-07,-0.006140341334447728,-0.006179630992906065,-0.0010579651264008031,0.005704302034244186,0.012387261847646207
2018-06-08,-0.006227745305808141,-0.00659559588167423,-0.001557452815297519,0.0052720076492327374,0.011988933708861315
2018-06-11,-0.006199250822767624,-0.006234215982829872,-0.001065075724289315,0.005783466902386314,0.012554072387632913
2018-06-12,-0.006036021082634339,-0.006083517892430201,-0.000996822231448639,0.005795702133265888,0.012578285219375776
2018-06-13,-0.006100347359284466,-0.006121423826484209,-0.001201481854519217,0.005451870057026023,0.012252332861217212
2018-06-14,-0.006146972425044061,-0.006339709690008899,-0.001569257904172163,0.005234857713433297,0.012521794518823477
2018-06-15,-0.006148706004482017,-0.006442975094533487,-0.001962975105593774,0.004762542019865323,0.012361161441167012
2018-06-18,-0.006289113038381627,-0.006479226792752373,-0.002026176163992552,0.004739042259810092,0.01259213561869791
2018-06-19,-0.0062917188851818965,-0.006616324852662947,-0.00230548372347509,0.004374811163045961,0.01218809528287983
2018-06-20,-0.006286884428954007,-0.006630035381399217,-0.002238061794622678,0.00454339291168357,0.012405819311418945
2018-06-21,-0.006215241058649444,-0.006857809034324695,-0.0025875563861461697,0.004212495643489404,0.01209680608711138
2018-06-22,-0.006253190196173823,-0.006927997127879077,-0.002642893677324771,0.00418218271506479,0.012064008237033526
2018-06-25,-0.006501145791595215,-0.0068624124873975755,-0.002592988395922484,0.004103555044716972,0.012006228113969558
2018-06-26,-0.0065356108447953455,-0.006928244295043929,-0.002555307156113828,0.004196190403617255,0.011967169529653487
2018-06-27,-0.006517786781712605,-0.006871671533591152,-0.002573411403576999,0.004036427093218515,0.011645293324197357
2018-06-28,-0.006362780192867179,-0.006946496105669633,-0.0027222304659935757,0.003841357410145143,0.01126791657518595
2018-06-29,-0.006231112411498038,-0.00682019234848231,-0.0026205335508579257,0.0037905568701764197,0.010876349870293631
2018-07-02,-0.006275542229747882,-0.006966512530881479,-0.002736137185968044,0.003728063270000952,0.010777235881816444
2018-07-03,-0.006251822128585804,-0.006813203491243644,-0.0026431117558222274,0.003677798910480128,0.010620371688141601
2018-07-04,-0.006405726460577386,-0.006718174626355884,-0.002574433020341837,0.00366453670895301,0.010690258506255473
2018-07-05,-0.006408467225189105,-0.006660347230530146,-0.002486595824951294,0.0037292540869591838,0.010685403020084654
2018-07-06,-0.006338374300234233,-0.0067303684868408094,-0.002622899724113274,0.003621418680086892,0.010658977566882295
2018-07-09,-0.006153502259620791,-0.006566104998315749,-0.002452876640441044,0.0038937356756919687,0.011148175598566672
2018-07-10,-0.006276579396137947,-0.006524142834464844,-0.002382813947059885,0.003907256218726358,0.0111138862560553
2018-07-11,-0.006114984156078138,-0.006467465672300446,-0.00238765442002629,0.003821032402865141,0.01085250801860941
2018-07-12,-0.0062866037951839785,-0.00655334751555313,-0.0025003798026632927,0.0036850011842307316,0.010799330076496414
2018-07-13,-0.0062220765300049895,-0.006618555300797784,-0.0026670979604423188,0.003512959458484106,0.010716029302774458
2018-07-16,-0.006236216814507851,-0.00650205693134212,-0.002421284677809598,0.0038031931625191,0.010950114586485975
2018-07-17,-0.006369909402740006,-0.006527641140919948,-0.002498157607017086,0.0036434815772446783,0.010798038540407728
2018-07-18,-0.00624052113454954,-0.006527274226924966,-0.002587840722193117,0.003530315235105368,0.010702023575588587
2018-07-19,-0.006408063177116879,-0.006547338028622907,-0.002598585895058587,0.003499036163855953,0.010743451371983338
2018-07-20,-0.006404591777978257,-0.006452680474940049,-0.00239634050277,0.003737684191760797,0.010915699082458557
2018-07-23,-0.006333868505988842,-0.0063181032419853626,-0.002111855311086259,0.004129764417334369,0.011298320867394502
2018-07-24,-0.006259181339767761,-0.006318903230625184,-0.002041838635014512,0.004229360143133478,0.011237045532912732
2018-07-25,-0.006372971080741057,-0.006271391784464617,-0.00205732126526378,0.00410132615854482,0.011119124656819319
2018-07-26,-0.006435758487112706,-0.006314733313781505,-0.0020853132141334728,0.004086933885276291,0.0111234136825375
2018-07-27,-0.0067550915568152315,-0.006283917353300757,-0.001958749043596155,0.004185302578518808,0.011272875788870138
2018-07-30,-0.006371415215605232,-0.006057251019936878,-0.0016216897037122898,0.004668007200546569,0.011721137442852499
2018-07-31,-0.00618256641234777,-0.005930745643892292,-0.001618942352373329,0.004553404508943632,0.011517348460098317
2018-08-01,-0.0064948326821371435,-0.00578957669965229,-0.001222874508776188,0.004996144956381938,0.011935654293030238
2018-08-02,-0.006291565659686813,-0.005881901903912095,-0.00139670942624404,0.004868874088388022,0.011822049089676124
2018-08-03,-0.006506870695333451,-0.006141770125733528,-0.00182563423878765,0.004326907669020974,0.01132350176346665
2018-08-06,-0.006293584608496903,-0.006123697411858488,-0.001954678582536591,0.00411767823091699,0.011045735648057088
2018-08-07,-0.006228891406129909,-0.006109920554088202,-0.001847270374352305,0.004323275662454326,0.011232472445595222
2018-08-08,-0.005965742304949697,-0.00613145263544622,-0.0019523932945794081,0.0042733819732968395,0.011225500179395236
2018-08-09,-0.006132622691416796,-0.006331357353538092,-0.002225226319718771,0.004002558931398079,0.01109630377008095
2018-08-10,-0.006191487565757354,-0.006573601351896077,-0.002631697306936917,0.003508818642948084,0.01056512674691148
2018-08-13,-0.0062351701169107085,-0.006609658761325346,-0.002642640455635501,0.003521400443293281,0.010583707883349185
2018-08-14,-0.0062035340150710236,-0.006547490261678375,-0.002630764612296188,0.0034819119261190502,0.010563126210078568
2018-08-15,-0.0062182634918890025,-0.006619919479459782,-0.00276533837328949,0.003347280467226277,0.010514005003507233
2018-08-16,-0.006184654174298898,-0.006580970738561627,-0.002742118743092563,0.003345410062906992,0.010485068960294868
2018-08-17,-0.0062296568525565,-0.0066147768002603425,-0.0028193939825233638,0.003243727005001755,0.010434329030348452
2018-08-20,-0.006368980910106467,-0.006625850716289747,-0.002804673932467008,0.00324350992713132,0.010469264376791201
2018-08-21,-0.006267625047661674,-0.006438010338448379,-0.0025329673109482443,0.0035512890778743238,0.01075366229778485
2018-08-22,-0.006316204913126795,-0.006324920242080339,-0.002425522032772304,0.003580340831019288,0.01075899828973466
2018-08-23,-0.006290204718921572,-0.006246828570218801,-0.0023010949631289,0.0037015556295412113,0.010806947816717991
2018-08-24,-0.00614870284254408,-0.006169822173052131,-0.002191290900046825,0.003867362419407847,0.01096515508907621
2018-08-27,-0.006291469519303141,-0.006102311458994647,-0.002026347019478684,0.004059009965204065,0.01121178741428956
2018-08-28,-0.006145868334837823,-0.006043309385367692,-0.001969783717447812,0.004167668232606534,0.011366853540567408
2018-08-29,-0.0061656291903241685,-0.005944592993412714,-0.001752465403849372,0.004426493237026117,0.011565004424045917
2018-08-30,-0.006338265807409931,-0.006236487301149181,-0.002185664918650056,0.003922730791896782,0.011088677540918558
2018-08-31,-0.0062652858681519485,-0.006269550761316642,-0.0023237218580622527,0.0037190898741807123,0.010848204367058049
2018-09-03,-0.006151915193975359,-0.00629976479303914,-0.002389732276586036,0.0036630753678886306,0.010743571579577478
2018-09-04,-0.006051217925212134,-0.006108075097067847,-0.002221802594161213,0.003787360305388993,0.01091330440351581
2018-09-05,-0.005942723945626687,-0.005853458554141948,-0.001799829322398798,0.004279527866299499,0.011327472268452628
2018-09-06,-0.006046836526238879,-0.005929825361389324,-0.001957946946055928,0.004044883280503164,0.011123526745642227
2018-09-07,-0.00607703900407976,-0.0058267196404894325,-0.001811038633121606,0.004199569560726717,0.011338376339210093
2018-09-10,-0.005927050107645802,-0.005722089711839828,-0.0016940819078501241,0.004365483688531738,0.011551565060450773
2018-09-11,-0.0060530705905752335,-0.00561004628760049,-0.001441214924714691,0.004651661343838089,0.011834005457736082
2018-09-12,-0.006119901591653887,-0.005725057998482903,-0.0016888082496866019,0.004321997252642981,0.011566232870817237
2018-09-13,-0.0060689849501942604,-0.005679983741827667,-0.001504489548220338,0.004615931049323532,0.01178220464992759
2018-09-14,-0.005932387101942054,-0.005605720978127957,-0.0013500353363367428,0.004829293916222026,0.011870084483247388
2018-09-17,-0.006097851375074137,-0.005514205114784421,-0.001176840698052874,0.004908558764767408,0.011779791543826405
2018-09-18,-0.006093313121363275,-0.0054803542125147955,-0.0010786462203738261,0.005039115210894627,0.011863541498079187
2018-09-19,-0.0059734653994665465,-0.005453190145078155,-0.0010040365946640591,0.005193924698010948,0.01200381188316236
2018-09-20,-0.006146503347250547,-0.005463463582445698,-0.000983310904755132,0.005202739194381003,0.012087412230254984
2018-09-21,-0.006119173469833594,-0.005571499695156126,-0.0012128145962345541,0.004932284811939693,0.011856754221421927
2018-09-24,-0.006237403650935649,-0.005290102733464952,-0.000697521504478508,0.005403904599427359,0.012071061963974236
2018-09-25,-0.006239817267199177,-0.005211293884071298,-0.000489533148416594,0.0056544570431846086,0.01220015952527732
2018-09-26,-0.0062453449186992025,-0.005157521617244587,-0.00044488763405750397,0.005632325213891374,0.01208551296138619
2018-09-27,-0.0063553684016619824,-0.005171137323607828,-0.000457662967686953,0.005486298236272802,0.011689421354602525
2018-09-28,-0.0062406449569259335,-0.005451433434200164,-0.000902537797927767,0.005091276886227743,0.011396248269704382
2018-10-01,-0.006238332854209467,-0.005466704212058655,-0.00076449871753284,0.005392670129467678,0.011728357357975101
2018-10-02,-0.00617759156446692,-0.00570463575348576,-0.001293846426525187,0.004780783783462414,0.01127235340426255
2018-10-03,-0.006230215192743127,-0.005572971496887637,-0.001063957275720266,0.004985365492214848,0.011376574383479403
2018-10-04,-0.006438067127936176,-0.005297809212467301,-0.00046259685068670203,0.005631430593745899,0.011876620409622314
2018-10-05,-0.006409959051457306,-0.0053003512845369374,-0.000303771049345771,0.0059580803836484985,0.012210423105516616
2018-10-08,-0.006429759006455644,-0.005500029298457063,-0.000511637062285723,0.005847991114677269,0.012181093378429883
2018-10-09,-0.0063866711573315185,-0.00550820553915453,-0.000516696004795775,0.005906548148762889,0.01233742868811896
2018-10-10,-0.006560515484468552,-0.00534916618210934,-0.000294468919590631,0.006022768422888536,0.012400524609881869
2018-10-11,-0.006722299652800583,-0.005539960487259332,-0.000496406606854309,0.005794345500196885,0.012104267735333836
2018-10-12,-0.0068518177540618464,-0.005687641720501739,-0.000706821999269857,0.005568402979234861,0.011965761593055783
2018-10-15,-0.007074052039465768,-0.0058335419367040765,-0.000830744062638384,0.005490314019036741,0.012033111789461448
2018-10-16,-0.0072643715871191115,-0.0058527667977220955,-0.0008859121237006649,0.0053538026771393545,0.011956461584354892
2018-10-17,-0.007184050058771842,-0.00594733035911812,-0.001077297330232864,0.005153312073608829,0.011771598642127819
2018-10-18,-0.007254489734202348,-0.006061157247970303,-0.001161078060459512,0.005107796150769692,0.011701745103737537
2018-10-19,-0.007443070471487203,-0.006247621572754296,-0.001369558966709165,0.004847774281485675,0.011359791335279873
2018-10-22,-0.007389090298933674,-0.006096870309051292,-0.001228178997855895,0.004912815034356841,0.011347297480974189
2018-10-23,-0.007479091742649644,-0.00619352158791024,-0.001416931025820904,0.004647534737858443,0.01109623757812609
2018-10-24,-0.00735885296487391,-0.006341105563889098,-0.0016253209041237149,0.00452821898076885,0.011062454332588002
2018-10-25,-0.007495491519026678,-0.006350254888267432,-0.001623586255077604,0.004502251778292292,0.011078372943519644
2018-10-26,-0.007594369067894462,-0.006481863012177885,-0.001908537704633444,0.004113428724235,0.010755444567365116
2018-10-29,-0.0076575820099079525,-0.006344201329319574,-0.001638575385403617,0.004478275856529263,0.011265777135052652
2018-10-30,-0.007707914397784519,-0.006438386102317661,-0.0018229681634390092,0.004253270251341323,0.011113010373284556
2018-10-31,-0.007512848844168855,-0.006299003250758028,-0.0017063867081720998,0.004342568662405739,0.011116634631629745
2018-11-01,-0.007329652025860654,-0.0062664456534989735,-0.0015776380484760822,0.004574657033260267,0.011197811354010892
2018-11-02,-0.007135346974768533,-0.006241776021057177,-0.0014448495484078,0.004846928419993377,0.01136594925822978
2018-11-05,-0.006843018803732936,-0.006213209064226781,-0.001506086114109734,0.004813594336349949,0.011322511076771576
2018-11-06,-0.007175572336633589,-0.006182093225577025,-0.0014374115646358552,0.0048226624285727295,0.011501267407630395
2018-11-07,-0.007013401005569626,-0.005962768519598081,-0.001228361413803318,0.004981553552187927,0.011609165596317346
2018-11-08,-0.006966527445721195,-0.005985169949965838,-0.001197194497935214,0.005076617794284326,0.011652964933956756
2018-11-09,-0.007012750281458098,-0.006106086090793141,-0.001455640207813004,0.004734748849108072,0.011347584468843517
2018-11-12,-0.007005828579388698,-0.006206777931295688,-0.001686765616071026,0.0044677307470741825,0.011190081995411988
2018-11-13,-0.007003950760911064,-0.0061300136293516334,-0.0016017792593890508,0.004561970313666945,0.01137447535810995
2018-11-14,-0.006935957502240817,-0.006117279331919923,-0.001535925863912881,0.004724019179667422,0.011583050826095844
2018-11-15,-0.0068409347663344385,-0.006371934039544875,-0.002024300594607346,0.004235837438898491,0.011287391922157185
2018-11-16,-0.006841194535327983,-0.0063310556456329615,-0.001954114281769907,0.004312189812186098,0.011349383646421789
2018-11-19,-0.007086474555988293,-0.006191972026062453,-0.001733844885583577,0.004466936319196462,0.011591266660309461
2018-11-20,-0.00704928477890586,-0.006307478425139985,-0.001985966023366181,0.004140571396637176,0.011232486235936819
2018-11-21,-0.007163987453685437,-0.006206905403776748,-0.001802949867615364,0.00430074541812167,0.011368555470174785
2018-11-22,-0.007018295066579641,-0.006150929514665568,-0.001760137615821131,0.004384668702204148,0.011486498101979334
2018-11-23,-0.0068428474696140594,-0.006247578415630235,-0.0020249507357480738,0.004034291790481692,0.010999827436570762
2018-11-26,-0.0068814235754455,-0.006116244687822103,-0.001789225876104518,0.004284067433904814,0.01121000926451611
2018-11-27,-0.006903789897032393,-0.006243157319718779,-0.0019906720938317147,0.00409578546126994,0.011134744046841373
2018-11-28,-0.006964511934636402,-0.006209453830514065,-0.001921042826854018,0.0041779358299591516,0.011273454346417409
2018-11-29,-0.0069752668713287,-0.006346030542044003,-0.002176111591303167,0.003882940591625896,0.011033605805480816
2018-11-30,-0.006728319800632857,-0.006361893579852991,-0.002342590601920182,0.00369032434490065,0.010841928532644868
2018-12-03,-0.006727763166349936,-0.006340272104831399,-0.002298459903156731,0.0037257850408004512,0.0108053296797072
2018-12-04,-0.006826332814565591,-0.006435197543158413,-0.002465972055949175,0.003447882312672101,0.010414448205357828
2018-12-05,-0.006811752383754338,-0.0064410517799650705,-0.002529413522962001,0.003311463013539377,0.010196979691533476
2018-12-06,-0.006895090722605053,-0.006593980870196914,-0.002787368318194341,0.002946934069181042,0.009725963455706328
2018-12-07,-0.0070340936855126145,-0.006348795403011307,-0.002408074660718266,0.003292498064648841,0.010098390090294033
2018-12-10,-0.007117512940484438,-0.0061090719356601845,-0.002255789919369473,0.003091154534229838,0.009522350668989883
2018-12-11,-0.007101345301031403,-0.006346566482785274,-0.002470191377604544,0.003010056630263618,0.009413275370392604
2018-12-12,-0.007255428801635168,-0.006178571174571239,-0.002197543505625363,0.003194028123157473,0.009459099619573306
2018-12-13,-0.007342714330710327,-0.006284936718746907,-0.002309868339794212,0.003150103139884415,0.00961010165252401
2018-12-14,-0.007596944140639292,-0.006441758730400409,-0.002426938797049471,0.00319577885843703,0.010175629593851893
2018-12-17,-0.007994122230578622,-0.006459667389600536,-0.002325833386351545,0.0032151322795660243,0.010115118886372908
2018-12-18,-0.008065956383810828,-0.006482181008316523,-0.0023640375569154858,0.003100501754381239,0.00987647153721285
2018-12-19,-0.007999945048685486,-0.006410470086646925,-0.002340364644881178,0.0030486716222523657,0.009744823085153531
2018-12-20,-0.008043004087047162,-0.006411363859472017,-0.002404370377137237,0.0028504251850102317,0.009379809475847269
2018-12-21,-0.008001430171403827,-0.0065033756280948474,-0.0024017879883581187,0.00301981472376025,0.009566873124773539
2018-12-27,-0.00802674780492709,-0.006574296853226223,-0.002668066287406421,0.0030396785113143473,0.009481315581773628
2018-12-28,-0.00802893390638125,-0.006582477614142715,-0.00262847409409336,0.00316223018423702,0.009719067347704672
2019-01-02,-0.006269934673196026,-0.006696859306575575,-0.0032972942792462937,0.002277731720193814,0.008770814640771406
2019-01-03,-0.006124507382613379,-0.0065507615634985104,-0.003160768511551093,0.002462275849487483,0.00905943716523414
2019-01-04,-0.006316557694582883,-0.006349525512673866,-0.003012931060429911,0.0027466117710451287,0.009308698955940508
2019-01-07,-0.00612169449505033,-0.006210712528190978,-0.002869620490858344,0.002888748335790811,0.009445605994739923
2019-01-08,-0.006266078863631227,-0.006101836216718608,-0.002647087784150881,0.0031058179087497216,0.00962445419569272
2019-01-09,-0.006089281473141069,-0.006082947462457859,-0.002728038435044229,0.0030111347698772127,0.009567427977688274
2019-01-10,-0.0060659519001261646,-0.006188518735302635,-0.003007157602795285,0.0026747357724209307,0.009293029962135069
2019-01-11,-0.0060577483962303,-0.006194097620120438,-0.003140285114382752,0.002487008781019892,0.00912659705685119
2019-01-14,-0.005885758113415273,-0.006226261163658182,-0.003221701275608781,0.002426070715739641,0.009105738901205
2019-01-15,-0.005972034892690331,-0.006336027071066317,-0.0033302278015652307,0.002388592302140466,0.009193642450343405
2019-01-16,-0.005861157030960588,-0.006230697436777972,-0.003164849073362781,0.002580422898655383,0.00939058338052474
2019-01-17,-0.005762790724450585,-0.006143232553539337,-0.0030355942197162512,0.002672090339938258,0.009387848650759242
2019-01-18,-0.005839510192583973,-0.00613590144100681,-0.002923412457986596,0.002811071406436354,0.009521260740843904
2019-01-21,-0.005803535595404051,-0.00607363055448432,-0.002862246232449559,0.002881681561761904,0.009623195266548456
2019-01-22,-0.005894765583146744,-0.006105981297848509,-0.002970486299321568,0.002680802570460607,0.00934643879530494
2019-01-23,-0.005837582672390287,-0.006079165653292922,-0.0029847621693773353,0.002652459915527392,0.009327751885133405
2019-01-24,-0.005830036275891817,-0.006023392609377192,-0.0032890261054427713,0.002159525970341627,0.008851091993290212
2019-01-25,-0.0058943701605122575,-0.00601070274898146,-0.003131551648543045,0.002245224257989444,0.008728314030086093
2019-01-28,-0.005764903250123165,-0.005952243820277361,-0.0030373149950162982,0.002289868402934871,0.008998080265898527
2019-01-29,-0.005692905277494121,-0.005861937996465953,-0.003024699664145305,0.002268015997158632,0.009003921002966868
2019-01-30,-0.005779575340299792,-0.005781267653727178,-0.0030126868417964746,0.0021525866274511073,0.008759259208002124
2019-01-31,-0.005845607917383088,-0.005821824089825123,-0.003200571089884079,0.0018760747988819028,0.008483718818935983
2019-02-01,-0.005704970906703352,-0.005921860987815881,-0.003280797321666098,0.001876056777856991,0.008560788405967782
2019-02-04,-0.005543416932823586,-0.005841666235759129,-0.003137809568604224,0.002057848207517945,0.008715663803874148
2019-02-05,-0.00551681994240633,-0.005793725945467001,-0.0030325522623484602,0.0021562750556779688,0.008746702770899699
2019-02-06,-0.005444673957362376,-0.005629819355965702,-0.003093763236954778,0.001950841126159166,0.008551035930171284
2019-02-07,-0.005352827632318257,-0.005821738291663858,-0.003546835914742794,0.001473309502632198,0.008281186443419986
2019-02-08,-0.00527033263214324,-0.0058554057279671225,-0.0037422246659535043,0.001209066788765658,0.008056782854338395
2019-02-11,-0.00534673651156433,-0.00573459333790034,-0.003533151786540944,0.001494672097430349,0.00845153254416527
2019-02-12,-0.005407145668717583,-0.0056990586798922925,-0.003431575285486667,0.0017767181622811632,0.008555907244389394
2019-02-13,-0.005552138437725865,-0.005612781598970478,-0.003354403571630833,0.001779687473438458,0.008552780551643942
2019-02-14,-0.0055027990177950546,-0.005687409542526516,-0.0036055027082363723,0.0013463612230070728,0.007994406566344765
2019-02-15,-0.0055125707520500365,-0.005658124695924202,-0.003508281491555536,0.0014930390425080188,0.008191194421345216
2019-02-18,-0.005544452252449052,-0.005690430417543037,-0.0035286178862465522,0.0015650124770933299,0.008437293937803993
2019-02-19,-0.005779485721228487,-0.00578161372798073,-0.003522482328841532,0.001541121528490903,0.008449224435581123
2019-02-20,-0.005675777871637177,-0.005771470192903711,-0.003561933120465195,0.001454993038550047,0.008312140168073993
2019-02-21,-0.0056226045716181216,-0.00561815765913615,-0.0032072544014495642,0.001839394969591405,0.008600976484016415
2019-02-22,-0.005772081750685334,-0.005726652988338716,-0.003489691095182414,0.001479103895348381,0.00832773766400847
2019-02-25,-0.005582245460213972,-0.005596982557421412,-0.003372080777498638,0.001583176480177206,0.008406406438404354
2019-02-26,-0.005710083053750298,-0.0055902579245098935,-0.003328265862278243,0.001601038119487405,0.008415369650247157
2019-02-27,-0.005605131139216752,-0.005475179026440604,-0.0030633591004959994,0.001967485204224011,0.00883735107877644
2019-02-28,-0.005685429287438259,-0.005375636107662469,-0.0027800202596577873,0.002281325209626938,0.009083992986655721
2019-03-01,-0.005693659649310063,-0.005281549818304465,-0.002597242655927085,0.002549494461534891,0.00946196270306874
2019-03-04,-0.0056201665000764536,-0.005293991956781183,-0.002797066648799133,0.002247227033646335,0.00916465569127573
2019-03-05,-0.0056920706192296255,-0.0053523268893527565,-0.002874672277201391,0.0021651798405018397,0.009110700928921902
2019-03-06,-0.005590119956096295,-0.005397265467853938,-0.003144303805635244,0.001811138541074211,0.008830363811512046
2019-03-07,-0.005705812323240772,-0.0056579963217848975,-0.003603490896036248,0.0013098035095970358,0.008673442361524876
2019-03-08,-0.005639606623486019,-0.0055760158440750105,-0.0035177190308005903,0.001219710544043821,0.008266916597912772
2019-03-11,-0.005665864161414961,-0.005593234469016841,-0.003636371500712365,0.0010908204904589611,0.008276566212767041
2019-03-12,-0.0056710081591658055,-0.00561621327692805,-0.003609601960771877,0.001147251635682842,0.00832648473445323
2019-03-13,-0.005671008159165745,-0.005616213276928064,-0.003609601960771931,0.0011472516356827972,0.008326484734453223
2019-03-14,-0.005693389785897762,-0.005587616361413778,-0.003484184954910398,0.0013000446444192178,0.008434508552900333
2019-03-15,-0.005677221091230441,-0.005528089609832247,-0.003444499327793848,0.001310416737271214,0.008438654394203654
2019-03-18,-0.00557329141265976,-0.005482613798499969,-0.0033908644786387037,0.001340795395141767,0.008420342789322759
2019-03-19,-0.005639878451948593,-0.005403502936584386,-0.00318733215567331,0.001571049543599576,0.008614226232844009
2019-03-20,-0.005607611993576971,-0.005414183288135965,-0.003314201522470967,0.001368180909245189,0.008434218013921904
2019-03-21,-0.0056149860068065,-0.0055666751695291825,-0.003603232213978415,0.000926855715652252,0.007891408747863234
2019-03-22,-0.005706844948769044,-0.005797742010773384,-0.004052970698257496,0.00015575471476132898,0.00675332657378007
2019-03-25,-0.005758250858180801,-0.005810348851975733,-0.00395306677695979,0.00032600052838323,0.006926376252065638
2019-03-26,-0.0056553578525943725,-0.005744096676841375,-0.0039167891125291635,0.000280913337258392,0.006733502346711715
2019-03-27,-0.005804989907685493,-0.006336362484205966,-0.004645946147781883,-0.00033656455905727896,0.006402709384941334
2019-03-28,-0.005798622048082069,-0.0060881203630281,-0.004433228354505019,-0.000232666246051294,0.006446145575003321
2019-03-29,-0.005704286960928656,-0.006201085047184351,-0.0044878914964339685,-0.000134294349958481,0.0066963736625781835
2019-04-01,-0.00570888313677223,-0.0061394925555696344,-0.0043662996857436855,8.1585304100282e-05,0.007069642082758867
2019-04-02,-0.005669657556017925,-0.00621512317049774,-0.004378835448633018,0.000113446890750634,0.007027596939380669
2019-04-03,-0.005682293476030256,-0.006019632851818493,-0.0040549039143516815,0.0005583530436446701,0.007659340135945792
2019-04-04,-0.005668587539096307,-0.006002265099541893,-0.004076367255698096,0.000442018633669638,0.007382522138867944
2019-04-05,-0.005633340263801153,-0.0059311592990037056,-0.00400378894496737,0.000499743692716569,0.007405078765628594
2019-04-08,-0.005628819898020636,-0.005932649584687409,-0.003992829897136305,0.00051849131345627,0.00741705417539559
2019-04-09,-0.0055794217316510585,-0.005902739541121611,-0.004053010374662742,0.000394865855229134,0.007273286882474616
2019-04-10,-0.005546208054131051,-0.006076042713492416,-0.00435278886484757,0.000127112752718345,0.0071689851136683205
2019-04-11,-0.005515522076708516,-0.006042465766231917,-0.004228408643097068,0.000308424818041777,0.007322673892977785
2019-04-12,-0.00555512567119539,-0.005805791328098193,-0.003725803732334984,0.00090170766985913,0.007824713871402595
2019-04-15,-0.005565370161755287,-0.005770669927346143,-0.003621786485315197,0.001150477302503643,0.008315434480404527
2019-04-16,-0.005603980327481436,-0.005842043868016122,-0.003709349502638579,0.001072378389019834,0.008254372311004527
2019-04-17,-0.005612609374101008,-0.005839549638138495,-0.003548884647149393,0.001274962291361352,0.008283666540402664
2019-04-18,-0.005487993666463639,-0.005878664128337632,-0.003912499656636434,0.000725736382141772,0.007794946345088922
2019-04-23,-0.005483917657794132,-0.005904133871070396,-0.0038499054553141347,0.0008459892468413161,0.007874012649140321
2019-04-24,-0.005476671666222914,-0.006041421139434373,-0.00416957775951893,0.000390836468344439,0.007352272130086781
2019-04-25,-0.005497793067103601,-0.006082967786443816,-0.004187814649437218,0.000391228593352925,0.0073449044321271285
2019-04-26,-0.005481446459360059,-0.006100129958848033,-0.004268873756423832,0.000304865472921314,0.007325314373902634
2019-04-29,-0.005608569658479966,-0.005964239875759829,-0.00404503788264047,0.0005619142142973029,0.007641295054075605
2019-04-30,-0.005625539817717644,-0.005937872516143656,-0.003887721619975042,0.0007618785445547829,0.007720483638120212
2019-05-02,-0.005752583043059287,-0.006000873403312013,-0.004116080175785019,0.000593398053985803,0.007490146127009891
2019-05-03,-0.005728800665477607,-0.006028842045558651,-0.004110379014848613,0.000651605071425143,0.007582537393473237
2019-05-06,-0.005717476397624917,-0.006005925396898464,-0.004125906214732264,0.000617863578319615,0.007565689705530163
2019-05-07,-0.005826988221392628,-0.006171764733071079,-0.0044613169767461205,0.000193468238560781,0.00720280351183789
2019-05-08,-0.005892900382667296,-0.006301406076350231,-0.0045863929775576025,1.9885055598809e-05,0.006911325355684681
2019-05-09,-0.005860731898170581,-0.006421989520516163,-0.004694047853584369,-5.3698785817859e-05,0.006829579309836693
2019-05-10,-0.005878362985628806,-0.0062842183767199385,-0.0044837386970031715,0.000210306412591094,0.007174634653859744
2019-05-13,-0.00579472497859738,-0.006372164634621154,-0.004646766235870002,-1.2420114929847001e-05,0.006866609742782963
2019-05-14,-0.00575916344319226,-0.0064911860242169925,-0.00476588173477535,-0.000172238039155092,0.006568051324636539
2019-05-15,-0.005673288517239553,-0.0066735231592229384,-0.0050711897250216124,-0.00053947157757741,0.006134807807368008
2019-05-16,-0.005695546181791329,-0.006460994567228195,-0.004811032160867272,-0.00028031210133116596,0.006421738019549135
2019-05-17,-0.005854200132847258,-0.006435465505444342,-0.004996703706425047,-0.00044620400061527103,0.006252857983526515
2019-05-20,-0.005724241457341581,-0.006415190254485661,-0.004914139374238924,-0.000279463745283292,0.006475865574113729
2019-05-21,-0.005717532734656744,-0.006325419084004627,-0.004806435874069317,-0.000110129223581578,0.006778740657423574
2019-05-22,-0.005704167521765634,-0.006300315355357142,-0.004832651443085902,-0.000156953901877687,0.006754429854445541
2019-05-23,-0.005651230598134383,-0.00644911171010798,-0.0050565462787673975,-0.00050595377300898,0.006549574345893749
2019-05-24,-0.0056394474198185685,-0.006418244069969896,-0.004993703653784807,-0.000461320958908424,0.006523801135677436
2019-05-27,-0.005512883522808756,-0.0065261191939430365,-0.005198365486764809,-0.0007275355178851579,0.006205421550860928
2019-05-28,-0.005597776881685212,-0.006538724293326363,-0.005259338506166866,-0.000850865484653629,0.006060614140933895
2019-05-29,-0.005633795341769246,-0.0065896325869065735,-0.00539784715333611,-0.001100936805507961,0.005733478499059168
2019-05-30,-0.005770075723294263,-0.006581493656620232,-0.005328819163949215,-0.000986345652019768,0.005903977467923549
2019-05-31,-0.005711226998729073,-0.006869487790477953,-0.005642499092592636,-0.001317339566911721,0.005451696780099938
2019-06-03,-0.005753301984192667,-0.00667744133849427,-0.005547036952103279,-0.001439480990346955,0.005129499799651862
2019-06-04,-0.005660667277667387,-0.006636206038230048,-0.005503355237171452,-0.001462880655729286,0.004958494366336583
2019-06-05,-0.005643149294142824,-0.006789673458475405,-0.00578881897531108,-0.0016714174808336142,0.005003716036515517
2019-06-06,-0.005653486959381731,-0.00655633028401665,-0.005583799634847639,-0.001668102519763499,0.004750341334368417
2019-06-07,-0.0056734109413617275,-0.0067535620637109335,-0.005849725582684515,-0.002058512388002991,0.004166194801552716
2019-06-10,-0.005592670302694457,-0.00667721634531579,-0.005661066314632875,-0.0016152167727692028,0.0049882219567677424
2019-06-11,-0.005671269423758995,-0.006726396598228513,-0.005717411210466645,-0.0017324428007687981,0.004771295554138048
2019-06-12,-0.005656666680596541,-0.006767997131658738,-0.005736679443851323,-0.001754792559113274,0.00466438289361126
2019-06-13,-0.005682962823399446,-0.006771850818141538,-0.005762851179418859,-0.00184136216280125,0.004498013346633032
2019-06-14,-0.005616315553392843,-0.0069095118893442555,-0.005831102016494958,-0.0019262400652011499,0.004183363400378945
2019-06-17,-0.005568734917045387,-0.006861968373592257,-0.0057717233667699385,-0.001801843625105217,0.004415006473771445
2019-06-18,-0.005840348344934059,-0.0075132828586656816,-0.006540034787279474,-0.002541286667618458,0.003742381197916289
2019-06-19,-0.005811041063660574,-0.007325850418517139,-0.006266995987837762,-0.002283185907642408,0.003925331140136103
2019-06-20,-0.006141694209217391,-0.007502258130218226,-0.006431042474583011,-0.002589806351735197,0.003388660684880595
2019-06-21,-0.00587643354426987,-0.00730615147065802,-0.006098382052163882,-0.00220985780612763,0.003637366545210438
2019-06-24,-0.005938485843399372,-0.007344230257871969,-0.006234472505645999,-0.00236256178446395,0.0036129624765677336
2019-06-25,-0.0060309114218646594,-0.007418314167036799,-0.006426784914376773,-0.002668973850955889,0.0032751736013349243
2019-06-26,-0.006014907971229687,-0.007391389710948934,-0.006365364910604905,-0.002551530776744495,0.003474903293541367
2019-06-27,-0.0061738615422530065,-0.007327475266939798,-0.006249860134712781,-0.002476540647390281,0.0034989173967917807
2019-06-28,-0.006038955925802687,-0.007454175604950399,-0.006441688405596926,-0.002588942841047439,0.0035363771601660946
2019-07-01,-0.006034157990721255,-0.007547355156908017,-0.006651138368478558,-0.0028225070441781058,0.003397796776621624
2019-07-02,-0.00608414017444242,-0.007659637314981933,-0.00672528417866912,-0.00295684715854378,0.003537164225165594
2019-07-03,-0.006157218387583373,-0.007594465380483783,-0.006764711251500914,-0.003233026522007147,0.00299438344965347
2019-07-04,-0.006276400825222148,-0.0076153170147280356,-0.006845634635667368,-0.003386541676528445,0.002867618578033599
2019-07-05,-0.006209682010381223,-0.007496887024846921,-0.006463112158026094,-0.0028117714114266113,0.003419320701458386
2019-07-08,-0.006121686834424275,-0.0075374607791820125,-0.006693197263101754,-0.003185665538172992,0.0029838178264296623
2019-07-09,-0.006122104013257056,-0.007425618028663559,-0.00645633522343175,-0.002828982478013682,0.0034848385331477582
2019-07-10,-0.006053181979774844,-0.007354994723079602,-0.00615957871176172,-0.002322518805097879,0.004056704068901029
2019-07-11,-0.006272286162401755,-0.007346504795854418,-0.006020393176876273,-0.002050963058150006,0.00458872272622427
2019-07-12,-0.006205267961961708,-0.007394963071486665,-0.00591476911410636,-0.001802300406916455,0.004770907444045502
2019-07-15,-0.0062618137911101615,-0.0074546933920322765,-0.006157621246370679,-0.002239930439373068,0.004220607088281907
2019-07-16,-0.006335434207131203,-0.007497546605014906,-0.0061878945406887405,-0.002301979167969126,0.004071920458133333
2019-07-17,-0.006287259896540336,-0.007659429269211433,-0.006490937023226464,-0.002663176698717433,0.00369387432032819
2019-07-18,-0.0062061898753060195,-0.007678624129190514,-0.006562797247060837,-0.0027322952414375566,0.003662513613274334
2019-07-19,-0.0064772074139166835,-0.007830852881701121,-0.006759980762559481,-0.002942121540578526,0.003629396211434252
2019-07-22,-0.0064534842388075785,-0.007918250690954335,-0.006889697430324073,-0.00308391021670733,0.003451605630922552
2019-07-23,-0.006547124526710099,-0.007968590379065396,-0.006988180574909677,-0.003188229363477268,0.003478267541809159
2019-07-24,-0.006506538338291976,-0.007968210860509282,-0.00715880157563078,-0.003556120516892473,0.0029410686079370803
2019-07-25,-0.006491742119323193,-0.00774022497114065,-0.006715798529443386,-0.003128483573934599,0.003016598279638938
2019-07-26,-0.006535412601766335,-0.007732641794652629,-0.006934790562070092,-0.003435090809685244,0.003036790485711893
2019-07-29,-0.0065787345083296155,-0.00784972932903138,-0.0071145969947918304,-0.003699780393391343,0.002616939018417732
2019-07-30,-0.006610771502688635,-0.0077648279897182615,-0.0070728710763965945,-0.003727334858910356,0.002600336552548825
2019-07-31,-0.006692963929218333,-0.00793812569790453,-0.007241453537949863,-0.003904594031654613,0.002309461133095998
2019-08-01,-0.0066792266260383305,-0.007942923763353744,-0.007342449886804503,-0.00418788529351183,0.001728259119171238
2019-08-02,-0.006838203112333776,-0.008046557741769288,-0.0075053319981312995,-0.004522644373659639,0.001124778854196906
2019-08-05,-0.006946681339966759,-0.008265067536357801,-0.007765605109889928,-0.004904111160493314,0.000446599366332565
2019-08-06,-0.007031418411990218,-0.008337863947965344,-0.00789398900617493,-0.005044519797708063,0.000412901891811479
2019-08-07,-0.007183554472684114,-0.008749885468596319,-0.008453022291871509,-0.005782931035842056,-0.000643603966647172
2019-08-08,-0.00709781380578685,-0.008693430437286426,-0.008207939790238324,-0.0052734434929657455,0.000121130015110599
2019-08-09,-0.007329546659286752,-0.008837306213328278,-0.00834993199480726,-0.005389426225725073,0.00015376626523436198
2019-08-12,-0.007322462108126927,-0.008930121348809404,-0.00847727924018276,-0.0055705653084746,-0.000186110265264189
2019-08-13,-0.007296792172049374,-0.008829760411957252,-0.008393489539078805,-0.00566503042976227,-0.000660041428759663
2019-08-14,-0.00749914541779403,-0.008895514990202948,-0.008653921057244985,-0.006154969419987606,-0.001154178870604309
2019-08-15,-0.007580299560334669,-0.009112549679728984,-0.008932905051981667,-0.006560361272580888,-0.001874854388622293
2019-08-16,-0.007675002260342284,-0.009233985204038321,-0.00904825254464626,-0.006694386680997124,-0.0021053025738230397
2019-08-19,-0.007595663526299419,-0.009198765383693944,-0.008844371516822713,-0.0060355492011968746,-0.000583623961259678
2019-08-20,-0.007803565456167916,-0.009336762119452441,-0.009187793548830658,-0.0065916058380448206,-0.001115906231633441
2019-08-21,-0.007606611535044302,-0.009172898449955556,-0.008972211757406399,-0.006324653342967185,-0.0008743028895209649
2019-08-22,-0.007584795615049941,-0.008866665054327786,-0.008601766137492679,-0.006009931155429968,-0.000593280709590506
2019-08-23,-0.007755065942254103,-0.009063060981700016,-0.008756125731414514,-0.0060684460416622074,-0.000516124332948548
2019-08-26,-0.007863853224749138,-0.009080950831648345,-0.008779690091179897,-0.006197477039190202,-0.00083493182595568
2019-08-27,-0.007920233908059595,-0.00908236171983045,-0.008859933514693732,-0.006423986973704446,-0.001214054770178976
2019-08-28,-0.008007264983913293,-0.009171996584278235,-0.009021721310022207,-0.006803128383431969,-0.00199909642723272
2019-08-29,-0.008059939419445673,-0.009289429480154779,-0.009015643543933553,-0.006567194182117428,-0.001481672472980386
2019-08-30,-0.008417756775177646,-0.00929722253152978,-0.009163346991966352,-0.0065268054057107385,-0.001566823125692169
2019-09-02,-0.008017836910206166,-0.00939790864671418,-0.009121637384890545,-0.006459338318807459,-0.001219291235401929
2019-09-03,-0.007992061497046203,-0.009197341340553939,-0.009020709522406129,-0.006558821046502317,-0.001465564914546808
2019-09-04,-0.007851017847899915,-0.009117660578706808,-0.008749699831192803,-0.006093422921739715,-0.000968475561302943
2019-09-05,-0.007961719176498195,-0.00896788555859112,-0.008373087379455751,-0.005401369927529736,0.00030542617345181
2019-09-06,-0.00786652414449746,-0.008925224468590356,-0.008573363446160505,-0.00587504400343394,-0.00041080932017209797
2019-09-09,-0.007530560517687771,-0.008739493652758626,-0.008275496221232857,-0.005297917094533093,0.000529169214393319
2019-09-10,-0.007329568782343552,-0.00866242826033917,-0.008242733784736802,-0.005259884867446023,0.000564348448981291
2019-09-11,-0.007388021719193137,-0.008641644733314165,-0.008215217896146921,-0.005217154825725316,0.000693427714851335
2019-09-12,-0.007467020524685387,-0.007856719125011047,-0.007865266045518612,-0.005264382987596723,-0.00017774507861088003
2019-09-13,-0.006666463958268599,-0.007562898890602785,-0.007246778464184209,-0.004428530465877127,0.001319130457752853
2019-09-16,-0.006654597521880682,-0.007572722837819343,-0.007164203048992608,-0.004300552577409258,0.001359171323714156
2019-09-17,-0.006545318999185774,-0.007510507801912754,-0.0071455904322230614,-0.004355409695901002,0.0011806328534300769
2019-09-18,-0.006804143578081619,-0.007647269014829745,-0.007245970997192113,-0.004555477016382111,0.0007782970083943589
2019-09-19,-0.006543812878075115,-0.00743163886160446,-0.007087422214652111,-0.004564759425948046,0.000459306889140465
2019-09-20,-0.006673415922237287,-0.007485352443119453,-0.007187856539953188,-0.004734546186223682,0.000283195100252817
2019-09-23,-0.00667197025202122,-0.0076940071968703274,-0.007627864471365213,-0.00539055426277939,-0.000558520616805737
2019-09-24,-0.006669597133598754,-0.007688752505711265,-0.007587103445370356,-0.0054129995106992415,-0.0007927951115807059
2019-09-25,-0.006688546005207177,-0.007692103101581722,-0.007657296751884273,-0.005625564984968463,-0.001197636507936781
2019-09-26,-0.006873394637297813,-0.007805072195703793,-0.007542115378816514,-0.005330093327805128,-0.000847918111080341
2019-09-27,-0.0068650949607599165,-0.007995267563221718,-0.007734785068880496,-0.005406284275209669,-0.000776597847404039
2019-09-30,-0.006967298281466939,-0.008056211899408283,-0.0077048147368841404,-0.005210200593301089,-0.000293139735793621
2019-10-01,-0.006984737983914541,-0.007908502089447293,-0.007477861249998985,-0.004911456205732021,0.000158483345584186
2019-10-02,-0.0069921885666857754,-0.007977470724138404,-0.007487159316164073,-0.0048905835080453345,7.1133971829355e-05
2019-10-03,-0.007123431972657892,-0.00808946632954641,-0.007823411465911726,-0.00545025068308433,-0.000485143328589794
2019-10-04,-0.006786717315094493,-0.008054539697497897,-0.007825985332518002,-0.005395014143504913,-0.000470701474827228
2019-10-07,-0.006705433825655141,-0.00802605613644613,-0.007837556112057848,-0.005358568620820776,-0.000257282475956293
2019-10-08,-0.006505210713991031,-0.008153982141973222,-0.008011785953149437,-0.005463180468511566,-0.00036670592786214903
2019-10-09,-0.006686916912510631,-0.0079568940013993,-0.007727017717607927,-0.005196653222910337,2.210063376082e-06
2019-10-10,-0.006486957051941714,-0.007433487035419826,-0.006965461773746661,-0.004355530911837086,0.0008011326664778411
2019-10-11,-0.006364226253039754,-0.007365868934982363,-0.006825783542572421,-0.00404815146088354,0.001337593620515429
2019-10-14,-0.006232926994871723,-0.007294032806181377,-0.006813912848646537,-0.004109760015739629,0.001158919088994487
2019-10-15,-0.006300131855543615,-0.007188253751634717,-0.006801581098299612,-0.004199959140833309,0.001164243124134136
2019-10-16,-0.0062460212323040476,-0.00700096586960687,-0.006295839213345653,-0.003406904201441074,0.002122863597766842
2019-10-17,-0.006309559308873769,-0.0069548690153187565,-0.006298076494204299,-0.0035331835359639417,0.001871118418698325
2019-10-18,-0.006338440820705408,-0.0068873102666813105,-0.006131326365373058,-0.003320884254293594,0.002057125901552663
2019-10-21,-0.006095840352616269,-0.006885392435502778,-0.00601048920979518,-0.002977929654352937,0.002505627170935354
2019-10-22,-0.006194829530618191,-0.006870855340117163,-0.006081989153462324,-0.0032600654244010967,0.0019677807226566642
2019-10-23,-0.006225349142189447,-0.006892220858086979,-0.006206430897900326,-0.003528551036786362,0.0015605578300992378
2019-10-24,-0.0064180417093298425,-0.006957795420716368,-0.006224441532888223,-0.0035401821084573098,0.001570123555944791
2019-10-25,-0.006547000278258761,-0.006896229144774986,-0.0060400409677214386,-0.0032827833605888167,0.00191226051049081
2019-10-28,-0.006711575366075794,-0.006757013588316405,-0.005725943439914869,-0.0028079019878842894,0.002691583649772102
2019-10-29,-0.006696294215813996,-0.006705850708257927,-0.005772048376359096,-0.003011600967122811,0.002321917340098362
2019-10-30,-0.00656526717149997,-0.006636732821938241,-0.0058008387568224155,-0.0031080084559147593,0.002205869964485185
2019-10-31,-0.00674975008716515,-0.006935057375135303,-0.006207249204199434,-0.0036455887198956027,0.001490862155413426
2019-11-01,-0.006473521309503794,-0.006943884298448246,-0.006176031309886332,-0.003441161750711101,0.001799224881424912
2019-11-04,-0.006111430877756797,-0.006838892992027494,-0.005968569394794101,-0.003021454461068025,0.002316901823000132
2019-11-05,-0.006080273293135259,-0.006684360365112432,-0.0057280153514316055,-0.0027106765660869308,0.0027263997053452683
2019-11-06,-0.006030676826594089,-0.006520705963560758,-0.005656289822062326,-0.002787346063823466,0.002557999085950155
2019-11-07,-0.006253824695732303,-0.006444771707563213,-0.0052590095922571845,-0.002201532546105151,0.003193592822707245
2019-11-08,-0.006307622790818974,-0.0063956823111485095,-0.005168284794723452,-0.002103714368814579,0.003304758747831702
2019-11-11,-0.006020094978798493,-0.006326553811899371,-0.00516078059679491,-0.002123400482789588,0.003150099209514112
2019-11-12,-0.006017894295886747,-0.006421888344386075,-0.005145654338905259,-0.0019793088342426653,0.003295264697541578
2019-11-13,-0.006052846606210791,-0.0065082972363432745,-0.005452347713367453,-0.002515448649363168,0.00261045975568076
2019-11-14,-0.006260016382207536,-0.006634103828386069,-0.005681544273079328,-0.002868179394782228,0.002244286578655157
2019-11-15,-0.006354034892780552,-0.006658398740645128,-0.005682892546703333,-0.002871831969159881,0.002238698481008281
2019-11-18,-0.005976464494899355,-0.006598604158383817,-0.005725476926163852,-0.002900271193479522,0.0021884161775159367
2019-11-19,-0.006084904078058196,-0.006576599099355032,-0.005664215439163032,-0.002841604354693521,0.002267985399315768
2019-11-20,-0.006183568178884458,-0.006663496258436857,-0.005849139889204356,-0.003109123343617468,0.002020989198110927
2019-11-21,-0.006287761738078631,-0.0065911496276884396,-0.005585805116550553,-0.00272655670494704,0.002443269942935289
2019-11-22,-0.006098449677778376,-0.006534085838875634,-0.0057149848294889075,-0.002973916357957993,0.0021885449410548098
2019-11-25,-0.00621252135536542,-0.006590246526423176,-0.005775760344944909,-0.003061156040067034,0.0020843285959301562
2019-11-26,-0.006319381686811732,-0.006618538463010482,-0.0059209698385622464,-0.0032727876485251477,0.002016734834437803
2019-11-27,-0.006287479383501366,-0.00656612184574175,-0.005784944134021765,-0.003124069590627201,0.002015899348163328
2019-11-28,-0.00617684347582106,-0.006581720303034269,-0.005802428791698549,-0.0031038299715934682,0.002023633208349655
2019-11-29,-0.006110902267928359,-0.006469481468626892,-0.005675285291290013,-0.0029730381436397792,0.002151545616571475
2019-12-02,-0.006174382885009599,-0.006348347399855161,-0.0051867202442493895,-0.002256774051360315,0.002820167838840286
2019-12-03,-0.0066389051093466685,-0.006585722948169708,-0.005677082820995647,-0.002736879642698002,0.002263458935096103
2019-12-04,-0.006655905756393798,-0.006623989149549878,-0.005755491477854941,-0.0027999561183510878,0.002277870872634841
2019-12-05,-0.006533323130790652,-0.00639008102096422,-0.005332727621576998,-0.0022895993687438,0.002775462141193521
2019-12-06,-0.0066222993056972886,-0.006483586454217605,-0.005394391646442838,-0.002352510049178291,0.0026685324102415507
2019-12-09,-0.006567639887195308,-0.006539890539904864,-0.0055470919373473435,-0.002490349363125705,0.0026485516282940018
2019-12-10,-0.006634788220581691,-0.006606419318015728,-0.005457364964580074,-0.002320126396514843,0.00276370139889676
2019-12-11,-0.006620623564800352,-0.0066460869537680175,-0.00557986192781768,-0.00250099353815663,0.002567051924781491
2019-12-12,-0.006657811531518199,-0.0065677746800926464,-0.005456789112694777,-0.0023276364955081997,0.002850658606971576
2019-12-13,-0.00662681956984016,-0.006450026729331788,-0.005183736679093367,-0.00209293288334734,0.002845726485612141
2019-12-16,-0.006631846127272314,-0.006527907450943648,-0.005376046919689408,-0.0023366355670804938,0.0026423350680942746
2019-12-17,-0.006696058147117917,-0.006573393547190531,-0.005322003205056887,-0.0022645048186467277,0.00262529459868752
2019-12-18,-0.006763968588651775,-0.006525160695004874,-0.005113409867481651,-0.001954644282915549,0.002987422694552681
2019-12-19,-0.006822625560836257,-0.006457612611659065,-0.0048601579803533215,-0.001588309274253023,0.003392081570615124
2019-12-20,-0.006646098344225273,-0.006482873831644915,-0.005006373316958701,-0.001754136474164531,0.003260544819651101
2019-12-23,-0.006887741785717368,-0.006588257442690719,-0.0050823182501614685,-0.0018368781464589152,0.003201186003983627
2019-12-27,-0.006857993060973232,-0.006525141428086135,-0.004994446439750697,-0.001911062849224456,0.00294176477992035
2019-12-30,-0.0068352011723446715,-0.0061839386313280965,-0.00446376692734463,-0.001416139923580766,0.003709013867570365
2020-01-02,-0.006233237974050967,-0.006221803698032793,-0.004786057555661376,-0.001739952290506492,0.003584652848278389
2020-01-03,-0.005954494566973354,-0.006383653293695475,-0.005203941777169705,-0.002229262874035447,0.003060637568393756
2020-01-06,-0.005972964443196358,-0.006510860521593411,-0.00541756924587598,-0.002474256713180889,0.002838177738972054
2020-01-07,-0.0060530042359412594,-0.0065055324811705215,-0.005328642181656771,-0.002321297946632867,0.00304965436509236
2020-01-08,-0.005973403178351619,-0.006411880962933689,-0.005153778890000309,-0.002045804381697511,0.003410468227149759
2020-01-09,-0.005949734064861347,-0.006147477149325238,-0.004807705284629513,-0.001704795188835031,0.0038136520511014684
2020-01-10,-0.005951158199597857,-0.006072432136451566,-0.004769356875706463,-0.001716351285092181,0.003862456477921541
2020-01-13,-0.005738532717221952,-0.005963014988721551,-0.0045972263023640195,-0.0014067164705962559,0.004269364877990405
2020-01-14,-0.005854312782196097,-0.005965589246791683,-0.004653998107912249,-0.001581516795862603,0.004042955501131291
2020-01-15,-0.005862049953145679,-0.006072709181834574,-0.004846519132505023,-0.001844169430166284,0.003682754404230817
2020-01-16,-0.0059308143881223775,-0.0060727325132734575,-0.004889009984529266,-0.001952813726951796,0.003588297092839376
2020-01-17,-0.005898865340673326,-0.006070145348750961,-0.004860533927862764,-0.0018765977769755829,0.003689378894229755
2020-01-20,-0.005680201642727713,-0.006016910254530634,-0.00490923093161288,-0.001961084729175675,0.0035797511744550857
2020-01-21,-0.0056896715469103906,-0.005939891079141244,-0.004867991333847241,-0.002024295210555888,0.003404264251359887
2020-01-22,-0.005763551276502965,-0.006065684002724598,-0.005152922872048537,-0.002413260651055151,0.00311093883251214
2020-01-23,-0.005886600827259634,-0.006241419985009497,-0.005422445718751296,-0.00274775830234081,0.0027832338669449667
2020-01-24,-0.005893881691470548,-0.00622944201308178,-0.005486006791696525,-0.002890709559875732,0.002642315738802845
2020-01-27,-0.005765489144583465,-0.006435231090442168,-0.005938770518555941,-0.0034740354930632477,0.0019701103739659252
2020-01-28,-0.005813265968638975,-0.006436538235766603,-0.00586341513258938,-0.0033466032357305007,0.002073134896240898
2020-01-29,-0.005963188158538525,-0.0065412960670314215,-0.005952429438768876,-0.003448154271763561,0.001936983486779218
2020-01-30,-0.0060021631194471904,-0.006676917210795912,-0.006126297493860311,-0.0036351795962174284,0.001691921303572992
2020-01-31,-0.006163613252659018,-0.006798593217539244,-0.0063585597144438346,-0.003982077398358039,0.0013713127147976158
2020-02-03,-0.006095428845156943,-0.006906003411458501,-0.006474177760645934,-0.00402813896006994,0.001328689029640652
2020-02-04,-0.006156236222204214,-0.006558862861675152,-0.006223231846796593,-0.0035581404358732797,0.0016168902259709212
2020-02-05,-0.00614588484858785,-0.0064746368850232905,-0.006009938229339759,-0.0032518976679949355,0.0019899932380928837
2020-02-06,-0.006087482797662322,-0.00634690198892982,-0.005869764221492222,-0.003121010087922475,0.002147673062313027
2020-02-07,-0.006139956651538571,-0.006511721804718329,-0.006173308997648777,-0.003566917083887873,0.001605267838856618
2020-02-10,-0.006123421819661217,-0.006469573872707652,-0.006185811439291098,-0.0036095152161907816,0.0016218718306246168
2020-02-11,-0.006180137222986607,-0.006510992477615721,-0.006206148528036852,-0.003585664011272444,0.00173657445724918
2020-02-12,-0.00617775791279418,-0.006459643682086207,-0.006080165347398548,-0.003428180050697578,0.0018889364083874872
2020-02-13,-0.006235161560144051,-0.006475079488225117,-0.0060709040157576185,-0.0034809635972504298,0.0017143556228444252
2020-02-14,-0.006177086600192823,-0.006600926043809632,-0.006280423433241791,-0.003705077224328503,0.001506649750223148
2020-02-17,-0.006064950158049183,-0.006583096943690774,-0.006253487397077246,-0.003642674431213324,0.001581326684759296
2020-02-18,-0.005994505597911689,-0.006482447810286645,-0.006209755017954728,-0.003628297946670535,0.0016423780412434972
2020-02-19,-0.006037691955974359,-0.0064847822674279024,-0.0062395074653515395,-0.0037123329514878512,0.001521890398466276
2020-02-20,-0.0059448376825682984,-0.006490679272752273,-0.00629376430955904,-0.003924990118510174,0.001041494789449299
2020-02-21,-0.00602958348928587,-0.006462501480417564,-0.006298434830690818,-0.0041089242741611355,0.000636173364776007
2020-02-24,-0.006291431746972705,-0.006820501428721668,-0.006626515474749284,-0.004397553021274061,0.00035863213319567503
2020-02-25,-0.00631918678335296,-0.006956320790141417,-0.006770366750229994,-0.004545266652956194,0.000161622377504546
2020-02-26,-0.00651197585331727,-0.007011596309382404,-0.006786376232730689,-0.004496438968959015,0.000459490064186245
2020-02-27,-0.00676655777146325,-0.007493033726294121,-0.0073098225482722155,-0.0050295169786469755,-8.0660981965972e-05
2020-02-28,-0.0067580030804495405,-0.007861478169195121,-0.007805451198919058,-0.005719619376432523,-0.00121763382064888
2020-03-02,-0.006706133278022882,-0.008215655385193133,-0.008086447504966326,-0.005880763725897622,-0.001589003224957799
2020-03-03,-0.006485940640162856,-0.007838295142001317,-0.007734147599657737,-0.005560707424315745,-0.001144742906285549
2020-03-04,-0.006689222034133151,-0.008230179240736515,-0.00814926158867376,-0.005861897239546016,-0.001243512656803329
2020-03-05,-0.006852697217091977,-0.008476439465657775,-0.00845009450543484,-0.006207002835710717,-0.001637036026046197
2020-03-06,-0.007027639747997984,-0.008666062985750865,-0.008768591831806649,-0.006907591114368969,-0.002672987146645373
2020-03-09,-0.007910712199892908,-0.00965892055861969,-0.009962193758083018,-0.008152153483803316,-0.0033086625479337712
2020-03-10,-0.007555837493540796,-0.00922700962705394,-0.00921193554140446,-0.00739890248508448,-0.004323751237847804
2020-03-11,-0.007924922709886893,-0.009329277246060133,-0.009007635809064968,-0.007025231014419004,-0.004140377451331509
2020-03-12,-0.008183095460733527,-0.00970606922563824,-0.009138847374252475,-0.006823884534583988,-0.00418720018810619
2020-03-13,-0.008017701344562282,-0.008904430244853283,-0.007695815568522963,-0.004964854710742976,-0.002249081910942718
2020-03-16,-0.008197966331020523,-0.008795889964768757,-0.006710924893018179,-0.003928589740459123,-0.001208617580958921
2020-03-17,-0.007797954370279552,-0.008658485462104912,-0.0063362938662473315,-0.0035749579160034178,-0.00119814742840719
2020-03-18,-0.007624989709762623,-0.007806965930970904,-0.004930864413551483,-0.001780639156936012,0.00084384016599634
2020-03-19,-0.007398645225705535,-0.006634403533860915,-0.0040123777763003635,-0.001069264996597154,0.0018250300053126811
2020-03-20,-0.00710388148232593,-0.006730640480236776,-0.005000304340742385,-0.002482208155816199,0.000583130701501704
2020-03-23,-0.006667638106576084,-0.006933196502476639,-0.00541788939244428,-0.00291235780141823,0.000116221133595593
2020-03-24,-0.006373126508231453,-0.006334731439789434,-0.005058881442406813,-0.002663578457315503,0.000639584148826485
2020-03-25,-0.006520108935003293,-0.005993216209389316,-0.00478868192453258,-0.002383652373274745,0.001328018469272063
2020-03-26,-0.006578606777466629,-0.006317141147442435,-0.005318708361022133,-0.002686452399296861,0.00172099616810105
2020-03-27,-0.007094334870568988,-0.007038356498954515,-0.0064233494587811624,-0.003952602898250528,0.000338770589979606
2020-03-30,-0.0068840203106907095,-0.007174471893752639,-0.006885233554102484,-0.004505475844329756,-1.1767726804929001e-05
2020-03-31,-0.0070086638508318755,-0.007059234486470767,-0.006652759811376648,-0.004142217275658404,0.000595359864100186
2020-04-01,-0.006470680846842754,-0.00665138699425512,-0.006206787911374798,-0.003792923258915759,0.0006481999945037551
2020-04-02,-0.006437963286733755,-0.006550555449894486,-0.005888429612473512,-0.003618051034749845,0.000254665051589684
2020-04-03,-0.006508278999829218,-0.0067121017642238455,-0.005977689449311634,-0.003678165416972803,9.8211547915603e-05
2020-04-06,-0.006012988460752943,-0.006552170503534307,-0.005795985997413164,-0.003326687054384121,0.0006012407500144041
2020-04-07,-0.005969883042962949,-0.006369650402703493,-0.0052338406679479955,-0.002487718486590724,0.001586027948830302
2020-04-08,-0.006049235644436053,-0.006138826232155159,-0.004912023142045707,-0.002190768577083477,0.001855154515420984
2020-04-09,-0.006050256940811658,-0.0061738723041455355,-0.005108970957348156,-0.002522837548004877,0.0014733631038705418
2020-04-14,-0.005990853949411881,-0.006430845078796788,-0.005558212011857644,-0.002988593947948299,0.001105184634425706
2020-04-15,-0.006082311005835732,-0.006794089942236204,-0.006128900830306812,-0.003758689460178548,9.4065029924843e-05
2020-04-16,-0.006300692731085455,-0.006599298182853839,-0.006092727396250179,-0.003737586621562259,-0.00023467630300924399
2020-04-17,-0.006071142195593861,-0.006723165964832725,-0.006245296018677493,-0.003707949403650108,3.26160696394e-05
2020-04-20,-0.005549459524660873,-0.006669710606973567,-0.006037675856783826,-0.0034684693644806367,0.00040547591948475903
2020-04-21,-0.005649959602356412,-0.006617669205882204,-0.0061121770594775035,-0.003702438109681485,8.947344953614101e-05
2020-04-22,-0.005681693046656134,-0.00650390677601651,-0.005829303769433815,-0.0033331401921887238,0.000474128147065098
2020-04-23,-0.005480029729093911,-0.006676112189220426,-0.005918471309439855,-0.003358285909046601,0.000312082473607598
2020-04-24,-0.005393539181009881,-0.006682177948354715,-0.006090463639251591,-0.003625937456042409,3.3057517317681e-05
2020-04-27,-0.005285096958230587,-0.006416350624830866,-0.005947497116980603,-0.003555674087408658,0.00017373332709591402
2020-04-28,-0.005510073639121514,-0.006541156860866338,-0.006278263450618193,-0.003724736202926442,6.2084925857948e-05
2020-04-29,-0.005705222040545489,-0.006790565189826618,-0.006604044004741478,-0.004120554793862694,-0.000370271773301066
2020-04-30,-0.005353846370690689,-0.007058396567979206,-0.00721052442949059,-0.004577088658789732,-0.0008282893819011861
2020-05-04,-0.005347693300944223,-0.007092814585835292,-0.007170817556204381,-0.004445438869151521,-0.000630074905122525
2020-05-05,-0.005302134945008852,-0.007527758897815877,-0.007442654929388182,-0.004497137463667042,-0.000547140355830207
2020-05-06,-0.005476251581383881,-0.00719573123700052,-0.007120081700179899,-0.004175174965383055,-6.427358452642e-05
2020-05-07,-0.005512343953009231,-0.007150154073900183,-0.007134222143326272,-0.004149614266412413,7.6367479090306e-05
2020-05-08,-0.005308663778234013,-0.007466045888742747,-0.007277572839228039,-0.004204737893138675,-3.7614369381751e-05
2020-05-11,-0.005422573120545623,-0.007121788490017025,-0.0071372995145978675,-0.004075834627421507,7.4865691800688e-05
2020-05-12,-0.005493616018610799,-0.006826620179294966,-0.006763840681133088,-0.003875111130354143,0.000154523218530978
2020-05-13,-0.005470344746729194,-0.006975558077060944,-0.006986475033201347,-0.0042258724511153554,-0.000319902070804016
2020-05-14,-0.005864109823631289,-0.007078179430104154,-0.007214417347082404,-0.004477477072921043,-0.000414901053659241
2020-05-15,-0.005615448988367799,-0.007105097153222082,-0.007166235928344183,-0.00458467797394662,-0.000668003162049586
2020-05-18,-0.00574634210253027,-0.006913245072891558,-0.006827767680605894,-0.004167596324400104,-4.5672720215884e-05
2020-05-19,-0.0056478447399311935,-0.006449528129106094,-0.0063093538370154615,-0.0037548431477948258,0.000307918408304528
2020-05-20,-0.005680180704151767,-0.006475184191636343,-0.006328146407813322,-0.004019455041177679,0.000231092421522365
2020-05-21,-0.0055825127634076864,-0.0066108601308700445,-0.00642964914205594,-0.004103757780394184,9.118167024246e-06
2020-05-22,-0.0059123510830069274,-0.006552363031244828,-0.00643293758693372,-0.003991108371600362,0.000170211722900857
2020-05-25,-0.005727062840309189,-0.0065130801736118515,-0.006444890136704707,-0.004033485531642906,7.4106435312519e-05
2020-05-26,-0.005820671389091667,-0.006171328118959343,-0.005910804236075053,-0.003475946422598603,0.000702757158965967
2020-05-27,-0.005866055316588637,-0.006143435370732875,-0.0058070647780823804,-0.00330152516124806,0.00094803411250033
2020-05-28,-0.005705074941256193,-0.006172633936910596,-0.0059067798325699705,-0.003403945214275654,0.0008472027709161351
2020-05-29,-0.0057304133695898676,-0.006337230426563955,-0.006081271108664157,-0.003592212288998233,0.00061006361605035
2020-06-01,-0.0058099200428833875,-0.00636926342500955,-0.0059069250659231675,-0.003183326909071988,0.001286847511648285
2020-06-02,-0.00565051155149052,-0.006513272615767693,-0.0060634717125666125,-0.003308349151691883,0.001137405156650968
2020-06-03,-0.0056209667395897885,-0.006273690668711129,-0.005623697211648766,-0.002873537356547566,0.001483638533841506
2020-06-04,-0.0057626120873649515,-0.006180316230037084,-0.0054336290750953385,-0.002466432367094002,0.002346521726797583
2020-06-05,-0.005742675111847117,-0.005984499871525038,-0.005114681171422424,-0.002011248622454076,0.003005270336214993
2020-06-08,-0.005528788965957976,-0.006128359099966412,-0.005439573261788256,-0.002399232584266961,0.002600514815845369
2020-06-09,-0.0054992825238512275,-0.0061510700368268756,-0.0054450428198761,-0.002569465607478602,0.002080135606417392
2020-06-10,-0.005395480533025577,-0.006147581696238214,-0.005353568237982511,-0.0025828674775981407,0.00245793449905709
2020-06-11,-0.005387639618177469,-0.006478117604524893,-0.00592640398263292,-0.003402277341546318,0.0012630141618872682
2020-06-12,-0.005396687975738965,-0.006616308323007627,-0.006105098346062388,-0.0035506248161583233,0.0011688135624884149
2020-06-15,-0.005377167497792388,-0.006664748502730378,-0.006241375345902225,-0.003745102924390311,0.000958252272647719
2020-06-16,-0.005412477261262849,-0.006501666319103525,-0.006025582790577029,-0.003498574643246215,0.001355874479170586
2020-06-17,-0.005317244465590405,-0.006562934664673015,-0.006135033555359564,-0.0036334938444745777,0.0011031871313475889
2020-06-18,-0.005438762672661479,-0.006602239852784004,-0.006198476330849694,-0.003801660799551247,0.0007829546474521359
2020-06-19,-0.005543757974755794,-0.006688961946656087,-0.006269752006548699,-0.003873921899015462,0.000685223998635942
2020-06-22,-0.005492625168591994,-0.006903409395805253,-0.006634834334639952,-0.00423582335223907,0.000440492884153318
2020-06-23,-0.005710255462138285,-0.006572914915588717,-0.006443716456011095,-0.003854677716831549,0.000841673701289874
2020-06-24,-0.005757715517460456,-0.006553657173748943,-0.006352738424747017,-0.003785676032424985,0.0008182343351505409
2020-06-25,-0.005921460212421142,-0.006889523960585144,-0.006839306712906104,-0.004317089595925036,0.000346813112449897
2020-06-26,-0.005897335899014303,-0.0069609437237339615,-0.006807238670582634,-0.004303633793999046,0.00016111914661341
2020-06-29,-0.00574736506557052,-0.006934760210081872,-0.0067068011331400165,-0.004206285712497437,0.000498817808996765
2020-06-30,-0.005717011736713112,-0.006942297983987724,-0.006869890344331164,-0.004511601140782186,0.000136360490682303
2020-07-01,-0.005768730547796792,-0.006584992734458544,-0.006176703770782788,-0.0036467226824884857,0.0011537137659915191
2020-07-02,-0.005803942155871712,-0.006747187033441114,-0.006425089707416953,-0.003868078043952838,0.001057888960087372
2020-07-03,-0.005796293191208077,-0.0068278284202192155,-0.006559585941040793,-0.004010754066396234,0.0009200091651779881
2020-07-06,-0.005779271469609934,-0.006779290664820081,-0.0064785721354496985,-0.003927475129734308,0.0009712555006609851
2020-07-07,-0.005749780584707139,-0.006731331202297737,-0.006432095730930514,-0.0039612757289366266,0.000754919840623267
2020-07-08,-0.00569559304925841,-0.006728094094578125,-0.00643272851318637,-0.004046544079135743,0.000439457770337221
2020-07-09,-0.005746044959498245,-0.006770666968528376,-0.00657124728769225,-0.004229079331193075,0.00033328487684908703
2020-07-10,-0.005810968897813771,-0.006963104976438417,-0.006794201580650219,-0.004523359643399973,-0.000155793125503971
2020-07-13,-0.005896166971166067,-0.006635464906987121,-0.006245451307745617,-0.003887019794626258,0.000607150070237365
2020-07-14,-0.005881902558773479,-0.006685730411318072,-0.006394433690334895,-0.004133933435176868,0.000263131559819396
2020-07-15,-0.006004456679120605,-0.00671516638463522,-0.006528520535819196,-0.003935838896794204,0.000397238009265046
2020-07-16,-0.006034382287640452,-0.00675547954251309,-0.006663943624497142,-0.004334242541405415,0.00011989286748796201
2020-07-17,-0.0059885280318195365,-0.006759281047052594,-0.006652222934315439,-0.0042806505703728796,0.00021339799010040102
2020-07-20,-0.0059569013246035096,-0.006758834454521039,-0.0067176948893975345,-0.004451441100187625,-6.664460594415001e-05
2020-07-21,-0.005900206877718571,-0.006694610728333728,-0.0066623329524879305,-0.004292295495792557,0.000352592149442856
2020-07-22,-0.005821076476142881,-0.006975974188849956,-0.00695014057309296,-0.004651311290657629,-0.000291341621704881
2020-07-23,-0.005867492783190931,-0.006803464039477767,-0.006768000586410233,-0.00456625100824298,-0.000286093863920851
2020-07-24,-0.005914710906202734,-0.006668192375330983,-0.006459486368228946,-0.004252819763955449,-8.235255126747901e-05
2020-07-27,-0.005858172778152981,-0.006819841002242155,-0.006781697918198044,-0.004598172096411765,-0.000301497742463112
2020-07-28,-0.00565798225218838,-0.006986608397616418,-0.006946564722916584,-0.004746202109197215,-0.0006262414518281589
2020-07-29,-0.005762861184133328,-0.006936667462740904,-0.006967449735050129,-0.0047856820944452,-0.000507507787547285
2020-07-30,-0.005780521532581609,-0.00714193339059738,-0.0073366325566497845,-0.005257299860719305,-0.001014486831417047
2020-07-31,-0.005829178275883599,-0.007097444067189911,-0.007152281111825896,-0.004934549928365368,-0.00056633103528592
2020-08-03,-0.005860291180864512,-0.007069000697945236,-0.007050445837132751,-0.0047912679958604844,-0.00041608027427806303
2020-08-04,-0.005825249660160549,-0.0072043822539109926,-0.007384773253280126,-0.005326657581051517,-0.00108337007134923
2020-08-05,-0.005863120786097825,-0.007035286924436002,-0.0069993584359831825,-0.004832810799663196,-0.000557812505448755
2020-08-06,-0.005863348880919454,-0.007086619960564051,-0.007273441058277413,-0.0051962816075108356,-0.000751530666249349
2020-08-07,-0.0058511878840290165,-0.007023407019846868,-0.007180350520627661,-0.0050723624632360974,-0.000567411814985283
2020-08-10,-0.005689557878744005,-0.007096670453421101,-0.007200748296810948,-0.005065268458118179,-0.000736696437139696
2020-08-11,-0.00570328265678871,-0.006907066614492665,-0.006821776892872977,-0.004526879580656406,4.856614793005e-06
2020-08-12,-0.00574260312686488,-0.006835634223700748,-0.006667443551780954,-0.004356647015693595,0.000140790495052736
2020-08-13,-0.0058289976508959455,-0.006557476684377557,-0.006265781292129251,-0.003905306668893553,0.00074055456354936
2020-08-14,-0.005806782535822235,-0.006615559944976579,-0.006297056584406433,-0.003951394980824689,0.0005586399560726239
2020-08-17,-0.005662140475340187,-0.006700849628487395,-0.006430127056639466,-0.004020355617151439,0.000572452186012228
2020-08-18,-0.005728702779176987,-0.006764247452921381,-0.006571844577015513,-0.004228381425945806,0.000347511541541256
2020-08-19,-0.0057306540104088265,-0.006860944725252001,-0.006763962008548532,-0.00446293914661847,0.00012759285023382401
2020-08-20,-0.005869786326819774,-0.006949218318372963,-0.006984662217915578,-0.004859040806562595,-0.000395625132691124
2020-08-21,-0.005895407075072412,-0.00695657779501436,-0.006969099858700431,-0.004764155970889594,-0.000152394690221546
2020-08-24,-0.005755634480492449,-0.006886536875812794,-0.0069338807044049666,-0.004782246599806603,-0.000295286701745043
2020-08-25,-0.005758431888728357,-0.006587081357356639,-0.006415923616165644,-0.004121498534423615,0.00054982476508222
2020-08-26,-0.005801031920812807,-0.006536152799640225,-0.006266919768090764,-0.003908726618361373,0.000777012138566446
2020-08-27,-0.006001206438317438,-0.006663003729000545,-0.006506529994782633,-0.0037015965427597353,0.000930641752708046
2020-08-28,-0.005946215389102751,-0.006766281646341272,-0.006461787321989054,-0.003902054514547712,0.001089980491519395
2020-08-31,-0.005816098264514956,-0.006632123237944328,-0.006298412548142847,-0.00370767370836389,0.001302271594096737
2020-09-01,-0.00581770377022312,-0.0067304476319068485,-0.006374595182144826,-0.003739073245545876,0.001270927835373703
2020-09-02,-0.0059989175998886235,-0.006908161699978575,-0.006845950283987561,-0.004270503651526428,0.000396586238162223
2020-09-03,-0.006020415478384291,-0.007023198837018443,-0.007014462046813024,-0.004603707417079281,-0.000167110771061327
2020-09-04,-0.00603979643464962,-0.0069713254090718645,-0.006914278164164527,-0.004426237235498256,0.000114442363783083
2020-09-07,-0.006136171541651111,-0.006932453054227774,-0.006949911036672751,-0.00434112557509938,0.000165184107103847
2020-09-08,-0.005897212200502988,-0.007061839973069444,-0.007109301446780561,-0.004652973227104579,-0.000154416855129062
2020-09-09,-0.006016531040712089,-0.006883831453323834,-0.006802208092614195,-0.00435738335770917,0.000153832695935962
2020-09-10,-0.0061328125427670774,-0.006734190916740923,-0.006540883210720687,-0.004085939394935156,0.000441417632823095
2020-09-11,-0.006032127827496082,-0.0068672710577103845,-0.006838286333049597,-0.004355379983121357,0.000372480975007902
2020-09-14,-0.005870792119550525,-0.006993147118871433,-0.006988895919004379,-0.004638550524276317,-0.00020288126953359398
2020-09-15,-0.005826051392599238,-0.006893081639340833,-0.00687977224153868,-0.0045300352790443735,-4.9838166693352006e-05
2020-09-16,-0.005853442996690333,-0.006925687769256501,-0.006950241067152687,-0.004628874293599914,-0.000148305935382508
2020-09-17,-0.005929694649091045,-0.006950089271802438,-0.006981898163695552,-0.004735761258310185,-0.000364334585875285
2020-09-18,-0.005852792903666735,-0.006975912780742451,-0.007026033163582674,-0.004729647916791992,-0.000290054463858351
2020-09-21,-0.005770966784704643,-0.007156354765967788,-0.007272761074396974,-0.005014623559690459,-0.000653969135087434
2020-09-22,-0.005893332253692254,-0.007070263420946312,-0.007146212889499881,-0.004839613130422657,-0.000336737871391994
2020-09-23,-0.005880722447284893,-0.0070637366028137635,-0.007122421972265349,-0.004806940500421865,-0.00031413207304090206
2020-09-24,-0.0060243357546253306,-0.007115182035786951,-0.007150155003571843,-0.004881484814058701,-0.000463183978895791
2020-09-25,-0.006061081573720386,-0.007067599440102943,-0.007135388452527338,-0.004963290679447016,-0.000628877699616738
2020-09-28,-0.006046075061172112,-0.00696150785703308,-0.007126081290790296,-0.005001584492716394,-0.000590459747208307
2020-09-29,-0.006190693293478662,-0.0069044602695244395,-0.007200154234309308,-0.005014359738487459,-0.000776220137449008
2020-09-30,-0.006215391487558995,-0.006921246168744761,-0.0071395897816352825,-0.004953658691276756,-0.000776823361077018
2020-10-01,-0.006249423082997788,-0.006887157551400663,-0.007051921880721812,-0.004853429582467181,-0.000655001120811112
2020-10-02,-0.006282660030579443,-0.007067746747247261,-0.007283633565713456,-0.005066794592273815,-0.000805965227921949
2020-10-05,-0.006280749889620404,-0.007054195357254387,-0.007152621461717041,-0.0048748087196945015,-0.000586617185718043
2020-10-06,-0.006301764784510683,-0.007100388401972095,-0.007185631371627346,-0.004921696647913767,-0.0006732790076080559
2020-10-07,-0.006286556325291591,-0.007019875406924472,-0.007002186685040548,-0.004664222176752703,-0.00032702269690683004
2020-10-08,-0.006413053046298574,-0.0071077425242828075,-0.0071512665234240115,-0.004911001528521677,-0.000628548488087981
2020-10-09,-0.006297931711453205,-0.007302197510565054,-0.007391116114104301,-0.0051560401235777546,-0.000929791961718731
2020-10-12,-0.006379645112009665,-0.007322134698874851,-0.007429916566491146,-0.005197315661591118,-0.0009426225320360419
2020-10-13,-0.006636670611255868,-0.00743718257612342,-0.007511270087036959,-0.005301042033197376,-0.001092206782962842
2020-10-14,-0.006732248524536251,-0.00751626703919682,-0.007688073394158525,-0.005539630430253792,-0.0013267409959863141
2020-10-15,-0.006843416013524678,-0.00773528045369551,-0.00795873189630703,-0.005935013527583859,-0.001871225308404639
2020-10-16,-0.0069453471570368915,-0.007803508864852851,-0.008092416529465912,-0.0059299242243932284,-0.0014815640162569922
2020-10-19,-0.007119241733463314,-0.007825839639081601,-0.008032631380849394,-0.005837748201340967,-0.001674746344583959
2020-10-20,-0.007151035870773345,-0.007850874671091104,-0.008010421919070025,-0.005828554477846564,-0.0017245381434437099
2020-10-21,-0.007141635004637562,-0.0077588516058655355,-0.007863008548989345,-0.005619477989644484,-0.0014059471623063318
2020-10-22,-0.00715461223610662,-0.007756552065739117,-0.007752218073326604,-0.005493628922720837,-0.001324302796427993
2020-10-23,-0.007111931650844836,-0.007601686577485949,-0.00756683428191105,-0.0053470567090794716,-0.001179629110802292
2020-10-26,-0.0071547628811869015,-0.007567698810945278,-0.0075311610613673485,-0.005440869293022681,-0.001250475137837301
2020-10-27,-0.007285680686141968,-0.0077086815544968835,-0.00782946261461165,-0.005840760697426433,-0.001585660088618734
2020-10-28,-0.00722924954968996,-0.007943203358755464,-0.008027512590908054,-0.00602136529408114,-0.0019031470757368018
2020-10-29,-0.007092387271210218,-0.0080504037784128,-0.008139164228812104,-0.0060305978076780065,-0.001819629689540333
2020-10-30,-0.007091887301655112,-0.008008034978971356,-0.00808496069059181,-0.006034864733654896,-0.00195087337841927
2020-11-02,-0.007171045510566658,-0.008054736234685094,-0.008119489000891388,-0.006056602920696017,-0.001953798384123352
2020-11-03,-0.007112042828789062,-0.007994413028228724,-0.008042281604636265,-0.005981530487713092,-0.0019164967482672378
2020-11-04,-0.007178807969526306,-0.008057136727021156,-0.00817245021481594,-0.0061858764979943,-0.0021533878212103893
2020-11-05,-0.0072627883401628025,-0.007930464989380024,-0.00799292474477661,-0.005994041413612963,-0.001879834090202461
2020-11-06,-0.00723119127663383,-0.007880797655559721,-0.007918499509753808,-0.005879951845192029,-0.0017224655428635571
2020-11-09,-0.006998367969576092,-0.0074652412429319125,-0.007406763825559924,-0.0050535323591972105,-0.000752330249377946
2020-11-10,-0.006949758177402764,-0.007300985466098062,-0.006984252838342835,-0.004562919175746351,-0.000305368036652156
2020-11-11,-0.006912526999544033,-0.007330348706884831,-0.007098892355332538,-0.004876685275821124,-0.000551219603990007
2020-11-12,-0.006909788226868603,-0.007372659569746034,-0.0071978315935988,-0.005074823235409292,-0.000871453720677901
2020-11-13,-0.006938394713681681,-0.0074940156149651705,-0.007387408379072063,-0.005289951490019491,-0.001076608461636257
2020-11-16,-0.006691512888315844,-0.0074748797505440525,-0.007395747409627527,-0.005307732834270471,-0.001199281843419912
2020-11-17,-0.006803958101859838,-0.0074232846938771194,-0.007412134259241534,-0.0054408000060462,-0.001387252398459919
2020-11-18,-0.0068596752518750885,-0.007440414497289098,-0.007392006137736766,-0.005391208655469248,-0.0013163841714283369
2020-11-19,-0.006675757051691116,-0.007444025300446277,-0.007472739066198648,-0.005533823081298608,-0.001582778032819926
2020-11-20,-0.006905684221518371,-0.007596681481204785,-0.007619416572365561,-0.005649592981213831,-0.001588282555707424
2020-11-23,-0.006929396512210102,-0.0076268262680254705,-0.007606341130383107,-0.00555630375166674,-0.0014036908909276242
2020-11-24,-0.007018716022360561,-0.007645298227871775,-0.007613676946556955,-0.005564149473553303,-0.001401516684445716
2020-11-25,-0.007099512218919556,-0.007596652389051024,-0.007619572755531383,-0.005487161480566476,-0.001419820887696554
2020-11-26,-0.007163307839864617,-0.007626370414464842,-0.007630703306483122,-0.005578160547899263,-0.001626573322391573
2020-11-27,-0.0071568650678068306,-0.0076179494385890225,-0.007625593601484324,-0.005575061289094765,-0.001622425570944556
2020-11-30,-0.00715622910839794,-0.0075217998283210715,-0.007520053480846873,-0.005496842544259004,-0.001538319063049529
2020-12-01,-0.007131951691262772,-0.007370835011639971,-0.007213742067641498,-0.005156576019209256,-0.001451827248980839
2020-12-02,-0.007165198809879874,-0.0073207147888859625,-0.007022603005806607,-0.00489175404356875,-0.000801992475440827
2020-12-03,-0.0072258913707439155,-0.007488252382529592,-0.007343142883959506,-0.005285281364203134,-0.001148274589057414
2020-12-04,-0.007285425945884188,-0.00757104528119632,-0.007400551458761253,-0.00529615407917663,-0.001108388563991715
2020-12-07,-0.007349572690543944,-0.0077687550455915935,-0.007674294579733343,-0.005613015189065695,-0.0014354103527187889
2020-12-08,-0.007354832580857063,-0.007883969369893653,-0.007879215290159083,-0.005884381042211411,-0.001745052162376774
2020-12-09,-0.007480990376095246,-0.007931897989571533,-0.00784972057233689,-0.00580264468743704,-0.001610726204350954
2020-12-10,-0.007460953378708744,-0.007888186029013538,-0.007832784064387553,-0.005835258649396518,-0.00170432924993665
2020-12-11,-0.007506122652848533,-0.008057528242707397,-0.008099789562141888,-0.006148095761806123,-0.002008731785042382
2020-12-14,-0.007589300754884224,-0.00789995930269351,-0.007850206731384502,-0.005929995565695565,-0.0018469023117256389
2020-12-15,-0.007595270264005023,-0.007899227791623033,-0.007873808331652153,-0.00599475694303583,-0.001958037432025269
2020-12-16,-0.007544950690065899,-0.007588096560766533,-0.0073820531318109376,-0.005456016619925666,-0.0014033517031367278
2020-12-17,-0.007634169308541477,-0.007666777777195572,-0.007541848783912504,-0.005701908146163915,-0.0016376939277465872
2020-12-18,-0.007515889513848957,-0.007578680392703783,-0.007450078275504368,-0.005621708132151224,-0.001606360063163882
2020-12-21,-0.007580139068158385,-0.00767790808723678,-0.007586673615341626,-0.005758626630457333,-0.001695596048229873
2020-12-22,-0.0075807873816618795,-0.007651329987554898,-0.007527476201285137,-0.005736288136004734,-0.00179033407536006
2020-12-23,-0.0075740418992522205,-0.007451138523536369,-0.007174947907096519,-0.005324507486301204,-0.001369767628741979
2020-12-28,-0.007574553040812857,-0.007607145936435283,-0.007007648116816698,-0.005391871813213846,-0.001137919773080375
2020-12-29,-0.007355782289632964,-0.0076624328823652775,-0.007231692858069075,-0.005599709461497477,-0.001492348467881825
2020-12-30,-0.00745606274289634,-0.007668552891848657,-0.0072395055991363085,-0.005700079921508663,-0.0012778758028863411
2021-01-04,-0.0062427744923091175,-0.007422394441399151,-0.007455204489071154,-0.005720845536627377,-0.0015594207958316941
2021-01-05,-0.006279031747545535,-0.007456423623157782,-0.0074865075796576135,-0.005750587859195333,-0.001595093280605186
2021-01-06,-0.006270389756878381,-0.0073487710890197434,-0.0072517297993218354,-0.005401835256757695,-0.001220510219671835
2021-01-07,-0.00635251879361665,-0.0074275786960201805,-0.007311327161851327,-0.005427611275747774,-0.001211035960723982
2021-01-08,-0.006425462290128836,-0.007455574290583582,-0.007316859961197864,-0.005446041356699362,-0.001254315373188252
2021-01-11,-0.006266573639554201,-0.007329546122070121,-0.007147079401025702,-0.005154055823530368,-0.000866300802346162
2021-01-12,-0.006257298953485954,-0.007233943040983397,-0.006963343372813147,-0.004912255062157467,-0.000623072702690921
2021-01-13,-0.006290395693901701,-0.0073087420142810625,-0.007155309788574802,-0.005260978206321765,-0.00099160654903621
2021-01-14,-0.006277240658441481,-0.0075269980303328075,-0.007517836226942412,-0.005633570715649388,-0.001444381495181086
2021-01-15,-0.006151521205825592,-0.007446876313381345,-0.007417708815862336,-0.005439206382358588,-0.001161642474709903
2021-01-18,-0.006203920044524473,-0.0073799678433285635,-0.007286420943545737,-0.005311800653228022,-0.000952593042166158
2021-01-19,-0.006185869415179477,-0.007319806833671101,-0.007186751730501575,-0.005188665579280683,-0.000822784222596806
2021-01-20,-0.006199317634697936,-0.007353937463970546,-0.007278355087092483,-0.005357603655685685,-0.001006649694425019
2021-01-21,-0.006231809077277749,-0.0072649837683774155,-0.007045704734135394,-0.005006893786269213,-0.000632394109178386
2021-01-22,-0.00615184745332396,-0.0073223259911521146,-0.007192769623829163,-0.005150580152261877,-0.0007057062152976359
2021-01-25,-0.006153803194245331,-0.007473031319762802,-0.007474903660623711,-0.005515737942774792,-0.001210814515859355
2021-01-26,-0.006167889123837728,-0.007483315433446635,-0.007442675133180469,-0.005405202820206063,-0.001029674814236916
2021-01-27,-0.006247397218166715,-0.0075870205190423515,-0.00758441652941003,-0.0055716143369583014,-0.001091568455960643
2021-01-28,-0.006263556215237162,-0.007606500372131193,-0.00754401297339471,-0.005417382582390453,-0.000873371022931817
2021-01-29,-0.006248511482003794,-0.007531842013786023,-0.007367987841458446,-0.005122549639975529,-0.000505075635121743
2021-02-01,-0.0062483890544537835,-0.007442385932230553,-0.007277107500937614,-0.005112039222516494,-0.000432819100217769
2021-02-02,-0.006267609039866641,-0.007348878390152893,-0.007076560055803567,-0.004850892939455988,-0.000181126442967909
2021-02-03,-0.006183286947387199,-0.007293314927043273,-0.006985943918337747,-0.004657032906223932,0.00010327111952517201
2021-02-04,-0.006230401464712385,-0.007218316035840808,-0.0068359161651181215,-0.004489231951343231,0.000398333383236737
2021-02-05,-0.006126611649757845,-0.007257777707833111,-0.0069384757775795385,-0.004547085137008468,0.000324065687193479
2021-02-08,-0.006233579467521957,-0.007232050986792229,-0.00674387749592559,-0.004200757725602799,0.000714034919023274
2021-02-09,-0.006199666191584232,-0.007249517101563305,-0.006854704295822894,-0.004418373891854568,0.000473162347501494
2021-02-10,-0.006196854858428231,-0.0072948060935391365,-0.0069305385395449235,-0.004487913236034776,0.00044907843189325196
2021-02-11,-0.006121925835921562,-0.007388284026215386,-0.007081747661402904,-0.004552401585888952,0.00040980866174020696
2021-02-12,-0.006191255072536895,-0.0072722535723875395,-0.006801583836599434,-0.004164291824373607,0.000966460044657702
2021-02-15,-0.006221347726182786,-0.007156542064911571,-0.006517299678085049,-0.0037464999940255163,0.001403010623313636
2021-02-16,-0.006158451751632659,-0.007135362140709551,-0.0064153902771917305,-0.00347939084671101,0.001544569556549824
2021-02-17,-0.006122569813259429,-0.0071052801185229695,-0.006411551700607214,-0.0035005289910275427,0.001600532457525871
2021-02-18,-0.006136622955827914,-0.006969385365043188,-0.006137755476086362,-0.0031576598708895746,0.001907879054862697
2021-02-19,-0.006153470194923549,-0.006998427108397194,-0.0061118905879295315,-0.0030145744243389,0.0021302904751788173
2021-02-22,-0.0061107884278440395,-0.007052711762255906,-0.006288800105060264,-0.003286702407023867,0.001922875902088638
2021-02-23,-0.006148792424751539,-0.006987419029727815,-0.0060230551552814095,-0.002818750701774855,0.002222913346887081
2021-02-24,-0.006179771355565307,-0.00694219232187862,-0.005876761463628278,-0.00259786731388874,0.002343040985511062
2021-02-25,-0.006157541807788591,-0.006687169702088356,-0.005497353235651667,-0.0022742429664209048,0.0025235088684559194
2021-02-26,-0.006123660152720414,-0.006666728489905649,-0.005534860547347958,-0.00245739451145833,0.001924258783380645
2021-03-01,-0.006110939412084544,-0.007057485428150709,-0.006248443283395937,-0.0032404276817025314,0.0014926101850962282
2021-03-02,-0.00605277883039894,-0.007048713615158655,-0.006214870215746417,-0.003096255270250405,0.001751580370843526
2021-03-03,-0.006054300830864983,-0.007006932664966667,-0.00612866839946741,-0.002935971617921047,0.002173184184529279
2021-03-04,-0.006178363485329173,-0.0070643135331033505,-0.00620023253881508,-0.0030759974002115744,0.002175755467538742
2021-03-05,-0.00613455566936453,-0.00699934851527928,-0.006053949616588463,-0.0028378011469480267,0.002247296489733212
2021-03-08,-0.006088693491311252,-0.006951128451133179,-0.005987293080728615,-0.002756398836959168,0.002229777143628237
2021-03-09,-0.006115401402498622,-0.007030933783724569,-0.006162458791226277,-0.003041652415924818,0.001905164338433449
2021-03-10,-0.0060668342675341165,-0.006946252913217203,-0.006076286393381873,-0.0029991547391667113,0.001891107701842105
2021-03-11,-0.0060404924159930705,-0.007061148334143348,-0.00629978393759997,-0.003243995080552486,0.001732464855025797
2021-03-12,-0.006033655994059397,-0.0069881274728571,-0.006078296727898622,-0.002821945038687952,0.002290391630109227
2021-03-15,-0.0059877123426702525,-0.007107793190902007,-0.006275614092722077,-0.002952824407731191,0.002311601393868678
2021-03-16,-0.006037090441310928,-0.007188370507015472,-0.006452389869410475,-0.003259504672604203,0.001996912975659364
2021-03-17,-0.00604605889680288,-0.007114903339865102,-0.0062142952515708985,-0.002813992086110062,0.002553633578572394
2021-03-18,-0.0060793193506257295,-0.007061214287039854,-0.0060209480393447826,-0.002464714097826905,0.0029866077403092016
2021-03-19,-0.006131012006951229,-0.007192259415197968,-0.00625370433225203,-0.00274255956373123,0.002958141784766614
2021-03-22,-0.006145191518766195,-0.007285539909807512,-0.00640017411081812,-0.002889048975093273,0.00285104866565069
2021-03-23,-0.006104305821625855,-0.007361175091270953,-0.006619133000442479,-0.003228741001659418,0.0024969928052695862
2021-03-24,-0.006119522663717652,-0.007380452675540978,-0.0066425312631970355,-0.00327322229208165,0.002315332683590303
2021-03-25,-0.006221577344904112,-0.007475971077974899,-0.006815797118772022,-0.003596305455753072,0.001911769310896134
2021-03-26,-0.006252503483674312,-0.007446467063569162,-0.006671113565644387,-0.003309516068470874,0.002273805466358101
2021-03-29,-0.006277501928493551,-0.007419210841683452,-0.0065549502959970415,-0.003090660643083174,0.002543366351342699
2021-03-30,-0.006172083806402228,-0.007116457151088645,-0.006096341659328388,-0.002595793377934994,0.0029158712319076008
2021-03-31,-0.006361027761042102,-0.007218383025045352,-0.006191515960563545,-0.0027865002095904937,0.002617915724199231
2021-04-01,-0.006289034005186791,-0.007351040088646467,-0.006460265575469863,-0.00304830860730731,0.002485327234344341
2021-04-06,-0.006262066822576577,-0.007295479763020196,-0.006356114481089534,-0.002905626908834082,0.002528568926917107
2021-04-07,-0.006312661759409354,-0.007359563137227567,-0.006440330916822008,-0.003004071885265231,0.002458649258755354
2021-04-08,-0.006388660486740517,-0.007441287853895631,-0.006601793276392431,-0.0032785948902713706,0.002264551470539109
2021-04-09,-0.0063120521695490366,-0.007230008683670881,-0.006186771281597023,-0.002692333662677901,0.002647229438910323
2021-04-12,-0.006328013318407443,-0.007285855777413879,-0.0062486471522355605,-0.0027156240546094552,0.0026672098211286237
2021-04-13,-0.0063071803035326555,-0.007280082829898502,-0.006257964643454374,-0.0027347925852140072,0.002644212915886403
2021-04-14,-0.006369889626379224,-0.007235095061944709,-0.006133383532699707,-0.002594569265150683,0.002751803872949132
2021-04-15,-0.006429339343616173,-0.0072374462254889416,-0.006084019112080172,-0.0025166668222146786,0.0028379104209135743
2021-04-16,-0.00638678453450884,-0.007244369445405097,-0.00602715914578325,-0.002312715827945521,0.00290554937599595
2021-04-19,-0.006318089019097983,-0.00702425126686308,-0.0056990234747364,-0.0019730861780017863,0.003172286257250989
2021-04-20,-0.00624529193481427,-0.007089520307639327,-0.005869381269300176,-0.002166951278725046,0.003034145116288425
2021-04-21,-0.0062594295046438765,-0.007188459139666592,-0.006099582398971628,-0.002530260730267422,0.002666135959792735
2021-04-22,-0.006345727284773115,-0.007174951081828183,-0.006039873556599109,-0.002507764738122979,0.002622888085919541
2021-04-23,-0.006384463511103964,-0.007161519393624745,-0.005955565115092227,-0.002350543082878093,0.0028325335246066393
2021-04-26,-0.0062740475973695675,-0.007144762985788389,-0.00600215949902855,-0.0023991626808230523,0.002820736210116368
2021-04-27,-0.00632796821618761,-0.007143457268612363,-0.005918750925929111,-0.002251622682537033,0.002863669092475271
2021-04-28,-0.006413191149128441,-0.00710662420411257,-0.005784628858780172,-0.002086183250727122,0.0030048966468243597
2021-04-29,-0.00633983223157788,-0.006957146059585581,-0.005476607757569481,-0.001578056425094582,0.003610335423441273
2021-04-30,-0.006278178496254104,-0.007046917694532093,-0.0056778990201967975,-0.0017999412877797822,0.003445856601426822
2021-05-03,-0.006252619402880621,-0.00703688586478338,-0.005664181885415496,-0.001766098041635775,0.003472147400306626
2021-05-04,-0.0062025182793094035,-0.007157312980522623,-0.005967584025231636,-0.00218911790366802,0.003114172054080373
2021-05-05,-0.00619102166949612,-0.007148311349423207,-0.005896888214113738,-0.002020700265078523,0.003256725137384038
2021-05-06,-0.006248661984618404,-0.007174966540219549,-0.0058834702596359985,-0.0019670654880309477,0.0033465782879323093
2021-05-07,-0.006210812226593201,-0.007124529378611264,-0.005838041241780734,-0.001947493049831803,0.003336656475087713
2021-05-10,-0.006196759685295412,-0.007103027281080596,-0.0057687848913768255,-0.001796768068229419,0.0035504628962115033
2021-05-11,-0.006257078772169444,-0.006947408312320396,-0.005404969013371703,-0.001317421106752503,0.003992053247897793
2021-05-12,-0.006281306964567348,-0.006811335779388028,-0.0051073366736207855,-0.0009217187730596161,0.004361935828783392
2021-05-13,-0.006414494112239901,-0.006783972290018521,-0.004975006136071513,-0.000801736211905304,0.004354725604396914
2021-05-14,-0.006347652012466288,-0.00675530282453942,-0.005025777772167763,-0.000956475161210042,0.004124401430165711
2021-05-17,-0.00634119035979827,-0.006716553080918322,-0.004908931714256863,-0.0007358334929453569,0.004392648301609116
2021-05-18,-0.006376327098153631,-0.006738621824869879,-0.0049367685551707915,-0.0007687011040466089,0.0044639239461354615
2021-05-19,-0.006316606159628785,-0.006773940143272392,-0.004955814803344824,-0.000682340993103469,0.0044205121154429735
2021-05-20,-0.006364594105541506,-0.006697850970383399,-0.004870943179008429,-0.000713681820800298,0.004341653022988558
2021-05-21,-0.006317097124277864,-0.006812941980176413,-0.005125101495777225,-0.0010180400699483889,0.0041215083125353
2021-05-24,-0.006286888727646061,-0.0067883735699569405,-0.005088251212406272,-0.0009509096576490301,0.004213330665892862
2021-05-25,-0.0062555324158799245,-0.006912817136223088,-0.005387441186051771,-0.0013665442285015139,0.003880914896611749
2021-05-26,-0.0062572283185506564,-0.007020844470868211,-0.0056540246625230986,-0.001784022275369441,0.003483690816680544
2021-05-27,-0.006321831071759063,-0.006939145552232271,-0.005428487584854235,-0.001471088765113632,0.0037915476167093808
2021-05-28,-0.006263994826419217,-0.0069854134012148905,-0.005530349947214446,-0.001542104755539854,0.003809366354578238
2021-05-31,-0.0063164682392898045,-0.006935810688240931,-0.005425244633482449,-0.0014641505313349329,0.003800124049526063
2021-06-01,-0.0063387214421088975,-0.006958247265916453,-0.005462116963440771,-0.00152207882527537,0.003751257314133114
2021-06-02,-0.006364333457062423,-0.00704789031314917,-0.005606837218582759,-0.001685155882174269,0.00362643806273168
2021-06-03,-0.00639616339604749,-0.0070466508903323935,-0.0055628420996122994,-0.001605521309399908,0.0036952078003885756
2021-06-04,-0.006392531632492632,-0.007121918928032871,-0.0057368173504433306,-0.00186038947336363,0.0034494309858907977
2021-06-07,-0.006276019881027872,-0.007077222363758577,-0.005622170606446772,-0.0015872901533787059,0.003502439073116017
2021-06-08,-0.006340775455734491,-0.007088261248071954,-0.0057406013744605525,-0.001936152276268932,0.00316677626015831
2021-06-09,-0.006460751877229898,-0.007259153206945892,-0.00602429555552948,-0.002328220282494673,0.002927504901549285
2021-06-10,-0.006414706880971228,-0.007213565619919637,-0.005921490667725866,-0.002120931083225241,0.003173844722581815
2021-06-11,-0.006454561210184852,-0.007254201057063727,-0.0061178229275352216,-0.00254478702000358,0.00298582629460141
2021-06-14,-0.006413592084264797,-0.007197105339025241,-0.005946285466792256,-0.002240491308840866,0.002984643734110443
2021-06-15,-0.006430681528342649,-0.0071447753637608954,-0.00583771624557468,-0.002113851744595818,0.003087364272494692
2021-06-16,-0.006431639578624757,-0.007169604049320211,-0.005866936130563136,-0.0021230283985204323,0.00308958437502715
2021-06-17,-0.006466003345335019,-0.007071526445436853,-0.0056514557651186955,-0.001895070468576549,0.0030154971984651217
2021-06-18,-0.00649134420157044,-0.00704005557819039,-0.00564379542461543,-0.002030317764716125,0.002584035318980446
2021-06-21,-0.006446564487352635,-0.006882652226017198,-0.0053954134052612845,-0.001752134200073456,0.002829974518260552
2021-06-22,-0.00650440585264354,-0.006916945045152081,-0.005387391032619564,-0.0016489321564180101,0.003228070495668635
2021-06-23,-0.006473119291707441,-0.006963474035699208,-0.005534028733323581,-0.001876441178191243,0.0030378003284506987
2021-06-24,-0.006490028817561245,-0.0069757850650628535,-0.005542797972795586,-0.0018838749531002099,0.003028859166900046
2021-06-25,-0.006587405977408461,-0.006903543421324106,-0.005377689326932349,-0.0017145480149613809,0.003369715388067589
2021-06-28,-0.006491729637542858,-0.006926208447854767,-0.005456233236735013,-0.001774516831439974,0.0031894291017095663
2021-06-29,-0.0065259169990776736,-0.006915549458226322,-0.005401501734589736,-0.001690695598072036,0.003285345223229678
2021-06-30,-0.006504042961788653,-0.006975142228883702,-0.0055975899925361,-0.0020316753873895043,0.0029473864050994832
2021-07-01,-0.006511222389097044,-0.0070516657378731475,-0.005710178317124526,-0.0021213429861981752,0.0029218785147989567
2021-07-02,-0.006468290018624983,-0.007118871514456897,-0.005892544605852335,-0.002372602808236559,0.002730508536224896
2021-07-05,-0.006520462476004606,-0.0070416278419669735,-0.00572051715717222,-0.002189623650178798,0.0028345350496454718
2021-07-06,-0.006426703252308449,-0.007150367268257831,-0.006030623926979594,-0.0026096687396999258,0.0025294037006214198
2021-07-07,-0.006492356971670054,-0.007246165740793096,-0.006267154631685501,-0.0030948937289064023,0.001741156382607793
2021-07-08,-0.0065229715575034035,-0.0073118773110647135,-0.0063862634065651935,-0.00326775213229264,0.001562398606844719
2021-07-09,-0.006507421492882025,-0.007218079162157296,-0.006208882885176799,-0.002979332082395802,0.002174012682476536
2021-07-12,-0.00641688201069623,-0.007205715462822535,-0.006258417699549961,-0.0030455063058885427,0.002132023541466297
2021-07-13,-0.006519093543433443,-0.007178384880520152,-0.006275046532346269,-0.003192123160544624,0.002617797533574761
2021-07-14,-0.006447944410571671,-0.007215853209086714,-0.0063089896398147525,-0.003173952816023466,0.002032921808555348
2021-07-15,-0.006519738120900171,-0.007310942023705036,-0.006461010396764548,-0.003408957325298134,0.001728601125039821
2021-07-16,-0.0065094425079819385,-0.007369927435850301,-0.006551253054546748,-0.003514391981666995,0.001314462167521934
2021-07-19,-0.00647250918139773,-0.00739063183118831,-0.006725385858562833,-0.0039023974948602593,0.0008604191774028749
2021-07-20,-0.006542425271988077,-0.007664669255325203,-0.007125190068295004,-0.004276975557635457,0.000627940627878347
2021-07-21,-0.00659518664078421,-0.00763884906546648,-0.0069698619931548265,-0.003994580561662491,0.000818291869890965
2021-07-22,-0.006640993067740098,-0.0076890088625186535,-0.007034814786710486,-0.004057264040294415,0.0009373008405957691
2021-07-23,-0.00672505807809018,-0.007747967285703887,-0.007096872211780703,-0.004160615667264871,0.000778170585319149
2021-07-26,-0.006652879471734147,-0.007771063595863219,-0.00710581084003353,-0.004045311768509201,0.0008470973639343341
2021-07-27,-0.006671639396890235,-0.007923405478388634,-0.007355347757781705,-0.004374197824317836,0.00041879507875573795
2021-07-28,-0.006547187096990752,-0.008001788723696265,-0.007447176653360353,-0.004315674030822589,0.00049520709307266
2021-07-29,-0.006587110307059139,-0.008002441383034964,-0.007433352169729464,-0.004321667808819337,0.000466162889883703
2021-07-30,-0.0066266598887211,-0.00803462493440618,-0.00747668335826686,-0.004398795835232656,0.00033668382332653103
2021-08-02,-0.006525476192370166,-0.008073620982997874,-0.007634963444673986,-0.004598083151093917,0.000240588912031265
2021-08-03,-0.006465042466766622,-0.008173601293124746,-0.00783290281877727,-0.004872730617940939,-0.000141839555850764
2021-08-04,-0.006459582328188849,-0.008219306018635972,-0.007948692515981333,-0.005053644737109648,-0.000316167473737154
2021-08-05,-0.006517100049569839,-0.008263499844486377,-0.007913500754380123,-0.004993421945540826,-0.000464414674274507
2021-08-06,-0.0064511126071228175,-0.00802592480076969,-0.0075295368982948975,-0.004550069157791023,-7.980029714544901e-05
2021-08-09,-0.006415741733213305,-0.00799762347164197,-0.007560186831580129,-0.0046642864565564456,-0.000183933105008731
2021-08-10,-0.006345046073376655,-0.007989362832154403,-0.007587962785465505,-0.004707311852289608,-0.00035817070159938904
2021-08-11,-0.006544599453089684,-0.007905221279810342,-0.007365762800085798,-0.0045035488481466315,1.9766910433096e-05
2021-08-12,-0.006603190296201298,-0.007905877030814997,-0.00732977511459227,-0.004468566124150461,2.7444328894862998e-05
2021-08-13,-0.006610121828340472,-0.007862938428774972,-0.007317624873351334,-0.004561557952919934,-0.00012084329707720399
2021-08-16,-0.006452305767419325,-0.007902665669077913,-0.007529710172270181,-0.004836275825293423,-0.000262435167517907
2021-08-17,-0.006609888887035385,-0.007900480548947516,-0.007401285712002346,-0.004663881331639778,-0.000118213062283403
2021-08-18,-0.0066844740596129345,-0.007937231793449179,-0.007468205102503158,-0.004751373568367092,-5.3549924554947004e-05
2021-08-19,-0.006700514011138712,-0.0079183616417973,-0.007457227977359748,-0.004794708850047562,-0.000133648135086912
2021-08-20,-0.006739266163209872,-0.007960151546551062,-0.007512986133318278,-0.00487141957176322,-0.00020807727067832598
2021-08-23,-0.00664738870568491,-0.007940994190893745,-0.007476717423520345,-0.004728179927363807,-2.8399396219205e-05
2021-08-24,-0.006648598388628322,-0.007896935209390507,-0.00741725956290844,-0.004696654969399518,-4.7047676383055995e-05
2021-08-25,-0.006619658790085891,-0.007824657141663569,-0.00719192286529446,-0.004261519499252508,0.000375486224400214
2021-08-26,-0.006719146794191122,-0.007752687412144037,-0.006970907724798505,-0.003975559177676162,0.000617137814197192
2021-08-27,-0.006663405856302351,-0.007723546007914206,-0.006956851515975693,-0.003958660488537631,0.0006334318902950101
2021-08-30,-0.006613204956777179,-0.007751859443485756,-0.007082609917702198,-0.004159234983665945,0.000463587054666647
2021-08-31,-0.0067605532400925325,-0.0076529888429016915,-0.006846197364485507,-0.003929337298819684,0.0007531651668585671
2021-09-01,-0.006694149873723012,-0.007647790566397767,-0.006804684175047613,-0.0037434332997959754,0.001074908741734659
2021-09-02,-0.006739407124810022,-0.007693184055061459,-0.0068799974635188384,-0.003830230506841166,0.001187050507696185
2021-09-03,-0.006658581672206414,-0.007600206032738288,-0.006692140356030358,-0.003497512367705693,0.001504252917805568
2021-09-06,-0.0067557498273186885,-0.007602533513244918,-0.006679332865361056,-0.0035699612668790293,0.0013349858223605348
2021-09-07,-0.006770685729286131,-0.0074572486898918065,-0.006351405065731202,-0.0030983592615187574,0.0018311779057860538
2021-09-08,-0.006685454883919747,-0.007406805964332169,-0.00632758699214393,-0.003115153222495874,0.001564210228817839
2021-09-09,-0.0067222599130442925,-0.007544410981945317,-0.006549237566051143,-0.003352154340992079,0.001457284007921768
2021-09-10,-0.006735523201433222,-0.007504663276541698,-0.006483237337799799,-0.003304344329611939,0.001453529026735966
2021-09-13,-0.006772483869840496,-0.007526492760982915,-0.006473256464206747,-0.003252545485232527,0.001529525202043866
2021-09-14,-0.006825497749972555,-0.0075582360268659655,-0.006476792357176744,-0.0032274079556213657,0.0015739366037889541
2021-09-15,-0.006882585778600358,-0.0074836248462212904,-0.00632919259325758,-0.003073480233518073,0.001814986096809363
2021-09-16,-0.00671615444233854,-0.007451800822588832,-0.006265000392016326,-0.002823180020789371,0.001989828078980613
2021-09-17,-0.0067158347572314845,-0.007385584218867942,-0.00613335326839501,-0.00265366005242782,0.0021379139839236448
2021-09-20,-0.006777904824163411,-0.007587669192190343,-0.006435210279004284,-0.002994678228107301,0.001665575337247613
2021-09-21,-0.006734486999190013,-0.007598248127680034,-0.00654270364668284,-0.003206146192201182,0.0014640633016414911
2021-09-22,-0.006740677663317901,-0.00753264230809602,-0.0064204489152908635,-0.003066539306160498,0.00158250362314869
2021-09-23,-0.006946012239912236,-0.007364293694205342,-0.005971226795560672,-0.002565487685477845,0.001899353317139795
2021-09-24,-0.006848651254323997,-0.0072351013986583545,-0.005684488663555745,-0.002036116638111065,0.002515934516462805
2021-09-27,-0.0069781184260616635,-0.007231632600328715,-0.005627086905915899,-0.002045029008023746,0.002380780551859822
2021-09-28,-0.007055050138887573,-0.007139845543304291,-0.005343154167032083,-0.001637617087059744,0.002647489862520715
2021-09-29,-0.006981316725978491,-0.007270764135142707,-0.0056763366109050615,-0.0020876891598940388,0.002251092244229049
2021-09-30,-0.007122370438334541,-0.007205593344489154,-0.005409455288053393,-0.001701871538638641,0.002612714248580516
2021-10-01,-0.007098625728375176,-0.007405819279765104,-0.005795849524646192,-0.002142392632805152,0.002332289485276559
2021-10-04,-0.007107990094402903,-0.007358192666038468,-0.00563571749899951,-0.001845575526107032,0.002683574754025239
2021-10-05,-0.007017207180743357,-0.007373154832039166,-0.005657091230161369,-0.001792621748698217,0.002605208142819668
2021-10-06,-0.007001914293581701,-0.007288828921281862,-0.005530289879205203,-0.001688008601346844,0.002573633319713275
2021-10-07,-0.007046862454493344,-0.007365661190874832,-0.0055843284345853264,-0.001650540570657654,0.002743025868971025
2021-10-08,-0.007065038172471283,-0.007279963923448021,-0.005370933813497132,-0.001356327653192748,0.002907408828965097
2021-10-11,-0.007051932712877475,-0.007115130776491747,-0.0050719615848002775,-0.001006233342770381,0.003168682154203823
2021-10-12,-0.007121178698881181,-0.007002512420270901,-0.004875072301529917,-0.000842510424671507,0.00340042034658909
2021-10-13,-0.0071643843055947554,-0.006993801393907397,-0.004940246968995252,-0.001149529435862857,0.0026911978802719176
2021-10-14,-0.007155763800437134,-0.007152465809094654,-0.005278427685802933,-0.0016099099421826191,0.002265590448950321
2021-10-15,-0.0071952319076286275,-0.007063158942470058,-0.005094996503605831,-0.0014232243073177382,0.002330344928370258
2021-10-18,-0.007050182823829725,-0.006747413381272667,-0.004732955929172626,-0.001270090897455178,0.0018024625986629238
2021-10-19,-0.007205633845268983,-0.006482065625887967,-0.004245418498041351,-0.0008288839245390189,0.002322568159577525
2021-10-20,-0.007069393360188443,-0.006792518114238382,-0.0046913838801540654,-0.0010219148366446698,0.002339773422635307
2021-10-21,-0.007225710531668896,-0.006670748661422959,-0.0043599404755322,-0.000706682558355535,0.002233434376774425
2021-10-22,-0.007223320487017986,-0.006539529747519657,-0.004235582140384157,-0.00076116591538621,0.001931565930408849
2021-10-25,-0.007260855754110147,-0.00673690917616621,-0.004507901247073649,-0.0009570201966196371,0.00201120047461802
2021-10-26,-0.0073374366867487596,-0.0067838710863797405,-0.0045795982213249695,-0.001095923418790429,0.001891108015101679
2021-10-27,-0.007396020856809464,-0.0068445079275864604,-0.004812738719003078,-0.0016257047903234809,0.001228717257518932
2021-10-28,-0.0074349254807911805,-0.0065671316042348995,-0.004420405133852481,-0.001406448758344813,0.001149976405436916
2021-10-29,-0.007359694501692369,-0.006204530610444323,-0.0036989505497118367,-0.000692417043067128,0.001001341805788127
2021-11-01,-0.007399580036902624,-0.006268713299752196,-0.00387070377778353,-0.000856525564091286,0.001149509626214009
2021-11-02,-0.00756572869853269,-0.00694802224707137,-0.0047492649057995565,-0.001477414929441622,0.001139358301598059
2021-11-03,-0.0075984309128397645,-0.006875023296438476,-0.004675927212156328,-0.0014976304752470871,0.001132506938249522
2021-11-04,-0.00788527267739567,-0.007610705963060755,-0.005586075868302558,-0.0021471324398145432,0.001192697242578284
2021-11-05,-0.007809197586378342,-0.007678611814891549,-0.005864861567703654,-0.002654504996601829,0.000493019708343476
2021-11-08,-0.007658653950560635,-0.007699792844479969,-0.005888782392740195,-0.002509429367430997,0.0007246225580484621
2021-11-09,-0.007935017869824274,-0.007839397339261898,-0.005959794289618628,-0.00282661940461554,5.8319323566280005e-06
2021-11-10,-0.008215021610165298,-0.007741501294737438,-0.005655850403390517,-0.0025761954973286187,4.6722881476925995e-05
2021-11-11,-0.008240810483702806,-0.007588925586573714,-0.005319147501537858,-0.0021651095023428497,0.000251955830598613
2021-11-12,-0.008542935729645646,-0.0079376272801374,-0.005678558287114357,-0.00243283375531583,0.000336406035122451
2021-11-15,-0.008374850410577703,-0.007783003925566611,-0.005544884399572867,-0.0023543978325765292,0.000227223683434256
2021-11-16,-0.00874081246652972,-0.007989809301312488,-0.005628768274818663,-0.002285029979055295,0.000779636242656853
2021-11-17,-0.008666080769510778,-0.007954490169719502,-0.005627415022679552,-0.002314999498417496,0.000645068199932832
2021-11-18,-0.008910937312482482,-0.008053769728093692,-0.005701254809143581,-0.002502216224050904,0.000298390010720823
2021-11-19,-0.008838901766067758,-0.008352859173976488,-0.006308064758327561,-0.0032062525283022532,-0.00017233976447337
2021-11-22,-0.008829171537151202,-0.008266478396747016,-0.006227495831208807,-0.0031269826789887827,-2.338255308939e-05
2021-11-23,-0.009043463816509788,-0.008066083178652383,-0.005620291725122675,-0.002301393206691808,0.0006441005760470749
2021-11-24,-0.009087480845896927,-0.008137260172293081,-0.005563042265262275,-0.002025087038772262,0.0014902281275246709
2021-11-25,-0.009013912651155483,-0.007937782644770847,-0.005609858133304133,-0.002403029117318045,0.001108481112463002
2021-11-26,-0.00907308543381076,-0.008236519019145953,-0.006269821125836033,-0.003200984642959916,0.000292869945521996
2021-11-29,-0.008852581650771884,-0.00800780385970775,-0.006001410159855319,-0.0028921619534998336,0.000492041597896569
2021-11-30,-0.008950174208621245,-0.00815302296062935,-0.006371053250208285,-0.0035004979599567634,-0.000329103556867786
2021-12-01,-0.009057072560743508,-0.007706538701269614,-0.005804853158530765,-0.0032188403061194433,-0.000404790666482853
2021-12-02,-0.009107063587456924,-0.00797002526675178,-0.0062464811203885254,-0.003671109809449886,-0.0006255005853649109
2021-12-03,-0.00874265696470589,-0.007777108271390292,-0.006063020995734676,-0.003534597488388948,-0.000597959721191686
2021-12-06,-0.008413297313911643,-0.007801502046549125,-0.006282757654018574,-0.003764084905704945,-0.000896649934554973
2021-12-07,-0.008336802448678867,-0.0075429311342601404,-0.006000645267704119,-0.003625682418994769,-0.000948278197837407
2021-12-08,-0.008297604434766861,-0.007338073859538166,-0.00558806639917814,-0.003194987668384299,-0.000537541875680209
2021-12-09,-0.00809420232531836,-0.0074885311222318805,-0.005996091799506846,-0.003479578625429007,-0.0005695478285971281
2021-12-10,-0.00782936418230041,-0.0073837033254321805,-0.005911437174222165,-0.0034021770533930865,-0.000514973165121191
2021-12-13,-0.007751055326875748,-0.007294249648180999,-0.006057080408011912,-0.0035870444310523147,-0.000594382761061319
2021-12-15,-0.007529901484991636,-0.0071881509708305825,-0.005913151899230753,-0.00343777875759176,-0.000455576262626336
2021-12-16,-0.007703424774366395,-0.0072733674499347156,-0.005949178163552658,-0.003319499373767507,-9.5161503181926e-05
2021-12-17,-0.007754416161014454,-0.0074853856430524114,-0.006187716733188431,-0.003604547244277594,-0.000449784922269511
2021-12-20,-0.007791768794239721,-0.007525318798806148,-0.006218385127825417,-0.003516192954274015,-0.000179250162511275
2021-12-21,-0.007735165655109633,-0.0073598554899693535,-0.005847549909855392,-0.002984542757639228,0.000578101674397814
2021-12-22,-0.007805126847887938,-0.007231278751523309,-0.005493016815478784,-0.002737624510298655,0.0005498767476206659
2021-12-23,-0.007555189728850025,-0.007059900726584725,-0.005272855629825543,-0.002402406394770486,0.001038477671580125
2021-12-24,-0.007613323578013954,-0.007093807846341704,-0.005278986768285838,-0.002401620199852878,0.001034639753747702
2021-12-27,-0.007359533319134708,-0.006975704336495276,-0.0051599923716448125,-0.002335021606368932,0.000984469346807159
2021-12-28,-0.007309713920560972,-0.006924155424668954,-0.005130039671137934,-0.002313995748412405,0.0010104391356475979
2021-12-29,-0.007389755889959997,-0.006908961536381781,-0.004932063942061733,-0.002001411477556085,0.001400729669759279
2021-12-30,-0.007259480625373021,-0.006769596447303683,-0.004774686150634184,-0.001881837312776673,0.0014335514864673802
2021-12-31,-0.007305447803472748,-0.006791412595704998,-0.004786520642486902,-0.0018849970530697392,0.0014424105018124888
2022-01-03,-0.0068724131000999136,-0.006559376363513904,-0.004370044789930754,-0.00123137169399619,0.0023175172678048268
2022-01-04,-0.006556263890830265,-0.006638086099788518,-0.004334981588650719,-0.001158978985177299,0.002215181815631716
2022-01-05,-0.006633708296620664,-0.006475092857009637,-0.004219179909026485,-0.001072667978168788,0.002373036327987691
2022-01-06,-0.006675405105211331,-0.0063123395959008115,-0.003981812753344758,-0.0008627954773406409,0.002521773032871808
2022-01-07,-0.006621932372388363,-0.006250582636624391,-0.003821476594087061,-0.000715950553254001,0.002542557519853601
2022-01-10,-0.00662498349136295,-0.006135119868152242,-0.003617902447680081,-0.000458051227585767,0.002851369206986883
2022-01-11,-0.006526618531588185,-0.006066184538571995,-0.003547332901969882,-0.000418130923476076,0.002823206154197056
2022-01-12,-0.006541041745257579,-0.0062531946325656,-0.003796898784979978,-0.0007056076646182011,0.0024765935154452533
2022-01-13,-0.006758744484847451,-0.0062488214683245145,-0.0038308296405834817,-0.000936670673989521,0.001995307805095293
2022-01-14,-0.006710360214514274,-0.0062357040448699054,-0.003685539936727662,-0.000748330252616291,0.0021131799904620997
2022-01-17,-0.006888860800547427,-0.00602419054430118,-0.003351776705546352,-0.000402910242629941,0.002479943115241449
2022-01-18,-0.007094753946621299,-0.006091201808607028,-0.003380825460542045,-0.000385408708116661,0.0025891125472557856
2022-01-19,-0.00709047908441158,-0.006046993836195562,-0.003216013694293309,-0.000122407711805405,0.002920306549883267
2022-01-20,-0.007248396697713469,-0.006159522652135672,-0.003399626887043139,-0.000415055667788291,0.002517009326930817
2022-01-21,-0.006656356213182806,-0.006414681604292305,-0.00378951851518992,-0.0007952481892906239,0.002007423480187353
2022-01-24,-0.006980547802463374,-0.006679475437076472,-0.0041372725653231555,-0.001020203270679886,0.002126145129748454
2022-01-25,-0.007044238375646088,-0.006759778570166484,-0.004130908197997618,-0.0009313395470928169,0.002267155290571108
2022-01-26,-0.007434763359737089,-0.0066039361218480285,-0.003874621315249587,-0.00066074806943118,0.002653775701118012
2022-01-27,-0.007325151418566465,-0.006361883070775249,-0.003567221115763521,-0.000527107771150991,0.002428648835000979
2022-01-28,-0.007225753127870926,-0.006226717661571399,-0.0033756718023087062,-0.000329721800991174,0.0025869770291994387
2022-01-31,-0.0069696929679672285,-0.005723570248265979,-0.002670028331051153,0.00027558640324989,0.0028750519021723568
2022-02-01,-0.007021068481209277,-0.0056691127343545976,-0.002498151784794067,0.00042502828509172197,0.0029511036476339843
2022-02-02,-0.0069882419130373056,-0.005529669060560485,-0.002242535137300589,0.000542394865291484,0.002804326234470615
2022-02-03,-0.00681736666765677,-0.0046452188303927585,-0.0009644084528793991,0.001346257748132939,0.0030032116619641293
2022-02-04,-0.006810086546376924,-0.003622726529045721,0.00017093412865770398,0.001954798665811996,0.003161228592463351
2022-02-07,-0.006807502985656943,-0.003527596155932522,0.000486837984488643,0.002450817197152626,0.00378593883985185
2022-02-08,-0.006835694172652891,-0.0036507713076359798,0.000636499005136861,0.002885859698683437,0.004431751932327644
2022-02-09,-0.006838576238943488,-0.004123902532709222,8.6997386484459e-05,0.0025032079945952242,0.004191276323913933
2022-02-10,-0.00696056758832737,-0.00396698395106084,0.000422265393966712,0.0028168951602245353,0.004473618965813781
2022-02-11,-0.006949581633262765,-0.003828441414670824,0.000533505955399027,0.002856751283727308,0.004456928619067866
2022-02-14,-0.007072643647403803,-0.004279352906222389,0.00017839763482684502,0.002770706769054443,0.004589629147318614
2022-02-15,-0.006995057763635008,-0.004013934968713242,0.000680962169995091,0.003478562426446649,0.005455979624826951
2022-02-16,-0.006974329102975188,-0.004308901631136352,0.00020063369681116698,0.00308208290399772,0.005161071831570917
2022-02-17,-0.006998776153972434,-0.004602262721458929,-0.000161958438334255,0.00279857742718842,0.004961621885737892
2022-02-18,-0.007082707910472675,-0.005043540215882567,-0.000672180837314191,0.002494797631292551,0.004875169130384983
2022-02-21,-0.0070359019445065864,-0.0050517362154417714,-0.000711757575083154,0.002382614998782164,0.004691912327978826
2022-02-22,-0.0069123051551549415,-0.0042045072380644125,0.000260446712485507,0.0031354291826538173,0.005217649883471608
2022-02-23,-0.006961129746045296,-0.004055933888167344,0.000386066934724698,0.002986959648035088,0.004817437053424189
2022-02-24,-0.0073158470418479135,-0.004694515593699333,-0.000488566048262333,0.002108888911402096,0.003964542376259444
2022-02-25,-0.007059755727237924,-0.004437749480296711,-0.000137198926509922,0.0026436894609661097,0.004661174586279601
2022-02-28,-0.007342496460332337,-0.005354174156368479,-0.0011299139311100551,0.002151889622433027,0.004709732576944654
2022-03-01,-0.007126988924240502,-0.006965438763221039,-0.003269916055755248,0.000326728767741553,0.00333502665986001
2022-03-02,-0.007183609613470491,-0.0063958481383755835,-0.002983068354863682,0.000313788001919355,0.003134914303862482
2022-03-03,-0.00732963462728824,-0.005785847097316048,-0.002202405708097958,0.0009867865012458219,0.003660547485513683
2022-03-04,-0.007244040184668439,-0.007239300362136691,-0.003838658087986886,-0.00027953817209526303,0.002313800810103221
2022-03-07,-0.007437709155266549,-0.006800927184720482,-0.003316193665567204,0.000257350005660987,0.001735613563752738
2022-03-08,-0.007483861460420075,-0.006115725485694394,-0.002226289320851679,0.001554406073608363,0.003282099432722232
2022-03-09,-0.007344874460145165,-0.005363091734110639,-0.001138098086780914,0.002448119681135079,0.004501123014614556
2022-03-10,-0.00737542738235519,-0.004584350707006255,-7.0487490689501e-05,0.002864708298911778,0.005000233980561035
2022-03-11,-0.007015776096842491,-0.0041928241203787395,0.000331333853213866,0.003092364878513935,0.005052074790241079
2022-03-14,-0.007000665773329131,-0.003906481102744199,0.000865382347836458,0.0037664678978774967,0.00583107494221259
2022-03-15,-0.007058445846705913,-0.004377377466646663,0.000455820927615291,0.003734059982155764,0.006145883317597859
2022-03-16,-0.007016139275901632,-0.004145261895389907,0.000897546237164776,0.00414851277457978,0.006498322476652525
2022-03-17,-0.007187291748819179,-0.003920460641525141,0.001224626737843643,0.004171477004904327,0.00623169556483784
2022-03-18,-0.007255099568498167,-0.004079214777089608,0.001010067334245032,0.003987490696338296,0.00607991169076348
2022-03-21,-0.006943810077982408,-0.0036956217317789257,0.0015767138506783502,0.004700392128342219,0.006902826224266705
2022-03-22,-0.006975094973905591,-0.0029401451625425327,0.002580837859549261,0.005377128375407272,0.007286214219381855
2022-03-23,-0.007066754528847996,-0.003092066847639731,0.002369207481239068,0.005160196143824851,0.0070684455545497625
2022-03-24,-0.007263092759210426,-0.0026763037681502323,0.002815870858087317,0.005412645673782679,0.007169974244213792
2022-03-25,-0.0073361913567793115,-0.0021044039266106653,0.003490624263180328,0.0059552679411475325,0.0076118132012026555
2022-03-28,-0.007246679653481185,-0.0015623105086880471,0.003822277814023369,0.005971230811923866,0.007407275463737766
2022-03-29,-0.0071267363357130796,-0.000952709192134473,0.0042154439253012385,0.006266184869236298,0.007636541015323791
2022-03-30,-0.00706057624728722,2.6723205705239e-05,0.005363923895261993,0.007262616727631478,0.008523533643796332
2022-03-31,-0.006992749900105424,-0.000860211316812611,0.004234160256649233,0.006178605132498334,0.007476321000623144
2022-04-01,-0.007158207645120638,-0.0007371098653509601,0.004401905203655145,0.006376400881998646,0.007694414042663966
2022-04-04,-0.00665934452043698,-0.001206523183830432,0.003703339404001546,0.005638212015520495,0.00693055853128289
2022-04-05,-0.006689627451140458,-0.000881039062184485,0.0042839095927913635,0.006327003093497094,0.007691924556512946
2022-04-06,-0.006687686134645298,-0.000504010465983206,0.004981689362372625,0.007140711588298412,0.008582816317749762
2022-04-07,-0.006871816130317767,-0.000248235337778313,0.0052597268159299635,0.007409598334456972,0.008845349589610068
2022-04-08,-0.006826024140319138,2.118141201652e-06,0.005391406062208031,0.007424052427419571,0.008779950781501044
2022-04-11,-0.006507588350440379,0.000924968811126158,0.00648595635014777,0.00850064254330271,0.00984313055014149
2022-04-12,-0.006769767206475352,0.000425049816843396,0.006130891112177179,0.008294428533612078,0.009738152328933764
2022-04-13,-0.006513289501960276,0.000333275134807315,0.005980119681497389,0.008205670789444383,0.009692495711177175
2022-04-14,-0.006801345039534441,-5.0763138180855005e-05,0.0061342136766104225,0.008707334274214256,0.010430539798749354
2022-04-19,-0.006617609473597956,0.000326801585745299,0.006992888591204378,0.009807274043125883,0.011693552750857017
2022-04-20,-0.006453305885190115,0.000191201643846334,0.006348378822413363,0.008896841718001853,0.010602956115211597
2022-04-21,-0.006563436767693824,0.001113868881802422,0.00696199453325379,0.009212113466391624,0.010714289855900798
2022-04-22,-0.006256002649049677,0.002271535268389248,0.007799191856680203,0.009770826093159875,0.011085461645115488
2022-04-25,-0.006118635349783705,0.00129554306960502,0.00686085515835956,0.008994141718209822,0.010418190163953494
2022-04-26,-0.0062292109417218435,0.001133224484371844,0.006599320651477736,0.008694127661480781,0.01009249722596596
2022-04-27,-0.006009078628180411,0.000595690481821526,0.006213784013049621,0.008505607052257547,0.010039020405403333
2022-04-28,-0.006218977825538084,0.001433436300236419,0.007190141650607249,0.009421926942053708,0.010912238993199472
2022-04-29,-0.005937381152889576,0.002135319527189509,0.007439108159524885,0.009394447549795603,0.010698711394023881
2022-05-02,-0.005643653517672427,0.001837790842289686,0.007769256446546047,0.010119890024793637,0.011690727036145689
2022-05-03,-0.005940095796467917,0.0018326223805179651,0.007413274952821034,0.009550001214476779,0.010976367162894988
2022-05-04,-0.006068047967367347,0.0025229034068764778,0.008215489167409978,0.01032893597061021,0.011738827915958252
2022-05-05,-0.005984877286164347,0.002256145394788817,0.008120135305672347,0.010355991505275892,0.011848370029279107
2022-05-06,-0.005840572387589052,0.003034313573916782,0.009036523038056372,0.011278758557890279,0.012774727906027428
2022-05-09,-0.005081172738854916,0.002224448579596809,0.008779993185886872,0.011537167684881772,0.013385075417913872
2022-05-10,-0.00508865031259113,0.0014593637401675691,0.007796445123514153,0.010557905071782295,0.0124131445658832
2022-05-11,-0.0050059617129850605,0.001285399082983644,0.007807416162460776,0.010796898595157955,0.012814714269475034
2022-05-12,-0.004853502660389996,0.00019970863728002703,0.006145791821670397,0.00932497559340668,0.011524688843486114
2022-05-13,-0.004672810782093364,0.00098476436729582,0.007005243620004071,0.00997992660776576,0.012009080316542185
2022-05-16,-0.004642256596496947,0.00095722798602015,0.006950132806332183,0.010020727330936592,0.012129215780385368
2022-05-17,-0.004842898381922822,0.002332090002313305,0.00837907794550196,0.010901069751904715,0.012590794496426937
2022-05-18,-0.0049862116333735254,0.0030096626869477337,0.008699439207638451,0.010871904846650078,0.012322027889588695
2022-05-19,-0.004958348044342544,0.0023105516359215182,0.007756486791527655,0.00989518819453654,0.0113240194846864
2022-05-20,-0.0046520603714388905,0.002043525727801238,0.00784673774079471,0.010349083261877431,0.012029733163853355
2022-05-23,-0.004502404658562684,0.00222211310998305,0.007988041875776033,0.010471122875579322,0.012138748571155907
2022-05-24,-0.0044888383978432264,0.0024816747482567917,0.008295702911580424,0.010725377450287258,0.012353540267402785
2022-05-25,-0.004331373487662988,0.0018289442491450992,0.007671138798386905,0.010414462283883692,0.012273677002892829
2022-05-26,-0.004226954800618103,0.00138385089835455,0.007338802083992672,0.010749233990747252,0.013165824882616408
2022-05-27,-0.004028545874443057,0.001698534526565822,0.0073106671734543705,0.010513767180138625,0.012788960246525484
2022-05-30,-0.0037454969000409633,0.002800903120292579,0.008869333118931358,0.011630238702072169,0.013493966907276469
2022-05-31,-0.0037899183121729192,0.003577958329266786,0.00967474574001733,0.012196374068344555,0.01388505150575604
2022-06-01,-0.003356437758174573,0.003255372202075079,0.009442219945660581,0.012312569193821059,0.014254883187644665
2022-06-02,-0.003748242141220843,0.004658892760065525,0.010814618043296248,0.013220991272483511,0.014828428951161621
2022-06-03,-0.0037463074151992608,0.0049679122239997655,0.011156514013301111,0.013546440778384157,0.015142276950414155
2022-06-06,-0.003250387148802485,0.005317709717792423,0.011445246298668008,0.0138155388687104,0.015398337107843316
2022-06-07,-0.003338821668687708,0.00521797901802723,0.011342134461825512,0.013720566981310682,0.015309017605951354
2022-06-08,-0.003687593219379996,0.006079255148787319,0.012123094085641953,0.014345794266506008,0.015828378695499915
2022-06-09,-0.0038240823398792622,0.007529191688977015,0.012983480696289658,0.014881532478251698,0.016146969729705637
2022-06-10,-0.004819888070909344,0.008736798606327709,0.013630811256955559,0.015283740791613952,0.01638569614481157
2022-06-13,-0.004556339436286958,0.010517982973762573,0.015056811298278548,0.016577866441601374,0.01759190339076411
2022-06-14,-0.004119944649545268,0.011079259290143958,0.015876173473240045,0.017486188964393516,0.018559533009377807
2022-06-15,-0.003959465080152413,0.010673652802534512,0.01547101271817276,0.01708373252710528,0.018158879757583856
2022-06-16,-0.003867582368532489,0.011474280494847656,0.016777351742551416,0.01860260125585029,0.019819478863664235
2022-06-17,-0.004878316902305255,0.01075471824739418,0.015464213257883186,0.017825017967271577,0.020189278585787073
2022-06-20,-0.004365225197023512,0.011034486636097345,0.015453830428005442,0.018018568392585158,0.020723184477813898
2022-06-21,-0.004576471205268351,0.010812423879450916,0.015729587615167132,0.018303634168625703,0.020847763727880705
2022-06-22,-0.0038540444198796758,0.009802818496975903,0.01439044896673547,0.016916707757153232,0.019705357179951092
2022-06-23,-0.004593851815572838,0.00782891247822028,0.011591120938659097,0.014888644354803915,0.01893861520205747
2022-06-24,-0.004149512067740286,0.008394502349136216,0.012493717450004821,0.015846780224807105,0.019402723322302348
2022-06-27,-0.0041551000945743545,0.008496721081427551,0.01287068012450903,0.01601321203516477,0.019158485210305786
2022-06-28,-0.004397309061205425,0.009224681847355996,0.01406469426199283,0.01728305917484093,0.020060803737372762
2022-06-29,-0.004138381892143678,0.008995320097198637,0.013245688359342376,0.016572563742607117,0.019694358880438786
2022-06-30,-0.004174791709324938,0.006429685731460477,0.011055499780526286,0.014984395024541597,0.018042816218064864
2022-07-01,-0.0037892870724093018,0.005038708023308338,0.009576062926258976,0.014044935970760699,0.017626902943806387
2022-07-04,-0.003636463514917605,0.006098044569218812,0.010331556297158566,0.014500855079014472,0.018133079435176433
2022-07-05,-0.003900626641799294,0.004374668734716946,0.008977837102919576,0.013359816612765633,0.016781167278671218
2022-07-06,-0.003223619718811459,0.003569876804532379,0.007871381788639505,0.012520810364127007,0.01655126531695299
2022-07-07,-0.003467061730931111,0.0049279249249422905,0.009259818723343872,0.013637915335368957,0.017479146852406466
2022-07-08,-0.003417314378465014,0.0047186989692107675,0.009429012793269367,0.01373487403218105,0.017377900387511
2022-07-11,-0.0037254464937919317,0.004038580007337751,0.008647735611490003,0.01326261937110487,0.017113700182310655
2022-07-12,-0.00283801907483691,0.00293818994727552,0.007482207403722514,0.01188337429298218,0.015596847011124008
2022-07-13,-0.0032144530543881827,0.003857500826295407,0.00837995646359297,0.012637967168845847,0.016130609149304448
2022-07-14,-0.00308199259549457,0.005023355094984915,0.008979921081586639,0.0126360082763897,0.015631280670674062
2022-07-15,-0.0027878882584573563,0.00445794826058272,0.008394439985693732,0.012206008942091243,0.015557316106280068
2022-07-18,-0.002154933903848224,0.004887826033157134,0.009154849395779856,0.012911218784668601,0.016337098042024708
2022-07-19,-0.002271748397393965,0.005716304530668107,0.009751441286262659,0.013183965226580304,0.016257315407314968
2022-07-20,-0.001846280810924138,0.005409764075454857,0.009697655340528888,0.013020400368616824,0.01610590876647942
2022-07-21,-0.00034251190792084803,0.005829219344370367,0.01020535547489442,0.013546979266927923,0.01649574990055587
2022-07-22,-0.000507423714464592,0.0038776300661906983,0.007683520544405251,0.011003481402450459,0.014405040179551585
2022-07-25,-0.00017006648932442697,0.004241851904738203,0.00792922769353547,0.011594895227176516,0.01509059297945959
2022-07-26,0.00014717239131448,0.0030926991207634643,0.006430339310302591,0.010099462673032428,0.013927163085799117
2022-07-27,0.000398064558789796,0.0035142295868338903,0.006675201419304591,0.010222210639902968,0.013968006113281552
2022-07-28,0.000215218473086418,0.002279899572195516,0.005028844965641142,0.00895554261778805,0.012910725321746655
2022-07-29,0.00044356205027923997,0.002543910607748882,0.005513337349658584,0.009285120977525079,0.012965476114540584
2022-08-01,0.000852007759287816,0.00206210462690846,0.004804126805086621,0.008500118733517295,0.012226768337080808
2022-08-02,5.4274218572554007e-05,0.002346754247057516,0.00462850280466899,0.008329552829008375,0.011846639769486285
2022-08-03,3.2352381044833e-05,0.003457380873305089,0.0059422129652672954,0.009255822947200024,0.012274234730503587
2022-08-04,0.000389760440267363,0.0031596308463691792,0.005322839569168982,0.008811183128928172,0.012169073823524229
2022-08-05,0.00044581298757473403,0.00430584908970558,0.0064959294387616495,0.009655672822496743,0.01303067525308808
2022-08-08,0.000501031681507555,0.00392520218158574,0.006128368402555111,0.00941478856040774,0.012802505312085266
2022-08-09,0.000669744958850722,0.004593522948865773,0.006873626086637569,0.0101087570882033,0.013564411068233619
2022-08-10,0.000566400345711777,0.004009288006593223,0.006161498399820546,0.009400150970600554,0.012787366244098954
2022-08-11,0.0006320584436558089,0.004297783408322031,0.006589943489348045,0.010058343118643918,0.013580690019407022
2022-08-12,0.000616413460885216,0.004472355062487843,0.006824983604108868,0.01036432717911,0.014134351633631637
2022-08-15,0.000993387765564142,0.004368989823936386,0.006783298864103031,0.009765341543768829,0.0132997949850686
2022-08-16,0.000900439809235624,0.004741722948702058,0.007122620813782241,0.01056658086364452,0.014397065713494646
2022-08-17,0.000783979850587384,0.006364130651496627,0.008384938096154499,0.011376288205659262,0.014880580601160516
2022-08-18,0.000967538803740941,0.00667685743619475,0.008710831478991352,0.011587731159949677,0.014773529174812183
2022-08-19,0.00102850771368284,0.007322906271220644,0.009805145417936983,0.012943268073026863,0.015572062567137784
2022-08-22,-0.0005163514668176769,0.007977765397950237,0.010480474342959728,0.013368816418153266,0.015986812143250907
2022-08-23,-0.00113157872660031,0.00824596071427095,0.011197449447440366,0.014136670721554494,0.016548805853736172
2022-08-24,-0.001999800060017325,0.008442686900836867,0.011498628419266197,0.014417640801554464,0.016733442559856183
2022-08-25,-0.0026661316777437786,0.007731331466604079,0.010930558290036307,0.014229719599473691,0.016748696677427934
2022-08-26,-0.002890268603488901,0.008822836426417825,0.011871071962997836,0.01517125191268235,0.01783042004577608
2022-08-29,-0.0023724941634875128,0.009687377921993433,0.013017090879748512,0.016057037105909503,0.018487151055705465
2022-08-30,-0.0014136990525507051,0.009910933484952587,0.01297238713794023,0.015329349273079823,0.017381226936037063
2022-08-31,-0.001909556699317214,0.010755895221438924,0.01364827344480342,0.01571382059522819,0.017581548369963045
2022-09-01,-0.0014026151721673668,0.01071420116302356,0.013816842597437198,0.016374362950548536,0.018781539035614057
2022-09-02,-0.001163784412542949,0.00978366094840494,0.012701905593695455,0.015440424780596556,0.018238781213026415
2022-09-05,-0.000709419481454962,0.01006273521657424,0.013560211546768307,0.01629225267260784,0.018812772219909908
2022-09-06,-0.000714800527834622,0.01001828262410104,0.013413072392008285,0.016822264297143997,0.02002500603497822
2022-09-07,-0.000105436870341972,0.008827529867824424,0.01336119406076889,0.01615695937695056,0.018078246175222988
2022-09-08,0.000895215561546272,0.010085898110864164,0.01401309183945776,0.01669993818161332,0.01857718599471415
2022-09-09,0.001301527523313361,0.011944739168797564,0.015022396721931418,0.01748031891349503,0.01929998826326095
2022-09-12,0.00402592033258121,0.012029409655619787,0.014647475299503228,0.017101703681378547,0.01902757977019184
2022-09-13,0.003986723161869827,0.012885520518595577,0.01564900587847232,0.017784639540540544,0.019397862428555724
2022-09-14,0.003722997830304795,0.013030152924592215,0.01599998437236022,0.017889513143332224,0.01921677832690276
2022-09-15,0.004153741372062813,0.013754707982924606,0.016094324286726584,0.017660693854223097,0.018808606496872635
2022-09-16,0.004127466452301362,0.014520247492905076,0.017045927086680512,0.018200708250695263,0.018975305040451137
2022-09-19,0.004905212717538045,0.014609124317361897,0.016958651309851053,0.018447143294710852,0.019454527903982204
2022-09-20,0.0053077184581995064,0.016138090171454077,0.018402490031181835,0.01984118966152237,0.020820393135456222
2022-09-21,0.0053156270464632185,0.0162103824867088,0.018037545699866108,0.019139652591579667,0.019885986421688054
2022-09-22,0.006080583703620404,0.01747941824640474,0.01903186747687069,0.019926230873741704,0.020530376121743625
2022-09-23,0.006240451828425897,0.018146768785320344,0.019554069756701254,0.020150525783280634,0.020549737921652777
2022-09-26,0.006667053648997756,0.01868977705683478,0.02026670788783916,0.02092629043945399,0.0213673062728023
2022-09-27,0.0057552943112504275,0.018867192043588565,0.020801859116232602,0.02182902996637207,0.022522321254745504
2022-09-28,0.00615672031319857,0.017784891769851482,0.020373831290254146,0.02195363054597596,0.02302716715724029
2022-09-29,0.006629214721965058,0.017967836028619483,0.020869088714855214,0.02252502887725718,0.02364659999603082
2022-09-30,0.006738568677022582,0.01666218629263229,0.019531034424616275,0.021347734803807042,0.02257949120491504
2022-10-03,0.007094736147846503,0.016021755567912896,0.018463458670257712,0.020446937130494645,0.02181220683338831
2022-10-04,0.006784298314109867,0.014885984061504232,0.017266293867774948,0.019360584837570124,0.020814276679098968
2022-10-05,0.006707749166616193,0.0155954502423572,0.01821217219145841,0.02039070883668442,0.021889980408566722
2022-10-06,0.006077255941802252,0.017044343200207604,0.018970658355207982,0.02150407188219638,0.021418016662793277
2022-10-07,0.006553194757380888,0.01795358400889012,0.020027052269064826,0.02278110272844579,0.022222997091178302
2022-10-10,0.00702542877020852,0.017649356967305192,0.01998963695142907,0.02308000918558733,0.022839297272185623
2022-10-11,0.007290187243856566,0.018418460361551318,0.021016519824563804,0.024509962186279276,0.024094764413880455
2022-10-12,0.007634151148680723,0.01808553386016209,0.020867258681568406,0.02495448130233568,0.02500760900852521
2022-10-13,0.008304529930892342,0.018664951735060963,0.020928884445310866,0.024518895533362558,0.024742226592454883
2022-10-14,0.008151799035912725,0.01832240082943827,0.020191555538683868,0.023909187555657904,0.0242960759198393
2022-10-17,0.008577279488377155,0.018506720095265786,0.020147525938975907,0.023752770721052804,0.02378910219688222
2022-10-18,0.008649017014614954,0.019037067953834336,0.020406723173925202,0.023649471460617782,0.023893235848523563
2022-10-19,0.0087347591810968,0.02038661790069524,0.021649311275456287,0.02443987972632435,0.02418534231111048
2022-10-20,0.008852994079663872,0.02095670331544454,0.0221389463060363,0.02507453193890448,0.024913796880069682
2022-10-21,0.008954797120786239,0.02058615316587561,0.02211598422925769,0.025453658067551062,0.025399104619659975
2022-10-24,0.008905845846581141,0.019923679676098607,0.021082658736507526,0.02419957817957787,0.02433638951235761
2022-10-25,0.008727641556893284,0.01941044667170163,0.02020430929423675,0.02286171709818138,0.02293601358691963
2022-10-26,0.009120118894834548,0.01940309370631436,0.01998238121857284,0.02267223634373684,0.022548645723097126
2022-10-27,0.009794681185299872,0.018644542593872965,0.01888205667428749,0.021648593546966497,0.021947562686067356
2022-10-28,0.010221032860242698,0.018698075731858242,0.01914885686093089,0.02184664819909778,0.021734961499646425
2022-10-31,0.01079827943273028,0.01920292461819309,0.01980470887311009,0.022391387491331124,0.022057160106750507
2022-11-01,0.010583689071675253,0.018869579955011612,0.019634699975975684,0.02253662853998684,0.02234278266883824
2022-11-02,0.010667639294759133,0.018972637618865543,0.019741483749172978,0.02234079288009585,0.021557867157236666
2022-11-03,0.011316792138474332,0.01966152853341309,0.020863405577678372,0.023421246873037607,0.02211739741749108
2022-11-04,0.011527154699744918,0.020325129604837143,0.02126095777757313,0.023707304229652677,0.0222540578430526
2022-11-07,0.011617902126018199,0.02103372136231835,0.0218386815600383,0.024263254933335764,0.02295021977386293
2022-11-08,0.012103407693233197,0.02130112955056374,0.02189404470854368,0.02389448306372367,0.02267544803472308
2022-11-09,0.0121034076932331,0.021301129550563652,0.021894044708543583,0.023894483063723583,0.02267544803472301
2022-11-10,0.012459632373026233,0.019723529416909635,0.0203612813973543,0.021459360958664395,0.0208270314042873
2022-11-11,0.013243286278364403,0.021101425624250027,0.02062441696460663,0.0224068921703696,0.021883158266429937
2022-11-14,0.013945900257090402,0.02087091098942852,0.020275292419533422,0.02208730794106416,0.02165895326537808
2022-11-15,0.013823923931389683,0.021014146577584575,0.020334143250384157,0.021885018253873578,0.021380170540629656
2022-11-16,0.013471298145843464,0.020840086614993057,0.019869024923447796,0.021005971123745377,0.02050385240973115
2022-11-17,0.012793919175957558,0.020612989488610168,0.019906985301282487,0.02136140125611406,0.020489613431794944
2022-11-18,0.013443797157172982,0.02018950084966263,0.01968813025181031,0.02111657762016943,0.020411515782261875
2022-11-21,0.013271013522538238,0.02004777555905578,0.019386604613046806,0.02060945912390832,0.01998609776247419
2022-11-22,0.013023878365692694,0.020457049057857547,0.01971672093030582,0.020766069014188312,0.020080414791090063
2022-11-23,0.013682007546823985,0.020584494834149383,0.01966559845522617,0.020053006231554277,0.019326385042310202
2022-11-24,0.014150780134460372,0.02004722711900357,0.01877469817247697,0.019151664586497988,0.018511534952419185
2022-11-25,0.01423640107610476,0.020954918863775637,0.01974616156351637,0.02033214494573974,0.01917641443167336
2022-11-28,0.013860665850517116,0.02078470592703055,0.01992632671392157,0.020604237064610294,0.01932957347032604
2022-11-29,0.014065315630825057,0.02000685294735888,0.019311989616196523,0.01993549346460935,0.018802523353891737
2022-11-30,0.014616201006223396,0.020378229449647428,0.01959183740223314,0.019939423217948185,0.01862867111044173
2022-12-01,0.014542875067868988,0.01922140242759317,0.018322031397745693,0.01881787444834684,0.017841803311312382
2022-12-02,0.014437896256153292,0.01957771136629288,0.01865568257193211,0.019049654032906472,0.017616448493032864
2022-12-05,0.014274767350655889,0.01990850016047067,0.018875476711229435,0.019170590334828683,0.017293663024473764
2022-12-06,0.01431780411583718,0.019406936410728114,0.018302793192854966,0.018604547473419174,0.016841945890442564
2022-12-07,0.01424493121724396,0.01906255100980616,0.018005076802858483,0.018503101796890305,0.016759106389017443
2022-12-08,0.014620272156820012,0.01929789257221064,0.018261389015111908,0.018799560373123126,0.016872252870580855
2022-12-09,0.015129158909789595,0.02031453341217061,0.0192567590722851,0.019767511755133586,0.01722184287646721
2022-12-12,0.01633820064577441,0.020350246697818028,0.019195598755047266,0.01948572675246092,0.016945288356557172
2022-12-13,0.016099107999062945,0.019767289639652828,0.018817826324989902,0.01934781288298065,0.01708852062006472
2022-12-14,0.016299888203545262,0.01987990765742115,0.019305954818039768,0.02009708006502586,0.017926621009282672
2022-12-15,0.015846686650034972,0.0215306390863348,0.01978569208147707,0.020809908588973868,0.01928807802494711
2022-12-16,0.015926319353981457,0.023530459862640858,0.022130094571815317,0.022415562437179522,0.01925623922794075
2022-12-19,0.0161903937023908,0.02317665015367384,0.02208580498088794,0.022754029100409884,0.02012814210552337
2022-12-20,0.01636923509285827,0.023842690999251674,0.022905212985337,0.023612178080033925,0.02145945013815638
2022-12-21,0.017172922061789445,0.023820105554882284,0.022962993902963778,0.023599884455004504,0.021308472399351297
2022-12-22,0.01769421592356245,0.02449677649324509,0.023753166039160813,0.024420785850656303,0.02185919496458176
2022-12-23,0.017502263414738577,0.024879402870114677,0.024145435674373328,0.02464311874240936,0.022126431048671562
2022-12-27,0.018045056387725505,0.024920564331104175,0.024308587428134035,0.025010535762647668,0.023163836111108047
2022-12-28,0.017894194049379145,0.024961170374074648,0.024319404718911444,0.02522042551102518,0.023657126846904943
2022-12-29,0.0176149088483027,0.025110023221870562,0.024229442479586784,0.025267047773509126,0.023707444983477738
2022-12-30,0.01710095868223659,0.02565336451215762,0.024509074252665523,0.025553135763469653,0.024244608908156207
2023-01-02,0.0180851417849154,0.025829542998750055,0.02443439034125499,0.025182541193176988,0.023316494863313556
2023-01-03,0.019279089917180296,0.02546283778786453,0.023788291871879638,0.024382219286823593,0.02241282544183628
2023-01-04,0.020165088767241542,0.024830089645061292,0.022906470143848553,0.023543646639454043,0.02187694348551164
2023-01-05,0.02096158322339996,0.025383481512088125,0.02361702348150718,0.02415742967111544,0.02241956413344361
2023-01-06,0.020592636515289732,0.025195635795047303,0.02311518688968102,0.023642917157261644,0.021893908715849383
2023-01-09,0.021670146465059496,0.024683140364569284,0.02301506703172143,0.023495358163380532,0.021610287370218428
2023-01-10,0.021470219919124758,0.025165209866934993,0.023269583248481055,0.02359179639439585,0.022041969990895405
2023-01-11,0.021518137908375465,0.02490685499222022,0.02253515051812257,0.02263607933390884,0.02130184069835011
2023-01-12,0.021939491109128156,0.024353470700411144,0.02206111815768414,0.02203747568371912,0.02128042284177627
2023-01-13,0.021985468450675998,0.024178437954723662,0.021800295205551393,0.02170443058846556,0.020844423115525267
2023-01-16,0.02096881758562016,0.02433451054475837,0.021790134661586386,0.021984303733571405,0.021913786400383363
2023-01-17,0.021507166541832844,0.024180513410478062,0.02172734106241585,0.021869190719559287,0.021490624420640328
2023-01-18,0.021970162989408567,0.022841627110997468,0.020662094242703218,0.020324374906750133,0.019158505060815102
2023-01-19,0.021788461164476403,0.023732918577247276,0.020996701131488705,0.0208729232802771,0.020140654202047928
2023-01-20,0.02199418035666984,0.024418335055022476,0.02183905152465788,0.02196191131302154,0.02105675287958551
2023-01-23,0.021889484848159012,0.0245094911579032,0.02216654674485546,0.022418412593930962,0.0215435015542952
2023-01-24,0.021573402359289222,0.024689109028018442,0.022274441702074963,0.02238985335221025,0.02167790680491402
2023-01-25,0.021843541365162623,0.02383698149213637,0.021434942824320444,0.021634176288384446,0.021066973917979803
2023-01-26,0.022312594381206058,0.02430065262899688,0.022140765980977292,0.02226586860624061,0.021288066339578863
2023-01-27,0.02226823413250282,0.02471055684076287,0.02264165976224868,0.022928506476499026,0.02179820487717248
2023-01-30,0.02261110692762748,0.02543510404967572,0.02322220478227675,0.023215959950207234,0.02162945543534337
2023-01-31,0.02221249642342921,0.025071773696943894,0.022894581780535283,0.023217468290096507,0.022022192126995674
2023-02-01,0.022802467103063658,0.02523092110729766,0.023121450728505674,0.023205513555404438,0.02170268270262512
2023-02-02,0.022985427471599585,0.024115555678889424,0.02199795810572021,0.022048234669897943,0.020838347522502482
2023-02-03,0.023142561062981376,0.024148278319108263,0.022101138488019485,0.02223965726290803,0.021301859866439097
2023-02-06,0.022951400074612226,0.024683538902568105,0.02280752733155513,0.023212550429795087,0.022444852783166592
2023-02-07,0.02328429824213053,0.024972408966526086,0.023219706299546446,0.023391587843849003,0.02289980998063286
2023-02-08,0.02354910854536171,0.025893589029066175,0.023749945830205316,0.023855033200027683,0.023545308584840087
2023-02-09,0.023911022803238802,0.025508368316472144,0.02316727740449476,0.02324127957516212,0.022861914408316662
2023-02-10,0.024047880572286382,0.026244977897457045,0.02379738691553089,0.0239608248577462,0.02293723493528298
2023-02-13,0.024625168088532004,0.026756665027041292,0.024125302183242988,0.02406919030818028,0.02282307631550094
2023-02-14,0.025037741093566587,0.027505892299672565,0.024770243516430833,0.024624399335994626,0.023263008569088587
2023-02-15,0.025413763142876,0.027467068493087464,0.025065205911847944,0.02501264310923427,0.02348782996558904
2023-02-16,0.025529494813912628,0.027819962242555726,0.02570741958340084,0.025759667539916337,0.024326721020205107
2023-02-17,0.02546100194908141,0.02753165841778893,0.025115735406668508,0.0251057414553606,0.023829920573127546
2023-02-20,0.025917243710987258,0.02756359997525653,0.02498805761408339,0.02487782138619118,0.023521352007693966
2023-02-21,0.026310056803872293,0.028502222654765177,0.026264178058524407,0.025948665318435933,0.024779892527222843
2023-02-22,0.026144643287793697,0.02820118609068605,0.025893939785457887,0.025754450645752484,0.024564824424033446
2023-02-23,0.026406659301773137,0.02812225332855386,0.02560733507806209,0.02546118410631453,0.024232565853505993
2023-02-24,0.026834082057883544,0.029392259172414486,0.026547060437045703,0.02593268515931665,0.024546669035966882
2023-02-27,0.026810239295942263,0.02955940428720977,0.026655652980694812,0.026205501333041167,0.025069148162045373
2023-02-28,0.026602191894748578,0.030819028976254853,0.02801031371168854,0.027593967440187765,0.02609931010269164
2023-03-01,0.026829105663061233,0.03107496639510386,0.02800068206504322,0.02743558257999496,0.026066004622561458
2023-03-02,0.027160214036638482,0.03092462369186412,0.028102847909548215,0.027885145932242953,0.02613641272236444
2023-03-03,0.027291969287184435,0.031235908566897425,0.028057095814537688,0.02761844112868192,0.025908525759208594
2023-03-06,0.02680390014864595,0.032125573747170504,0.02881660369239119,0.028053553887459098,0.02611225742565506
2023-03-07,0.027138038940126067,0.03165240311941172,0.028018903937193265,0.027393520835294182,0.025638148256971055
2023-03-08,0.02735311891856365,0.03193923108635078,0.028126150824393795,0.027013173288647958,0.02489599874368899
2023-03-09,0.027506210940283937,0.03166973721152225,0.028069020763252305,0.027184848371954805,0.02531639035563372
2023-03-10,0.027605412871896995,0.029391974219533577,0.026031810373269702,0.02525408734620048,0.023972806158666926
2023-03-13,0.026376570657348743,0.02582924545124204,0.022935317034849193,0.02297744556190855,0.022343503009045734
2023-03-14,0.026382120641849707,0.028504683261661178,0.02534777853152033,0.02516178106187451,0.023683149846751617
2023-03-15,0.026006199415090206,0.024157954055747447,0.022222941144036935,0.022515356686146338,0.021801222425595564
2023-03-16,0.027089217172415067,0.024729174732066605,0.022479938379552377,0.022711308220799042,0.0222447004931717
2023-03-17,0.02708533657373632,0.02369973346543386,0.021674576225293517,0.021946188355104233,0.021162363456686165
2023-03-20,0.026500511944140527,0.022723030397636002,0.021083149382660017,0.022058997607419206,0.02158999359321129
2023-03-21,0.02797757284422415,0.024551119661234952,0.022663529658111817,0.023325887667031343,0.02241496344679556
2023-03-22,0.02818226360563205,0.026379975983530743,0.024018599124023387,0.024376814186145727,0.023085133485398156
2023-03-23,0.028025872649317524,0.02484183460951104,0.022464950870405963,0.02319662673600908,0.022786224161448283
2023-03-24,0.027934221557875904,0.02304047185589156,0.02099508834785351,0.02204084023237307,0.021803310094645284
2023-03-27,0.02746874234444872,0.024779187277228068,0.02255868536048327,0.02348881150064657,0.023162158314850828
2023-03-28,0.02760608884667074,0.024857530868427423,0.022630418460260922,0.02350994641942642,0.02330797554041773
2023-03-29,0.027463202514627857,0.025414309432926697,0.023158947991938433,0.02395367387134224,0.023652823858897526
2023-03-30,0.02709629129073744,0.026657864794138647,0.0239474049990871,0.02448975026312797,0.02403348559054666
2023-03-31,0.027535278523063006,0.026178698624258402,0.023535880522417018,0.024053734039225585,0.02358119580350894
2023-04-03,0.027508150408530878,0.026273474139960062,0.023396817430383906,0.023870350652699122,0.023153112711956948
2023-04-04,0.02770934158046927,0.026356119444608198,0.023577092019814685,0.024151327410116035,0.023483887827488968
2023-04-05,0.02847552865209431,0.025015018310474712,0.02235879421933426,0.02303020825455385,0.022845512524052446
2023-04-06,0.02789622483580847,0.024693855880900277,0.02189220030910026,0.022507279677843522,0.02236777311847879
2023-04-11,0.02803429310592933,0.026219386796213738,0.02333715230318485,0.023845092779626337,0.023388553221441767
2023-04-12,0.02817753212498034,0.026898515579233964,0.02389259596376061,0.02435996832578673,0.02418315777638878
2023-04-13,0.028762638260806384,0.026758730124022394,0.02387280748129037,0.024437101043278554,0.023884223888802836
2023-04-14,0.029074259583486167,0.027721003136868424,0.02441188354153654,0.02472042030647635,0.024288060898250367
2023-04-17,0.029305161147028202,0.02794299125300649,0.02481268603065093,0.025477121132204888,0.025219026727517954
2023-04-18,0.028773650352446455,0.028027190806913023,0.024765003407791548,0.025510986395686084,0.02465363862692441
2023-04-19,0.0280693797182754,0.02876840210382918,0.0253490804738893,0.02590685961890101,0.024750251302519573
2023-04-20,0.028836859043518674,0.028369815110996784,0.025011711530798425,0.025733433850969538,0.02459508237084913
2023-04-21,0.02884096194724369,0.028448744048913434,0.02509847921186445,0.02584085999585133,0.0247911955240071
2023-04-24,0.028929636597150612,0.028732306526678977,0.02522310369226034,0.02586948147094005,0.02483814889536251
2023-04-25,0.02932358690217414,0.02765111287626422,0.024345530104256833,0.02505199817529581,0.024218167998530767
2023-04-26,0.029125353534627467,0.026950072587995644,0.023697497080768747,0.024638241347235308,0.024163134729729335
2023-04-27,0.028840620531707665,0.027512450355515215,0.024432373660491863,0.02526644670195402,0.02479568064754145
2023-04-28,0.028810361932234626,0.026848043965691053,0.023704337532024323,0.0244444454302699,0.02403771738390286
2023-05-02,0.028894050387875635,0.026927415498791043,0.023686436699920682,0.024481276767443272,0.0238819114348412
2023-05-03,0.028781182935125316,0.02563151661274414,0.022486821796432563,0.02344989810855426,0.023472137977912637
2023-05-04,0.029390428694642177,0.025553335300283496,0.02256379797801447,0.023586600249053947,0.023860000317015823
2023-05-05,0.029428767141992863,0.025031414451536938,0.0224594268618135,0.023848229445658987,0.024461496615918808
2023-05-08,0.029523672921072407,0.025678561174972647,0.02291519770196512,0.02424054778476,0.024682241638707678
2023-05-09,0.02988487832391328,0.025728564059632548,0.02291237368070024,0.02424662062081823,0.0248356851934499
2023-05-10,0.029464146174534852,0.025129548023184397,0.022423635634825512,0.023834451856299198,0.02453913893056516
2023-05-11,0.02994991533350663,0.024625312293756498,0.021748360478744802,0.023055688137903346,0.023734812057430218
2023-05-12,0.030401067088567088,0.025155727016596314,0.022144081919150353,0.02343937983270325,0.02416466053813572
2023-05-15,0.029838565564112112,0.025446029134814304,0.022582593363087926,0.024043196166894695,0.024705841284186937
2023-05-16,0.02954243913485214,0.02561432719568333,0.022732235431858882,0.02421305039856424,0.02510662877777901
2023-05-17,0.030200894708447425,0.026000707891195223,0.02297998005850764,0.024280734692060865,0.025045444011818425
2023-05-18,0.030225769584359758,0.0267928689239477,0.023713777052424674,0.02517093697814986,0.02611310095743273
2023-05-19,0.030707771623,0.027471737737000002,0.024480870138,0.02574757246,0.026584889509999998
2023-05-22,0.030218370246,0.027279288532,0.024452070507,0.025547422271,0.025863762546
2023-05-23,0.030765355229,0.027872740983,0.024967208849000003,0.025572139941,0.02643439125
2023-05-24,0.030269021775,0.027467516756,0.024314969981000002,0.025357380252000003,0.025525671397999997
2023-05-25,0.030747697130999996,0.028093492376000003,0.024832451816000002,0.025851148774,0.025663750835000002
2023-05-26,0.03062471134,0.028494210987,0.025281984956,0.026225550772,0.026234430221
2023-05-29,0.030257254964999997,0.028356765135000003,0.024836750772,0.025418197439,0.025052566611999998
2023-05-30,0.03035419981,0.027775186808,0.023973641905,0.024603335071,0.025161991401999997
2023-05-31,0.030744623518999998,0.026441031237,0.022850256630999998,0.023837639733999997,0.024426846857
2023-06-01,0.030907345674,0.026218620709999998,0.022657758299,0.023525142584,0.024202920099999997
2023-06-02,0.031386333877,0.027101764811,0.023199306095,0.023991278931,0.024729565819
2023-06-05,0.031723970815,0.028103150572,0.024161308827000003,0.024795904910000003,0.025299371648000002
2023-06-06,0.031582124153999996,0.027772506473999998,0.02372899333,0.024666990139,0.025468405221000003
2023-06-07,0.031814965689000003,0.02814904492,0.024144955383000002,0.024775996926,0.025219701287
2023-06-08,0.03197261394,0.028156737674,0.024248283500999997,0.025008032136999998,0.025747115155000003
2023-06-09,0.032129381862000005,0.028517067479999998,0.0243537318,0.024973687502000002,0.025311279085
2023-06-12,0.031988547555,0.028282479493,0.024150210504,0.024729858263,0.025238929868
2023-06-13,0.032333159159,0.02879761289,0.024529696405000002,0.024993327518,0.025338323357000002
2023-06-14,0.032584231062,0.029274793647999998,0.025117455761,0.025475095593,0.02564428032
2023-06-15,0.033228917113,0.029810342345,0.025353623034999998,0.025361437389,0.025086079672
2023-06-16,0.033211541238,0.030461809705,0.025702677145,0.025521340864,0.02492065376
2023-06-19,0.033272768288,0.030491716145,0.02607042917,0.02589633066,0.025499309131
2023-06-20,0.032975254786,0.030586385716999998,0.025606260579999998,0.025060306180000002,0.024441951549
2023-06-21,0.032926703386,0.030874790329,0.025592231399,0.025167563336,0.024699801593
2023-06-22,0.033165799013,0.031331520191,0.026046462476999998,0.025519367845,0.024344776104
2023-06-23,0.03310468936,0.030262011383999997,0.024712579523,0.024134357814,0.023568449835999997
2023-06-26,0.033186509357,0.030240954207,0.024668884633,0.024126217121,0.0236003875
2023-06-27,0.033501990698,0.030181871169,0.024465540014,0.023751722746,0.023226318224
2023-06-28,0.033710891626,0.030438746421,0.024839382149000003,0.024030967939,0.023527468973999998
2023-06-29,0.033761788009,0.030941406989,0.025270914785,0.024574849868,0.024056624882
2023-06-30,0.033890883486,0.031194082381,0.025754168881999998,0.025070983224,0.024020952909000002
2023-07-03,0.033896751642,0.031278154899,0.025731941818,0.024839268966,0.023266295106
2023-07-04,0.034268204852,0.031379404893,0.025989166632,0.025098375535000002,0.023987760969999997
2023-07-05,0.034671972467,0.031022951761000003,0.02586687225,0.025176156948,0.024207214146
2023-07-06,0.03464442945,0.032281563247,0.027187995003999998,0.02647373604,0.025464107751
2023-07-07,0.034523528567,0.031791189338,0.027273449918,0.026907802964999998,0.025931921975
2023-07-10,0.034861188587,0.031796892627,0.027432357004,0.027256122132999997,0.025916877563
2023-07-11,0.034736532383,0.032061389059,0.027536985517,0.027318971902000003,0.026015357902999997
2023-07-12,0.035014138529999995,0.031939926581,0.027340212151,0.026826236171,0.025817193855
2023-07-13,0.035119412016,0.030970746443,0.02628414276,0.025723437997,0.024715434021000002
2023-07-14,0.035167757427,0.030844499382000002,0.025724447624,0.025263080146,0.024967335277
2023-07-17,0.035051653169,0.031144875226000002,0.025870264157,0.025379481465,0.024966395325
2023-07-18,0.034927777576999997,0.029994428532000003,0.024737191663,0.024392947598000002,0.024037313082999997
2023-07-19,0.034189175034,0.030135869229000002,0.024829430229999998,0.024601343080999996,0.024046491516000003
2023-07-20,0.034538786354000005,0.031096135054,0.025818382767000003,0.025317575205999997,0.024408114061
2023-07-21,0.034170768909000004,0.030692936147999998,0.025327463786000003,0.025046864024,0.024329851981999998
2023-07-24,0.03448005866,0.030134729353,0.025227342317999998,0.025058932842,0.023838634613
2023-07-25,0.034574756864,0.030261300337999997,0.025127658863,0.024953210537,0.024515860062999998
2023-07-26,0.034153826917,0.031032051396,0.025770894314000002,0.02532469516,0.024746780636999997
2023-07-27,0.034348661562,0.030132001127999998,0.025150125845,0.024930874937,0.024479994794
2023-07-28,0.034262500923000004,0.030319643724,0.025371039021000002,0.025420333973,0.025492253288
2023-07-31,0.034786343969,0.030155475323999998,0.025346553551,0.025434072241,0.025502692798000003
2023-08-01,0.034839281185,0.030373738202,0.025404217309,0.025450256148000002,0.026173519489
2023-08-02,0.034800130493,0.029597561893,0.025211132688,0.025697675859000003,0.026035828379
2023-08-03,0.03447755298,0.029364916411,0.025637777123999998,0.026633518518999998,0.026376943357
2023-08-04,0.034752264512,0.029998271575,0.026097613054,0.02663754606,0.026070921521
2023-08-07,0.034491005777999996,0.029500983445000004,0.025704441125,0.026592784724,0.026409625603000003
2023-08-08,0.034422432232000005,0.028769242493,0.024704250512,0.025236080032,0.025242320735
2023-08-09,0.034320143906,0.029263636467,0.025104924104,0.025678933482,0.025678579376
2023-08-10,0.034203446990000004,0.029381063930999998,0.025225553600000002,0.025782225133000002,0.025665686207
2023-08-11,0.034224528165999996,0.029688141510000002,0.025954019742,0.026884603793999998,0.026450432834
2023-08-14,0.03444382696,0.030002788884,0.026116091379,0.026924764114,0.026804824765
2023-08-15,0.034515056767,0.030593355164,0.026737599940000002,0.027492159061,0.026952866679
2023-08-16,0.034705992692000004,0.030305812298,0.026496553772,0.027263347302,0.026782661787999998
2023-08-17,0.034476744015,0.030497014785,0.02676504078,0.027599443482,0.027223982554999998
2023-08-18,0.035373943392,0.029635257789999998,0.02610450166,0.027153016552000003,0.026218725573
2023-08-21,0.03466288269,0.030394879713,0.02660707345,0.027498040078,0.027462699614
2023-08-22,0.035097727731,0.030446173245,0.026507097827,0.027348478192,0.02703841032
2023-08-23,0.034983959097,0.02934804265,0.025112677059999998,0.025961695834,0.025880104652
2023-08-24,0.034663395816,0.029513054485999998,0.025330692227,0.026010297108999998,0.025641871695
2023-08-25,0.034723205786,0.029918215004,0.025605192108,0.026219908077,0.026034166572
2023-08-28,0.035063514474,0.030095787621,0.025715008615,0.026346870167000002,0.026174066827
2023-08-29,0.035075135845,0.030461419089000002,0.025943097202000002,0.026397873111,0.026168189110000004
2023-08-30,0.034741955551,0.030078964075000002,0.025440322922,0.026075873919,0.025973131357
2023-08-31,0.03461452465,0.029548772685000002,0.025164739859999997,0.025706069449000002,0.02549264631
2023-09-01,0.033838210437,0.029158876556000003,0.025398042037000003,0.026278747898,0.025985868967
2023-09-04,0.034610640178,0.029621661499999997,0.025636497134,0.026385322093,0.026716433051
2023-09-05,0.034389049981,0.029756205578000003,0.025792264054,0.026680758478,0.027172935573
2023-09-06,0.034632084985,0.030172667986,0.026073679861999998,0.026783721017,0.027196880088
2023-09-07,0.034952636895,0.030539134053,0.026618687336,0.027128876583000002,0.026888537286999997
2023-09-08,0.035059269914999996,0.030298050404,0.026383519331,0.02684847041,0.026569215537
2023-09-11,0.034988834818,0.030247079348,0.026198595603000002,0.026896912526,0.027290040690000003
2023-09-12,0.035459648148,0.030456917307000002,0.026339777550000002,0.027011827425999998,0.027393103931999997
2023-09-13,0.035555825966,0.030857729928,0.026561688239,0.027131078162,0.027201951323000004
2023-09-14,0.036089313716,0.030858386268000002,0.026346336884,0.026842987583,0.027009731162000002
2023-09-15,0.035843325338,0.031408985551,0.026774069626,0.027349477926999998,0.027889844826
2023-09-18,0.036094157286,0.031933303353,0.027441877278,0.027881726159000003,0.02803349295
2023-09-19,0.03609589773,0.032157679102,0.027627678209,0.028076747104000002,0.028079319194000002
2023-09-20,0.036754967219,0.031974932651,0.027361700835999998,0.027657704991,0.028372095734
2023-09-21,0.037080952075,0.032096075111,0.027634822900999997,0.028225524569,0.028534532281999998
2023-09-22,0.036385493783,0.031857524853,0.027397569482000002,0.028196368903,0.028644918967000003
2023-09-25,0.036610406965,0.031999134289,0.027772086602,0.028669855682,0.029190480409
2023-09-26,0.036561290459,0.031883778339,0.027764656205999997,0.028708600458000003,0.02927545254
2023-09-27,0.036640986143,0.031735727157,0.027634821397,0.028599938456,0.029269208571999997
2023-09-28,0.036792798665,0.032565522841,0.029118122636999998,0.030333501699,0.031180323872
2023-09-29,0.037005150409,0.031572218833,0.027784801285,0.028762763259000002,0.029746297035
2023-10-02,0.037204038851,0.031711296866,0.028145109350999998,0.029328354324,0.03054790541
2023-10-03,0.037466737192,0.031649616523,0.028342952855000002,0.029641872265,0.031389754265
2023-10-04,0.037332808789,0.031955840764,0.028640786084,0.029925401129,0.031687787733
2023-10-05,0.03770750824,0.031187784649000003,0.028079875387,0.029472925432000002,0.031273126623
2023-10-06,0.037960991367,0.031028853198,0.028168896976000002,0.029604325215,0.031488685889
2023-10-09,0.037880609643,0.030521526216999998,0.027525118309,0.028738935511,0.030881390941000002
2023-10-10,0.038233529387999995,0.030514113255000003,0.027444297643,0.028643948716,0.030850877025
2023-10-11,0.038099356125999996,0.030614074113,0.026889462396999998,0.027561586862,0.029305302573
2023-10-12,0.037839186289,0.030935073995,0.027116306054,0.027938537924,0.029917789421
2023-10-13,0.037631408354,0.030527420436,0.027539921428000002,0.028835732133,0.028626407286
2023-10-16,0.037276437666,0.0308895947,0.027346514981999998,0.028620178446,0.029981099197
2023-10-17,0.036871967207,0.031621624987,0.027940708648000002,0.029370802435,0.030904606031
2023-10-18,0.036967101376999996,0.031703723649,0.028052852926,0.029527097575,0.03108299582
2023-10-19,0.037188935874000004,0.03200917778,0.028707208283,0.030011097622,0.030560491547000003
2023-10-20,0.037363855782,0.031165339022,0.027997501198,0.029495121221,0.030953984443999997
2023-10-23,0.037440471862,0.031484631297,0.028308108644,0.029765842729,0.031206034900000002
2023-10-24,0.037823415116,0.030950318402,0.027644816875,0.028932419598,0.030617954003999998
2023-10-25,0.037801895668999996,0.031016687815,0.027778029652999997,0.029189824463999998,0.031243047288
2023-10-26,0.037746213031,0.030572836914,0.027482862269,0.029033934306,0.031309030596
2023-10-27,0.037754033669,0.030392520295,0.027373039026999998,0.028984970075,0.031455764134
2023-10-30,0.037874240715,0.030290351186,0.0274116386,0.029012196761000003,0.031465722136999996
2023-10-31,0.038201690872,0.029879266451999998,0.026810645347,0.028226726907,0.030889382029
2023-11-01,0.038103822799,0.029764181668,0.026727281997,0.028197946048,0.030999911622999997
2023-11-02,0.038042869831,0.029532301252,0.026215796916,0.027491134356,0.030280815984
2023-11-03,0.037954223859,0.029533432273,0.025876610203,0.027005766639000003,0.029879168293
2023-11-06,0.037891859858000004,0.030049265289,0.026416697486,0.027691646463,0.030815531669
2023-11-07,0.037556682992,0.030134784954999997,0.026122255666999997,0.027184321682000002,0.03009633811
2023-11-08,0.037833054818,0.029855487514000002,0.025823635434,0.026835389676,0.028613010451
2023-11-09,0.037777012021,0.030000366509,0.025897566743,0.027002831579,0.02890823273
2023-11-10,0.037562599082,0.030472267959,0.026233494747,0.027551960877,0.029719228711
2023-11-13,0.03721776019,0.030713345527000002,0.026582018284000003,0.027881690124000002,0.030053121858
2023-11-14,0.037013405394,0.030162404940999997,0.025817911423000002,0.026848069954999998,0.028764003682
2023-11-15,0.037564511136999996,0.029767360733,0.025661032755,0.026871053051,0.028934340030999997
2023-11-16,0.037939271226,0.029380674081,0.025248703556,0.026349265771,0.028297466723
2023-11-17,0.037765881593000004,0.029253266083999998,0.025150490001,0.026413046564,0.028531547827
2023-11-20,0.037610657022,0.029716816977999997,0.025494944361999998,0.026603005277000002,0.028587479071
2023-11-21,0.037323721426,0.029623133778,0.025246216753,0.02624200413,0.028154114815
2023-11-22,0.037315693167,0.029477727578,0.024983917505,0.025855317528,0.027637425166999997
2023-11-23,0.037349654387000004,0.029941343535999997,0.025727555747999998,0.026657392323,0.028483104306000002
2023-11-24,0.036962613112,0.030207169197,0.025929661454,0.026869213104,0.028740952364
2023-11-27,0.037523245929,0.029748875466000003,0.025421365787,0.026289134686,0.028071789261000003
2023-11-28,0.03754842344,0.029113210464999997,0.02497846908,0.025892364669000002,0.027693080611999998
2023-11-29,0.0378660522,0.027922998703999998,0.023862247086,0.024830794966999997,0.027012154885
2023-11-30,0.037830647768,0.028061242814999998,0.024122201423999998,0.025285020009,0.027707087778999998
2023-12-01,0.037441360063,0.027018369649,0.023399063257,0.024797884548,0.0273733503
2023-12-04,0.038008869575,0.026382268674,0.022456917719,0.023892714774,0.026643831122
2023-12-05,0.037809616883000004,0.026304272202,0.022147956834,0.023269332365999998,0.02571394327
2023-12-06,0.036937141523000004,0.026400281518,0.022048109588,0.022782674646,0.024949533906
2023-12-07,0.036954259979,0.026109618289,0.021373961789,0.022353317020999998,0.024957374541
2023-12-08,0.03716734941,0.026870166382999997,0.022511398336,0.023534261872,0.025124790597
2023-12-11,0.037379731719999996,0.026808021842,0.022116268557,0.023371734995,0.024567124976999997
2023-12-12,0.037495863465,0.026846527347000004,0.021976596557999998,0.023068463461999998,0.024283138019999997
2023-12-13,0.037769837681,0.026676521659,0.021490407035999998,0.022525470525,0.023858710637
2023-12-14,0.037394984628,0.025793904722,0.020656181927,0.022116980315,0.023814681068999997
2023-12-15,0.03767065749,0.025667243104000002,0.020125099315,0.021147842384,0.022684654380999997
2023-12-18,0.037787384185,0.025722233274,0.020293451157,0.021553213039,0.023216316355000002
2023-12-19,0.037533215974,0.025350216438999998,0.019823388121,0.020913589612000003,0.022518856909
2023-12-20,0.037533225925,0.025144620976,0.019443723126,0.020466529474000003,0.022085445635999998
2023-12-21,0.037431802673,0.024790505150999998,0.019230086748999998,0.020472863063000002,0.022165514311
2023-12-22,0.037428692499,0.024243853894,0.018603124628,0.020192952065,0.022571308476
2023-12-27,0.037478257514,0.024242101109999997,0.018458067846,0.019876091225,0.02214625475
2023-12-28,0.037839199652,0.024143239472000002,0.018372406279,0.020028420209000003,0.022415656522999997
2023-12-29,0.037829669829000004,0.024363455063,0.01883776479,0.020808856999,0.023475933777
2024-01-02,0.037786432737000004,0.024381982119,0.019220114223,0.021199493570999997,0.023468671493
2024-01-03,0.03817644623,0.024464644861,0.019263521535,0.021214189676,0.023558302625
2024-01-04,0.038200941941,0.024951679082,0.020108799543,0.022072419203,0.024232555037
2024-01-05,0.038631489615,0.025775417300000002,0.020807856995999997,0.022469256583,0.024433477587
2024-01-08,0.038544319625000004,0.025624614331000002,0.020563632831,0.022307313873,0.024451867455
2024-01-09,0.038546306936,0.025599655325,0.020799930031,0.022570451997999997,0.024470429055
2024-01-10,0.038940938065,0.025780494152,0.021069513741,0.022732383194999997,0.024454824439
2024-01-11,0.038402465635,0.025647437385999998,0.020935331762999998,0.022583578868999997,0.024386048979999998
2024-01-12,0.038343443576,0.025251907164,0.020383287109,0.02226207696,0.024508635532
2024-01-15,0.038346457256,0.025544563311999998,0.020847573932999998,0.022810119759,0.024931821219
2024-01-16,0.038467719808999996,0.025579114471,0.020682941043,0.022599486199,0.024852389348999998
2024-01-17,0.039039880408,0.026661449844,0.021744169635,0.023394291534999997,0.025283014878
2024-01-18,0.038736294016000004,0.026768131019,0.021955793034000002,0.023630529629999997,0.025587572535000002
2024-01-19,0.038553676248,0.026601461212,0.022132471364,0.023846269956,0.025391922756
2024-01-22,0.039131318686,0.026444992404,0.021728819542,0.023354762926,0.024801055779999998
2024-01-23,0.039006352075,0.026721226703,0.022144655792,0.023886325322,0.025418036864
2024-01-24,0.038942792031,0.02663037387,0.02207389304,0.023845432402000002,0.025358817835999997
2024-01-25,0.038344734816,0.025950024031,0.02170110325,0.023687528773,0.025236694847000002
2024-01-26,0.038737645604000004,0.025873884106,0.021765066896,0.023883232291,0.025336135314999998
2024-01-29,0.038714146171000004,0.02530533517,0.021040743133,0.023251514995,0.024849390484999997
2024-01-30,0.038383610606,0.025229616619,0.021122401045000003,0.023328476651,0.024952945495
2024-01-31,0.038095334539,0.024737329486999998,0.020473606561,0.0226580157,0.024370589909000002
2024-02-01,0.038120180086,0.024718578156,0.020456301141000003,0.022542621452999997,0.024147666384
2024-02-02,0.03864864135,0.025665608501,0.02101604999,0.022752204759,0.024374513286
2024-02-05,0.038717077419999996,0.026225322872999998,0.02198663458,0.02380938321,0.025209067441
2024-02-06,0.038482945487,0.026304437348,0.022037677707999997,0.023871789716,0.025397768169
2024-02-07,0.03850236402,0.026142635533,0.021881832131,0.023747592768,0.025306669946999996
2024-02-08,0.038446145431,0.026703657991,0.022518302136,0.024271401791,0.025615493296000002
2024-02-09,0.038327680956000004,0.027200920439,0.023028776573,0.02461190883,0.025818431696
2024-02-12,0.038691556935,0.027150454203,0.022924160828,0.024517828411,0.025758056278
2024-02-13,0.038568932787,0.027570764919,0.02323552856,0.024619773052,0.025734041420999998
2024-02-14,0.038591607331,0.027822301815000002,0.023204638686,0.024452051319999998,0.025699361714000002
2024-02-15,0.038456837239,0.027610694685000003,0.02277001002,0.023870546854,0.025259618773
2024-02-16,0.038500142882,0.028339608317999997,0.023747267205,0.024712489514,0.025695045043999998
2024-02-19,0.038517583381999995,0.02836763829,0.023719858553000003,0.024718564079999998,0.025915277351
2024-02-20,0.038326930171,0.027955100414,0.023345791846,0.024409811022999998,0.025519130174
2024-02-21,0.038410404606,0.028245174859,0.023722206656,0.024744667685000003,0.025896023848
2024-02-22,0.038530000507,0.028704212884999997,0.024111254843999997,0.024798051672,0.025579606002
2024-02-23,0.038466409807,0.028509066911,0.02376714514,0.024384341998000002,0.025221851126999997
2024-02-26,0.038525603307,0.029029634890999998,0.024163643949,0.02467280003,0.025602260785
2024-02-27,0.038374657767000005,0.029063723663999997,0.024300291163,0.024929769097,0.025967513924999998
2024-02-28,0.038305229645,0.029113834927000003,0.024487930532,0.025167377375,0.026096970499999997
2024-02-29,0.038240556492,0.029012443273,0.024266519304999998,0.024801097363000003,0.025586960968999997
2024-03-01,0.038291412765000005,0.028997453122,0.024311069172000002,0.025034683242,0.026012204434
2024-03-04,0.038212094396,0.028804907504,0.023796276425,0.024336236988,0.025645413093
2024-03-05,0.03795010383,0.028523626568,0.023314818411,0.023635148956,0.02490351302
2024-03-06,0.038001415761,0.028473304056,0.023241392509,0.023597086823,0.024917879855
2024-03-07,0.038042778567,0.028529528524,0.023165152279,0.023402473323000002,0.024811734305000003
2024-03-08,0.037866302362000004,0.027745423427000003,0.022435003999999998,0.023031809889,0.024636761831
2024-03-11,0.037938756284,0.028039501177,0.022952784263,0.023591203019,0.024976266430999997
2024-03-12,0.038202794987,0.028420235470000003,0.023284908945999997,0.023776217828,0.024885749016
2024-03-13,0.038251422506,0.028389592329000003,0.023451429643,0.024038314531,0.024956661893000002
2024-03-14,0.038268482075,0.028719249526000003,0.024104645977,0.024862550511,0.025577179180999998
2024-03-15,0.038432320302,0.029044036441999998,0.024348296364,0.024946028896,0.025625864199000002
2024-03-18,0.038352041757,0.029015674337,0.024424531320999997,0.025102098433,0.025809688802
2024-03-19,0.038309620737,0.028799697964,0.024070863397,0.024846293611000003,0.025964191737
2024-03-20,0.038358105605,0.028888368353,0.024199464637000002,0.024862311055999998,0.025698802483
2024-03-21,0.038395448873000004,0.028619899929,0.023853671741,0.024697606676000003,0.025878415218000002
2024-03-22,0.037762967894,0.028142077684,0.023092358174999997,0.0237785216,0.025210154921
2024-03-25,0.037644942205000004,0.028436140029,0.023640377318999997,0.024260237468,0.025255308475999997
2024-03-26,0.037570975446,0.028446520188,0.02349448082,0.024049985204,0.025277532978
2024-03-27,0.03758669913,0.027940012216,0.022887461690999998,0.023510584666,0.024714482961
2024-03-28,0.037764951835,0.027981962093999998,0.022989224204,0.02359935488,0.024524034298
2024-04-02,0.037573187535,0.028169937606999998,0.023753355737000003,0.024863921225,0.025874904397
2024-04-03,0.03782291366,0.028340042643,0.02380509645,0.0248413956,0.025843454077999997
2024-04-04,0.037882986601,0.028021367279,0.023210163636,0.024113003171,0.025154401188
2024-04-05,0.037851353007,0.028304301161000002,0.023487480722,0.024361684018999998,0.025504102020000002
2024-04-08,0.037564700556,0.028453378402,0.024029024569000003,0.024923312998,0.025582498738
2024-04-09,0.037895708451,0.02844529147,0.023646418388,0.024321874511,0.025057457055999998
2024-04-10,0.037927198801999996,0.02890368268,0.02407660614,0.02483955421,0.024668415178999998
2024-04-11,0.037823958851000004,0.029001179970000002,0.024322183861,0.025216754850999997,0.025140393437999998
2024-04-12,0.037584590173,0.028092030862000003,0.023133110710999997,0.024069398686,0.024240581227
2024-04-15,0.037070750799,0.028315737776,0.023935662016,0.025043256274,0.025043819133000002
2024-04-16,0.037201449133,0.028579131238,0.02440825202,0.02565459395,0.025682238419
2024-04-17,0.037317959041,0.028689112024,0.024363090987999998,0.0254460631,0.025393779741000003
2024-04-18,0.037226450017,0.028823985611,0.024592118448,0.025551833059,0.025493938957
2024-04-19,0.037249260652,0.02920971954,0.024998048572,0.025772617894,0.025674916749
2024-04-22,0.037171104576,0.028859431272,0.024680343787,0.025694069878,0.025765566326
2024-04-23,0.036982667057,0.028798383983,0.024678213504,0.025613382913,0.025581316907999998
2024-04-24,0.037044268011,0.029343412144,0.025429895543,0.026439607161000002,0.026502422407
2024-04-25,0.037258869368,0.029873046997,0.026031485928000003,0.026968869030999997,0.027012959586999997
2024-04-26,0.03710736459,0.029516982017000003,0.025461222105,0.02623464679,0.026295676511
2024-04-29,0.036991454265,0.029228527419,0.025115450257999997,0.025936184515,0.026071868348999997
2024-04-30,0.037411777031,0.029967567161000002,0.025804911440999997,0.026368704854999998,0.026389541152
2024-05-02,0.037263185502,0.029691102147000003,0.025556573736,0.026192687619,0.026117449955
2024-05-03,0.03673428136,0.029053014011,0.024813898961,0.025459980650000002,0.025604183903
2024-05-06,0.036948075188,0.02909517873,0.024584031301999997,0.025137096838,0.025709659342
2024-05-07,0.036862035297,0.028988787532,0.024341174126,0.024769806555999998,0.025344808438
2024-05-08,0.036802223456,0.02915182553,0.024681074386,0.025155847885,0.025534836058999998
2024-05-09,0.036802341684000005,0.029257582575,0.024887169277,0.025485134906,0.02609353976
2024-05-10,0.036942091026,0.029442451164,0.025093013562,0.025607710993,0.025999098220999998
2024-05-13,0.036873126133,0.029305148009000002,0.024967441621,0.025539771944999998,0.026027070677
2024-05-14,0.036813887886,0.029395315903,0.025216384261,0.025869324297,0.026201431172000002
2024-05-15,0.036844725859,0.028943669893,0.024414608295,0.024997507148000003,0.025693854555
2024-05-16,0.036691773299,0.028959022268,0.024515666795,0.025059329536,0.025561682675999998
2024-05-17,0.036857023208,0.029387147944000002,0.025157963677000003,0.025736443805000002,0.026040246386
2024-05-20,0.036575925738000004,0.029329042182,0.025277642567999997,0.025928737019,0.026100148860000002
2024-05-21,0.036532130737,0.0291930996,0.02504214884,0.0256338861,0.025866907605
2024-05-22,0.036851384341,0.029535232779,0.025381724865,0.025938440854000003,0.026122624541000002
2024-05-23,0.036416897327,0.030028329815,0.026115584967999997,0.026421578714,0.026576342360999997
2024-05-24,0.036827898365,0.030330994089000002,0.026300005442,0.026524141248,0.026651774428
2024-05-27,0.036408178889,0.029737393124999997,0.025672953389,0.025984978774999997,0.026291440123999997
2024-05-28,0.036232163218000005,0.029725027088,0.025823722357999998,0.026248221592,0.026429144361
2024-05-29,0.036630219809,0.030272376639,0.026574760276,0.027193243024,0.027372814277
2024-05-30,0.036505113343,0.030169714126,0.026616439488,0.027374225597,0.027490982257000002
2024-05-31,0.036749981481999996,0.030193484923,0.026425,0.027015587512,0.027191095018000003
2024-06-03,0.036392893217000004,0.029779859651999998,0.025993371395,0.026614829951,0.026795022683999997
2024-06-04,0.035984983761999996,0.029277644372,0.025418873255999997,0.02597435378,0.02614326055
2024-06-05,0.036370047158999996,0.02935561114,0.025232831031999997,0.025676072225,0.025958400713
2024-06-06,0.036033991836,0.029664368423,0.025819989948000003,0.026218140315,0.026370539694
2024-06-07,0.036306394526,0.030231188867,0.026520880405,0.026867722412,0.026758102481
2024-06-10,0.03623477274,0.030191670638,0.026721338922,0.027385184555,0.027344383355
2024-06-11,0.035791536225,0.029634554634999997,0.026174459509000002,0.027075072699999998,0.027459159892
2024-06-12,0.035833432531,0.029281543851,0.025352356289,0.025967936569,0.02668252435
2024-06-13,0.035425648505,0.028987005515,0.025170072468,0.025855197162,0.026569594769
2024-06-14,0.034749196669,0.027627458678,0.023385063584000002,0.024086873262,0.025312073346
2024-06-17,0.034627567125,0.027914537869,0.024049070635,0.024874036276,0.025613504318000004
2024-06-18,0.034717578345,0.027938622283,0.024006176251000003,0.02476220875,0.025460495592
2024-06-19,0.034909081137,0.028108394712,0.024080358882,0.024754923156,0.025568304826
2024-06-20,0.034468027123999996,0.028161233418,0.024394009634999998,0.025093927539,0.025929496311000003
2024-06-21,0.034169069961,0.027675013428000002,0.023759206934,0.024501759972000003,0.025827258968
2024-06-24,0.034530082862999995,0.028073327872,0.024105655503,0.024790816716,0.026191760204
2024-06-25,0.034518951805,0.027992322474,0.023874827711000003,0.024437824241,0.026171454296
2024-06-26,0.034374977936,0.028076536726999998,0.024206417506000003,0.024887604599,0.026293569299
2024-06-27,0.034263753812,0.02809586269,0.024250807091,0.024895226334,0.026346425664
2024-06-28,0.034139704289,0.027993707466000002,0.024234186491999998,0.025019106798,0.026401395083
2024-07-01,0.034360616329,0.028738448080999998,0.025420667940000002,0.026351168331,0.027240767355
2024-07-02,0.034488868682,0.028849534405,0.025420282327,0.02625718203,0.027501954833
2024-07-03,0.034767408685,0.029017080189,0.025495227005,0.026278943813,0.027468189278000002
2024-07-04,0.034530695214,0.028941333561999998,0.025505906489000002,0.026237373697,0.027222474103
2024-07-05,0.03437296269,0.028742369158000002,0.025254465578,0.025996836001,0.027096870624
2024-07-08,0.034240199729,0.02843711286,0.024907274583999998,0.025707227465,0.026643299782
2024-07-09,0.034367769395,0.028615695202000004,0.025140133873,0.025941446777000002,0.026676870612
2024-07-10,0.034551350814,0.028584445118000002,0.024878428026,0.025570724352999997,0.026559855543
2024-07-11,0.034182762487,0.027946898478,0.024143403861,0.024981105110000002,0.026307056494
2024-07-12,0.034582287607,0.028310235521,0.024414948608000003,0.025167895000999998,0.026541305075
2024-07-15,0.033961125243,0.027754653648,0.024104853141999998,0.025140039627,0.026367717266000002
2024-07-16,0.03409145963,0.027614783971,0.023734084568,0.024645170295,0.025937193251999998
2024-07-17,0.034232257758000005,0.027626279177,0.023700578799,0.024612971986,0.025760644426
2024-07-18,0.034202461529,0.027456871834999997,0.023436235462,0.024367519932000002,0.025751223913999997
2024-07-19,0.034164779005,0.027681083282999997,0.023882280423000002,0.024965557827,0.026446515535000003
2024-07-22,0.034097539174,0.027666766314000002,0.023990595737999998,0.025105437773000002,0.026119108648
2024-07-23,0.034332791992999996,0.027539063343,0.023630648020999998,0.024776943683,0.026092329714
2024-07-24,0.034172646895,0.02721389585,0.023327621104,0.024715110513999997,0.026303992628
2024-07-25,0.034196522099,0.027027505058,0.022961050790000003,0.024339080215000003,0.026282938735
2024-07-26,0.033865974255,0.026906245201,0.022945165243000002,0.024245461771999998,0.026000953086
2024-07-29,0.033367959834000004,0.026688958534,0.022805908243,0.023896297176,0.025393982237000002
2024-07-30,0.033093182852999996,0.026109896462,0.022177051767,0.023544882773,0.025479549557999998
2024-07-31,0.032890781011,0.025822152139,0.021876895938,0.023290703135,0.025163532791
2024-08-01,0.033026812409,0.025606727906,0.021419216255,0.022814312550000004,0.024878559356
2024-08-02,0.032204771027,0.024705683801,0.020504088142999997,0.021969689437,0.024266161124
2024-08-05,0.032272944104,0.023095484768,0.019989695315,0.022355219221,0.023312081721
2024-08-06,0.033178226885,0.023366425227000002,0.020387262543000002,0.022599321468000002,0.023429967402
2024-08-07,0.033370613368,0.024235840543,0.021372918740000003,0.023652137269999998,0.024585220292000002
2024-08-08,0.033258213599,0.024313380332,0.021245404623,0.023631468252,0.024535479178999998
2024-08-09,0.033354587677,0.024002093268000003,0.020868031989000002,0.023179681698999997,0.024124367662
2024-08-12,0.033443585339,0.024018433468999997,0.020923792809999998,0.023271464976999997,0.024179481608
2024-08-13,0.033268671412,0.023682264916000003,0.020551867046,0.022926891188,0.023910790308999997
2024-08-14,0.033381643551,0.023650988634,0.020528959338,0.022853210792,0.023743137945999998
2024-08-15,0.033313194648,0.024398204079,0.021342211151,0.023521344146,0.0243969777
2024-08-16,0.033154369008,0.024216635162,0.021339565238999998,0.023349911132000002,0.024297532755
2024-08-19,0.033213890525,0.024232229273,0.021437053244,0.023506021122,0.024348170145
2024-08-20,0.033165951585,0.023907306734,0.021174979471,0.02326133018,0.024201015885
2024-08-21,0.033087163918,0.023497079812,0.020975323699,0.023059555781,0.024204932686000002
2024-08-22,0.032834670802,0.023542595388,0.021138374145,0.023222276477000002,0.024298949353
2024-08-23,0.032789268996,0.023811689290000004,0.021230561225,0.023545848339000003,0.024134477419000003
2024-08-26,0.03288158207,0.02369541087,0.021229336103,0.023611574784,0.024223284847
2024-08-27,0.032882033148,0.023926134933,0.021478983224000003,0.02397613636,0.024651321677
2024-08-28,0.032711971658,0.023545063473000002,0.021289841464000002,0.023663694885000003,0.024365884822
2024-08-29,0.032641727020000004,0.023180484558,0.021275074155000004,0.023795267523999998,0.024569686353
2024-08-30,0.032588750289,0.023591456102000002,0.021401159754,0.023888297668999997,0.024435875828
2024-09-02,0.032658925172,0.023984183282,0.021933531652000002,0.024485558581000003,0.025108044021000003
2024-09-03,0.032905038586,0.023811621340000002,0.021395551693,0.023718172551,0.024382511021000003
2024-09-04,0.033033647825,0.023375777022999998,0.020776722911,0.023230518592,0.024404582798
2024-09-05,0.033030454526,0.022623239828,0.020595404099,0.023052108156000003,0.024294698328000002
2024-09-06,0.032689286206,0.022812464132,0.02040525768,0.023113879433,0.023971944013000002
2024-09-09,0.032985330522,0.022272159765,0.020176150512,0.022959799036,0.024278590129
2024-09-10,0.033061708807999995,0.022133271902,0.020098304455,0.022834241895,0.024367522011
2024-09-11,0.033498386755,0.021390237934,0.019414004531,0.022136942997000003,0.023802886164
2024-09-12,0.033150594152,0.021754847132,0.019679030803,0.022396543029,0.023918349541
2024-09-13,0.033296647691,0.021629372456,0.019930524862,0.022602491803000002,0.024284142430000002
2024-09-16,0.033075975997,0.021777910624,0.019875838894,0.022479888330999998,0.024138486767999998
2024-09-17,0.033014103512,0.021607422865,0.020005889268,0.022486269095,0.023998406254
2024-09-18,0.032873988128,0.022050798971,0.020439414366,0.022985907322,0.024546091499
2024-09-19,0.032565046602,0.021915578525,0.02035632782,0.023048459818,0.02493383917
2024-09-20,0.032682086705,0.022099509708,0.020491840777,0.023288316667,0.025032890009
2024-09-23,0.032473050384,0.021511405872,0.020061366365,0.023026272100999997,0.025162846707000003
2024-09-24,0.032239569045,0.020943300472000003,0.019619565858,0.022891839665,0.025109822044
2024-09-25,0.032051801967,0.020974194601999997,0.019833033406,0.02291416671,0.025057804309999997
2024-09-26,0.031747276083,0.020416181686,0.019402265183,0.022537673608,0.024744020049
2024-09-27,0.031699849404,0.020119940032999998,0.01938349222,0.022521148846,0.024492960523
2024-09-30,0.031160153434,0.020342844512,0.01929022998,0.022367867384,0.024455361564
2024-10-01,0.030981902593,0.019456250509,0.018427477742,0.021442488285,0.023640543563
2024-10-02,0.031037884943,0.020007264821,0.019104735744,0.022298357908000003,0.024410227423
2024-10-03,0.031311584850999996,0.020212892240999997,0.019639483303,0.022890716162000002,0.024566874729
2024-10-04,0.030910835304000003,0.021022005748999997,0.02016164118,0.023213268231000003,0.02476791318
2024-10-07,0.030401920369000003,0.021576127679,0.020712763286000004,0.023680772013000003,0.025164528316000002
2024-10-08,0.030448203397000002,0.021763718703,0.02083655321,0.023786118387,0.025347285776
2024-10-09,0.030412674581000002,0.021768275104,0.020766417309,0.023672195539,0.025156701179
2024-10-10,0.03035306006,0.021884832798999998,0.020918307263,0.023821347867,0.025338800025
2024-10-11,0.030312929919,0.021920214756999998,0.021100309682999998,0.024091492223999998,0.025502369511
2024-10-14,0.030178396255000003,0.021784237066999997,0.021043712460999998,0.024077555020000002,0.025405894852
2024-10-15,0.03056225171,0.021480490822,0.020572668465000003,0.023391978925,0.025135305966999998
2024-10-16,0.030484376943,0.021075010731,0.020092053082,0.022888657969,0.024592297403
2024-10-17,0.030299661693000003,0.021011632395,0.020183156063,0.023141522729,0.025029051519999998
2024-10-18,0.030073033922,0.020328800201,0.019828892128,0.022940883656,0.024909561187999998
2024-10-21,0.029614264393999997,0.021254694639,0.020700373654,0.023808484055000002,0.025685640523
2024-10-22,0.029019926167,0.021273525065,0.020785731476999997,0.023997309158000003,0.025897644414
2024-10-23,0.02894918665,0.020778460531,0.020838484328,0.024337504295,0.026249155386999998
2024-10-24,0.028935581887000003,0.020604909137,0.02042236961,0.023715160286,0.025733488611
2024-10-25,0.029011874099999998,0.020891054524000002,0.020759267608999998,0.02397353001,0.025665466757000002
2024-10-28,0.028831633762,0.02047174035,0.020562621368,0.023810519633000002,0.025584267998
2024-10-29,0.028398726198,0.020905380679,0.021105414295,0.024331853634,0.025951907467
2024-10-30,0.028476650803000002,0.021631326224000002,0.021799651881000002,0.024724594585,0.025954269372000002
2024-10-31,0.028845686057,0.022433129773,0.022457566545,0.02520945558,0.025817069209
2024-11-01,0.028381691060000002,0.021952562375,0.022025577557,0.024894847017,0.025906423091
2024-11-04,0.028566130467000003,0.022221182741,0.022175327669,0.02487138698,0.025469581063
2024-11-05,0.028806655632,0.022263637944000002,0.022249356494999997,0.024983617341,0.025604870704999998
2024-11-06,0.02820024334,0.021549863148,0.021956667351000003,0.025113246974,0.026181727626
2024-11-07,0.028421547895,0.021580280616,0.022037233891,0.025240289566,0.026342161257
2024-11-08,0.028460889503,0.021485568176999998,0.021716401115999998,0.024700578721,0.025712474989
2024-11-11,0.029009599615,0.020986940577,0.021321232997,0.024420946519,0.025314615775
2024-11-12,0.029059285022,0.020692720316,0.021190743455,0.024280603265,0.024584416893999997
2024-11-13,0.02915398332,0.020985880386,0.021649273401,0.02474171259,0.024783892263
2024-11-14,0.028844725411,0.020649425177,0.021388491312,0.024479041589,0.025019098406
2024-11-15,0.0287685781,0.02087979243,0.021553012445,0.024575629867,0.025331823643
2024-11-18,0.028857461885,0.021396008737,0.021827290896,0.024743486696,0.025420591782000002
2024-11-19,0.028397167013,0.02100254494,0.021357617693,0.024309080958,0.025021843544000003
2024-11-20,0.02844783446,0.021028413895,0.021501626371999996,0.024474474548,0.025050388798999998
2024-11-21,0.028321586061000003,0.020626525434,0.020979411403,0.023987406434000002,0.024817885318
2024-11-22,0.027800572072,0.019917460703,0.020557239331,0.023562386849,0.024843956836
2024-11-25,0.027725958196999998,0.019688081202,0.020147678511999997,0.023014732165999998,0.023820790991999997
2024-11-26,0.027423509105,0.020073401995000004,0.020300841798999998,0.022988076040999998,0.023785425224
2024-11-27,0.027608208414000003,0.019921060501,0.019996581427,0.02261384337,0.023095047795
2024-11-28,0.027397300603,0.01971644599,0.019711952106,0.022248257945000002,0.023155084311
2024-11-29,0.027269895696000003,0.019120084183999998,0.019226826996,0.021852246483000003,0.022714975254
2024-12-02,0.027294077378,0.018564459333,0.018546590648000003,0.021381738703000003,0.022441447006000002
2024-12-03,0.027023908524000002,0.018753282922,0.018786455186,0.021245018989,0.022252497883000003
2024-12-04,0.027318500170000003,0.019043105134,0.019151780613,0.021609470857,0.022626375027
2024-12-05,0.027249794573999998,0.019630802353,0.019573509173999998,0.021952120266000002,0.022566358505
2024-12-06,0.026884088190000002,0.019622855999,0.019343376171,0.021639756999,0.022627772876
2024-12-09,0.026588869411,0.019488705956,0.019326712745000002,0.021848501571,0.022774043722
2024-12-10,0.025826547085,0.019444423681000002,0.019039306784,0.02196991766,0.022633859539
2024-12-11,0.025790189995,0.019140376769,0.019020337791,0.022067122243,0.022835517609
2024-12-12,0.025515524334999998,0.019672665226999998,0.019831296945,0.022590743687,0.023755389404
2024-12-13,0.025655392505,0.019997336275999998,0.020156641765,0.023306589016000002,0.023792430181
2024-12-16,0.024931242378,0.02000605868,0.020116271728,0.023320425143999998,0.023813487408
2024-12-17,0.025010934000999997,0.019851802289,0.020128606303,0.023137164817,0.023724999546
2024-12-18,0.025824315477000002,0.019759524375,0.020326004372000002,0.02339148239,0.0239939541
2024-12-19,0.026027174410999998,0.020137551282,0.020929633654000003,0.024054384768000002,0.024534901878
2024-12-20,0.026165869451,0.01960729092,0.020496145823,0.023746841926000004,0.024454297509999997
2024-12-23,0.026322502524,0.019977993063,0.020848216585000003,0.024023438214000003,0.024562136779
2024-12-24,0.026617795354,0.020031476754,0.020901548247,0.024054591254000002,0.024558467251999998
2024-12-27,0.026532680434999997,0.020076965659,0.021263099979,0.024317999928,0.024946562528
2024-12-30,0.025751770894999998,0.020111511629,0.021300184084999996,0.024473038368,0.025137728871
2025-01-02,0.026047869897,0.020076200899000002,0.021137363790000002,0.024331074802,0.025188242529
2025-01-03,0.025727787748,0.020886587478999998,0.021728633735999998,0.024896138855999998,0.025445813373
2025-01-06,0.026304121303,0.021595698444,0.022327779872,0.025409183981000002,0.025895023889000002
2025-01-07,0.02668387336,0.02103299616,0.02220565485,0.025483720687,0.025963879763
2025-01-08,0.027061537176,0.021490938371000003,0.022593857273000003,0.02605443235,0.026762422333
2025-01-09,0.026840623171,0.021646834993000002,0.022723721566999998,0.026162985075,0.026736595069
2025-01-10,0.026499809803,0.022202151764,0.023264240384,0.026562443383,0.027186134666
2025-01-13,0.026597594245999997,0.022442257115,0.023556449330000003,0.026820322585,0.027311527283
2025-01-14,0.026199680327,0.022686086924,0.02395364997,0.027186860566,0.027850109104
2025-01-15,0.026041213899,0.022012399721999996,0.02303404777,0.026302772251,0.027179151607
2025-01-16,0.025823500846999997,0.02235734602,0.023175799914,0.026577802953,0.027311378176
2025-01-17,0.025895231822,0.022064343832,0.022638527133,0.026010145893000002,0.026564548833
2025-01-20,0.025759060309000003,0.022057366848000002,0.022730356231,0.02600667827,0.026936493586
2025-01-21,0.025638430547,0.021747840711,0.022642627126,0.025925000501,0.02667744798
2025-01-22,0.025638430547,0.021747840711,0.022642627126,0.025925000501,0.02667744798
2025-01-23,0.02496063046,0.021875774122,0.023062049889,0.02618096938,0.027088678749000002
2025-01-24,0.025188522897,0.022401136815,0.023494482373,0.026525212896000003,0.027284776009
2025-01-27,0.025041227112,0.022016690685000003,0.022993873795,0.026108150354999998,0.026831879777999997
2025-01-28,0.024950483878999997,0.022021654345,0.023083065385,0.026246839966,0.026855862743
2025-01-29,0.025009566681000003,0.021948520402999997,0.023016701663000003,0.026123247792000003,0.027245971285
2025-01-30,0.024105790061999997,0.021240844937,0.022525196174999998,0.025709331179,0.026666997451999998
2025-01-31,0.024511328890000003,0.020552152666,0.022051641681,0.025304298486,0.026474753825000003
2025-02-03,0.02408624739,0.019872366835,0.021296444379000003,0.024463815528,0.025701970562
2025-02-04,0.024036903670999997,0.019974569542,0.021634625105,0.024771523668,0.026006351763
2025-02-05,0.023879637431,0.019988268412,0.021307694205,0.024214557243,0.025440796754
2025-02-06,0.023839651725,0.020061366048,0.021345002527,0.024251598200000002,0.025649939048
2025-02-07,0.023922935161,0.020135594267,0.02153762119,0.024627800758,0.025778090835
2025-02-10,0.023706542865000003,0.019758389315,0.020996693767000002,0.02433445967,0.025443586474000003
2025-02-11,0.0237862189,0.020216543108999997,0.021692076198,0.024999061726,0.026174875402
2025-02-12,0.023850526963999998,0.020731938111999998,0.022277255498,0.02551790004,0.026674215623
2025-02-13,0.02378333963,0.020349752962,0.021685338571999998,0.024889478346,0.026004307007000002
2025-02-14,0.023590503068,0.020624994983999997,0.021730527916,0.025005053327,0.025860096791
2025-02-17,0.023432321596999997,0.020773110811,0.022190038906999998,0.025460892565,0.026671600064
2025-02-18,0.023340769746,0.020741708107,0.022290095064000003,0.025581457184,0.026672155771999998
2025-02-19,0.023189965779,0.021285716169,0.022819855057,0.026098058692000003,0.027150700914
2025-02-20,0.022797693023000002,0.021062244707,0.022684289620000003,0.026019944882,0.027208085394000003
2025-02-21,0.022880102689,0.020427070281000003,0.022032132758,0.025384308723,0.026468002354
2025-02-24,0.022902862615,0.020267429610000002,0.021898943794000002,0.025348958801,0.026604319073
2025-02-25,0.022918319861,0.02015339264,0.021811680594000002,0.025273124962,0.026589909621
2025-02-26,0.022620845748,0.020144299849,0.021681460105,0.025050992164000002,0.026463596977
2025-02-27,0.022585144669,0.01992752704,0.021254823997000002,0.024964724028999997,0.026132688650999998
2025-02-28,0.022359405099999997,0.019745360059999998,0.021074088761,0.024692621079000002,0.026172445007
2025-03-03,0.022780832683,0.020318952758,0.021910834225000002,0.025783069883,0.027445997976999998
2025-03-04,0.022810809459999998,0.019743120874,0.021297164608,0.025625702838,0.027651668824
2025-03-05,0.022762263467000002,0.021420782115,0.023903814534999998,0.027987238935000002,0.029410990121
2025-03-06,0.022885164083,0.022259304934999998,0.025253300963999997,0.029449897814,0.030202721568999998
2025-03-07,0.022923035347999998,0.02180223707,0.024588220374000002,0.028730944696,0.030055662180999997
2025-03-10,0.023136434361,0.021478681152000002,0.024342726167999998,0.028687791491,0.030135441134
2025-03-11,0.023309286648,0.021484797044,0.024755097046999998,0.029343136849,0.030572711411
2025-03-12,0.02317762328,0.021770756347,0.024906224257999997,0.029343006640999997,0.03076204119
2025-03-13,0.022975092824,0.021416020911999997,0.024616081403,0.029136764885000003,0.030848404726999998
2025-03-14,0.022844143611,0.021719678101999998,0.024631045193999997,0.029461762482,0.030927253467
2025-03-17,0.022524821913,0.021424126111000003,0.024341263873,0.028657476373,0.030253812388
2025-03-18,0.022300407358999998,0.021649719311,0.024607261300999998,0.028967978782,0.030881111702
2025-03-19,0.022504350357999997,0.021373179128,0.024296343515,0.028579573708,0.030121631438
2025-03-20,0.022288198388999998,0.021097935149,0.024028130033,0.028267165325,0.029912615707
2025-03-21,0.022256939142999997,0.021078266368,0.02369598753,0.02845870598,0.029943558034
2025-03-24,0.022042584896,0.021035268227,0.023776750295000003,0.028630915118,0.030063367388
2025-03-25,0.022032016909,0.021131294674,0.023924469334,0.028783029162,0.030192742487
2025-03-26,0.022011023461,0.020864188814,0.023893971439000003,0.028656250048,0.030482658928999998
2025-03-27,0.021927515204999998,0.020491543400999998,0.023575664806,0.028623507021,0.030338352767
2025-03-28,0.021868245954000002,0.020213322345,0.023034867958,0.028121116225999998,0.029972867490000003
2025-03-31,0.021800173356,0.019946853961,0.022719349361,0.027817290050999997,0.029726676389999998
2025-04-01,0.022207974767,0.019946997438000002,0.022587017592000002,0.027589206717999998,0.029120994033
2025-04-02,0.022121296786000003,0.019895064102,0.022655770713,0.027609572069000003,0.029407221644
2025-04-03,0.022111291018000002,0.019439000041,0.022005258244,0.027337361267000003,0.029544615932
2025-04-04,0.021974988397000003,0.018215221075,0.020808397293000002,0.026475520891,0.028794143629
2025-04-07,0.021854784784,0.017878631774,0.020852858098,0.026815253471,0.029176167925
2025-04-08,0.021369491681,0.019048767912,0.021764185919,0.027532266258,0.029725477617
2025-04-09,0.020962253947,0.017508397125,0.020829592924,0.026865951501,0.029177731380999997
2025-04-10,0.021268639721999997,0.018313708594,0.021218766376,0.026776687173,0.028692003280999998
2025-04-11,0.019600004586,0.017300159396000003,0.020677783657,0.026037026531,0.027927180383
2025-04-14,0.02041237428,0.017391264376,0.020932156749,0.025988022107000002,0.028105819326
2025-04-15,0.019186219674,0.017747438536,0.020891055626,0.026309014141999997,0.028385953302
2025-04-16,0.019405263885999998,0.017290503897,0.020541165936,0.025995889898,0.027946597197
2025-04-17,0.019361507532,0.017046384892,0.020244440375,0.025747046513,0.02840445485
2025-04-22,0.019604476409,0.016718726322,0.020084109414000004,0.025519928801,0.027984264362
2025-04-23,0.019341931721000002,0.017433495911,0.020646100071,0.026001957861,0.028454569825
2025-04-24,0.019420415498000002,0.016777609946,0.020008692977,0.025491160582000003,0.028150990411
2025-04-25,0.020243789622,0.01715780973,0.020199722793000002,0.025625615399,0.028192442614
2025-04-28,0.01969732228,0.017363224447,0.020451539648,0.026074653015,0.028671366767
2025-04-29,0.019376413672999998,0.01745149545,0.020286478449,0.025893451856,0.028341379316
2025-04-30,0.01884559518,0.016995058817,0.019935450969,0.025575500372,0.028152553763
2025-05-02,0.019052520987999998,0.017503686786999997,0.020387226186,0.025959832532000002,0.028520777368000003
2025-05-05,0.019122694138,0.017418307971,0.02048590284,0.02620423616,0.029059544408
2025-05-06,0.019341178068,0.017671821892999998,0.020705974143,0.026544648641,0.029306231282000002
2025-05-07,0.019475722975000002,0.017320107645,0.020199190994,0.025934141244,0.028612646182
2025-05-08,0.019633794084,0.017413589325,0.020404047183,0.026097039476,0.028851730664
2025-05-09,0.019568185939,0.01773598502,0.020911442443,0.026665008334,0.029232758212
2025-05-12,0.019606956018,0.018797796809,0.022260620935,0.027249722748999998,0.030081406439
2025-05-13,0.019359027378,0.018788957042,0.02233577333,0.027470817086,0.030313214954
2025-05-14,0.019782955741,0.018873503967,0.022335070685,0.027702501526,0.030267863598
2025-05-15,0.020007794821,0.018674987142999998,0.021940719169,0.027375363863,0.029958554268
2025-05-16,0.019580831576,0.018362162012,0.021467611725000002,0.02675210335,0.029381982568
2025-05-19,0.019849197327999998,0.018145949522,0.021492137002999998,0.026887073283,0.029698372397
2025-05-20,0.019232878509,0.018402949154,0.021577738284,0.027126253144999998,0.03014925787
2025-05-21,0.019376683413,0.018425789682,0.021816686994999997,0.027335025798000002,0.030725796309
2025-05-22,0.019613970385,0.018221230663,0.021756127473,0.027473508277,0.030988135724000002
2025-05-23,0.019569182924999998,0.017386811942,0.020948101228999996,0.026681718095,0.030271239456
2025-05-26,0.018720959477,0.017792641337,0.021071999183,0.026721588759000003,0.029830025396000003
2025-05-27,0.018631231757,0.017746946262,0.020974743952,0.02635526298,0.029430213214999997
2025-05-28,0.019016124087,0.017958959811,0.021098358206999998,0.026447977997,0.029510853091999998
2025-05-29,0.018695133677,0.017724631081,0.020769243757,0.026116381266,0.029180800697
2025-05-30,0.018638010088,0.01780577865,0.020818777465,0.026100622245,0.029354207446
2025-06-02,0.018912026599,0.018072703241,0.020874177227000003,0.026226032517,0.029393216142
2025-06-03,0.018884109826,0.017609713344,0.02053576799,0.025938344853,0.029177773553
2025-06-04,0.018498381535,0.017934058136,0.020982835273,0.02623401446,0.029488740174
2025-06-05,0.018241841828,0.018250862266,0.021618460029,0.026470041589,0.029391229693
2025-06-06,0.018702012579,0.018622240107,0.021651925314999997,0.026594310994,0.029372833401
2025-06-09,0.018651498266,0.018561998473,0.021607118398,0.026758380627,0.029572418104
2025-06-10,0.018620720324,0.018336509094,0.021175300374,0.026167971377,0.028595455486999998
2025-06-11,0.018488420063,0.018054730197,0.021240970369999997,0.026215127886,0.029105979394
2025-06-12,0.018433520268000003,0.017980167692,0.020861268132,0.025777663314,0.02886157748
2025-06-13,0.018356534687,0.018343448481,0.021081174236,0.026032135344,0.028421441726
2025-06-16,0.018419892127,0.018311404697,0.021135627332,0.02621503212,0.02855240587
2025-06-17,0.018289851047,0.018499896246,0.021335390897,0.026218424136,0.029066637249
2025-06-18,0.018350874585,0.018339061542,0.021139818176,0.026011169546000003,0.02883143648
2025-06-19,0.018337414213,0.018271326556,0.021101684667,0.026019696538,0.028809553358
2025-06-20,0.018430568841,0.01836071063,0.021172520907,0.026142932126,0.028942985308
2025-06-23,0.018777986322,0.018549831431,0.021123091162,0.026072978004000002,0.02873424665
2025-06-24,0.018864706749,0.018486111052,0.021359459802,0.026498095606,0.029325602782
2025-06-25,0.018557482652,0.018509723862,0.021493799651,0.026644491832999998,0.029751668986
2025-06-26,0.018546056754,0.01816880051,0.021210392034000002,0.026578468297,0.029861300141
2025-06-27,0.018651656179,0.018455372589,0.021564187815000004,0.026867694635,0.029940333687999997
2025-06-30,0.018627719142,0.018448999837,0.021559601045,0.026791846244,0.029682984289
2025-07-01,0.018558655068000002,0.018239814623999998,0.021361157787,0.026531743058,0.029372697302
2025-07-02,0.018610679601,0.018483808664,0.021885645508,0.027236452829000002,0.030389361997
2025-07-03,0.018345719536,0.018348212146,0.021589227644,0.02686838963,0.029939620323999997
2025-07-04,0.018596895332,0.018059469442,0.021174859198,0.026526768614999998,0.02976268406
2025-07-07,0.018451206294,0.0183026981,0.021606039887,0.026964270831,0.030234446617
2025-07-08,0.018435544972,0.018665369634,0.022013729383,0.027429858162,0.030615637759
2025-07-09,0.018393592197,0.018470333959,0.021904622941,0.027333043321,0.030816606168
2025-07-10,0.018240804627,0.018672876318,0.022167975925,0.027571538406,0.031145022278
2025-07-11,0.018434942931,0.019032091129999998,0.022438166168000002,0.027876718173,0.031343905956
2025-07-14,0.018168561513,0.018699459982,0.022343963119999997,0.027890655573,0.031596970174000004
2025-07-15,0.018324158763,0.018413199978999997,0.021999615804000002,0.027456990225000002,0.031205082717
2025-07-16,0.018545717183,0.018309948522,0.021888035980999997,0.027466162704,0.031360734868
2025-07-17,0.018227962394,0.01827158467,0.021757195426,0.027365670847,0.031315435129
2025-07-18,0.01826026871,0.018421399825,0.021961756234,0.027570410604000003,0.031481365239999996
2025-07-21,0.018309121666,0.018098318192,0.021223578149,0.026769365906,0.030609618969
2025-07-22,0.01849158734,0.017986465081000002,0.021025074090000002,0.026601966254,0.03048554808
2025-07-23,0.018470511522,0.017905376433,0.021092909843,0.026658356957999996,0.030783312587
2025-07-24,0.018539537739000002,0.018858153399,0.022095242153000003,0.027534798034,0.031259168481
2025-07-25,0.018857633836,0.019267637335,0.022530320273,0.027933110223,0.031569468104
2025-07-28,0.018759931465,0.018843251375,0.022086762765,0.027556048698,0.031301076954
2025-07-29,0.018687568055999998,0.019076732152,0.022310175444999997,0.027686012088,0.031305304182000004
2025-07-30,0.018884701279,0.019284117853,0.022477131513,0.027787227813,0.03133991607
2025-07-31,0.019034568272,0.019362248244,0.022465645441,0.027630604692000002,0.031156266448
2025-08-01,0.018608652617999998,0.018822516117,0.022017702,0.027295290489,0.031134267402
2025-08-04,0.018661662166,0.018777986574,0.021787310137000002,0.027031967398,0.030897338719000002
2025-08-05,0.018519191928,0.018794618579,0.021777818717000002,0.026947844576,0.030890163531999998
2025-08-06,0.018779057923,0.018796763767,0.021775065071,0.027046173201,0.030964892253
2025-08-07,0.018760087907,0.018910557398000002,0.021893777029,0.027076377195,0.030867640912
2025-08-08,0.018907553703,0.019353984474,0.022381893554999997,0.027574342451,0.031343636269
2025-08-11,0.018861989079,0.019399036004,0.022438944441,0.027613579972,0.03148578606
2025-08-12,0.019096568177999998,0.019512619362,0.022756961221999997,0.02820188598,0.031860942598
2025-08-13,0.01912269357,0.019143562536,0.022142033686999997,0.0276065317,0.031746744656
2025-08-14,0.019077746447,0.019217794248,0.022299100356000003,0.027789766403999997,0.031911551743
2025-08-15,0.019048964782,0.019296540424,0.022863524883,0.028430984141,0.032965304872
2025-08-18,0.019177968146,0.019361723298,0.022667440537,0.02834415258,0.032711046696
2025-08-19,0.01899027245,0.019299063054,0.022625605073,0.028219995437,0.032761049786
2025-08-20,0.019002987647,0.019028262007000002,0.022264011129000002,0.027889950333,0.032456592382
2025-08-21,0.019010929475,0.019395964645,0.022673990778,0.028212272687,0.032768018576
2025-08-22,0.019040600060999998,0.019473188478,0.022573946788999998,0.028081443794999997,0.032303330026
2025-08-25,0.019202156288,0.019578977321,0.022863463403000002,0.028420172522999998,0.03300061769
2025-08-26,0.019121111483,0.019200470906,0.022336080162999997,0.028030227277,0.032823867273
2025-08-27,0.019194569643,0.019044242003,0.022144821821,0.027933292442,0.032810194927
2025-08-28,0.019343948899,0.01914518753,0.022091370107,0.027720612194999997,0.032569436938
2025-08-29,0.019357299588,0.019213686405,0.0221964314,0.027854844577,0.032816440677
2025-09-01,0.019449791972,0.01928922292,0.022394151180000002,0.028201791163999998,0.03311542799
2025-09-02,0.019433836999,0.019547879495,0.022771511024,0.028583592623,0.033611505577999995
2025-09-03,0.019375584517,0.019325486542,0.022434541329000003,0.028209325207,0.033264640968
2025-09-04,0.019354658386,0.019264749155,0.022225996349,0.027879763494,0.032801195085
2025-09-05,0.019081082544,0.019033183028,0.021855656976,0.027458304046,0.032678844382
2025-09-08,0.019248191066,0.01895973612,0.021606706931000003,0.027205978036,0.032134869119
2025-09-09,0.019212814902,0.019051122604999998,0.021836887872,0.027373998785999998,0.032545012374
2025-09-10,0.019381566898,0.019141822433,0.021855864627,0.027348570644,0.032502026009
2025-09-11,0.019446384591,0.019532167861,0.022209586314,0.027436534813,0.032459012325
2025-09-12,0.019358122236,0.019790847728,0.022635796150999997,0.027793036167,0.032519912256
2025-09-15,0.019354838862,0.019720407965,0.022517731353,0.027663252387,0.032426437762
2025-09-16,0.019508976244,0.019778896988000002,0.022506547197,0.027626046351,0.032385280097
2025-09-17,0.019379115508,0.019643942273,0.022424969661,0.027440108714,0.032071293146999996
2025-09-18,0.019474720282,0.019780242937000002,0.022610795547000004,0.027887887757,0.03241330018
2025-09-19,0.019576819593000002,0.019896402238,0.022810451088,0.028110521727,0.032716469047
2025-09-22,0.019561217818,0.019852879818,0.022770300089000002,0.028191246144000003,0.0329659891
2025-09-23,0.019434823448000002,0.019956466396999998,0.022936928348,0.028183515271999998,0.032984800024
2025-09-24,0.019432770239999998,0.019873716479000002,0.022852201481,0.028188696161,0.032938098481
2025-09-25,0.019449063394,0.020094562373999997,0.023138542776,0.028373208625,0.032854593540999996
2025-09-26,0.019431005805,0.019994178834,0.022978549998000003,0.028197118707,0.032722495315
2025-09-29,0.019391398569,0.019956701695000002,0.022792307732,0.027859915739,0.032234258416
2025-09-30,0.019411088272000002,0.019908238068,0.02273387523,0.027786738794,0.032322756335
2025-10-01,0.019490015808,0.019761886629,0.022531167979,0.027687620524,0.032362010605
2025-10-02,0.019480999328,0.019917023576,0.022737098414,0.027847770967000002,0.032500936174
2025-10-03,0.019438416206,0.019939644259,0.022688297205999998,0.027677693726,0.032325821878
2025-10-06,0.019455908872,0.0198083288,0.022652183304,0.027855625619,0.032545795003000005
2025-10-07,0.019280844454999998,0.019857003252000002,0.022804549061,0.028017768131,0.032758652992
2025-10-08,0.019349096579,0.019630022754000002,0.022385550673,0.027556304465,0.032260880421000004
2025-10-09,0.019221388821,0.019726228377999998,0.022600364223999997,0.0277268694,0.032393744399
2025-10-10,0.019235661941,0.019587396731,0.02234062189,0.027417726722,0.032125252359999995
2025-10-13,0.01913983691,0.019306945555,0.021908313021,0.027065501324,0.031577976445
2025-10-14,0.018961442599,0.019168815171,0.021788364225,0.026787360452,0.031534650937
2025-10-15,0.018953046005,0.019001731195,0.021450398059000002,0.026483125542,0.030993388745
2025-10-16,0.018988582065,0.019037734982,0.021528122344,0.026626296860999998,0.03119577205
2025-10-17,0.018831576597,0.018984483024,0.021510559941,0.026597042970999997,0.031304037923
2025-10-20,0.018761528327,0.018984182214,0.021559738812,0.026652122756,0.031300276171
2025-10-21,0.018698753191999998,0.018885775465,0.021360493704999997,0.026315953943,0.030894213724999998
2025-10-22,0.018858586244,0.018988944421,0.021463154414,0.026456476003999998,0.030980340773
2025-10-23,0.018908131053,0.019077101748,0.021577057731,0.026589940943,0.031168350302
2025-10-24,0.019085129025,0.019492572548,0.022148281128,0.027104454299000002,0.031710154974
2025-10-27,0.01909960032,0.019525802229,0.022148823956,0.027044797106999998,0.03161798685
2025-10-28,0.019092858469,0.019502180776,0.022104145239,0.026977978987000002,0.0315203639
2025-10-29,0.019016863909,0.019449959952,0.022106111477,0.027029909692,0.031558370985
2025-10-30,0.019127025047,0.01966546382,0.022349145821,0.027161619957999997,0.031619435493
2025-10-31,0.019013171183,0.019496455975,0.022252206158000002,0.027216026850000002,0.031839932597
2025-11-03,0.018943393998,0.019601849719,0.0224121811,0.027279838319,0.032053808219
2025-11-04,0.01893048878,0.019545242785,0.022349067404,0.027254019371,0.032109454201
2025-11-05,0.018835624997,0.019539552601,0.022411460788,0.027361656751,0.032076796221
2025-11-06,0.019003736277,0.019634247745,0.022441092404999998,0.027333402197,0.032153343931
2025-11-07,0.019151720773,0.019723170296,0.022479921782,0.027519322513,0.032337475746
2025-11-10,0.019247401768,0.019713384534,0.022474285761999998,0.027473515524,0.032288472164
2025-11-11,0.019258459983,0.019708878516999997,0.022448811201,0.027362460296,0.03221661436
2025-11-12,0.019297862901,0.019757924827999998,0.022371107560999998,0.027238068417,0.031966185799
2025-11-13,0.019089892362,0.019946614329000002,0.022728521645000003,0.027505385733,0.032330026821
2025-11-14,0.018903774351,0.019897807117,0.022912305924999998,0.027811559776,0.032751269807
2025-11-17,0.019113521932999998,0.020019660680000002,0.022980443875,0.027878845539,0.032864346552999996
2025-11-18,0.019156305301,0.019800858891,0.022651758773,0.027725989683,0.032666433067999996
2025-11-19,0.01947701646,0.019897453776,0.022681913118,0.027852349906999998,0.032738899658000004
2025-11-20,0.019576845749,0.020067656218,0.022851132519999998,0.028112679169,0.033055513761
2025-11-21,0.019479403444,0.019777959808,0.022579595958,0.027864568988,0.032957220517
2025-11-24,0.019340910699,0.019981241413999998,0.022753116203000003,0.027871165916999997,0.032863229527
2025-11-25,0.019361802833,0.019924426405,0.022613847704,0.027574999567999997,0.032805014815
2025-11-26,0.019394779421,0.019959402407,0.022669278165,0.027670151833,0.032968484952
2025-11-27,0.019460281186,0.019992870109,0.02266859817,0.027643499564999997,0.032928975268
2025-11-28,0.019535299713000002,0.020086159249,0.022770532567,0.027737857403000003,0.032990069992
2025-12-01,0.019692588007,0.020361617384,0.023242129527999998,0.028399621085,0.033650806046
2025-12-02,0.01956040216,0.020262999062,0.023390614046,0.028412252221999997,0.033989252242
2025-12-03,0.019552291092,0.020245242654000004,0.023176744502000003,0.028267627658,0.033732251498
2025-12-04,0.019646979698,0.020453654549000003,0.023434036106999998,0.028490120473,0.033837803141
2025-12-05,0.019696335002,0.02052909768,0.023666866923,0.028720493811,0.034248104521
2025-12-08,0.019551747626,0.021127957698,0.024466766348,0.029378263284999998,0.034536485559
2025-12-09,0.019669199049,0.021151576926,0.0244262538,0.029324125063,0.03451198542
2025-12-10,0.019572535691,0.021334987566,0.024694306084,0.029465601100000002,0.034532054741999996
2025-12-11,0.019635926754,0.021223183223,0.024475956182999997,0.029270988489,0.034329732464
2025-12-12,0.019559883626000002,0.021260062539,0.024631207510999998,0.029548449211,0.034701712269
2025-12-15,0.019605461393,0.021145348663,0.024391928363000002,0.029237923869000003,0.034423679706
2025-12-16,0.01945011852,0.021131495875000003,0.024503263169,0.029447529455,0.034662719443
2025-12-17,0.019448806343,0.021027460321999997,0.024421398131999998,0.029461023067,0.034620598317
2025-12-18,0.019572268007,0.021003134179999997,0.024421879619,0.029489911753000003,0.034984041204
2025-12-19,0.019612966751,0.021198446236,0.024686944632,0.02980259757,0.035325316885
2025-12-22,0.01952352078,0.021227241736,0.024827848077,0.029967111658,0.035310005713
2025-12-23,0.019623821827,0.021201323564,0.024629838907,0.029609899591,0.034867875758
2025-12-24,0.019728199551,0.021214520268,0.024619855283,0.029640520365,0.034804207891
2025-12-29,0.019745504325,0.020890805135999998,0.024131161116999998,0.029225407917,0.034636645018
2025-12-30,0.01952998878,0.021004409369000002,0.024428863957,0.029493411108,0.034734389791
2025-12-31,0.019814831023999998,0.02108454926,0.024407246164999997,0.029480486243000002,0.034786277869
2026-01-02,0.019617761261,0.021097118774,0.024594262841,0.029750419729000003,0.035055081166
2026-01-05,0.019612414724,0.021166888082000002,0.024521895182,0.029626767443999998,0.03491539479
2026-01-06,0.019673615018,0.020811808209,0.024105941357999996,0.029239136196,0.034660938811
2026-01-07,0.019699734898,0.020676284816,0.023889662219,0.029023957433,0.034499737469
2026-01-08,0.019597347619,0.020789036096000003,0.024100632033,0.029216454161,0.034598026183
2026-01-09,0.019766197707999998,0.020896572574,0.02405232153,0.029259088946,0.034670035519
2026-01-12,0.019821567811,0.020774595775,0.023905438063000002,0.028928281343000004,0.034275373782999996
2026-01-13,0.019873054260000002,0.020777781125,0.023998658838,0.029070386479999998,0.034606032778
2026-01-14,0.01981595212,0.020614395344999998,0.023796216764,0.028813663514000002,0.034460911443
2026-01-15,0.019830596947,0.020696657103999996,0.023815193333,0.02868695539,0.034031386189
2026-01-16,0.019796097184,0.020876313209,0.024067873758,0.028938204257,0.034263525513
2026-01-19,0.019877815439,0.020600532983000002,0.023809484555,0.028903171094,0.034356390673
2026-01-20,0.019716523859999998,0.020547042686,0.02399547219,0.029277343601,0.03498521027
2026-01-21,0.019618833038,0.020537035653000003,0.024031210521,0.029330039598000002,0.0350416079
2026-01-22,0.019812057857,0.020855734238000002,0.024237067283,0.029368513542,0.03492731648
2026-01-23,0.019723963971,0.021048870037,0.024427691799,0.029477958486000003,0.035084695523
2026-01-26,0.019793568851,0.020873579681,0.024157447509,0.029173578501,0.034788536690999995
2026-01-27,0.01984136793,0.020805342608,0.024122746783000002,0.029211803737,0.034899399623999995
2026-01-28,0.019708796742,0.020530366858,0.023920146625,0.029118536858,0.034915266355
2026-01-29,0.019345052600999998,0.020362025890000003,0.023728914525999997,0.028916757502000002,0.035058344485
2026-01-30,0.019710959184,0.020495671759000002,0.023789270702,0.029033834533,0.035030440497
2026-02-02,0.019684626974,0.020631603149,0.023978917231,0.029151073179,0.035203895457
2026-02-03,0.01977540635,0.020813185732,0.024242903747,0.029470973297000002,0.035565836882
2026-02-04,0.019619453101,0.020624879741000003,0.023995321488,0.029291206826999996,0.035529080854
2026-02-05,0.019561757169,0.020587574086,0.023973883844,0.029225426497,0.035444211894
2026-02-06,0.019739244383,0.02043146305,0.023767936833999997,0.029031589073,0.035300097351
2026-02-09,0.019747281680999998,0.02032594875,0.023698091865,0.029046958203000003,0.035577598989
2026-02-10,0.0196035647,0.020294694015,0.023374444693999998,0.028672634105,0.034882319222999995
2026-02-11,0.019770061852,0.020353981842,0.023449621438,0.028678284988,0.034907517095
2026-02-12,0.019854200889,0.020269946228,0.023324623918,0.028433381897,0.034709682907
2026-02-13,0.019855720014,0.019972761628,0.022940359616,0.028073208074,0.034372025145
2026-02-16,0.019914502126,0.020047470579,0.023008040057,0.028127518026999997,0.03441516469
2026-02-17,0.019928022928,0.020029126281999998,0.022826262705999998,0.02798196376,0.034123033781
2026-02-18,0.019834762315,0.020125980441000002,0.022986137685,0.028031365285000002,0.034250489626
2026-02-19,0.019822478434,0.020165098288999997,0.023069086423999997,0.028077281701,0.034332758802
2026-02-20,0.019597972689,0.020134776272999998,0.023017066970000003,0.027935676327999998,0.033975803143
2026-02-23,0.019730275704,0.020077993114999998,0.022823398800999997,0.027857127410999997,0.034049242787
2026-02-24,0.019811852828,0.020065503018,0.022729489641999997,0.027714936784000003,0.033889827396
2026-02-25,0.019871882492,0.020088303801,0.022739025682,0.027737465861,0.033945141778
2026-02-26,0.019587050283,0.020032308997000002,0.022670433903,0.027470493584,0.033853094109000004
2026-02-27,0.019620946057,0.019805043076,0.02232981256,0.027266574195,0.033700051095
2026-03-02,0.019856204949,0.02030707584,0.022832073464999998,0.027599649167,0.033920587992
2026-03-03,0.020176157168999998,0.021337315330000002,0.024024859951,0.028404932390000002,0.034383141845
2026-03-04,0.020108653140000002,0.02098893153,0.02361026622,0.028172759483,0.034341167238
2026-03-05,0.020422987099999998,0.021676114472,0.024436310588,0.028857466383,0.034387638936
2026-03-06,0.020636298012999998,0.022233174688,0.025047723791,0.029087748974,0.034177616097
2026-03-09,0.020902119604,0.022505716678000002,0.025273586940000002,0.029242332614999998,0.03430451816
2026-03-10,0.020217611531,0.021757420376,0.024655432933,0.028972030409,0.034289446144
2026-03-11,0.019795691810000002,0.023138180443,0.025423164481,0.029743786023,0.034620248065
2026-03-12,0.019945148181000003,0.023517295137000002,0.025621842246,0.029980538023999997,0.034688513558
2026-03-13,0.020026552365,0.023632504207,0.025825273499,0.030113228114,0.03485381016
2026-03-16,0.01970970935,0.02340172575,0.025553051636999998,0.029882724205,0.034731021933999996
2026-03-17,0.019689879364,0.023318529669000002,0.025378481346,0.029666154378,0.034457831599
2026-03-18,0.019976415887000002,0.024052936166999998,0.025980398391,0.030003282287999998,0.034412382923
2026-03-19,0.020066189159,0.024681846637999997,0.026323978515,0.030117153846,0.034293374598
2026-03-20,0.020415573240999997,0.025854170099,0.027319374702,0.030755425799,0.034850415662
2026-03-23,0.021075370144000002,0.025182150027,0.026596367169,0.030328388945000003,0.034452062304000004
2026-03-24,0.020922599997,0.025894585132999998,0.027044428151000003,0.030619148859999997,0.034143465406
2026-03-25,0.020937491604999997,0.025571657132999998,0.026621972585,0.030118479104000003,0.033498511200999996
2026-03-26,0.021207086761,0.026236868951,0.027403110533,0.030944162751,0.034101875391
2026-03-27,0.021036866135999997,0.026447072056000002,0.027829444253,0.031504113416,0.03463330761
2026-03-30,0.020668892125,0.026005623576,0.027155507915,0.030944483571000003,0.034197797409
2026-03-31,0.020927765809,0.025889838861,0.026939796072,0.030729993471,0.03398344208
2026-04-01,0.021596645991000002,0.025482024883999997,0.02670026421,0.030478936329000002,0.034019539586
2026-04-02,0.021767644766999997,0.025948155184,0.027021804905,0.030751288521,0.034357075242000004
2026-04-07,0.021864319511,0.026592217899,0.027563914031999998,0.031060962471,0.034588454089
2026-04-08,0.020706827538,0.024414899676,0.025867814689,0.029793275216,0.034161414397
2026-04-09,0.021063675203,0.025237103254000002,0.026731431655,0.03072414671,0.034857321361000004
2026-04-10,0.021241532657,0.025310621218999997,0.026965214619000002,0.031004415163,0.035371302896
2026-04-13,0.021489431785000002,0.025855339022,0.027222800077,0.031227887328,0.035435396285000004
2026-04-14,0.021049944387999998,0.025445231091,0.026965788759,0.031121828868,0.035463920666
2026-04-15,0.021145061806,0.024953056634,0.026633195479,0.030888161219,0.035317199641000004
2026-04-16,0.021474544558000002,0.024885726292,0.026567673422,0.030746082746000002,0.035391326282
2026-04-17,0.021363604472,0.024099992557999998,0.025871553475,0.030250447597,0.035139476845
2026-04-20,0.021363224588,0.024209588043,0.025968473694999997,0.030368533168,0.035184419483
2026-04-21,0.021338705961,0.024560076038,0.02618729355,0.030365282222999997,0.034867544219
2026-04-22,0.021491950163,0.024912944573,0.026484557258,0.030510265518000002,0.034898563409
2026-04-23,0.021661531818,0.025376409997999998,0.026744825963999998,0.030674643233999998,0.034937764708
2026-04-24,0.021747287852000002,0.025420491489,0.026739796765,0.030706741038,0.034878164189
2026-04-27,0.021723446056000004,0.02530043291,0.026744312618,0.030816989599000002,0.035073246403999996
2026-04-28,0.021665093448,0.026017881040000003,0.027229506908,0.031195622585999998,0.035254649187
2026-04-29,0.022375183645,0.026651724730000003,0.027790008337000002,0.031427101730000004,0.035209558617
2026-04-30,0.021974487118,0.026058943243,0.027273416777,0.030939583349,0.0350400432
2026-05-04,0.021666581675,0.026404350044,0.02748128381,0.031051975409999998,0.035106703615
2026-05-05,0.021703861746999998,0.026390993225,0.027564536738,0.031255068064999995,0.035333442810000004
2026-05-06,0.021084745823,0.025384893356,0.026541049258,0.03048338757,0.034863775008
2026-05-07,0.021269456824000003,0.025130682789000002,0.026385595090999997,0.030367988029,0.034748645036
2026-05-08,0.021097152461,0.025402702863,0.026561779016,0.030522640098,0.034917575175
2026-05-11,0.021113806702,0.025923630642,0.027048129718,0.030796927017,0.035198617958
2026-05-12,0.021207952927,0.026582573787,0.027788155018,0.031495267074,0.03575375635
2026-05-13,0.021253841577000002,0.026562503741999997,0.027830559930000002,0.031514242492,0.035749348739
2026-05-14,0.021587382744000003,0.026059369849,0.027345059074,0.030994620296000003,0.035477090174999996
2026-05-15,0.021696389707,0.026867609973,0.028297543191000002,0.031951239875,0.036072832658
2026-05-18,0.021788096791,0.026399098709,0.027892775879,0.031716424255,0.036111528508
2026-05-19,0.021633919521,0.026893209752999997,0.028465485298000002,0.032197250915,0.036502890816
2026-05-20,0.021658599917,0.026729796870999998,0.028181279612,0.031913866523,0.036098031132
2026-05-21,0.021724623260999998,0.026286870283999998,0.027612145329,0.031401444666,0.035651773743
2026-05-22,0.021335982227,0.025735265748999998,0.027274522089,0.030830202565999998,0.035424544013
2026-05-25,0.021222895448,0.024784887624,0.026280088073000002,0.029857408352,0.034625022569
2026-05-26,0.021307286879,0.025304227883,0.026786888768,0.030303794025,0.034965940054
2026-05-27,0.021683764759000003,0.025242753911,0.026576726616999998,0.030265148902,0.034894343386000004
2026-05-28,0.02180837667,0.025253148054999997,0.026736737751000002,0.030348986295999997,0.035144047797
2026-05-29,0.021955169481,0.025006714674,0.026494854158,0.030165874540000002,0.035043192869999996
2026-06-01,0.02200998597,0.025777190556999997,0.02718322479,0.030680734066,0.035367762443
2026-06-02,0.021868583717,0.025557837052,0.026753495091,0.030192058236,0.034983602021
2026-06-03,0.022049531126000003,0.025889111082,0.027168113127,0.030612878862000002,0.035362227132999996
2026-06-04,0.022433087182000003,0.025816369773,0.027186496897,0.030698375728,0.035405247508
2026-06-05,0.022483485449999997,0.026015235946,0.027416503829000002,0.030877233984,0.035601061684
2026-06-08,0.022654228752000002,0.02623581458,0.027494781887,0.030920816898,0.035610852381
2026-06-09,0.022726176594999998,0.026189683991,0.027388981176999998,0.030992230173,0.035651625493
2026-06-10,0.022903250355,0.026354295416,0.02758899747,0.031162570344,0.03567956046
2026-06-11,0.023120563386000003,0.026089401632000003,0.027195887738,0.030798140633,0.03535953392
2026-06-12,0.022429608660000003,0.025775819706,0.027171402491,0.030694748442,0.035493524425
2026-06-15,0.022185553728,0.025184709728,0.02644518286,0.030089281275,0.035175208102000005
2026-06-16,0.022114202404,0.025154495370999997,0.026413653552,0.029923877689,0.034979407233
2026-06-17,0.022343082354,0.025267491655,0.026383072424,0.029854852656,0.034782589006
2026-06-18,0.022245448166999998,0.025543756810999997,0.026554253126999997,0.029853251782,0.034662655595
2026-06-19,0.022215863315,0.025758917710999998,0.026978875897,0.030367350672,0.035234725252
2026-06-22,0.022482595033,0.025451244434,0.026585607538,0.030093670766,0.035135259256
2026-06-23,0.022279035088,0.025038709416999996,0.026254953822,0.029707291004999997,0.034855596852
2026-06-24,0.022585863857,0.024861849188999998,0.026023430378999998,0.029379971807,0.034387058012999995
2026-06-25,0.022823025373000003,0.024756991249000004,0.025842262374999998,0.029160405586000002,0.034154691528
2026-06-26,0.022745107254,0.024528794927,0.025726645911,0.029223600013,0.03431584505
2026-06-29,0.022692239808,0.024767322680000002,0.025832305565,0.02922896152,0.034337128631
2026-06-30,0.022840063061,0.024760833371,0.025832140961999997,0.029244927445000003,0.034328195889000004
2026-07-01,0.022717874995999997,0.024738910102,0.026007725405,0.029633626284,0.034781107715
2026-07-02,0.022535242075,0.024543322029,0.026134132990999998,0.029878649254999997,0.035015988322
2026-07-03,0.022436554988,0.024707016791,0.026399820024,0.030061092915,0.03521088461
2026-07-06,0.022626787641,0.02484644142,0.026398757417,0.030156822508,0.035354000026
2026-07-07,0.022744072894,0.025291403047999997,0.026842697692,0.030568869592,0.035600160448
2026-07-08,0.023000924734,0.026192816299000003,0.027674297724999998,0.031370395898,0.036064247800000004
2026-07-09,0.023221883600000003,0.026146246593,0.027629193096,0.031292327833,0.036264877818
2026-07-10,0.02315956711,0.025992991792,0.027430484745,0.031085540184,0.036046634367
2026-07-13,0.022989437451,0.026446073262000002,0.027735159135,0.031247022419,0.036101462959
2026-07-14,0.022801212953,0.026874859602,0.028065063965,0.031462568028,0.036066505794
2026-07-15,0.023009946240999998,0.026761872416,0.028186573948999996,0.031544621071,0.036238787822999996
2026-07-16,0.023039819041,0.026989120042999998,0.028404902629,0.031773426637,0.036488581747
2026-07-17,0.023240439752,0.026977042564,0.028308837782,0.031521219932,0.036013319167
2026-07-20,0.023299925919,0.027099382231,0.028383450844999998,0.031678464688,0.036304430523
2026-07-21,0.023335688159,0.027373771255000002,0.028810290355,0.032100962672,0.036556526873
2026-07-22,0.023337121399,0.027617110552,0.028936592707,0.032040119707,0.036471730780999995
2026-07-23,0.023582798743,0.028005546841,0.029297354366000002,0.032247334899,0.036516235641999996
2026-07-24,0.023482050995,0.027719528205,0.02895428549,0.032069910464000005,0.036199846793
2026-07-27,0.023518589202000003,0.027295925773,0.028453102598,0.031657910287000005,0.035924870752
2026-07-28,0.023813387406,0.027075644189000003,0.02832496662,0.031579633503,0.035975047180000004
2026-07-29,0.023717395607,0.027319809841999998,0.028558961185,0.031750136065999995,0.035955137191
2026-07-30,0.024036200224000003,0.027130737912999997,0.028573493383,0.032006565473,0.036411084708
2026-07-31,0.023799961943,0.027607858383999997,0.028862471467000002,0.032273140986,0.03649297828
2026-08-03,0.023040582072000004,0.027020530741000002,0.028403902311999997,0.031854986168999996,0.036282141757
2026-08-04,0.022301120057000003,0.02662325091,0.027830677281999998,0.031462738472,0.03594400698
2026-08-05,0.022679194997,0.026703142615,0.027949326504999997,0.031466241785,0.03597391338
2026-08-06,0.02260013643,0.026725142222,0.028034029095999998,0.03146678757,0.035969961326
2026-08-07,0.023336337407999997,0.026658514849,0.028122030229,0.031523384986,0.036222157399000005
2026-08-10,0.023181738977,0.027207716312999997,0.028626583564,0.031993418585,0.036502435859
2026-08-11,0.023788811478,0.027087020959,0.028420500749,0.031760932477,0.036306983007
2026-08-12,0.023822184856000003,0.02700507465,0.028281038942,0.031654173208,0.03617482344
2026-08-13,0.023677189996000002,0.026909507954,0.028256743885,0.03155665028,0.036261895861
2026-08-14,0.02391983856,0.027276488204999998,0.028626555897,0.032125620965000004,0.036840205117
2026-08-17,0.023559328693000002,0.027360418851,0.028809118612,0.032423179071,0.037062623748
2026-08-18,0.023390792589,0.027804608813,0.029314854293,0.032885961981,0.037376224653
2026-08-19,0.023704951008,0.027807523845,0.029391624929,0.032782344774,0.037101950078
2026-08-20,0.023949677373,0.027913954425999997,0.029343209848999997,0.03279171221,0.037256022798
2026-08-21,0.024025962911,0.027610795861,0.029178118507,0.032710153757999995,0.037231960724
2026-08-24,0.024156054567999997,0.027963537279,0.029379974423,0.032803958027,0.037264562721000004
2026-08-25,0.0240266423,0.027504426576,0.028924588581999998,0.032448308736,0.036996040783
2026-08-26,0.024177118524,0.027553758658,0.028997889674,0.032485054634,0.036988250685
2026-08-27,0.024197224029,0.027850581120000002,0.029303421896000003,0.032772699104,0.03727135333
2026-08-28,0.024107944420999998,0.028053784303,0.029431702485,0.032789202996,0.037280126227
2026-08-31,0.024204690268,0.028560179313999998,0.030077482489,0.033395935506,0.037755565448
2026-09-01,0.024214883217,0.02876001251,0.030262018177,0.03355151665,0.037866516547
2026-09-02,0.024277378903,0.029132061618,0.030592781992,0.033918508877,0.037814353805
2026-09-03,0.024089847738999998,0.028856641467,0.030239952735000002,0.033646241735,0.037673585243
2026-09-04,0.024248131149,0.028766374270999998,0.030143403688,0.033464967596999996,0.037546400793
2026-09-07,0.024448601937999997,0.029133072338999998,0.030561757179,0.033894926929,0.037842131419
