Date,IEMG
2012-10-24,34.081302642822266
2012-10-25,34.30747604370117
2012-10-26,34.06010055541992
2012-10-31,34.08837127685547
2012-11-01,34.63261032104492
2012-11-02,34.32160568237305
2012-11-05,34.58313751220703
2012-11-06,34.82343673706055
2012-11-07,34.314544677734375
2012-11-08,33.96822738647461
2012-11-09,34.10956954956055
2012-11-12,34.1519889831543
2012-11-13,33.80565643310547
2012-11-14,33.381587982177734
2012-11-15,33.50174331665039
2012-11-16,33.57949447631836
2012-11-19,34.08837127685547
2012-11-20,33.99649429321289
2012-11-21,33.918758392333984
2012-11-23,34.47710418701172
2012-11-26,34.455909729003906
2012-11-27,34.20146179199219
2012-11-28,34.427642822265625
2012-11-29,34.68914794921875
2012-11-30,34.63261032104492
2012-12-03,34.68208312988281
2012-12-04,34.781028747558594
2012-12-05,35.10614776611328
2012-12-06,35.311119079589844
2012-12-07,35.452476501464844
2012-12-10,35.657447814941406
2012-12-11,35.76345443725586
2012-12-12,35.84121322631836
2012-12-13,35.72813415527344
2012-12-14,35.88361740112305
2012-12-17,35.91896057128906
2012-12-18,36.26038360595703
2012-12-19,36.26038360595703
2012-12-20,36.44455337524414
2012-12-21,35.89912796020508
2012-12-24,35.88496017456055
2012-12-26,36.16121292114258
2012-12-27,36.343997955322266
2012-12-28,36.414852142333984
2012-12-31,36.98160171508789
2013-01-02,37.73257827758789
2013-01-03,37.49169921875
2013-01-04,37.5129508972168
2013-01-07,37.300418853759766
2013-01-08,37.03828048706055
2013-01-09,37.22248458862305
2013-01-10,37.49169921875
2013-01-11,37.187068939208984
2013-01-14,37.33583450317383
2013-01-15,37.13038635253906
2013-01-16,37.12330627441406
2013-01-17,37.37834167480469
2013-01-18,37.38543701171875
2013-01-22,37.33583450317383
2013-01-23,37.14455795288086
2013-01-24,37.03828048706055
2013-01-25,36.93201446533203
2013-01-28,36.64154815673828
2013-01-29,37.06662368774414
2013-01-30,36.86117172241211
2013-01-31,36.8965950012207
2013-02-01,37.158721923828125
2013-02-04,36.68405532836914
2013-02-05,36.86117172241211
2013-02-06,36.79033279418945
2013-02-07,36.514034271240234
2013-02-08,36.79033279418945
2013-02-11,36.719478607177734
2013-02-12,36.76907730102539
2013-02-13,36.96036148071289
2013-02-14,36.98160171508789
2013-02-15,36.875335693359375
2013-02-19,36.85408020019531
2013-02-20,36.58486557006836
2013-02-21,36.23772430419922
2013-02-22,36.43610382080078
2013-02-25,35.91183853149414
2013-02-26,36.181053161621094
2013-02-27,36.52110290527344
2013-02-28,36.329830169677734
2013-03-01,36.421932220458984
2013-03-04,36.17396545410156
2013-03-05,36.5281982421875
2013-03-06,36.69113540649414
2013-03-07,36.79033279418945
2013-03-08,37.06662368774414
2013-03-11,36.8965950012207
2013-03-12,36.52110290527344
2013-03-13,36.23063659667969
2013-03-14,36.393585205078125
2013-03-15,36.08186340332031
2013-03-18,35.678043365478516
2013-03-19,35.4017448425293
2013-03-20,35.656795501708984
2013-03-21,35.288387298583984
2013-03-22,35.4017448425293
2013-03-25,35.35922622680664
2013-03-26,35.82682418823242
2013-03-27,35.89766311645508
2013-03-28,35.961429595947266
2013-04-01,35.628448486328125
2013-04-02,35.656795501708984
2013-04-03,35.27421951293945
2013-04-04,35.1821174621582
2013-04-05,35.09710693359375
2013-04-08,35.11127471923828
2013-04-09,35.423004150390625
2013-04-10,35.77015686035156
2013-04-11,35.77015686035156
2013-04-12,35.34507369995117
2013-04-15,34.44532012939453
2013-04-16,35.21753692626953
2013-04-17,34.68620300292969
2013-04-18,34.71454620361328
2013-04-19,35.21753692626953
2013-04-22,35.380489349365234
2013-04-23,35.536354064941406
2013-04-24,35.663875579833984
2013-04-25,35.92600631713867
2013-04-26,35.67095184326172
2013-04-29,36.025184631347656
2013-04-30,36.46443557739258
2013-05-01,36.096031188964844
2013-05-02,36.386505126953125
2013-05-03,36.69113540649414
2013-05-06,36.69822311401367
2013-05-07,36.98160171508789
2013-05-08,37.22957229614258
2013-05-09,36.93910598754883
2013-05-10,36.676971435546875
2013-05-13,36.43610382080078
2013-05-14,36.58486557006836
2013-05-15,36.61321258544922
2013-05-16,36.49277114868164
2013-05-17,36.60612487792969
2013-05-20,36.719478607177734
2013-05-21,36.733642578125
2013-05-22,36.32273864746094
2013-05-23,36.039363861083984
2013-05-24,35.805572509765625
2013-05-28,35.954341888427734
2013-05-29,35.63553237915039
2013-05-30,35.564693450927734
2013-05-31,34.870399475097656
2013-06-03,35.3663215637207
2013-06-04,34.9908332824707
2013-06-05,34.40989685058594
2013-06-06,34.66495132446289
2013-06-07,34.42406463623047
2013-06-10,33.99190139770508
2013-06-11,33.40388870239258
2013-06-12,33.19135284423828
2013-06-13,33.736854553222656
2013-06-14,33.21969223022461
2013-06-17,33.52431869506836
2013-06-18,33.58808135986328
2013-06-19,32.660003662109375
2013-06-20,31.235998153686523
2013-06-21,31.689407348632812
2013-06-24,31.12972640991211
2013-06-25,31.61856460571289
2013-06-26,32.10032653808594
2013-06-27,32.633731842041016
2013-06-28,32.93404006958008
2013-07-01,32.94834518432617
2013-07-02,32.47643280029297
2013-07-03,32.2547721862793
2013-07-05,31.997356414794922
2013-07-08,31.99021339416504
2013-07-09,32.34772491455078
2013-07-10,32.118919372558594
2013-07-11,33.513206481933594
2013-07-12,33.18429183959961
2013-07-15,33.62046432495117
2013-07-16,33.69911575317383
2013-07-17,33.94222640991211
2013-07-18,33.66337203979492
2013-07-19,33.5489501953125
2013-07-22,33.806373596191406
2013-07-23,34.163883209228516
2013-07-24,33.792057037353516
2013-07-25,34.03517532348633
2013-07-26,33.98512268066406
2013-07-29,33.57755661010742
2013-07-30,33.4846076965332
2013-07-31,33.27724838256836
2013-08-01,33.806373596191406
2013-08-02,33.86357116699219
2013-08-05,33.656211853027344
2013-08-06,33.284393310546875
2013-08-07,32.93404006958008
2013-08-08,33.52751541137695
2013-08-09,33.62046432495117
2013-08-12,33.842124938964844
2013-08-13,34.02802276611328
2013-08-14,34.12812042236328
2013-08-15,33.720558166503906
2013-08-16,33.513206481933594
2013-08-19,32.89113998413086
2013-08-20,32.88398361206055
2013-08-21,32.111759185791016
2013-08-22,32.58366775512695
2013-08-23,32.93404006958008
2013-08-26,32.633731842041016
2013-08-27,31.88295555114746
2013-08-28,31.947311401367188
2013-08-29,32.21186065673828
2013-08-30,32.44782638549805
2013-09-03,32.71951675415039
2013-09-04,33.205753326416016
2013-09-05,33.50606155395508
2013-09-06,33.970829010009766
2013-09-09,34.785953521728516
2013-09-10,35.114864349365234
2013-09-11,35.08625793457031
2013-09-12,34.7287483215332
2013-09-13,34.921810150146484
2013-09-16,35.257877349853516
2013-09-17,35.25071716308594
2013-09-18,36.61642074584961
2013-09-19,36.552066802978516
2013-09-20,35.75838851928711
2013-09-23,35.84419250488281
2013-09-24,35.6010856628418
2013-09-25,35.372276306152344
2013-09-26,35.47237777709961
2013-09-27,35.08625793457031
2013-09-30,34.785953521728516
2013-10-01,35.429473876953125
2013-10-02,35.529571533203125
2013-10-03,35.40802764892578
2013-10-04,35.80128860473633
2013-10-07,35.493831634521484
2013-10-08,35.2149772644043
2013-10-09,35.5367317199707
2013-10-10,36.273197174072266
2013-10-11,36.46626281738281
2013-10-14,36.602115631103516
2013-10-15,36.28035354614258
2013-10-16,36.57351303100586
2013-10-17,36.76656723022461
2013-10-18,36.838077545166016
2013-10-21,36.80232620239258
2013-10-22,37.10979080200195
2013-10-23,36.30180740356445
2013-10-24,36.29465866088867
2013-10-25,36.46626281738281
2013-10-28,36.5949592590332
2013-10-29,36.680763244628906
2013-10-30,36.52346420288086
2013-10-31,36.20885467529297
2013-11-01,36.17310333251953
2013-11-04,36.3733024597168
2013-11-05,35.72264099121094
2013-11-06,35.851348876953125
2013-11-07,35.186370849609375
2013-11-08,35.14346694946289
2013-11-11,34.9146614074707
2013-11-12,34.6786994934082
2013-11-13,34.80025863647461
2013-11-14,35.279319763183594
2013-11-15,35.91569137573242
2013-11-18,36.216007232666016
2013-11-19,36.03010177612305
2013-11-20,35.593929290771484
2013-11-21,35.5867919921875
2013-11-22,35.7869873046875
2013-11-25,35.40802764892578
2013-11-26,35.5009765625
2013-11-27,35.736934661865234
2013-11-29,36.00149154663086
2013-12-02,35.32936096191406
2013-12-03,35.24357223510742
2013-12-04,35.272178649902344
2013-12-05,35.06481170654297
2013-12-06,35.75838851928711
2013-12-09,35.83704376220703
2013-12-10,35.84419250488281
2013-12-11,35.10055923461914
2013-12-12,34.95756149291992
2013-12-13,35.021907806396484
2013-12-16,35.17207336425781
2013-12-17,34.88606643676758
2013-12-18,35.54365539550781
2013-12-19,34.93730926513672
2013-12-20,34.922874450683594
2013-12-23,35.17551803588867
2013-12-24,35.32710647583008
2013-12-26,35.05280303955078
2013-12-27,35.572532653808594
2013-12-30,35.65915298461914
2013-12-31,35.95511245727539
2014-01-02,34.69910430908203
2014-01-03,34.67022705078125
2014-01-06,34.345394134521484
2014-01-07,34.533077239990234
2014-01-08,34.439231872558594
2014-01-09,34.29486846923828
2014-01-10,34.807376861572266
2014-01-13,34.46810531616211
2014-01-14,34.81459426879883
2014-01-15,34.807376861572266
2014-01-16,34.6485710144043
2014-01-17,34.496986389160156
2014-01-21,34.439231872558594
2014-01-22,34.83625411987305
2014-01-23,34.02778244018555
2014-01-24,33.11825942993164
2014-01-27,32.916141510009766
2014-01-28,33.2409782409668
2014-01-29,32.764556884765625
2014-01-30,33.06049728393555
2014-01-31,33.0821647644043
2014-02-03,32.237606048583984
2014-02-04,32.82229995727539
2014-02-05,32.764556884765625
2014-02-06,33.414215087890625
2014-02-07,33.52970886230469
2014-02-10,33.262630462646484
2014-02-11,33.926727294921875
2014-02-12,33.8834114074707
2014-02-13,34.00613021850586
2014-02-14,34.33818435668945
2014-02-18,34.08552551269531
2014-02-19,33.85454559326172
2014-02-20,33.9916877746582
2014-02-21,34.2082405090332
2014-02-24,34.215457916259766
2014-02-25,33.85454559326172
2014-02-26,33.81843948364258
2014-02-27,34.42479705810547
2014-02-28,34.201026916503906
2014-03-03,33.717384338378906
2014-03-04,34.22990417480469
2014-03-05,34.32374572753906
2014-03-06,34.77127456665039
2014-03-07,34.367042541503906
2014-03-10,34.114402770996094
2014-03-11,33.78958511352539
2014-03-12,33.85454559326172
2014-03-13,33.21932601928711
2014-03-14,33.43586730957031
2014-03-17,33.81122970581055
2014-03-18,34.25876998901367
2014-03-19,33.62355041503906
2014-03-20,33.702945709228516
2014-03-21,33.912288665771484
2014-03-24,34.092750549316406
2014-03-25,34.496986389160156
2014-03-26,34.52585220336914
2014-03-27,34.95896911621094
2014-03-28,35.19716262817383
2014-03-31,35.42817306518555
2014-04-01,35.79631042480469
2014-04-02,35.9478874206543
2014-04-03,35.73133850097656
2014-04-04,35.673583984375
2014-04-07,35.7818603515625
2014-04-08,36.193321228027344
2014-04-09,36.510929107666016
2014-04-10,36.128353118896484
2014-04-11,36.121131896972656
2014-04-14,36.0489501953125
2014-04-15,35.630287170410156
2014-04-16,36.020076751708984
2014-04-17,36.29438018798828
2014-04-21,36.171661376953125
2014-04-22,36.077823638916016
2014-04-23,35.83961868286133
2014-04-24,35.89014434814453
2014-04-25,35.42094039916992
2014-04-28,35.60862350463867
2014-04-29,35.79631042480469
2014-04-30,35.7746467590332
2014-05-01,35.81795883178711
2014-05-02,35.9334602355957
2014-05-05,35.78908157348633
2014-05-06,35.91901397705078
2014-05-07,36.077823638916016
2014-05-08,36.04172134399414
2014-05-09,36.01286315917969
2014-05-12,36.50370788574219
2014-05-13,36.626426696777344
2014-05-14,36.857418060302734
2014-05-15,36.56146240234375
2014-05-16,36.99456024169922
2014-05-19,37.01622009277344
2014-05-20,36.68417739868164
2014-05-21,36.9656982421875
2014-05-22,37.211116790771484
2014-05-23,37.21833801269531
2014-05-27,36.9079475402832
2014-05-28,37.10284423828125
2014-05-29,37.1894645690918
2014-05-30,36.77801513671875
2014-06-02,36.88628387451172
2014-06-03,37.030662536621094
2014-06-04,36.871856689453125
2014-06-05,37.203895568847656
2014-06-06,37.57204818725586
2014-06-09,37.69474792480469
2014-06-10,37.86799621582031
2014-06-11,37.74528503417969
2014-06-12,37.60813522338867
2014-06-13,37.6153564453125
2014-06-16,37.44211196899414
2014-06-17,37.41323471069336
2014-06-18,37.81747817993164
2014-06-19,37.65144729614258
2014-06-20,37.564815521240234
2014-06-23,37.47098159790039
2014-06-24,37.456546783447266
2014-06-25,37.5614013671875
2014-06-26,37.5977897644043
2014-06-27,37.714290618896484
2014-06-30,37.641475677490234
2014-07-01,37.95454406738281
2014-07-02,38.16569519042969
2014-07-03,38.38410949707031
2014-07-07,38.36227035522461
2014-07-08,38.19480895996094
2014-07-09,38.40595245361328
2014-07-10,38.209373474121094
2014-07-11,38.187530517578125
2014-07-14,38.46421432495117
2014-07-15,38.42051696777344
2014-07-16,38.52973556518555
2014-07-17,37.83805465698242
2014-07-18,38.413238525390625
2014-07-21,38.53700256347656
2014-07-22,38.915611267089844
2014-07-23,38.90833282470703
2014-07-24,39.0539436340332
2014-07-25,38.893768310546875
2014-07-28,39.17042922973633
2014-07-29,38.90105438232422
2014-07-30,38.73359298706055
2014-07-31,38.02007293701172
2014-08-01,38.31858444213867
2014-08-04,38.653499603271484
2014-08-05,38.05647659301758
2014-08-06,37.86717224121094
2014-08-07,37.707008361816406
2014-08-08,38.05647659301758
2014-08-11,38.50788879394531
2014-08-12,38.5224494934082
2014-08-13,38.75543975830078
2014-08-14,38.806400299072266
2014-08-15,38.71174621582031
2014-08-18,39.03938674926758
2014-08-19,39.25052261352539
2014-08-20,39.14860153198242
2014-08-21,39.03938674926758
2014-08-22,39.00297546386719
2014-08-25,39.26508712768555
2014-08-26,39.4835090637207
2014-08-27,39.599998474121094
2014-08-28,39.294212341308594
2014-08-29,39.286922454833984
2014-09-02,39.27236557006836
2014-09-03,39.7674560546875
2014-09-04,39.63639450073242
2014-09-05,39.96403503417969
2014-09-08,39.541751861572266
2014-09-09,39.07577896118164
2014-09-10,38.99570083618164
2014-09-11,38.74087142944336
2014-09-12,38.34770584106445
2014-09-15,38.17296600341797
2014-09-16,38.580684661865234
2014-09-17,38.209373474121094
2014-09-18,38.28946304321289
2014-09-19,38.07832717895508
2014-09-22,37.5177001953125
2014-09-23,37.2920036315918
2014-09-24,37.83078384399414
2014-09-25,36.99348831176758
2014-09-26,37.204627990722656
2014-09-29,36.469268798828125
2014-09-30,36.43287658691406
2014-10-01,35.821292877197266
2014-10-02,35.9450569152832
2014-10-03,36.24357604980469
2014-10-06,36.70226287841797
2014-10-07,36.32365798950195
2014-10-08,36.86971664428711
2014-10-09,36.301822662353516
2014-10-10,35.5155029296875
2014-10-13,35.86497497558594
2014-10-14,35.98146057128906
2014-10-15,35.617427825927734
2014-10-16,35.32619094848633
2014-10-17,35.65383529663086
2014-10-20,35.77761459350586
2014-10-21,35.901390075683594
2014-10-22,35.69023132324219
2014-10-23,35.72663497924805
2014-10-24,35.9450569152832
2014-10-27,35.610145568847656
2014-10-28,36.272701263427734
2014-10-29,36.236305236816406
2014-10-30,36.6003303527832
2014-10-31,36.71683120727539
2014-11-03,36.48383712768555
2014-11-04,36.50568771362305
2014-11-05,36.22174072265625
2014-11-06,35.784889221191406
2014-11-07,36.003299713134766
2014-11-10,36.06883239746094
2014-11-11,36.06883239746094
2014-11-12,35.98146057128906
2014-11-13,35.908660888671875
2014-11-14,36.170780181884766
2014-11-17,35.821292877197266
2014-11-18,35.996028900146484
2014-11-19,36.003299713134766
2014-11-20,35.93049240112305
2014-11-21,36.92796325683594
2014-11-24,36.673126220703125
2014-11-25,36.469268798828125
2014-11-26,36.87700271606445
2014-11-28,36.24357604980469
2014-12-01,35.66839599609375
2014-12-02,35.64655685424805
2014-12-03,35.77032470703125
2014-12-04,35.828575134277344
2014-12-05,35.784889221191406
2014-12-08,35.275230407714844
2014-12-09,34.95488357543945
2014-12-10,34.488914489746094
2014-12-11,34.20497131347656
2014-12-12,33.68803787231445
2014-12-15,33.17837905883789
2014-12-16,33.08372116088867
2014-12-17,33.880531311035156
2014-12-18,34.20545196533203
2014-12-19,34.382686614990234
2014-12-22,34.78144454956055
2014-12-23,34.47867965698242
2014-12-24,34.57468032836914
2014-12-26,34.84052658081055
2014-12-29,34.700218200683594
2014-12-30,34.722373962402344
2014-12-31,34.72975158691406
2015-01-02,34.40483474731445
2015-01-05,33.880531311035156
2015-01-06,33.70330047607422
2015-01-07,34.3974494934082
2015-01-08,35.010372161865234
2015-01-09,34.884830474853516
2015-01-12,34.626373291015625
2015-01-13,34.9069938659668
2015-01-14,34.7592887878418
2015-01-15,34.78144454956055
2015-01-16,35.02513885498047
2015-01-20,34.958675384521484
2015-01-21,35.64544677734375
2015-01-22,36.28791046142578
2015-01-23,36.03683090209961
2015-01-26,36.05160140991211
2015-01-27,35.91129684448242
2015-01-28,35.51990509033203
2015-01-29,35.578983306884766
2015-01-30,34.722373962402344
2015-02-02,35.305755615234375
2015-02-03,35.903907775878906
2015-02-04,35.74882888793945
2015-02-05,35.97036361694336
2015-02-06,35.39437484741211
2015-02-09,35.335289001464844
2015-02-10,35.25406265258789
2015-02-11,35.02513885498047
2015-02-12,35.73405456542969
2015-02-13,36.08852005004883
2015-02-17,36.00728225708008
2015-02-18,36.02206802368164
2015-02-19,35.88174819946289
2015-02-20,36.08114242553711
2015-02-23,35.8005256652832
2015-02-24,36.25098419189453
2015-02-25,36.206668853759766
2015-02-26,36.17713928222656
2015-02-27,36.18452835083008
2015-03-02,36.15498733520508
2015-03-03,35.91868209838867
2015-03-04,35.60113525390625
2015-03-05,35.55683135986328
2015-03-06,35.04728698730469
2015-03-09,34.914363861083984
2015-03-10,34.15375518798828
2015-03-11,34.37528991699219
2015-03-12,34.61159896850586
2015-03-13,34.18329620361328
2015-03-16,34.60421371459961
2015-03-17,34.94389724731445
2015-03-18,35.71189880371094
2015-03-19,35.165443420410156
2015-03-20,35.63067626953125
2015-03-23,35.77098846435547
2015-03-24,35.859596252441406
2015-03-25,35.350059509277344
2015-03-26,35.106380462646484
2015-03-27,35.202362060546875
2015-03-30,35.8005256652832
2015-03-31,35.68975067138672
2015-04-01,36.18452835083008
2015-04-02,36.66452407836914
2015-04-06,37.151912689208984
2015-04-07,36.96729278564453
2015-04-08,37.727901458740234
2015-04-09,38.09713363647461
2015-04-10,38.126670837402344
2015-04-13,37.95682907104492
2015-04-14,38.126670837402344
2015-04-15,38.31867218017578
2015-04-16,38.680511474609375
2015-04-17,37.927284240722656
2015-04-20,37.927284240722656
2015-04-21,38.14883041381836
2015-04-22,38.5180549621582
2015-04-23,38.81343460083008
2015-04-24,38.9094352722168
2015-04-27,39.05712127685547
2015-04-28,39.18267059326172
2015-04-29,38.74698257446289
2015-04-30,38.28174591064453
2015-05-01,38.429439544677734
2015-05-04,38.63621139526367
2015-05-05,38.25960159301758
2015-05-06,37.809139251708984
2015-05-07,37.69097900390625
2015-05-08,38.20790100097656
2015-05-11,37.82389831542969
2015-05-12,37.750057220458984
2015-05-13,37.86082458496094
2015-05-14,38.274356842041016
2015-05-15,38.5180549621582
2015-05-18,38.18574142456055
2015-05-19,38.25220489501953
2015-05-20,38.25220489501953
2015-05-21,38.134063720703125
2015-05-22,38.2374382019043
2015-05-26,37.668819427490234
2015-05-27,37.720523834228516
2015-05-28,37.24789810180664
2015-05-29,36.88605499267578
2015-06-01,36.81221389770508
2015-06-02,36.9229736328125
2015-06-03,36.753143310546875
2015-06-04,36.22882843017578
2015-06-05,36.02206802368164
2015-06-08,36.044212341308594
2015-06-09,35.78574752807617
2015-06-10,36.2362060546875
2015-06-11,36.15498733520508
2015-06-12,36.12544631958008
2015-06-15,35.75621032714844
2015-06-16,35.73405456542969
2015-06-17,35.95560073852539
2015-06-18,36.3248291015625
2015-06-19,36.05160140991211
2015-06-22,36.47251892089844
2015-06-23,36.8343620300293
2015-06-24,36.590667724609375
2015-06-25,36.440147399902344
2015-06-26,36.17932891845703
2015-06-29,35.31489181518555
2015-06-30,35.79927444458008
2015-07-01,35.8514404296875
2015-07-02,35.99302291870117
2015-07-06,34.934837341308594
2015-07-07,34.33869171142578
2015-07-08,33.11656188964844
2015-07-09,33.83940505981445
2015-07-10,34.696388244628906
2015-07-13,34.964656829833984
2015-07-14,35.024269104003906
2015-07-15,34.62931823730469
2015-07-16,35.06153106689453
2015-07-17,35.009368896484375
2015-07-20,34.79326248168945
2015-07-21,34.808162689208984
2015-07-22,34.35359191894531
2015-07-23,34.055511474609375
2015-07-24,33.57113265991211
2015-07-27,32.87810516357422
2015-07-28,33.22834396362305
2015-07-29,33.54132080078125
2015-07-30,33.20598602294922
2015-07-31,33.4518928527832
2015-08-03,32.93026351928711
2015-08-04,33.04949188232422
2015-08-05,33.10911178588867
2015-08-06,32.855735778808594
2015-08-07,32.84829330444336
2015-08-10,33.422096252441406
2015-08-11,32.59492492675781
2015-08-12,32.14780807495117
2015-08-13,32.11799621582031
2015-08-14,32.19996643066406
2015-08-17,31.84228515625
2015-08-18,31.48458480834961
2015-08-19,31.074724197387695
2015-08-20,30.575439453125
2015-08-21,29.584327697753906
2015-08-24,28.235519409179688
2015-08-25,28.68264389038086
2015-08-26,29.658855438232422
2015-08-27,30.836259841918945
2015-08-28,30.486026763916016
2015-08-31,30.32207489013672
2015-09-01,29.278799057006836
2015-09-02,29.7780818939209
2015-09-03,29.845142364501953
2015-09-04,28.913650512695312
2015-09-08,29.860050201416016
2015-09-09,29.748262405395508
2015-09-10,30.076156616210938
2015-09-11,30.210298538208008
2015-09-14,30.13576889038086
2015-09-15,30.4040470123291
2015-09-16,31.111984252929688
2015-09-17,31.089632034301758
2015-09-18,30.530725479125977
2015-09-21,30.560535430908203
2015-09-22,29.986736297607422
2015-09-23,29.554521560668945
2015-09-24,29.43528938293457
2015-09-25,29.412933349609375
2015-09-28,28.727354049682617
2015-09-29,28.936010360717773
2015-09-30,29.72591209411621
2015-10-01,29.91221809387207
2015-10-02,30.597795486450195
2015-10-05,31.238666534423828
2015-10-06,31.171594619750977
2015-10-07,31.89443016052246
2015-10-08,32.244693756103516
2015-10-09,32.334110260009766
2015-10-12,32.177616119384766
2015-10-13,31.66342544555664
2015-10-14,31.93169593811035
2015-10-15,32.684349060058594
2015-10-16,32.63964080810547
2015-10-19,32.31920623779297
2015-10-20,32.31175231933594
2015-10-21,31.92424964904785
2015-10-22,32.55021286010742
2015-10-23,32.71415710449219
2015-10-26,32.45333480834961
2015-10-27,32.125450134277344
2015-10-28,31.819921493530273
2015-10-29,31.53673553466797
2015-10-30,31.551645278930664
2015-11-02,32.14780807495117
2015-11-03,32.535316467285156
2015-11-04,32.31175231933594
2015-11-05,32.30429458618164
2015-11-06,31.92424964904785
2015-11-09,31.14179229736328
2015-11-10,31.044918060302734
2015-11-11,31.119426727294922
2015-11-12,30.798999786376953
2015-11-13,30.4040470123291
2015-11-16,30.970394134521484
2015-11-17,30.8958797454834
2015-11-18,31.208866119384766
2015-11-19,31.45477294921875
2015-11-20,31.752857208251953
2015-11-23,31.492033004760742
2015-11-24,31.61871910095215
2015-11-25,31.439863204956055
2015-11-27,30.851160049438477
2015-11-30,30.82880401611328
2015-12-01,31.074724197387695
2015-12-02,30.73193359375
2015-12-03,30.56798553466797
2015-12-04,30.761743545532227
2015-12-07,30.27735710144043
2015-12-08,29.9345645904541
2015-12-09,29.666305541992188
2015-12-10,29.450191497802734
2015-12-11,28.66773223876953
2015-12-14,29.085046768188477
2015-12-15,29.554521560668945
2015-12-16,30.076156616210938
2015-12-17,29.72591209411621
2015-12-18,29.6141357421875
2015-12-21,29.868005752563477
2015-12-22,30.117351531982422
2015-12-23,30.48002815246582
2015-12-24,30.351577758789062
2015-12-28,30.17780113220215
2015-12-29,30.238245010375977
2015-12-30,29.80756187438965
2015-12-31,29.762224197387695
2016-01-04,29.00664710998535
2016-01-05,29.07465171813965
2016-01-06,28.553306579589844
2016-01-07,27.69194221496582
2016-01-08,27.4274959564209
2016-01-11,27.397268295288086
2016-01-12,27.41993522644043
2016-01-13,27.125255584716797
2016-01-14,27.472824096679688
2016-01-15,26.339462280273438
2016-01-19,26.77769660949707
2016-01-20,26.211015701293945
2016-01-21,26.3319034576416
2016-01-22,27.155485153198242
2016-01-25,26.71725082397461
2016-01-26,27.072372436523438
2016-01-27,26.95903205871582
2016-01-28,27.35948944091797
2016-01-29,28.213293075561523
2016-02-01,27.971513748168945
2016-02-02,27.1328182220459
2016-02-03,27.827951431274414
2016-02-04,27.99417495727539
2016-02-05,27.69194221496582
2016-02-08,27.33682632446289
2016-02-09,26.95903205871582
2016-02-10,27.072372436523438
2016-02-11,26.649246215820312
2016-02-12,27.04214859008789
2016-02-16,27.601274490356445
2016-02-17,28.145296096801758
2016-02-18,27.971513748168945
2016-02-19,27.858171463012695
2016-02-22,28.530637741088867
2016-02-23,27.948841094970703
2016-02-24,27.903507232666016
2016-02-25,27.99417495727539
2016-02-26,27.714618682861328
2016-02-29,27.941287994384766
2016-03-01,28.938655853271484
2016-03-02,29.30132484436035
2016-03-03,29.588443756103516
2016-03-04,30.17780113220215
2016-03-07,30.10979461669922
2016-03-08,29.633787155151367
2016-03-09,29.792451858520508
2016-03-10,29.86045265197754
2016-03-11,30.51025390625
2016-03-14,30.29113006591797
2016-03-15,29.86045265197754
2016-03-16,30.449804306030273
2016-03-17,31.099599838256836
2016-03-18,31.197834014892578
2016-03-21,31.31871795654297
2016-03-22,31.24315643310547
2016-03-23,30.71426773071289
2016-03-24,30.653812408447266
2016-03-28,30.76715850830078
2016-03-29,31.144935607910156
2016-03-30,31.492502212524414
2016-03-31,31.44717025756836
2016-04-01,31.386720657348633
2016-04-04,31.054262161254883
2016-04-05,30.472476959228516
2016-04-06,30.865379333496094
2016-04-07,30.27602195739746
2016-04-08,30.759592056274414
2016-04-11,31.12982749938965
2016-04-12,31.6058406829834
2016-04-13,32.127193450927734
2016-04-14,31.99118423461914
2016-04-15,31.82496452331543
2016-04-18,31.976070404052734
2016-04-19,32.467201232910156
2016-04-20,32.293418884277344
2016-04-21,31.960969924926758
2016-04-22,31.79473304748535
2016-04-25,31.620952606201172
2016-04-26,31.9080753326416
2016-04-27,32.074302673339844
2016-04-28,31.787185668945312
2016-04-29,31.658729553222656
2016-05-02,31.583173751831055
2016-05-03,30.76715850830078
2016-05-04,30.321365356445312
2016-05-05,30.31380844116211
2016-05-06,30.36669921875
2016-05-09,29.94356918334961
2016-05-10,30.54047393798828
2016-05-11,30.472476959228516
2016-05-12,30.381807327270508
2016-05-13,29.86045265197754
2016-05-16,30.185344696044922
2016-05-17,30.064464569091797
2016-05-18,29.830232620239258
2016-05-19,29.588443756103516
2016-05-20,29.86045265197754
2016-05-23,29.792451858520508
2016-05-24,30.087127685546875
2016-05-25,30.381807327270508
2016-05-26,30.55558204650879
2016-05-27,30.55558204650879
2016-05-31,30.5782527923584
2016-06-01,30.5858097076416
2016-06-02,30.820035934448242
2016-06-03,31.2507266998291
2016-06-06,31.50005340576172
2016-06-07,31.79473304748535
2016-06-08,32.02141189575195
2016-06-09,31.666282653808594
2016-06-10,30.925823211669922
2016-06-13,30.495141983032227
2016-06-14,30.40446662902832
2016-06-15,30.67647933959961
2016-06-16,30.60091781616211
2016-06-17,30.64626121520996
2016-06-20,31.15249252319336
2016-06-21,31.40183448791504
2016-06-22,31.433095932006836
2016-06-23,32.180419921875
2016-06-24,30.296873092651367
2016-06-27,29.946096420288086
2016-06-28,30.830673217773438
2016-06-29,31.562740325927734
2016-06-30,31.905895233154297
2016-07-01,32.14229965209961
2016-07-05,31.532228469848633
2016-07-06,31.41021728515625
2016-07-07,31.364465713500977
2016-07-08,32.005035400390625
2016-07-11,32.26430130004883
2016-07-12,32.737098693847656
2016-07-13,32.66083908081055
2016-07-14,33.11076354980469
2016-07-15,33.0421257019043
2016-07-18,33.3013916015625
2016-07-19,32.973487854003906
2016-07-20,33.14888381958008
2016-07-21,33.072628021240234
2016-07-22,33.3013916015625
2016-07-25,32.98873519897461
2016-07-26,33.21751022338867
2016-07-27,33.32426834106445
2016-07-28,33.33190155029297
2016-07-29,33.53017044067383
2016-08-01,33.45391082763672
2016-08-02,33.26326370239258
2016-08-03,33.37002182006836
2016-08-04,33.560672760009766
2016-08-05,33.926692962646484
2016-08-08,34.14022445678711
2016-08-09,34.39187240600586
2016-08-10,34.37662124633789
2016-08-11,34.788394927978516
2016-08-12,34.67402267456055
2016-08-15,35.024803161621094
2016-08-16,34.83416748046875
2016-08-17,34.66639709472656
2016-08-18,34.96379470825195
2016-08-19,34.765525817871094
2016-08-22,34.2927360534668
2016-08-23,34.17072296142578
2016-08-24,34.262229919433594
2016-08-25,34.277496337890625
2016-08-26,34.025840759277344
2016-08-29,34.262229919433594
2016-08-30,34.22410202026367
2016-08-31,33.86569595336914
2016-09-01,34.13259506225586
2016-09-02,34.590145111083984
2016-09-06,35.29932403564453
2016-09-07,35.245948791503906
2016-09-08,35.11631774902344
2016-09-09,34.010589599609375
2016-09-12,34.2927360534668
2016-09-13,33.438655853271484
2016-09-14,33.568294525146484
2016-09-15,34.14022445678711
2016-09-16,33.934326171875
2016-09-19,34.16310119628906
2016-09-20,34.1783561706543
2016-09-21,35.11631774902344
2016-09-22,35.30695343017578
2016-09-23,34.84940719604492
2016-09-26,34.4071159362793
2016-09-27,34.89516067504883
2016-09-28,35.20018768310547
2016-09-29,34.590145111083984
2016-09-30,34.780784606933594
2016-10-03,34.98667526245117
2016-10-04,34.62826156616211
2016-10-05,35.146820068359375
2016-10-06,35.123939514160156
2016-10-07,34.96379470825195
2016-10-10,35.27645492553711
2016-10-11,34.490997314453125
2016-10-12,34.46049880981445
2016-10-13,34.16310119628906
2016-10-14,34.19359588623047
2016-10-17,34.16310119628906
2016-10-18,34.788394927978516
2016-10-19,34.96379470825195
2016-10-20,34.86465835571289
2016-10-21,34.84178924560547
2016-10-24,35.001930236816406
2016-10-25,35.001930236816406
2016-10-26,34.65113830566406
2016-10-27,34.368988037109375
2016-10-28,34.231727600097656
2016-10-31,34.422367095947266
2016-11-01,34.13259506225586
2016-11-02,33.743682861328125
2016-11-03,33.64454650878906
2016-11-04,33.316646575927734
2016-11-07,34.44525146484375
2016-11-08,34.66639709472656
2016-11-09,33.60641860961914
2016-11-10,32.69896697998047
2016-11-11,32.0812873840332
2016-11-14,31.822006225585938
2016-11-15,32.49307632446289
2016-11-16,32.24142074584961
2016-11-17,32.28717803955078
2016-11-18,32.165164947509766
2016-11-21,32.439697265625
2016-11-22,32.843849182128906
2016-11-23,32.5235710144043
2016-11-25,32.66083908081055
2016-11-28,32.83623504638672
2016-11-29,32.88960647583008
2016-11-30,32.996376037597656
2016-12-01,32.615081787109375
2016-12-02,32.576942443847656
2016-12-05,32.82859802246094
2016-12-06,32.981117248535156
2016-12-07,33.49966812133789
2016-12-08,33.629295349121094
2016-12-09,33.492034912109375
2016-12-12,33.26326370239258
2016-12-13,33.621673583984375
2016-12-14,32.676090240478516
2016-12-15,32.7828483581543
2016-12-16,32.64558792114258
2016-12-19,32.42444610595703
2016-12-20,32.49307632446289
2016-12-21,32.36626434326172
2016-12-22,32.026058197021484
2016-12-23,32.18069839477539
2016-12-27,32.288944244384766
2016-12-28,32.497711181640625
2016-12-29,33.008026123046875
2016-12-30,32.82246398925781
2017-01-03,33.178131103515625
2017-01-04,33.47195816040039
2017-01-05,33.858551025390625
2017-01-06,33.70390319824219
2017-01-09,33.6265869140625
2017-01-10,33.858551025390625
2017-01-11,34.1910285949707
2017-01-12,34.353397369384766
2017-01-13,34.34566116333008
2017-01-17,34.33792495727539
2017-01-18,34.18329620361328
2017-01-19,34.04411315917969
2017-01-20,34.160099029541016
2017-01-23,34.67041015625
2017-01-24,34.87144088745117
2017-01-25,35.19618606567383
2017-01-26,35.049285888671875
2017-01-27,35.04154586791992
2017-01-30,34.89463806152344
2017-01-31,34.97969436645508
2017-02-01,35.02607345581055
2017-02-02,35.18073272705078
2017-02-03,35.397212982177734
2017-02-06,35.33536911010742
2017-02-07,35.165260314941406
2017-02-08,35.412681579589844
2017-02-09,35.55959701538086
2017-02-10,35.82248306274414
2017-02-13,35.96938705444336
2017-02-14,35.984859466552734
2017-02-15,36.28639602661133
2017-02-16,36.14722442626953
2017-02-17,36.000328063964844
2017-02-21,36.379188537597656
2017-02-22,36.47197723388672
2017-02-23,36.5106315612793
2017-02-24,36.12403106689453
2017-02-27,35.977134704589844
2017-02-28,35.691036224365234
2017-03-01,36.21681213378906
2017-03-02,35.60598373413086
2017-03-03,35.86114501953125
2017-03-06,35.868873596191406
2017-03-07,35.93073272705078
2017-03-08,35.61372756958008
2017-03-09,35.31990051269531
2017-03-10,35.683311462402344
2017-03-13,36.15495300292969
2017-03-14,35.96938705444336
2017-03-15,36.87403869628906
2017-03-16,37.08280944824219
2017-03-17,37.075069427490234
2017-03-20,37.48488235473633
2017-03-21,37.028682708740234
2017-03-22,37.22970962524414
2017-03-23,37.252899169921875
2017-03-24,37.33795928955078
2017-03-27,37.24516677856445
2017-03-28,37.307029724121094
2017-03-29,37.399818420410156
2017-03-30,37.198787689208984
2017-03-31,36.951358795166016
2017-04-03,37.19105529785156
2017-04-04,37.22198486328125
2017-04-05,37.09053039550781
2017-04-06,37.05961608886719
2017-04-07,37.0054817199707
2017-04-10,36.8276481628418
2017-04-11,36.781246185302734
2017-04-12,36.951358795166016
2017-04-13,36.83537673950195
2017-04-17,37.15239334106445
2017-04-18,36.719398498535156
2017-04-19,36.51835632324219
2017-04-20,36.9590950012207
2017-04-21,36.9590950012207
2017-04-24,37.40754699707031
2017-04-25,37.77095413208008
2017-04-26,37.60085678100586
2017-04-27,37.5776481628418
2017-04-28,37.654972076416016
2017-05-01,37.83280944824219
2017-05-02,38.06477355957031
2017-05-03,37.80961990356445
2017-05-04,37.49260711669922
2017-05-05,37.7786865234375
2017-05-08,37.7786865234375
2017-05-09,38.16529083251953
2017-05-10,38.38951110839844
2017-05-11,38.46684265136719
2017-05-12,38.6214714050293
2017-05-15,38.96941375732422
2017-05-16,39.02354049682617
2017-05-17,38.38178634643555
2017-05-18,37.763221740722656
2017-05-19,38.53642654418945
2017-05-22,38.582820892333984
2017-05-23,38.55188751220703
2017-05-24,38.70652389526367
2017-05-25,38.87663650512695
2017-05-26,39.000343322753906
2017-05-30,38.86117172241211
2017-05-31,38.53642654418945
2017-06-01,38.87663650512695
2017-06-02,39.085391998291016
2017-06-05,39.06993865966797
2017-06-06,39.06993865966797
2017-06-07,39.008079528808594
2017-06-08,39.26323318481445
2017-06-09,38.96941375732422
2017-06-12,38.760650634765625
2017-06-13,38.96168899536133
2017-06-14,38.96168899536133
2017-06-15,38.52869415283203
2017-06-16,38.6214714050293
2017-06-19,38.96941375732422
2017-06-20,38.53408432006836
2017-06-21,38.68204879760742
2017-06-22,38.83000946044922
2017-06-23,39.032501220703125
2017-06-26,39.35179901123047
2017-06-27,38.915679931640625
2017-06-28,39.211612701416016
2017-06-29,38.744346618652344
2017-06-30,38.97019958496094
2017-07-03,39.14152908325195
2017-07-05,39.06364822387695
2017-07-06,38.596378326416016
2017-07-07,38.72877883911133
2017-07-10,39.02471160888672
2017-07-11,39.336219787597656
2017-07-12,40.083858489990234
2017-07-13,40.23960876464844
2017-07-14,40.72244644165039
2017-07-17,40.53554916381836
2017-07-18,40.67572784423828
2017-07-19,41.00282669067383
2017-07-20,40.98723602294922
2017-07-21,40.9327278137207
2017-07-24,41.08069610595703
2017-07-25,40.979454040527344
2017-07-26,41.29874801635742
2017-07-27,41.08069610595703
2017-07-28,41.08069610595703
2017-07-31,41.11184310913086
2017-08-01,41.314327239990234
2017-08-02,41.322120666503906
2017-08-03,41.11184310913086
2017-08-04,41.275390625
2017-08-07,41.563541412353516
2017-08-08,41.5401725769043
2017-08-09,41.15079116821289
2017-08-10,40.153953552246094
2017-08-11,40.2785530090332
2017-08-14,40.68351745605469
2017-08-15,40.714664459228516
2017-08-16,41.11184310913086
2017-08-17,40.628997802734375
2017-08-18,40.956085205078125
2017-08-21,41.088478088378906
2017-08-22,41.50902557373047
2017-08-23,41.71150588989258
2017-08-24,41.82053756713867
2017-08-25,42.0775260925293
2017-08-28,41.968502044677734
2017-08-29,41.86725997924805
2017-08-30,41.960716247558594
2017-08-31,42.061954498291016
2017-09-01,42.35789489746094
2017-09-05,41.8516845703125
2017-09-06,42.12425994873047
2017-09-07,42.420196533203125
2017-09-08,42.15541458129883
2017-09-11,42.716129302978516
2017-09-12,42.67719268798828
2017-09-13,42.45913314819336
2017-09-14,42.56816864013672
2017-09-15,42.81736373901367
2017-09-18,42.949771881103516
2017-09-19,43.02763748168945
2017-09-20,42.8563117980957
2017-09-21,42.864105224609375
2017-09-22,42.60710525512695
2017-09-25,41.83612060546875
2017-09-26,41.766021728515625
2017-09-27,41.61805725097656
2017-09-28,41.571327209472656
2017-09-29,42.06975173950195
2017-10-02,42.0853157043457
2017-10-03,42.70834732055664
2017-10-04,42.70834732055664
2017-10-05,43.01206970214844
2017-10-06,42.80179977416992
2017-10-09,42.76285934448242
2017-10-10,43.18339920043945
2017-10-11,43.362518310546875
2017-10-12,43.354736328125
2017-10-13,43.74412155151367
2017-10-16,43.70518493652344
2017-10-17,43.5026969909668
2017-10-18,43.58058547973633
2017-10-19,43.245704650878906
2017-10-20,43.3936767578125
2017-10-23,43.074371337890625
2017-10-24,43.11330795288086
2017-10-25,43.019859313964844
2017-10-26,42.74728012084961
2017-10-27,43.33916091918945
2017-10-30,43.074371337890625
2017-10-31,43.44039535522461
2017-11-01,43.68182373046875
2017-11-02,43.74412155151367
2017-11-03,43.5416374206543
2017-11-06,43.98554229736328
2017-11-07,43.69739532470703
2017-11-08,43.91545104980469
2017-11-09,43.67403030395508
2017-11-10,43.52606201171875
2017-11-13,43.44039535522461
2017-11-14,43.206756591796875
2017-11-15,42.98092269897461
2017-11-16,43.82200241088867
2017-11-17,43.98554229736328
2017-11-20,44.219173431396484
2017-11-21,44.77210998535156
2017-11-22,44.881134033203125
2017-11-24,44.75653839111328
2017-11-27,44.19581604003906
2017-11-28,44.49176025390625
2017-11-29,43.84536361694336
2017-11-30,43.494911193847656
2017-12-01,43.237918853759766
2017-12-04,43.30022430419922
2017-12-05,43.245704650878906
2017-12-06,42.69276809692383
2017-12-07,42.72392272949219
2017-12-08,43.19118881225586
2017-12-11,43.44039535522461
2017-12-12,43.17560577392578
2017-12-13,43.64288330078125
2017-12-14,43.33916091918945
2017-12-15,43.45597457885742
2017-12-18,43.923248291015625
2017-12-19,43.71958541870117
2017-12-20,43.8067512512207
2017-12-21,44.107887268066406
2017-12-22,44.46449279785156
2017-12-26,44.409019470214844
2017-12-27,44.55958557128906
2017-12-28,44.868648529052734
2017-12-29,45.09053421020508
2018-01-02,45.962223052978516
2018-01-03,46.36636734008789
2018-01-04,46.55656433105469
2018-01-05,46.952789306640625
2018-01-08,46.98448944091797
2018-01-09,46.8814697265625
2018-01-10,46.58033752441406
2018-01-11,46.913169860839844
2018-01-12,47.38071060180664
2018-01-16,47.12712478637695
2018-01-17,47.73732376098633
2018-01-18,47.784854888916016
2018-01-19,48.173160552978516
2018-01-22,48.450523376464844
2018-01-23,48.640708923339844
2018-01-24,49.076560974121094
2018-01-25,49.01315689086914
2018-01-26,49.678829193115234
2018-01-29,48.96561813354492
2018-01-30,48.323734283447266
2018-01-31,48.688262939453125
2018-02-01,48.08599853515625
2018-02-02,46.897315979003906
2018-02-05,45.32032775878906
2018-02-06,46.643733978271484
2018-02-07,45.24901580810547
2018-02-08,43.73543167114258
2018-02-09,44.504112243652344
2018-02-12,45.13807678222656
2018-02-13,45.47883605957031
2018-02-14,46.57240676879883
2018-02-15,47.44411087036133
2018-02-16,47.2697639465332
2018-02-20,46.65958023071289
2018-02-21,46.596187591552734
2018-02-22,46.72297668457031
2018-02-23,47.475807189941406
2018-02-26,47.88787841796875
2018-02-27,46.540714263916016
2018-02-28,45.90675354003906
2018-03-01,45.89882278442383
2018-03-02,46.07316589355469
2018-03-05,46.081092834472656
2018-03-06,46.516937255859375
2018-03-07,46.548641204833984
2018-03-08,46.540714263916016
2018-03-09,47.50750732421875
2018-03-12,47.610530853271484
2018-03-13,47.17466354370117
2018-03-14,47.30147171020508
2018-03-15,47.12712478637695
2018-03-16,47.024112701416016
2018-03-19,46.516937255859375
2018-03-20,47.024112701416016
2018-03-21,47.285614013671875
2018-03-22,45.74825668334961
2018-03-23,44.868648529052734
2018-03-26,46.33468246459961
2018-03-27,45.526371002197266
2018-03-28,45.32032775878906
2018-03-29,46.27920913696289
2018-04-02,45.40750503540039
2018-04-03,45.88298416137695
2018-04-04,45.9146728515625
2018-04-05,46.0256233215332
2018-04-06,45.18561935424805
2018-04-09,45.24901580810547
2018-04-10,46.089019775390625
2018-04-11,46.1207160949707
2018-04-12,46.10486602783203
2018-04-13,45.69279479980469
2018-04-16,45.756187438964844
2018-04-17,45.819583892822266
2018-04-18,46.176177978515625
2018-04-19,45.9146728515625
2018-04-20,45.391658782958984
2018-04-23,45.03505325317383
2018-04-24,44.78939437866211
2018-04-25,44.519962310791016
2018-04-26,45.0588264465332
2018-04-27,45.34410858154297
2018-04-30,45.050899505615234
2018-05-01,44.84485626220703
2018-05-02,44.480342864990234
2018-05-03,44.345619201660156
2018-05-04,44.56751251220703
2018-05-07,44.31391906738281
2018-05-08,44.51203536987305
2018-05-09,44.58335494995117
2018-05-10,45.526371002197266
2018-05-11,45.42335510253906
2018-05-14,45.470909118652344
2018-05-15,44.551666259765625
2018-05-16,45.225242614746094
2018-05-17,44.615047454833984
2018-05-18,44.274295806884766
2018-05-21,44.46449279785156
2018-05-22,44.622982025146484
2018-05-23,44.615047454833984
2018-05-24,44.39316940307617
2018-05-25,44.54372787475586
2018-05-29,43.55316925048828
2018-05-30,43.95732498168945
2018-05-31,44.00486373901367
2018-06-01,44.48826217651367
2018-06-04,44.955810546875
2018-06-05,44.63090133666992
2018-06-06,45.27279281616211
2018-06-07,44.622982025146484
2018-06-08,44.58335494995117
2018-06-11,44.53582000732422
2018-06-12,44.45656204223633
2018-06-13,44.139583587646484
2018-06-14,43.846378326416016
2018-06-15,43.55316925048828
2018-06-18,42.958831787109375
2018-06-19,42.449092864990234
2018-06-20,42.64883804321289
2018-06-21,42.065589904785156
2018-06-22,42.47306442260742
2018-06-25,41.9537353515625
2018-06-26,41.76197814941406
2018-06-27,40.94703674316406
2018-06-28,41.25064468383789
2018-06-29,41.9537353515625
2018-07-02,41.458370208740234
2018-07-03,41.48234176635742
2018-07-05,41.38645935058594
2018-07-06,41.92975997924805
2018-07-09,42.64084243774414
2018-07-10,42.52898406982422
2018-07-11,41.74599838256836
2018-07-12,42.33723449707031
2018-07-13,42.32125473022461
2018-07-16,42.161460876464844
2018-07-17,42.44108963012695
2018-07-18,42.40114974975586
2018-07-19,41.889808654785156
2018-07-20,42.47306442260742
2018-07-23,42.161460876464844
2018-07-24,42.76866912841797
2018-07-25,43.43981170654297
2018-07-26,43.016353607177734
2018-07-27,43.144187927246094
2018-07-30,43.05630111694336
2018-07-31,43.22409439086914
2018-08-01,42.944454193115234
2018-08-02,42.39316177368164
2018-08-03,42.70476531982422
2018-08-06,42.42511749267578
2018-08-07,42.816612243652344
2018-08-08,42.72872543334961
2018-08-09,42.64084243774414
2018-08-10,41.738014221191406
2018-08-13,41.050899505615234
2018-08-14,41.31454849243164
2018-08-15,40.180030822753906
2018-08-16,40.44367980957031
2018-08-17,40.835182189941406
2018-08-20,40.994964599609375
2018-08-21,41.48234176635742
2018-08-22,41.7779541015625
2018-08-23,41.170745849609375
2018-08-24,41.857852935791016
2018-08-27,42.42511749267578
2018-08-28,42.29729080200195
2018-08-29,42.49702072143555
2018-08-30,41.47434616088867
2018-08-31,41.7939338684082
2018-09-04,40.94703674316406
2018-09-05,40.37976837158203
2018-09-06,40.40373611450195
2018-09-07,40.196006774902344
2018-09-10,39.788536071777344
2018-09-11,39.89239501953125
2018-09-12,40.06817626953125
2018-09-13,40.5555419921875
2018-09-14,40.53156661987305
2018-09-17,40.227962493896484
2018-09-18,40.57151794433594
2018-09-19,41.074867248535156
2018-09-20,41.50630569458008
2018-09-21,41.650123596191406
2018-09-24,41.170745849609375
2018-09-25,41.38645935058594
2018-09-26,41.43439865112305
2018-09-27,41.6341552734375
2018-09-28,41.370487213134766
2018-10-01,41.36248779296875
2018-10-02,40.89110565185547
2018-10-03,40.57151794433594
2018-10-04,39.604766845703125
2018-10-05,39.42101287841797
2018-10-08,39.484920501708984
2018-10-09,39.325130462646484
2018-10-10,38.21457290649414
2018-10-11,37.78312301635742
2018-10-12,38.83776092529297
2018-10-15,38.446266174316406
2018-10-16,39.39704132080078
2018-10-17,38.917659759521484
2018-10-18,37.91895294189453
2018-10-19,38.326419830322266
2018-10-22,38.65400314331055
2018-10-23,38.2545166015625
2018-10-24,37.06405258178711
2018-10-25,37.68724822998047
2018-10-26,37.30374526977539
2018-10-29,36.63261032104492
2018-10-30,37.31173324584961
2018-10-31,37.759151458740234
2018-11-01,39.06147384643555
2018-11-02,39.317134857177734
2018-11-05,39.436988830566406
2018-11-06,39.34910202026367
2018-11-07,40.052188873291016
2018-11-08,39.077457427978516
2018-11-09,38.374359130859375
2018-11-12,37.83905029296875
2018-11-13,38.27849197387695
2018-11-14,38.502197265625
2018-11-15,39.317134857177734
2018-11-16,39.436988830566406
2018-11-19,38.933631896972656
2018-11-20,38.10271072387695
2018-11-21,38.78183364868164
2018-11-23,38.342403411865234
2018-11-26,38.80580139160156
2018-11-27,39.037513732910156
2018-11-28,39.9722900390625
2018-11-29,39.66069793701172
2018-11-30,39.52487564086914
2018-12-03,40.39574432373047
2018-12-04,39.5967903137207
2018-12-06,39.22126388549805
2018-12-07,38.470237731933594
2018-12-10,38.086727142333984
2018-12-11,38.35838317871094
2018-12-12,38.965599060058594
2018-12-13,39.00555419921875
2018-12-14,38.470237731933594
2018-12-17,38.11069869995117
2018-12-18,38.386512756347656
2018-12-19,37.76002883911133
2018-12-20,38.10988998413086
2018-12-21,37.74376678466797
2018-12-24,37.44272994995117
2018-12-26,38.19938278198242
2018-12-27,38.158714294433594
2018-12-28,38.44347381591797
2018-12-31,38.36211395263672
2019-01-02,38.45160675048828
2019-01-03,37.76002883911133
2019-01-04,38.92350769042969
2019-01-07,39.01300048828125
2019-01-08,39.11063766479492
2019-01-09,39.8184928894043
2019-01-10,40.086978912353516
2019-01-11,39.89171600341797
2019-01-14,39.582542419433594
2019-01-15,39.87543869018555
2019-01-16,40.31480026245117
2019-01-17,40.44497299194336
2019-01-18,40.69719696044922
2019-01-22,39.98120880126953
2019-01-23,40.3554801940918
2019-01-24,40.70532989501953
2019-01-25,41.24231719970703
2019-01-28,40.82737731933594
2019-01-29,40.86806106567383
2019-01-30,41.763038635253906
2019-01-31,42.04779815673828
2019-02-01,41.811851501464844
2019-02-04,41.893218994140625
2019-02-05,42.42206954956055
2019-02-06,41.876949310302734
2019-02-07,41.470130920410156
2019-02-08,41.250457763671875
2019-02-11,41.11214828491211
2019-02-12,41.478267669677734
2019-02-13,41.169097900390625
2019-02-14,41.25859069824219
2019-02-15,41.201637268066406
2019-02-19,41.470130920410156
2019-02-20,41.763038635253906
2019-02-21,41.64099884033203
2019-02-22,42.1047477722168
2019-02-25,42.527835845947266
2019-02-26,42.41393280029297
2019-02-27,42.072208404541016
2019-02-28,41.592185974121094
2019-03-01,41.55149841308594
2019-03-04,41.64099884033203
2019-03-05,42.05593490600586
2019-03-06,41.85252380371094
2019-03-07,41.087730407714844
2019-03-08,40.85991668701172
2019-03-11,41.575904846191406
2019-03-12,41.79557800292969
2019-03-13,41.86066818237305
2019-03-14,41.66539764404297
2019-03-15,42.243072509765625
2019-03-18,42.6905632019043
2019-03-19,42.68241882324219
2019-03-20,42.76378631591797
2019-03-21,42.82887268066406
2019-03-22,41.56776809692383
2019-03-25,41.7142219543457
2019-03-26,41.803714752197266
2019-03-27,41.3399543762207
2019-03-28,41.66539764404297
2019-03-29,42.072208404541016
2019-04-01,42.723106384277344
2019-04-02,42.57665252685547
2019-04-03,42.885826110839844
2019-04-04,43.12990951538086
2019-04-05,43.43095779418945
2019-04-08,43.398406982421875
2019-04-09,43.365867614746094
2019-04-10,43.56113052368164
2019-04-11,43.154319763183594
2019-04-12,43.40654373168945
2019-04-15,43.24382781982422
2019-04-16,43.57740783691406
2019-04-17,43.699440002441406
2019-04-18,43.626220703125
2019-04-22,43.382137298583984
2019-04-23,43.47977066040039
2019-04-24,42.84515380859375
2019-04-25,42.79632568359375
2019-04-26,42.97532272338867
2019-04-29,43.04855728149414
2019-04-30,42.99160385131836
2019-05-01,42.674285888671875
2019-05-02,42.79632568359375
2019-05-03,43.31705093383789
2019-05-06,42.43020248413086
2019-05-07,41.60031509399414
2019-05-08,41.575904846191406
2019-05-09,40.892459869384766
2019-05-10,41.144683837890625
2019-05-13,39.777809143066406
2019-05-14,40.30665969848633
2019-05-15,40.388023376464844
2019-05-16,40.20901870727539
2019-05-17,39.50117492675781
2019-05-20,39.33845520019531
2019-05-21,39.883583068847656
2019-05-22,39.67203140258789
2019-05-23,39.12691116333008
2019-05-24,39.20827102661133
2019-05-28,39.305908203125
2019-05-29,39.582542419433594
2019-05-30,39.81035614013672
2019-05-31,39.96493911743164
2019-06-03,40.26597213745117
2019-06-04,40.347347259521484
2019-06-05,40.086978912353516
2019-06-06,40.127662658691406
2019-06-07,40.42870330810547
2019-06-10,40.85177993774414
2019-06-11,41.25859069824219
2019-06-12,40.81924057006836
2019-06-13,40.78669357299805
2019-06-14,40.32292938232422
2019-06-17,40.42236328125
2019-06-18,41.39203643798828
2019-06-19,41.69609832763672
2019-06-20,42.32063293457031
2019-06-21,42.14805603027344
2019-06-24,42.13162612915039
2019-06-25,41.712528228759766
2019-06-26,42.13162612915039
2019-06-27,42.36993408203125
2019-06-28,42.27132034301758
2019-07-01,42.83012008666992
2019-07-02,42.73151397705078
2019-07-03,42.62467956542969
2019-07-05,42.32884216308594
2019-07-08,42.106971740722656
2019-07-09,41.96727752685547
2019-07-10,42.353492736816406
2019-07-11,42.27132034301758
2019-07-12,42.29598617553711
2019-07-15,42.47676086425781
2019-07-16,42.38637161254883
2019-07-17,42.222023010253906
2019-07-18,42.57537841796875
2019-07-19,42.312416076660156
2019-07-22,42.33706283569336
2019-07-23,42.353492736816406
2019-07-24,42.353492736816406
2019-07-25,42.0494499206543
2019-07-26,42.106971740722656
2019-07-29,42.00014877319336
2019-07-30,41.69609832763672
2019-07-31,41.23590850830078
2019-08-01,40.43879699707031
2019-08-02,40.01970291137695
2019-08-05,38.57340621948242
2019-08-06,39.09111022949219
2019-08-07,39.2636833190918
2019-08-08,39.822471618652344
2019-08-09,39.436256408691406
2019-08-12,38.893890380859375
2019-08-13,39.37051773071289
2019-08-14,38.31866455078125
2019-08-15,38.556968688964844
2019-08-16,39.08290481567383
2019-08-19,39.21438217163086
2019-08-20,39.29655075073242
2019-08-21,39.65813064575195
2019-08-22,39.14863204956055
2019-08-23,38.61449432373047
2019-08-26,38.77884292602539
2019-08-27,38.83636474609375
2019-08-28,38.94319534301758
2019-08-29,39.39516067504883
2019-08-30,39.66634750366211
2019-09-03,39.42803955078125
2019-09-04,40.11009979248047
2019-09-05,40.570281982421875
2019-09-06,40.71820068359375
2019-09-09,40.82503128051758
2019-09-10,40.84968185424805
2019-09-11,41.161949157714844
2019-09-12,41.441349029541016
2019-09-13,41.64678955078125
2019-09-16,41.34273910522461
2019-09-17,41.31808090209961
2019-09-18,41.1455078125
2019-09-19,40.9647331237793
2019-09-20,41.02224349975586
2019-09-23,41.09620666503906
2019-09-24,40.685325622558594
2019-09-25,40.63601303100586
2019-09-26,40.63601303100586
2019-09-27,40.12653350830078
2019-09-30,40.28266525268555
2019-10-01,40.07722473144531
2019-10-02,39.756744384765625
2019-10-03,40.27444839477539
2019-10-04,40.447017669677734
2019-10-07,40.085445404052734
2019-10-08,39.814266204833984
2019-10-09,40.12653350830078
2019-10-10,40.50454330444336
2019-10-11,41.112640380859375
2019-10-14,41.00581359863281
2019-10-15,41.31808090209961
2019-10-16,41.43312454223633
2019-10-17,41.58926773071289
2019-10-18,41.408477783203125
2019-10-21,41.84400939941406
2019-10-22,41.87687683105469
2019-10-23,41.88509750366211
2019-10-24,41.90974807739258
2019-10-25,42.14805603027344
2019-10-28,42.427467346191406
2019-10-29,42.17271423339844
2019-10-30,42.36172103881836
2019-10-31,42.0494499206543
2019-11-01,42.69864273071289
2019-11-04,43.084861755371094
2019-11-05,43.31495666503906
2019-11-06,43.15882873535156
2019-11-07,43.48752212524414
2019-11-08,43.09308624267578
2019-11-11,42.8219108581543
2019-11-12,42.5342903137207
2019-11-13,42.20558547973633
2019-11-14,42.254886627197266
2019-11-15,42.58359146118164
2019-11-18,42.550724029541016
2019-11-19,42.600032806396484
2019-11-20,42.38637161254883
2019-11-21,42.33706283569336
2019-11-22,42.34528350830078
2019-11-25,42.747947692871094
2019-11-26,42.608245849609375
2019-11-27,42.673988342285156
2019-11-29,42.0494499206543
2019-12-02,42.0494499206543
2019-12-03,41.811134338378906
2019-12-04,42.14805603027344
2019-12-05,42.32884216308594
2019-12-06,42.550724029541016
2019-12-09,42.378150939941406
2019-12-10,42.484981536865234
2019-12-11,43.06843185424805
2019-12-12,43.808021545410156
2019-12-13,43.82445526123047
2019-12-16,44.16157150268555
2019-12-17,44.556697845458984
2019-12-18,44.792091369628906
2019-12-19,44.80050277709961
2019-12-20,44.842533111572266
2019-12-23,44.9182014465332
2019-12-24,44.842533111572266
2019-12-26,45.19561767578125
2019-12-27,45.38898468017578
2019-12-30,45.06951904296875
2019-12-31,45.19561767578125
2020-01-02,46.128787994384766
2020-01-03,45.31332015991211
2020-01-06,45.14518737792969
2020-01-07,45.14518737792969
2020-01-08,45.33013153076172
2020-01-09,45.66640853881836
2020-01-10,45.910213470458984
2020-01-13,46.60798263549805
2020-01-14,46.36418533325195
2020-01-15,46.00269317626953
2020-01-16,46.30533981323242
2020-01-17,46.582763671875
2020-01-21,45.44783401489258
2020-01-22,45.809326171875
2020-01-23,45.38057327270508
2020-01-24,45.035892486572266
2020-01-27,43.51423645019531
2020-01-28,43.942989349365234
2020-01-29,44.05228042602539
2020-01-30,43.38813781738281
2020-01-31,42.53062057495117
2020-02-03,42.925750732421875
2020-02-04,44.085906982421875
2020-02-05,44.346527099609375
2020-02-06,44.329708099365234
2020-02-07,43.74121856689453
2020-02-10,43.96820831298828
2020-02-11,44.53988265991211
2020-02-12,45.10314178466797
2020-02-13,44.5146598815918
2020-02-14,44.53147506713867
2020-02-18,44.23723602294922
2020-02-19,44.58191680908203
2020-02-20,43.88413619995117
2020-02-21,43.640342712402344
2020-02-24,42.00099182128906
2020-02-25,41.68994140625
2020-02-26,41.975765228271484
2020-02-27,40.975345611572266
2020-02-28,40.950130462646484
2020-03-02,41.69834518432617
2020-03-03,41.47976303100586
2020-03-04,42.12709045410156
2020-03-05,41.26117706298828
2020-03-06,40.4541130065918
2020-03-09,37.63779830932617
2020-03-10,39.57139205932617
2020-03-11,37.74708557128906
2020-03-12,33.82946014404297
2020-03-13,36.2170295715332
2020-03-16,31.62684440612793
2020-03-17,33.86309051513672
2020-03-18,30.912256240844727
2020-03-19,30.996328353881836
2020-03-20,31.256942749023438
2020-03-23,30.449878692626953
2020-03-24,32.65249252319336
2020-03-25,33.80424118041992
2020-03-26,35.30067825317383
2020-03-27,33.28301239013672
2020-03-30,33.86309051513672
2020-03-31,34.0228271484375
2020-04-01,32.64409255981445
2020-04-02,33.728580474853516
2020-04-03,33.131683349609375
2020-04-06,34.7962532043457
2020-04-07,35.023250579833984
2020-04-08,35.46039962768555
2020-04-09,35.3679313659668
2020-04-13,35.35952377319336
2020-04-14,36.16658401489258
2020-04-15,35.30907440185547
2020-04-16,35.51084899902344
2020-04-17,36.25905990600586
2020-04-20,35.83030319213867
2020-04-21,34.838287353515625
2020-04-22,35.7630500793457
2020-04-23,35.6873893737793
2020-04-24,35.63694763183594
2020-04-27,36.36834716796875
2020-04-28,36.45241928100586
2020-04-29,37.45283889770508
2020-04-30,36.70462417602539
2020-05-01,35.46039962768555
2020-05-04,35.863929748535156
2020-05-05,36.032073974609375
2020-05-06,35.92278289794922
2020-05-07,36.24224853515625
2020-05-08,36.95683670043945
2020-05-11,36.72145080566406
2020-05-12,36.60374450683594
2020-05-13,36.49446487426758
2020-05-14,36.64577865600586
2020-05-15,36.16658401489258
2020-05-18,37.50328826904297
2020-05-19,37.20904541015625
2020-05-20,37.68824005126953
2020-05-21,37.34355163574219
2020-05-22,36.595333099365234
2020-05-26,37.44443893432617
2020-05-27,37.53691482543945
2020-05-28,37.3099250793457
2020-05-29,37.864784240722656
2020-06-01,38.739112854003906
2020-06-02,39.68067932128906
2020-06-03,40.56340408325195
2020-06-04,40.01695251464844
2020-06-05,41.059417724609375
2020-06-08,41.41250228881836
2020-06-09,41.1014518737793
2020-06-10,41.38728713989258
2020-06-11,39.193084716796875
2020-06-12,40.08420944213867
2020-06-15,39.69901657104492
2020-06-16,39.962032318115234
2020-06-17,40.335357666015625
2020-06-18,40.35232925415039
2020-06-19,40.377777099609375
2020-06-22,40.869873046875
2020-06-23,41.217742919921875
2020-06-24,40.683223724365234
2020-06-25,40.8529052734375
2020-06-26,40.403228759765625
2020-06-29,40.58988571166992
2020-06-30,40.386260986328125
2020-07-01,40.91230010986328
2020-07-02,41.83710861206055
2020-07-06,43.610374450683594
2020-07-07,42.872215270996094
2020-07-08,43.932777404785156
2020-07-09,43.898841857910156
2020-07-10,43.66128158569336
2020-07-13,43.43220138549805
2020-07-14,43.49159622192383
2020-07-15,43.627349853515625
2020-07-16,43.02494812011719
2020-07-17,43.24553680419922
2020-07-20,43.83097457885742
2020-07-21,44.25519561767578
2020-07-22,44.085506439208984
2020-07-23,43.74612808227539
2020-07-24,43.68674087524414
2020-07-27,44.3485221862793
2020-07-28,43.94126510620117
2020-07-29,44.679420471191406
2020-07-30,44.153385162353516
2020-07-31,43.873390197753906
2020-08-03,44.1958122253418
2020-08-04,44.71335983276367
2020-08-05,45.273338317871094
2020-08-06,45.400604248046875
2020-08-07,44.54366683959961
2020-08-10,44.67093276977539
2020-08-11,44.526702880859375
2020-08-12,45.07819366455078
2020-08-13,44.925472259521484
2020-08-14,44.89154052734375
2020-08-17,45.400604248046875
2020-08-18,45.400604248046875
2020-08-19,44.85759353637695
2020-08-20,44.662452697753906
2020-08-21,44.874568939208984
2020-08-24,45.400604248046875
2020-08-25,45.88422393798828
2020-08-26,45.96059036254883
2020-08-27,45.59575653076172
2020-08-28,46.18966293334961
2020-08-31,45.22243118286133
2020-09-01,46.01148986816406
2020-09-02,45.86725616455078
2020-09-03,45.035770416259766
2020-09-04,45.06122589111328
2020-09-08,44.3145866394043
2020-09-09,44.89154052734375
2020-09-10,44.221256256103516
2020-09-11,44.620033264160156
2020-09-14,45.366668701171875
2020-09-15,45.84178924560547
2020-09-16,45.748470306396484
2020-09-17,45.61271286010742
2020-09-18,45.230918884277344
2020-09-21,44.85759353637695
2020-09-22,44.48427963256836
2020-09-23,43.74612808227539
2020-09-24,43.57643127441406
2020-09-25,43.56794738769531
2020-09-28,44.093997955322266
2020-09-29,44.1109619140625
2020-09-30,44.79820251464844
2020-10-01,45.22243118286133
2020-10-02,44.67093276977539
2020-10-05,45.264854431152344
2020-10-06,45.332733154296875
2020-10-07,45.833316802978516
2020-10-08,46.18966293334961
2020-10-09,46.54601287841797
2020-10-12,46.88539123535156
2020-10-13,46.673274993896484
2020-10-14,46.384803771972656
2020-10-15,46.01997756958008
2020-10-16,46.21512222290039
2020-10-19,46.121788024902344
2020-10-20,46.647823333740234
2020-10-21,46.82600784301758
2020-10-22,46.77509307861328
2020-10-23,47.02114486694336
2020-10-26,46.4272346496582
2020-10-27,46.630855560302734
2020-10-28,45.51090621948242
2020-10-29,45.909671783447266
2020-10-30,45.366668701171875
2020-11-02,45.98603820800781
2020-11-03,46.22360610961914
2020-11-04,47.6065788269043
2020-11-05,48.4295768737793
2020-11-06,48.641685485839844
2020-11-09,49.03197479248047
2020-11-10,48.48896408081055
2020-11-11,48.768959045410156
2020-11-12,48.41260528564453
2020-11-13,49.082881927490234
2020-11-16,49.719215393066406
2020-11-17,49.668312072753906
2020-11-18,49.54104995727539
2020-11-19,49.64285659790039
2020-11-20,49.888912200927734
2020-11-23,50.05010986328125
2020-11-24,50.754329681396484
2020-11-25,50.50827407836914
2020-11-27,50.99189376831055
2020-11-30,49.73618698120117
2020-12-01,50.70341873168945
2020-12-02,50.796756744384766
2020-12-03,51.314308166503906
2020-12-04,51.84883499145508
2020-12-07,51.81489562988281
2020-12-08,51.83186721801758
2020-12-09,51.45005798339844
2020-12-10,52.09488296508789
2020-12-11,51.76398849487305
2020-12-14,51.508975982666016
2020-12-15,52.07566833496094
2020-12-16,52.27315139770508
2020-12-17,52.66811752319336
2020-12-18,52.49639892578125
2020-12-21,51.800907135009766
2020-12-22,51.43170166015625
2020-12-23,51.93828582763672
2020-12-24,51.79231643676758
2020-12-28,51.946876525878906
2020-12-29,52.625186920166016
2020-12-30,53.320674896240234
2020-12-31,53.269161224365234
2021-01-04,53.69847106933594
2021-01-05,54.85761642456055
2021-01-06,54.454063415527344
2021-01-07,54.88337707519531
2021-01-08,56.274349212646484
2021-01-11,55.5273551940918
2021-01-12,56.04251480102539
2021-01-13,56.15414047241211
2021-01-14,56.67790222167969
2021-01-15,55.92230987548828
2021-01-19,56.72942352294922
2021-01-20,57.72542953491211
2021-01-21,57.922908782958984
2021-01-22,57.399147033691406
2021-01-25,57.81986999511719
2021-01-26,57.40774154663086
2021-01-27,55.87079620361328
2021-01-28,56.2657585144043
2021-01-29,54.80610275268555
2021-02-01,56.34304428100586
2021-02-02,57.1243896484375
2021-02-03,57.41632843017578
2021-02-04,57.42491149902344
2021-02-05,57.86280822753906
2021-02-08,58.02595138549805
2021-02-09,58.59264373779297
2021-02-10,58.7987174987793
2021-02-11,59.39115905761719
2021-02-12,59.47702407836914
2021-02-16,59.640159606933594
2021-02-17,59.631568908691406
2021-02-18,58.893157958984375
2021-02-19,59.288124084472656
2021-02-22,57.59663009643555
2021-02-23,57.8885612487793
2021-02-24,57.53653335571289
2021-02-25,56.29151916503906
2021-02-26,55.5788688659668
2021-03-01,57.04710388183594
2021-03-02,56.48041534423828
2021-03-03,56.394561767578125
2021-03-04,55.158138275146484
2021-03-05,55.67331314086914
2021-03-08,54.24799728393555
2021-03-09,55.3212776184082
2021-03-10,55.16672134399414
2021-03-11,56.849632263183594
2021-03-12,55.87079620361328
2021-03-15,56.016761779785156
2021-03-16,56.29151916503906
2021-03-17,56.30870056152344
2021-03-18,55.37279510498047
2021-03-19,55.94807815551758
2021-03-22,55.84503936767578
2021-03-23,54.8146858215332
2021-03-24,53.586856842041016
2021-03-25,53.84443664550781
2021-03-26,55.158138275146484
2021-03-29,54.80610275268555
2021-03-30,55.01216506958008
2021-03-31,55.261165618896484
2021-04-01,55.87079620361328
2021-04-05,56.02534866333008
2021-04-06,56.32586669921875
2021-04-07,55.57027816772461
2021-04-08,56.06828689575195
2021-04-09,55.596038818359375
2021-04-12,55.25258255004883
2021-04-13,55.45865249633789
2021-04-14,55.76774978637695
2021-04-15,56.24859619140625
2021-04-16,56.40314865112305
2021-04-19,56.24859619140625
2021-04-20,55.836448669433594
2021-04-21,56.222835540771484
2021-04-22,55.99958801269531
2021-04-23,56.78093719482422
2021-04-26,56.88397979736328
2021-04-27,56.901145935058594
2021-04-28,57.313289642333984
2021-04-29,57.16732406616211
2021-04-30,56.21424865722656
2021-05-03,56.21424865722656
2021-05-04,55.5788688659668
2021-05-05,55.836448669433594
2021-05-06,56.36879348754883
2021-05-07,56.9955940246582
2021-05-10,55.99958801269531
2021-05-11,55.802101135253906
2021-05-12,54.25658416748047
2021-05-13,54.239402770996094
2021-05-14,55.1237907409668
2021-05-17,55.0465087890625
2021-05-18,55.802101135253906
2021-05-19,55.638973236083984
2021-05-20,55.956661224365234
2021-05-21,55.36420440673828
2021-05-24,55.84503936767578
2021-05-25,56.38597106933594
2021-05-26,56.841041564941406
2021-05-27,56.875389099121094
2021-05-28,57.2274169921875
2021-06-01,58.386566162109375
2021-06-02,58.50676727294922
2021-06-03,57.854217529296875
2021-06-04,58.42091369628906
2021-06-07,58.163330078125
2021-06-08,57.871402740478516
2021-06-09,57.72542953491211
2021-06-10,58.201866149902344
2021-06-11,58.00299072265625
2021-06-14,58.21052169799805
2021-06-15,57.812767028808594
2021-06-16,57.01725387573242
2021-06-17,57.38041687011719
2021-06-18,56.91348648071289
2021-06-21,57.21613693237305
2021-06-22,56.999961853027344
2021-06-23,57.337181091308594
2021-06-24,57.83870315551758
2021-06-25,58.25374984741211
2021-06-28,58.348873138427734
2021-06-29,58.33156967163086
2021-06-30,57.925167083740234
2021-07-01,57.64846420288086
2021-07-02,57.6571159362793
2021-07-06,56.654083251953125
2021-07-07,56.69731521606445
2021-07-08,55.59052276611328
2021-07-09,56.463863372802734
2021-07-12,56.5676155090332
2021-07-13,56.5676155090332
2021-07-14,56.81837844848633
2021-07-15,56.96536636352539
2021-07-16,56.52438735961914
2021-07-19,55.64240646362305
2021-07-20,55.815345764160156
2021-07-21,56.18715286254883
2021-07-22,56.299564361572266
2021-07-23,55.53864288330078
2021-07-26,54.613426208496094
2021-07-27,53.55852127075195
2021-07-28,54.90742492675781
2021-07-29,55.140892028808594
2021-07-30,54.65665817260742
2021-08-02,55.01982879638672
2021-08-03,55.26194763183594
2021-08-04,55.486759185791016
2021-08-05,55.40028762817383
2021-08-06,54.950653076171875
2021-08-09,55.071712493896484
2021-08-10,55.149532318115234
2021-08-11,55.2533073425293
2021-08-12,54.812313079833984
2021-08-13,54.665313720703125
2021-08-16,54.19837951660156
2021-08-17,53.229942321777344
2021-08-18,53.2731819152832
2021-08-19,52.41713333129883
2021-08-20,52.35660171508789
2021-08-23,53.160762786865234
2021-08-24,54.284847259521484
2021-08-25,54.40591049194336
2021-08-26,53.87845230102539
2021-08-27,54.58749008178711
2021-08-30,54.6826057434082
2021-08-31,55.41758346557617
2021-09-01,56.152565002441406
2021-09-02,55.85857391357422
2021-09-03,56.143917083740234
2021-09-07,56.463863372802734
2021-09-08,55.581878662109375
2021-09-09,55.52134704589844
2021-09-10,55.504051208496094
2021-09-13,55.67699432373047
2021-09-14,55.270591735839844
2021-09-15,55.296531677246094
2021-09-16,54.6826057434082
2021-09-17,54.44914627075195
2021-09-20,53.031063079833984
2021-09-21,53.376930236816406
2021-09-22,54.08597183227539
2021-09-23,54.48373031616211
2021-09-24,53.86115646362305
2021-09-27,54.207027435302734
2021-09-28,53.48069381713867
2021-09-29,52.97917938232422
2021-09-30,53.40287399291992
2021-10-01,53.420169830322266
2021-10-04,52.64194869995117
2021-10-05,53.02241134643555
2021-10-06,52.728416442871094
2021-10-07,53.76604080200195
2021-10-08,53.8870964050293
2021-10-11,53.80927276611328
2021-10-12,53.50663757324219
2021-10-13,54.26755905151367
2021-10-14,54.431846618652344
2021-10-15,55.11494827270508
2021-10-18,54.97660446166992
2021-10-19,55.66834259033203
2021-10-20,55.64240646362305
2021-10-21,55.16682434082031
2021-10-22,55.0457763671875
2021-10-25,55.357051849365234
2021-10-26,55.037132263183594
2021-10-27,54.63937759399414
2021-10-28,54.6826057434082
2021-10-29,53.98221206665039
2021-11-01,54.41455078125
2021-11-02,53.93033218383789
2021-11-03,54.207027435302734
2021-11-04,54.10326385498047
2021-11-05,54.07732391357422
2021-11-08,54.570194244384766
2021-11-09,54.37132263183594
2021-11-10,54.16379165649414
2021-11-11,55.028480529785156
2021-11-12,55.192771911621094
2021-11-15,55.037132263183594
2021-11-16,55.037132263183594
2021-11-17,54.743141174316406
2021-11-18,54.1551513671875
2021-11-19,54.07732391357422
2021-11-22,53.61904525756836
2021-11-23,53.60175704956055
2021-11-24,53.51527786254883
2021-11-26,51.80320739746094
2021-11-29,51.96749496459961
2021-11-30,51.984798431396484
2021-12-01,52.09720230102539
2021-12-02,52.728416442871094
2021-12-03,52.0626106262207
2021-12-06,52.469017028808594
2021-12-07,53.264530181884766
2021-12-08,53.52393341064453
2021-12-09,53.19535446166992
2021-12-10,53.28181838989258
2021-12-13,52.43385314941406
2021-12-14,52.318904876708984
2021-12-15,52.19512176513672
2021-12-16,52.26586151123047
2021-12-17,51.94753646850586
2021-12-20,51.25785827636719
2021-12-21,52.1067008972168
2021-12-22,52.40732955932617
2021-12-23,52.65491485595703
2021-12-27,52.929019927978516
2021-12-28,52.7344856262207
2021-12-29,52.53995895385742
2021-12-30,53.088172912597656
2021-12-31,52.929019927978516
2022-01-03,53.23849105834961
2022-01-04,53.035118103027344
2022-01-05,52.23933410644531
2022-01-06,52.43385314941406
2022-01-07,52.902496337890625
2022-01-10,52.858272552490234
2022-01-11,53.99007034301758
2022-01-12,54.88312530517578
2022-01-13,54.10502243041992
2022-01-14,54.09618377685547
2022-01-18,53.18544387817383
2022-01-19,53.43301773071289
2022-01-20,53.680599212646484
2022-01-21,52.86712646484375
2022-01-24,52.1067008972168
2022-01-25,51.982913970947266
2022-01-26,51.372798919677734
2022-01-27,50.78921890258789
2022-01-28,51.1075439453125
2022-01-31,52.68144226074219
2022-02-01,52.98207092285156
2022-02-02,52.929019927978516
2022-02-03,52.363121032714844
2022-02-04,52.522281646728516
2022-02-07,52.47806930541992
2022-02-08,52.929019927978516
2022-02-09,53.742488861083984
2022-02-10,53.362281799316406
2022-02-11,52.548805236816406
2022-02-14,52.16859436035156
2022-02-15,53.24732971191406
2022-02-16,53.69828414916992
2022-02-17,53.061641693115234
2022-02-18,52.610694885253906
2022-02-22,51.85027313232422
2022-02-23,51.328590393066406
2022-02-24,50.31174850463867
2022-02-25,51.22248458862305
2022-02-28,50.60353469848633
2022-03-01,49.878482818603516
2022-03-02,50.05532455444336
2022-03-03,49.45405960083008
2022-03-04,48.47258377075195
2022-03-07,46.65110778808594
2022-03-08,46.827945709228516
2022-03-09,48.17194366455078
2022-03-10,47.33194351196289
2022-03-11,46.39468002319336
2022-03-14,45.33362579345703
2022-03-15,45.45741271972656
2022-03-16,48.86163330078125
2022-03-17,48.64942169189453
2022-03-18,49.30373764038086
2022-03-21,48.61405563354492
2022-03-22,49.42753219604492
2022-03-23,49.091522216796875
2022-03-24,49.4186897277832
2022-03-25,49.003108978271484
2022-03-28,49.17995071411133
2022-03-29,50.01111602783203
2022-03-30,49.8696403503418
2022-03-31,49.11805725097656
2022-04-01,49.93153762817383
2022-04-04,50.798065185546875
2022-04-05,49.913848876953125
2022-04-06,49.30373764038086
2022-04-07,48.92353057861328
2022-04-08,48.98542785644531
2022-04-11,48.36647415161133
2022-04-12,48.18962860107422
2022-04-13,48.8527946472168
2022-04-14,48.20731735229492
2022-04-18,48.11005401611328
2022-04-19,47.915523529052734
2022-04-20,47.65910339355469
2022-04-21,46.783729553222656
2022-04-22,46.3681526184082
2022-04-25,46.014461517333984
2022-04-26,44.98877716064453
2022-04-27,45.50162124633789
2022-04-28,46.09404754638672
2022-04-29,46.20015335083008
2022-05-02,46.11172866821289
2022-05-03,46.44773864746094
2022-05-04,46.9782600402832
2022-05-05,45.25404739379883
2022-05-06,44.72351837158203
2022-05-09,43.432559967041016
2022-05-10,43.63593292236328
2022-05-11,43.2999267578125
2022-05-12,42.98161697387695
2022-05-13,44.16645812988281
2022-05-16,44.00730514526367
2022-05-17,45.08604431152344
2022-05-18,44.01613998413086
2022-05-19,44.71467590332031
2022-05-20,44.891517639160156
2022-05-23,45.23636245727539
2022-05-24,44.484779357910156
2022-05-25,44.696990966796875
2022-05-26,45.3513069152832
2022-05-27,45.8641471862793
2022-05-31,46.483097076416016
2022-06-01,46.1647834777832
2022-06-02,46.969417572021484
2022-06-03,46.182472229003906
2022-06-06,46.37699508666992
2022-06-07,46.54499435424805
2022-06-08,46.68647003173828
2022-06-09,45.63460159301758
2022-06-10,45.17843246459961
2022-06-13,43.59526824951172
2022-06-14,44.15876770019531
2022-06-15,44.76698684692383
2022-06-16,43.36271286010742
2022-06-17,43.55949020385742
2022-06-21,44.131935119628906
2022-06-22,43.34482192993164
2022-06-23,43.505821228027344
2022-06-24,44.52548599243164
2022-06-27,44.5344352722168
2022-06-28,44.230316162109375
2022-06-29,44.09615707397461
2022-06-30,43.88148880004883
2022-07-01,43.55949020385742
2022-07-05,43.2196044921875
2022-07-06,42.94232177734375
2022-07-07,43.84571075439453
2022-07-08,43.79204177856445
2022-07-11,42.69187545776367
2022-07-12,42.521934509277344
2022-07-13,42.45036697387695
2022-07-14,42.12837600708008
2022-07-15,42.36092758178711
2022-07-18,42.638206481933594
2022-07-19,43.32693862915039
2022-07-20,43.139095306396484
2022-07-21,43.62209701538086
2022-07-22,43.19276428222656
2022-07-25,43.38059616088867
2022-07-26,42.99598693847656
2022-07-27,43.82781982421875
2022-07-28,44.006710052490234
2022-07-29,43.88148880004883
2022-08-01,43.505821228027344
2022-08-02,43.264320373535156
2022-08-03,43.62209701538086
2022-08-04,43.9441032409668
2022-08-05,43.93515396118164
2022-08-08,44.015655517578125
2022-08-09,43.908321380615234
2022-08-10,44.45393371582031
2022-08-11,44.62387466430664
2022-08-12,45.097930908203125
2022-08-15,44.865379333496094
2022-08-16,44.8922119140625
2022-08-17,44.731204986572266
2022-08-18,44.45393371582031
2022-08-19,43.88148880004883
2022-08-22,43.505821228027344
2022-08-23,43.72943115234375
2022-08-24,43.809932708740234
2022-08-25,44.67753982543945
2022-08-26,43.96199035644531
2022-08-29,43.74732208251953
2022-08-30,43.2196044921875
2022-08-31,43.34482192993164
2022-09-01,43.049652099609375
2022-09-02,42.71870422363281
2022-09-06,42.19993209838867
2022-09-07,42.53982162475586
2022-09-08,42.369876861572266
2022-09-09,42.99598693847656
2022-09-12,43.58631896972656
2022-09-13,42.2088737487793
2022-09-14,42.48615264892578
2022-09-15,42.047874450683594
2022-09-16,41.61853790283203
2022-09-19,41.74375915527344
2022-09-20,41.55593490600586
2022-09-21,40.88509750366211
2022-09-22,40.697265625
2022-09-23,39.686546325683594
2022-09-26,39.140926361083984
2022-09-27,39.0962028503418
2022-09-28,39.453983306884766
2022-09-29,38.61320877075195
2022-09-30,38.443260192871094
2022-10-03,39.0962028503418
2022-10-04,40.348426818847656
2022-10-05,40.3037109375
2022-10-06,40.09798812866211
2022-10-07,39.25720977783203
2022-10-10,38.75632095336914
2022-10-11,38.20176315307617
2022-10-12,38.20176315307617
2022-10-13,38.326988220214844
2022-10-14,37.75453567504883
2022-10-17,38.747371673583984
2022-10-18,38.774208068847656
2022-10-19,38.10336685180664
2022-10-20,38.353816986083984
2022-10-21,38.872596740722656
2022-10-24,37.4862060546875
2022-10-25,37.879756927490234
2022-10-26,38.41642761230469
2022-10-27,38.174922943115234
2022-10-28,37.996036529541016
2022-10-31,37.879756927490234
2022-11-01,38.5327033996582
2022-11-02,38.20176315307617
2022-11-03,38.434322357177734
2022-11-04,39.99959945678711
2022-11-07,39.99959945678711
2022-11-08,40.3037109375
2022-11-09,39.606040954589844
2022-11-10,41.04609680175781
2022-11-11,41.976322174072266
2022-11-14,41.761653900146484
2022-11-15,42.67398452758789
2022-11-16,41.949485778808594
2022-11-17,42.05682373046875
2022-11-18,41.80637741088867
2022-11-21,41.34126663208008
2022-11-22,41.43070983886719
2022-11-23,41.779541015625
2022-11-25,41.61853790283203
2022-11-28,41.43965530395508
2022-11-29,42.28937530517578
2022-11-30,43.434268951416016
2022-12-01,43.35376739501953
2022-12-02,43.541603088378906
2022-12-05,43.031768798828125
2022-12-06,42.95126724243164
2022-12-07,42.727657318115234
2022-12-08,43.19276428222656
2022-12-09,42.94232177734375
2022-12-12,42.79921340942383
2022-12-13,43.14293670654297
2022-12-14,43.16107177734375
2022-12-15,42.1997184753418
2022-12-16,42.26321029663086
2022-12-19,42.34483337402344
2022-12-20,42.30855941772461
2022-12-21,42.66226577758789
2022-12-22,42.317623138427734
2022-12-23,42.26321029663086
2022-12-27,42.86178970336914
2022-12-28,42.2269401550293
2022-12-29,42.961551666259766
2022-12-30,42.35390090942383
2023-01-03,42.68946838378906
2023-01-04,43.93197250366211
2023-01-05,43.71430969238281
2023-01-06,44.65752410888672
2023-01-09,44.97494125366211
2023-01-10,45.274234771728516
2023-01-11,45.51911163330078
2023-01-12,45.736778259277344
2023-01-13,45.981651306152344
2023-01-17,45.745845794677734
2023-01-18,45.43748474121094
2023-01-19,45.80025863647461
2023-01-20,46.444183349609375
2023-01-23,46.78882598876953
2023-01-24,46.77975082397461
2023-01-25,46.834163665771484
2023-01-26,47.269493103027344
2023-01-27,47.01555252075195
2023-01-30,46.10861587524414
2023-01-31,46.135826110839844
2023-02-01,46.71626281738281
2023-02-02,46.462318420410156
2023-02-03,45.64608383178711
2023-02-06,45.05656814575195
2023-02-07,45.23795700073242
2023-02-08,45.13819885253906
2023-02-09,45.355857849121094
2023-02-10,44.95680618286133
2023-02-13,45.319583892822266
2023-02-14,45.19261932373047
2023-02-15,44.83890914916992
2023-02-16,44.87518310546875
2023-02-17,44.485198974609375
2023-02-21,43.93197250366211
2023-02-22,43.73244857788086
2023-02-23,43.95918273925781
2023-02-24,43.02503204345703
2023-02-27,43.23362731933594
2023-02-28,42.94340896606445
2023-03-01,43.86848449707031
2023-03-02,44.022666931152344
2023-03-03,44.39450454711914
2023-03-06,44.267539978027344
2023-03-07,43.5419921875
2023-03-08,43.75965118408203
2023-03-09,42.82551193237305
2023-03-10,42.616920471191406
2023-03-13,42.62598419189453
2023-03-14,42.62598419189453
2023-03-15,41.90044021606445
2023-03-16,42.508079528808594
2023-03-17,42.23600387573242
2023-03-20,42.381107330322266
2023-03-21,42.798301696777344
2023-03-22,42.952476501464844
2023-03-23,43.47850036621094
2023-03-24,43.396881103515625
2023-03-27,43.17921829223633
2023-03-28,43.7233772277832
2023-03-29,43.85034942626953
2023-03-30,44.31288528442383
2023-03-31,44.24939727783203
2023-04-03,44.376373291015625
2023-04-04,44.39450454711914
2023-04-05,44.031734466552734
2023-04-06,44.22218704223633
2023-04-10,44.31288528442383
2023-04-11,44.62124252319336
2023-04-12,44.340091705322266
2023-04-13,44.965877532958984
2023-04-14,44.69379806518555
2023-04-17,44.89332580566406
2023-04-18,44.81169891357422
2023-04-19,44.35823440551758
2023-04-20,44.276611328125
2023-04-21,43.85941696166992
2023-04-24,43.786861419677734
2023-04-25,42.94340896606445
2023-04-26,43.25176239013672
2023-04-27,43.84128189086914
2023-04-28,44.05894470214844
2023-05-01,43.91383361816406
2023-05-02,43.52385330200195
2023-05-03,43.46943664550781
2023-05-04,43.823143005371094
2023-05-05,44.35823440551758
2023-05-08,44.35823440551758
2023-05-09,44.07707977294922
2023-05-10,44.10429382324219
2023-05-11,43.88662338256836
2023-05-12,43.42409133911133
2023-05-15,44.16777420043945
2023-05-16,43.86848449707031
2023-05-17,44.08615493774414
2023-05-18,43.877559661865234
2023-05-19,43.90476608276367
2023-05-22,44.24939727783203
2023-05-23,43.62361145019531
2023-05-24,43.36967468261719
2023-05-25,43.27898025512695
2023-05-26,43.98638153076172
2023-05-30,43.505714416503906
2023-05-31,43.152008056640625
2023-06-01,43.89569854736328
2023-06-02,44.630313873291016
2023-06-05,44.57590103149414
2023-06-06,45.00215530395508
2023-06-07,44.81257629394531
2023-06-08,45.13311767578125
2023-06-09,45.3254508972168
2023-06-12,45.44450759887695
2023-06-13,45.86579895019531
2023-06-14,46.177188873291016
2023-06-15,46.598480224609375
2023-06-16,46.433631896972656
2023-06-20,45.60935974121094
2023-06-21,45.44450759887695
2023-06-22,45.27965545654297
2023-06-23,44.62940216064453
2023-06-26,44.81257629394531
2023-06-27,45.2430305480957
2023-06-28,44.95911407470703
2023-06-29,44.74846649169922
2023-06-30,45.14228820800781
2023-07-03,45.655155181884766
2023-07-05,45.38956069946289
2023-07-06,44.510345458984375
2023-07-07,45.02322006225586
2023-07-10,45.03237533569336
2023-07-11,45.49946594238281
2023-07-12,46.424468994140625
2023-07-13,46.955665588378906
2023-07-14,46.6992301940918
2023-07-17,46.79081726074219
2023-07-18,46.50689697265625
2023-07-19,46.433631896972656
2023-07-20,46.06728744506836
2023-07-21,46.048973083496094
2023-07-24,46.66259002685547
2023-07-25,47.02893829345703
2023-07-26,47.267051696777344
2023-07-27,46.680908203125
2023-07-28,47.77992630004883
2023-07-31,47.83488082885742
2023-08-01,47.23958206176758
2023-08-02,46.14056396484375
2023-08-03,46.314571380615234
2023-08-04,46.32373046875
2023-08-07,46.232147216796875
2023-08-08,45.69179153442383
2023-08-09,45.83832931518555
2023-08-10,45.85664749145508
2023-08-11,45.23386001586914
2023-08-14,44.97743225097656
2023-08-15,44.537818908691406
2023-08-16,44.153160095214844
2023-08-17,44.272220611572266
2023-08-18,43.98830795288086
2023-08-21,44.12568664550781
2023-08-22,44.04326248168945
2023-08-23,44.71182632446289
2023-08-24,44.5652961730957
2023-08-25,44.62024688720703
2023-08-28,45.03237533569336
2023-08-29,45.6185302734375
2023-08-30,45.47199249267578
2023-08-31,44.931636810302734
2023-09-01,45.44450759887695
2023-09-05,45.13311767578125
2023-09-06,44.88584518432617
2023-09-07,44.44623565673828
2023-09-08,44.528663635253906
2023-09-11,45.05070114135742
2023-09-12,44.88584518432617
2023-09-13,44.830894470214844
2023-09-14,45.14228820800781
2023-09-15,44.95911407470703
2023-09-18,44.89500045776367
2023-09-19,44.63856887817383
2023-09-20,44.48286437988281
2023-09-21,43.70439529418945
2023-09-22,44.17148208618164
2023-09-25,43.99747085571289
2023-09-26,43.374691009521484
2023-09-27,43.44795608520508
2023-09-28,43.576175689697266
2023-09-29,43.58533477783203
2023-10-02,43.36552810668945
2023-10-03,42.81602096557617
2023-10-04,42.67864227294922
2023-10-05,42.8434944152832
2023-10-06,43.44795608520508
2023-10-09,43.2098388671875
2023-10-10,43.83261489868164
2023-10-11,44.05241775512695
2023-10-12,43.60365295410156
2023-10-13,43.42048263549805
2023-10-16,43.75934600830078
2023-10-17,43.65859603881836
2023-10-18,42.944236755371094
2023-10-19,42.74274444580078
2023-10-20,42.193241119384766
2023-10-23,42.165767669677734
2023-10-24,42.70612335205078
2023-10-25,42.15660858154297
2023-10-26,41.927642822265625
2023-10-27,41.891014099121094
2023-10-30,42.348941802978516
2023-10-31,42.07417678833008
2023-11-01,42.49547576904297
2023-11-02,43.2464714050293
2023-11-03,44.08905792236328
2023-11-06,44.492027282714844
2023-11-07,44.39128494262695
2023-11-08,44.08905792236328
2023-11-09,43.676918029785156
2023-11-10,43.979148864746094
2023-11-13,43.99747085571289
2023-11-14,45.13311767578125
2023-11-15,45.48114776611328
2023-11-16,45.09649658203125
2023-11-17,45.17892074584961
2023-11-20,45.73758316040039
2023-11-21,45.462825775146484
2023-11-22,45.37124252319336
2023-11-24,45.40788269042969
2023-11-27,45.27965545654297
2023-11-28,45.66432189941406
2023-11-29,45.398719787597656
2023-11-30,45.47199249267578
2023-12-01,45.71926498413086
2023-12-04,45.21554946899414
2023-12-05,45.02322006225586
2023-12-06,44.940792083740234
2023-12-07,45.17892074584961
2023-12-08,45.014060974121094
2023-12-11,45.224708557128906
2023-12-12,45.26134490966797
2023-12-13,45.728424072265625
2023-12-14,46.342044830322266
2023-12-15,46.07645034790039
2023-12-18,46.0123405456543
2023-12-19,46.37867736816406
2023-12-20,45.52606201171875
2023-12-21,46.40388870239258
2023-12-22,46.21712112426758
2023-12-26,46.57198715209961
2023-12-27,46.88017272949219
2023-12-28,47.1883430480957
2023-12-29,47.23503875732422
2024-01-02,46.64670181274414
2024-01-03,46.42257308959961
2024-01-04,46.291831970214844
2024-01-05,46.39455795288086
2024-01-08,46.525291442871094
2024-01-09,45.88092803955078
2024-01-10,45.778202056884766
2024-01-11,46.0023307800293
2024-01-12,46.17976760864258
2024-01-16,45.068458557128906
2024-01-17,44.452110290527344
2024-01-18,44.74161148071289
2024-01-19,45.1992073059082
2024-01-22,44.84433364868164
2024-01-23,45.1805305480957
2024-01-24,45.6287841796875
2024-01-25,45.66614532470703
2024-01-26,45.731510162353516
2024-01-29,45.778202056884766
2024-01-30,45.45134735107422
2024-01-31,45.24589920043945
2024-02-01,45.675472259521484
2024-02-02,45.5167236328125
2024-02-05,45.591426849365234
2024-02-06,46.590667724609375
2024-02-07,46.637359619140625
2024-02-08,46.347862243652344
2024-02-09,46.543975830078125
2024-02-12,46.86149215698242
2024-02-13,45.97431564331055
2024-02-14,46.66537857055664
2024-02-15,46.90818405151367
2024-02-16,47.10429763793945
2024-02-20,47.1883430480957
2024-02-21,47.25371551513672
2024-02-22,47.70197296142578
2024-02-23,47.67395782470703
2024-02-26,47.4871826171875
2024-02-27,47.57122802734375
2024-02-28,46.95487594604492
2024-02-29,47.01091003417969
2024-03-01,47.5992431640625
2024-03-04,47.440486907958984
2024-03-05,47.07627868652344
2024-03-06,47.73932647705078
2024-03-07,48.02882385253906
2024-03-08,47.94477844238281
2024-03-11,48.04750061035156
2024-03-12,48.52377700805664
2024-03-13,48.29964828491211
2024-03-14,48.03816604614258
2024-03-15,47.76734161376953
2024-03-18,47.86073303222656
2024-03-19,47.664615631103516
2024-03-20,48.18758010864258
2024-03-21,48.234275817871094
2024-03-22,47.93544006347656
2024-03-25,47.99147033691406
2024-03-26,47.8794059753418
2024-03-27,48.00081253051758
2024-03-28,48.18758010864258
2024-04-01,48.271629333496094
2024-04-02,48.41170883178711
2024-04-03,48.49575424194336
2024-04-04,48.30898666381836
2024-04-05,48.430389404296875
2024-04-08,48.74790573120117
2024-04-09,49.07476043701172
2024-04-10,48.40237808227539
2024-04-11,48.71055221557617
2024-04-12,47.636600494384766
2024-04-15,47.328426361083984
2024-04-16,46.730751037597656
2024-04-17,46.71207046508789
2024-04-18,46.94553756713867
2024-04-19,46.721405029296875
2024-04-22,47.1883430480957
2024-04-23,47.5992431640625
2024-04-24,47.748661041259766
2024-04-25,47.85139083862305
2024-04-26,48.37435531616211
2024-04-29,48.86930847167969
2024-04-30,48.234275817871094
2024-05-01,48.271629333496094
2024-05-02,49.466983795166016
2024-05-03,49.90589904785156
2024-05-06,49.91524124145508
2024-05-07,49.60706329345703
2024-05-08,49.58837890625
2024-05-09,49.72846603393555
2024-05-10,49.78450012207031
2024-05-13,50.13003158569336
2024-05-14,50.400848388671875
2024-05-15,50.94249725341797
2024-05-16,51.063899993896484
2024-05-17,51.316036224365234
2024-05-20,51.14794158935547
2024-05-21,50.83042907714844
2024-05-22,50.66233444213867
2024-05-23,50.279449462890625
2024-05-24,50.44754409790039
2024-05-28,50.39150619506836
2024-05-29,49.69110870361328
2024-05-30,49.532352447509766
2024-05-31,49.11211395263672
2024-06-03,49.625736236572266
2024-06-04,48.91600036621094
2024-06-05,49.672428131103516
2024-06-06,49.94325256347656
2024-06-07,49.44830322265625
2024-06-10,49.7004508972168
2024-06-11,49.576934814453125
2024-06-12,50.048377990722656
2024-06-13,49.96352005004883
2024-06-14,50.05780792236328
2024-06-17,50.387813568115234
2024-06-18,50.812110900878906
2024-06-20,50.68953323364258
2024-06-21,50.538673400878906
2024-06-24,50.52925109863281
2024-06-25,50.41610336303711
2024-06-26,50.29352569580078
2024-06-27,50.350101470947266
2024-06-28,50.47267150878906
2024-07-01,50.576393127441406
2024-07-02,50.71782684326172
2024-07-03,51.415557861328125
2024-07-05,51.660709381103516
2024-07-08,51.670135498046875
2024-07-09,51.84928512573242
2024-07-10,52.09443283081055
2024-07-11,52.40559387207031
2024-07-12,52.60359573364258
2024-07-15,52.10386276245117
2024-07-16,52.40559387207031
2024-07-17,51.57584762573242
2024-07-18,51.09497833251953
2024-07-19,50.5858268737793
2024-07-22,50.981834411621094
2024-07-23,50.45381546020508
2024-07-24,49.888084411621094
2024-07-25,49.6806526184082
2024-07-26,50.1898078918457
2024-07-29,50.0012321472168
2024-07-30,49.831512451171875
2024-07-31,50.8592529296875
2024-08-01,50.048377990722656
2024-08-02,49.32235336303711
2024-08-05,47.82316207885742
2024-08-06,48.02117156982422
2024-08-07,48.407752990722656
2024-08-08,49.47321701049805
2024-08-09,49.73722457885742
2024-08-12,49.888084411621094
2024-08-13,50.40666961669922
2024-08-14,50.161521911621094
2024-08-15,50.69896697998047
2024-08-16,51.28355407714844
2024-08-19,51.83042907714844
2024-08-20,51.42498779296875
2024-08-21,51.670135498046875
2024-08-22,51.05726623535156
2024-08-23,51.887001037597656
2024-08-26,51.42498779296875
2024-08-27,51.5569953918457
2024-08-28,51.17983627319336
2024-08-29,51.217552185058594
2024-08-30,51.34955596923828
2024-09-03,50.40666961669922
2024-09-04,50.397247314453125
2024-09-05,50.43496322631836
2024-09-06,49.52979278564453
2024-09-09,49.96352005004883
2024-09-10,49.82208251953125
2024-09-11,50.142662048339844
2024-09-12,50.5481071472168
2024-09-13,50.78382873535156
2024-09-16,51.01955032348633
2024-09-17,51.03840637207031
2024-09-18,50.8592529296875
2024-09-19,51.89643096923828
2024-09-20,51.764427185058594
2024-09-23,52.16044235229492
2024-09-24,53.829345703125
2024-09-25,53.2070426940918
2024-09-26,55.03623962402344
2024-09-27,54.89480972290039
2024-09-30,54.13106918334961
2024-10-01,54.46107864379883
2024-10-02,55.40396499633789
2024-10-03,54.696800231933594
2024-10-04,55.18709945678711
2024-10-07,55.54539489746094
2024-10-08,54.310218811035156
2024-10-09,54.017921447753906
2024-10-10,54.14049530029297
2024-10-11,54.51765441894531
2024-10-14,54.338504791259766
2024-10-15,53.23532485961914
2024-10-16,53.73506164550781
2024-10-17,53.5936279296875
2024-10-18,54.04621124267578
2024-10-21,53.74448776245117
2024-10-22,53.584197998046875
2024-10-23,53.282470703125
2024-10-24,53.1693229675293
2024-10-25,53.112754821777344
2024-10-28,53.30132293701172
2024-10-29,53.14104080200195
2024-10-30,52.67902374267578
2024-10-31,52.44330596923828
2024-11-01,52.5753059387207
2024-11-04,52.74502944946289
2024-11-05,53.43333053588867
2024-11-06,52.79217529296875
2024-11-07,53.95192337036133
2024-11-08,52.64131164550781
2024-11-11,52.235870361328125
2024-11-12,51.33069610595703
2024-11-13,50.944114685058594
2024-11-14,50.68953323364258
2024-11-15,50.67068099975586
2024-11-18,51.208126068115234
2024-11-19,51.236412048339844
2024-11-20,51.17983627319336
2024-11-21,51.05726623535156
2024-11-22,51.11383819580078
2024-11-25,51.170413970947266
2024-11-26,51.00069046020508
2024-11-27,51.01955032348633
2024-11-29,51.208126068115234
2024-12-02,51.33069610595703
2024-12-03,51.453277587890625
2024-12-04,51.57584762573242
2024-12-05,51.90585708618164
2024-12-06,51.80213928222656
2024-12-09,52.763885498046875
2024-12-10,51.962432861328125
2024-12-11,52.2264404296875
2024-12-12,51.92471694946289
2024-12-13,51.9530029296875
2024-12-16,51.736141204833984
2024-12-17,51.546363830566406
2024-12-18,50.351871490478516
2024-12-19,50.583065032958984
2024-12-20,50.746829986572266
2024-12-23,51.03581619262695
2024-12-24,51.18031311035156
2024-12-26,51.00691604614258
2024-12-27,50.80462646484375
2024-12-30,50.39040756225586
2024-12-31,50.303707122802734
2025-01-02,50.217010498046875
2025-01-03,50.669761657714844
2025-01-06,50.81426239013672
2025-01-07,50.46746826171875
2025-01-08,50.20737838745117
2025-01-10,49.31150436401367
2025-01-13,48.96471405029297
2025-01-14,49.49453353881836
2025-01-15,50.10141372680664
2025-01-16,50.072513580322266
2025-01-17,50.45783615112305
2025-01-21,50.97801971435547
2025-01-22,50.98765563964844
2025-01-23,51.18031311035156
2025-01-24,51.39223861694336
2025-01-27,50.46746826171875
2025-01-28,50.84315490722656
2025-01-29,50.862422943115234
2025-01-30,51.661964416503906
2025-01-31,51.04545211791992
2025-02-03,50.7371940612793
2025-02-04,51.594539642333984
2025-02-05,51.48857116699219
2025-02-06,51.71976089477539
2025-02-07,51.67159652709961
2025-02-10,52.230316162109375
2025-02-11,51.9894905090332
2025-02-12,52.26884460449219
2025-02-13,52.56747055053711
2025-02-14,52.92388916015625
2025-02-18,53.27068328857422
2025-02-19,53.16471481323242
2025-02-20,53.675270080566406
2025-02-21,53.482608795166016
2025-02-24,52.72159957885742
2025-02-25,52.750492095947266
2025-02-26,53.212886810302734
2025-02-27,52.16288375854492
2025-02-28,51.478939056396484
2025-03-03,51.06471252441406
2025-03-04,51.440406799316406
2025-03-05,52.97206115722656
2025-03-06,52.644535064697266
2025-03-07,52.875728607177734
2025-03-10,51.67159652709961
2025-03-11,52.028018951416016
2025-03-12,52.317012786865234
2025-03-13,52.06655502319336
2025-03-14,53.010589599609375
2025-03-17,53.8871955871582
2025-03-18,53.64636993408203
2025-03-19,53.71379852294922
2025-03-20,53.241783142089844
2025-03-21,53.058753967285156
2025-03-24,53.22251510620117
2025-03-25,53.13581848144531
2025-03-26,52.817928314208984
2025-03-27,53.04911804199219
2025-03-28,52.10508346557617
2025-03-31,51.9894905090332
2025-04-01,52.220680236816406
2025-04-02,52.27847671508789
2025-04-03,51.20921325683594
2025-04-04,48.41563415527344
2025-04-07,46.700950622558594
2025-04-08,45.98810958862305
2025-04-09,49.16700744628906
2025-04-10,48.309669494628906
2025-04-11,49.76425552368164
2025-04-14,50.22663879394531
2025-04-15,50.188106536865234
2025-04-16,49.6197624206543
2025-04-17,50.06288146972656
2025-04-21,50.043617248535156
2025-04-22,50.79499053955078
2025-04-23,51.3151741027832
2025-04-24,51.970218658447266
2025-04-25,51.787193298339844
2025-04-28,51.92205810546875
2025-04-29,52.114715576171875
2025-04-30,52.18214797973633
2025-05-01,52.15324783325195
2025-05-02,53.66563415527344
2025-05-05,54.09912109375
2025-05-06,53.82939529418945
2025-05-07,53.212886810302734
2025-05-08,53.14545440673828
2025-05-09,53.49224090576172
2025-05-12,54.66747283935547
2025-05-13,54.792701721191406
2025-05-14,55.18765640258789
2025-05-15,55.197288513183594
2025-05-16,55.20692443847656
2025-05-19,55.37068557739258
2025-05-20,55.31288146972656
2025-05-21,55.23582458496094
2025-05-22,55.09132385253906
2025-05-23,55.3417854309082
2025-05-27,55.274356842041016
2025-05-28,55.02389144897461
2025-05-29,55.31288146972656
2025-05-30,54.60966873168945
2025-06-02,55.06242752075195
2025-06-03,55.158756256103516
2025-06-04,55.84270477294922
2025-06-05,56.1124267578125
2025-06-06,56.34362030029297
2025-06-09,56.75783920288086
2025-06-10,57.13352966308594
2025-06-11,57.42251968383789
2025-06-12,57.48031234741211
2025-06-13,56.55554962158203
2025-06-16,57.1991081237793
2025-06-17,56.46778869628906
2025-06-18,56.497039794921875
2025-06-20,56.13625717163086
2025-06-23,56.60430145263672
2025-06-24,58.02793884277344
2025-06-25,58.06694412231445
2025-06-26,58.46673583984375
2025-06-27,58.261962890625
2025-06-30,58.53498840332031
2025-07-01,58.59349822998047
2025-07-02,58.817771911621094
2025-07-03,59.11029815673828
2025-07-07,58.261962890625
2025-07-08,58.5837516784668
2025-07-09,58.54474639892578
2025-07-10,58.730010986328125
2025-07-11,58.564247131347656
2025-07-14,58.671504974365234
2025-07-15,59.0810432434082
2025-07-16,59.31507110595703
2025-07-17,59.65635299682617
2025-07-18,59.52959060668945
2025-07-21,59.89037322998047
2025-07-22,59.85137176513672
2025-07-23,60.48518371582031
2025-07-24,60.16340255737305
2025-07-25,59.9683837890625
2025-07-28,59.51008605957031
2025-07-29,59.57834243774414
2025-07-30,59.16880798339844
2025-07-31,58.82752227783203
2025-08-01,58.40822982788086
2025-08-04,59.02254104614258
2025-08-05,59.22731018066406
2025-08-06,59.4808349609375
2025-08-07,59.95863342285156
2025-08-08,59.8806266784668
2025-08-11,59.744110107421875
2025-08-12,60.50468444824219
2025-08-13,61.13850021362305
2025-08-14,60.42668151855469
2025-08-15,60.572940826416016
2025-08-18,60.943477630615234
2025-08-19,60.455928802490234
2025-08-20,60.319419860839844
2025-08-21,60.22190475463867
2025-08-22,61.3530158996582
2025-08-25,61.0312385559082
2025-08-26,60.943477630615234
2025-08-27,60.602195739746094
2025-08-28,60.82646942138672
2025-08-29,60.5436897277832
2025-09-02,60.44618225097656
2025-09-03,60.6899528503418
2025-09-04,60.49493408203125
2025-09-05,61.21650695800781
2025-09-08,61.7625617980957
2025-09-09,61.9868278503418
2025-09-10,62.425621032714844
2025-09-11,63.195945739746094
2025-09-12,63.176448822021484
2025-09-15,63.615234375
2025-09-16,64.0930404663086
2025-09-17,64.3465576171875
2025-09-18,64.19054412841797
2025-09-19,64.04428100585938
2025-09-22,64.29780578613281
2025-09-23,64.32706451416016
2025-09-24,64.06378173828125
2025-09-25,63.75175094604492
2025-09-26,63.56648635864258
2025-09-29,64.06378173828125
2025-09-30,64.27830505371094
2025-10-01,64.78535461425781
2025-10-02,65.08763885498047
2025-10-03,65.26315307617188
2025-10-06,65.53617858886719
2025-10-07,65.06813049316406
2025-10-08,65.5556869506836
2025-10-09,64.94136810302734
2025-10-10,62.620643615722656
2025-10-13,64.434326171875
2025-10-14,63.84926223754883
2025-10-15,64.92186737060547
2025-10-16,65.3216552734375
2025-10-17,65.2533950805664
2025-10-20,66.11148834228516
2025-10-21,65.39966583251953
2025-10-22,65.3899154663086
2025-10-23,65.92621612548828
2025-10-24,66.34550476074219
2025-10-27,67.07682800292969
2025-10-28,67.05732727050781
2025-10-29,67.4181137084961
2025-10-30,66.6867904663086
2025-10-31,66.56977844238281
2025-11-03,67.01832580566406
2025-11-04,65.79945373535156
2025-11-05,66.37476348876953
2025-11-06,65.84820556640625
2025-11-07,65.61418151855469
2025-11-10,66.74529266357422
2025-11-11,66.79405212402344
2025-11-12,66.82330322265625
2025-11-13,66.08222961425781
2025-11-14,66.17974853515625
2025-11-17,65.39966583251953
2025-11-18,65.03887939453125
2025-11-19,64.84385681152344
2025-11-20,64.0052719116211
2025-11-21,63.94677734375
2025-11-24,64.60008239746094
2025-11-25,64.80486297607422
2025-11-26,65.26315307617188
2025-11-28,65.42891693115234
2025-12-01,65.37041473388672
2025-12-02,65.37041473388672
2025-12-03,65.42891693115234
2025-12-04,65.39966583251953
2025-12-05,65.75070190429688
2025-12-08,65.67269134521484
2025-12-09,65.60443878173828
2025-12-10,66.23824310302734
2025-12-11,65.96522521972656
2025-12-12,65.2241439819336
2025-12-15,65.05838775634766
2025-12-16,64.63082122802734
2025-12-17,64.2042465209961
2025-12-18,64.87882995605469
2025-12-19,65.56332397460938
2025-12-22,65.91053771972656
2025-12-23,66.3073501586914
2025-12-24,66.40655517578125
2025-12-26,66.85296630859375
2025-12-29,66.684326171875
2025-12-30,66.85296630859375
2025-12-31,66.684326171875
2026-01-02,68.45013427734375
2026-01-05,69.1445541381836
2026-01-06,69.67034149169922
2026-01-07,69.21399688720703
2026-01-08,69.22392272949219
2026-01-09,69.48184967041016
2026-01-12,70.39451599121094
2026-01-13,69.9084243774414
2026-01-14,70.24571228027344
2026-01-15,70.61276245117188
2026-01-16,70.3548355102539
2026-01-20,69.80921936035156
2026-01-21,70.81116485595703
2026-01-22,71.38655090332031
2026-01-23,71.82304382324219
2026-01-26,72.02144622802734
2026-01-27,73.36068725585938
2026-01-28,73.85670471191406
2026-01-29,73.49957275390625
2026-01-30,71.98176574707031
2026-02-02,72.24961853027344
2026-02-03,72.56707000732422
2026-02-04,71.71392059326172
2026-02-05,71.29727172851562
2026-02-06,73.08292388916016
2026-02-09,73.64837646484375
2026-02-10,73.77734375
2026-02-11,74.88842010498047
2026-02-12,74.05511474609375
2026-02-13,74.37256622314453
2026-02-17,74.09479522705078
2026-02-18,74.4916000366211
2026-02-19,74.33287811279297
2026-02-20,75.83084869384766
2026-02-23,75.03722381591797
2026-02-24,76.17806243896484
2026-02-25,76.95184326171875
2026-02-26,76.20781707763672
2026-02-27,76.14830017089844
2026-03-02,74.82889556884766
2026-03-03,71.2079849243164
2026-03-04,71.89248657226562
2026-03-05,70.3250732421875
2026-03-06,69.92826080322266
2026-03-09,71.25758361816406
2026-03-10,71.53535461425781
2026-03-11,71.69407653808594
2026-03-12,69.41240692138672
2026-03-13,69.17432403564453
2026-03-16,71.03933715820312
2026-03-17,71.48574829101562
2026-03-18,70.04730987548828
2026-03-19,70.17626953125
2026-03-20,67.82515716552734
2026-03-23,69.89849853515625
2026-03-24,68.79734802246094
2026-03-25,69.94810485839844
2026-03-26,67.61683654785156
2026-03-27,67.31922149658203
2026-03-30,66.78352355957031
2026-03-31,69.19416046142578
2026-04-01,69.71993255615234
2026-04-02,69.00566864013672
2026-04-06,69.5810546875
2026-04-07,69.76953887939453
2026-04-08,73.54917907714844
2026-04-09,73.35077667236328
2026-04-10,73.6583023071289
2026-04-13,74.34280395507812
2026-04-14,75.69196319580078
2026-04-15,75.68204498291016
2026-04-16,76.02925109863281
2026-04-17,77.47761535644531
2026-04-20,76.92208099365234
2026-04-21,75.83084869384766
2026-04-22,77.27921295166016
2026-04-23,75.95980834960938
2026-04-24,77.54705810546875
2026-04-27,77.39825439453125
2026-04-28,76.65422821044922
2026-04-29,76.35662841796875
2026-04-30,77.86450958251953
2026-05-01,78.02323913574219
2026-05-04,77.95379638671875
2026-05-05,79.51128387451172
2026-05-06,81.89215850830078
2026-05-07,80.82076263427734
2026-05-08,82.34849548339844
2026-05-11,82.3088150024414
2026-05-12,79.80889129638672
2026-05-13,81.3961410522461
2026-05-14,81.63423156738281
2026-05-15,78.85653686523438
2026-05-18,78.77718353271484
2026-05-19,77.90419006347656
2026-05-20,79.3029556274414
2026-05-21,79.93785858154297
2026-05-22,79.92793273925781
2026-05-26,82.9040298461914
2026-05-27,82.79490661621094
2026-05-28,82.89410400390625
2026-05-29,82.80482482910156
2026-06-01,84.5011978149414
2026-06-02,85.30474090576172
2026-06-03,84.16390228271484
2026-06-04,83.34052276611328
2026-06-05,78.0033950805664
2026-06-08,79.33271789550781
2026-06-09,79.40216064453125
2026-06-10,77.99347686767578
2026-06-11,81.41598510742188
2026-06-12,81.91199493408203
2026-06-15,84.41000366210938
2026-06-16,83.1500015258789
2026-06-17,83.0199966430664
2026-06-18,85.62999725341797
2026-06-22,86.0
2026-06-23,81.31999969482422
2026-06-24,81.44999694824219
2026-06-25,82.16999816894531
2026-06-26,81.30000305175781
2026-06-29,81.72000122070312
2026-06-30,82.83999633789062
2026-07-01,80.62999725341797
2026-07-02,79.83999633789062
2026-07-06,82.0
2026-07-07,79.79000091552734
2026-07-08,80.30000305175781
2026-07-09,81.0199966430664
2026-07-10,81.31999969482422
2026-07-13,78.48999786376953
2026-07-14,79.72000122070312
2026-07-15,79.68000030517578
2026-07-16,78.11000061035156
2026-07-17,76.9800033569336
2026-07-20,77.20999908447266
2026-07-21,79.30000305175781
2026-07-22,78.97000122070312
2026-07-23,78.44999694824219
2026-07-24,77.05000305175781
2026-07-27,77.3499984741211
2026-07-28,75.80000305175781
2026-07-29,74.1500015258789
2026-07-30,77.05000305175781
2026-07-31,77.61000061035156
2026-08-03,78.11000061035156
2026-08-04,80.23999786376953
2026-08-05,79.95999908447266
2026-08-06,79.33999633789062
2026-08-07,79.98999786376953
2026-08-10,79.55999755859375
2026-08-11,79.88999938964844
2026-08-12,81.0199966430664
2026-08-13,81.29000091552734
2026-08-14,81.19000244140625
2026-08-17,81.94999694824219
2026-08-18,79.62999725341797
2026-08-19,80.56999969482422
2026-08-20,81.05000305175781
2026-08-21,81.56999969482422
2026-08-24,80.48999786376953
2026-08-25,81.88999938964844
2026-08-26,81.8499984741211
2026-08-27,82.41999816894531
2026-08-28,81.81999969482422
2026-08-31,81.7300033569336
2026-09-01,81.43000030517578
2026-09-02,81.93000030517578
2026-09-03,82.29000091552734
2026-09-04,83.6500015258789
2026-09-08,83.69999694824219
2026-09-09,83.25
2026-09-10,81.58000183105469
2026-09-11,82.56999969482422
2026-09-14,80.4000015258789
2026-09-15,80.0999984741211
2026-09-16,80.11000061035156
2026-09-17,81.5
2026-09-18,81.66000366210938
2026-09-21,83.76000213623047
2026-09-22,
