Date,SHY,IEI,IEF,TLT
2002-07-30,50.87141799926758,,40.13856887817383,35.55562973022461
2002-07-31,51.02837371826172,,40.506717681884766,35.99617004394531
2002-08-01,51.128841400146484,,40.67362594604492,36.201168060302734
2002-08-02,51.22929763793945,,40.98776626586914,36.57188415527344
2002-08-05,51.31095886230469,,41.19394302368164,36.73328399658203
2002-08-06,51.18538284301758,,40.86015701293945,36.41923522949219
2002-08-07,51.26068878173828,,40.98776626586914,36.506473541259766
2002-08-08,51.18538284301758,,40.84542465209961,36.506473541259766
2002-08-09,51.19791793823242,,41.1497802734375,37.021141052246094
2002-08-12,51.19160079956055,,41.23322296142578,37.247920989990234
2002-08-13,51.279541015625,,41.562110900878906,37.70589065551758
2002-08-14,51.16652297973633,,41.439388275146484,37.84981918334961
2002-08-15,51.122520446777344,,41.19883728027344,37.518375396728516
2002-08-16,51.09114456176758,,40.92887878417969,37.09963607788086
2002-08-19,51.09744644165039,,40.96815872192383,37.21304702758789
2002-08-20,51.21674346923828,,41.34613800048828,37.627384185791016
2002-08-21,51.17283630371094,,41.24304962158203,37.42679214477539
2002-08-22,51.11625671386719,,41.02216720581055,37.09963607788086
2002-08-23,51.1790885925293,,41.20865249633789,37.46601486206055
2002-08-26,51.17283630371094,,41.228294372558594,37.50092697143555
2002-08-27,51.135128021240234,,41.10555648803711,37.26540756225586
2002-08-28,51.17283630371094,,41.25777816772461,37.45294189453125
2002-08-29,51.22929763793945,,41.4492073059082,37.75389099121094
2002-08-30,51.24818420410156,,41.527732849121094,37.980682373046875
2002-09-03,51.36956024169922,,41.98089599609375,38.56459045410156
2002-09-04,51.350677490234375,,41.96611785888672,38.555843353271484
2002-09-05,51.40727996826172,,42.13359451293945,38.76607131958008
2002-09-06,51.306617736816406,,41.8084831237793,38.31056213378906
2002-09-09,51.23748016357422,,41.749385833740234,38.25360870361328
2002-09-10,51.26893997192383,,41.89716339111328,38.43757247924805
2002-09-11,51.23748016357422,,41.744449615478516,38.236087799072266
2002-09-12,51.275169372558594,,41.96119689941406,38.53395462036133
2002-09-13,51.31287384033203,,42.15822982788086,38.88875961303711
2002-09-16,51.29408264160156,,42.17300796508789,38.95440673828125
2002-09-17,51.33184051513672,,42.31089401245117,39.028865814208984
2002-09-18,51.325504302978516,,42.36017990112305,39.037681579589844
2002-09-19,51.43242645263672,,42.57197570800781,39.300498962402344
2002-09-20,51.43870544433594,,42.557228088378906,39.11651611328125
2002-09-23,51.45134735107422,,42.798561096191406,39.46696472167969
2002-09-24,51.47649002075195,,42.951202392578125,39.72100067138672
2002-09-25,51.426143646240234,,42.62614822387695,39.2391242980957
2002-09-26,51.445030212402344,,42.59657669067383,39.147220611572266
2002-09-27,51.551937103271484,,42.87736892700195,39.440670013427734
2002-09-30,51.62739944458008,,43.1285514831543,39.598331451416016
2002-10-01,51.564456939697266,,42.75212478637695,39.10721206665039
2002-10-02,51.608524322509766,,42.89535140991211,39.33145523071289
2002-10-03,51.61484146118164,,42.87069320678711,39.23469924926758
2002-10-04,51.570735931396484,,42.91514205932617,39.35785675048828
2002-10-07,51.63375473022461,,43.0831298828125,39.42377471923828
2002-10-08,51.583343505859375,,43.00407791137695,39.43701171875
2002-10-09,51.690433502197266,,43.22144317626953,39.639251708984375
2002-10-10,51.64002990722656,,42.97442626953125,39.32707214355469
2002-10-11,51.55815505981445,,42.66815185546875,38.86096954345703
2002-10-14,51.570735931396484,,42.633548736572266,38.8038215637207
2002-10-15,51.375457763671875,,41.917232513427734,37.884830474853516
2002-10-16,51.394344329833984,,41.917232513427734,37.902442932128906
2002-10-17,51.35024642944336,,41.69495391845703,37.44075012207031
2002-10-18,51.394344329833984,,41.818424224853516,37.537479400634766
2002-10-21,51.280948638916016,,41.49732208251953,37.17253494262695
2002-10-22,51.2746696472168,,41.47755432128906,37.06703567504883
2002-10-23,51.31247329711914,,41.566490173339844,37.0801887512207
2002-10-24,51.40066146850586,,41.76409149169922,37.405555725097656
2002-10-25,51.488807678222656,,41.94689178466797,37.5418815612793
2002-10-28,51.55815505981445,,41.996253967285156,37.48911666870117
2002-10-29,51.67151641845703,,42.37668228149414,37.97716522216797
2002-10-30,51.66522979736328,,42.37173843383789,37.9639892578125
2002-10-31,51.75343704223633,,42.58909606933594,38.13544464111328
2002-11-01,51.69853973388672,,42.33381271362305,37.97601318359375
2002-11-04,51.64805221557617,,42.19995880126953,37.808162689208984
2002-11-05,51.64176559448242,,42.08595275878906,37.66242980957031
2002-11-06,51.66069412231445,,42.224769592285156,37.81259536743164
2002-11-07,51.68590545654297,,42.63618850708008,38.74895095825195
2002-11-08,51.6669921875,,42.740272521972656,39.06255340576172
2002-11-11,51.717464447021484,,42.84934997558594,39.27456283569336
2002-11-12,51.730079650878906,,42.71549987792969,39.049320220947266
2002-11-13,51.736419677734375,,42.76507568359375,39.13323974609375
2002-11-14,51.61021041870117,,42.2297248840332,38.32051467895508
2002-11-15,51.63545227050781,,42.259464263916016,38.47513198852539
2002-11-18,51.63545227050781,,42.29909896850586,38.64736557006836
2002-11-19,51.622840881347656,,42.33381271362305,38.788734436035156
2002-11-20,51.578643798828125,,42.10078048706055,38.408851623535156
2002-11-21,51.50922393798828,,41.85792541503906,38.03782653808594
2002-11-22,51.490333557128906,,41.808349609375,38.00252151489258
2002-11-25,51.52188491821289,,41.743900299072266,37.93184280395508
2002-11-26,51.61650466918945,,42.120635986328125,38.408851623535156
2002-11-27,51.52817153930664,,41.639808654785156,37.543148040771484
2002-11-29,51.553401947021484,,41.69927978515625,37.78608703613281
2002-12-02,51.57232666015625,,41.68435287475586,37.82114791870117
2002-12-03,51.5913200378418,,41.679351806640625,37.8743896484375
2002-12-04,51.6229248046875,,41.82398986816406,38.06962203979492
2002-12-05,51.66713333129883,,41.93873596191406,38.16720962524414
2002-12-06,51.7176513671875,,42.10830307006836,38.2337760925293
2002-12-09,51.73035430908203,,42.26792907714844,38.44677734375
2002-12-10,51.72401428222656,,42.23299026489258,38.5488166809082
2002-12-11,51.76821517944336,,42.372657775878906,38.80616760253906
2002-12-12,51.78718948364258,,42.40760040283203,38.77067565917969
2002-12-13,51.74932098388672,,42.252925872802734,38.393497467041016
2002-12-16,51.72401428222656,,42.07836151123047,38.105098724365234
2002-12-17,51.774566650390625,,42.17815017700195,38.105098724365234
2002-12-18,51.8566780090332,,42.43751525878906,38.4023551940918
2002-12-19,51.91358947753906,,42.656951904296875,38.74406051635742
2002-12-20,51.88827896118164,,42.656951904296875,38.77067565917969
2002-12-23,51.89456558227539,,42.63206481933594,38.77955627441406
2002-12-24,51.95145034790039,,42.79166793823242,38.9969596862793
2002-12-26,51.989410400390625,,42.856502532958984,39.07240295410156
2002-12-27,52.05254364013672,,43.110897064208984,39.50278854370117
2002-12-30,52.05889129638672,,43.19070053100586,39.59592819213867
2002-12-31,52.09625244140625,,43.17866897583008,39.49605178833008
2003-01-02,51.9000244140625,,42.49702835083008,38.47487258911133
2003-01-03,51.9063720703125,,42.567195892333984,38.5640754699707
2003-01-06,51.87474822998047,,42.46196365356445,38.46150207519531
2003-01-07,51.912681579589844,,42.59728240966797,38.59973907470703
2003-01-08,51.95703125,,42.697471618652344,38.79146957397461
2003-01-09,51.86209487915039,,42.181297302246094,38.04676818847656
2003-01-10,51.93168640136719,,42.22639465332031,38.1449089050293
2003-01-13,51.919002532958984,,42.30154037475586,38.20730972290039
2003-01-14,51.938045501708984,,42.40178680419922,38.34110641479492
2003-01-15,51.95703125,,42.49702835083008,38.52840042114258
2003-01-16,51.9886360168457,,42.481990814208984,38.58190155029297
2003-01-17,51.97597885131836,,42.65739822387695,38.773651123046875
2003-01-21,52.039276123046875,,42.80276870727539,38.996620178222656
2003-01-22,52.0772705078125,,42.97821044921875,39.18836212158203
2003-01-23,52.04563522338867,,42.88799285888672,38.996620178222656
2003-01-24,52.039276123046875,,42.97315979003906,39.22852325439453
2003-01-27,52.039276123046875,,42.84287643432617,39.085811614990234
2003-01-28,52.05195617675781,,42.84785842895508,39.085811614990234
2003-01-29,52.00765609741211,,42.66242980957031,38.871768951416016
2003-01-30,52.070899963378906,,42.82780075073242,39.161624908447266
2003-01-31,52.058265686035156,,42.84785842895508,39.26861572265625
2003-02-03,52.02778625488281,,42.78150177001953,39.32590866088867
2003-02-04,52.084903717041016,,42.92229461669922,39.500450134277344
2003-02-05,52.065860748291016,,42.756385803222656,39.16035079956055
2003-02-06,52.091182708740234,,42.92229461669922,39.478050231933594
2003-02-07,52.13559341430664,,42.942405700683594,39.56756591796875
2003-02-10,52.09758377075195,,42.86199951171875,39.290130615234375
2003-02-11,52.116580963134766,,42.90214538574219,39.28120422363281
2003-02-12,52.16099166870117,,43.088253021240234,39.41988754272461
2003-02-13,52.205322265625,,43.244102478027344,39.63467025756836
2003-02-14,52.16099166870117,,43.09326171875,39.29460144042969
2003-02-18,52.14196014404297,,43.09326171875,39.34379959106445
2003-02-19,52.16731643676758,,43.25417709350586,39.61231994628906
2003-02-20,52.19898223876953,,43.40503692626953,39.746585845947266
2003-02-21,52.15462875366211,,43.244102478027344,39.51383590698242
2003-02-24,52.18000030517578,,43.41507339477539,39.701847076416016
2003-02-25,52.211647033691406,,43.47541046142578,39.885284423828125
2003-02-26,52.23704528808594,,43.60615539550781,40.162715911865234
2003-02-27,52.23704528808594,,43.64639663696289,40.229862213134766
2003-02-28,52.26237106323242,,43.79217529296875,40.48491668701172
2003-03-03,52.27951431274414,,43.88298034667969,40.53434753417969
2003-03-04,52.27314758300781,,43.96870040893555,40.561256408691406
2003-03-05,52.3176155090332,,44.049373626708984,40.696048736572266
2003-03-06,52.33660888671875,,43.958595275878906,40.5388298034668
2003-03-07,52.38739776611328,,44.10479736328125,40.67808151245117
2003-03-10,52.43818283081055,,44.251060485839844,40.88921356201172
2003-03-11,52.393733978271484,,44.24099349975586,40.81734085083008
2003-03-12,52.35569763183594,,44.140079498291016,40.965576171875
2003-03-13,52.197021484375,,43.651023864746094,40.210941314697266
2003-03-14,52.24781036376953,,43.79220962524414,40.408573150634766
2003-03-17,52.184303283691406,,43.44938278198242,39.923465728759766
2003-03-18,52.13984298706055,,43.21234130859375,39.546146392822266
2003-03-19,52.12717819213867,,43.00559616088867,39.254150390625
2003-03-20,52.19068145751953,,43.03586959838867,39.19129180908203
2003-03-21,52.0573616027832,,42.64256286621094,38.65226364135742
2003-03-24,52.171573638916016,,43.05600357055664,39.26315689086914
2003-03-25,52.171573638916016,,43.06106948852539,39.21822738647461
2003-03-26,52.235111236572266,,43.16193389892578,39.29908752441406
2003-03-27,52.24781036376953,,43.24258041381836,39.32603454589844
2003-03-28,52.3176155090332,,43.313201904296875,39.41586685180664
2003-03-31,52.35569763183594,,43.62577438354492,39.93244552612305
2003-04-01,52.34422302246094,,43.56969451904297,39.81877517700195
2003-04-02,52.2869987487793,,43.26122283935547,39.403743743896484
2003-04-03,52.31884002685547,,43.33705520629883,39.38117599487305
2003-04-04,52.30613327026367,,43.26122283935547,39.268436431884766
2003-04-07,52.27430725097656,,43.160099029541016,39.17815399169922
2003-04-08,52.32516098022461,,43.321903228759766,39.49396514892578
2003-04-09,52.356929779052734,,43.46855163574219,39.61124801635742
2003-04-10,52.2869987487793,,43.352237701416016,39.42631149291992
2003-04-11,52.26163864135742,,43.24098205566406,39.3631591796875
2003-04-14,52.21713638305664,,43.11960220336914,39.2548828125
2003-04-15,52.25524139404297,,43.2713508605957,39.46690368652344
2003-04-16,52.26163864135742,,43.36741638183594,39.62929916381836
2003-04-17,52.21713638305664,,43.311798095703125,39.69243621826172
2003-04-21,52.24885559082031,,43.23086166381836,39.60676193237305
2003-04-22,52.242496490478516,,43.24098205566406,39.58418273925781
2003-04-23,52.28068923950195,,43.22075653076172,39.665374755859375
2003-04-24,52.33150863647461,,43.473594665527344,40.02176284790039
2003-04-25,52.38233947753906,,43.54439926147461,40.111934661865234
2003-04-28,52.369651794433594,,43.49889373779297,40.04879379272461
2003-04-29,52.33150863647461,,43.42301940917969,39.981163024902344
2003-04-30,52.43958282470703,,43.68595504760742,40.351043701171875
2003-05-01,52.43954849243164,,43.72249984741211,40.37059020996094
2003-05-02,52.38227462768555,,43.48392105102539,40.05308532714844
2003-05-05,52.42045593261719,,43.62100601196289,40.26625442504883
2003-05-06,52.496829986572266,,43.890052795410156,40.46581268310547
2003-05-07,52.50961685180664,,44.19466018676758,40.937416076660156
2003-05-08,52.484130859375,,44.240386962890625,41.03722381591797
2003-05-09,52.47139358520508,,44.31145477294922,41.07802200317383
2003-05-12,52.50961685180664,,44.499305725097656,41.336544036865234
2003-05-13,52.496829986572266,,44.5399169921875,41.42721176147461
2003-05-14,52.5286865234375,,44.78361892700195,42.0621337890625
2003-05-15,52.50961685180664,,44.737911224365234,42.19361877441406
2003-05-16,52.566871643066406,,44.976585388183594,42.50200653076172
2003-05-19,52.579647064208984,,44.96638870239258,42.35689926147461
2003-05-20,52.649627685546875,,45.265907287597656,42.98270797729492
2003-05-21,52.579647064208984,,45.12376022338867,42.97819519042969
2003-05-22,52.598716735839844,,45.33697509765625,43.359107971191406
2003-05-23,52.61786651611328,,45.2862663269043,43.467952728271484
2003-05-27,52.598716735839844,,45.11870193481445,42.68339157104492
2003-05-28,52.63053894042969,,45.12887191772461,42.61083221435547
2003-05-29,52.649627685546875,,45.36745071411133,42.98270797729492
2003-05-30,52.63053894042969,,45.34210968017578,42.90107727050781
2003-06-02,52.60310363769531,,45.165916442871094,42.5859489440918
2003-06-03,52.705078125,,45.46631622314453,42.9275016784668
2003-06-04,52.74968338012695,,45.598628997802734,43.05502700805664
2003-06-05,52.717864990234375,,45.43574905395508,42.71800994873047
2003-06-06,52.705078125,,45.384864807128906,42.87285614013672
2003-06-09,52.77521896362305,,45.63431930541992,43.1598014831543
2003-06-10,52.83256912231445,,45.88880157470703,43.67439651489258
2003-06-11,52.79433822631836,,45.79209899902344,43.61972427368164
2003-06-12,52.826202392578125,,45.970272064208984,43.96129608154297
2003-06-13,52.87080383300781,,46.138282775878906,44.2573127746582
2003-06-16,52.80711364746094,,45.899017333984375,43.838356018066406
2003-06-17,52.73057556152344,,45.649574279785156,43.49222183227539
2003-06-18,52.73696517944336,,45.37461853027344,42.93661117553711
2003-06-19,52.78795623779297,,45.44081115722656,42.85464859008789
2003-06-20,52.77521896362305,,45.369606018066406,42.69526672363281
2003-06-23,52.826202392578125,,45.54263687133789,42.95027160644531
2003-06-24,52.86444091796875,,45.7564582824707,43.346500396728516
2003-06-25,52.756099700927734,,45.41033172607422,42.65427017211914
2003-06-26,52.66051483154297,,44.962310791015625,42.08043670654297
2003-06-27,52.67319107055664,,44.92155075073242,41.93014144897461
2003-06-30,52.717864990234375,,45.02846908569336,42.1259651184082
2003-07-01,52.719120025634766,,45.147987365722656,41.91703796386719
2003-07-02,52.74466323852539,,45.19413375854492,42.0222053527832
2003-07-03,52.68724060058594,,44.906925201416016,41.418731689453125
2003-07-07,52.67439270019531,,44.665836334228516,41.15357971191406
2003-07-08,52.655338287353516,,44.68122863769531,41.19015121459961
2003-07-09,52.66807556152344,,44.76329803466797,41.32273864746094
2003-07-10,52.71272277832031,,44.86587905883789,41.30903244018555
2003-07-11,52.731849670410156,,45.02491760253906,41.505611419677734
2003-07-14,52.68724060058594,,44.76329803466797,41.0301399230957
2003-07-15,52.6234245300293,,44.15288543701172,40.070106506347656
2003-07-16,52.62977600097656,,44.1683235168457,40.29871368408203
2003-07-17,52.597900390625,,44.075984954833984,40.175270080566406
2003-07-18,52.591468811035156,,43.963130950927734,40.09296798706055
2003-07-21,52.50218963623047,,43.388614654541016,39.242652893066406
2003-07-22,52.553192138671875,,43.54249572753906,39.43470001220703
2003-07-23,52.578704833984375,,43.675899505615234,39.567203521728516
2003-07-24,52.57231903076172,,43.506629943847656,39.219764709472656
2003-07-25,52.597900390625,,43.450191497802734,39.114681243896484
2003-07-28,52.527645111083984,,43.13218688964844,38.588932037353516
2003-07-29,52.48299026489258,,42.71160125732422,38.063194274902344
2003-07-30,52.508548736572266,,43.05522537231445,38.4929084777832
2003-07-31,52.45107650756836,,42.76802062988281,37.921478271484375
2003-08-01,52.39487838745117,,42.9423713684082,37.89301681518555
2003-08-04,52.47792434692383,,43.25794219970703,38.21904373168945
2003-08-05,52.382080078125,,42.9682502746582,37.67253494262695
2003-08-06,52.43317794799805,,43.40798568725586,38.416542053222656
2003-08-07,52.49068069458008,,43.563194274902344,38.5772590637207
2003-08-08,52.503501892089844,,43.55804443359375,38.421119689941406
2003-08-11,52.43317794799805,,43.3769645690918,38.228233337402344
2003-08-12,52.52262496948242,,43.29935836791992,38.04913330078125
2003-08-13,52.42041778564453,,42.81821823120117,37.31431579589844
2003-08-14,52.40767288208008,,42.90614318847656,37.681739807128906
2003-08-15,52.446014404296875,,42.8906135559082,37.658756256103516
2003-08-18,52.439598083496094,,43.01994323730469,37.83328628540039
2003-08-19,52.503501892089844,,43.361427307128906,38.416542053222656
2003-08-20,52.465145111083984,,43.15447235107422,38.209869384765625
2003-08-21,52.38850402832031,,42.99409484863281,38.11801528930664
2003-08-22,52.375709533691406,,43.025115966796875,38.287986755371094
2003-08-25,52.35014343261719,,42.83888626098633,37.98943328857422
2003-08-26,52.40767288208008,,42.99409484863281,38.287986755371094
2003-08-27,52.35652160644531,,42.8906135559082,38.113433837890625
2003-08-28,52.43317794799805,,43.19074249267578,38.50837326049805
2003-08-29,52.42684555053711,,43.07170104980469,38.416542053222656
2003-09-02,52.35835266113281,,42.89626693725586,37.854671478271484
2003-09-03,52.39680099487305,,43.00593185424805,37.914649963378906
2003-09-04,52.46712112426758,,43.282657623291016,38.126827239990234
2003-09-05,52.646270751953125,,43.83091354370117,38.78190994262695
2003-09-08,52.58226776123047,,43.6273078918457,38.38054656982422
2003-09-09,52.67184829711914,,43.8361930847168,38.6573600769043
2003-09-10,52.70383071899414,,44.13381576538086,39.04945373535156
2003-09-11,52.66545486450195,,43.97716522216797,38.79572296142578
2003-09-12,52.71022033691406,,44.154685974121094,39.06328201293945
2003-09-15,52.76140213012695,,44.23302459716797,39.003299713134766
2003-09-16,52.767799377441406,,44.19644546508789,38.94334411621094
2003-09-17,52.76140213012695,,44.44184875488281,39.42772674560547
2003-09-18,52.71022033691406,,44.43666458129883,39.45537567138672
2003-09-19,52.71022033691406,,44.43666458129883,39.50151824951172
2003-09-22,52.72937774658203,,44.24345397949219,39.18785858154297
2003-09-23,52.742244720458984,,44.34786605834961,39.45537567138672
2003-09-24,52.77420425415039,,44.57243728637695,39.79676818847656
2003-09-25,52.78057861328125,,44.63505935668945,39.995113372802734
2003-09-26,52.844581604003906,,44.974464416503906,40.354976654052734
2003-09-29,52.8189811706543,,44.78126525878906,40.032039642333984
2003-09-30,52.927757263183594,,45.214725494384766,40.69632339477539
2003-10-01,52.936092376708984,,45.41531753540039,40.54202651977539
2003-10-02,52.936092376708984,,45.2520866394043,40.35675048828125
2003-10-03,52.80158233642578,,44.62539291381836,39.509037017822266
2003-10-06,52.83997344970703,,44.7570686340332,39.68043899536133
2003-10-07,52.788726806640625,,44.49903106689453,39.22183609008789
2003-10-08,52.788726806640625,,44.57801818847656,39.21259307861328
2003-10-09,52.782371520996094,,44.435813903808594,38.93463134765625
2003-10-10,52.814395904541016,,44.56746292114258,39.16624450683594
2003-10-13,52.820777893066406,,44.49903106689453,39.01338577270508
2003-10-14,52.7695426940918,,44.31996536254883,38.74473571777344
2003-10-15,52.70551681518555,,44.16197204589844,38.554786682128906
2003-10-16,52.5838508605957,,43.919734954833984,38.401920318603516
2003-10-17,52.647857666015625,,44.1567268371582,38.698394775390625
2003-10-20,52.6542854309082,,44.18829345703125,38.82810592651367
2003-10-21,52.66706466674805,,44.26729202270508,38.97166061401367
2003-10-22,52.72471618652344,,44.58853530883789,39.3515510559082
2003-10-23,52.71189498901367,,44.446346282958984,39.06432342529297
2003-10-24,52.775943756103516,,44.7570686340332,39.49977111816406
2003-10-27,52.71829605102539,,44.635948181152344,39.4210319519043
2003-10-28,52.80796813964844,,44.84659194946289,39.62948226928711
2003-10-29,52.75033950805664,,44.556949615478516,39.272769927978516
2003-10-30,52.70551681518555,,44.39369583129883,39.09674072265625
2003-10-31,52.71189498901367,,44.551692962646484,39.46269989013672
2003-11-03,52.68048095703125,,44.38207244873047,39.275718688964844
2003-11-04,52.71897506713867,,44.54057312011719,39.498992919921875
2003-11-05,52.667659759521484,,44.38207244873047,39.229217529296875
2003-11-06,52.60988998413086,,44.15489196777344,38.861751556396484
2003-11-07,52.56508255004883,,44.08088684082031,38.838504791259766
2003-11-10,52.57786560058594,,44.065067291259766,38.80594253540039
2003-11-11,52.57786560058594,,44.133766174316406,38.810611724853516
2003-11-12,52.60988998413086,,44.276390075683594,39.094356536865234
2003-11-13,52.72537612915039,,44.662105560302734,39.69900131225586
2003-11-14,52.789493560791016,,44.905147552490234,39.964107513427734
2003-11-17,52.82157897949219,,44.9579963684082,40.02461624145508
2003-11-18,52.827999114990234,,45.14289474487305,40.27114486694336
2003-11-19,52.73175811767578,,44.836463928222656,39.8245849609375
2003-11-20,52.83440399169922,,45.11644744873047,40.21061325073242
2003-11-21,52.81519317626953,,45.095359802246094,40.23391342163086
2003-11-24,52.74461364746094,,44.85759735107422,39.90363311767578
2003-11-25,52.802330017089844,,44.968544006347656,40.122283935546875
2003-11-26,52.74461364746094,,44.85759735107422,39.95948791503906
2003-11-28,52.68048095703125,,44.56171798706055,39.5966796875
2003-12-01,52.60859298706055,,44.28936004638672,39.37605285644531
2003-12-02,52.6663818359375,,44.41654968261719,39.544315338134766
2003-12-03,52.62135696411133,,44.30004119873047,39.385414123535156
2003-12-04,52.67279052734375,,44.39539337158203,39.474205017089844
2003-12-05,52.83974838256836,,44.935707092285156,40.105220794677734
2003-12-08,52.781925201416016,,44.76622772216797,39.824771881103516
2003-12-09,52.749839782714844,,44.5437126159668,39.544315338134766
2003-12-10,52.81406784057617,,44.654964447021484,39.60973358154297
2003-12-11,52.923240661621094,,44.925174713134766,39.894893646240234
2003-12-12,52.91035079956055,,44.925174713134766,39.96969985961914
2003-12-15,52.897544860839844,,44.90394973754883,39.946311950683594
2003-12-16,53.14575958251953,,45.444374084472656,40.07717514038086
2003-12-17,53.15223693847656,,45.56211853027344,40.348304748535156
2003-12-18,53.16511917114258,,45.717288970947266,40.712890625
2003-12-19,53.17804718017578,,45.72267150878906,40.69886779785156
2003-12-22,53.14575958251953,,45.59954833984375,40.58664321899414
2003-12-23,53.061981201171875,,45.289241790771484,40.12860870361328
2003-12-24,53.18450164794922,,45.57278060913086,40.50722885131836
2003-12-26,53.22959899902344,,45.717288970947266,40.656803131103516
2003-12-29,53.15872573852539,,45.43905258178711,40.29220962524414
2003-12-30,53.18450164794922,,45.39087677001953,40.12860870361328
2003-12-31,53.252952575683594,,45.47087097167969,40.12860107421875
2004-01-02,53.123779296875,,45.10580825805664,39.654293060302734
2004-01-05,53.13023376464844,,45.06821823120117,39.550987243652344
2004-01-06,53.19484329223633,,45.40645980834961,39.987728118896484
2004-01-07,53.23357391357422,,45.50844955444336,40.14741897583008
2004-01-08,53.24003982543945,,45.50844955444336,40.13332748413086
2004-01-09,53.369178771972656,,46.0452880859375,40.83301544189453
2004-01-12,53.40146255493164,,46.0452880859375,40.80012893676758
2004-01-13,53.46602249145508,,46.2922477722168,41.07720184326172
2004-01-14,53.41436004638672,,46.38349914550781,41.2791748046875
2004-01-15,53.40788269042969,,46.41035461425781,41.43415451049805
2004-01-16,53.369178771972656,,46.21706771850586,41.14296340942383
2004-01-20,53.39499282836914,,46.13656997680664,41.133567810058594
2004-01-21,53.42724609375,,46.27077102661133,41.23222351074219
2004-01-22,53.46602249145508,,46.469390869140625,41.53275680541992
2004-01-23,53.38853454589844,,46.12043762207031,41.03495788574219
2004-01-26,53.349788665771484,,45.92720031738281,40.78606033325195
2004-01-27,53.41436004638672,,46.10969924926758,41.03966522216797
2004-01-28,53.27874755859375,,45.77686309814453,40.678077697753906
2004-01-29,53.29169845581055,,45.723148345947266,40.59353256225586
2004-01-30,53.31748962402344,,45.93255615234375,40.875274658203125
2004-02-02,53.33626937866211,,45.88677215576172,40.789451599121094
2004-02-03,53.38802719116211,,46.06449508666992,40.996944427490234
2004-02-04,53.35563659667969,,45.98905563354492,40.91679763793945
2004-02-05,53.316837310791016,,45.81676483154297,40.7564811706543
2004-02-06,53.40095901489258,,46.09678649902344,41.20440673828125
2004-02-09,53.42032241821289,,46.20441818237305,41.32704544067383
2004-02-10,53.34918975830078,,46.07524490356445,41.09599304199219
2004-02-11,53.43328857421875,,46.31754684448242,41.40250778198242
2004-02-12,53.45266342163086,,46.29061508178711,41.2280158996582
2004-02-13,53.53025436401367,,46.40909957885742,41.40250778198242
2004-02-17,53.48499298095703,,46.40909957885742,41.37421798706055
2004-02-18,53.49148941040039,,46.39829635620117,41.43081283569336
2004-02-19,53.517311096191406,,46.430633544921875,41.473228454589844
2004-02-20,53.459129333496094,,46.27447509765625,41.185569763183594
2004-02-23,53.510868072509766,,46.42523193359375,41.440216064453125
2004-02-24,53.517311096191406,,46.50605773925781,41.51565170288086
2004-02-25,53.55611801147461,,46.55986404418945,41.58171081542969
2004-02-26,53.53673553466797,,46.489871978759766,41.44966125488281
2004-02-27,53.57554244995117,,46.672935485839844,41.80802536010742
2004-03-01,53.55804443359375,,46.7220573425293,41.791961669921875
2004-03-02,53.50626754760742,,46.45207214355469,41.526798248291016
2004-03-03,53.46737289428711,,46.40884780883789,41.45105743408203
2004-03-04,53.5126838684082,,46.554691314697266,41.63568115234375
2004-03-05,53.62926483154297,,47.1324577331543,42.4405403137207
2004-03-08,53.71343994140625,,47.39706039428711,42.69147872924805
2004-03-09,53.745819091796875,,47.57527160644531,42.9755744934082
2004-03-10,53.71343994140625,,47.56989288330078,42.94712448120117
2004-03-11,53.75876235961914,,47.57527160644531,43.00873947143555
2004-03-12,53.71992874145508,,47.42951202392578,42.743553161621094
2004-03-15,53.694000244140625,,47.45646286010742,42.814605712890625
2004-03-16,53.732887268066406,,47.68867111206055,43.16971206665039
2004-03-17,53.732887268066406,,47.656288146972656,43.09867477416992
2004-03-18,53.71343994140625,,47.50509262084961,42.871421813964844
2004-03-19,53.732887268066406,,47.440269470214844,42.814605712890625
2004-03-22,53.76523971557617,,47.618473052978516,43.075035095214844
2004-03-23,53.77820587158203,,47.68867111206055,43.15074920654297
2004-03-24,53.791133880615234,,47.656288146972656,43.1270637512207
2004-03-25,53.78463363647461,,47.59149169921875,42.96135711669922
2004-03-26,53.732887268066406,,47.289093017578125,42.50685119628906
2004-03-29,53.694000244140625,,47.089298248291016,42.22279357910156
2004-03-30,53.687538146972656,,47.10543441772461,42.194358825683594
2004-03-31,53.72635269165039,,47.27825927734375,42.39793395996094
2004-04-01,53.66154479980469,,47.162391662597656,42.25918197631836
2004-04-02,53.47346878051758,,46.29037857055664,41.2135124206543
2004-04-05,53.421592712402344,,46.06291198730469,40.89032745361328
2004-04-06,53.48645782470703,,46.22539138793945,41.11366271972656
2004-04-07,53.49941635131836,,46.23081970214844,41.018646240234375
2004-04-08,53.49941635131836,,46.1441764831543,40.899810791015625
2004-04-12,53.4475212097168,,45.997920989990234,40.7524528503418
2004-04-13,53.37619400024414,,45.6405143737793,40.31040954589844
2004-04-14,53.2854118347168,,45.608009338378906,40.27714157104492
2004-04-15,53.317893981933594,,45.543025970458984,40.03947448730469
2004-04-16,53.3891487121582,,45.71087646484375,40.19163513183594
2004-04-19,53.324317932128906,,45.59175491333008,40.10603713989258
2004-04-20,53.20111846923828,,45.26134490966797,39.74007034301758
2004-04-21,53.207637786865234,,45.353450775146484,39.9349250793457
2004-04-22,53.2854118347168,,45.53215789794922,40.172611236572266
2004-04-23,53.17522048950195,,45.342594146728516,39.944480895996094
2004-04-26,53.18171310424805,,45.33718490600586,40.010982513427734
2004-04-27,53.24649429321289,,45.51588821411133,40.16305923461914
2004-04-28,53.13629913330078,,45.21800994873047,39.78758239746094
2004-04-29,53.12977981567383,,45.115150451660156,39.59269332885742
2004-04-30,53.155738830566406,,45.22346496582031,39.75432205200195
2004-05-03,53.17913055419922,,45.20603942871094,39.80441665649414
2004-05-04,53.16610336303711,,45.075706481933594,39.5324592590332
2004-05-05,53.146636962890625,,44.972415924072266,39.42267608642578
2004-05-06,53.13361740112305,,44.92897033691406,39.31770706176758
2004-05-07,52.912864685058594,,44.374759674072266,38.80237579345703
2004-05-10,52.93879699707031,,44.363868713378906,38.71174621582031
2004-05-11,52.94537353515625,,44.4508171081543,38.888301849365234
2004-05-12,52.95833206176758,,44.38562774658203,38.630592346191406
2004-05-13,52.93233871459961,,44.24980926513672,38.48268508911133
2004-05-14,53.016754150390625,,44.472557067871094,38.79763412475586
2004-05-17,53.08820724487305,,44.76054763793945,39.14117431640625
2004-05-18,53.0362434387207,,44.673587799072266,38.98847961425781
2004-05-19,53.010284423828125,,44.467105865478516,38.85963821411133
2004-05-20,53.0362434387207,,44.68989944458008,39.16027069091797
2004-05-21,53.0362434387207,,44.592124938964844,39.00282669067383
2004-05-24,53.049251556396484,,44.62470245361328,39.12689208984375
2004-05-25,53.049251556396484,,44.641014099121094,39.241390228271484
2004-05-26,53.146636962890625,,44.863773345947266,39.45130920410156
2004-05-27,53.172607421875,,45.108238220214844,39.7614860534668
2004-05-28,53.15313720703125,,44.983314514160156,39.651737213134766
2004-06-01,53.077693939208984,,44.759220123291016,39.28860855102539
2004-06-02,53.0451774597168,,44.68294143676758,39.188053131103516
2004-06-03,53.05819320678711,,44.75376510620117,39.26948165893555
2004-06-04,52.9736442565918,,44.568443298339844,39.0395393371582
2004-06-07,52.99310302734375,,44.63385009765625,39.04912567138672
2004-06-08,52.9996337890625,,44.622928619384766,39.1209831237793
2004-06-09,52.915103912353516,,44.49211120605469,38.953330993652344
2004-06-10,52.90859603881836,,44.541141510009766,39.02998352050781
2004-06-14,52.77202606201172,,44.323123931884766,38.71862030029297
2004-06-15,52.94758605957031,,44.91189956665039,39.537715911865234
2004-06-16,52.90859603881836,,44.813758850097656,39.38443374633789
2004-06-17,52.9736442565918,,44.93916702270508,39.643096923828125
2004-06-18,52.94113540649414,,44.8464469909668,39.556884765625
2004-06-21,52.980125427246094,,44.91734313964844,39.58562469482422
2004-06-22,52.9996337890625,,44.857364654541016,39.46588134765625
2004-06-23,53.01264572143555,,44.92283630371094,39.542503356933594
2004-06-24,53.06471633911133,,45.097251892089844,39.78202438354492
2004-06-25,53.07120895385742,,45.119041442871094,39.82034683227539
2004-06-28,52.94758605957031,,44.78647994995117,39.41318893432617
2004-06-29,52.9996337890625,,44.99911880493164,39.66227722167969
2004-06-30,53.14271545410156,,45.27717208862305,40.06943130493164
2004-07-01,53.153751373291016,,45.36629867553711,40.14442825317383
2004-07-02,53.29716873168945,,45.75468826293945,40.567710876464844
2004-07-06,53.28412628173828,,45.66713333129883,40.50035858154297
2004-07-07,53.29063415527344,,45.68903350830078,40.51479721069336
2004-07-08,53.310203552246094,,45.69450378417969,40.53886032104492
2004-07-09,53.310203552246094,,45.77106857299805,40.58211135864258
2004-07-12,53.3297233581543,,45.825767517089844,40.639827728271484
2004-07-13,53.29063415527344,,45.7272834777832,40.51958465576172
2004-07-14,53.271080017089844,,45.705440521240234,40.534027099609375
2004-07-15,53.271080017089844,,45.683570861816406,40.57733154296875
2004-07-16,53.375301361083984,,46.12659454345703,41.115962982177734
2004-07-19,53.34927749633789,,46.11569595336914,41.14483642578125
2004-07-20,53.251564025878906,,45.814815521240234,40.77450942993164
2004-07-21,53.23846435546875,,45.71636962890625,40.66389846801758
2004-07-22,53.251564025878906,,45.77106857299805,40.72160720825195
2004-07-23,53.251564025878906,,45.880462646484375,40.856231689453125
2004-07-26,53.21245193481445,,45.721832275390625,40.66389846801758
2004-07-27,53.16682815551758,,45.39913558959961,40.115631103515625
2004-07-28,53.19939422607422,,45.47023391723633,40.12042999267578
2004-07-29,53.21245193481445,,45.51396942138672,40.21177673339844
2004-07-30,53.29063415527344,,45.825767517089844,40.683128356933594
2004-08-02,53.33170700073242,,45.871307373046875,40.73622131347656
2004-08-03,53.34482192993164,,45.98107147216797,40.900394439697266
2004-08-04,53.338294982910156,,45.95363998413086,40.91969680786133
2004-08-05,53.37089920043945,,46.090797424316406,41.03557205200195
2004-08-06,53.56019592285156,,46.72193908691406,41.72605514526367
2004-08-09,53.55366897583008,,46.568267822265625,41.58118438720703
2004-08-10,53.42312240600586,,46.376182556152344,41.431488037109375
2004-08-11,53.50796127319336,,46.53533172607422,41.610164642333984
2004-08-12,53.521018981933594,,46.59568405151367,41.69704818725586
2004-08-13,53.573272705078125,,46.678001403808594,41.83226013183594
2004-08-16,53.56019592285156,,46.62863540649414,41.68738555908203
2004-08-17,53.612422943115234,,46.8481330871582,41.92399215698242
2004-08-18,53.59938049316406,,46.69443893432617,41.72120666503906
2004-08-19,53.63202667236328,,46.80974197387695,41.8226432800293
2004-08-20,53.59938049316406,,46.716426849365234,41.78398513793945
2004-08-23,53.55366897583008,,46.55731201171875,41.54254913330078
2004-08-24,53.57974624633789,,46.60118865966797,41.566715240478516
2004-08-25,53.56019592285156,,46.60668182373047,41.71152114868164
2004-08-26,53.612422943115234,,46.80974197387695,41.94813919067383
2004-08-27,53.59281921386719,,46.754844665527344,41.91914749145508
2004-08-30,53.60588455200195,,46.91946029663086,42.117095947265625
2004-08-31,53.68424987792969,,47.12252426147461,42.37781524658203
2004-09-01,53.69860076904297,,47.11479187011719,42.42146682739258
2004-09-02,53.61363983154297,,46.8615837097168,42.004581451416016
2004-09-03,53.54169464111328,,46.7349853515625,42.00946807861328
2004-09-07,53.54169464111328,,46.76245880126953,41.96578598022461
2004-09-08,53.62013626098633,,47.032257080078125,42.31967544555664
2004-09-09,53.626670837402344,,46.94965362548828,42.15969467163086
2004-09-10,53.63978576660156,,47.043251037597656,42.22272872924805
2004-09-13,53.646263122558594,,47.15885543823242,42.40693664550781
2004-09-14,53.65937042236328,,47.16987991333008,42.45055389404297
2004-09-15,53.626670837402344,,47.12030029296875,42.353599548339844
2004-09-16,53.71821594238281,,47.37900924682617,42.833534240722656
2004-09-17,53.65283203125,,47.21390151977539,42.620208740234375
2004-09-20,53.7378044128418,,47.48358154296875,42.901390075683594
2004-09-21,53.65937042236328,,47.51667404174805,43.027442932128906
2004-09-22,53.711673736572266,,47.709327697753906,43.473411560058594
2004-09-23,53.646263122558594,,47.54417037963867,43.29888916015625
2004-09-24,53.61363983154297,,47.538639068603516,43.352230072021484
2004-09-27,53.646263122558594,,47.67073059082031,43.541290283203125
2004-09-28,53.67897033691406,,47.62126922607422,43.36676025390625
2004-09-29,53.61363983154297,,47.32395553588867,42.945030212402344
2004-09-30,53.633148193359375,,47.27445602416992,42.78022766113281
2004-10-01,53.59523010253906,,47.0850830078125,42.56651306152344
2004-10-04,53.6018180847168,,47.10163497924805,42.6297721862793
2004-10-05,53.60834884643555,,47.10163497924805,42.6297721862793
2004-10-06,53.56250762939453,,46.947025299072266,42.435096740722656
2004-10-07,53.5428352355957,,46.86421585083008,42.25013732910156
2004-10-08,53.680320739746094,,47.2617301940918,42.809906005859375
2004-10-11,53.71958923339844,,47.33903884887695,42.853702545166016
2004-10-12,53.732704162597656,,47.33903884887695,42.95105743408203
2004-10-13,53.77204895019531,,47.51021957397461,43.106807708740234
2004-10-14,53.7851448059082,,47.675819396972656,43.311275482177734
2004-10-15,53.765480041503906,,47.51570129394531,43.16035461425781
2004-10-18,53.77204895019531,,47.58753967285156,43.17980194091797
2004-10-19,53.75241470336914,,47.57090377807617,43.291786193847656
2004-10-20,53.7982292175293,,47.786277770996094,43.588687896728516
2004-10-21,53.732704162597656,,47.7199821472168,43.617889404296875
2004-10-22,53.7851448059082,,47.85250473022461,43.72012710571289
2004-10-25,53.804805755615234,,47.90773010253906,43.754188537597656
2004-10-26,53.7982292175293,,47.82492446899414,43.622772216796875
2004-10-27,53.72623062133789,,47.532249450683594,43.19440460205078
2004-10-28,53.745853424072266,,47.60405349731445,43.33556365966797
2004-10-29,53.79169464111328,,47.74211883544922,43.53514862060547
2004-11-01,53.75758743286133,,47.506752014160156,43.264373779296875
2004-11-02,53.783748626708984,,47.62303161621094,43.32792282104492
2004-11-03,53.777259826660156,,47.60637664794922,43.34749221801758
2004-11-04,53.731327056884766,,47.57870864868164,43.39147186279297
2004-11-05,53.59359359741211,,47.22426223754883,42.91735076904297
2004-11-08,53.56734085083008,,47.157840728759766,42.7658805847168
2004-11-09,53.606685638427734,,47.168861389160156,42.741424560546875
2004-11-10,53.54111099243164,,47.07472610473633,42.58009338378906
2004-11-11,53.580482482910156,,47.06365966796875,42.48726272583008
2004-11-12,53.56734085083008,,47.240901947021484,42.946685791015625
2004-11-15,53.56734085083008,,47.263031005859375,42.98582458496094
2004-11-16,53.52800750732422,,47.213191986083984,42.98582458496094
2004-11-17,53.606685638427734,,47.46240234375,43.35235595703125
2004-11-18,53.60017395019531,,47.50118637084961,43.48434829711914
2004-11-19,53.514896392822266,,47.240901947021484,43.1373405456543
2004-11-22,53.52800750732422,,47.27408981323242,43.36212921142578
2004-11-23,53.521484375,,47.22980880737305,43.41595458984375
2004-11-24,53.514896392822266,,47.296268463134766,43.41595458984375
2004-11-26,53.46240997314453,,47.12455368041992,43.1324348449707
2004-11-29,53.468971252441406,,46.84214401245117,42.6729850769043
2004-11-30,53.482112884521484,,46.797821044921875,42.49216079711914
2004-12-01,53.51822280883789,,46.78226089477539,42.4259033203125
2004-12-02,53.49851608276367,,46.676727294921875,42.2541389465332
2004-12-03,53.616798400878906,,47.14336013793945,42.9117317199707
2004-12-06,53.62335205078125,,47.232261657714844,43.058998107910156
2004-12-07,53.62335205078125,,47.22669982910156,43.112972259521484
2004-12-08,53.64311599731445,,47.576690673828125,43.78532028198242
2004-12-09,53.63652801513672,,47.465579986572266,43.49577331542969
2004-12-10,53.64311599731445,,47.53781509399414,43.603721618652344
2004-12-13,53.603607177734375,,47.571102142333984,43.696964263916016
2004-12-14,53.616798400878906,,47.65451431274414,43.86871337890625
2004-12-15,53.66938400268555,,47.82668685913086,44.26624298095703
2004-12-16,53.61021041870117,,47.460018157958984,43.613548278808594
2004-12-17,53.590518951416016,,47.398921966552734,43.55464553833008
2004-12-20,53.590518951416016,,47.454463958740234,43.6331901550293
2004-12-21,53.597068786621094,,47.521175384521484,43.765689849853516
2004-12-22,53.597068786621094,,47.471134185791016,43.61845016479492
2004-12-23,53.58393478393555,,47.4100341796875,43.47612380981445
2004-12-27,53.55106735229492,,47.20998001098633,43.13756561279297
2004-12-28,53.57086181640625,,47.20448303222656,43.10315704345703
2004-12-29,53.564205169677734,,47.11004638671875,43.058998107910156
2004-12-30,53.58393478393555,,47.28778076171875,43.348514556884766
2004-12-31,53.606300354003906,,47.344085693359375,43.62193298339844
2005-01-03,53.61289978027344,,47.438804626464844,43.71553421020508
2005-01-04,53.494422912597656,,47.14345932006836,43.25737380981445
2005-01-05,53.50755310058594,,47.22148895263672,43.48892593383789
2005-01-06,53.5339241027832,,47.26605224609375,43.51849365234375
2005-01-07,53.54050827026367,,47.227046966552734,43.61701965332031
2005-01-10,53.50755310058594,,47.22148895263672,43.68598556518555
2005-01-11,53.52073669433594,,47.31626510620117,43.94215774536133
2005-01-12,53.527305603027344,,47.38865280151367,44.00123977661133
2005-01-13,53.5931396484375,,47.578163146972656,44.424903869628906
2005-01-14,53.56682586669922,,47.550315856933594,44.42000198364258
2005-01-18,53.54701232910156,,47.53357696533203,44.567771911621094
2005-01-19,53.55364990234375,,47.561458587646484,44.69585418701172
2005-01-20,53.599727630615234,,47.64505386352539,44.784523010253906
2005-01-21,53.652374267578125,,47.739768981933594,44.833797454833984
2005-01-24,53.61948013305664,,47.7342414855957,45.025901794433594
2005-01-25,53.599727630615234,,47.555908203125,44.60226821899414
2005-01-26,53.579978942871094,,47.5670051574707,44.68600845336914
2005-01-27,53.56682586669922,,47.494598388671875,44.60226821899414
2005-01-28,53.5931396484375,,47.739768981933594,45.0505256652832
2005-01-31,53.58656692504883,,47.75651550292969,45.178611755371094
2005-02-01,53.60044479370117,,47.7235221862793,45.1069221496582
2005-02-02,53.58063888549805,,47.7291145324707,45.210777282714844
2005-02-03,53.54771423339844,,47.65087127685547,45.1860466003418
2005-02-04,53.60044479370117,,47.8968505859375,45.814056396484375
2005-02-07,53.587249755859375,,47.99190139770508,46.155235290527344
2005-02-08,53.56740951538086,,48.03656768798828,46.41730880737305
2005-02-09,53.666385650634766,,48.27136993408203,46.54095458984375
2005-02-10,53.6268196105957,,47.96949768066406,45.91291427612305
2005-02-11,53.60044479370117,,47.908016204833984,45.88324737548828
2005-02-14,53.57408142089844,,47.96949768066406,46.026702880859375
2005-02-15,53.58063888549805,,47.8968505859375,45.79428482055664
2005-02-16,53.55427169799805,,47.7235221862793,45.62117385864258
2005-02-17,53.58063888549805,,47.617286682128906,45.334388732910156
2005-02-18,53.50808334350586,,47.376949310302734,44.928916931152344
2005-02-22,53.52785873413086,,47.38251495361328,44.731117248535156
2005-02-23,53.521244049072266,,47.421688079833984,44.87947082519531
2005-02-24,53.50808334350586,,47.343387603759766,44.78057098388672
2005-02-25,53.48165512084961,,47.410457611083984,44.9981689453125
2005-02-28,53.448665618896484,,47.103031158447266,44.5135383605957
2005-03-01,53.43743133544922,,47.10355758666992,44.499656677246094
2005-03-02,53.470542907714844,,47.097991943359375,44.44014358520508
2005-03-03,53.490360260009766,,47.069923400878906,44.41533279418945
2005-03-04,53.490360260009766,,47.28297805786133,44.896507263183594
2005-03-07,53.470542907714844,,47.294158935546875,45.075069427490234
2005-03-08,53.470542907714844,,47.069923400878906,44.648494720458984
2005-03-09,53.45071029663086,,46.711177825927734,43.919315338134766
2005-03-10,53.41103744506836,,46.7952995300293,44.18716049194336
2005-03-11,53.39777755737305,,46.59909439086914,43.864742279052734
2005-03-14,53.377986907958984,,46.711177825927734,44.127628326416016
2005-03-15,53.35811996459961,,46.62150192260742,43.84981918334961
2005-03-16,53.424251556396484,,46.72797775268555,44.11771011352539
2005-03-17,53.44404220581055,,46.907386779785156,44.261566162109375
2005-03-18,53.4176139831543,,46.789669036865234,43.98379135131836
2005-03-21,53.45071029663086,,46.733619689941406,43.859745025634766
2005-03-22,53.35811996459961,,46.39167785644531,43.48774337768555
2005-03-23,53.351524353027344,,46.49819564819336,43.696075439453125
2005-03-24,53.3647575378418,,46.537437438964844,43.78535461425781
2005-03-28,53.33828353881836,,46.38603210449219,43.51752853393555
2005-03-29,53.377986907958984,,46.576656341552734,43.77543258666992
2005-03-30,53.38459014892578,,46.68313980102539,43.99370574951172
2005-03-31,53.45728302001953,,46.912967681884766,44.31114196777344
2005-04-01,53.49042892456055,,47.008052825927734,44.46052169799805
2005-04-04,53.49042892456055,,46.985538482666016,44.45054244995117
2005-04-05,53.503665924072266,,46.99115753173828,44.33604049682617
2005-04-06,53.54340744018555,,47.13179016113281,44.49041748046875
2005-04-07,53.5235595703125,,46.951812744140625,44.131927490234375
2005-04-08,53.51693344116211,,47.00242233276367,44.28627395629883
2005-04-11,53.51693344116211,,47.143043518066406,44.525264739990234
2005-04-12,53.550052642822266,,47.3905143737793,44.93848419189453
2005-04-13,53.62953186035156,,47.41303253173828,44.828941345214844
2005-04-14,53.675907135009766,,47.53672409057617,44.759246826171875
2005-04-15,53.76206588745117,,47.84609603881836,45.35173797607422
2005-04-18,53.735591888427734,,47.744873046875,45.3168830871582
2005-04-19,53.801815032958984,,48.0203857421875,45.75503921508789
2005-04-20,53.78194808959961,,47.99226760864258,45.6404914855957
2005-04-21,53.68916320800781,,47.6491584777832,45.16252517700195
2005-04-22,53.70243835449219,,47.851688385009766,45.540950775146484
2005-04-25,53.71572494506836,,47.851688385009766,45.675323486328125
2005-04-26,53.70243835449219,,47.829193115234375,45.60568618774414
2005-04-27,53.7421760559082,,47.975406646728516,45.764949798583984
2005-04-28,53.788597106933594,,48.267860412597656,46.10352325439453
2005-04-29,53.735591888427734,,48.09352493286133,46.02387237548828
2005-05-02,53.74221420288086,,48.14263153076172,46.01386260986328
2005-05-03,53.775447845458984,,48.204681396484375,46.138797760009766
2005-05-04,53.795345306396484,,48.193416595458984,45.73407745361328
2005-05-05,53.8484992980957,,48.34571075439453,45.83896255493164
2005-05-06,53.72898864746094,,48.00154113769531,45.499229431152344
2005-05-09,53.702369689941406,,47.995914459228516,45.54414367675781
2005-05-10,53.74221420288086,,48.165184020996094,45.86894226074219
2005-05-11,53.775447845458984,,48.227298736572266,46.0088996887207
2005-05-12,53.80195236206055,,48.27239990234375,46.188743591308594
2005-05-13,53.86179733276367,,48.39650344848633,46.36865234375
2005-05-16,53.8484992980957,,48.40218734741211,46.313682556152344
2005-05-17,53.8484992980957,,48.464229583740234,46.44356155395508
2005-05-18,53.90163803100586,,48.62221145629883,46.75336837768555
2005-05-19,53.82194900512695,,48.47549057006836,46.63340759277344
2005-05-20,53.82194900512695,,48.46984100341797,46.68844223022461
2005-05-23,53.85511016845703,,48.68989944458008,47.05319595336914
2005-05-24,53.8883171081543,,48.81968307495117,47.18307876586914
2005-05-25,53.90826416015625,,48.64478302001953,46.853302001953125
2005-05-26,53.8883171081543,,48.672977447509766,46.83831787109375
2005-05-27,53.90826416015625,,48.72374725341797,46.888275146484375
2005-05-31,53.94812774658203,,48.977630615234375,47.46787643432617
2005-06-01,54.05459213256836,,49.279808044433594,48.04912567138672
2005-06-02,54.03463363647461,,49.26286697387695,48.16447448730469
2005-06-03,53.96811294555664,,48.97988510131836,47.768280029296875
2005-06-06,53.994686126708984,,49.110069274902344,48.01908874511719
2005-06-07,54.00801086425781,,49.251522064208984,48.40019607543945
2005-06-08,53.994686126708984,,49.16093826293945,48.169471740722656
2005-06-09,53.96142578125,,49.13269805908203,48.12940979003906
2005-06-10,53.91486740112305,,48.82144546508789,47.58772277832031
2005-06-13,53.91486740112305,,48.69129180908203,47.30188751220703
2005-06-14,53.92809295654297,,48.63465118408203,46.990962982177734
2005-06-15,53.91486740112305,,48.6176872253418,47.07619857788086
2005-06-16,53.96142578125,,48.77052688598633,47.31196212768555
2005-06-17,53.95476150512695,,48.713932037353516,47.3068962097168
2005-06-20,53.94139862060547,,48.640357971191406,47.22669219970703
2005-06-21,53.948143005371094,,48.79316711425781,47.57270431518555
2005-06-22,54.06792068481445,,49.16093826293945,48.1494140625
2005-06-23,54.047969818115234,,49.110069274902344,48.099300384521484
2005-06-24,54.07461929321289,,49.228878021240234,48.33998489379883
2005-06-27,54.09453201293945,,49.26850891113281,48.47035598754883
2005-06-28,54.03463363647461,,49.05910873413086,48.13939666748047
2005-06-29,54.047969818115234,,49.04216384887695,48.06415557861328
2005-06-30,54.08126449584961,,49.21192169189453,48.4954719543457
2005-07-01,53.9317512512207,,48.7884407043457,47.90765380859375
2005-07-05,53.94513702392578,,48.58979415893555,47.45476150512695
2005-07-06,53.97854232788086,,48.69196701049805,47.716468811035156
2005-07-07,54.025203704833984,,48.80546951293945,47.81708908081055
2005-07-08,53.9650993347168,,48.629520416259766,47.62086868286133
2005-07-11,53.92510986328125,,48.6068229675293,47.62086868286133
2005-07-12,53.92510986328125,,48.481964111328125,47.354129791259766
2005-07-13,53.9317512512207,,48.4365348815918,47.28373336791992
2005-07-14,53.9317512512207,,48.374080657958984,47.162906646728516
2005-07-15,53.93844223022461,,48.38542556762695,47.28875732421875
2005-07-18,53.92510986328125,,48.30596160888672,46.936466217041016
2005-07-19,53.94513702392578,,48.374080657958984,47.10253143310547
2005-07-20,53.93844223022461,,48.464874267578125,47.35919189453125
2005-07-21,53.88507080078125,,48.1072883605957,46.71503829956055
2005-07-22,53.93844223022461,,48.3343505859375,47.07737731933594
2005-07-25,53.918434143066406,,48.24922561645508,46.90624237060547
2005-07-26,53.905059814453125,,48.28327560424805,46.98173904418945
2005-07-27,53.905059814453125,,48.21514129638672,46.90624237060547
2005-07-28,53.911766052246094,,48.42513656616211,47.3239860534668
2005-07-29,53.878387451171875,,48.13568115234375,46.855953216552734
2005-08-01,53.845645904541016,,48.039451599121094,46.68165969848633
2005-08-02,53.85232925415039,,47.99387741088867,46.5301513671875
2005-08-03,53.87237548828125,,48.11345672607422,46.757450103759766
2005-08-04,53.87237548828125,,48.079341888427734,46.66151428222656
2005-08-05,53.82558822631836,,47.823028564453125,46.29781723022461
2005-08-08,53.77208709716797,,47.69774627685547,46.21194076538086
2005-08-09,53.832237243652344,,47.83441162109375,46.3836555480957
2005-08-10,53.832237243652344,,47.81167984008789,46.33317184448242
2005-08-11,53.87237548828125,,48.01665496826172,46.65640640258789
2005-08-12,53.93925476074219,,48.21027755737305,47.13120651245117
2005-08-15,53.912559509277344,,48.14762496948242,47.009986877441406
2005-08-16,53.93925476074219,,48.37542724609375,47.338314056396484
2005-08-17,53.95262908935547,,48.187477111816406,47.025150299072266
2005-08-18,53.99942398071289,,48.443756103515625,47.37367630004883
2005-08-19,53.97937774658203,,48.4152717590332,47.368648529052734
2005-08-22,53.9860954284668,,48.45512008666992,47.318119049072266
2005-08-23,54.03956604003906,,48.546268463134766,47.535316467285156
2005-08-24,54.04624557495117,,48.56901931762695,47.580810546875
2005-08-25,54.03956604003906,,48.597564697265625,47.73231506347656
2005-08-26,53.99942398071289,,48.51779556274414,47.71713638305664
2005-08-29,54.01279830932617,,48.551971435546875,47.777767181396484
2005-08-30,54.093082427978516,,48.779720306396484,48.08082580566406
2005-08-31,54.233516693115234,,49.09861755371094,48.48490524291992
2005-09-01,54.299232482910156,,49.14662170410156,48.19296646118164
2005-09-02,54.366294860839844,,49.15802764892578,48.2335205078125
2005-09-06,54.27911376953125,,49.00382614135742,47.89393997192383
2005-09-07,54.23884201049805,,48.84382247924805,47.442779541015625
2005-09-08,54.212066650390625,,48.84382247924805,47.49345779418945
2005-09-09,54.22544860839844,,48.88384246826172,47.64555358886719
2005-09-12,54.20534133911133,,48.72957229614258,47.31608200073242
2005-09-13,54.23884201049805,,48.87808609008789,47.56442642211914
2005-09-14,54.23217010498047,,48.775306701660156,47.3819580078125
2005-09-15,54.21876525878906,,48.62678146362305,46.99164581298828
2005-09-16,54.17844009399414,,48.43822479248047,46.68247985839844
2005-09-19,54.19194030761719,,48.535343170166016,46.7838134765625
2005-09-20,54.15165710449219,,48.49532699584961,46.9055290222168
2005-09-21,54.20534133911133,,48.71814727783203,47.34138488769531
2005-09-22,54.22544860839844,,48.75246810913086,47.29582595825195
2005-09-23,54.17844009399414,,48.48396301269531,46.94099807739258
2005-09-26,54.13829040527344,,48.35824966430664,46.7281494140625
2005-09-27,54.118141174316406,,48.3868408203125,46.79399871826172
2005-09-28,54.13829040527344,,48.48396301269531,47.10824966430664
2005-09-29,54.118141174316406,,48.37541198730469,46.895328521728516
2005-09-30,54.07124710083008,,48.2382926940918,46.733158111572266
2005-10-03,54.046993255615234,,48.05316162109375,46.367801666259766
2005-10-04,54.04027557373047,,48.07611083984375,46.520442962646484
2005-10-05,54.067169189453125,,48.19071960449219,46.72401428222656
2005-10-06,54.067169189453125,,48.12766647338867,46.54590606689453
2005-10-07,54.107540130615234,,48.19071960449219,46.73419189453125
2005-10-10,54.100791931152344,,48.20217514038086,46.70362854003906
2005-10-11,54.08732986450195,,48.110469818115234,46.60697555541992
2005-10-12,54.046993255615234,,47.92707061767578,46.154075622558594
2005-10-13,54.046993255615234,,47.852542877197266,45.98615646362305
2005-10-14,54.0604133605957,,47.852542877197266,45.91492462158203
2005-10-17,54.03352355957031,,47.795230865478516,45.90472412109375
2005-10-18,54.08062744140625,,47.86403274536133,45.95560073852539
2005-10-19,54.107540130615234,,47.92137145996094,45.975929260253906
2005-10-20,54.107540130615234,,47.95000076293945,46.09813690185547
2005-10-21,54.141136169433594,,48.16207504272461,46.52556228637695
2005-10-24,54.12098693847656,,47.95571517944336,46.16423797607422
2005-10-25,54.02681350708008,,47.73219680786133,45.76732635498047
2005-10-26,54.00665283203125,,47.54875946044922,45.43147659301758
2005-10-27,54.046993255615234,,47.657657623291016,45.59434127807617
2005-10-28,54.046993255615234,,47.60609817504883,45.59941101074219
2005-10-31,54.02681350708008,,47.64051055908203,45.68592071533203
2005-11-01,54.04166793823242,,47.61057662963867,45.63325881958008
2005-11-02,54.03491973876953,,47.51280975341797,45.418636322021484
2005-11-03,54.00794982910156,,47.34602355957031,45.11193084716797
2005-11-04,54.00794982910156,,47.323055267333984,45.040367126464844
2005-11-07,54.00117111206055,,47.40924072265625,45.1937255859375
2005-11-08,54.06865692138672,,47.64509963989258,45.63325881958008
2005-11-09,54.00117111206055,,47.39203643798828,45.16305160522461
2005-11-10,54.07536697387695,,47.6623649597168,45.715049743652344
2005-11-11,54.09565353393555,,47.7198371887207,45.74061965942383
2005-11-14,54.01466369628906,,47.5070686340332,45.398162841796875
2005-11-15,54.05517578125,,47.6680908203125,45.6945915222168
2005-11-16,54.12260055541992,,47.90970230102539,46.17503356933594
2005-11-17,54.16981506347656,,48.00170135498047,46.28752899169922
2005-11-18,54.16981506347656,,47.88664627075195,46.072872161865234
2005-11-21,54.20353698730469,,47.97868347167969,46.210872650146484
2005-11-22,54.27774429321289,,48.145477294921875,46.272186279296875
2005-11-23,54.210289001464844,,48.0189208984375,46.093318939208984
2005-11-25,54.25748825073242,,48.162715911865234,46.26195526123047
2005-11-28,54.27097702026367,,48.22599411010742,46.49198913574219
2005-11-29,54.230525970458984,,47.96141052246094,46.052433013916016
2005-11-30,54.237266540527344,,47.938392639160156,46.00128936767578
2005-12-01,54.183834075927734,,47.83049011230469,45.92943572998047
2005-12-02,54.231163024902344,,47.87092971801758,45.94484329223633
2005-12-05,54.1702766418457,,47.726585388183594,45.7394905090332
2005-12-06,54.244693756103516,,47.95168685913086,46.20661163330078
2005-12-07,54.25151443481445,,47.92285919189453,46.032073974609375
2005-12-08,54.31911849975586,,48.13058090209961,46.32984924316406
2005-12-09,54.26505661010742,,47.917076110839844,45.96534729003906
2005-12-12,54.25825119018555,,47.80742645263672,45.878074645996094
2005-12-13,54.285335540771484,,47.92285919189453,46.047447204589844
2005-12-14,54.34618377685547,,48.22295379638672,46.5197868347168
2005-12-15,54.34618377685547,,48.15941619873047,46.4068603515625
2005-12-16,54.38002395629883,,48.2459831237793,46.56085205078125
2005-12-19,54.34618377685547,,48.2749137878418,46.607032775878906
2005-12-20,54.33942794799805,,48.19408416748047,46.550601959228516
2005-12-21,54.33942794799805,,48.13058090209961,46.468414306640625
2005-12-22,54.38677978515625,,48.321041107177734,46.83805465698242
2005-12-23,54.4138298034668,,48.43647003173828,47.12550735473633
2005-12-27,54.42059326171875,,48.66729736328125,47.51056671142578
2005-12-28,54.48779296875,,48.51787567138672,47.37806701660156
2005-12-29,54.44700241088867,,48.57582473754883,47.481163024902344
2005-12-30,54.42668533325195,,48.593204498291016,47.372886657714844
2006-01-03,54.50138473510742,,48.58739471435547,47.3110466003418
2006-01-04,54.555633544921875,,48.67423629760742,47.42442321777344
2006-01-05,54.50812530517578,,48.68582534790039,47.36775588989258
2006-01-06,54.52167892456055,,48.62211990356445,47.280120849609375
2006-01-09,54.528438568115234,,48.64529800415039,47.3110466003418
2006-01-10,54.47418975830078,,48.44839859008789,46.92959213256836
2006-01-11,54.47418975830078,,48.32674789428711,46.85227966308594
2006-01-12,54.50138473510742,,48.50053405761719,47.166717529296875
2006-01-13,54.60985565185547,,48.714839935302734,47.43989562988281
2006-01-17,54.589561462402344,,48.772727966308594,47.651275634765625
2006-01-18,54.58278274536133,,48.79006576538086,47.63579177856445
2006-01-19,54.589561462402344,,48.66847610473633,47.49662399291992
2006-01-20,54.60985565185547,,48.749568939208984,47.62035369873047
2006-01-23,54.616676330566406,,48.73795700073242,47.60486602783203
2006-01-24,54.60314178466797,,48.65686798095703,47.372886657714844
2006-01-25,54.528438568115234,,48.355751037597656,46.85743713378906
2006-01-26,54.535247802734375,,48.25151062011719,46.65639877319336
2006-01-27,54.494564056396484,,48.28624725341797,46.65639877319336
2006-01-30,54.52167892456055,,48.18198776245117,46.609989166259766
2006-01-31,54.52167892456055,,48.25151062011719,46.73888397216797
2006-02-01,54.471961975097656,,48.1027946472168,46.57899856567383
2006-02-02,54.471961975097656,,48.1027946472168,46.66696548461914
2006-02-03,54.49922561645508,,48.24800109863281,46.99802017211914
2006-02-06,54.471961975097656,,48.17826461791992,47.091148376464844
2006-02-07,54.4787712097168,,48.12022018432617,46.868690490722656
2006-02-08,54.458412170410156,,48.09114074707031,46.76007080078125
2006-02-09,54.44478225708008,,48.13759994506836,46.97218704223633
2006-02-10,54.403953552246094,,47.998165130615234,46.7135009765625
2006-02-13,54.44478225708008,,47.998165130615234,46.71868133544922
2006-02-14,54.44478225708008,,47.92851638793945,46.553138732910156
2006-02-15,54.43793869018555,,48.01565170288086,46.66696548461914
2006-02-16,54.4787712097168,,47.99239730834961,46.67728805541992
2006-02-17,54.51959991455078,,48.155052185058594,47.04975509643555
2006-02-21,54.4787712097168,,48.09699630737305,46.97218704223633
2006-02-22,54.51959991455078,,48.27705383300781,47.29290771484375
2006-02-23,54.471961975097656,,48.160850524902344,47.17387771606445
2006-02-24,54.49241256713867,,48.1027946472168,47.10149383544922
2006-02-27,54.4651985168457,,48.009822845458984,47.0239143371582
2006-02-28,54.54010009765625,,48.201541900634766,47.2567253112793
2006-03-01,54.5120849609375,,48.10653305053711,46.97114562988281
2006-03-02,54.532569885253906,,47.91423797607422,46.644107818603516
2006-03-03,54.47789764404297,,47.79761505126953,46.37417221069336
2006-03-06,54.49839401245117,,47.64610290527344,45.96923828125
2006-03-07,54.49839401245117,,47.66941452026367,46.00041961669922
2006-03-08,54.532569885253906,,47.69272232055664,45.984806060791016
2006-03-09,54.553043365478516,,47.739376068115234,46.00041961669922
2006-03-10,54.49839401245117,,47.64610290527344,45.82906723022461
2006-03-13,54.49839401245117,,47.60527420043945,45.792755126953125
2006-03-14,54.607696533203125,,47.87923049926758,46.09902572631836
2006-03-15,54.621334075927734,,47.7917594909668,45.849849700927734
2006-03-16,54.71700668334961,,48.09488296508789,46.265167236328125
2006-03-17,54.69646453857422,,47.99583435058594,46.1249885559082
2006-03-20,54.72384262084961,,48.089046478271484,46.19767379760742
2006-03-21,54.62822341918945,,47.89089584350586,45.95885467529297
2006-03-22,54.64189147949219,,47.94921112060547,46.057464599609375
2006-03-23,54.62822341918945,,47.826786041259766,45.9121208190918
2006-03-24,54.70332717895508,,48.036582946777344,46.24954605102539
2006-03-27,54.689640045166016,,47.931724548339844,46.07827377319336
2006-03-28,54.64189147949219,,47.698551177978516,45.647361755371094
2006-03-29,54.64189147949219,,47.65194320678711,45.4293327331543
2006-03-30,54.61450958251953,,47.512062072753906,45.112667083740234
2006-03-31,54.63499069213867,,47.54706573486328,45.09708786010742
2006-04-03,54.604888916015625,,47.494384765625,45.11168670654297
2006-04-04,54.64599609375,,47.500244140625,45.06476593017578
2006-04-05,54.65281677246094,,47.6113395690918,45.127357482910156
2006-04-06,54.64599609375,,47.476871490478516,44.78342056274414
2006-04-07,54.6117057800293,,47.2605094909668,44.34563064575195
2006-04-10,54.62539291381836,,47.318973541259766,44.42904281616211
2006-04-11,54.67339324951172,,47.40666961669922,44.58537292480469
2006-04-12,54.63914489746094,,47.295623779296875,44.31439971923828
2006-04-13,54.63224411010742,,47.044158935546875,44.001712799072266
2006-04-17,54.66654586791992,,47.2254524230957,44.16331481933594
2006-04-18,54.74191665649414,,47.37747573852539,44.24143600463867
2006-04-19,54.72821044921875,,47.24296569824219,43.970455169677734
2006-04-20,54.7076301574707,,47.20206832885742,43.93400192260742
2006-04-21,54.7076301574707,,47.30146026611328,44.18935012817383
2006-04-24,54.735069274902344,,47.35991668701172,44.36650466918945
2006-04-25,54.6939582824707,,47.061763763427734,43.840187072753906
2006-04-26,54.65281677246094,,47.0383415222168,43.76729965209961
2006-04-27,54.74191665649414,,47.16693878173828,43.8245849609375
2006-04-28,54.75566864013672,,47.24881362915039,43.85584259033203
2006-05-01,54.723289489746094,,46.99299621582031,43.526241302490234
2006-05-02,54.730167388916016,,47.069305419921875,43.641334533691406
2006-05-03,54.730167388916016,,47.00471496582031,43.54719161987305
2006-05-04,54.737056732177734,,46.975399017333984,43.473941802978516
2006-05-05,54.75079345703125,,47.08687210083008,43.73554992675781
2006-05-08,54.74394989013672,,47.11032485961914,43.76166534423828
2006-05-09,54.75079345703125,,47.092742919921875,43.73554992675781
2006-05-10,54.75079345703125,,47.1161994934082,43.813968658447266
2006-05-11,54.771453857421875,,47.034080505371094,43.5994873046875
2006-05-12,54.75079345703125,,46.85801696777344,43.2385368347168
2006-05-15,54.77832794189453,,46.957763671875,43.411170959472656
2006-05-16,54.826480865478516,,47.1337890625,43.73554992675781
2006-05-17,54.7989387512207,,46.99885177612305,43.46351623535156
2006-05-18,54.85393524169922,,47.33332824707031,44.05462646484375
2006-05-19,54.840179443359375,,47.30400085449219,44.169734954833984
2006-05-22,54.840179443359375,,47.368553161621094,44.26387023925781
2006-05-23,54.87458038330078,,47.35097122192383,44.237728118896484
2006-05-24,54.9089469909668,,47.42133712768555,44.25867462158203
2006-05-25,54.9089469909668,,47.34505081176758,44.0860595703125
2006-05-26,54.92959976196289,,47.386138916015625,44.05462646484375
2006-05-30,54.88829803466797,,47.34505081176758,44.033687591552734
2006-05-31,54.847068786621094,,47.1983757019043,43.77214813232422
2006-06-01,54.9146614074707,,47.27729797363281,43.967506408691406
2006-06-02,54.9974479675293,,47.642459869384766,44.53479766845703
2006-06-05,54.94918441772461,,47.5482177734375,44.477012634277344
2006-06-06,54.94918441772461,,47.5894775390625,44.68710708618164
2006-06-07,54.9146614074707,,47.52465057373047,44.69761276245117
2006-06-08,54.97675704956055,,47.5894775390625,44.78689193725586
2006-06-09,54.97675704956055,,47.70725631713867,45.02324676513672
2006-06-12,54.98366165161133,,47.6837043762207,45.05998611450195
2006-06-13,54.969932556152344,,47.748504638671875,45.09149932861328
2006-06-14,54.9146614074707,,47.43042755126953,44.63981628417969
2006-06-15,54.900875091552734,,47.32443618774414,44.38242721557617
2006-06-16,54.873268127441406,,47.29497528076172,44.28266906738281
2006-06-19,54.85260772705078,,47.2419319152832,44.21963882446289
2006-06-20,54.84571838378906,,47.20661926269531,44.14609909057617
2006-06-21,54.85950469970703,,47.200740814208984,44.156593322753906
2006-06-22,54.831878662109375,,47.04759216308594,43.90448760986328
2006-06-23,54.81813430786133,,47.006351470947266,43.8151969909668
2006-06-26,54.82498550415039,,46.9769172668457,43.731163024902344
2006-06-27,54.85950469970703,,47.10059356689453,43.94652557373047
2006-06-28,54.831878662109375,,46.94743347167969,43.715423583984375
2006-06-29,54.928497314453125,,47.141841888427734,43.862449645996094
2006-06-30,54.97675704956055,,47.30675506591797,44.28791046142578
2006-07-03,54.96845245361328,,47.284263610839844,44.24417495727539
2006-07-05,54.92002868652344,,47.112823486328125,43.8908805847168
2006-07-06,54.961570739746094,,47.260650634765625,44.15977096557617
2006-07-07,55.00305938720703,,47.408447265625,44.44447708129883
2006-07-10,55.00305938720703,,47.44390869140625,44.4866943359375
2006-07-11,55.00305938720703,,47.49711608886719,44.62906265258789
2006-07-12,55.023834228515625,,47.538536071777344,44.63962173461914
2006-07-13,55.093055725097656,,47.64493942260742,44.813602447509766
2006-07-14,55.09999084472656,,47.680416107177734,44.83997344970703
2006-07-17,55.093055725097656,,47.63901138305664,44.90850830078125
2006-07-18,55.05152893066406,,47.45574951171875,44.5235710144043
2006-07-19,55.12770080566406,,47.757286071777344,44.9454231262207
2006-07-20,55.196895599365234,,47.857784271240234,45.077247619628906
2006-07-21,55.183040618896484,,47.82822799682617,44.992897033691406
2006-07-24,55.183040618896484,,47.82822799682617,44.96651840209961
2006-07-25,55.16917037963867,,47.78095245361328,44.834693908691406
2006-07-26,55.23844909667969,,47.89915466308594,44.99816131591797
2006-07-27,55.26616287231445,,47.893306732177734,44.92962646484375
2006-07-28,55.335384368896484,,48.023353576660156,45.18799591064453
2006-07-31,55.342281341552734,,48.10022735595703,45.246002197265625
2006-08-01,55.376380920410156,,48.111488342285156,45.24180221557617
2006-08-02,55.376380920410156,,48.153072357177734,45.41115188598633
2006-08-03,55.369380950927734,,48.164955139160156,45.4217643737793
2006-08-04,55.41804885864258,,48.402374267578125,45.696998596191406
2006-08-07,55.43888473510742,,48.337059020996094,45.72348403930664
2006-08-08,55.466670989990234,,48.34300994873047,45.6229362487793
2006-08-09,55.48750305175781,,48.319278717041016,45.474674224853516
2006-08-10,55.47362518310547,,48.33112716674805,45.40581512451172
2006-08-11,55.42499923706055,,48.17681121826172,45.210018157958984
2006-08-14,55.39718246459961,,48.09369659423828,45.13055419921875
2006-08-15,55.47362518310547,,48.3251838684082,45.51173782348633
2006-08-16,55.56394577026367,,48.52702713012695,45.81876754760742
2006-08-17,55.55698776245117,,48.515167236328125,45.802894592285156
2006-08-18,55.57780838012695,,48.645782470703125,45.93525695800781
2006-08-21,55.612606048583984,,48.70513916015625,46.099342346191406
2006-08-22,55.60564041137695,,48.72291564941406,46.11524963378906
2006-08-23,55.59174728393555,,48.6754264831543,46.13642120361328
2006-08-24,55.62648010253906,,48.72291564941406,46.22114181518555
2006-08-25,55.64033508300781,,48.7882080078125,46.289920806884766
2006-08-28,55.654232025146484,,48.78231430053711,46.332271575927734
2006-08-29,55.67511749267578,,48.8238525390625,46.39581298828125
2006-08-30,55.709842681884766,,48.88319778442383,46.51762008666992
2006-08-31,55.75850296020508,,48.94847869873047,46.628761291503906
2006-09-01,55.82195281982422,,49.02117156982422,46.64470291137695
2006-09-05,55.75917053222656,,48.86029815673828,46.352378845214844
2006-09-06,55.75917053222656,,48.82455825805664,46.2885856628418
2006-09-07,55.75917053222656,,48.86029815673828,46.37896728515625
2006-09-08,55.794071197509766,,48.90797424316406,46.41615676879883
2006-09-11,55.78709411621094,,48.818634033203125,46.37359619140625
2006-09-12,55.81500244140625,,48.95561218261719,46.60752868652344
2006-09-13,55.82195281982422,,49.00331115722656,46.62876892089844
2006-09-14,55.77312469482422,,48.90797424316406,46.52243423461914
2006-09-15,55.794071197509766,,48.87823486328125,46.48523712158203
2006-09-18,55.78709411621094,,48.8066520690918,46.41081619262695
2006-09-19,55.86374282836914,,49.09861755371094,46.93171310424805
2006-09-20,55.884708404541016,,49.11055374145508,47.00083541870117
2006-09-21,55.98233413696289,,49.462093353271484,47.431312561035156
2006-09-22,56.01022720336914,,49.61112594604492,47.6651725769043
2006-09-25,56.05903244018555,,49.77791213989258,48.000022888183594
2006-09-26,55.99628448486328,,49.65281677246094,47.7980842590332
2006-09-27,56.038143157958984,,49.640872955322266,47.65989303588867
2006-09-28,56.05903244018555,,49.59323501586914,47.58013916015625
2006-09-29,56.00328063964844,,49.53960418701172,47.521705627441406
2006-10-02,56.06901168823242,,49.626914978027344,47.651878356933594
2006-10-03,56.07603073120117,,49.62092208862305,47.58784484863281
2006-10-04,56.17402267456055,,49.84821319580078,47.934715270996094
2006-10-05,56.1180305480957,,49.67473602294922,47.5984992980957
2006-10-06,56.04801940917969,,49.40557861328125,47.10222244262695
2006-10-09,56.05507278442383,,49.465431213378906,47.23032760620117
2006-10-10,55.978050231933594,,49.16634750366211,46.856754302978516
2006-10-11,55.971065521240234,,49.106544494628906,46.71806716918945
2006-10-12,55.99907684326172,,49.136417388916016,46.744728088378906
2006-10-13,55.978050231933594,,49.052677154541016,46.50996398925781
2006-10-16,56.00602722167969,,49.136417388916016,46.71806716918945
2006-10-17,56.013057708740234,,49.190284729003906,46.755374908447266
2006-10-18,56.02006530761719,,49.17832946777344,46.85145568847656
2006-10-19,56.013057708740234,,49.136417388916016,46.766056060791016
2006-10-20,56.03403854370117,,49.12448501586914,46.71806716918945
2006-10-23,56.00602722167969,,48.986881256103516,46.53129959106445
2006-10-24,56.00602722167969,,49.052677154541016,46.53129959106445
2006-10-25,56.06901168823242,,49.23217010498047,46.899505615234375
2006-10-26,56.1390380859375,,49.399593353271484,47.203670501708984
2006-10-27,56.19503402709961,,49.56109619140625,47.42242431640625
2006-10-30,56.16004180908203,,49.58503723144531,47.55583190917969
2006-10-31,56.236995697021484,,49.806358337402344,47.92399978637695
2006-11-01,56.277061462402344,,49.9792366027832,48.18915557861328
2006-11-02,56.26301193237305,,49.84117126464844,47.990966796875
2006-11-03,56.157649993896484,,49.46295166015625,47.423160552978516
2006-11-06,56.150634765625,,49.51097869873047,47.56243133544922
2006-11-07,56.22085952758789,,49.67910385131836,47.782073974609375
2006-11-08,56.24898147583008,,49.7871208190918,47.953495025634766
2006-11-09,56.24192810058594,,49.781124114990234,47.926692962646484
2006-11-10,56.284053802490234,,49.88919448852539,48.1356315612793
2006-11-13,56.284053802490234,,49.865203857421875,48.124908447265625
2006-11-14,56.29110336303711,,49.96725082397461,48.31238555908203
2006-11-15,56.25593566894531,,49.829158782958984,48.1302375793457
2006-11-16,56.234893798828125,,49.70307540893555,47.910614013671875
2006-11-17,56.3051872253418,,49.88319396972656,48.183837890625
2006-11-20,56.3192024230957,,49.913204193115234,48.258819580078125
2006-11-21,56.33327102661133,,49.98529052734375,48.37668991088867
2006-11-22,56.37544250488281,,50.06332015991211,48.457008361816406
2006-11-24,56.38245391845703,,50.117340087890625,48.5427360534668
2006-11-27,56.41758728027344,,50.16536331176758,48.71952438354492
2006-11-28,56.44568634033203,,50.25539016723633,48.8212890625
2006-11-29,56.44568634033203,,50.195411682128906,48.70878982543945
2006-11-30,56.50887680053711,,50.45953369140625,49.030181884765625
2006-12-01,56.61956787109375,,50.57645797729492,49.154930114746094
2006-12-04,56.61252212524414,,50.57038116455078,49.24092483520508
2006-12-05,56.61252212524414,,50.50414276123047,49.00973129272461
2006-12-06,56.605506896972656,,50.4257926940918,48.91295623779297
2006-12-07,56.59137725830078,,50.40769577026367,48.87531280517578
2006-12-08,56.52088165283203,,50.17878341674805,48.520450592041016
2006-12-11,56.52792739868164,,50.335391998291016,48.73015594482422
2006-12-12,56.605506896972656,,50.4257926940918,48.83232498168945
2006-12-13,56.52792739868164,,50.16673278808594,48.396812438964844
2006-12-14,56.49970626831055,,50.08839416503906,48.21937942504883
2006-12-15,56.52088165283203,,50.10042190551758,48.2462272644043
2006-12-18,56.52088165283203,,50.12452697753906,48.26238250732422
2006-12-19,56.52792739868164,,50.112457275390625,48.19782257080078
2006-12-20,56.563194274902344,,50.10042190551758,48.19248580932617
2006-12-21,56.605506896972656,,50.28114700317383,48.43443298339844
2006-12-22,56.598419189453125,,50.052223205566406,48.06343078613281
2006-12-26,56.598419189453125,,50.08839416503906,48.2086067199707
2006-12-27,56.56727600097656,,49.9548454284668,47.8541259765625
2006-12-28,56.53199005126953,,49.84001541137695,47.746238708496094
2006-12-29,56.54609680175781,,49.81584167480469,47.708492279052734
2007-01-03,56.60266876220703,,49.960880279541016,48.048362731933594
2007-01-04,56.65925979614258,,50.14215087890625,48.33968734741211
2007-01-05,56.623897552490234,,49.97899627685547,48.1292839050293
2007-01-08,56.588539123535156,,50.015254974365234,48.21562194824219
2007-01-09,56.60969924926758,,50.003177642822266,48.21562194824219
2007-01-10,56.5955810546875,,49.91857147216797,47.99980163574219
2007-01-11,56.553157806396484,67.12128448486328,49.785621643066406,47.71925735473633
2007-01-12,56.517791748046875,67.12802124023438,49.68291473388672,47.49810028076172
2007-01-16,56.574398040771484,67.06092071533203,49.779544830322266,47.600582122802734
2007-01-17,56.553157806396484,67.05412292480469,49.68291473388672,47.454891204833984
2007-01-18,56.574398040771484,67.11459350585938,49.74937438964844,47.600582122802734
2007-01-19,56.56727600097656,67.04069519042969,49.670806884765625,47.47108840942383
2007-01-22,56.588539123535156,67.07424926757812,49.7614631652832,47.584407806396484
2007-01-23,56.560245513916016,66.98026275634766,49.616458892822266,47.2714958190918
2007-01-24,56.588539123535156,67.00714111328125,49.62246322631836,47.266117095947266
2007-01-25,56.54609680175781,66.872802734375,49.42909240722656,46.926231384277344
2007-01-26,56.553157806396484,66.87944793701172,49.42306137084961,46.8884391784668
2007-01-29,56.560245513916016,66.85932922363281,49.38682556152344,46.78594207763672
2007-01-30,56.574398040771484,66.89295196533203,49.43515396118164,46.83986282348633
2007-01-31,56.63801574707031,67.06753540039062,49.616458892822266,47.23373794555664
2007-02-01,56.630958557128906,67.02515411376953,49.58068084716797,47.176856994628906
2007-02-02,56.65225601196289,67.05884552001953,49.62310028076172,47.2364387512207
2007-02-05,56.63801956176758,67.1463394165039,49.67768478393555,47.30142593383789
2007-02-06,56.70195388793945,67.26083374023438,49.817237854003906,47.56144332885742
2007-02-07,56.73033142089844,67.33490753173828,49.92637252807617,47.70225143432617
2007-02-08,56.75165939331055,67.36186981201172,49.93850326538086,47.7402229309082
2007-02-09,56.6948127746582,67.21372985839844,49.78690719604492,47.46934127807617
2007-02-12,56.6948127746582,67.15983581542969,49.72018051147461,47.36102294921875
2007-02-13,56.68770980834961,67.13290405273438,49.683753967285156,47.25810241699219
2007-02-14,56.81548309326172,67.42244720458984,49.9688720703125,47.70771789550781
2007-02-15,56.843814849853516,67.52349090576172,50.0477294921875,47.848567962646484
2007-02-16,56.858055114746094,67.53021240234375,50.10225296020508,48.0164909362793
2007-02-20,56.85096740722656,67.52349090576172,50.16291809082031,48.124813079833984
2007-02-21,56.8864860534668,67.5840835571289,50.15691375732422,48.043556213378906
2007-02-22,56.85096740722656,67.48309326171875,50.02952194213867,47.78356170654297
2007-02-23,56.91486740112305,67.6244888305664,50.229652404785156,48.124813079833984
2007-02-26,56.95748519897461,67.73896789550781,50.38738250732422,48.444400787353516
2007-02-27,57.092315673828125,68.1497802734375,50.812007904052734,49.056541442871094
2007-02-28,57.0497932434082,68.02855682373047,50.63607406616211,48.83444595336914
2007-03-01,57.12879943847656,68.04137420654297,50.68171691894531,48.8034782409668
2007-03-02,57.1928825378418,68.2306137084961,50.846038818359375,49.04814910888672
2007-03-05,57.214237213134766,68.25091552734375,50.876426696777344,49.12971115112305
2007-03-06,57.164432525634766,68.18329620361328,50.809532165527344,48.982887268066406
2007-03-07,57.221397399902344,68.27790832519531,50.900787353515625,49.17322540283203
2007-03-08,57.221397399902344,68.2913818359375,50.89467239379883,49.12971115112305
2007-03-09,57.12166976928711,68.0481185913086,50.60867691040039,48.6131591796875
2007-03-12,57.1715202331543,68.16980743408203,50.748661041259766,48.8034782409668
2007-03-13,57.249881744384766,68.3792724609375,50.97383499145508,49.09712219238281
2007-03-14,57.26409912109375,68.36578369140625,50.90689468383789,48.874122619628906
2007-03-15,57.249881744384766,68.29822540283203,50.85210418701172,48.868690490722656
2007-03-16,57.24276351928711,68.31170654296875,50.846038818359375,48.85781478881836
2007-03-19,57.1928825378418,68.19678497314453,50.779136657714844,48.75450897216797
2007-03-20,57.24276351928711,68.30491638183594,50.85210418701172,48.78169631958008
2007-03-21,57.33533477783203,68.44011688232422,50.925148010253906,48.8034782409668
2007-03-22,57.278385162353516,68.31170654296875,50.75477600097656,48.41740798950195
2007-03-23,57.24276351928711,68.24412536621094,50.675621032714844,48.28142166137695
2007-03-26,57.29975509643555,68.33199310302734,50.71821975708008,48.34125900268555
2007-03-27,57.306880950927734,68.31844329833984,50.706050872802734,48.25966262817383
2007-03-28,57.33533477783203,68.33878326416016,50.69997787475586,48.16176986694336
2007-03-29,57.306880950927734,68.26441955566406,50.626930236816406,48.09653854370117
2007-03-30,57.306880950927734,68.25764465332031,50.56607437133789,48.00409698486328
2007-04-02,57.31760025024414,68.2603759765625,50.62228775024414,48.08382034301758
2007-04-03,57.31760025024414,68.19931030273438,50.57951354980469,48.02374267578125
2007-04-04,57.35330581665039,68.36209106445312,50.65892791748047,48.07285690307617
2007-04-05,57.33188247680664,68.24679565429688,50.53059005737305,47.89276123046875
2007-04-09,57.20317840576172,67.97550964355469,50.29848098754883,47.576236724853516
2007-04-10,57.27468490600586,68.06364440917969,50.40238952636719,47.71810531616211
2007-04-11,57.27468490600586,68.05692291259766,50.341251373291016,47.685386657714844
2007-04-12,57.26752853393555,68.04327392578125,50.390159606933594,47.696311950683594
2007-04-13,57.23896789550781,67.96868896484375,50.30459976196289,47.54893493652344
2007-04-16,57.23176193237305,68.01619720458984,50.35957717895508,47.8109130859375
2007-04-17,57.324710845947266,68.23320007324219,50.573394775390625,48.0783576965332
2007-04-18,57.40328598022461,68.33501434326172,50.68950271606445,48.318485260009766
2007-04-19,57.40328598022461,68.33501434326172,50.68340301513672,48.23664093017578
2007-04-20,57.38904571533203,68.31456756591797,50.628414154052734,48.111080169677734
2007-04-23,57.43195724487305,68.40957641601562,50.73224639892578,48.28578567504883
2007-04-24,57.48202133178711,68.52488708496094,50.830020904541016,48.465824127197266
2007-04-25,57.4605712890625,68.45026397705078,50.79944610595703,48.29663848876953
2007-04-26,57.41763687133789,68.34175872802734,50.65285873413086,47.94736862182617
2007-04-27,57.43911361694336,68.34175872802734,50.65285873413086,47.936424255371094
2007-04-30,57.48202133178711,68.54525756835938,50.87277603149414,48.43851852416992
2007-05-01,57.4576301574707,68.50577545166016,50.875247955322266,48.473594665527344
2007-05-02,57.486328125,68.47850036621094,50.81390380859375,48.44626235961914
2007-05-03,57.443294525146484,68.41728210449219,50.75872039794922,48.336692810058594
2007-05-04,57.471961975097656,68.51935577392578,50.887481689453125,48.53388214111328
2007-05-07,57.471961975097656,68.54656982421875,50.93044662475586,48.665348052978516
2007-05-08,57.50063705444336,68.56017303466797,50.93044662475586,48.55580520629883
2007-05-09,57.4576301574707,68.45127868652344,50.764827728271484,48.36405944824219
2007-05-10,57.50786209106445,68.51935577392578,50.89365768432617,48.479095458984375
2007-05-11,57.486328125,68.47167205810547,50.78936004638672,48.30927658081055
2007-05-14,57.443294525146484,68.36958312988281,50.71575927734375,48.18326950073242
2007-05-15,57.4576301574707,68.3763656616211,50.709678649902344,48.166866302490234
2007-05-16,57.514991760253906,68.42401885986328,50.678985595703125,48.13397979736328
2007-05-17,57.4791259765625,68.26747131347656,50.54408264160156,47.9367790222168
2007-05-18,57.42170333862305,68.14495086669922,50.396907806396484,47.61906814575195
2007-05-21,57.436031341552734,68.24024200439453,50.4643440246582,47.761478424072266
2007-05-22,57.4504280090332,68.07009887695312,50.32330322265625,47.514991760253906
2007-05-23,57.436031341552734,68.07009887695312,50.225154876708984,47.3780517578125
2007-05-24,57.4576301574707,68.09729766845703,50.29264831542969,47.42186737060547
2007-05-25,57.49346923828125,68.02918243408203,50.23743438720703,47.31230163574219
2007-05-29,57.436031341552734,67.96790313720703,50.133209228515625,47.30683898925781
2007-05-30,57.4791259765625,68.00879669189453,50.1822509765625,47.40547561645508
2007-05-31,57.443294525146484,67.94751739501953,50.163883209228516,47.31779098510742
2007-06-01,57.41374206542969,67.73770904541016,49.94776916503906,47.069236755371094
2007-06-04,57.43531799316406,67.82652282714844,50.027774810791016,47.283660888671875
2007-06-05,57.38488006591797,67.68301391601562,49.86769104003906,46.986751556396484
2007-06-06,57.45695877075195,67.79241943359375,49.89232635498047,46.9647331237793
2007-06-07,57.392120361328125,67.4848403930664,49.393577575683594,46.12328338623047
2007-06-08,57.41374206542969,67.4848403930664,49.4859619140625,46.08480453491211
2007-06-11,57.42091369628906,67.49851989746094,49.35666275024414,45.95284652709961
2007-06-12,57.37050247192383,67.21150970458984,49.00565719604492,45.28739929199219
2007-06-13,57.38488006591797,67.32081604003906,49.1657600402832,45.826358795166016
2007-06-14,57.38488006591797,67.2934799194336,49.17808151245117,45.71087646484375
2007-06-15,57.46412658691406,67.49171447753906,49.393577575683594,46.02432632446289
2007-06-18,57.46412658691406,67.53954315185547,49.36894607543945,45.93084716796875
2007-06-19,57.56489562988281,67.72406768798828,49.60908508300781,46.35979080200195
2007-06-20,57.50735092163086,67.6283187866211,49.4489860534668,45.98583984375
2007-06-21,57.52888107299805,67.58055877685547,49.38739776611328,45.76588439941406
2007-06-22,57.608116149902344,67.72406768798828,49.53517532348633,46.06282424926758
2007-06-25,57.65851593017578,67.81290435791016,49.695316314697266,46.3157958984375
2007-06-26,57.622493743896484,67.8470230102539,49.70762252807617,46.32680130004883
2007-06-27,57.61531448364258,67.92904663085938,49.701446533203125,46.37079620361328
2007-06-28,57.600948333740234,67.83342742919922,49.670654296875,46.35979080200195
2007-06-29,57.71611404418945,68.05208587646484,49.929264068603516,46.83823013305664
2007-07-02,57.75373458862305,68.15226745605469,50.00531768798828,47.08443832397461
2007-07-03,57.73207092285156,68.05621337890625,49.856956481933594,46.797393798828125
2007-07-05,57.65251922607422,67.77485656738281,49.57878875732422,46.27294158935547
2007-07-06,57.64531707763672,67.67196655273438,49.46134567260742,46.085243225097656
2007-07-09,57.68867492675781,67.7406005859375,49.64059829711914,46.2508659362793
2007-07-10,57.79706573486328,68.13851165771484,49.98057556152344,47.03478240966797
2007-07-11,57.768165588378906,67.9738540649414,49.80747985839844,46.548954010009766
2007-07-12,57.73207092285156,67.8984146118164,49.66535186767578,46.38887023925781
2007-07-13,57.76097869873047,67.95326232910156,49.776634216308594,46.515830993652344
2007-07-16,57.81877899169922,68.11109924316406,49.97434997558594,46.962989807128906
2007-07-17,57.782596588134766,68.05621337890625,49.869300842285156,46.86363983154297
2007-07-18,57.869388580322266,68.2276611328125,50.04857635498047,47.04030227661133
2007-07-19,57.8621711730957,68.20028686523438,50.042423248291016,47.029266357421875
2007-07-20,57.956077575683594,68.44720458984375,50.28961181640625,47.45432662963867
2007-07-23,57.91271209716797,68.44720458984375,50.27107620239258,47.37704086303711
2007-07-24,57.97053146362305,68.5707778930664,50.40703582763672,47.55374526977539
2007-07-25,58.013916015625,68.63248443603516,50.475120544433594,47.64753341674805
2007-07-26,58.15122604370117,69.09223937988281,50.87682342529297,48.045047760009766
2007-07-27,58.21628952026367,69.1539306640625,50.97575378417969,48.183048248291016
2007-07-30,58.14397430419922,69.00990295410156,50.84596633911133,48.045047760009766
2007-07-31,58.237998962402344,69.16767883300781,51.05608367919922,48.3928337097168
2007-08-01,58.181396484375,69.03681945800781,50.91462707519531,48.2880744934082
2007-08-02,58.21038055419922,69.16766357421875,50.95185470581055,48.41001510620117
2007-08-03,58.35548400878906,69.45004272460938,51.28071212768555,48.731422424316406
2007-08-06,58.282901763916016,69.22969818115234,51.07594299316406,48.37675476074219
2007-08-07,58.23215103149414,69.1332778930664,51.06975173950195,48.33795928955078
2007-08-08,58.18860626220703,69.0230941772461,50.71603775024414,47.750511169433594
2007-08-09,58.35548400878906,69.31920623779297,51.00146484375,47.816959381103516
2007-08-10,58.33372116088867,69.22272491455078,50.9270133972168,47.7061653137207
2007-08-13,58.38448715209961,69.34678649902344,51.007694244384766,47.844696044921875
2007-08-14,58.46430969238281,70.1868667602539,51.19389724731445,47.972171783447266
2007-08-15,58.54408645629883,69.64974212646484,51.28695297241211,47.80038833618164
2007-08-16,58.660152435302734,70.15243530273438,51.485496520996094,48.29362106323242
2007-08-17,58.71091079711914,69.93214416503906,51.522708892822266,48.09963607788086
2007-08-20,58.78346252441406,70.07673645019531,51.634464263916016,48.12736511230469
2007-08-21,58.86328125,70.27643585205078,51.85783386230469,48.36015319824219
2007-08-22,58.78346252441406,70.05599212646484,51.690277099609375,48.282527923583984
2007-08-23,58.74720764160156,69.96653747558594,51.70890426635742,48.44878387451172
2007-08-24,58.638370513916016,69.91831970214844,51.7275276184082,48.68711853027344
2007-08-27,58.71818923950195,70.0422592163086,51.87025833129883,48.94200897216797
2007-08-28,58.870567321777344,70.4485855102539,52.137062072753906,49.02513885498047
2007-08-29,58.79802322387695,70.20755004882812,51.938514709472656,48.892181396484375
2007-08-30,58.84880447387695,70.46923065185547,52.19911193847656,49.219154357910156
2007-08-31,58.84880447387695,70.4485855102539,52.2115364074707,49.25795364379883
2007-09-04,58.845882415771484,70.39949035644531,52.11434555053711,49.281307220458984
2007-09-05,58.99878692626953,70.7451171875,52.438262939453125,49.676387786865234
2007-09-06,58.92597961425781,70.5722885131836,52.3261604309082,49.548423767089844
2007-09-07,59.129852294921875,71.0423355102539,52.88686752319336,50.249549865722656
2007-09-10,59.15171813964844,71.1944351196289,53.005226135253906,50.63908386230469
2007-09-11,59.06430435180664,71.0146713256836,52.89308547973633,50.60017395019531
2007-09-12,59.11530303955078,70.9663314819336,52.762264251708984,50.410945892333984
2007-09-13,59.027915954589844,70.6690444946289,52.45075988769531,49.960201263427734
2007-09-14,59.02066421508789,70.73822021484375,52.51930236816406,50.03253936767578
2007-09-17,59.01335906982422,70.72440338134766,52.550437927246094,50.27180862426758
2007-09-18,59.09347915649414,70.81417846679688,52.49434280395508,49.8934440612793
2007-09-19,59.09347915649414,70.7796630859375,52.30744934082031,49.43153762817383
2007-09-20,58.96965026855469,70.26128387451172,51.71562957763672,48.49666976928711
2007-09-21,59.04973220825195,70.46861267089844,51.977264404296875,48.908470153808594
2007-09-24,59.11530303955078,70.53085327148438,52.045806884765625,49.04755783081055
2007-09-25,59.16632080078125,70.62069702148438,52.05202865600586,48.8751106262207
2007-09-26,59.129852294921875,70.65524291992188,52.07074737548828,48.91958999633789
2007-09-27,59.23912811279297,70.81417846679688,52.23895263671875,49.2590217590332
2007-09-28,59.17359161376953,70.7796630859375,52.25762176513672,49.37034606933594
2007-10-01,59.18597412109375,70.81570434570312,52.32016372680664,49.6524658203125
2007-10-02,59.222503662109375,70.91975402832031,52.432701110839844,49.808902740478516
2007-10-03,59.215213775634766,70.84343719482422,52.395206451416016,49.663597106933594
2007-10-04,59.244441986083984,70.91287994384766,52.4890022277832,49.85356521606445
2007-10-05,59.17866516113281,70.57988739013672,52.02627182006836,49.3172721862793
2007-10-08,59.2371826171875,70.74639129638672,52.21384048461914,49.278160095214844
2007-10-09,59.1055793762207,70.48277282714844,52.05124282836914,49.216732025146484
2007-10-10,59.120208740234375,70.51744842529297,52.101287841796875,49.24463653564453
2007-10-11,59.13480758666992,70.5521469116211,52.10757827758789,49.19440460205078
2007-10-12,59.06904602050781,70.45501708984375,51.932456970214844,48.95414733886719
2007-10-15,59.06904602050781,70.39954376220703,51.98250961303711,48.9653205871582
2007-10-16,59.14213943481445,70.55912780761719,52.126312255859375,48.98208999633789
2007-10-17,59.28097152709961,70.79491424560547,52.44520950317383,49.518348693847656
2007-10-18,59.36140060424805,71.1209487915039,52.64533996582031,49.79213333129883
2007-10-19,59.51487350463867,71.40534210205078,53.09554672241211,50.53507995605469
2007-10-22,59.46367263793945,71.40534210205078,52.99550247192383,50.54071807861328
2007-10-23,59.47100067138672,71.37757110595703,52.98301696777344,50.47370529174805
2007-10-24,59.58795928955078,71.64122772216797,53.25188446044922,50.84797668457031
2007-10-25,59.55143737792969,71.65502166748047,53.208099365234375,50.67475128173828
2007-10-26,59.5587158203125,71.59261322021484,53.076786041259766,50.5574836730957
2007-10-29,59.5587158203125,71.57879638671875,53.12053680419922,50.75297927856445
2007-10-30,59.55143737792969,71.59261322021484,53.176815032958984,50.72508239746094
2007-10-31,59.4564323425293,71.34292602539062,52.8204231262207,50.266929626464844
2007-11-01,59.649314880371094,71.7341079711914,53.251468658447266,50.92010498046875
2007-11-02,59.72273635864258,71.82462310791016,53.395835876464844,51.08280563354492
2007-11-05,59.715370178222656,71.85249328613281,53.333030700683594,51.06034851074219
2007-11-06,59.678733825683594,71.78981018066406,53.23896789550781,50.8134651184082
2007-11-07,59.84745788574219,72.04735565185547,53.43352508544922,50.903263092041016
2007-11-08,59.94282150268555,72.27017211914062,53.552677154541016,50.8134651184082
2007-11-09,59.96482849121094,72.5068359375,53.87273406982422,51.245506286621094
2007-11-12,60.10414123535156,72.59732055664062,53.96687698364258,51.430686950683594
2007-11-13,59.920780181884766,72.16571044921875,53.69078063964844,51.23988723754883
2007-11-14,59.95015335083008,72.3258285522461,53.72844696044922,51.296051025390625
2007-11-15,60.148193359375,72.60430145263672,54.02964401245117,51.77857208251953
2007-11-16,60.148193359375,72.60430145263672,54.02964401245117,51.8515625
2007-11-19,60.34624481201172,73.0776596069336,54.41871643066406,52.18818664550781
2007-11-20,60.32429122924805,73.0915756225586,54.27433776855469,52.13204574584961
2007-11-21,60.51498794555664,73.54400634765625,54.701087951660156,52.43510818481445
2007-11-23,60.44895553588867,73.28643798828125,54.537933349609375,52.5921745300293
2007-11-26,60.61771011352539,73.8990478515625,55.284706115722656,53.630218505859375
2007-11-27,60.43433380126953,73.5022964477539,54.770137786865234,53.11961364746094
2007-11-28,60.382957458496094,73.32820892333984,54.57560729980469,52.76051330566406
2007-11-29,60.49300765991211,73.5927734375,54.88309097290039,53.21501541137695
2007-11-30,60.52235794067383,73.71805572509766,54.95838928222656,52.95685958862305
2007-12-03,60.659210205078125,74.02671813964844,55.175575256347656,53.377159118652344
2007-12-04,60.65185546875,73.99876403808594,55.22597885131836,53.37150573730469
2007-12-05,60.6739387512207,73.90103149414062,55.018165588378906,52.7349739074707
2007-12-06,60.54881286621094,73.6007308959961,54.728546142578125,52.27302169799805
2007-12-07,60.48261642456055,73.41215515136719,54.375980377197266,51.68710708618164
2007-12-10,60.438392639160156,73.19561767578125,54.25004959106445,51.37730407714844
2007-12-11,60.659210205078125,74.02671813964844,54.99296951293945,52.38562774658203
2007-12-12,60.50467300415039,73.48900604248047,54.53335189819336,51.84482955932617
2007-12-13,60.41634750366211,73.28645324707031,54.13037109375,51.281497955322266
2007-12-14,60.26914978027344,73.0210952758789,53.97296905517578,51.0449333190918
2007-12-17,60.445804595947266,73.4051742553711,54.29411697387695,51.50122833251953
2007-12-18,60.40899658203125,73.377197265625,54.401153564453125,51.833621978759766
2007-12-19,60.56357192993164,73.74042510986328,54.8355827331543,52.5208740234375
2007-12-20,60.60774612426758,73.75437927246094,54.74744415283203,52.40819549560547
2007-12-21,60.51201629638672,73.38426971435547,54.350746154785156,51.642051696777344
2007-12-24,60.46052169799805,73.23058319091797,54.19332504272461,51.399784088134766
2007-12-26,60.401649475097656,73.00714874267578,53.93521499633789,50.9491081237793
2007-12-27,60.53379440307617,73.32378387451172,54.297279357910156,51.50455093383789
2007-12-28,60.60770797729492,73.70210266113281,54.73336410522461,52.307743072509766
2007-12-31,60.70376968383789,73.92632293701172,54.98612976074219,52.62446594238281
2008-01-02,60.81451416015625,74.31161499023438,55.37794494628906,53.38239288330078
2008-01-03,60.91053009033203,74.42371368408203,55.49176025390625,53.308876037597656
2008-01-04,60.999080657958984,74.67591094970703,55.63703536987305,53.320194244384766
2008-01-07,60.96223449707031,74.75302124023438,55.7381706237793,53.55210494995117
2008-01-08,61.050819396972656,74.80902099609375,55.85824203491211,53.48988723754883
2008-01-09,61.02126693725586,74.84400939941406,55.76974868774414,53.591670989990234
2008-01-10,61.02126693725586,74.8020248413086,55.61811828613281,52.86766815185547
2008-01-11,61.19121170043945,75.08924865722656,55.97201156616211,53.28055953979492
2008-01-14,61.21332931518555,75.13835144042969,55.99728775024414,53.47853088378906
2008-01-15,61.26506423950195,75.33444213867188,56.36381530761719,54.078067779541016
2008-01-16,61.31669616699219,75.31349182128906,56.256378173828125,53.68782424926758
2008-01-17,61.42007064819336,75.6917724609375,56.71140670776367,54.38347625732422
2008-01-18,61.47182083129883,75.66377258300781,56.62919616699219,54.01026153564453
2008-01-22,61.730323791503906,76.34335327148438,57.26118087768555,54.58711624145508
2008-01-23,61.70079803466797,76.19617462158203,56.995750427246094,54.462703704833984
2008-01-24,61.50877380371094,75.74079132080078,56.47755432128906,53.37107467651367
2008-01-25,61.671234130859375,76.07711791992188,57.002052307128906,54.2703742980957
2008-01-28,61.64165115356445,75.96503448486328,56.79348373413086,54.066768646240234
2008-01-29,61.60478591918945,75.74079132080078,56.56602096557617,53.699153900146484
2008-01-30,61.6490478515625,75.83187103271484,56.54072952270508,53.34843063354492
2008-01-31,61.708194732666016,76.09112548828125,56.83143997192383,53.72740173339844
2008-02-01,61.775516510009766,76.25479125976562,57.01591110229492,54.050376892089844
2008-02-04,61.783042907714844,76.02999877929688,56.69896697998047,53.49415969848633
2008-02-05,61.92367935180664,76.52165985107422,57.09834671020508,53.90277099609375
2008-02-06,61.94590377807617,76.43030548095703,56.99692916870117,53.738216400146484
2008-02-07,61.86445999145508,75.9948959350586,56.356632232666016,52.58031463623047
2008-02-08,61.97553634643555,76.39523315429688,56.832069396972656,53.18193435668945
2008-02-11,61.99772644042969,76.49356079101562,56.95887756347656,53.403316497802734
2008-02-12,62.01993942260742,76.43741607666016,56.838417053222656,53.085506439208984
2008-02-13,62.0421028137207,76.33202362060547,56.59749221801758,52.523582458496094
2008-02-14,61.99772644042969,76.19160461425781,56.28692626953125,51.75166320800781
2008-02-15,61.93106460571289,76.26880645751953,56.40738296508789,52.14895248413086
2008-02-19,61.88655471801758,75.79122161865234,56.00162887573242,51.62116241455078
2008-02-20,61.81258773803711,75.68588256835938,55.95092010498047,51.97874069213867
2008-02-21,61.98290252685547,76.2266845703125,56.52779769897461,52.529232025146484
2008-02-22,61.91624069213867,76.05103302001953,56.36933135986328,52.22844696044922
2008-02-25,61.819976806640625,75.74205017089844,55.995243072509766,51.69493103027344
2008-02-26,61.908836364746094,75.91059112548828,56.134765625,51.71195983886719
2008-02-27,61.98290252685547,76.03700256347656,56.26789093017578,51.757354736328125
2008-02-28,62.13103485107422,76.634033203125,56.92713928222656,52.676761627197266
2008-02-29,62.345787048339844,77.27323150634766,57.53573989868164,53.482784271240234
2008-03-03,62.347999572753906,77.16268157958984,57.38948440551758,53.344947814941406
2008-03-04,62.33319854736328,77.134521484375,57.173316955566406,52.82651138305664
2008-03-05,62.296085357666016,76.96562194824219,56.92525100708008,52.194183349609375
2008-03-06,62.4815559387207,77.35274505615234,57.383148193359375,52.4732780456543
2008-03-07,62.45188522338867,77.56391906738281,57.58026885986328,52.54170227050781
2008-03-10,62.51866912841797,77.83136749267578,57.99358367919922,53.31645202636719
2008-03-11,62.20698928833008,77.09228515625,57.36406707763672,52.8607177734375
2008-03-12,62.40737533569336,77.68357849121094,58.0254020690918,53.88041687011719
2008-03-13,62.377681732177734,77.5498046875,57.72011184692383,53.45885467529297
2008-03-14,62.563167572021484,78.0707015991211,58.317848205566406,54.11968231201172
2008-03-17,62.704193115234375,78.44376373291016,58.61042785644531,54.53553771972656
2008-03-18,62.4815559387207,77.95806121826172,58.209781646728516,54.324764251708984
2008-03-19,62.54829406738281,78.32413482666016,58.71216583251953,55.224891662597656
2008-03-20,62.474151611328125,78.2396011352539,58.83935546875,55.36161422729492
2008-03-24,62.21443557739258,77.33866119384766,57.802791595458984,54.290592193603516
2008-03-25,62.25896453857422,77.39493560791016,58.00631332397461,54.518436431884766
2008-03-26,62.392520904541016,77.60616302490234,58.050811767578125,54.290592193603516
2008-03-27,62.459266662597656,77.5780029296875,57.97450256347656,53.90892028808594
2008-03-28,62.488956451416016,77.72579193115234,58.203460693359375,54.433040618896484
2008-03-31,62.50379180908203,77.87364196777344,58.30520248413086,54.62669372558594
2008-04-01,62.277767181396484,77.25558471679688,57.79534912109375,53.73764419555664
2008-04-02,62.225765228271484,77.03684997558594,57.60395050048828,53.85206985473633
2008-04-03,62.1811408996582,76.92401123046875,57.60395050048828,53.97220993041992
2008-04-04,62.29262924194336,77.29794311523438,58.044254302978516,54.46424102783203
2008-04-07,62.1737174987793,76.90277862548828,57.66136932373047,54.17817306518555
2008-04-08,62.21086502075195,76.93804931640625,57.6677131652832,53.98935317993164
2008-04-09,62.329795837402344,77.34025573730469,58.012290954589844,54.55006408691406
2008-04-10,62.307533264160156,77.16382598876953,57.78260803222656,54.36695098876953
2008-04-11,62.41166305541992,77.43191528320312,58.031436920166016,54.73311233520508
2008-04-14,62.37446975708008,77.3261489868164,57.88473892211914,54.412723541259766
2008-04-15,62.29262924194336,77.09331512451172,57.623111724853516,53.73764419555664
2008-04-16,62.15877151489258,76.6558837890625,57.2338752746582,53.211280822753906
2008-04-17,62.04731750488281,76.50772857666016,57.09988021850586,53.119815826416016
2008-04-18,62.010101318359375,76.35955810546875,57.042415618896484,53.07400131225586
2008-04-21,61.950660705566406,76.28901672363281,57.0488166809082,53.285667419433594
2008-04-22,61.97288131713867,76.31719970703125,57.093482971191406,53.46876525878906
2008-04-23,61.97288131713867,76.19721984863281,57.036067962646484,53.29143142700195
2008-04-24,61.80188751220703,75.80219268798828,56.58946990966797,52.839447021484375
2008-04-25,61.809391021728516,75.65400695800781,56.512855529785156,52.53049850463867
2008-04-28,61.87626647949219,75.83042907714844,56.614986419677734,52.690704345703125
2008-04-29,61.86140060424805,75.96443176269531,56.71704864501953,52.89095687866211
2008-04-30,61.980369567871094,76.0843734741211,56.89572525024414,53.268558502197266
2008-05-01,61.870086669921875,75.93515014648438,56.889320373535156,53.27202224731445
2008-05-02,61.7882080078125,75.66639709472656,56.42848205566406,52.60017776489258
2008-05-05,61.85521697998047,75.78658294677734,56.51168441772461,52.60017776489258
2008-05-06,61.89249801635742,75.73004150390625,56.33242416381836,52.221221923828125
2008-05-07,61.96699523925781,75.94220733642578,56.55643844604492,52.4451789855957
2008-05-08,62.01913833618164,76.2958755493164,56.921260833740234,52.916015625
2008-05-09,62.041500091552734,76.30997467041016,56.985313415527344,53.11122512817383
2008-05-12,61.9222297668457,76.17560577392578,56.889320373535156,53.03083038330078
2008-05-13,61.81796646118164,75.69464874267578,56.4156494140625,52.450927734375
2008-05-14,61.77328109741211,75.59565734863281,56.39639663696289,52.47388458251953
2008-05-15,61.82539367675781,75.93515014648438,56.71010971069336,52.95046615600586
2008-05-16,61.8403434753418,75.8078384399414,56.61406707763672,52.732269287109375
2008-05-19,61.90733337402344,75.98470306396484,56.74211502075195,52.801124572753906
2008-05-20,61.99675750732422,76.14028930664062,56.91488265991211,53.07676696777344
2008-05-21,61.929744720458984,75.99177551269531,56.780487060546875,53.088260650634766
2008-05-22,61.758419036865234,75.55317687988281,56.409244537353516,52.46238327026367
2008-05-23,61.8775634765625,75.8714599609375,56.65888977050781,52.692081451416016
2008-05-27,61.810508728027344,75.53912353515625,56.383609771728516,52.33608627319336
2008-05-28,61.69877243041992,75.17835998535156,55.96119689941406,51.8709602355957
2008-05-29,61.67641830444336,75.0014877319336,55.69873046875,51.49779510498047
2008-05-30,61.76582336425781,75.15003967285156,55.884403228759766,51.83653259277344
2008-06-02,61.88759231567383,75.48552703857422,56.216487884521484,52.036495208740234
2008-06-03,61.97725296020508,75.8756332397461,56.511959075927734,52.41109085083008
2008-06-04,61.9548225402832,75.73367309570312,56.30641555786133,51.94432830810547
2008-06-05,61.872615814208984,75.45004272460938,56.01095199584961,51.63311004638672
2008-06-06,61.9548225402832,75.9322738647461,56.49906539916992,52.30158615112305
2008-06-09,61.640995025634766,75.31526184082031,56.094417572021484,52.30158615112305
2008-06-10,61.4991340637207,74.86135864257812,55.76039123535156,51.961578369140625
2008-06-11,61.603755950927734,75.09544372558594,55.81822967529297,51.84054946899414
2008-06-12,61.304931640625,74.4217529296875,55.33005905151367,51.32191467285156
2008-06-13,61.37212371826172,74.3437271118164,55.20157241821289,51.21241760253906
2008-06-16,61.40951156616211,74.32244110107422,55.20803451538086,51.2239990234375
2008-06-17,61.529052734375,74.63449096679688,55.39430618286133,51.32769775390625
2008-06-18,61.58876419067383,74.86849212646484,55.69615936279297,51.75990676879883
2008-06-19,61.469242095947266,74.54940032958984,55.375,51.45448684692383
2008-06-20,61.58131408691406,74.83308410644531,55.63195037841797,51.75412368774414
2008-06-23,61.51405334472656,74.73375701904297,55.60624313354492,51.86360549926758
2008-06-24,61.62614059448242,75.00325775146484,55.901756286621094,52.209381103515625
2008-06-25,61.670902252197266,75.05999755859375,55.89528274536133,52.232421875
2008-06-26,61.850189208984375,75.45712280273438,56.21004867553711,52.58396911621094
2008-06-27,61.88009262084961,75.66987609863281,56.486289978027344,53.200557708740234
2008-06-30,61.91746139526367,75.70537567138672,56.524784088134766,53.21210479736328
2008-07-01,61.90174102783203,75.62499237060547,56.37135696411133,53.08598327636719
2008-07-02,61.909202575683594,75.80271911621094,56.50678253173828,53.36356735229492
2008-07-03,62.014015197753906,75.92366027832031,56.52608108520508,53.24795150756836
2008-07-07,62.05154800415039,76.10848236083984,56.790340423583984,53.49083709716797
2008-07-08,62.05902862548828,76.1654052734375,56.9321174621582,53.83782958984375
2008-07-09,62.16388702392578,76.48535919189453,57.202735900878906,54.074951171875
2008-07-10,62.088958740234375,76.4569320678711,57.22210693359375,54.069190979003906
2008-07-11,61.961647033691406,75.92366027832031,56.68720626831055,53.29999542236328
2008-07-14,62.103939056396484,76.23648834228516,56.9901123046875,53.76842498779297
2008-07-15,62.193809509277344,76.48535919189453,57.19635772705078,53.751136779785156
2008-07-16,62.13387680053711,76.15111541748047,56.674285888671875,52.779510498046875
2008-07-17,62.04402160644531,75.83116149902344,56.40366744995117,52.50767135620117
2008-07-18,61.93166732788086,75.57522583007812,56.210304260253906,52.31101989746094
2008-07-21,61.961647033691406,75.66057586669922,56.33918380737305,52.51344299316406
2008-07-22,61.909202575683594,75.47566986083984,56.145896911621094,52.253170013427734
2008-07-23,61.87924575805664,75.39741516113281,56.055660247802734,52.149078369140625
2008-07-24,62.05154800415039,75.87385559082031,56.53897476196289,52.658050537109375
2008-07-25,61.96916198730469,75.65345001220703,56.210304260253906,52.13176345825195
2008-07-28,62.09645462036133,75.99468231201172,56.532493591308594,52.658050537109375
2008-07-29,62.04402160644531,75.78137969970703,56.37135696411133,52.444026947021484
2008-07-30,62.05902862548828,75.88099670410156,56.48099899291992,52.496089935302734
2008-07-31,62.18637466430664,76.25068664550781,56.9321174621582,53.01658248901367
2008-08-01,62.198360443115234,76.3348159790039,56.96055221557617,53.133819580078125
2008-08-04,62.19083023071289,76.2921142578125,56.921775817871094,53.01194763183594
2008-08-05,62.16080856323242,76.13522338867188,56.63072967529297,52.61723709106445
2008-08-06,62.1683235168457,76.10669708251953,56.650146484375,52.40251159667969
2008-08-07,62.303524017333984,76.58428955078125,57.180389404296875,53.255706787109375
2008-08-08,62.2509651184082,76.4631576538086,57.154563903808594,53.400856018066406
2008-08-11,62.1683235168457,76.22794342041016,56.876461029052734,52.89009094238281
2008-08-12,62.2809944152832,76.60568237304688,57.27095413208008,53.383445739746094
2008-08-13,62.273494720458984,76.47737121582031,57.148101806640625,53.19770050048828
2008-08-14,62.296051025390625,76.62705993652344,57.32271957397461,53.5401496887207
2008-08-15,62.341148376464844,76.78386688232422,57.536094665527344,54.00453567504883
2008-08-18,62.393707275390625,76.93360137939453,57.67835235595703,54.21929931640625
2008-08-19,62.43885040283203,76.92640686035156,57.59431838989258,54.01033020019531
2008-08-20,62.52143096923828,77.10466003417969,57.7624626159668,54.161224365234375
2008-08-21,62.46883773803711,76.93360137939453,57.63956832885742,54.06257629394531
2008-08-22,62.35612487792969,76.75540924072266,57.471439361572266,54.02775955200195
2008-08-25,62.46138000488281,77.0048828125,57.85297393798828,54.56758117675781
2008-08-26,62.43885040283203,77.05476379394531,57.87234878540039,54.61399459838867
2008-08-27,62.47636032104492,77.1474609375,57.95643615722656,54.70685577392578
2008-08-28,62.44632339477539,77.05476379394531,57.87234878540039,54.712684631347656
2008-08-29,62.47636032104492,76.99772644042969,57.80125427246094,54.4688606262207
2008-09-02,62.555419921875,77.26570129394531,58.115936279296875,54.97570037841797
2008-09-03,62.57810592651367,77.45864868164062,58.258689880371094,55.20875549316406
2008-09-04,62.615814208984375,77.72301483154297,58.55064010620117,55.65147018432617
2008-09-05,62.59315872192383,77.5801010131836,58.42089080810547,55.62232971191406
2008-09-08,62.562992095947266,77.48006439208984,58.42735290527344,55.855350494384766
2008-09-09,62.660926818847656,77.72301483154297,58.6933708190918,56.40876388549805
2008-09-10,62.67606735229492,77.63011169433594,58.54423904418945,56.059226989746094
2008-09-11,62.65346145629883,77.60155487060547,58.44034194946289,56.03007125854492
2008-09-12,62.660926818847656,77.48006439208984,58.148353576660156,55.30773162841797
2008-09-15,63.10553741455078,78.60909271240234,59.264381408691406,57.10202407836914
2008-09-16,62.99248504638672,78.3232421875,59.09572219848633,57.09038162231445
2008-09-17,63.2939567565918,79.05207824707031,59.62769317626953,57.37578582763672
2008-09-18,63.09047317504883,78.59481811523438,58.927005767822266,56.536964416503906
2008-09-19,62.7363166809082,77.30856323242188,57.87590026855469,54.742637634277344
2008-09-22,62.78153991699219,77.39430236816406,57.752601623535156,54.736839294433594
2008-09-23,62.82677459716797,77.46576690673828,57.752601623535156,54.52711868286133
2008-09-24,62.9623908996582,77.8730697631836,57.90180969238281,54.76599884033203
2008-09-25,62.849300384521484,77.43714904785156,57.726619720458984,54.65525436401367
2008-09-26,62.849300384521484,77.4085464477539,57.68770217895508,55.0514030456543
2008-09-29,63.211036682128906,78.41615295410156,58.49219512939453,56.65346145629883
2008-09-30,62.9623908996582,77.76588439941406,57.72014617919922,55.27278518676758
2008-10-01,63.158905029296875,78.13470458984375,58.127052307128906,55.96812438964844
2008-10-02,63.2950439453125,78.72206115722656,58.4526252746582,56.418128967285156
2008-10-03,63.46894836425781,78.94414520263672,58.673973083496094,56.91477584838867
2008-10-06,63.59741973876953,79.4813232421875,59.14918899536133,57.949058532714844
2008-10-07,63.61256408691406,79.65320587158203,59.10368728637695,57.77376174926758
2008-10-08,63.340335845947266,78.66473388671875,58.34843444824219,56.94401550292969
2008-10-09,63.37818145751953,78.38545227050781,57.76242446899414,56.464874267578125
2008-10-10,63.47648239135742,78.41410827636719,57.085365295410156,56.06749725341797
2008-10-13,63.19670486450195,77.35404205322266,56.69472885131836,55.348785400390625
2008-10-14,63.211856842041016,77.74080657958984,56.427772521972656,54.992305755615234
2008-10-15,63.423561096191406,78.18487548828125,56.8900260925293,55.518211364746094
2008-10-16,63.38575744628906,78.31375122070312,56.90306854248047,55.231910705566406
2008-10-17,63.43112564086914,78.27800750732422,57.26115417480469,54.85207748413086
2008-10-20,63.38575744628906,78.46424102783203,57.319759368896484,55.290340423583984
2008-10-21,63.51425552368164,78.83666229248047,57.92523956298828,55.582462310791016
2008-10-22,63.6049919128418,79.22348022460938,58.36792755126953,56.710296630859375
2008-10-23,63.567176818847656,79.1804428100586,58.44611358642578,57.13097381591797
2008-10-24,63.62013244628906,79.08012390136719,58.19865417480469,56.52327346801758
2008-10-27,63.46133041381836,79.03005981445312,58.16615676879883,56.564212799072266
2008-10-28,63.536949157714844,78.85099029541016,57.69737243652344,55.740257263183594
2008-10-29,63.5746955871582,78.98703002929688,57.78197479248047,55.459774017333984
2008-10-30,63.627662658691406,78.61468505859375,57.33928298950195,54.95722579956055
2008-10-31,63.65789794921875,78.90831756591797,57.222076416015625,54.244361877441406
2008-11-03,63.77705001831055,79.31761932373047,57.313560485839844,54.391056060791016
2008-11-04,63.75434875488281,79.8921127319336,57.99970245361328,55.41183853149414
2008-11-05,63.868186950683594,79.99982452392578,58.306785583496094,56.068885803222656
2008-11-06,63.890960693359375,80.0644760131836,58.13035202026367,55.66410827636719
2008-11-07,63.77705001831055,79.76288604736328,57.92124938964844,55.3004150390625
2008-11-10,63.97441101074219,79.90647888183594,57.98008728027344,55.57025146484375
2008-11-11,64.0200424194336,80.05731964111328,58.19571304321289,55.7345085144043
2008-11-12,64.1186294555664,80.33016204833984,58.55513381958008,56.09238052368164
2008-11-13,63.9592170715332,80.0644760131836,58.13035202026367,54.74888229370117
2008-11-14,63.944000244140625,80.5384521484375,58.70541763305664,55.834259033203125
2008-11-17,64.05789184570312,80.5887451171875,58.9537239074707,56.080623626708984
2008-11-18,64.126220703125,80.95497131347656,59.411128997802734,56.8022575378418
2008-11-19,64.21723937988281,81.41455841064453,60.05153274536133,58.25720977783203
2008-11-20,64.33871459960938,81.9316635131836,61.260372161865234,61.26688003540039
2008-11-21,64.23250579833984,81.53668975830078,60.69838333129883,60.381011962890625
2008-11-24,64.07307434082031,80.8687973022461,60.12991714477539,59.43647003173828
2008-11-25,64.126220703125,81.52228546142578,61.16236877441406,61.184783935546875
2008-11-26,64.32357025146484,81.63720703125,61.534820556640625,61.26688003540039
2008-11-28,64.3614730834961,81.94595336914062,61.65894317626953,62.023677825927734
2008-12-01,64.4673080444336,82.81910705566406,62.49357223510742,64.39892578125
2008-12-02,64.4597396850586,82.89826965332031,62.82143020629883,64.64619445800781
2008-12-03,64.51302337646484,83.02778625488281,62.91971969604492,64.82874298095703
2008-12-04,64.52825927734375,83.3445816040039,63.31307601928711,66.1060562133789
2008-12-05,64.45207214355469,82.69671630859375,62.64432907104492,65.03469848632812
2008-12-08,64.36076354980469,82.4231948852539,62.4083251953125,64.89339447021484
2008-12-09,64.55873107910156,82.93425750732422,62.93940353393555,66.17665100097656
2008-12-10,64.47494506835938,83.04222106933594,62.88032150268555,66.01773834228516
2008-12-11,64.62725830078125,83.12860107421875,63.260658264160156,66.14728546142578
2008-12-12,64.65777587890625,83.38774871826172,63.43766784667969,66.14728546142578
2008-12-15,64.70340728759766,83.4597396850586,63.5753288269043,66.90070343017578
2008-12-16,64.7338638305664,84.15792083740234,64.58501434326172,68.55484771728516
2008-12-17,64.59677124023438,83.7835693359375,65.02424621582031,70.41500091552734
2008-12-18,64.62725830078125,84.08589935302734,65.46353149414062,71.89252471923828
2008-12-19,64.56629180908203,83.91315460205078,65.24714660644531,71.96905517578125
2008-12-22,64.44451904296875,83.57488250732422,65.07677459716797,71.41568756103516
2008-12-23,64.4597396850586,83.53885650634766,65.04388427734375,71.32150268554688
2008-12-24,64.47494506835938,83.49568939208984,64.97833251953125,71.16850280761719
2008-12-26,64.55113983154297,83.58206939697266,65.32585906982422,71.40396118164062
2008-12-29,64.69329071044922,83.80794525146484,65.46994018554688,71.31832885742188
2008-12-30,64.75447082519531,83.71414947509766,65.56204986572266,71.99757385253906
2008-12-31,64.723876953125,83.38943481445312,64.83824920654297,70.4914321899414
2009-01-02,64.3799057006836,82.85537719726562,63.91039276123047,68.71949768066406
2009-01-05,64.50983428955078,82.91314697265625,63.79847717285156,66.94767761230469
2009-01-06,64.5403823852539,82.99250030517578,63.75896072387695,66.27427673339844
2009-01-07,64.49452209472656,83.12239074707031,63.77212142944336,66.53426361083984
2009-01-08,64.50983428955078,83.28119659423828,63.94326400756836,66.48107147216797
2009-01-09,64.5556869506836,83.5337142944336,64.2393798828125,66.58148193359375
2009-01-12,64.57093048095703,83.7212905883789,64.64080047607422,67.27250671386719
2009-01-13,64.57861328125,83.68526458740234,64.68685913085938,67.34342956542969
2009-01-14,64.65508270263672,83.93782806396484,65.04883575439453,68.45378875732422
2009-01-15,64.58629608154297,83.82234954833984,64.99615478515625,68.56594848632812
2009-01-16,64.61688995361328,83.54092407226562,64.3973617553711,67.50873565673828
2009-01-20,64.64742279052734,83.55535125732422,64.29863739013672,67.4969482421875
2009-01-21,64.54810333251953,83.129638671875,63.72608947753906,65.36479187011719
2009-01-22,64.57861328125,82.96366119384766,63.30500030517578,64.10675811767578
2009-01-23,64.56332397460938,82.87708282470703,63.31813049316406,63.604740142822266
2009-01-26,64.47920989990234,82.74718475341797,63.16020965576172,63.04950714111328
2009-01-27,64.54810333251953,82.9780502319336,63.57478332519531,64.531982421875
2009-01-28,64.52515411376953,82.58119201660156,63.16679000854492,62.91953659057617
2009-01-29,64.40276336669922,82.2420654296875,62.34413146972656,61.472537994384766
2009-01-30,64.44100189208984,82.3213882446289,62.31787872314453,61.27762985229492
2009-02-02,64.50072479248047,82.71701049804688,62.82330322265625,62.4177360534668
2009-02-03,64.43183135986328,82.0372085571289,62.28224563598633,60.931190490722656
2009-02-04,64.32457733154297,81.9937973022461,61.9654541015625,60.717979431152344
2009-02-05,64.33992767333984,82.05166625976562,62.110660552978516,60.77124786376953
2009-02-06,64.3016357421875,81.71174621582031,61.73447799682617,60.581703186035156
2009-02-09,64.27870178222656,81.60326385498047,61.60914993286133,60.77717208862305
2009-02-10,64.42416381835938,82.29755401611328,62.433998107910156,62.097869873046875
2009-02-11,64.40879821777344,82.369873046875,62.915740966796875,62.90333938598633
2009-02-12,64.4854507446289,82.41326141357422,62.89594268798828,62.3111457824707
2009-02-13,64.36288452148438,81.96488189697266,62.401023864746094,60.65280532836914
2009-02-17,64.53132629394531,82.73147583007812,63.45029067993164,62.542083740234375
2009-02-18,64.42416381835938,82.26860809326172,62.98835754394531,62.00905990600586
2009-02-19,64.40117645263672,82.1456298828125,62.63862991333008,60.95485305786133
2009-02-20,64.45484161376953,82.31929016113281,62.816734313964844,61.54711151123047
2009-02-23,64.44708251953125,82.2397232055664,62.876136779785156,62.11566162109375
2009-02-24,64.40117645263672,82.06612396240234,62.63862991333008,62.050533294677734
2009-02-25,64.27870178222656,81.63939666748047,62.07107925415039,61.33390426635742
2009-02-26,64.30924987792969,81.51644134521484,61.912689208984375,60.68834686279297
2009-02-27,64.3475570678711,81.79850006103516,61.859886169433594,60.33893966674805
2009-03-02,64.4925308227539,82.3318862915039,62.480472564697266,61.33784484863281
2009-03-03,64.4388427734375,82.21595001220703,62.4011344909668,60.9280891418457
2009-03-04,64.3698501586914,81.96959686279297,62.08353042602539,60.64888381958008
2009-03-05,64.44650268554688,82.4043960571289,62.81136703491211,62.33563995361328
2009-03-06,64.40049743652344,82.16519165039062,62.513572692871094,61.91985321044922
2009-03-09,64.3392105102539,82.10726928710938,62.54005813598633,61.55759048461914
2009-03-10,64.30081939697266,81.75209045410156,62.08353042602539,60.375732421875
2009-03-11,64.33149719238281,81.86809539794922,62.526824951171875,61.02898406982422
2009-03-12,64.3544692993164,82.00576782226562,62.70551681518555,61.320045471191406
2009-03-13,64.40814208984375,82.2231674194336,62.6591911315918,61.011226654052734
2009-03-16,64.32379150390625,81.91159057617188,62.301902770996094,60.049072265625
2009-03-17,64.3084716796875,81.72311401367188,62.1827392578125,59.722442626953125
2009-03-18,64.55389404296875,83.23055267333984,64.31330108642578,61.985206604003906
2009-03-19,64.4771957397461,83.02037048339844,64.09500122070312,62.06240463256836
2009-03-20,64.55389404296875,82.9913330078125,64.09500122070312,61.717918395996094
2009-03-23,64.50018310546875,82.84642791748047,63.87663650512695,61.18346405029297
2009-03-24,64.4158706665039,82.76671600341797,63.78401184082031,61.76547622680664
2009-03-25,64.40049743652344,82.5565185546875,63.4002571105957,60.9339599609375
2009-03-26,64.48486328125,82.75224304199219,63.56568908691406,61.640750885009766
2009-03-27,64.51555633544922,82.75940704345703,63.525962829589844,62.09804153442383
2009-03-30,64.57688903808594,82.93340301513672,63.79721450805664,62.33563995361328
2009-03-31,64.66895294189453,83.2377700805664,63.90972137451172,62.78105926513672
2009-04-01,64.65428924560547,83.31473541259766,64.06631469726562,63.35400390625
2009-04-02,64.54676055908203,82.97343444824219,63.648258209228516,62.57972717285156
2009-04-03,64.40083312988281,82.34165954589844,62.91835021972656,61.29914093017578
2009-04-06,64.44700622558594,82.23995971679688,62.77235412597656,61.03706359863281
2009-04-07,64.46998596191406,82.36339569091797,62.93157958984375,61.191978454589844
2009-04-08,64.46998596191406,82.45783996582031,63.24352264404297,61.73395538330078
2009-04-09,64.39312744140625,82.28353118896484,62.871917724609375,60.959686279296875
2009-04-13,64.51602935791016,82.6393814086914,63.24352264404297,61.51954650878906
2009-04-14,64.56983184814453,82.87902069091797,63.568626403808594,61.841163635253906
2009-04-15,64.60054779052734,82.90806579589844,63.62836837768555,61.73395538330078
2009-04-16,64.50836181640625,82.6756362915039,63.37619400024414,61.24555969238281
2009-04-17,64.43924713134766,82.29806518554688,62.86526107788086,60.572513580322266
2009-04-20,64.50067901611328,82.62482452392578,63.30324935913086,61.48973846435547
2009-04-21,64.50836181640625,82.42152404785156,63.05766677856445,60.882259368896484
2009-04-22,64.50836181640625,82.38525390625,62.905113220214844,60.512996673583984
2009-04-23,64.46227264404297,82.35616302490234,62.89185333251953,60.506961822509766
2009-04-24,64.46227264404297,82.18916320800781,62.64633560180664,59.89948272705078
2009-04-27,64.53909301757812,82.53770446777344,62.905113220214844,60.15559768676758
2009-04-28,64.47767639160156,82.25447845458984,62.59981918334961,59.17290496826172
2009-04-29,64.50836181640625,82.0003433227539,62.261478424072266,58.64872360229492
2009-04-30,64.56217193603516,82.08743286132812,62.15531921386719,58.41649627685547
2009-05-01,64.51366424560547,81.9266586303711,61.955604553222656,58.01445388793945
2009-05-04,64.49824523925781,81.9266586303711,62.01548767089844,58.205589294433594
2009-05-05,64.48281860351562,81.85398864746094,62.00224304199219,58.1338996887207
2009-05-06,64.52139282226562,81.91942596435547,62.02884292602539,57.996490478515625
2009-05-07,64.42898559570312,81.55570983886719,61.50967788696289,56.58061981201172
2009-05-08,64.47517395019531,81.62116241455078,61.58292007446289,56.718017578125
2009-05-11,64.58294677734375,82.0285873413086,62.161903381347656,57.52455139160156
2009-05-12,64.57526397705078,82.07946014404297,62.121944427490234,57.7336540222168
2009-05-13,64.60604858398438,82.22496032714844,62.4081916809082,58.36090850830078
2009-05-14,64.62911224365234,82.27589416503906,62.41481399536133,58.58791732788086
2009-05-15,64.6214828491211,82.17407989501953,62.261741638183594,58.56999588012695
2009-05-18,64.55985260009766,81.86125946044922,61.89569854736328,57.66197204589844
2009-05-19,64.59834289550781,81.81759643554688,61.80921173095703,57.35723114013672
2009-05-20,64.6829605102539,82.06489562988281,62.00224304199219,57.96063232421875
2009-05-21,64.59834289550781,81.6866683959961,61.3233757019043,56.50294876098633
2009-05-22,64.61376190185547,81.46112060546875,60.96392822265625,55.87571716308594
2009-05-26,64.52906799316406,81.11918640136719,60.55793762207031,55.0333251953125
2009-05-27,64.51366424560547,80.80644226074219,59.8724250793457,54.05952835083008
2009-05-28,64.50595092773438,80.79186248779297,60.18525314331055,54.842159271240234
2009-05-29,64.59834289550781,81.28652954101562,60.864105224609375,56.25802230834961
2009-06-01,64.54512786865234,80.56495666503906,59.87076950073242,54.594810485839844
2009-06-02,64.52205657958984,80.64510345458984,60.071109771728516,54.88850021362305
2009-06-03,64.63765716552734,80.94392395019531,60.438232421875,55.403934478759766
2009-06-04,64.57596588134766,80.5212173461914,59.737308502197266,54.259239196777344
2009-06-05,64.15196990966797,79.57366943359375,59.14320373535156,53.84567642211914
2009-06-08,63.98234176635742,79.13633728027344,58.84284973144531,53.707847595214844
2009-06-09,64.1288070678711,79.44969940185547,59.096466064453125,53.70176315307617
2009-06-10,64.12107849121094,79.29664611816406,58.7426872253418,52.85669708251953
2009-06-11,64.1288070678711,79.58820343017578,59.14320373535156,53.44404983520508
2009-06-12,64.1982192993164,79.7558364868164,59.45699691772461,53.9235725402832
2009-06-15,64.2444839477539,79.93804168701172,59.72394943237305,54.4090461730957
2009-06-16,64.31385040283203,80.12757110595703,60.05773162841797,55.35599899291992
2009-06-17,64.38325500488281,80.20050048828125,59.89751434326172,55.04433059692383
2009-06-18,64.27529907226562,79.59546661376953,59.16994094848633,54.21125030517578
2009-06-19,64.31385040283203,79.7340087890625,59.4436149597168,54.95441436767578
2009-06-22,64.3986587524414,80.04015350341797,59.763954162597656,55.48783874511719
2009-06-23,64.3986587524414,80.12757110595703,59.95759582519531,56.14118194580078
2009-06-24,64.39093017578125,80.0473861694336,59.73059844970703,55.57773971557617
2009-06-25,64.5143051147461,80.6304702758789,60.478271484375,56.59669876098633
2009-06-26,64.54512786865234,80.73985290527344,60.558372497558594,56.69251251220703
2009-06-29,64.54512786865234,80.76173400878906,60.685203552246094,56.776493072509766
2009-06-30,64.53741455078125,80.75446319580078,60.525028228759766,56.68056869506836
2009-07-01,64.6007080078125,80.83550262451172,60.486228942871094,56.56816101074219
2009-07-02,64.67021942138672,81.09113311767578,60.687007904052734,56.70042419433594
2009-07-06,64.693359375,81.29559326171875,60.727195739746094,56.59217071533203
2009-07-07,64.68567657470703,81.3832778930664,60.96815490722656,56.97095489501953
2009-07-08,64.78600311279297,81.8870849609375,61.67102813720703,58.02320861816406
2009-07-09,64.75519561767578,81.58768463134766,61.309566497802734,57.331722259521484
2009-07-10,64.8169174194336,81.95278930664062,61.691043853759766,57.86083984375
2009-07-13,64.77828979492188,81.74108123779297,61.470184326171875,57.53617858886719
2009-07-14,64.73200988769531,81.5365982055664,61.06186294555664,56.58015441894531
2009-07-15,64.57756042480469,80.82086181640625,60.27198791503906,55.125038146972656
2009-07-16,64.67790222167969,81.12033081054688,60.63347244262695,55.72031021118164
2009-07-17,64.65476989746094,80.93771362304688,60.22513198852539,54.86048889160156
2009-07-20,64.64704132080078,81.13493347167969,60.4460334777832,55.14910888671875
2009-07-21,64.7242660522461,81.609619140625,61.1220703125,56.24947738647461
2009-07-22,64.693359375,81.33939361572266,60.760643005371094,55.74443435668945
2009-07-23,64.57756042480469,80.75517272949219,60.17155838012695,54.72219467163086
2009-07-24,64.61614227294922,80.87932586669922,60.298797607421875,54.98674011230469
2009-07-27,64.56982421875,80.71869659423828,60.01760482788086,54.35541534423828
2009-07-28,64.53124237060547,80.66755676269531,60.138126373291016,54.836456298828125
2009-07-29,64.49269104003906,80.57258605957031,60.17826461791992,55.137088775634766
2009-07-30,64.5003662109375,80.70403289794922,60.41920471191406,55.91872787475586
2009-07-31,64.60844421386719,81.18603515625,61.02840805053711,57.0070686340332
2009-08-03,64.5172119140625,80.65188598632812,60.3798942565918,56.14314270019531
2009-08-04,64.4631576538086,80.56403350830078,60.20530700683594,55.69669723510742
2009-08-05,64.43992614746094,80.4104232788086,59.86293411254883,54.86412811279297
2009-08-06,64.43992614746094,80.42503356933594,59.86293411254883,55.0511474609375
2009-08-07,64.33170318603516,80.06645202636719,59.466861724853516,54.592620849609375
2009-08-10,64.43221282958984,80.44701385498047,59.849517822265625,55.27435302734375
2009-08-11,64.50177001953125,80.6592025756836,60.26572036743164,55.913902282714844
2009-08-12,64.52493286132812,80.6592025756836,60.09791946411133,55.31660079956055
2009-08-13,64.63318634033203,81.02503204345703,60.567848205566406,56.10092544555664
2009-08-14,64.67952728271484,81.2079849243164,60.75578689575195,56.31809997558594
2009-08-17,64.74913024902344,81.60315704345703,61.17207717895508,57.150657653808594
2009-08-18,64.73368072509766,81.42752838134766,60.957218170166016,56.818843841552734
2009-08-19,64.76460266113281,81.53727722167969,61.18550491333008,57.28937911987305
2009-08-20,64.74913024902344,81.62508392333984,61.346614837646484,57.75995635986328
2009-08-21,64.648681640625,81.07628631591797,60.72225570678711,56.57149124145508
2009-08-24,64.72598266601562,81.42752838134766,61.09819412231445,57.59710693359375
2009-08-25,64.72598266601562,81.55924987792969,61.25934600830078,57.92285919189453
2009-08-26,64.76460266113281,81.61042785644531,61.33988952636719,58.18832778930664
2009-08-27,64.75684356689453,81.50806427001953,61.17207717895508,57.95906066894531
2009-08-28,64.82640838623047,81.69097137451172,61.31302261352539,58.22449493408203
2009-08-31,64.87284088134766,81.88115692138672,61.49431228637695,58.27883529663086
2009-09-01,64.92547607421875,82.07036590576172,61.65388870239258,58.13777160644531
2009-09-02,64.99514770507812,82.38565063476562,61.99046325683594,58.98505401611328
2009-09-03,64.93323516845703,82.18766021728516,61.76831817626953,58.621971130371094
2009-09-04,64.90226745605469,81.98969268798828,61.39801025390625,57.623355865478516
2009-09-08,64.90998077392578,81.93106842041016,61.256656646728516,57.217891693115234
2009-09-09,64.9177017211914,81.95306396484375,61.310543060302734,57.15127182006836
2009-09-10,64.95641326904297,82.25371551513672,61.76831817626953,58.20432662963867
2009-09-11,64.93323516845703,82.2682876586914,61.950103759765625,58.525142669677734
2009-09-14,64.8944320678711,82.09963989257812,61.586544036865234,57.94411849975586
2009-09-15,64.92547607421875,81.96038055419922,61.4586296081543,57.64756774902344
2009-09-16,64.84030151367188,81.74774932861328,61.41147994995117,57.75041961669922
2009-09-17,64.93323516845703,81.99701690673828,61.714439392089844,58.47671890258789
2009-09-18,64.87126159667969,81.72577667236328,61.384578704833984,57.956233978271484
2009-09-21,64.8944320678711,81.791748046875,61.34417724609375,58.0893669128418
2009-09-22,64.8790054321289,81.91639709472656,61.50578308105469,58.210418701171875
2009-09-23,64.97962951660156,82.10697174072266,61.64042663574219,58.385955810546875
2009-09-24,64.99514770507812,82.20230865478516,61.80874252319336,58.555442810058594
2009-09-25,64.9719009399414,82.25371551513672,62.05781173706055,59.29978942871094
2009-09-28,64.96414947509766,82.34893798828125,62.1655387878418,59.820343017578125
2009-09-29,64.95641326904297,82.30498504638672,62.138572692871094,59.76586151123047
2009-09-30,65.02606201171875,82.48092651367188,62.18571472167969,59.71137237548828
2009-10-01,65.09114837646484,82.90480041503906,62.65354537963867,60.52914810180664
2009-10-02,65.11444091796875,82.80928039550781,62.626529693603516,60.110233306884766
2009-10-05,65.11444091796875,82.8166275024414,62.619781494140625,60.116294860839844
2009-10-06,65.07574462890625,82.70646667480469,62.4172477722168,59.5213623046875
2009-10-07,65.16093444824219,82.9856185913086,62.81557846069336,60.219520568847656
2009-10-08,65.09896087646484,82.83863830566406,62.58600616455078,59.5881462097168
2009-10-09,65.00594329833984,82.324462890625,61.985233306884766,58.22214126586914
2009-10-12,65.0833740234375,82.44934844970703,62.16746520996094,58.31318664550781
2009-10-13,65.12217712402344,82.66236114501953,62.30925750732422,58.616756439208984
2009-10-14,65.03691101074219,82.36848449707031,61.883934020996094,57.74857711791992
2009-10-15,64.99818420410156,82.17758178710938,61.681396484375,57.4814453125
2009-10-16,65.03691101074219,82.35385131835938,61.9649543762207,57.9489631652832
2009-10-19,65.03691101074219,82.38321685791016,62.0594596862793,58.404296875
2009-10-20,65.06787872314453,82.64762878417969,62.201229095458984,58.719993591308594
2009-10-21,65.03691101074219,82.41271209716797,62.0594596862793,58.36786651611328
2009-10-22,65.04467010498047,82.3392105102539,61.877174377441406,58.082489013671875
2009-10-23,64.9361801147461,82.03797912597656,61.57341766357422,57.64537811279297
2009-10-26,64.8664779663086,81.81028747558594,61.22232437133789,56.89860153198242
2009-10-27,64.99818420410156,82.29505157470703,61.748966217041016,57.67570877075195
2009-10-28,65.09114837646484,82.44934844970703,61.937923431396484,57.9489631652832
2009-10-29,65.03691101074219,82.23636627197266,61.640892028808594,57.317527770996094
2009-10-30,65.11444091796875,82.59630584716797,62.0999755859375,58.149295806884766
2009-11-02,65.12213897705078,82.5629653930664,61.936500549316406,57.892276763916016
2009-11-03,65.11441040039062,82.48162078857422,61.793609619140625,57.31361389160156
2009-11-04,65.10663604736328,82.43727111816406,61.623416900634766,56.78981018066406
2009-11-05,65.16876983642578,82.54080963134766,61.637020111083984,56.78981018066406
2009-11-06,65.21537017822266,82.71829223632812,61.82084274291992,56.844642639160156
2009-11-09,65.21537017822266,82.76264953613281,61.84806442260742,56.911659240722656
2009-11-10,65.19989013671875,82.75519561767578,61.895751953125,56.8080940246582
2009-11-11,65.26976776123047,82.88091278076172,62.072715759277344,57.04563903808594
2009-11-12,65.26203155517578,82.84397888183594,62.09315872192383,56.9421272277832
2009-11-13,65.27757263183594,82.94004821777344,62.140811920166016,57.20403289794922
2009-11-16,65.31639099121094,83.21360778808594,62.47439193725586,57.8740234375
2009-11-17,65.3318862915039,83.27277374267578,62.61052322387695,58.184669494628906
2009-11-18,65.3318862915039,83.21360778808594,62.45392608642578,57.843509674072266
2009-11-19,65.3552474975586,83.3171157836914,62.528865814208984,57.947052001953125
2009-11-20,65.37075805664062,83.30975341796875,62.5221061706543,57.93486404418945
2009-11-23,65.36299896240234,83.30975341796875,62.433536529541016,57.861778259277344
2009-11-24,65.41740417480469,83.5610580444336,62.753440856933594,58.227237701416016
2009-11-25,65.44842529296875,83.71640014648438,62.96454620361328,58.4952392578125
2009-11-27,65.49504089355469,84.00471496582031,63.250484466552734,58.71449279785156
2009-11-30,65.50279998779297,84.09346008300781,63.35262680053711,58.85459899902344
2009-12-01,65.5192642211914,83.90181732177734,63.00323486328125,58.19899368286133
2009-12-02,65.4644775390625,83.76817321777344,62.87360763549805,58.24785232543945
2009-12-03,65.42537689208984,83.65670013427734,62.58024215698242,57.642940521240234
2009-12-04,65.26111602783203,83.19625854492188,62.116233825683594,57.03192901611328
2009-12-07,65.40191650390625,83.38935852050781,62.286827087402344,57.105247497558594
2009-12-08,65.4644775390625,83.65670013427734,62.50516128540039,57.1908073425293
2009-12-09,65.4175796508789,83.5602035522461,62.382381439208984,56.928070068359375
2009-12-10,65.39405822753906,83.3596420288086,62.17084503173828,56.2742805480957
2009-12-11,65.3237075805664,83.17395782470703,61.863826751708984,56.26814270019531
2009-12-14,65.2532958984375,83.01805877685547,61.863826751708984,56.33539962768555
2009-12-15,65.23765563964844,82.86943054199219,61.66596984863281,56.084869384765625
2009-12-16,65.28459167480469,82.88435363769531,61.66596984863281,56.01764678955078
2009-12-17,65.40972900390625,83.35221862792969,62.21175765991211,56.94026565551758
2009-12-18,65.36280822753906,83.11454010009766,61.904762268066406,56.6959228515625
2009-12-21,65.26111602783203,82.66898345947266,61.27021789550781,55.687713623046875
2009-12-22,65.18294525146484,82.43868255615234,60.997310638427734,55.3760986328125
2009-12-23,65.18294525146484,82.37190246582031,60.970027923583984,55.388343811035156
2009-12-24,65.10469055175781,82.22335815429688,60.75162887573242,54.813968658447266
2009-12-28,65.01085662841797,81.97085571289062,60.587947845458984,54.66119384765625
2009-12-29,65.05384063720703,82.10699462890625,60.74785614013672,55.02176284790039
2009-12-30,65.03038787841797,82.12934875488281,60.85725021362305,55.38356018066406
2009-12-31,64.9521713256836,81.97307586669922,60.56332778930664,55.1198844909668
2010-01-04,65.03822326660156,82.03260040283203,60.713741302490234,55.070831298828125
2010-01-05,65.11650848388672,82.29301452636719,60.98031997680664,55.42646408081055
2010-01-06,65.12433624267578,82.1813735961914,60.73419952392578,54.68451690673828
2010-01-07,65.1086654663086,82.151611328125,60.73419952392578,54.77645492553711
2010-01-08,65.17133331298828,82.27071380615234,60.80939865112305,54.75197982788086
2010-01-11,65.20264434814453,82.36001586914062,60.85043716430664,54.45147705078125
2010-01-12,65.25752258300781,82.7171859741211,61.28788757324219,55.38356018066406
2010-01-13,65.20264434814453,82.4418716430664,60.99393081665039,54.73968505859375
2010-01-14,65.26531219482422,82.6427230834961,61.28106689453125,55.50618362426758
2010-01-15,65.320068359375,82.86599731445312,61.554447174072266,55.84955596923828
2010-01-19,65.33580017089844,82.78417205810547,61.44504165649414,55.690128326416016
2010-01-20,65.33580017089844,82.94044494628906,61.65696334838867,56.25428771972656
2010-01-21,65.3905258178711,83.17105865478516,61.8825798034668,56.5118293762207
2010-01-22,65.4453353881836,83.21572875976562,61.93724822998047,56.413700103759766
2010-01-25,65.3905258178711,83.14128875732422,61.80058670043945,56.1561393737793
2010-01-26,65.39837646484375,83.24551391601562,61.923587799072266,56.17455291748047
2010-01-27,65.37493133544922,83.06693267822266,61.78005599975586,56.143890380859375
2010-01-28,65.4062271118164,83.17105865478516,61.759517669677734,56.11322784423828
2010-01-29,65.4688949584961,83.37200927734375,61.99881362915039,56.60380172729492
2010-02-01,65.44065856933594,83.23405456542969,61.786190032958984,56.08995819091797
2010-02-02,65.44845581054688,83.27133178710938,61.888999938964844,56.24999237060547
2010-02-03,65.4014892578125,83.0924301147461,61.59415817260742,55.59766387939453
2010-02-04,65.49552154541016,83.56961822509766,62.10165786743164,56.477638244628906
2010-02-05,65.59738159179688,83.76344299316406,62.30057144165039,56.600669860839844
2010-02-08,65.55034637451172,83.6739730834961,62.24571228027344,56.67458724975586
2010-02-09,65.48762512207031,83.4950180053711,61.90963363647461,56.10841369628906
2010-02-10,65.41709899902344,83.26390838623047,61.738162994384766,55.573055267333984
2010-02-11,65.44065856933594,83.28630065917969,61.6627197265625,55.271575927734375
2010-02-12,65.49552154541016,83.4428482055664,61.806739807128906,55.49922180175781
2010-02-16,65.50334930419922,83.5174560546875,61.943939208984375,55.60386276245117
2010-02-17,65.44845581054688,83.23405456542969,61.61471939086914,54.96997833251953
2010-02-18,65.40929412841797,83.06254577636719,61.39525604248047,54.74849319458008
2010-02-19,65.38573455810547,82.9656753540039,61.42955017089844,55.04384231567383
2010-02-22,65.40929412841797,82.98802947998047,61.38151168823242,54.81618118286133
2010-02-23,65.46416473388672,83.3831787109375,61.8478889465332,55.671504974365234
2010-02-24,65.49552154541016,83.36080932617188,61.882171630859375,55.806880950927734
2010-02-25,65.55034637451172,83.62928771972656,62.1085319519043,56.120750427246094
2010-02-26,65.57383728027344,83.70382690429688,62.20456314086914,56.40993118286133
2010-03-01,65.5621337890625,83.75166320800781,62.2691650390625,56.385276794433594
2010-03-02,65.5621337890625,83.82632446289062,62.30354690551758,56.31119155883789
2010-03-03,65.5542984008789,83.82632446289062,62.241634368896484,56.169212341308594
2010-03-04,65.53074645996094,83.8487319946289,62.35176086425781,56.46548843383789
2010-03-05,65.47581481933594,83.56490325927734,62.05594253540039,55.72475051879883
2010-03-08,65.44439697265625,83.46785736083984,61.89095687866211,55.4345817565918
2010-03-09,65.49151611328125,83.57231140136719,62.04911422729492,55.44697189331055
2010-03-10,65.47581481933594,83.44537353515625,61.945960998535156,55.3049430847168
2010-03-11,65.39737701416016,83.34823608398438,61.89095687866211,55.50865936279297
2010-03-12,65.40520477294922,83.35574340820312,61.98724365234375,55.854373931884766
2010-03-15,65.42875671386719,83.40055084228516,61.98724365234375,55.78031921386719
2010-03-16,65.44439697265625,83.60968017578125,62.2279167175293,56.22475814819336
2010-03-17,65.46012115478516,83.6022720336914,62.30354690551758,56.46548843383789
2010-03-18,65.42091369628906,83.4155044555664,62.138519287109375,56.28031539916992
2010-03-19,65.37386322021484,83.2735366821289,62.05594253540039,56.335872650146484
2010-03-22,65.39737701416016,83.47523498535156,62.262298583984375,56.397586822509766
2010-03-23,65.37386322021484,83.40055084228516,62.13160705566406,56.132198333740234
2010-03-24,65.27186584472656,82.85520935058594,61.51270294189453,55.107421875
2010-03-25,65.29534912109375,82.74323272705078,61.28580856323242,54.755523681640625
2010-03-26,65.33458709716797,82.87017059326172,61.430206298828125,54.90989685058594
2010-03-29,65.36600494384766,82.87017059326172,61.340843200683594,54.70000076293945
2010-03-30,65.35031127929688,82.90007781982422,61.40270233154297,54.87288284301758
2010-03-31,65.39737701416016,83.04944610595703,61.547080993652344,55.24943923950195
2010-04-01,65.37380981445312,82.9521484375,61.41951370239258,55.114295959472656
2010-04-05,65.19327545166016,82.40570068359375,60.86781692504883,54.19731903076172
2010-04-06,65.24031066894531,82.57038116455078,61.04716491699219,54.28403091430664
2010-04-07,65.34239959716797,82.86980438232422,61.42646408081055,54.97803497314453
2010-04-08,65.32671356201172,82.81739807128906,61.35745620727539,55.002830505371094
2010-04-09,65.34239959716797,82.8398666381836,61.42646408081055,55.13296127319336
2010-04-12,65.37380981445312,82.99703979492188,61.5919189453125,55.42417526245117
2010-04-13,65.35810089111328,83.09434509277344,61.70918655395508,55.603851318359375
2010-04-14,65.35810089111328,83.00458526611328,61.54365539550781,55.213462829589844
2010-04-15,65.40518188476562,83.15423583984375,61.647090911865234,55.275413513183594
2010-04-16,65.50723266601562,83.48358917236328,62.01948928833008,55.67817687988281
2010-04-19,65.44445037841797,83.31143951416016,61.86779022216797,55.5418701171875
2010-04-20,65.45236206054688,83.27400970458984,61.8953971862793,55.740108489990234
2010-04-21,65.46017456054688,83.39378356933594,62.0953369140625,56.19867706298828
2010-04-22,65.41305541992188,83.22915649414062,61.950557708740234,56.0313606262207
2010-04-23,65.38953399658203,83.1018295288086,61.77816390991211,55.83306884765625
2010-04-26,65.38953399658203,83.16924285888672,61.81952667236328,55.89504623413086
2010-04-27,65.51512908935547,83.73067474365234,62.3988037109375,56.68193817138672
2010-04-28,65.49943542480469,83.44622802734375,62.081626892089844,56.19867706298828
2010-04-29,65.51512908935547,83.56593322753906,62.18505859375,56.434112548828125
2010-04-30,65.59365844726562,83.82044982910156,62.56433868408203,57.084678649902344
2010-05-03,65.52921295166016,83.66070556640625,62.40037155151367,57.010074615478516
2010-05-04,65.56848907470703,84.00570678710938,62.82233428955078,58.035987854003906
2010-05-05,65.6550064086914,84.28324127197266,63.06444549560547,58.377986907958984
2010-05-06,65.79647064208984,84.75578308105469,63.75621795654297,60.18111801147461
2010-05-07,65.77288055419922,84.77072143554688,63.583248138427734,59.42879104614258
2010-05-10,65.68640899658203,84.35823822021484,63.099029541015625,58.19765853881836
2010-05-11,65.72570037841797,84.44823455810547,63.175193786621094,58.04843521118164
2010-05-12,65.70999908447266,84.31320190429688,63.01602554321289,57.60700225830078
2010-05-13,65.74922180175781,84.45579528808594,63.18902587890625,57.986228942871094
2010-05-14,65.83573913574219,84.8532943725586,63.59706115722656,58.99354934692383
2010-05-17,65.81218719482422,84.73326110839844,63.45873260498047,58.77593994140625
2010-05-18,65.88285827636719,85.07830810546875,63.922149658203125,59.677467346191406
2010-05-19,65.8514633178711,85.03330993652344,63.97752380371094,59.87643814086914
2010-05-20,65.93006896972656,85.4608154296875,64.60009002685547,61.138671875
2010-05-21,65.88285827636719,85.43830871582031,64.6346664428711,61.20085144042969
2010-05-24,65.87501525878906,85.42333221435547,64.6346664428711,60.98940658569336
2010-05-25,65.86715698242188,85.51333618164062,64.85603332519531,61.28786087036133
2010-05-26,65.81218719482422,85.35577392578125,64.72455596923828,61.11380386352539
2010-05-27,65.76502227783203,84.89080047607422,64.10894775390625,59.72722625732422
2010-05-28,65.89070129394531,85.09331512451172,64.39946746826172,60.00077819824219
2010-06-01,65.8914794921875,85.32704162597656,64.48271179199219,60.42255401611328
2010-06-02,65.84432983398438,85.0489273071289,64.11508178710938,59.84856414794922
2010-06-03,65.82860565185547,84.98127746582031,64.02489471435547,59.41184616088867
2010-06-04,65.97807312011719,85.66525268554688,64.91278839111328,61.008949279785156
2010-06-07,65.95447540283203,85.84564971923828,65.17640686035156,61.47688674926758
2010-06-08,65.94654846191406,85.6803207397461,64.97526550292969,61.17121124267578
2010-06-09,65.95447540283203,85.71031188964844,64.98211669921875,61.10257339477539
2010-06-10,65.8679428100586,85.22929382324219,64.37865447998047,60.01081848144531
2010-06-11,65.93871307373047,85.54499053955078,64.78789520263672,60.77195739746094
2010-06-14,65.95447540283203,85.47737121582031,64.7324447631836,60.45997619628906
2010-06-15,65.9229965209961,85.31200408935547,64.5313491821289,60.21037292480469
2010-06-16,65.93871307373047,85.46979522705078,64.71160888671875,60.553565979003906
2010-06-17,65.97807312011719,85.68777465820312,65.01683807373047,61.04643630981445
2010-06-18,65.98590850830078,85.61262512207031,64.88504791259766,60.94663619995117
2010-06-21,65.9937973022461,85.53746795654297,64.83647155761719,60.77195739746094
2010-06-22,66.02528381347656,85.8757095336914,65.22492980957031,61.495628356933594
2010-06-23,66.07247924804688,86.04855346679688,65.46776580810547,61.91360855102539
2010-06-24,66.08820343017578,86.0786361694336,65.4122314453125,61.54551696777344
2010-06-25,66.11177062988281,86.16877746582031,65.51627349853516,61.79508972167969
2010-06-28,66.15113067626953,86.50699615478516,65.98099517822266,62.375274658203125
2010-06-29,66.18257141113281,86.70238494873047,66.26541900634766,63.0552864074707
2010-06-30,66.16680145263672,86.67989349365234,66.36251831054688,63.479549407958984
2010-07-01,66.14561462402344,86.62871551513672,66.33330535888672,63.57968521118164
2010-07-02,66.14561462402344,86.57597351074219,66.21510314941406,63.07280349731445
2010-07-06,66.14561462402344,86.77928161621094,66.37506866455078,63.592166900634766
2010-07-07,66.1376953125,86.67384338378906,66.16639709472656,62.84747314453125
2010-07-08,66.14561462402344,86.56845092773438,66.00643920898438,62.446990966796875
2010-07-09,66.12191772460938,86.47054290771484,65.83264923095703,62.09031295776367
2010-07-12,66.12984466552734,86.5157470703125,65.94387817382812,62.06529998779297
2010-07-13,66.08265686035156,86.28231811523438,65.61700439453125,61.533390045166016
2010-07-14,66.1534652709961,86.62113952636719,65.94387817382812,62.15288162231445
2010-07-15,66.16917419433594,86.85453796386719,66.28470611572266,62.77244186401367
2010-07-16,66.232177734375,87.14815521240234,66.66718292236328,63.07903289794922
2010-07-19,66.20856475830078,87.06538391113281,66.49329376220703,62.69107437133789
2010-07-20,66.232177734375,87.1406478881836,66.56278991699219,62.7849006652832
2010-07-21,66.26365661621094,87.38159942626953,66.98705291748047,63.84873580932617
2010-07-22,66.24006652832031,87.22346496582031,66.61849975585938,63.11035919189453
2010-07-23,66.20856475830078,87.00513458251953,66.40284729003906,62.440757751464844
2010-07-26,66.1849594116211,86.98255157470703,66.38198852539062,62.33436965942383
2010-07-27,66.14561462402344,86.77173614501953,66.15247344970703,61.73358154296875
2010-07-28,66.20856475830078,87.095458984375,66.43763732910156,61.93387222290039
2010-07-29,66.26365661621094,87.32132720947266,66.5767822265625,61.91507339477539
2010-07-30,66.2951889038086,87.62251281738281,66.96620178222656,62.8787956237793
2010-08-02,66.28015899658203,87.44371795654297,66.75909423828125,61.99607849121094
2010-08-03,66.3274154663086,87.82084655761719,67.07291412353516,62.35395431518555
2010-08-04,66.27228546142578,87.53424835205078,66.79401397705078,61.87681198120117
2010-08-05,66.3510971069336,87.76811218261719,67.11473846435547,62.165584564208984
2010-08-06,66.3668441772461,88.03962707519531,67.55399322509766,62.843650817871094
2010-08-09,66.3274154663086,87.95661163330078,67.5400619506836,62.61134719848633
2010-08-10,66.3589859008789,88.27342987060547,67.88172149658203,62.74317932128906
2010-08-11,66.37471771240234,88.44686889648438,68.26529693603516,63.58440399169922
2010-08-12,66.3589859008789,88.25074005126953,68.09095001220703,63.42750549316406
2010-08-13,66.3510971069336,88.38651275634766,68.3837890625,64.21854400634766
2010-08-16,66.41407012939453,88.66557312011719,68.87885284423828,65.8257064819336
2010-08-17,66.39836883544922,88.50719451904297,68.53024291992188,65.44902038574219
2010-08-18,66.41407012939453,88.43174743652344,68.46052551269531,65.62483978271484
2010-08-19,66.42988586425781,88.59014892578125,68.76736450195312,66.64811706542969
2010-08-20,66.40625762939453,88.38651275634766,68.54418182373047,66.57278442382812
2010-08-23,66.41407012939453,88.53741455078125,68.63481140136719,66.58537292480469
2010-08-24,66.46137237548828,88.87678527832031,69.17867279052734,67.65259552001953
2010-08-25,66.39836883544922,88.6429672241211,68.86492156982422,67.4328842163086
2010-08-26,66.39836883544922,88.7862548828125,69.17867279052734,68.06700897216797
2010-08-27,66.3510971069336,88.27342987060547,68.3837890625,66.13959503173828
2010-08-30,66.42988586425781,88.73348236083984,68.90681457519531,67.40784454345703
2010-08-31,66.4535903930664,88.89188385009766,69.21356201171875,68.15489959716797
2010-09-01,66.41410827636719,88.60858917236328,68.71514892578125,66.74569702148438
2010-09-02,66.3983383178711,88.48774719238281,68.42858123779297,66.04045867919922
2010-09-03,66.3668212890625,88.2459945678711,68.037109375,65.22191619873047
2010-09-07,66.43777465820312,88.60102844238281,68.57537078857422,66.5567398071289
2010-09-08,66.39044952392578,88.42733001708984,68.3866195678711,66.02783203125
2010-09-09,66.3194580078125,87.99678802490234,67.84839630126953,64.72443389892578
2010-09-10,66.31156921386719,87.88349151611328,67.65260314941406,64.42845916748047
2010-09-13,66.3668212890625,88.20825958251953,67.97418212890625,64.7433090209961
2010-09-14,66.41410827636719,88.50286102294922,68.31674194335938,65.3666763305664
2010-09-15,66.42986297607422,88.41972351074219,68.07906341552734,64.39698028564453
2010-09-16,66.44567108154297,88.3366470336914,67.8414077758789,63.76107406616211
2010-09-17,66.46141815185547,88.44244384765625,67.99516296386719,64.01918029785156
2010-09-20,66.46923828125,88.60858917236328,68.20487976074219,64.39070129394531
2010-09-21,66.51658630371094,89.03914642333984,68.84098815917969,65.28479766845703
2010-09-22,66.5087890625,89.01644897460938,68.94583892822266,65.87041473388672
2010-09-23,66.51658630371094,89.08448791503906,69.04376983642578,66.0593490600586
2010-09-24,66.5087890625,88.90316009521484,68.701171875,65.1715087890625
2010-09-27,66.52447509765625,89.22795104980469,69.23248291015625,66.30493927001953
2010-09-28,66.54025268554688,89.40171813964844,69.46318054199219,66.75829315185547
2010-09-29,66.52447509765625,89.34129333496094,69.29537200927734,66.481201171875
2010-09-30,66.53236389160156,89.31101989746094,69.21150970458984,66.4371337890625
2010-10-01,66.5442123413086,89.37158203125,69.2486801147461,66.1160888671875
2010-10-04,66.5521240234375,89.5303955078125,69.49386596679688,66.28670501708984
2010-10-05,66.58366394042969,89.6288070678711,69.50790405273438,65.88848114013672
2010-10-06,66.59156036376953,89.83305358886719,69.95633697509766,66.71647644042969
2010-10-07,66.6468276977539,89.92385864257812,70.02645111083984,66.16026306152344
2010-10-08,66.6468276977539,89.99954223632812,70.05438995361328,65.86959075927734
2010-10-11,66.65471649169922,90.03736877441406,70.12448120117188,65.88223266601562
2010-10-12,66.60736846923828,89.87847900390625,69.9212646484375,65.23123168945312
2010-10-13,66.61522674560547,89.96170043945312,69.9212646484375,65.13013458251953
2010-10-14,66.58366394042969,89.68929290771484,69.52196502685547,64.15679931640625
2010-10-15,66.60736846923828,89.62127685546875,69.22061157226562,63.37309646606445
2010-10-18,66.6231689453125,89.93144989013672,69.54991912841797,63.885013580322266
2010-10-19,66.65471649169922,89.99954223632812,69.78814697265625,64.27057647705078
2010-10-20,66.66262817382812,90.03736877441406,69.74612426757812,64.40958404541016
2010-10-21,66.67048645019531,89.8405990600586,69.3607406616211,63.644866943359375
2010-10-22,66.65471649169922,89.78771209716797,69.38177490234375,64.07464599609375
2010-10-25,66.67048645019531,89.7347412109375,69.3607406616211,64.25791931152344
2010-10-26,66.60736846923828,89.409423828125,68.89830017089844,63.26567840576172
2010-10-27,66.57577514648438,89.14463806152344,68.4989013671875,62.70948791503906
2010-10-28,66.66262817382812,89.59099578857422,68.89830017089844,62.88008117675781
2010-10-29,66.67837524414062,89.83305358886719,69.20659637451172,63.467891693115234
2010-11-01,66.7076644897461,89.87322998046875,69.09071350097656,63.19458770751953
2010-11-02,66.6680679321289,89.94140625,69.32246398925781,64.02520751953125
2010-11-03,66.69176483154297,90.19145202636719,69.5472412109375,62.719058990478516
2010-11-04,66.7076644897461,90.47943115234375,70.10910034179688,63.20724868774414
2010-11-05,66.65234375,90.22935485839844,69.8141098022461,62.12306213378906
2010-11-08,66.62071228027344,90.18384552001953,69.83517456054688,62.40205764770508
2010-11-09,66.5338363647461,89.69136810302734,69.24523162841797,61.02621078491211
2010-11-10,66.57337188720703,89.86566925048828,69.50511169433594,61.108642578125
2010-11-11,66.47059631347656,89.72928619384766,69.4278335571289,61.076934814453125
2010-11-12,66.47059631347656,89.30498504638672,68.8519058227539,60.747230529785156
2010-11-15,66.43119049072266,88.676025390625,67.96694946289062,59.47914123535156
2010-11-16,66.46272277832031,88.89580535888672,68.47264862060547,60.95647430419922
2010-11-17,66.50223541259766,88.85794830322266,68.27595520019531,60.62042236328125
2010-11-18,66.51019287109375,88.69120025634766,68.11445617675781,60.8676872253418
2010-11-19,66.47059631347656,88.65330505371094,68.25489807128906,61.24172592163086
2010-11-22,66.5338363647461,89.039794921875,68.62010192871094,61.50175476074219
2010-11-23,66.57337188720703,89.16098022460938,68.76060485839844,61.806095123291016
2010-11-24,66.45494079589844,88.60025787353516,68.0230941772461,60.702857971191406
2010-11-26,66.50223541259766,88.7669448852539,68.3180923461914,61.546142578125
2010-11-29,66.49431610107422,88.81242370605469,68.46561431884766,62.07233428955078
2010-11-30,66.54178619384766,88.97158813476562,68.58501434326172,62.39572525024414
2010-12-01,66.44217681884766,88.38343048095703,67.68305969238281,61.00870895385742
2010-12-02,66.44217681884766,88.17853546142578,67.51410675048828,60.849674224853516
2010-12-03,66.52904510498047,88.35308837890625,67.52111053466797,60.372528076171875
2010-12-06,66.56858825683594,88.68698120117188,67.94361877441406,61.22511291503906
2010-12-07,66.45014953613281,87.97364044189453,66.81710052490234,59.914424896240234
2010-12-08,66.34732055664062,87.419677734375,66.2468032836914,59.33540344238281
2010-12-09,66.33943939208984,87.25275421142578,66.38758850097656,59.62808609008789
2010-12-10,66.3156967163086,86.941650390625,65.8243179321289,59.26542282104492
2010-12-13,66.35518646240234,87.24515533447266,66.03556823730469,59.48809051513672
2010-12-14,66.32360076904297,86.74433135986328,65.33851623535156,58.62285232543945
2010-12-15,66.2999038696289,86.5849609375,65.0708999633789,57.85934829711914
2010-12-16,66.3156967163086,86.78229522705078,65.45816040039062,58.260189056396484
2010-12-17,66.37105560302734,87.1692123413086,66.02146911621094,59.32273483276367
2010-12-20,66.38680267333984,87.2148208618164,66.01439666748047,59.259033203125
2010-12-21,66.37105560302734,87.23757934570312,66.15522003173828,59.67262649536133
2010-12-22,66.35518646240234,87.10101318359375,65.97219848632812,59.2463493347168
2010-12-23,66.2682876586914,86.85820007324219,65.73980712890625,59.12546157836914
2010-12-27,66.30780792236328,86.95673370361328,65.9932861328125,59.65354919433594
2010-12-28,66.21920013427734,86.52124786376953,65.30005645751953,58.485260009765625
2010-12-29,66.37740325927734,87.14456176757812,66.03424835205078,59.47481155395508
2010-12-30,66.35367584228516,87.00775146484375,65.90010070800781,59.43009948730469
2010-12-31,66.43277740478516,87.15215301513672,66.23189544677734,60.0876350402832
2011-01-03,66.41693878173828,87.19782257080078,66.02716827392578,59.634422302246094
2011-01-04,66.4011001586914,87.25105285644531,66.18248748779297,59.704647064208984
2011-01-05,66.28246307373047,86.76443481445312,65.46949768066406,58.38947296142578
2011-01-06,66.35367584228516,86.9544906616211,65.8083267211914,58.64484786987305
2011-01-07,66.4485855102539,87.39542388916016,66.24603271484375,58.957679748535156
2011-01-10,66.48023223876953,87.61588287353516,66.471923828125,59.276885986328125
2011-01-11,66.44070434570312,87.44860076904297,66.21075439453125,58.94490051269531
2011-01-12,66.44070434570312,87.35736846923828,66.02008056640625,58.485260009765625
2011-01-13,66.46440887451172,87.69947814941406,66.46489715576172,59.00871658325195
2011-01-14,66.46440887451172,87.63101959228516,66.28130340576172,58.632083892822266
2011-01-18,66.4485855102539,87.49424743652344,66.11894226074219,58.35755157470703
2011-01-19,66.48023223876953,87.60066223144531,66.28839111328125,58.77891159057617
2011-01-20,66.4090576171875,87.2129135131836,65.7730941772461,57.96809768676758
2011-01-21,66.42485046386719,87.34220123291016,65.99185943603516,58.42779541015625
2011-01-24,66.41693878173828,87.34976959228516,65.99895477294922,58.453304290771484
2011-01-25,66.46440887451172,87.61588287353516,66.33073425292969,59.00871658325195
2011-01-26,66.4485855102539,87.40299224853516,65.9283447265625,58.11494445800781
2011-01-27,66.49604034423828,87.58544921875,66.17546081542969,58.3767204284668
2011-01-28,66.52769470214844,87.82102966308594,66.47891998291016,58.683128356933594
2011-01-31,66.51981353759766,87.67668151855469,66.21778869628906,58.236228942871094
2011-02-01,66.4469985961914,87.4033203125,65.90991973876953,57.94795608520508
2011-02-02,66.40735626220703,87.19011688232422,65.75422668457031,57.96080017089844
2011-02-03,66.34404754638672,86.87030029296875,65.37915802001953,57.48030090332031
2011-02-04,66.28861999511719,86.5048599243164,64.97572326660156,56.89729309082031
2011-02-07,66.2569351196289,86.4363021850586,64.94745635986328,57.191978454589844
2011-02-08,66.16983795166016,86.02517700195312,64.5015869140625,56.666603088378906
2011-02-09,66.21735382080078,86.28398895263672,64.86958312988281,57.15994644165039
2011-02-10,66.18571472167969,86.09365844726562,64.65724182128906,56.50006866455078
2011-02-11,66.18571472167969,86.23835754394531,64.95451354980469,57.3137092590332
2011-02-14,66.18571472167969,86.25359344482422,64.97572326660156,57.35214614868164
2011-02-15,66.21735382080078,86.36015319824219,65.12437438964844,57.60841751098633
2011-02-16,66.20946502685547,86.3296890258789,65.0323715209961,57.42263412475586
2011-02-17,66.28861999511719,86.57335662841797,65.27302551269531,57.512290954589844
2011-02-18,66.31237030029297,86.6343002319336,65.2587890625,57.33291244506836
2011-02-22,66.38362884521484,87.16731262207031,65.88873291015625,58.19145965576172
2011-02-23,66.36776733398438,87.0454330444336,65.72590637207031,58.40283203125
2011-02-24,66.39949035644531,87.08354949951172,65.89578247070312,58.7744140625
2011-02-25,66.41529846191406,87.19769287109375,66.1080551147461,59.12038040161133
2011-02-28,66.43903350830078,87.30433654785156,66.07976531982422,59.197235107421875
2011-03-01,66.47943115234375,87.41645050048828,66.155029296875,59.36887741088867
2011-03-02,66.44779205322266,87.18771362304688,65.8073959350586,58.45622253417969
2011-03-03,66.31300354003906,86.69962310791016,65.3604507446289,57.88417434692383
2011-03-04,66.46360778808594,87.18771362304688,65.82862854003906,58.366172790527344
2011-03-07,66.41604614257812,87.07327270507812,65.66552734375,57.99342346191406
2011-03-08,66.39229583740234,87.03511810302734,65.50945281982422,57.63991928100586
2011-03-09,66.4397964477539,87.2562484741211,65.89248657226562,58.1990966796875
2011-03-10,66.5110855102539,87.72908782958984,66.45291137695312,59.176063537597656
2011-03-11,66.51907348632812,87.69097900390625,66.2968521118164,58.84184646606445
2011-03-14,66.55864715576172,87.904541015625,66.44577026367188,58.816123962402344
2011-03-15,66.52693176269531,87.95791625976562,66.68695831298828,59.696651458740234
2011-03-16,66.64582061767578,88.45355224609375,67.25450897216797,60.37150955200195
2011-03-17,66.6141586303711,88.29344940185547,67.04873657226562,59.90878677368164
2011-03-18,66.58248138427734,88.17139434814453,67.00621032714844,60.069488525390625
2011-03-21,66.5110855102539,87.8053970336914,66.65862274169922,59.715946197509766
2011-03-22,66.49531555175781,87.79010772705078,66.69405364990234,59.91516876220703
2011-03-23,66.50318145751953,87.7138900756836,66.60900115966797,59.838050842285156
2011-03-24,66.45567321777344,87.47750854492188,66.2684097290039,59.38817596435547
2011-03-25,66.4081039428711,87.2791519165039,66.09119415283203,59.240333557128906
2011-03-28,66.37643432617188,87.2258071899414,66.1124267578125,59.3238525390625
2011-03-29,66.35266876220703,87.05039978027344,65.92085266113281,58.86750030517578
2011-03-30,66.39229583740234,87.2715072631836,66.14788055419922,59.336769104003906
2011-03-31,66.35266876220703,87.07327270507812,65.97760009765625,59.21458435058594
2011-04-01,66.40576934814453,87.14808654785156,66.11846160888672,59.50248336791992
2011-04-04,66.42166900634766,87.35440826416016,66.26785278320312,59.56697463989258
2011-04-05,66.35026550292969,87.02589416503906,65.93355560302734,59.32821273803711
2011-04-06,66.35026550292969,86.84257507324219,65.64898681640625,58.43751907348633
2011-04-07,66.39786529541016,87.00301361083984,65.65615844726562,58.32135009765625
2011-04-08,66.37413024902344,86.88075256347656,65.4641342163086,58.01150131225586
2011-04-11,66.36613464355469,86.9112777709961,65.5494384765625,58.063148498535156
2011-04-12,66.47718048095703,87.33145141601562,65.91929626464844,58.68927764892578
2011-04-13,66.5088882446289,87.43079376220703,66.1753921508789,59.0571174621582
2011-04-14,66.4454574584961,87.27796173095703,65.95484161376953,59.01197814941406
2011-04-15,66.57230377197266,87.65232849121094,66.43850708007812,59.81229782104492
2011-04-18,66.58818817138672,87.90446472167969,66.60205841064453,59.947837829589844
2011-04-19,66.60406494140625,87.9426498413086,66.68746185302734,60.20600128173828
2011-04-20,66.59610748291016,87.72875213623047,66.42427062988281,59.81877136230469
2011-04-21,66.58025360107422,87.74398803710938,66.47405242919922,59.76710510253906
2011-04-25,66.58818817138672,87.91204071044922,66.70880126953125,59.99300765991211
2011-04-26,66.651611328125,88.13359069824219,66.99330139160156,60.573875427246094
2011-04-27,66.67538452148438,88.1182861328125,66.80126190185547,59.95427703857422
2011-04-28,66.67538452148438,88.33221435546875,67.05733489990234,60.41254806518555
2011-04-29,66.70709228515625,88.45442199707031,67.19246673583984,60.599727630615234
2011-05-02,66.69598388671875,88.50261688232422,67.17176818847656,60.696929931640625
2011-05-03,66.71976470947266,88.57917785644531,67.35005950927734,61.04047393798828
2011-05-04,66.75152587890625,88.61741638183594,67.52118682861328,61.31272506713867
2011-05-05,66.76742553710938,88.85465240478516,67.85633087158203,61.89610290527344
2011-05-06,66.77532958984375,88.92352294921875,67.89197540283203,61.6239128112793
2011-05-09,66.80709838867188,89.01529693603516,67.9918441772461,61.55903625488281
2011-05-10,66.74363708496094,88.79338073730469,67.66374969482422,61.11827850341797
2011-05-11,66.80709838867188,88.9999771118164,67.90624237060547,61.46830368041992
2011-05-12,66.77532958984375,88.93115234375,67.7564468383789,61.07938003540039
2011-05-13,66.80709838867188,89.06885528564453,68.0202865600586,61.63033676147461
2011-05-16,66.8388442993164,89.2219009399414,68.18434143066406,61.97386932373047
2011-05-17,66.84674835205078,89.32909393310547,68.38400268554688,62.609107971191406
2011-05-18,66.81501770019531,89.06885528564453,67.9918441772461,61.7794303894043
2011-05-19,66.82292175292969,89.15306091308594,68.06312561035156,61.753501892089844
2011-05-20,66.84674835205078,89.28317260742188,68.22712707519531,61.7859001159668
2011-05-23,66.85472869873047,89.336669921875,68.31982421875,62.084068298339844
2011-05-24,66.85472869873047,89.3902816772461,68.39115142822266,62.317405700683594
2011-05-25,66.88648223876953,89.4132080078125,68.39823913574219,62.02570343017578
2011-05-26,66.92607116699219,89.72696685791016,68.77619934082031,62.55729293823242
2011-05-27,66.94992065429688,89.78053283691406,68.76905822753906,62.53135299682617
2011-05-31,66.94992065429688,89.88764953613281,68.87602233886719,62.673954010009766
2011-06-01,66.99442291259766,90.27778625488281,69.4436264038086,63.52098083496094
2011-06-02,66.95469665527344,89.99419403076172,69.02904510498047,62.310909271240234
2011-06-03,66.9784927368164,90.17817687988281,69.3006591796875,62.66873550415039
2011-06-06,66.98648834228516,90.23947143554688,69.25775909423828,62.19384002685547
2011-06-07,67.03406524658203,90.38507843017578,69.38642120361328,62.480098724365234
2011-06-08,67.04202270507812,90.56138610839844,69.53661346435547,62.96802520751953
2011-06-09,66.9705810546875,90.29307556152344,69.25775909423828,62.71422576904297
2011-06-10,67.02616119384766,90.38507843017578,69.47938537597656,63.195674896240234
2011-06-13,67.00233459472656,90.3238296508789,69.32926177978516,62.87690353393555
2011-06-14,66.94673156738281,89.90219116210938,68.77880859375,61.92709732055664
2011-06-15,67.04202270507812,90.46173095703125,69.5223388671875,63.05252456665039
2011-06-16,67.04999542236328,90.55374908447266,69.71529388427734,63.338844299316406
2011-06-17,67.06591033935547,90.57674407958984,69.66529083251953,63.039520263671875
2011-06-20,67.06591033935547,90.53071594238281,69.55806732177734,63.11758804321289
2011-06-21,67.0738525390625,90.46939086914062,69.46513366699219,62.837860107421875
2011-06-22,67.05787658691406,90.50008392333984,69.4365005493164,62.87690353393555
2011-06-23,67.09761810302734,90.76834106445312,69.80108642578125,63.358341217041016
2011-06-24,67.13735961914062,91.05194854736328,70.09420776367188,63.09159851074219
2011-06-27,67.0738525390625,90.85265350341797,69.8225326538086,62.22634506225586
2011-06-28,66.95469665527344,90.2854232788086,69.17911529541016,61.72539520263672
2011-06-29,66.95469665527344,90.00186920166016,68.76448822021484,61.31553649902344
2011-06-30,66.94673156738281,89.756591796875,68.5285873413086,61.21800231933594
2011-07-01,66.9236831665039,89.62836456298828,68.35728454589844,61.12006378173828
2011-07-05,67.00320434570312,90.06595611572266,68.78733825683594,61.25711441040039
2011-07-06,67.02696228027344,90.1580581665039,68.90907287597656,61.57048797607422
2011-07-07,66.96343231201172,89.85874938964844,68.64399719238281,61.38772201538086
2011-07-08,67.05877685546875,90.47284698486328,69.37491607666016,62.25590896606445
2011-07-11,67.10648345947266,90.8643569946289,69.90524291992188,63.18933868408203
2011-07-12,67.0985107421875,90.99484252929688,70.00553894042969,63.40476608276367
2011-07-13,67.11447143554688,91.0716552734375,70.12017059326172,63.58104705810547
2011-07-14,67.090576171875,90.82600402832031,69.71891784667969,62.673675537109375
2011-07-15,67.10648345947266,91.04864501953125,70.00553894042969,62.778133392333984
2011-07-18,67.10648345947266,91.04094696044922,69.96251678466797,62.171024322509766
2011-07-19,67.10648345947266,91.15607452392578,70.22766876220703,63.463558197021484
2011-07-20,67.08260345458984,90.941162109375,69.88367462158203,62.71284866333008
2011-07-21,67.05086517333984,90.718505859375,69.49673461914062,62.22980880737305
2011-07-22,67.05877685546875,90.82600402832031,69.76187133789062,62.69978332519531
2011-07-25,67.02696228027344,90.72621154785156,69.53972625732422,62.01435089111328
2011-07-26,67.06672668457031,90.93341064453125,69.8335189819336,62.438682556152344
2011-07-27,67.02696228027344,90.81063079833984,69.71891784667969,62.44518280029297
2011-07-28,67.06672668457031,90.91040802001953,69.85501861572266,62.68019104003906
2011-07-29,67.13829803466797,91.5783462524414,70.70062255859375,63.92048645019531
2011-08-01,67.11520385742188,91.70748138427734,70.95780181884766,64.56560516357422
2011-08-02,67.20266723632812,92.12274932861328,71.61148071289062,66.5042953491211
2011-08-03,67.19474792480469,92.06884002685547,71.66897583007812,66.6352767944336
2011-08-04,67.2583999633789,92.63787841796875,72.61713409423828,69.0062255859375
2011-08-05,67.24248504638672,92.08431243896484,71.77667236328125,67.0151138305664
2011-08-08,67.2663345336914,92.6302261352539,72.91886901855469,69.13069152832031
2011-08-09,67.3379135131836,93.02234649658203,73.34261322021484,69.34026336669922
2011-08-10,67.38562774658203,93.46831512451172,74.31245422363281,71.4033432006836
2011-08-11,67.36970520019531,92.96855163574219,73.2205810546875,67.8011245727539
2011-08-12,67.37764739990234,93.21453857421875,73.73056030273438,69.14374542236328
2011-08-15,67.35383605957031,93.05308532714844,73.45763397216797,68.4429702758789
2011-08-16,67.35383605957031,93.26841735839844,73.79524993896484,69.57605743408203
2011-08-17,67.36970520019531,93.43756103515625,74.31245422363281,70.79425811767578
2011-08-18,67.3616943359375,93.51441192626953,74.7003402709961,72.24826049804688
2011-08-19,67.3616943359375,93.44525146484375,74.77938842773438,72.8311538696289
2011-08-22,67.35383605957031,93.42214965820312,74.64287567138672,72.64784240722656
2011-08-23,67.32200622558594,93.27604675292969,74.3411865234375,71.64566802978516
2011-08-24,67.32200622558594,92.8839340209961,73.5438461303711,69.60881042480469
2011-08-25,67.3616943359375,93.1838150024414,73.99642181396484,70.36201477050781
2011-08-26,67.36970520019531,93.37602996826172,74.23348999023438,71.05623626708984
2011-08-29,67.35383605957031,93.17606353759766,73.74500274658203,70.07374572753906
2011-08-30,67.36970520019531,93.34528350830078,74.25498962402344,71.20030212402344
2011-08-31,67.36970520019531,93.25304412841797,73.98917388916016,70.10002136230469
2011-09-01,67.38883209228516,93.5718002319336,74.57887268066406,71.58598327636719
2011-09-02,67.35696411132812,93.70262908935547,75.2627944946289,73.91153717041016
2011-09-06,67.36494445800781,93.63334655761719,75.36355590820312,74.68013763427734
2011-09-07,67.34899139404297,93.57946014404297,74.96046447753906,73.25462341308594
2011-09-08,67.3729019165039,93.73342895507812,75.32755279541016,73.91153717041016
2011-09-09,67.39677429199219,93.97216796875,75.69476318359375,74.69981384277344
2011-09-12,67.34899139404297,93.72575378417969,75.46434783935547,74.7787094116211
2011-09-13,67.35696411132812,93.671875,75.24121856689453,73.71441650390625
2011-09-14,67.35696411132812,93.62564086914062,75.28438568115234,74.3385238647461
2011-09-15,67.36494445800781,93.44854736328125,74.72282409667969,73.2020492553711
2011-09-16,67.38084411621094,93.47166442871094,74.8667984008789,73.7341537475586
2011-09-19,67.41270446777344,93.8335189819336,75.47879791259766,75.14002227783203
2011-09-20,67.38084411621094,93.84889221191406,75.57955932617188,75.4553451538086
2011-09-21,67.30927276611328,93.8335189819336,75.90349578857422,77.95169830322266
2011-09-22,67.3171615600586,94.10306549072266,76.60910034179688,80.88159942626953
2011-09-23,67.32512664794922,93.81037139892578,75.97554779052734,79.37723541259766
2011-09-26,67.30127716064453,93.64102935791016,75.65872192382812,78.102783203125
2011-09-27,67.27742767333984,93.44854736328125,75.1548080444336,76.90714263916016
2011-09-28,67.25354766845703,93.42545318603516,75.16922760009766,76.88085174560547
2011-09-29,67.26940155029297,93.35617065429688,75.16922760009766,77.4129867553711
2011-09-30,67.30127716064453,93.53326416015625,75.64437103271484,79.35752868652344
2011-10-03,67.31639862060547,93.88397216796875,76.34481048583984,81.54143524169922
2011-10-04,67.27659606933594,93.71441650390625,75.95526123046875,80.50745391845703
2011-10-05,67.27659606933594,93.52171325683594,75.63783264160156,79.92786407470703
2011-10-06,67.26069641113281,93.29048156738281,75.11129760742188,78.45257568359375
2011-10-07,67.2367935180664,93.02837371826172,74.72171783447266,77.8730239868164
2011-10-10,67.1810531616211,92.76625061035156,73.93534851074219,76.77316284179688
2011-10-11,67.21282958984375,92.77394104003906,74.18070220947266,76.51629638671875
2011-10-12,67.21282958984375,92.71229553222656,73.92813873291016,75.4031982421875
2011-10-13,67.22882843017578,92.89726257324219,74.22391510009766,76.15408325195312
2011-10-14,67.26069641113281,92.82786560058594,73.85604858398438,75.04762268066406
2011-10-17,67.26863861083984,93.00518035888672,74.3393783569336,76.3450698852539
2011-10-18,67.26863861083984,93.10542297363281,74.26005554199219,75.87090301513672
2011-10-19,67.29251861572266,93.14396667480469,74.37541198730469,75.84452056884766
2011-10-20,67.30045318603516,93.07463073730469,74.22391510009766,75.304443359375
2011-10-21,67.27659606933594,93.02837371826172,74.0868911743164,74.50755310058594
2011-10-24,67.27659606933594,92.96662139892578,74.05078125,74.63272094726562
2011-10-25,67.31639862060547,93.36751556396484,74.68563079833984,76.52949523925781
2011-10-26,67.27659606933594,93.04374694824219,74.13737487792969,75.1925048828125
2011-10-27,67.22882843017578,92.61204528808594,73.24285888671875,72.64369201660156
2011-10-28,67.26069641113281,92.90504455566406,73.68286895751953,73.40775299072266
2011-10-31,67.3243179321289,93.51398468017578,74.67120361328125,76.31867218017578
2011-11-01,67.33074951171875,93.86443328857422,75.56681823730469,78.87345886230469
2011-11-02,67.34662628173828,93.87985229492188,75.38607788085938,77.88956451416016
2011-11-03,67.35464477539062,93.75635528564453,75.03192138671875,76.8198471069336
2011-11-04,67.35464477539062,93.82582092285156,75.25596618652344,76.91233825683594
2011-11-07,67.33867645263672,93.81803894042969,75.34272003173828,77.40098571777344
2011-11-08,67.33074951171875,93.71005249023438,75.0030288696289,76.41050720214844
2011-11-09,67.34662628173828,93.91841125488281,75.66798400878906,77.99523162841797
2011-11-10,67.35464477539062,93.82582092285156,75.2993392944336,76.83308410644531
2011-11-11,67.32280731201172,93.656005859375,74.95237731933594,76.36427307128906
2011-11-14,67.35464477539062,93.88753509521484,75.4222183227539,77.59246826171875
2011-11-15,67.34662628173828,93.81803894042969,75.32100677490234,77.48682403564453
2011-11-16,67.33074951171875,93.91072082519531,75.59577941894531,78.19336700439453
2011-11-17,67.33867645263672,93.99566650390625,75.74754333496094,78.82063293457031
2011-11-18,67.31481170654297,93.7795181274414,75.46560668945312,78.8008041381836
2011-11-21,67.32280731201172,93.84120178222656,75.67524719238281,79.26959991455078
2011-11-22,67.33074951171875,93.97246551513672,75.9065170288086,80.15443420410156
2011-11-23,67.33867645263672,94.07278442382812,76.16677856445312,80.94022369384766
2011-11-25,67.33867645263672,93.90300750732422,75.68241882324219,79.76488494873047
2011-11-28,67.34662628173828,93.91841125488281,75.68973541259766,79.72525024414062
2011-11-29,67.35464477539062,93.86443328857422,75.545166015625,79.0715103149414
2011-11-30,67.35464477539062,93.72542572021484,75.10419464111328,77.83676147460938
2011-12-01,67.35858154296875,93.73320007324219,75.08245849609375,77.44622039794922
2011-12-02,67.34272766113281,93.91861724853516,75.41561889648438,78.53179168701172
2011-12-05,67.35067749023438,93.8568344116211,75.37220001220703,78.37290954589844
2011-12-06,67.35067749023438,93.8413314819336,75.17662048339844,77.62490844726562
2011-12-07,67.37458038330078,94.0113525390625,75.5169906616211,77.90298461914062
2011-12-08,67.38253784179688,94.19678497314453,75.90089416503906,78.87598419189453
2011-12-09,67.38253784179688,94.04222106933594,75.37940979003906,77.25428009033203
2011-12-12,67.38253784179688,94.12727355957031,75.64009857177734,78.11479187011719
2011-12-13,67.38253784179688,94.2122573852539,75.98773193359375,78.84291076660156
2011-12-14,67.36659240722656,94.2663345336914,76.30644989013672,80.33226776123047
2011-12-15,67.35858154296875,94.19678497314453,76.24126434326172,80.03438568115234
2011-12-16,67.3905029296875,94.44404602050781,76.61061096191406,80.96770477294922
2011-12-19,67.38253784179688,94.43635559082031,76.8713607788086,81.99370574951172
2011-12-20,67.36659240722656,94.2122573852539,76.17607879638672,79.94827270507812
2011-12-21,67.34272766113281,94.02677917480469,75.92984771728516,78.8363265991211
2011-12-22,67.33470916748047,94.06544494628906,76.0240249633789,79.16724395751953
2011-12-23,67.35067749023438,93.8413314819336,75.71256256103516,78.28688049316406
2011-12-27,67.32592010498047,93.84989166259766,75.75540924072266,78.65874481201172
2011-12-28,67.34187316894531,94.0973892211914,76.23422241210938,80.11302947998047
2011-12-29,67.34986114501953,94.1746826171875,76.32853698730469,80.25917053222656
2011-12-30,67.38969421386719,94.39129638671875,76.5970230102539,80.51815032958984
2012-01-03,67.34986114501953,94.11284637451172,76.11087036132812,79.30953216552734
2012-01-04,67.35784912109375,94.0819091796875,75.87144470214844,78.36653900146484
2012-01-05,67.36579895019531,94.1051025390625,75.88594055175781,78.22712707519531
2012-01-06,67.35784912109375,94.28301239013672,76.18342590332031,78.8447036743164
2012-01-09,67.37383270263672,94.27532958984375,76.19795227050781,78.70524597167969
2012-01-10,67.3817367553711,94.23657989501953,76.04560852050781,78.57240295410156
2012-01-11,67.40569305419922,94.42994689941406,76.4881362915039,79.59510040283203
2012-01-12,67.39775085449219,94.38353729248047,76.32853698730469,79.4821548461914
2012-01-13,67.41365051269531,94.57688903808594,76.66957092285156,80.27244567871094
2012-01-17,67.42163848876953,94.59242248535156,76.74211883544922,80.64431762695312
2012-01-18,67.41365051269531,94.530517578125,76.50271606445312,79.66814422607422
2012-01-19,67.41365051269531,94.25204467773438,76.04560852050781,78.57240295410156
2012-01-20,67.39775085449219,94.1746826171875,75.78434753417969,77.68263244628906
2012-01-23,67.40569305419922,94.0819091796875,75.61748504638672,77.19109344482422
2012-01-24,67.40569305419922,94.15151977539062,75.70455169677734,77.33065032958984
2012-01-25,67.44554901123047,94.51509094238281,76.06739044189453,77.14469146728516
2012-01-26,67.45354461669922,94.723876953125,76.47366333007812,78.16734313964844
2012-01-27,67.46946716308594,94.7857894897461,76.70585632324219,78.41304779052734
2012-01-30,67.44554901123047,94.87855529785156,76.96708679199219,79.33609771728516
2012-01-31,67.44554901123047,94.9868392944336,77.2572250366211,80.2525405883789
2012-02-01,67.42245483398438,94.89856719970703,76.9890365600586,79.33321380615234
2012-02-02,67.43037414550781,94.93728637695312,77.09808349609375,79.29993438720703
2012-02-03,67.43037414550781,94.66631317138672,76.48750305175781,77.5958480834961
2012-02-06,67.41447448730469,94.77472686767578,76.69832611083984,78.36805725097656
2012-02-07,67.39847564697266,94.54242706298828,76.20406341552734,77.39620208740234
2012-02-08,67.39847564697266,94.52693176269531,76.24040222167969,77.45606994628906
2012-02-09,67.36654663085938,94.38755798339844,76.06593322753906,76.876953125
2012-02-10,67.3825454711914,94.6043701171875,76.49478149414062,77.87541961669922
2012-02-13,67.3426513671875,94.51144409179688,76.44390106201172,77.97529602050781
2012-02-14,67.35855865478516,94.55011749267578,76.60379028320312,78.38799285888672
2012-02-15,67.36654663085938,94.6353759765625,76.66197967529297,78.24822235107422
2012-02-16,67.3426513671875,94.3565902709961,76.31304931640625,77.62254333496094
2012-02-17,67.32667541503906,94.34884643554688,76.23309326171875,77.60257720947266
2012-02-21,67.31074523925781,94.17853546142578,75.95691680908203,76.74378967285156
2012-02-22,67.3426513671875,94.39532470703125,76.25489807128906,77.70901489257812
2012-02-23,67.33466339111328,94.4030532836914,76.36394500732422,77.70901489257812
2012-02-24,67.31869506835938,94.32564544677734,76.42210388183594,78.21493530273438
2012-02-27,67.33466339111328,94.51919555664062,76.67646789550781,78.9072265625
2012-02-28,67.35062408447266,94.54242706298828,76.71283721923828,78.64764404296875
2012-02-29,67.35062408447266,94.39532470703125,76.40754699707031,78.1683120727539
2012-03-01,67.3386459350586,94.30228424072266,76.15998077392578,77.4324951171875
2012-03-02,67.3546142578125,94.5735855102539,76.46578216552734,78.15965270996094
2012-03-05,67.3546142578125,94.44953918457031,76.31285095214844,77.53922271728516
2012-03-06,67.3546142578125,94.6277847290039,76.63320922851562,78.47991180419922
2012-03-07,67.3386459350586,94.5425796508789,76.48762512207031,77.99958038330078
2012-03-08,67.31468200683594,94.40306854248047,76.2619400024414,77.21894073486328
2012-03-09,67.31468200683594,94.39530944824219,76.2037124633789,77.3724365234375
2012-03-12,67.32271575927734,94.31779479980469,76.18189239501953,77.35905456542969
2012-03-13,67.28276824951172,93.95364379882812,75.6358642578125,75.99798583984375
2012-03-14,67.18701934814453,93.42662048339844,74.76948547363281,74.083251953125
2012-03-15,67.22688293457031,93.51966094970703,74.74759674072266,74.19661712646484
2012-03-16,67.266845703125,93.43441009521484,74.72578430175781,74.34346008300781
2012-03-19,67.21894073486328,93.15544128417969,74.26715850830078,73.45606994628906
2012-03-20,67.20292663574219,93.085693359375,74.30355834960938,73.7496337890625
2012-03-21,67.24285125732422,93.35689544677734,74.6821060180664,74.58360290527344
2012-03-22,67.25081634521484,93.44986724853516,74.77677917480469,74.82378387451172
2012-03-23,67.25882720947266,93.59712219238281,75.05342102050781,75.53096771240234
2012-03-26,67.2747802734375,93.6513900756836,74.9660873413086,75.14402770996094
2012-03-27,67.2987289428711,93.89935302734375,75.38101196289062,75.68447875976562
2012-03-28,67.28276824951172,93.82960510253906,75.2499771118164,75.57771301269531
2012-03-29,67.30670166015625,94.0000991821289,75.56303405761719,76.14481353759766
2012-03-30,67.2987289428711,93.84507751464844,75.19173431396484,74.85717010498047
2012-04-02,67.314697265625,93.94829559326172,75.37187957763672,75.27185821533203
2012-04-03,67.26683044433594,93.5914535522461,74.81761169433594,73.96752166748047
2012-04-04,67.28276824951172,93.82421112060547,75.19683074951172,74.98424530029297
2012-04-05,67.30668640136719,94.04135131835938,75.53231811523438,75.52609252929688
2012-04-09,67.35462951660156,94.47569274902344,76.3053207397461,77.2919692993164
2012-04-10,67.38653564453125,94.65415954589844,76.66272735595703,78.16822052001953
2012-04-11,67.37857818603516,94.56108093261719,76.3637466430664,77.23175048828125
2012-04-12,67.38653564453125,94.47569274902344,76.2105484008789,76.91071319580078
2012-04-13,67.39453125,94.66185760498047,76.66999816894531,78.15485382080078
2012-04-16,67.39453125,94.72393798828125,76.64812469482422,78.04110717773438
2012-04-17,67.39453125,94.64639282226562,76.56791687011719,77.99432373046875
2012-04-18,67.4104995727539,94.69286346435547,76.72102355957031,78.22174072265625
2012-04-19,67.41851043701172,94.74720764160156,76.80851745605469,78.29532623291016
2012-04-20,67.41851043701172,94.7161636352539,76.81593322753906,78.30868530273438
2012-04-23,67.43446350097656,94.8635482788086,76.96898651123047,78.8772964477539
2012-04-24,67.4104995727539,94.75495147705078,76.77210235595703,78.3220443725586
2012-04-25,67.42650604248047,94.74720764160156,76.67730712890625,77.92071533203125
2012-04-26,67.43446350097656,94.87911987304688,76.93252563476562,78.3889389038086
2012-04-27,67.41851043701172,94.90235900878906,77.01278686523438,78.45584869384766
2012-04-30,67.43446350097656,94.96438598632812,77.07843780517578,78.47593688964844
2012-05-01,67.43289947509766,94.91859436035156,76.93821716308594,78.06891632080078
2012-05-02,67.44087219238281,94.94966125488281,77.084228515625,78.6187744140625
2012-05-03,67.43289947509766,94.95742797851562,77.07695770263672,78.59861755371094
2012-05-04,67.45684051513672,95.08939361572266,77.38377380371094,79.21553802490234
2012-05-07,67.45684051513672,95.11265563964844,77.36175537109375,79.22885131835938
2012-05-08,67.4648666381836,95.17479705810547,77.53717041015625,79.6513671875
2012-05-09,67.45684051513672,95.21363830566406,77.6028823852539,79.70500183105469
2012-05-10,67.44886016845703,95.15924072265625,77.49327087402344,79.47029876708984
2012-05-11,67.45684051513672,95.26795196533203,77.74894714355469,80.12739562988281
2012-05-14,67.44886016845703,95.39214324951172,78.09227752685547,81.2471923828125
2012-05-15,67.44087219238281,95.32999420166016,78.11410522460938,81.57576751708984
2012-05-16,67.43289947509766,95.32999420166016,78.17261505126953,81.81044006347656
2012-05-17,67.40088653564453,95.36111450195312,78.46479034423828,83.25873565673828
2012-05-18,67.40890502929688,95.3455810546875,78.41365051269531,83.27885437011719
2012-05-21,67.41687774658203,95.32999420166016,78.20917510986328,83.10453796386719
2012-05-22,67.39295196533203,95.25241088867188,78.04112243652344,82.17924499511719
2012-05-23,67.4249038696289,95.33786010742188,78.24561309814453,82.74917602539062
2012-05-24,67.40088653564453,95.22138214111328,78.07765197753906,82.43404388427734
2012-05-25,67.43289947509766,95.32999420166016,78.30410766601562,82.74246978759766
2012-05-29,67.41687774658203,95.26013946533203,78.23833465576172,82.48765563964844
2012-05-30,67.44886016845703,95.6173324584961,78.9833984375,84.57965850830078
2012-05-31,67.47284698486328,95.76480102539062,79.29020690917969,85.55865478515625
2012-06-01,67.47921752929688,95.94821166992188,79.9713363647461,87.58979034423828
2012-06-04,67.47124481201172,95.66067504882812,79.51043701171875,86.89776611328125
2012-06-05,67.4871826171875,95.63736724853516,79.24703979492188,85.7353744506836
2012-06-06,67.4632339477539,95.39649963378906,78.72764587402344,84.02200317382812
2012-06-07,67.45520782470703,95.48197937011719,78.91780853271484,84.1496353149414
2012-06-08,67.45520782470703,95.49750518798828,78.976318359375,84.12950897216797
2012-06-11,67.45520782470703,95.57522583007812,79.18849182128906,84.51248931884766
2012-06-12,67.42324829101562,95.3420639038086,78.76420593261719,83.73976135253906
2012-06-13,67.41527557373047,95.54415893554688,79.18118286132812,84.5662612915039
2012-06-14,67.42324829101562,95.43536376953125,78.96903991699219,84.458740234375
2012-06-15,67.44725036621094,95.67620849609375,79.3348617553711,84.9290771484375
2012-06-18,67.43125915527344,95.6451416015625,79.31287384033203,85.38597106933594
2012-06-19,67.42324829101562,95.54415893554688,79.04222106933594,84.27062225341797
2012-06-20,67.3992919921875,95.38103485107422,78.88124084472656,84.68717193603516
2012-06-21,67.40727233886719,95.45867919921875,79.04955291748047,85.13737487792969
2012-06-22,67.41527557373047,95.3420639038086,78.70564270019531,84.00187683105469
2012-06-25,67.41527557373047,95.52083587646484,79.13727569580078,85.22471618652344
2012-06-26,67.3992919921875,95.46642303466797,78.96168518066406,84.88875579833984
2012-06-27,67.3992919921875,95.52083587646484,79.07144165039062,85.02313995361328
2012-06-28,67.40727233886719,95.6451416015625,79.32752990722656,85.23139953613281
2012-06-29,67.40727233886719,95.57522583007812,78.96168518066406,84.12275695800781
2012-07-02,67.42805480957031,95.7362060546875,79.32803344726562,84.99073791503906
2012-07-03,67.41212463378906,95.63508605957031,79.13025665283203,84.337646484375
2012-07-05,67.43603515625,95.72065734863281,79.34274291992188,84.76850128173828
2012-07-06,67.46002197265625,95.84510803222656,79.62113952636719,85.55634307861328
2012-07-09,67.46002197265625,95.93842315673828,79.84098815917969,86.3105239868164
2012-07-10,67.46002197265625,95.9539794921875,79.87755584716797,86.48558807373047
2012-07-11,67.46806335449219,95.9072265625,79.80433654785156,86.59331512451172
2012-07-12,67.48401641845703,95.96171569824219,79.98748779296875,87.2060775756836
2012-07-13,67.4999771118164,95.97724914550781,79.92151641845703,86.97711181640625
2012-07-16,67.52394104003906,96.10171508789062,80.09738159179688,87.38115692138672
2012-07-17,67.51602172851562,96.02393341064453,79.8922348022461,86.6943359375
2012-07-18,67.53195190429688,96.09397888183594,79.97281646728516,86.74149322509766
2012-07-19,67.54794311523438,96.0550537109375,79.85555267333984,86.51927185058594
2012-07-20,67.55591583251953,96.22613525390625,80.17061614990234,87.57638549804688
2012-07-23,67.56393432617188,96.28833770751953,80.30252838134766,88.06796264648438
2012-07-24,67.54794311523438,96.34281921386719,80.4564208984375,88.76155090332031
2012-07-25,67.55591583251953,96.35054779052734,80.50035095214844,88.99044036865234
2012-07-26,67.55591583251953,96.24945068359375,80.25123596191406,88.17573547363281
2012-07-27,67.50799560546875,95.97724914550781,79.67240905761719,86.51254272460938
2012-07-30,67.53996276855469,96.13280487060547,79.92888641357422,87.15894317626953
2012-07-31,67.55591583251953,96.24166870117188,80.06805419921875,87.3340072631836
2012-08-01,67.54473114013672,96.10242462158203,79.77603912353516,86.89743041992188
2012-08-02,67.55274963378906,96.20353698730469,79.96681213378906,87.3900146484375
2012-08-03,67.52875518798828,95.95452117919922,79.54854583740234,85.979736328125
2012-08-06,67.53678131103516,96.01675415039062,79.59992980957031,86.0134506225586
2012-08-07,67.50476837158203,95.79106903076172,79.181640625,84.90686798095703
2012-08-08,67.48077392578125,95.68213653564453,79.07160186767578,84.45474243164062
2012-08-09,67.48077392578125,95.68989562988281,79.0128402709961,84.39405059814453
2012-08-10,67.49677276611328,95.77549743652344,79.24032592773438,84.81912994384766
2012-08-13,67.50476837158203,95.79886627197266,79.18903350830078,84.67743682861328
2012-08-14,67.48880767822266,95.62764739990234,78.80007934570312,83.53032684326172
2012-08-15,67.46477508544922,95.41756439208984,78.40386199951172,82.35619354248047
2012-08-16,67.45677185058594,95.30860900878906,78.2130126953125,81.65446472167969
2012-08-17,67.46477508544922,95.4019546508789,78.30848693847656,82.05253601074219
2012-08-20,67.46477508544922,95.44091033935547,78.35249328613281,82.22126007080078
2012-08-21,67.46477508544922,95.45640563964844,78.41851043701172,82.58558654785156
2012-08-22,67.50476837158203,95.80662536621094,79.02755737304688,83.94867706298828
2012-08-23,67.51280212402344,95.88446044921875,79.1669921875,84.29956817626953
2012-08-24,67.51280212402344,95.83000183105469,79.13033294677734,84.21853637695312
2012-08-27,67.50476837158203,95.93894958496094,79.33574676513672,84.71116638183594
2012-08-28,67.51280212402344,95.94670104980469,79.36514282226562,84.91361999511719
2012-08-29,67.51280212402344,95.94670104980469,79.31377410888672,84.5425033569336
2012-08-30,67.5207748413086,96.07904052734375,79.46051788330078,84.98106384277344
2012-08-31,67.56073760986328,96.35923767089844,79.9741439819336,86.1821517944336
2012-09-04,67.55593872070312,96.21749877929688,79.79117584228516,86.09561920166016
2012-09-05,67.55593872070312,96.23302459716797,79.76177978515625,85.68983459472656
2012-09-06,67.5239486694336,95.97607421875,79.21810150146484,84.2630615234375
2012-09-07,67.53997802734375,96.0851058959961,79.32093048095703,83.8708724975586
2012-09-10,67.5239486694336,96.10067749023438,79.35762786865234,84.07376098632812
2012-09-11,67.53997802734375,96.03840637207031,79.21070098876953,83.54627990722656
2012-09-12,67.5319595336914,95.906005859375,78.82125854492188,82.50497436523438
2012-09-13,67.55593872070312,96.0928726196289,79.04908752441406,82.18031311035156
2012-09-14,67.5239486694336,95.758056640625,78.30693054199219,79.99612426757812
2012-09-17,67.5239486694336,95.7736587524414,78.4685287475586,80.95636749267578
2012-09-18,67.5319595336914,95.88262939453125,78.66693878173828,81.3620834350586
2012-09-19,67.5319595336914,95.92937469482422,78.85069274902344,81.89629364013672
2012-09-20,67.51591491699219,95.94500732421875,78.894775390625,82.09919738769531
2012-09-21,67.5239486694336,96.0461196899414,79.06378173828125,82.19383239746094
2012-09-24,67.5319595336914,96.0928726196289,79.24008178710938,82.83629608154297
2012-09-25,67.51591491699219,96.13960266113281,79.53396606445312,83.65452575683594
2012-09-26,67.5319595336914,96.3187255859375,79.8646469116211,84.55387115478516
2012-09-27,67.53997802734375,96.27978515625,79.69561004638672,83.95203399658203
2012-09-28,67.57189178466797,96.33428192138672,79.69561004638672,83.99932861328125
2012-10-01,67.57355499267578,96.35215759277344,79.84351348876953,84.31104278564453
2012-10-02,67.55754089355469,96.3677978515625,79.79205322265625,84.19587707519531
2012-10-03,67.55754089355469,96.40670013427734,79.87299346923828,84.22296905517578
2012-10-04,67.55754089355469,96.28205108642578,79.55661010742188,83.17259216308594
2012-10-05,67.52556610107422,96.11846160888672,79.19607543945312,82.0952377319336
2012-10-08,67.53353118896484,96.2587890625,79.45357513427734,82.7863998413086
2012-10-09,67.53353118896484,96.16523742675781,79.291748046875,82.63728332519531
2012-10-10,67.52556610107422,96.2042007446289,79.48302459716797,83.22010803222656
2012-10-11,67.51753234863281,96.1963882446289,79.55661010742188,83.79606628417969
2012-10-12,67.54148864746094,96.21968841552734,79.5639877319336,84.006103515625
2012-10-15,67.52556610107422,96.18858337402344,79.58599090576172,83.81636047363281
2012-10-16,67.52556610107422,96.0561752319336,79.21080017089844,82.65764617919922
2012-10-17,67.48558044433594,95.76013946533203,78.71047973632812,81.89185333251953
2012-10-18,67.4935302734375,95.68222045898438,78.57066345214844,81.39048767089844
2012-10-19,67.4935302734375,95.82244873046875,78.9017333984375,82.4950180053711
2012-10-22,67.46957397460938,95.66664123535156,78.63690185546875,81.96646881103516
2012-10-23,67.5015869140625,95.83023071289062,79.0121078491211,83.13871002197266
2012-10-24,67.4935302734375,95.81463623046875,78.8429183959961,82.31884765625
2012-10-25,67.46957397460938,95.61211395263672,78.55601501464844,81.89868927001953
2012-10-26,67.48558044433594,95.84577178955078,79.05621337890625,83.10491943359375
2012-10-31,67.52556610107422,96.01724243164062,79.38005828857422,83.59278106689453
2012-11-01,67.50955963134766,95.93930053710938,79.22163391113281,82.90836334228516
2012-11-02,67.5015869140625,95.95486450195312,79.28792572021484,82.84736633300781
2012-11-05,67.5015869140625,96.07173156738281,79.4794692993164,83.3149185180664
2012-11-06,67.47755432128906,95.84577178955078,79.11847686767578,82.52890014648438
2012-11-07,67.53353118896484,96.1808090209961,79.78153228759766,84.02643585205078
2012-11-08,67.53353118896484,96.34440612792969,80.13518524169922,85.27327728271484
2012-11-09,67.53353118896484,96.33661651611328,80.14251708984375,85.3681640625
2012-11-12,67.53353118896484,96.38336181640625,80.1941146850586,85.51048278808594
2012-11-13,67.54148864746094,96.42227935791016,80.28987884521484,85.79508209228516
2012-11-14,67.55754089355469,96.40670013427734,80.31204223632812,85.87638854980469
2012-11-15,67.55754089355469,96.43013000488281,80.2751235961914,85.70696258544922
2012-11-16,67.55754089355469,96.46910858154297,80.32672119140625,85.63243865966797
2012-11-19,67.5495376586914,96.38336181640625,80.16465759277344,85.1513442993164
2012-11-20,67.53353118896484,96.24317932128906,79.83312225341797,84.29749298095703
2012-11-21,67.52556610107422,96.17298126220703,79.71526336669922,84.25006103515625
2012-11-23,67.52556610107422,96.1496353149414,79.67100524902344,84.16873168945312
2012-11-26,67.51753234863281,96.21968841552734,79.80368041992188,84.56853485107422
2012-11-27,67.52556610107422,96.31328582763672,79.98786163330078,84.90062713623047
2012-11-28,67.53353118896484,96.38336181640625,80.09101104736328,84.77863311767578
2012-11-29,67.53353118896484,96.41448211669922,80.17203521728516,84.79219055175781
2012-11-30,67.54148864746094,96.47685241699219,80.1573486328125,84.56177520751953
2012-12-03,67.54953002929688,96.45191955566406,80.12556457519531,84.63981628417969
2012-12-04,67.54953002929688,96.48302459716797,80.26573181152344,85.12873840332031
2012-12-05,67.5655288696289,96.5453872680664,80.33207702636719,85.0879898071289
2012-12-06,67.5655288696289,96.56102752685547,80.3763427734375,85.27130889892578
2012-12-07,67.5655288696289,96.48302459716797,80.14767456054688,84.48368072509766
2012-12-10,67.5655288696289,96.5142593383789,80.22147369384766,84.85709381103516
2012-12-11,67.5655288696289,96.44408416748047,80.06656646728516,84.21210479736328
2012-12-12,67.5575180053711,96.33494567871094,79.72723388671875,83.23441314697266
2012-12-13,67.5575180053711,96.19464111328125,79.57229614257812,83.2955322265625
2012-12-14,67.57355499267578,96.24927520751953,79.74934387207031,83.92017364501953
2012-12-17,67.5575180053711,96.0387954711914,79.32890319824219,82.66404724121094
2012-12-18,67.517578125,95.86731719970703,79.01905822753906,81.82209777832031
2012-12-19,67.53353118896484,95.95305633544922,79.12970733642578,82.0937271118164
2012-12-20,67.52554321289062,95.92972564697266,79.1813735961914,82.1072998046875
2012-12-21,67.53353118896484,96.0544662475586,79.39522552490234,83.00357818603516
2012-12-24,67.53353118896484,96.01541137695312,79.31411743164062,82.85418701171875
2012-12-26,67.53433990478516,96.0645523071289,79.47743225097656,83.15225219726562
2012-12-27,67.55834197998047,96.17373657226562,79.639892578125,83.43121337890625
2012-12-28,67.55834197998047,96.25170135498047,79.8245849609375,83.90753173828125
2012-12-31,67.55834197998047,96.08793640136719,79.40348815917969,82.45819091796875
2013-01-02,67.54232788085938,96.02555084228516,79.04153442382812,81.35578155517578
2013-01-03,67.54232788085938,95.80717468261719,78.63523864746094,80.25350189208984
2013-01-04,67.55030822753906,95.80717468261719,78.67216491699219,80.56646728515625
2013-01-07,67.55030822753906,95.83846282958984,78.71650695800781,80.60050964355469
2013-01-08,67.55834197998047,95.94756317138672,78.90858459472656,81.13126373291016
2013-01-09,67.58238983154297,96.01773834228516,78.95291137695312,81.05641174316406
2013-01-10,67.57429504394531,95.90079498291016,78.72384643554688,80.83187103271484
2013-01-11,67.56634521484375,96.02555084228516,78.97506713867188,81.55314636230469
2013-01-14,67.56634521484375,96.02555084228516,78.9455337524414,81.3285903930664
2013-01-15,67.57429504394531,96.09581756591797,79.13755798339844,81.70282745361328
2013-01-16,67.57429504394531,96.15814208984375,79.2409896850586,81.87297821044922
2013-01-17,67.56634521484375,95.96315002441406,78.87902069091797,81.05641174316406
2013-01-18,67.56634521484375,96.0645523071289,79.10069274902344,81.68245697021484
2013-01-22,67.58238983154297,96.11907958984375,79.16712188720703,81.83895111083984
2013-01-23,67.58238983154297,96.14253997802734,79.20407104492188,81.71644592285156
2013-01-24,67.58238983154297,96.05675506591797,79.07109069824219,81.4306640625
2013-01-25,67.55030822753906,95.75257110595703,78.54657745361328,80.31470489501953
2013-01-28,67.52632904052734,95.67463684082031,78.38408660888672,80.02210235595703
2013-01-29,67.53433990478516,95.6435317993164,78.26590728759766,79.57978057861328
2013-01-30,67.55834197998047,95.70584106445312,78.31022644042969,79.44371032714844
2013-01-31,67.56634521484375,95.71363067626953,78.37670135498047,79.83159637451172
2013-02-01,67.55912780761719,95.6247329711914,78.11043548583984,78.79501342773438
2013-02-04,67.57513427734375,95.88219451904297,78.5616683959961,79.80428314208984
2013-02-05,67.57513427734375,95.74958038330078,78.28053283691406,79.09500885009766
2013-02-06,67.5911636352539,95.87434387207031,78.51722717285156,79.7429428100586
2013-02-07,67.5911636352539,95.90559387207031,78.5541763305664,79.5655746459961
2013-02-08,67.5990982055664,95.91336059570312,78.6134033203125,79.87248992919922
2013-02-11,67.57513427734375,95.86653900146484,78.5320816040039,79.81114196777344
2013-02-12,67.55912780761719,95.79634094238281,78.45068359375,79.61333465576172
2013-02-13,67.55110168457031,95.64027404785156,78.1770248413086,78.96546173095703
2013-02-14,67.55912780761719,95.83536529541016,78.50991821289062,79.68155670166016
2013-02-15,67.5671157836914,95.78072357177734,78.4359130859375,79.44972229003906
2013-02-19,67.55912780761719,95.71827697753906,78.31014251708984,79.05411529541016
2013-02-20,67.55912780761719,95.81193542480469,78.48025512695312,79.29283142089844
2013-02-21,67.58317565917969,95.91336059570312,78.6355972290039,79.75655364990234
2013-02-22,67.58317565917969,95.96019744873047,78.73174285888672,79.81114196777344
2013-02-25,67.5990982055664,96.26453399658203,79.33833312988281,81.37969970703125
2013-02-26,67.61515045166016,96.23326873779297,79.19034576416016,80.90909576416016
2013-02-27,67.61515045166016,96.2410888671875,79.15340423583984,80.6703872680664
2013-02-28,67.60719299316406,96.2956771850586,79.26436614990234,80.82042694091797
2013-03-01,67.62161254882812,96.3714370727539,79.46206665039062,81.26060485839844
2013-03-04,67.613525390625,96.32459259033203,79.27690887451172,80.83001708984375
2013-03-05,67.6055908203125,96.25428771972656,79.19542694091797,80.59765625
2013-03-06,67.59754180908203,96.1216049194336,78.94361877441406,79.86636352539062
2013-03-07,67.58155822753906,95.93426513671875,78.64006042480469,79.25127410888672
2013-03-08,67.58952331542969,95.75472259521484,78.24014282226562,78.42431640625
2013-03-11,67.58155822753906,95.77030181884766,78.27716064453125,78.4994888305664
2013-03-12,67.59754180908203,95.87187194824219,78.4919204711914,79.06672668457031
2013-03-13,67.58155822753906,95.84059143066406,78.42530059814453,78.98480224609375
2013-03-14,67.58155822753906,95.864013671875,78.44750213623047,78.74549865722656
2013-03-15,67.6055908203125,96.0435791015625,78.72149658203125,79.11454010009766
2013-03-18,67.62161254882812,96.16059875488281,78.9806900024414,79.71604919433594
2013-03-19,67.613525390625,96.2699203491211,79.22502899169922,80.25593566894531
2013-03-20,67.6055908203125,96.1528091430664,78.92144012451172,79.360595703125
2013-03-21,67.613525390625,96.21529388427734,79.12884521484375,80.12606811523438
2013-03-22,67.59754180908203,96.21529388427734,79.158447265625,80.18758392333984
2013-03-25,67.59754180908203,96.23870086669922,79.21769714355469,80.1124267578125
2013-03-26,67.6055908203125,96.3089370727539,79.29907989501953,80.20807647705078
2013-03-27,67.62161254882812,96.46509552001953,79.63977813720703,80.89149475097656
2013-03-28,67.62954711914062,96.39482879638672,79.49166107177734,80.48145294189453
2013-04-01,67.63603210449219,96.46198272705078,79.70301055908203,81.08761596679688
2013-04-02,67.63603210449219,96.41516876220703,79.54730224609375,80.75884246826172
2013-04-03,67.6279525756836,96.61038208007812,79.8809585571289,81.48485565185547
2013-04-04,67.65196990966797,96.7431640625,80.1998519897461,82.45745086669922
2013-04-05,67.65196990966797,96.7822036743164,80.4520263671875,84.1218032836914
2013-04-08,67.63603210449219,96.68069458007812,80.19245910644531,83.47795104980469
2013-04-09,67.63603210449219,96.73532104492188,80.22207641601562,83.27249908447266
2013-04-10,67.63603210449219,96.55569458007812,79.88843536376953,82.1286849975586
2013-04-11,67.63603210449219,96.61038208007812,79.97738647460938,82.28620910644531
2013-04-12,67.64403533935547,96.77439880371094,80.42230224609375,83.51223754882812
2013-04-15,67.65196990966797,96.83683776855469,80.600341796875,84.23822021484375
2013-04-16,67.65196990966797,96.7431640625,80.37044525146484,83.54646301269531
2013-04-17,67.65196990966797,96.79002380371094,80.51873016357422,84.10128021240234
2013-04-18,67.65196990966797,96.77439880371094,80.56324005126953,84.30671691894531
2013-04-19,67.65196990966797,96.73532104492188,80.51873016357422,84.12862396240234
2013-04-22,67.6600112915039,96.7978515625,80.56324005126953,84.19024658203125
2013-04-23,67.65196990966797,96.77439880371094,80.51134490966797,83.89579772949219
2013-04-24,67.6600112915039,96.79002380371094,80.54837799072266,84.10808563232422
2013-04-25,67.65196990966797,96.77439880371094,80.45941925048828,83.74507141113281
2013-04-26,67.66807556152344,96.89935302734375,80.74862670898438,84.51223754882812
2013-04-29,67.68402862548828,96.93844604492188,80.71892547607422,84.20402526855469
2013-04-30,67.67606353759766,96.93844604492188,80.70417022705078,84.2519760131836
2013-05-01,67.68970489501953,97.04153442382812,80.96776580810547,85.11750030517578
2013-05-02,67.68163299560547,97.07279205322266,80.96776580810547,85.00765991210938
2013-05-03,67.6576156616211,96.72115325927734,80.27719116210938,83.00341796875
2013-05-06,67.6576156616211,96.68988800048828,80.17324829101562,82.79747772216797
2013-05-07,67.6576156616211,96.6586685180664,80.0618667602539,82.47493743896484
2013-05-08,67.66568756103516,96.6821060180664,80.15840148925781,82.6053695678711
2013-05-09,67.6576156616211,96.6664810180664,80.14356231689453,82.39253234863281
2013-05-10,67.64959716796875,96.43201446533203,79.69062805175781,81.50708770751953
2013-05-13,67.63359069824219,96.36174774169922,79.5495834350586,80.88252258300781
2013-05-14,67.63359069824219,96.24456787109375,79.23029327392578,80.00395965576172
2013-05-15,67.6416244506836,96.3304672241211,79.43818664550781,80.539306640625
2013-05-16,67.6576156616211,96.52579498291016,79.81688690185547,81.37670135498047
2013-05-17,67.6416244506836,96.34613037109375,79.38619232177734,80.34717559814453
2013-05-20,67.64959716796875,96.32266235351562,79.32682037353516,80.25104522705078
2013-05-21,67.64959716796875,96.40860748291016,79.53474426269531,80.88252258300781
2013-05-22,67.62556457519531,96.08826446533203,78.90364074707031,79.68133544921875
2013-05-23,67.6416244506836,96.11946868896484,78.98528289794922,80.05889892578125
2013-05-24,67.62556457519531,96.11946868896484,79.01498413085938,80.1687240600586
2013-05-28,67.57756042480469,95.62720489501953,78.08687591552734,78.13703918457031
2013-05-29,67.57756042480469,95.7365951538086,78.4061050415039,79.01558685302734
2013-05-30,67.593505859375,95.7365951538086,78.41358184814453,78.82340240478516
2013-05-31,67.58552551269531,95.63500213623047,78.19825744628906,78.55571746826172
2013-06-03,67.60713958740234,95.66474151611328,78.31124877929688,78.97196197509766
2013-06-04,67.60713958740234,95.56312561035156,78.11051177978516,78.24266815185547
2013-06-05,67.61517333984375,95.70386505126953,78.4897232055664,79.3228759765625
2013-06-06,67.60713958740234,95.73513793945312,78.58638000488281,79.27471160888672
2013-06-07,67.59912872314453,95.4380874633789,77.9767074584961,77.85736083984375
2013-06-10,67.57510375976562,95.3207778930664,77.78337097167969,77.48582458496094
2013-06-11,67.5671157836914,95.39112091064453,77.9767074584961,78.40782165527344
2013-06-12,67.55912017822266,95.21134185791016,77.62727355957031,77.28628540039062
2013-06-13,67.59117126464844,95.53963470458984,78.21459197998047,78.4972152709961
2013-06-14,67.63922119140625,95.66474151611328,78.31869506835938,78.31145477294922
2013-06-17,67.63922119140625,95.6412582397461,78.1328353881836,77.89866638183594
2013-06-18,67.63922119140625,95.59439086914062,78.08822631835938,77.93990325927734
2013-06-19,67.55912017822266,94.8125991821289,77.01761627197266,77.1348876953125
2013-06-20,67.55107879638672,94.67189025878906,76.66816711425781,75.86893463134766
2013-06-21,67.49504852294922,94.12467956542969,75.8577880859375,74.58230590820312
2013-06-24,67.46295928955078,93.98394775390625,75.67193603515625,74.8919677734375
2013-06-25,67.4549560546875,93.97612762451172,75.58264923095703,74.22456359863281
2013-06-26,67.48698425292969,94.16375732421875,75.887451171875,74.70619201660156
2013-06-27,67.52702331542969,94.43738555908203,76.29643249511719,75.46992492675781
2013-06-28,67.51901245117188,94.39045715332031,76.20723724365234,75.98592376708984
2013-07-01,67.54866790771484,94.47023010253906,76.23625946044922,76.13904571533203
2013-07-02,67.55667114257812,94.48590087890625,76.26606750488281,76.09074401855469
2013-07-03,67.54866790771484,94.36857604980469,76.11713409423828,75.86319732666016
2013-07-05,67.47657775878906,93.6176528930664,74.83660888671875,73.27715301513672
2013-07-08,67.52462768554688,93.98526763916016,75.27586364746094,73.9874496459961
2013-07-09,67.5166244506836,94.0478515625,75.40242767333984,74.06328582763672
2013-07-10,67.5166244506836,93.92269897460938,75.13439178466797,73.48404693603516
2013-07-11,67.57271575927734,94.43897247314453,75.88634490966797,74.34603881835938
2013-07-12,67.5326919555664,94.36857604980469,75.8267593383789,74.28398132324219
2013-07-15,67.564697265625,94.50936889648438,76.06501007080078,74.6770248413086
2013-07-16,67.57271575927734,94.53280639648438,76.10223388671875,74.9322280883789
2013-07-17,67.5967788696289,94.78306579589844,76.43721008300781,75.0701675415039
2013-07-18,67.5887451171875,94.6344985961914,76.07987213134766,74.13225555419922
2013-07-19,67.6208267211914,94.82218933105469,76.49681854248047,75.30458068847656
2013-07-22,67.6208267211914,94.84568786621094,76.48938751220703,75.41493225097656
2013-07-23,67.61272430419922,94.79092407226562,76.40008544921875,75.09776306152344
2013-07-24,67.58071899414062,94.53280639648438,75.88634490966797,74.14602661132812
2013-07-25,67.6208267211914,94.6344985961914,75.99794006347656,74.11842346191406
2013-07-26,67.62876892089844,94.6814193725586,76.06501007080078,74.57360076904297
2013-07-29,67.6208267211914,94.65011596679688,75.90865325927734,74.0288314819336
2013-07-30,67.62876892089844,94.61890411376953,75.88634490966797,74.00122833251953
2013-07-31,67.62876892089844,94.62664794921875,75.93842315673828,74.2701644897461
2013-08-01,67.60314178466797,94.21735382080078,75.2681655883789,72.8391342163086
2013-08-02,67.65123748779297,94.71823120117188,75.90935516357422,73.64108276367188
2013-08-05,67.64326477050781,94.60869598388672,75.67085266113281,73.07416534423828
2013-08-06,67.63521575927734,94.59298706054688,75.69316864013672,73.2884750366211
2013-08-07,67.65123748779297,94.68692016601562,75.96900939941406,73.83467102050781
2013-08-08,67.65123748779297,94.7260971069336,76.0808334350586,74.03514099121094
2013-08-09,67.63521575927734,94.78084564208984,76.13298797607422,74.15267181396484
2013-08-12,67.63521575927734,94.71044158935547,75.98389434814453,73.64801025390625
2013-08-13,67.60314178466797,94.31903839111328,75.29808044433594,72.58335876464844
2013-08-14,67.60314178466797,94.33470916748047,75.36514282226562,72.69395446777344
2013-08-15,67.5791015625,94.1390380859375,74.94766235351562,71.71224975585938
2013-08-16,67.58715057373047,93.96683502197266,74.65690612792969,71.46334838867188
2013-08-19,67.57109832763672,93.82597351074219,74.33633422851562,70.84117889404297
2013-08-20,67.58715057373047,94.05292510986328,74.73887634277344,71.3873062133789
2013-08-21,67.54708099365234,93.71637725830078,74.26923370361328,70.60611724853516
2013-08-22,67.5230484008789,93.55199432373047,74.23941040039062,71.32506561279297
2013-08-23,67.5230484008789,93.7476806640625,74.65690612792969,72.09942626953125
2013-08-26,67.54708099365234,93.91206359863281,74.80599212646484,72.4588623046875
2013-08-27,67.5791015625,94.1390380859375,75.23092651367188,73.37146759033203
2013-08-28,67.53901672363281,93.9511489868164,74.92524719238281,72.77689361572266
2013-08-29,67.55508422851562,93.99813842773438,74.99980163574219,73.35762023925781
2013-08-30,67.56307220458984,93.89637756347656,74.85820770263672,73.27467346191406
2013-09-03,67.53743743896484,93.7005386352539,74.43333435058594,72.2411880493164
2013-09-04,67.47328186035156,93.449951171875,74.18692779541016,72.08174133300781
2013-09-05,67.4091796875,93.03482055664062,73.61943817138672,71.07665252685547
2013-09-06,67.47328186035156,93.39510345458984,74.0675048828125,71.4301528930664
2013-09-09,67.48929595947266,93.5674057006836,74.21681213378906,71.46483612060547
2013-09-10,67.46528625488281,93.34809875488281,73.87336730957031,70.96575164794922
2013-09-11,67.49737548828125,93.61443328857422,74.24665069580078,71.59651184082031
2013-09-12,67.49737548828125,93.59873962402344,74.254150390625,71.49952697753906
2013-09-13,67.49737548828125,93.66921997070312,74.35118865966797,71.77672576904297
2013-09-16,67.5455093383789,93.9120101928711,74.51545715332031,71.2984848022461
2013-09-17,67.56951904296875,94.01383209228516,74.664794921875,71.88764953613281
2013-09-18,67.65773010253906,94.67964172363281,75.59066009521484,72.77490234375
2013-09-19,67.63363647460938,94.52299499511719,75.32926940917969,72.3451156616211
2013-09-20,67.64169311523438,94.51518249511719,75.40397644042969,72.72636413574219
2013-09-23,67.65773010253906,94.66397094726562,75.68768310546875,73.2601089477539
2013-09-24,67.66573333740234,94.789306640625,75.96393585205078,74.05036163330078
2013-09-25,67.68977355957031,94.9302978515625,76.17303466796875,74.20286560058594
2013-09-26,67.65773010253906,94.8441162109375,76.0087661743164,73.68291473388672
2013-09-27,67.69775390625,94.96943664550781,76.11331176757812,73.86317443847656
2013-09-30,67.71379852294922,95.03209686279297,76.24022674560547,73.75226593017578
2013-10-01,67.69615936279297,94.87928009033203,76.07046508789062,73.5284652709961
2013-10-02,67.70420837402344,95.02821350097656,76.1976318359375,73.63965606689453
2013-10-03,67.70420837402344,95.1065444946289,76.3022689819336,73.52149200439453
2013-10-04,67.68014526367188,94.94194030761719,76.09288787841797,73.46592712402344
2013-10-07,67.68014526367188,94.97335052490234,76.16020202636719,73.7647933959961
2013-10-08,67.6240005493164,94.855712890625,76.122802734375,73.78560638427734
2013-10-09,67.6480484008789,94.8400650024414,75.98823547363281,73.19490051269531
2013-10-10,67.6480484008789,94.83221435546875,75.82369232177734,73.31303405761719
2013-10-11,67.6480484008789,94.91060638427734,75.93589782714844,73.29219818115234
2013-10-14,67.6240005493164,94.73027038574219,75.68167114257812,72.70144653320312
2013-10-15,67.6480484008789,94.80870056152344,75.6966323852539,72.6528091430664
2013-10-16,67.67214965820312,95.04385375976562,76.06303405761719,73.5632095336914
2013-10-17,67.69615936279297,95.26334381103516,76.4967269897461,74.2303695678711
2013-10-18,67.69615936279297,95.27901458740234,76.5041732788086,74.39021301269531
2013-10-21,67.69615936279297,95.23199462890625,76.45185852050781,74.1539535522461
2013-10-22,67.7522964477539,95.4984359741211,76.98278045654297,74.98096466064453
2013-10-23,67.72824096679688,95.53765106201172,77.11734008789062,75.27288818359375
2013-10-24,67.72020721435547,95.48283386230469,76.9603500366211,74.98096466064453
2013-10-25,67.73622131347656,95.56118774414062,77.09497833251953,75.25895690917969
2013-10-28,67.7522964477539,95.53765106201172,77.02009582519531,75.00178527832031
2013-10-29,67.7522964477539,95.60830688476562,77.12484741210938,75.09912872314453
2013-10-30,67.7522964477539,95.5063247680664,76.92293548583984,74.64739990234375
2013-10-31,67.76026916503906,95.5063247680664,76.83319091796875,74.80719757080078
2013-11-01,67.73539733886719,95.2599868774414,76.40702819824219,73.99750518798828
2013-11-04,67.75150299072266,95.36982727050781,76.55683898925781,74.06719207763672
2013-11-05,67.75150299072266,95.23651885986328,76.21234130859375,73.18215942382812
2013-11-06,67.76750183105469,95.44046020507812,76.44450378417969,73.21703338623047
2013-11-07,67.78358459472656,95.53459930419922,76.646728515625,73.83721923828125
2013-11-08,67.73539733886719,95.08740997314453,75.78546142578125,72.06029510498047
2013-11-11,67.75150299072266,95.0638198852539,75.74801635742188,71.78852081298828
2013-11-12,67.73539733886719,94.9775390625,75.6805648803711,72.12300872802734
2013-11-13,67.73539733886719,95.2050552368164,75.9951400756836,72.38783264160156
2013-11-14,67.77555847167969,95.4797134399414,76.36214447021484,72.83377075195312
2013-11-15,67.77555847167969,95.45613861083984,76.30216217041016,72.98014068603516
2013-11-18,67.80763244628906,95.58949279785156,76.57184600830078,73.41910552978516
2013-11-19,67.78358459472656,95.43260955810547,76.2872085571289,72.86166381835938
2013-11-20,67.79157257080078,95.3462905883789,75.86781311035156,71.62129211425781
2013-11-21,67.82365417480469,95.3776626586914,75.93518829345703,71.7397232055664
2013-11-22,67.80763244628906,95.44825744628906,76.15245056152344,72.40875244140625
2013-11-25,67.80763244628906,95.50321197509766,76.21234130859375,72.61774444580078
2013-11-26,67.81559753417969,95.58160400390625,76.3770980834961,72.88954162597656
2013-11-27,67.81559753417969,95.51892852783203,76.2048110961914,72.76406860351562
2013-11-29,67.82365417480469,95.51892852783203,76.15992736816406,72.78498077392578
2013-12-02,67.78273010253906,95.30931091308594,75.83280944824219,72.21886444091797
2013-12-03,67.79878997802734,95.39559173583984,75.96784973144531,72.4844741821289
2013-12-04,67.78273010253906,95.2229232788086,75.62276458740234,71.79255676269531
2013-12-05,67.790771484375,95.09728240966797,75.4352798461914,71.5898208618164
2013-12-06,67.76671600341797,95.0501480102539,75.50277709960938,71.93231964111328
2013-12-09,67.76671600341797,95.06583404541016,75.59276580810547,72.1000747680664
2013-12-10,67.790771484375,95.23074340820312,75.90784454345703,72.6173324584961
2013-12-11,67.76671600341797,95.09728240966797,75.6153335571289,72.05810546875
2013-12-12,67.74264526367188,94.91668701171875,75.39778900146484,71.78558349609375
2013-12-13,67.75867462158203,94.90097045898438,75.5102767944336,72.13500213623047
2013-12-16,67.75867462158203,94.94023895263672,75.4727783203125,71.86943054199219
2013-12-17,67.77471160888672,95.08943176269531,75.71283721923828,72.19093322753906
2013-12-18,67.77471160888672,94.93238830566406,75.42772674560547,71.8274917602539
2013-12-19,67.73457336425781,94.6654052734375,75.1126937866211,71.75760650634766
2013-12-20,67.7105712890625,94.57122039794922,75.34526062011719,72.86185455322266
2013-12-23,67.7025375366211,94.47704315185547,75.10519409179688,72.44953155517578
2013-12-24,67.6784439086914,94.2885971069336,74.8126449584961,71.86943054199219
2013-12-26,67.67122650146484,94.3011474609375,74.74797058105469,71.59241485595703
2013-12-27,67.70331573486328,94.29326629638672,74.70294189453125,71.38910675048828
2013-12-30,67.71937561035156,94.42689514160156,74.90579223632812,71.87995910644531
2013-12-31,67.70331573486328,94.31686401367188,74.56769561767578,71.42418670654297
2014-01-02,67.73544311523438,94.41116333007812,74.86068725585938,71.64157104492188
2014-01-03,67.71138000488281,94.3404312133789,74.81559753417969,71.64157104492188
2014-01-06,67.71937561035156,94.48973846435547,75.0260009765625,71.94304656982422
2014-01-07,67.71937561035156,94.56829833984375,75.14624786376953,72.1253662109375
2014-01-08,67.6551742553711,94.21466827392578,74.77806854248047,71.92901611328125
2014-01-09,67.67122650146484,94.33256530761719,74.973388671875,72.3497314453125
2014-01-10,67.73544311523438,94.8040542602539,75.60460662841797,73.21224975585938
2014-01-13,67.7514877319336,94.96903228759766,75.82247924804688,73.57685852050781
2014-01-14,67.73544311523438,94.71759033203125,75.53701782226562,73.24028015136719
2014-01-15,67.71138000488281,94.63117980957031,75.46932983398438,73.16311645507812
2014-01-16,67.72742462158203,94.75690460205078,75.67974090576172,73.65398406982422
2014-01-17,67.72742462158203,94.85901641845703,75.86004638671875,73.96253204345703
2014-01-21,67.71937561035156,94.7411880493164,75.77745056152344,74.01860809326172
2014-01-22,67.68730163574219,94.58405303955078,75.56698608398438,73.83626556396484
2014-01-23,67.7514877319336,94.953369140625,76.07793426513672,74.88105010986328
2014-01-24,67.77556610107422,95.14190673828125,76.38602447509766,75.36486053466797
2014-01-27,67.76752471923828,95.03189086914062,76.15313720703125,74.83902740478516
2014-01-28,67.76752471923828,95.1576156616211,76.26586151123047,75.02127075195312
2014-01-29,67.81563568115234,95.35408020019531,76.62646484375,75.63833618164062
2014-01-30,67.80763244628906,95.31478881835938,76.55131530761719,75.4209976196289
2014-01-31,67.83973693847656,95.52694702148438,76.85187530517578,75.92589569091797
2014-02-03,67.85823822021484,95.8084945678711,77.26966857910156,76.85101318359375
2014-02-04,67.86622619628906,95.69840240478516,77.03627014160156,76.03553771972656
2014-02-05,67.83412170410156,95.54109954833984,76.7578125,75.33253479003906
2014-02-06,67.84217834472656,95.44673919677734,76.61482238769531,75.00914764404297
2014-02-07,67.85823822021484,95.64334106445312,76.8179931640625,75.07244110107422
2014-02-10,67.84217834472656,95.61972045898438,76.85564422607422,75.2833251953125
2014-02-11,67.82611846923828,95.3995361328125,76.51689910888672,74.84748077392578
2014-02-12,67.79399108886719,95.26585388183594,76.33635711669922,74.4608154296875
2014-02-13,67.83412170410156,95.50965881347656,76.6976089477539,74.88261413574219
2014-02-14,67.83412170410156,95.48606872558594,76.64488220214844,74.92479705810547
2014-02-18,67.85823822021484,95.65126037597656,76.83306884765625,75.093505859375
2014-02-19,67.83412170410156,95.54109954833984,76.68252563476562,74.77716827392578
2014-02-20,67.84217834472656,95.4310073852539,76.59971618652344,74.59436798095703
2014-02-21,67.85011291503906,95.45458984375,76.6976089477539,74.98804473876953
2014-02-24,67.85011291503906,95.41526794433594,76.62234497070312,74.79827117919922
2014-02-25,67.84217834472656,95.57258605957031,76.88578796386719,75.4660873413086
2014-02-26,67.8742904663086,95.71415710449219,77.11152648925781,75.86678314208984
2014-02-27,67.86622619628906,95.7455825805664,77.20191192626953,76.28157043457031
2014-02-28,67.86622619628906,95.66691589355469,77.12661743164062,76.32374572753906
2014-03-03,67.90475463867188,95.90547180175781,77.50811004638672,76.833251953125
2014-03-04,67.84857177734375,95.55907440185547,76.91252136230469,75.67750549316406
2014-03-05,67.87268829345703,95.59061431884766,76.99545288085938,75.83961486816406
2014-03-06,67.83250427246094,95.4253158569336,76.66374206542969,75.09266662597656
2014-03-07,67.78435516357422,95.17342376708984,76.33199310302734,74.6205062866211
2014-03-10,67.79238891601562,95.21276092529297,76.41494750976562,74.7261962890625
2014-03-11,67.79238891601562,95.26782989501953,76.4903335571289,74.9234848022461
2014-03-12,67.81644439697266,95.40166473388672,76.79192352294922,75.44502258300781
2014-03-13,67.85662078857422,95.66931915283203,77.24422454833984,76.45974731445312
2014-03-14,67.84056091308594,95.67718505859375,77.2517318725586,76.47382354736328
2014-03-17,67.81644439697266,95.48039245605469,76.9426498413086,75.90304565429688
2014-03-18,67.83250427246094,95.6220474243164,77.13117218017578,76.17788696289062
2014-03-19,67.72006225585938,94.99234771728516,76.41494750976562,75.5859603881836
2014-03-20,67.72815704345703,94.96089172363281,76.43001556396484,75.45203399658203
2014-03-21,67.73613739013672,94.95296478271484,76.57328033447266,76.26951599121094
2014-03-24,67.70401763916016,94.86636352539062,76.60340881347656,76.81208038330078
2014-03-25,67.7120590209961,94.85855102539062,76.55818939208984,76.52316284179688
2014-03-26,67.76023864746094,95.12610626220703,76.88235473632812,77.12215423583984
2014-03-27,67.75224304199219,95.09468078613281,76.9577407836914,77.50975799560547
2014-03-28,67.75224304199219,94.92152404785156,76.68636322021484,77.0728530883789
2014-03-31,67.79238891601562,95.01594543457031,76.69388580322266,76.882568359375
2014-04-01,67.75302124023438,94.9710464477539,76.53528594970703,76.22553253173828
2014-04-02,67.72891235351562,94.71891021728516,76.20291900634766,75.7874755859375
2014-04-03,67.74498748779297,94.72682189941406,76.2558364868164,76.11952209472656
2014-04-04,67.80121612548828,95.09710693359375,76.72406005859375,76.62821197509766
2014-04-07,67.80923461914062,95.1995849609375,76.90538787841797,77.08747100830078
2014-04-08,67.8172607421875,95.28624725341797,77.01111602783203,77.2711410522461
2014-04-09,67.84935760498047,95.44384765625,76.98845672607422,76.8896255493164
2014-04-10,67.88960266113281,95.6171646118164,77.31324005126953,77.6032485961914
2014-04-11,67.88146209716797,95.69598388671875,77.47186279296875,78.23201751708984
2014-04-14,67.87349700927734,95.5777587890625,77.35103607177734,78.0271224975586
2014-04-15,67.87349700927734,95.56988525390625,77.4416275024414,78.51461791992188
2014-04-16,67.84935760498047,95.41230773925781,77.32079315185547,78.613525390625
2014-04-17,67.83332824707031,95.08138275146484,76.8827133178711,77.75155639648438
2014-04-21,67.83332824707031,95.16802215576172,76.86759185791016,77.68798828125
2014-04-22,67.80121612548828,95.07347106933594,76.83741760253906,77.94944763183594
2014-04-23,67.83332824707031,95.20745849609375,77.03376770019531,78.39450073242188
2014-04-24,67.8172607421875,95.17594146728516,77.01111602783203,78.54288482666016
2014-04-25,67.82524871826172,95.27049255371094,77.11680603027344,78.65593719482422
2014-04-28,67.82524871826172,95.1995849609375,77.00360107421875,78.2744369506836
2014-04-29,67.8172607421875,95.25468444824219,77.0715103149414,78.16841888427734
2014-04-30,67.86539459228516,95.48321533203125,77.27547454833984,78.49341583251953
2014-05-01,67.86622619628906,95.58572387695312,77.4979476928711,79.33551025390625
2014-05-02,67.85822296142578,95.53844451904297,77.6114730834961,79.82418823242188
2014-05-05,67.86622619628906,95.51473999023438,77.56605529785156,79.34257507324219
2014-05-06,67.84210968017578,95.53056335449219,77.6568832397461,79.66122436523438
2014-05-07,67.86622619628906,95.64097595214844,77.7174072265625,79.37799835205078
2014-05-08,67.88226318359375,95.77505493164062,77.80066680908203,79.03801727294922
2014-05-09,67.90647888183594,95.78294372558594,77.74009704589844,78.78311157226562
2014-05-12,67.89035034179688,95.65670776367188,77.53578186035156,78.46441650390625
2014-05-13,67.91447448730469,95.82235717773438,77.8384780883789,79.1443099975586
2014-05-14,67.93846893310547,96.043212890625,78.19419860839844,80.00123596191406
2014-05-15,67.94654846191406,96.18521881103516,78.47413635253906,80.63865661621094
2014-05-16,67.95458984375,96.1063003540039,78.30768585205078,80.41205596923828
2014-05-19,67.97064208984375,96.12211608886719,78.20930480957031,79.81710815429688
2014-05-20,67.97868347167969,96.27986145019531,78.43628692626953,79.994140625
2014-05-21,67.97868347167969,96.21675109863281,78.31522369384766,79.50548553466797
2014-05-22,67.9626693725586,96.11421966552734,78.23197937011719,79.39212799072266
2014-05-23,67.94654846191406,96.20098114013672,78.39091491699219,79.81710815429688
2014-05-27,67.9626693725586,96.248291015625,78.41365051269531,80.28451538085938
2014-05-28,67.97868347167969,96.4691162109375,78.84495544433594,81.27605438232422
2014-05-29,67.97064208984375,96.39817810058594,78.74656677246094,80.84400177001953
2014-05-30,67.98668670654297,96.31138610839844,78.68608856201172,80.80859375
2014-06-02,67.94090270996094,96.0768814086914,78.32601165771484,80.2078857421875
2014-06-03,67.92491912841797,95.87162017822266,77.93180847167969,79.22096252441406
2014-06-04,67.9489517211914,95.87954711914062,77.87117767333984,79.19962310791016
2014-06-05,67.95694732666016,95.9505615234375,77.98493194580078,79.23511505126953
2014-06-06,67.94090270996094,95.86375427246094,77.92424011230469,79.23511505126953
2014-06-09,67.89273834228516,95.7374038696289,77.81050109863281,79.12153625488281
2014-06-10,67.87664031982422,95.63475799560547,77.67406463623047,78.83039093017578
2014-06-11,67.90071868896484,95.71373748779297,77.78023529052734,78.97240447998047
2014-06-12,67.92491912841797,95.90321350097656,78.08340454101562,79.67532348632812
2014-06-13,67.88468170166016,95.76106262207031,77.93180847167969,79.63279724121094
2014-06-16,67.86862182617188,95.7294921875,77.93180847167969,79.83155059814453
2014-06-17,67.81240844726562,95.47685241699219,77.60582733154297,79.19962310791016
2014-06-18,67.86862182617188,95.76106262207031,78.01520538330078,79.81028747558594
2014-06-19,67.86058044433594,95.75315856933594,77.81809997558594,78.78776550292969
2014-06-20,67.86058044433594,95.7294921875,77.9090576171875,79.38423919677734
2014-06-23,67.86058044433594,95.70579528808594,77.85599517822266,79.13570404052734
2014-06-24,67.88468170166016,95.83210754394531,78.17435455322266,79.93805694580078
2014-06-25,67.89273834228516,95.94268035888672,78.25019836425781,80.14401245117188
2014-06-26,67.9087905883789,96.06109619140625,78.454833984375,80.52740478515625
2014-06-27,67.92491912841797,96.11640167236328,78.454833984375,80.40672302246094
2014-06-30,67.93291473388672,96.16374969482422,78.5154800415039,80.60553741455078
2014-07-01,67.90470886230469,96.0159683227539,78.25880432128906,79.9306869506836
2014-07-02,67.88059997558594,95.80256652832031,77.93988037109375,79.07642364501953
2014-07-03,67.87264251708984,95.67610931396484,77.78038024902344,78.7916488647461
2014-07-07,67.85655212402344,95.71564483642578,77.97017669677734,79.36829376220703
2014-07-08,67.87264251708984,95.86578369140625,78.32711791992188,80.25814819335938
2014-07-09,67.88059997558594,95.92115783691406,78.34236145019531,80.32221221923828
2014-07-10,67.91280364990234,96.05547332763672,78.5093994140625,80.34355163574219
2014-07-11,67.92887115478516,96.13444519042969,78.63850402832031,80.85614013671875
2014-07-14,67.92084503173828,96.00802612304688,78.46383666992188,80.50733947753906
2014-07-15,67.88866424560547,95.92115783691406,78.39551544189453,80.34355163574219
2014-07-16,67.88059997558594,95.90531921386719,78.5093994140625,80.77071380615234
2014-07-17,67.9369125366211,96.17399597167969,78.96509552001953,81.7886962890625
2014-07-18,67.88059997558594,96.0159683227539,78.80558776855469,81.52527618408203
2014-07-21,67.88866424560547,95.99226379394531,78.8283920288086,81.93106842041016
2014-07-22,67.88866424560547,96.10285949707031,78.9271469116211,82.10194396972656
2014-07-23,67.91280364990234,96.12661743164062,78.91946411132812,81.99515533447266
2014-07-24,67.88866424560547,95.8736343383789,78.60054779052734,81.3829116821289
2014-07-25,67.89674377441406,96.00802612304688,78.90428924560547,82.34397888183594
2014-07-28,67.8645248413086,95.95272064208984,78.81316375732422,82.23006439208984
2014-07-29,67.88059997558594,95.98429870605469,78.91946411132812,82.52906799316406
2014-07-30,67.8485107421875,95.68404388427734,78.36510467529297,81.3829116821289
2014-07-31,67.88059997558594,95.71564483642578,78.34236145019531,81.14083862304688
2014-08-01,67.96676635742188,96.11833190917969,78.80341339111328,81.76895904541016
2014-08-04,67.96676635742188,96.2053451538086,78.84907531738281,81.55484771728516
2014-08-05,67.96676635742188,96.18954467773438,78.88713836669922,81.81893157958984
2014-08-06,67.9827651977539,96.22911834716797,78.95561981201172,81.86894989013672
2014-08-07,68.01490783691406,96.41902923583984,79.313232421875,82.63261413574219
2014-08-08,67.97467041015625,96.36357879638672,79.24474334716797,82.4542007446289
2014-08-11,67.97467041015625,96.37940979003906,79.20667266845703,82.44702911376953
2014-08-12,67.97467041015625,96.34778594970703,79.09251403808594,81.91175079345703
2014-08-13,68.0068359375,96.52973937988281,79.35124206542969,82.44702911376953
2014-08-14,68.02295684814453,96.58509826660156,79.51105499267578,83.11085510253906
2014-08-15,68.02295684814453,96.6880111694336,79.83061981201172,84.01736450195312
2014-08-18,68.02295684814453,96.58509826660156,79.57953643798828,83.18228149414062
2014-08-19,68.02295684814453,96.56926727294922,79.49581146240234,82.9253158569336
2014-08-20,67.95861053466797,96.33985137939453,79.25997924804688,82.78965759277344
2014-08-21,67.95861053466797,96.39521789550781,79.42736053466797,83.25361633300781
2014-08-22,67.94257354736328,96.31614685058594,79.4349594116211,83.71759033203125
2014-08-25,67.91844177246094,96.26863861083984,79.49581146240234,84.0315933227539
2014-08-26,67.94257354736328,96.33985137939453,79.48059844970703,83.76036834716797
2014-08-27,67.95861053466797,96.42691040039062,79.70122528076172,84.4741439819336
2014-08-28,67.97467041015625,96.5218505859375,79.80779266357422,84.91669464111328
2014-08-29,68.0068359375,96.58509826660156,79.8154067993164,84.97379302978516
2014-09-02,67.9489517211914,96.27623748779297,79.30545806884766,83.5079345703125
2014-09-03,67.96505737304688,96.33956146240234,79.4197998046875,83.97299194335938
2014-09-04,67.95699310302734,96.21286010742188,79.1377944946289,82.94993591308594
2014-09-05,67.98112487792969,96.29208374023438,79.16065979003906,82.79254150390625
2014-09-08,67.94091796875,96.16537475585938,79.07684326171875,82.82835388183594
2014-09-09,67.90069580078125,96.00695037841797,78.89393615722656,82.76396179199219
2014-09-10,67.90875244140625,95.91984558105469,78.69572448730469,82.24171447753906
2014-09-11,67.91683197021484,95.89605712890625,78.59664154052734,81.96988677978516
2014-09-12,67.90069580078125,95.77728271484375,78.29938507080078,81.11139678955078
2014-09-15,67.9328842163086,95.8802261352539,78.44424438476562,81.23299407958984
2014-09-16,67.97309875488281,95.9435806274414,78.42131805419922,80.9039306640625
2014-09-17,67.90069580078125,95.7376937866211,78.22320556640625,80.69647979736328
2014-09-18,67.90875244140625,95.6663818359375,78.1697998046875,80.95401763916016
2014-09-19,67.90069580078125,95.78519439697266,78.4670639038086,81.98417663574219
2014-09-22,67.9489517211914,95.95948028564453,78.634765625,82.08433532714844
2014-09-23,67.96505737304688,96.03071594238281,78.80240631103516,82.59224700927734
2014-09-24,67.94091796875,95.90396881103516,78.58140563964844,82.13439178466797
2014-09-25,67.9892349243164,96.14949035644531,78.96250915527344,83.10736846923828
2014-09-26,67.95699310302734,95.98316955566406,78.79481506347656,82.98572540283203
2014-09-29,67.97309875488281,96.11788177490234,79.04637908935547,83.65100860595703
2014-09-30,67.95699310302734,96.0861587524414,78.97775268554688,83.17886352539062
2014-10-01,68.02940368652344,96.5198974609375,79.64129638671875,84.79179382324219
2014-10-02,68.0213394165039,96.40885925292969,79.40457916259766,84.0531005859375
2014-10-03,67.95700073242188,96.31371307373047,79.38166809082031,84.41172790527344
2014-10-06,68.0213394165039,96.45645904541016,79.51152038574219,84.46187591552734
2014-10-07,68.06161499023438,96.74978637695312,79.97725677490234,85.60222625732422
2014-10-08,68.13394927978516,97.09870147705078,80.2597885131836,85.62371063232422
2014-10-09,68.13394927978516,96.97976684570312,80.12234497070312,85.25081634521484
2014-10-10,68.16614532470703,97.10661315917969,80.43540954589844,86.0970687866211
2014-10-13,68.19029998779297,97.49516296386719,80.85533905029297,86.62063598632812
2014-10-14,68.23045349121094,97.55858612060547,81.01573944091797,87.18716430664062
2014-10-15,68.31896209716797,97.99462890625,81.4738998413086,87.87566375732422
2014-10-16,68.27875518798828,97.8281478881836,81.25244140625,87.31632232666016
2014-10-17,68.23849487304688,97.63001251220703,81.01573944091797,86.82862854003906
2014-10-20,68.27875518798828,97.74091339111328,81.13024139404297,87.1441650390625
2014-10-21,68.26265716552734,97.63784790039062,80.90886688232422,86.44847869873047
2014-10-22,68.24661254882812,97.61410522460938,80.88594055175781,86.54167175292969
2014-10-23,68.21435546875,97.38410186767578,80.5499267578125,85.77433013916016
2014-10-24,68.23045349121094,97.39204406738281,80.61861419677734,85.86039733886719
2014-10-27,68.23045349121094,97.46340942382812,80.70259094238281,86.01818084716797
2014-10-28,68.21435546875,97.34445190429688,80.50415802001953,85.48029327392578
2014-10-29,68.12593841552734,97.01148223876953,80.23688507080078,85.6739501953125
2014-10-30,68.15003204345703,97.09870147705078,80.32086944580078,85.74567413330078
2014-10-31,68.13394927978516,97.01148223876953,80.19105529785156,85.52335357666016
2014-11-03,68.12511444091797,96.92971801757812,80.16121673583984,85.52334594726562
2014-11-04,68.11701965332031,96.92971801757812,80.15357971191406,85.78934478759766
2014-11-05,68.10096740722656,96.93766784667969,80.1765365600586,85.66712951660156
2014-11-06,68.08484649658203,96.81063842773438,79.9317626953125,85.1135482788086
2014-11-07,68.1331787109375,97.1520004272461,80.44426727294922,86.09132385253906
2014-11-10,68.08484649658203,96.93766784667969,80.11531066894531,85.30046844482422
2014-11-11,68.07681274414062,96.92971801757812,80.1229476928711,85.35796356201172
2014-11-12,68.10096740722656,96.96145629882812,80.09239959716797,85.28609466552734
2014-11-13,68.11701965332031,97.02497100830078,80.22242736816406,85.48735809326172
2014-11-14,68.14924621582031,97.12816619873047,80.39068603515625,85.90436553955078
2014-11-17,68.14122772216797,97.08053588867188,80.29891967773438,85.68868255615234
2014-11-18,68.1331787109375,97.1520004272461,80.39068603515625,85.92595672607422
2014-11-19,68.12511444091797,97.0169906616211,80.1765365600586,85.37956237792969
2014-11-20,68.14122772216797,97.10433959960938,80.32186126708984,85.82526397705078
2014-11-21,68.1573257446289,97.20755767822266,80.48245239257812,86.34288787841797
2014-11-24,68.16535949707031,97.2710952758789,80.5743179321289,86.41478729248047
2014-11-25,68.17342376708984,97.37422943115234,80.77315521240234,87.13371276855469
2014-11-26,68.18145751953125,97.49327850341797,80.91081237792969,87.3709716796875
2014-11-28,68.20559692382812,97.6679458618164,81.22441864013672,88.06111907958984
2014-12-01,68.20477294921875,97.62821197509766,81.02523040771484,87.54739379882812
2014-12-02,68.1644515991211,97.33416748046875,80.66511535644531,86.6971206665039
2014-12-03,68.13236236572266,97.29441833496094,80.69579315185547,87.03578186035156
2014-12-04,68.17257690429688,97.42157745361328,80.97925567626953,87.76354217529297
2014-12-05,68.0438003540039,96.99247741699219,80.52720642089844,87.25196075439453
2014-12-08,68.0357437133789,97.07190704345703,80.79533386230469,88.3183364868164
2014-12-09,68.05992126464844,97.2626724243164,81.09416198730469,88.77234649658203
2014-12-10,68.11622619628906,97.55667114257812,81.46199035644531,89.42080688476562
2014-12-11,68.08403778076172,97.37391662597656,81.32403564453125,89.7883071899414
2014-12-12,68.14842987060547,97.77920532226562,81.99063873291016,91.00598907470703
2014-12-15,68.10014343261719,97.509033203125,81.69178771972656,90.8187026977539
2014-12-16,68.140380859375,97.79511260986328,82.1055908203125,91.94276428222656
2014-12-17,68.0759506225586,97.34215545654297,81.5385971069336,91.11412048339844
2014-12-18,68.0357437133789,97.10369873046875,81.07886505126953,89.49286651611328
2014-12-19,67.9874496459961,97.22293090820312,81.37767028808594,90.69622039794922
2014-12-22,68.0035629272461,97.19112396240234,81.37767028808594,90.8187026977539
2014-12-23,67.93106842041016,96.85736846923828,80.70342254638672,89.01729583740234
2014-12-24,67.9657211303711,96.86051177978516,80.76175689697266,89.5018081665039
2014-12-26,67.94161224365234,96.86852264404297,80.86919403076172,89.83405303955078
2014-12-29,68.0059585571289,97.05939483642578,81.14541625976562,90.50554656982422
2014-12-30,68.03015899658203,97.19468688964844,81.23750305175781,90.75101470947266
2014-12-31,68.0059585571289,97.30606079101562,81.32955169677734,90.92432403564453
2015-01-02,68.0784683227539,97.52084350585938,81.74392700195312,91.93522644042969
2015-01-05,68.0784683227539,97.74361419677734,82.24271392822266,93.3793716430664
2015-01-06,68.11068725585938,98.0458984375,82.79518127441406,95.06183624267578
2015-01-07,68.14287567138672,98.13345336914062,82.77981567382812,94.87409973144531
2015-01-08,68.13485717773438,98.01408386230469,82.44219970703125,93.61763000488281
2015-01-09,68.19110870361328,98.30057525634766,82.84890747070312,94.64300537109375
2015-01-12,68.2314682006836,98.51531982421875,83.14046478271484,95.18455505371094
2015-01-13,68.27173614501953,98.61074829101562,83.21723937988281,95.18455505371094
2015-01-14,68.31205749511719,98.87335205078125,83.60084533691406,95.90666961669922
2015-01-15,68.41665649414062,99.42225646972656,84.31448364257812,97.41582489013672
2015-01-16,68.35227966308594,98.97673797607422,83.69290924072266,96.17385864257812
2015-01-20,68.32007598876953,99.00062561035156,83.88479614257812,97.45191955566406
2015-01-21,68.32007598876953,98.77784729003906,83.48577117919922,96.3254623413086
2015-01-22,68.29585266113281,98.63461303710938,83.27860260009766,95.97891235351562
2015-01-23,68.32807922363281,98.92901611328125,83.82337951660156,97.31478118896484
2015-01-26,68.2878646850586,98.77784729003906,83.6315689086914,97.01864624023438
2015-01-27,68.32807922363281,98.87335205078125,83.7467041015625,97.17034149169922
2015-01-28,68.37643432617188,99.23135375976562,84.39122009277344,98.7588882446289
2015-01-29,68.35227966308594,99.08816528320312,84.09195709228516,98.1090087890625
2015-01-30,68.43280792236328,99.55752563476562,84.82860565185547,99.84918975830078
2015-02-02,68.41101837158203,99.50335693359375,84.72254180908203,99.47225189208984
2015-02-03,68.35462951660156,99.09720611572266,84.00773620605469,97.36676788330078
2015-02-04,68.36268615722656,99.15290832519531,84.14610290527344,97.5331802368164
2015-02-05,68.33858489990234,99.01752471923828,83.83866882324219,96.46233367919922
2015-02-06,68.17741394042969,98.2369613647461,82.90098571777344,94.75479125976562
2015-02-09,68.16934967041016,98.1891860961914,82.86245727539062,94.60281372070312
2015-02-10,68.1532211303711,98.06175994873047,82.65502166748047,93.85037231445312
2015-02-11,68.16130828857422,98.03785705566406,82.62430572509766,94.02403259277344
2015-02-12,68.1855239868164,98.14937591552734,82.65502166748047,93.7128677368164
2015-02-13,68.1855239868164,98.03785705566406,82.37833404541016,92.75057220458984
2015-02-17,68.1532211303711,97.67942810058594,81.794189453125,91.35411834716797
2015-02-18,68.23382568359375,98.02987670898438,82.1861572265625,91.89679718017578
2015-02-19,68.1935043334961,97.85465240478516,81.9786605834961,91.28907012939453
2015-02-20,68.1855239868164,97.78296661376953,81.9324722290039,91.5567398071289
2015-02-23,68.21766662597656,98.0138931274414,82.3091812133789,92.60588836669922
2015-02-24,68.27407836914062,98.39628601074219,82.85485076904297,93.82141876220703
2015-02-25,68.27407836914062,98.43608093261719,82.93170928955078,94.2265625
2015-02-26,68.20962524414062,98.05377960205078,82.43978118896484,92.93865966796875
2015-02-27,68.23382568359375,98.2290267944336,82.73184204101562,93.72008514404297
2015-03-02,68.1781997680664,97.90133666992188,82.11604309082031,91.97444915771484
2015-03-03,68.16207122802734,97.78172302246094,81.93897247314453,91.64093780517578
2015-03-04,68.1781997680664,97.8774185180664,82.00056457519531,91.66997528076172
2015-03-05,68.20236206054688,97.95712280273438,82.04676055908203,91.55398559570312
2015-03-06,68.12987518310547,97.40701293945312,81.20762634277344,89.5313491821289
2015-03-09,68.16207122802734,97.64614868164062,81.58489227294922,90.35780334472656
2015-03-10,68.1781997680664,97.8295669555664,81.93126678466797,91.54670715332031
2015-03-11,68.1781997680664,97.8853530883789,82.07752990722656,92.21365356445312
2015-03-12,68.19435119628906,97.96515655517578,82.1545181274414,92.1484375
2015-03-13,68.20236206054688,97.94114685058594,82.03133392333984,91.86569213867188
2015-03-16,68.21049499511719,98.06877136230469,82.316162109375,92.75011444091797
2015-03-17,68.19435119628906,98.14048767089844,82.48551940917969,93.51860809326172
2015-03-18,68.35550689697266,98.84217071533203,83.43238067626953,95.32373046875
2015-03-19,68.26683044433594,98.4833755493164,83.03978729248047,94.83800506591797
2015-03-20,68.31517791748047,98.79430389404297,83.37853240966797,95.33818817138672
2015-03-23,68.33940124511719,98.86607360839844,83.48632049560547,95.22222900390625
2015-03-24,68.36357879638672,99.02550506591797,83.74038696289062,96.1429214477539
2015-03-25,68.34741973876953,98.81819152832031,83.37853240966797,95.33097076416016
2015-03-26,68.31517791748047,98.58696746826172,82.908935546875,93.8448257446289
2015-03-27,68.35550689697266,98.75444793701172,83.23222351074219,95.01200103759766
2015-03-30,68.34741973876953,98.81819152832031,83.22453308105469,94.54077911376953
2015-03-31,68.40383911132812,99.00159454345703,83.44011688232422,94.74372100830078
2015-04-01,68.43370819091797,99.21075439453125,83.83720397949219,95.98822021484375
2015-04-02,68.42562866210938,99.13888549804688,83.59815216064453,94.97113037109375
2015-04-06,68.48204803466797,99.33846282958984,83.70610046386719,94.4408187866211
2015-04-07,68.43370819091797,99.24269104003906,83.77556610107422,95.23268127441406
2015-04-08,68.43370819091797,99.21075439453125,83.69839477539062,95.26171875
2015-04-09,68.40946960449219,98.99526977539062,83.3591079711914,94.02669525146484
2015-04-10,68.3934097290039,98.96327209472656,83.33601379394531,94.16472625732422
2015-04-13,68.43370819091797,99.09896087646484,83.50562286376953,94.29551696777344
2015-04-14,68.46592712402344,99.24269104003906,83.75239562988281,94.96385955810547
2015-04-15,68.46592712402344,99.29056549072266,83.79867553710938,94.88394927978516
2015-04-16,68.49813842773438,99.42625427246094,83.86034393310547,94.41177368164062
2015-04-17,68.46592712402344,99.39433288574219,84.02998352050781,95.49419403076172
2015-04-20,68.4578628540039,99.3624038696289,83.87580108642578,94.6515121459961
2015-04-21,68.46592712402344,99.29056549072266,83.69839477539062,94.22293090820312
2015-04-22,68.40946960449219,98.99526977539062,83.21263885498047,92.78447723388672
2015-04-23,68.44174194335938,99.13888549804688,83.46713256835938,93.18404388427734
2015-04-24,68.46592712402344,99.37037658691406,83.76010131835938,93.76522827148438
2015-04-27,68.4578628540039,99.25862884521484,83.62898254394531,93.76522827148438
2015-04-28,68.42562866210938,99.01919555664062,83.24345397949219,92.4720687866211
2015-04-29,68.43370819091797,98.9233627319336,82.93505859375,91.33883666992188
2015-04-30,68.42562866210938,98.89939880371094,82.91195678710938,91.49860382080078
2015-05-01,68.39736938476562,98.5845947265625,82.45863342285156,90.26692199707031
2015-05-04,68.39736938476562,98.56055450439453,82.28872680664062,89.4151611328125
2015-05-05,68.38130187988281,98.47274017333984,82.14974975585938,89.29147338867188
2015-05-06,68.3570327758789,98.27293395996094,81.74817657470703,87.76270294189453
2015-05-07,68.33283996582031,98.38481140136719,82.09568786621094,88.94203186035156
2015-05-08,68.42961883544922,98.71247863769531,82.41230773925781,89.18228149414062
2015-05-11,68.3651351928711,98.27293395996094,81.60145568847656,87.01292419433594
2015-05-12,68.37321472167969,98.31291961669922,81.6632308959961,87.23863220214844
2015-05-13,68.40544891357422,98.32088470458984,81.55513763427734,86.53976440429688
2015-05-14,68.46994018554688,98.56864929199219,81.8331069946289,86.7726821899414
2015-05-15,68.46994018554688,98.81631469726562,82.42002868652344,88.51253509521484
2015-05-18,68.42961883544922,98.54466247558594,81.86400604248047,87.02752685546875
2015-05-19,68.38933563232422,98.21698760986328,81.50108337402344,86.25582122802734
2015-05-20,68.4135513305664,98.39276885986328,81.67864227294922,86.40142059326172
2015-05-21,68.4377212524414,98.64852905273438,82.1651611328125,87.6098403930664
2015-05-22,68.38933563232422,98.52063751220703,81.9798355102539,87.6462631225586
2015-05-26,68.39736938476562,98.6724853515625,82.4895248413086,89.14586639404297
2015-05-27,68.40544891357422,98.6564712524414,82.4432144165039,89.34967041015625
2015-05-28,68.4377212524414,98.76834106445312,82.52043151855469,89.1313247680664
2015-05-29,68.45382690429688,98.83226013183594,82.5667724609375,89.32781982421875
2015-06-01,68.41110229492188,98.60665893554688,82.20246124267578,88.36773681640625
2015-06-02,68.40302276611328,98.34264373779297,81.63009643554688,87.13485717773438
2015-06-03,68.37879943847656,97.97465515136719,80.93397521972656,85.73413848876953
2015-06-04,68.38684844970703,98.15868377685547,81.32842254638672,86.85040283203125
2015-06-05,68.32234191894531,97.75861358642578,80.7406234741211,85.79254913330078
2015-06-08,68.3626480102539,97.91866302490234,80.8566665649414,85.69771575927734
2015-06-09,68.33036804199219,97.72663116455078,80.59368896484375,85.01924133300781
2015-06-10,68.31425476074219,97.54258728027344,80.2842788696289,84.2751693725586
2015-06-11,68.33036804199219,97.87059783935547,80.91854858398438,86.04788970947266
2015-06-12,68.31425476074219,97.83065795898438,80.87210083007812,86.04788970947266
2015-06-15,68.34651947021484,97.99866485595703,81.06548309326172,86.18647003173828
2015-06-16,68.3707275390625,98.1506576538086,81.3748550415039,86.86497497558594
2015-06-17,68.4191665649414,98.32666778564453,81.42124938964844,86.19379425048828
2015-06-18,68.43528747558594,98.3106689453125,81.3593521118164,85.77066040039062
2015-06-19,68.45147705078125,98.55868530273438,81.79254150390625,86.8722915649414
2015-06-22,68.40302276611328,98.17469024658203,81.10416412353516,85.09947204589844
2015-06-23,68.38684844970703,98.05467224121094,80.8566665649414,84.58879852294922
2015-06-24,68.4191665649414,98.19864654541016,81.09638214111328,85.31837463378906
2015-06-25,68.40302276611328,98.03063201904297,80.8952865600586,85.01924133300781
2015-06-26,68.3626480102539,97.87059783935547,80.50858306884766,84.06355285644531
2015-06-29,68.47565460205078,98.43868255615234,81.44446563720703,86.28865051269531
2015-06-30,68.47565460205078,98.37467956542969,81.2201919555664,85.69043731689453
2015-07-01,68.41751098632812,98.10641479492188,80.79566955566406,84.53376770019531
2015-07-02,68.5224838256836,98.39466094970703,81.08223724365234,84.81163787841797
2015-07-06,68.53861236572266,98.7310791015625,81.6554946899414,86.38356018066406
2015-07-07,68.530517578125,98.84322357177734,81.87239074707031,87.19509887695312
2015-07-08,68.60318756103516,99.01143646240234,82.19778442382812,87.94813537597656
2015-07-09,68.55476379394531,98.68302154541016,81.62448120117188,86.21536254882812
2015-07-10,68.49018096923828,98.3466567993164,81.05902862548828,84.84817504882812
2015-07-13,68.45787811279297,98.16243743896484,80.84214782714844,84.5849380493164
2015-07-14,68.49018096923828,98.3466567993164,81.0977783203125,84.86278533935547
2015-07-15,68.51439666748047,98.53887939453125,81.40762329101562,85.7621078491211
2015-07-16,68.48212432861328,98.45076751708984,81.37661743164062,86.35431671142578
2015-07-17,68.4659423828125,98.38668060302734,81.38438415527344,86.80025482177734
2015-07-20,68.42561340332031,98.23448181152344,81.2216796875,86.43476104736328
2015-07-21,68.43367004394531,98.37865447998047,81.4463119506836,86.90267944335938
2015-07-22,68.42561340332031,98.37065124511719,81.54705047607422,87.44366455078125
2015-07-23,68.43367004394531,98.56287384033203,81.8801498413086,88.5330581665039
2015-07-24,68.4498062133789,98.61894989013672,81.95765686035156,88.75238800048828
2015-07-27,68.49820709228516,98.85926055908203,82.22874450683594,89.22767639160156
2015-07-28,68.48212432861328,98.77110290527344,81.996337890625,88.57693481445312
2015-07-29,68.4659423828125,98.65897369384766,81.8801498413086,88.24793243408203
2015-07-30,68.43367004394531,98.65897369384766,81.97310638427734,88.9278793334961
2015-07-31,68.5063247680664,99.03543090820312,82.45339965820312,89.58584594726562
2015-08-03,68.52891540527344,99.11160278320312,82.7047348022461,90.52894592285156
2015-08-04,68.42394256591797,98.74275970458984,82.27806091308594,89.81088256835938
2015-08-05,68.43197631835938,98.55830383300781,81.95996856689453,89.13675689697266
2015-08-06,68.44815826416016,98.70264434814453,82.24700927734375,89.9281234741211
2015-08-07,68.41584014892578,98.87108612060547,82.5728759765625,91.1078109741211
2015-08-10,68.41584014892578,98.73473358154297,82.23148345947266,89.97936248779297
2015-08-11,68.50469207763672,99.09561157226562,82.77462768554688,91.40818786621094
2015-08-12,68.50469207763672,99.14369201660156,82.74354553222656,90.90996551513672
2015-08-13,68.44815826416016,98.90312957763672,82.52631378173828,90.6168441772461
2015-08-14,68.41584014892578,98.81493377685547,82.44097900390625,90.8293685913086
2015-08-17,68.45625305175781,98.96728515625,82.58837127685547,91.23966979980469
2015-08-18,68.44815826416016,98.90312957763672,82.45651245117188,90.5215835571289
2015-08-19,68.51282501220703,99.26398468017578,82.9607925415039,91.41552734375
2015-08-20,68.48857116699219,99.3200912475586,83.1857681274414,92.33876037597656
2015-08-21,68.56123352050781,99.55262756347656,83.51936340332031,92.6171875
2015-08-24,68.59355163574219,99.79320526123047,83.65906524658203,92.58790588378906
2015-08-25,68.56123352050781,99.4965591430664,83.20130920410156,91.10047149658203
2015-08-26,68.52088928222656,99.2399673461914,82.68926239013672,89.34188079833984
2015-08-27,68.52891540527344,99.21588897705078,82.64271545410156,89.39325714111328
2015-08-28,68.49662017822266,99.1517105102539,82.65821075439453,89.656982421875
2015-08-31,68.472412109375,98.99130249023438,82.51854705810547,88.96820068359375
2015-09-01,68.49663543701172,99.22010803222656,82.88923645019531,89.60929107666016
2015-09-02,68.51282501220703,99.1719970703125,82.66390991210938,88.83822631835938
2015-09-03,68.51282501220703,99.30846405029297,82.86591339111328,89.27149963378906
2015-09-04,68.52092742919922,99.38874816894531,83.12232971191406,90.08661651611328
2015-09-08,68.49663543701172,99.1639175415039,82.75711059570312,88.75745391845703
2015-09-09,68.48046112060547,99.21215057373047,82.7881851196289,89.18341827392578
2015-09-10,68.50473022460938,99.14790344238281,82.60172271728516,88.5811996459961
2015-09-11,68.52896118164062,99.30045318603516,82.81925201416016,89.13927459716797
2015-09-14,68.51282501220703,99.356689453125,82.89695739746094,89.27883911132812
2015-09-15,68.41580200195312,98.92305755615234,82.2442855834961,87.56785583496094
2015-09-16,68.40776062011719,98.90699768066406,82.22095489501953,87.23743438720703
2015-09-17,68.561279296875,99.46099090576172,82.9047622680664,88.30220031738281
2015-09-18,68.59361267089844,99.66972351074219,83.29330444335938,89.66067504882812
2015-09-21,68.5531997680664,99.41278839111328,82.81925201416016,88.19938659667969
2015-09-22,68.59361267089844,99.66972351074219,83.23114776611328,89.42569732666016
2015-09-23,68.56936645507812,99.59748840332031,83.13788604736328,89.41834259033203
2015-09-24,68.60977172851562,99.69384002685547,83.26224517822266,90.0278549194336
2015-09-25,68.57743835449219,99.58142852783203,83.04462432861328,89.24946594238281
2015-09-28,68.62592315673828,99.83026885986328,83.5186767578125,90.77684783935547
2015-09-29,68.65826416015625,99.9989013671875,83.80621337890625,91.03387451171875
2015-09-30,68.67438507080078,100.07109832763672,83.82168579101562,90.71804809570312
2015-10-01,68.67438507080078,100.08964538574219,83.88711547851562,91.10516357421875
2015-10-02,68.77140045166016,100.44328308105469,84.29177856445312,91.6570816040039
2015-10-05,68.72291564941406,100.194091796875,83.8248062133789,90.41345977783203
2015-10-06,68.71480560302734,100.27445983886719,83.99603271484375,90.8034896850586
2015-10-07,68.69866180419922,100.10566711425781,83.78593444824219,90.50179290771484
2015-10-08,68.6824722290039,99.96903228759766,83.5680160522461,89.74386596679688
2015-10-09,68.6824722290039,99.9288558959961,83.61467742919922,89.97930145263672
2015-10-12,68.66635131835938,100.1218032836914,83.89485168457031,90.66361999511719
2015-10-13,68.6905517578125,100.1860580444336,83.97270965576172,90.81815338134766
2015-10-14,68.78758239746094,100.56379699707031,84.43185424804688,91.61288452148438
2015-10-15,68.74716186523438,100.32267761230469,84.14390563964844,91.16400909423828
2015-10-16,68.71480560302734,100.25840759277344,84.07388305664062,91.1934585571289
2015-10-19,68.73908233642578,100.26638793945312,84.03499603271484,90.9432601928711
2015-10-20,68.69866180419922,100.07352447509766,83.74696350097656,90.3840103149414
2015-10-21,68.72291564941406,100.16191864013672,84.03499603271484,91.28178405761719
2015-10-22,68.74716186523438,100.28250885009766,84.12055206298828,91.43631744384766
2015-10-23,68.6905517578125,99.96107482910156,83.64582824707031,90.65628814697266
2015-10-26,68.6905517578125,100.06552124023438,83.86371612548828,91.25965118408203
2015-10-27,68.71480560302734,100.20216369628906,84.07388305664062,91.48779296875
2015-10-28,68.62590026855469,99.80830383300781,83.63802337646484,91.11984252929688
2015-10-29,68.57740020751953,99.5430679321289,83.12438201904297,89.67021179199219
2015-10-30,68.57740020751953,99.59126281738281,83.28778839111328,90.34720611572266
2015-11-02,68.53777313232422,99.38768005371094,83.04852294921875,89.93203735351562
2015-11-03,68.52967071533203,99.29114532470703,82.8302993774414,89.19458770751953
2015-11-04,68.45689392089844,99.0979995727539,82.74456787109375,89.29784393310547
2015-11-05,68.45689392089844,99.05779266357422,82.68999481201172,89.06185913085938
2015-11-06,68.39218139648438,98.67960357666016,82.12879943847656,87.75650787353516
2015-11-09,68.3759994506836,98.59103393554688,81.98848724365234,87.26246643066406
2015-11-10,68.40837097167969,98.77615356445312,82.1444320678711,87.52058410644531
2015-11-11,68.39218139648438,98.75198364257812,82.10546875,87.3362045288086
2015-11-12,68.41641998291016,98.78416442871094,82.1521987915039,87.75650787353516
2015-11-13,68.47308349609375,99.02556610107422,82.46399688720703,88.25801849365234
2015-11-16,68.47308349609375,99.0899429321289,82.57308197021484,88.17692565917969
2015-11-17,68.44876098632812,99.04973602294922,82.54969787597656,88.32440948486328
2015-11-18,68.42455291748047,98.95317840576172,82.51069641113281,88.50878143310547
2015-11-19,68.40837097167969,99.04170227050781,82.68999481201172,89.09873962402344
2015-11-20,68.40837097167969,98.98533630371094,82.58090209960938,88.82588958740234
2015-11-23,68.40023040771484,99.04170227050781,82.68999481201172,89.09873962402344
2015-11-24,68.40023040771484,99.10608673095703,82.76791381835938,89.09136962890625
2015-11-25,68.40837097167969,99.0979995727539,82.81471252441406,89.29784393310547
2015-11-27,68.42455291748047,99.1784439086914,82.90042114257812,89.2093505859375
2015-11-30,68.40023040771484,99.1784439086914,82.93163299560547,89.5633544921875
2015-12-01,68.4415512084961,99.44034576416016,83.3726577758789,90.77306365966797
2015-12-02,68.38485717773438,99.24701690673828,83.13851165771484,90.80265808105469
2015-12-03,68.38485717773438,98.80387115478516,82.26415252685547,88.33435821533203
2015-12-04,68.40108489990234,98.94080352783203,82.56857299804688,89.11029052734375
2015-12-07,68.3929672241211,99.07779693603516,82.83403015136719,89.9749526977539
2015-12-08,68.38485717773438,99.14222717285156,82.88086700439453,90.0193099975586
2015-12-09,68.40916442871094,99.27114868164062,83.00579071044922,89.9232406616211
2015-12-10,68.36874389648438,99.12615203857422,82.82622528076172,90.04145812988281
2015-12-11,68.44960021972656,99.5692138671875,83.48979949951172,91.46036529541016
2015-12-14,68.36874389648438,99.1905746459961,82.87309265136719,90.27794647216797
2015-12-15,68.36063385009766,99.01338195800781,82.66230773925781,89.745849609375
2015-12-16,68.30393981933594,98.84416198730469,82.4437026977539,89.55371856689453
2015-12-17,68.30393981933594,98.98109436035156,82.78722381591797,90.56613159179688
2015-12-18,68.3929672241211,99.1986312866211,83.0838623046875,91.06869506835938
2015-12-21,68.38485717773438,99.23085021972656,83.12287139892578,91.04651641845703
2015-12-22,68.36874389648438,99.0616683959961,82.88871765136719,90.38877868652344
2015-12-23,68.34442901611328,98.94080352783203,82.7013168334961,89.70890045166016
2015-12-24,68.37117004394531,98.99568176269531,82.8530502319336,90.22285461425781
2015-12-28,68.33068084716797,99.0359878540039,82.86861419677734,90.48945617675781
2015-12-29,68.31449127197266,98.76981353759766,82.43083190917969,88.98609924316406
2015-12-30,68.33068084716797,98.7940444946289,82.46210479736328,88.8972396850586
2015-12-31,68.29830932617188,98.89888000488281,82.55592346191406,89.29714965820312
2016-01-04,68.38734436035156,99.10055541992188,82.90774536132812,89.9414291381836
2016-01-05,68.34684753417969,99.14086151123047,82.88424682617188,89.57855224609375
2016-01-06,68.38734436035156,99.43122100830078,83.3846435546875,90.78567504882812
2016-01-07,68.41159057617188,99.6571273803711,83.56450653076172,90.94866943359375
2016-01-08,68.460205078125,99.85875701904297,83.77558898925781,91.35594177246094
2016-01-11,68.4844741821289,99.73774719238281,83.5097885131836,90.35614013671875
2016-01-12,68.49258422851562,99.92327880859375,83.88504028320312,91.6595687866211
2016-01-13,68.53302001953125,100.12491607666016,84.21345520019531,92.56304168701172
2016-01-14,68.54926300048828,100.1007080078125,84.04143524169922,91.69664001464844
2016-01-15,68.60594177246094,100.3749771118164,84.43236541748047,93.12586212158203
2016-01-19,68.59781646728516,100.27816772460938,84.32292938232422,92.83702087402344
2016-01-20,68.64644622802734,100.54437255859375,84.7372817993164,93.81458282470703
2016-01-21,68.6383056640625,100.44755554199219,84.52617645263672,93.17768096923828
2016-01-22,68.61407470703125,100.3023910522461,84.33854675292969,92.82225036621094
2016-01-25,68.61407470703125,100.40725708007812,84.6200180053711,93.32582092285156
2016-01-26,68.64644622802734,100.49597930908203,84.68252563476562,93.3702392578125
2016-01-27,68.66265106201172,100.56051635742188,84.74508666992188,93.34805297851562
2016-01-28,68.66265106201172,100.68148803710938,84.85455322265625,93.48133087158203
2016-01-29,68.74358367919922,101.02025604248047,85.30802154541016,94.27375030517578
2016-02-01,68.7071304321289,100.84098052978516,85.111572265625,93.98509216308594
2016-02-02,68.79623413085938,101.25281524658203,85.71440887451172,95.72879028320312
2016-02-03,68.81241607666016,101.27703094482422,85.62044525146484,94.9348373413086
2016-02-04,68.82859802246094,101.37397003173828,85.82401275634766,95.39485168457031
2016-02-05,68.81241607666016,101.38207244873047,85.93367767333984,95.5061264038086
2016-02-08,68.8934326171875,101.77780151367188,86.57572174072266,97.56140899658203
2016-02-09,68.86909484863281,101.7454833984375,86.59135437011719,97.66527557373047
2016-02-10,68.86909484863281,101.8666000366211,86.84974670410156,98.52593994140625
2016-02-11,68.93391418457031,102.0280990600586,87.24909210205078,99.21595764160156
2016-02-12,68.8529052734375,101.67276000976562,86.58357238769531,97.56881713867188
2016-02-16,68.81241607666016,101.54356384277344,86.32514190673828,96.53748321533203
2016-02-17,68.82859802246094,101.39820861816406,86.11370849609375,95.9439468383789
2016-02-18,68.88533020019531,101.63240814208984,86.51305389404297,97.1236572265625
2016-02-19,68.82052612304688,101.54356384277344,86.51305389404297,97.20523071289062
2016-02-22,68.82859802246094,101.51933288574219,86.42695617675781,97.1532974243164
2016-02-23,68.83672332763672,101.6000747680664,86.59925079345703,97.54658508300781
2016-02-24,68.8529052734375,101.63240814208984,86.59925079345703,97.3536376953125
2016-02-25,68.86909484863281,101.8100814819336,86.85755157470703,97.70234680175781
2016-02-26,68.7800064086914,101.53551483154297,86.43476104736328,96.76007080078125
2016-02-29,68.82052612304688,101.5758285522461,86.57572174072266,97.18302154541016
2016-03-01,68.72895812988281,101.10939025878906,85.89900970458984,95.47173309326172
2016-03-02,68.72084045410156,101.02046203613281,85.75004577636719,95.86575317382812
2016-03-03,68.74513244628906,101.02854919433594,85.85195922851562,96.21512603759766
2016-03-04,68.69651794433594,100.883056640625,85.56184387207031,95.59809112548828
2016-03-07,68.64789581298828,100.72943115234375,85.38933563232422,95.56838989257812
2016-03-08,68.69651794433594,101.05281829833984,85.8833236694336,96.62397003173828
2016-03-09,68.67220306396484,100.87499237060547,85.54618072509766,96.03668975830078
2016-03-10,68.66407012939453,100.60821533203125,85.2403793334961,95.6427001953125
2016-03-11,68.59925079345703,100.47077178955078,84.99728393554688,94.67633819580078
2016-03-14,68.59925079345703,100.45457458496094,85.06002807617188,94.97364807128906
2016-03-15,68.62358093261719,100.46270751953125,85.0443115234375,95.0628662109375
2016-03-16,68.76134490966797,100.883056640625,85.49127960205078,95.34536743164062
2016-03-17,68.75323486328125,100.95582580566406,85.58536529541016,95.73936462402344
2016-03-18,68.76945495605469,101.16597747802734,85.73432922363281,95.94010162353516
2016-03-21,68.76134490966797,100.94769287109375,85.49127960205078,95.20411682128906
2016-03-22,68.72084045410156,100.83453369140625,85.31096649169922,95.18184661865234
2016-03-23,68.76134490966797,101.07705688476562,85.70299530029297,96.25971984863281
2016-03-24,68.72895812988281,101.02046203613281,85.61675262451172,96.29691314697266
2016-03-28,68.74513244628906,101.0689926147461,85.7421875,96.42329406738281
2016-03-29,68.87483215332031,101.50553131103516,86.32242584228516,97.43425750732422
2016-03-30,68.88290405273438,101.59449768066406,86.2048110961914,96.40840911865234
2016-03-31,68.91534423828125,101.82080078125,86.51842498779297,97.0923080444336
2016-04-01,68.87559509277344,101.74391174316406,86.4933090209961,97.34552764892578
2016-04-04,68.92426300048828,101.82491302490234,86.59542846679688,97.40515899658203
2016-04-05,68.94857025146484,102.03532409667969,86.94095611572266,98.47039794921875
2016-04-06,68.92426300048828,101.94631958007812,86.75249481201172,97.75528717041016
2016-04-07,68.9648208618164,102.20526885986328,87.20011901855469,98.96208190917969
2016-04-08,68.9648208618164,102.13241577148438,87.06659698486328,98.33628845214844
2016-04-11,68.95667266845703,102.13241577148438,87.05091857910156,98.20963287353516
2016-04-12,68.94048309326172,101.91390228271484,86.70536041259766,97.53179168701172
2016-04-13,68.90799713134766,101.86536407470703,86.76821899414062,97.87445068359375
2016-04-14,68.90799713134766,101.74391174316406,86.56404876708984,97.40515899658203
2016-04-15,68.95667266845703,101.91390228271484,86.82315826416016,98.23945617675781
2016-04-18,68.94857025146484,101.86536407470703,86.73678588867188,97.81484985351562
2016-04-19,68.92426300048828,101.74391174316406,86.59542846679688,97.50946807861328
2016-04-20,68.87559509277344,101.51729583740234,86.15570068359375,96.43679809570312
2016-04-21,68.85935974121094,101.37162780761719,86.01429748535156,95.86319732666016
2016-04-22,68.85935974121094,101.34736633300781,85.92002868652344,95.61738586425781
2016-04-25,68.84318542480469,101.25021362304688,85.82583618164062,95.22252655029297
2016-04-26,68.82695770263672,101.16120147705078,85.64521789550781,94.79052734375
2016-04-27,68.87559509277344,101.46873474121094,86.11631774902344,95.73656463623047
2016-04-28,68.9161605834961,101.66303253173828,86.414794921875,96.1313705444336
2016-04-29,68.94048309326172,101.6791763305664,86.3833999633789,96.37718963623047
2016-05-02,68.91532135009766,101.53983306884766,86.13253021240234,95.40682220458984
2016-05-03,68.98831939697266,101.8639144897461,86.64372253417969,96.60852813720703
2016-05-04,68.980224609375,101.97737884521484,86.80101013183594,97.13855743408203
2016-05-05,69.00459289550781,102.11510467529297,87.03693389892578,97.78787231445312
2016-05-06,68.98831939697266,101.9935302734375,86.83245086669922,97.36993408203125
2016-05-09,69.02083587646484,102.16374206542969,86.99758911132812,97.67594909667969
2016-05-10,69.03704071044922,102.14752960205078,86.98190307617188,97.68340301513672
2016-05-11,69.01271057128906,102.13939666748047,87.11556243896484,98.23574829101562
2016-05-12,68.97212982177734,102.01786041259766,86.87965393066406,97.78787231445312
2016-05-13,68.980224609375,102.13131713867188,87.20995330810547,98.73588562011719
2016-05-16,68.94774627685547,101.92879486083984,86.89540100097656,97.88494110107422
2016-05-17,68.9234390258789,101.80723571777344,86.77735900878906,98.0491714477539
2016-05-18,68.8017349243164,101.34539031982422,86.07746124267578,96.65335845947266
2016-05-19,68.81800079345703,101.39398956298828,86.16397094726562,97.07133483886719
2016-05-20,68.84226989746094,101.48312377929688,86.21904754638672,97.14598083496094
2016-05-23,68.83422088623047,101.47501373291016,86.27409362792969,97.3624496459961
2016-05-24,68.7855224609375,101.33724975585938,86.13253021240234,96.9295425415039
2016-05-25,68.82605743408203,101.30486297607422,86.0931625366211,96.56378936767578
2016-05-26,68.86665344238281,101.57221984863281,86.36055755615234,97.06388092041016
2016-05-27,68.82605743408203,101.36156463623047,86.19540405273438,96.92206573486328
2016-05-31,68.85851287841797,101.45882415771484,86.29765319824219,97.1534652709961
2016-06-01,68.8106460571289,101.40204620361328,86.26853942871094,97.54761505126953
2016-06-02,68.8674545288086,101.55611419677734,86.53630065917969,98.2507095336914
2016-06-03,68.98112487792969,102.1563949584961,87.3396987915039,99.6494140625
2016-06-06,68.96489715576172,102.03472900390625,87.11129760742188,98.9089126586914
2016-06-07,68.98112487792969,102.14013671875,87.2373046875,99.1482162475586
2016-06-08,68.99738311767578,102.1563949584961,87.3396987915039,99.67925262451172
2016-06-09,69.01361846923828,102.22940826416016,87.47358703613281,100.322509765625
2016-06-10,69.0542221069336,102.43218231201172,87.78076934814453,100.80867004394531
2016-06-13,69.07047271728516,102.61873626708984,87.95404052734375,101.25746154785156
2016-06-14,69.07855987548828,102.60253143310547,87.93038940429688,101.1826171875
2016-06-15,69.15975952148438,102.87832641601562,88.1982192993164,101.57162475585938
2016-06-16,69.11915588378906,102.8458480834961,88.29270935058594,102.06524658203125
2016-06-17,69.12726593017578,102.74854278564453,87.9934310913086,101.4294662475586
2016-06-20,69.0866928100586,102.464599609375,87.61536407470703,100.34494018554688
2016-06-21,69.03794860839844,102.35110473632812,87.41848754882812,99.88121032714844
2016-06-22,69.06232452392578,102.47276306152344,87.59172821044922,100.04579162597656
2016-06-23,69.03794860839844,102.18074035644531,87.17426300048828,98.90142059326172
2016-06-24,69.2003173828125,102.95130920410156,88.37934875488281,101.55661010742188
2016-06-27,69.2409439086914,103.3731460571289,89.14335632324219,104.0921859741211
2016-06-28,69.26529693603516,103.38127136230469,89.12760162353516,104.30909729003906
2016-06-29,69.2409439086914,103.18656921386719,88.76529693603516,103.50882720947266
2016-06-30,69.27340698242188,103.30011749267578,88.96220397949219,103.89027404785156
2016-07-01,69.29777526855469,103.4576187133789,89.19727325439453,105.33271026611328
2016-07-05,69.33028411865234,103.66873931884766,89.6862564086914,106.6514892578125
2016-07-06,69.29777526855469,103.6281967163086,89.70205688476562,106.8238525390625
2016-07-07,69.26526641845703,103.60382080078125,89.58372497558594,106.81641387939453
2016-07-08,69.26526641845703,103.6281967163086,89.75726318359375,107.60315704345703
2016-07-11,69.19215393066406,103.27088165283203,89.28398895263672,106.6590347290039
2016-07-12,69.16780853271484,103.00289916992188,88.75553894042969,104.90559387207031
2016-07-13,69.1840591430664,103.10034942626953,88.98426818847656,106.14191436767578
2016-07-14,69.1434326171875,102.9298324584961,88.61358642578125,104.59834289550781
2016-07-15,69.1109390258789,102.73490142822266,88.27442932128906,103.69920349121094
2016-07-18,69.15152740478516,102.7593002319336,88.2507553100586,103.60173797607422
2016-07-19,69.15969848632812,102.90550231933594,88.48739624023438,104.18623352050781
2016-07-20,69.12720489501953,102.78365325927734,88.30595397949219,103.61673736572266
2016-07-21,69.17595672607422,102.96234893798828,88.50316619873047,103.82656860351562
2016-07-22,69.15152740478516,102.86488342285156,88.43216705322266,104.00638580322266
2016-07-25,69.10281372070312,102.7593002319336,88.36116027832031,103.93140411376953
2016-07-26,69.1109390258789,102.78365325927734,88.4163818359375,104.09632873535156
2016-07-27,69.15969848632812,103.03535461425781,88.79501342773438,105.39269256591797
2016-07-28,69.15152740478516,103.10034942626953,88.84233093261719,105.19782257080078
2016-07-29,69.24092864990234,103.36021423339844,89.18146514892578,106.07453918457031
2016-08-01,69.21736907958984,103.20167541503906,88.87183380126953,104.92450714111328
2016-08-02,69.19293212890625,103.09602355957031,88.65857696533203,103.84346771240234
2016-08-03,69.20109558105469,103.1854019165039,88.70597076416016,103.9035415649414
2016-08-04,69.24988555908203,103.33177947998047,88.91926574707031,104.68418884277344
2016-08-05,69.15232849121094,102.86029052734375,88.36636352539062,103.59574890136719
2016-08-08,69.1279296875,102.8115005493164,88.31895446777344,103.79093170166016
2016-08-09,69.1685791015625,103.0309829711914,88.63485717773438,104.81185913085938
2016-08-10,69.20109558105469,103.17730712890625,88.87183380126953,105.21725463867188
2016-08-11,69.13604736328125,102.843994140625,88.44537353515625,104.27886962890625
2016-08-12,69.1848373413086,103.09602355957031,88.7612533569336,105.1572036743164
2016-08-15,69.1685791015625,102.92535400390625,88.5006332397461,104.166259765625
2016-08-16,69.14419555664062,102.77900695800781,88.35051727294922,103.88848114013672
2016-08-17,69.14419555664062,102.87654113769531,88.49273681640625,104.51158905029297
2016-08-18,69.19293212890625,103.01471710205078,88.6507339477539,104.67671203613281
2016-08-19,69.1279296875,102.77086639404297,88.35051727294922,104.12874603271484
2016-08-22,69.13604736328125,102.91714477539062,88.54806518554688,105.00699615478516
2016-08-23,69.14419555664062,102.92535400390625,88.54011535644531,105.11962127685547
2016-08-24,69.1279296875,102.92535400390625,88.50853729248047,104.87188720703125
2016-08-25,69.1035385131836,102.77086639404297,88.36636352539062,104.47406768798828
2016-08-26,69.03855895996094,102.47825622558594,88.02676391601562,103.86597442626953
2016-08-29,69.07913970947266,102.7302017211914,88.39005279541016,105.25476837158203
2016-08-30,69.0873031616211,102.72208404541016,88.38218688964844,104.84942626953125
2016-08-31,69.07913970947266,102.61640167236328,88.27945709228516,104.99954986572266
2016-09-01,69.11166381835938,102.74092864990234,88.41790771484375,105.11540222167969
2016-09-02,69.11166381835938,102.65142822265625,88.18850708007812,104.25799560546875
2016-09-06,69.16046905517578,102.99317169189453,88.59976959228516,105.01753997802734
2016-09-07,69.16046905517578,102.96881103515625,88.64726257324219,104.94235229492188
2016-09-08,69.11166381835938,102.70025634765625,88.21224975585938,103.62625122070312
2016-09-09,69.08731842041016,102.48865509033203,87.79309844970703,101.91907501220703
2016-09-12,69.11166381835938,102.57001495361328,87.87214660644531,101.9717788696289
2016-09-13,69.08731842041016,102.42361450195312,87.54788970947266,100.81359100341797
2016-09-14,69.12793731689453,102.57001495361328,87.7456283569336,100.96395111083984
2016-09-15,69.18489074707031,102.69206237792969,87.76933288574219,100.5278091430664
2016-09-16,69.15238189697266,102.6839370727539,87.86420440673828,101.34000396728516
2016-09-19,69.13610076904297,102.60260772705078,87.7139892578125,101.00911712646484
2016-09-20,69.11981964111328,102.65142822265625,87.84845733642578,101.36259460449219
2016-09-21,69.13610076904297,102.70025634765625,87.99078369140625,102.1823501586914
2016-09-22,69.11981964111328,102.7815933227539,88.25180053710938,102.99456024169922
2016-09-23,69.16046905517578,102.8548355102539,88.29135131835938,102.89674377441406
2016-09-26,69.201171875,103.02570343017578,88.54442596435547,103.5510482788086
2016-09-27,69.2093276977539,103.09895324707031,88.69473266601562,104.31062316894531
2016-09-28,69.201171875,103.02570343017578,88.65516662597656,104.0849838256836
2016-09-29,69.2255630493164,103.10710906982422,88.71055603027344,104.34822082519531
2016-09-30,69.16862487792969,102.96881103515625,88.48907470703125,103.41565704345703
2016-10-03,69.15972137451172,102.84656524658203,88.2831802368164,103.07437896728516
2016-10-04,69.10272979736328,102.61847686767578,87.87921905517578,101.86890411376953
2016-10-05,69.06201934814453,102.51258850097656,87.68124389648438,101.39429473876953
2016-10-06,69.06201934814453,102.3252944946289,87.49910736083984,100.82920837402344
2016-10-07,69.08646392822266,102.42300415039062,87.62580871582031,100.89702606201172
2016-10-10,69.05388641357422,102.26824188232422,87.39608764648438,100.30184173583984
2016-10-11,69.0457763671875,102.24378204345703,87.37237548828125,100.07581329345703
2016-10-12,69.0457763671875,102.26010131835938,87.37237548828125,100.17378997802734
2016-10-13,69.07019805908203,102.4311294555664,87.55451965332031,100.55048370361328
2016-10-14,69.05388641357422,102.3252944946289,87.28524780273438,99.14154815673828
2016-10-17,69.11083984375,102.45556640625,87.475341796875,99.77440643310547
2016-10-18,69.13526916503906,102.57775115966797,87.64958953857422,100.09844970703125
2016-10-19,69.13526916503906,102.59406280517578,87.68913269042969,100.18132781982422
2016-10-20,69.10272979736328,102.51258850097656,87.6099624633789,100.28680419921875
2016-10-21,69.11903381347656,102.53701782226562,87.70500183105469,100.43746948242188
2016-10-24,69.09458923339844,102.44744873046875,87.58622741699219,100.00047302246094
2016-10-25,69.09458923339844,102.44744873046875,87.57035827636719,100.26419830322266
2016-10-26,69.07019805908203,102.34970092773438,87.38029479980469,99.5860595703125
2016-10-27,69.08646392822266,102.17868041992188,87.07933044433594,98.50116729736328
2016-10-28,69.08646392822266,102.27638244628906,87.09520721435547,98.28271484375
2016-10-31,69.13526916503906,102.3252944946289,87.16643524169922,98.88542938232422
2016-11-01,69.13607025146484,102.41088104248047,87.16961669921875,98.89299011230469
2016-11-02,69.17682647705078,102.5739517211914,87.43133544921875,99.3232421875
2016-11-03,69.18495178222656,102.59025573730469,87.37580871582031,98.56085205078125
2016-11-04,69.2093505859375,102.76150512695312,87.64546203613281,99.44403839111328
2016-11-07,69.18495178222656,102.5005874633789,87.28067779541016,98.59857177734375
2016-11-08,69.11164855957031,102.26411437988281,86.97135162353516,98.19849395751953
2016-11-09,69.0220947265625,101.57099914550781,85.64686584472656,94.03175354003906
2016-11-10,68.99762725830078,101.31004333496094,85.13140106201172,92.64280700683594
2016-11-11,68.99762725830078,101.1387939453125,84.95686340332031,92.12196350097656
2016-11-14,68.89179229736328,100.79633331298828,84.46514129638672,91.57091522216797
2016-11-15,68.9162368774414,100.74739837646484,84.46514129638672,92.02383422851562
2016-11-16,68.9080810546875,100.74739837646484,84.54444122314453,92.85418701171875
2016-11-17,68.8998794555664,100.54354095458984,84.17170715332031,91.48788452148438
2016-11-18,68.85919189453125,100.29891204833984,83.7989501953125,91.22369384765625
2016-11-21,68.8510513305664,100.31519317626953,83.87032318115234,91.45010375976562
2016-11-22,68.83472442626953,100.41304016113281,83.94963073730469,91.41990661621094
2016-11-23,68.79403686523438,100.11131286621094,83.64826202392578,91.06520080566406
2016-11-25,68.7859115600586,100.12761688232422,83.57685089111328,91.2010498046875
2016-11-28,68.82662200927734,100.33152770996094,83.95756530761719,91.87286376953125
2016-11-29,68.83472442626953,100.39675903320312,84.0448226928711,92.2578353881836
2016-11-30,68.81034851074219,100.08687591552734,83.48170471191406,90.76325988769531
2016-12-01,68.77777099609375,99.90811157226562,83.16321563720703,89.80486297607422
2016-12-02,68.8510513305664,100.21015930175781,83.53650665283203,90.46295166015625
2016-12-05,68.8510513305664,100.13670349121094,83.50472259521484,90.36463165283203
2016-12-06,68.83475494384766,100.21827697753906,83.53650665283203,90.29656219482422
2016-12-07,68.85924530029297,100.40608215332031,83.81450653076172,91.06806182861328
2016-12-08,68.8510513305664,100.25096893310547,83.49681091308594,89.99398040771484
2016-12-09,68.84294128417969,99.99787902832031,83.06791687011719,88.87457275390625
2016-12-12,68.81847381591797,100.01424407958984,83.08381652832031,89.04096984863281
2016-12-13,68.81037902832031,99.98974609375,83.13147735595703,89.35865020751953
2016-12-14,68.67996215820312,99.41014862060547,82.44049835205078,88.3602066040039
2016-12-15,68.64737701416016,99.19792938232422,82.21013641357422,88.80645751953125
2016-12-16,68.67996215820312,99.31221008300781,82.31338500976562,88.60226440429688
2016-12-19,68.71257019042969,99.58160400390625,82.69464111328125,89.55528259277344
2016-12-20,68.7207260131836,99.49995422363281,82.51992797851562,89.1090316772461
2016-12-21,68.7533187866211,99.56526947021484,82.65492248535156,89.50234985351562
2016-12-22,68.77043151855469,99.55301666259766,82.61910247802734,89.34232330322266
2016-12-23,68.77043151855469,99.64288330078125,82.69866943359375,89.52433013916016
2016-12-27,68.73785400390625,99.51214599609375,82.57936096191406,89.23617553710938
2016-12-28,68.76229095458984,99.72457122802734,82.88163757324219,89.88833618164062
2016-12-29,68.83566284179688,99.96161651611328,83.13617706298828,90.20684051513672
2016-12-30,68.86015319824219,100.10868072509766,83.38277435302734,90.34336853027344
2017-01-03,68.80307006835938,100.08419799804688,83.343017578125,90.73014068603516
2017-01-04,68.81938171386719,100.14948272705078,83.43846893310547,91.07897186279297
2017-01-05,68.86827087402344,100.45182037353516,83.97940826416016,92.50467681884766
2017-01-06,68.81124114990234,100.17406463623047,83.59759521484375,91.65531921386719
2017-01-09,68.86827087402344,100.37015533447266,83.91578674316406,92.3909683227539
2017-01-10,68.84381103515625,100.38652801513672,83.87598419189453,92.33029174804688
2017-01-11,68.87643432617188,100.38652801513672,83.97146606445312,92.6412353515625
2017-01-12,68.90086364746094,100.48454284667969,84.01917266845703,92.43646240234375
2017-01-13,68.86827087402344,100.32929992675781,83.83624267578125,91.9965591430664
2017-01-17,68.91716766357422,100.67250061035156,84.25778198242188,92.9596939086914
2017-01-18,68.85195922851562,100.23118591308594,83.6612319946289,91.7690658569336
2017-01-19,68.82752227783203,100.07597351074219,83.343017578125,91.13964080810547
2017-01-20,68.86827087402344,100.19039916992188,83.38277435302734,90.9576644897461
2017-01-23,68.93347930908203,100.50088500976562,83.82030487060547,91.86768341064453
2017-01-24,68.89274597167969,100.28844451904297,83.50210571289062,91.23822021484375
2017-01-25,68.87643432617188,100.04329681396484,83.08845520019531,90.0931167602539
2017-01-26,68.88455963134766,100.13317108154297,83.19981384277344,90.3964614868164
2017-01-27,68.91716766357422,100.18223571777344,83.30326080322266,90.72251892089844
2017-01-30,68.91716766357422,100.20674133300781,83.2793960571289,90.44954681396484
2017-01-31,68.93347930908203,100.40282440185547,83.56572723388672,91.07897186279297
2017-02-01,68.90984344482422,100.27278137207031,83.4056396484375,90.51580047607422
2017-02-02,68.93431854248047,100.31368255615234,83.4375,90.47781372070312
2017-02-03,68.90984344482422,100.35460662841797,83.50122833251953,90.43981170654297
2017-02-06,68.98329162597656,100.65729522705078,83.89957427978516,90.98702239990234
2017-02-07,68.96697998046875,100.69817352294922,84.05097198486328,91.65582275390625
2017-02-08,69.03221893310547,100.92727661132812,84.39351654052734,92.90220642089844
2017-02-09,68.97510528564453,100.62455749511719,83.89155578613281,91.83056640625
2017-02-10,68.96697998046875,100.57547760009766,83.83583068847656,91.7774429321289
2017-02-13,68.9506607055664,100.4854736328125,83.70836639404297,91.48860168457031
2017-02-14,68.90171813964844,100.19916534423828,83.4056396484375,90.8274154663086
2017-02-15,68.87720489501953,100.10091400146484,83.24632263183594,90.4094467163086
2017-02-16,68.90984344482422,100.37913513183594,83.58089447021484,90.90343475341797
2017-02-17,68.95878601074219,100.5509033203125,83.80400848388672,91.44303894042969
2017-02-21,68.96697998046875,100.5018539428711,83.76416015625,91.28343200683594
2017-02-22,68.98329162597656,100.59181213378906,83.89957427978516,91.4354019165039
2017-02-23,69.01588439941406,100.7554702758789,84.12266540527344,91.70901489257812
2017-02-24,69.04855346679688,101.00086975097656,84.51298522949219,92.7274169921875
2017-02-27,68.99142456054688,100.7554702758789,84.21028137207031,92.18023681640625
2017-02-28,68.95878601074219,100.66548919677734,84.17047882080078,92.522216796875
2017-03-01,68.90492248535156,100.21662139892578,83.58406066894531,90.9719009399414
2017-03-02,68.83142852783203,100.0528793334961,83.34474182128906,90.64449310302734
2017-03-03,68.84779357910156,100.1347427368164,83.42452239990234,90.88048553466797
2017-03-06,68.86408996582031,100.1511001586914,83.40858459472656,90.4464340209961
2017-03-07,68.83963775634766,100.02007293701172,83.28888702392578,90.17231750488281
2017-03-08,68.78247833251953,99.8563232421875,83.00965118408203,89.68502807617188
2017-03-09,68.77428436279297,99.66793823242188,82.77830505371094,88.96923828125
2017-03-10,68.81511688232422,99.82357788085938,82.95378112792969,89.28144836425781
2017-03-13,68.78247833251953,99.70073699951172,82.74641418457031,88.71792602539062
2017-03-14,68.77428436279297,99.74983978271484,82.83413696289062,89.14440155029297
2017-03-15,68.90492248535156,100.27398681640625,83.5601577758789,90.23326110839844
2017-03-16,68.8559341430664,100.09383392333984,83.32878112792969,89.77641296386719
2017-03-17,68.88861846923828,100.24945831298828,83.5521469116211,90.33984375
2017-03-20,68.92943572998047,100.3886489868164,83.7515869140625,90.72817993164062
2017-03-21,68.96208190917969,100.59339141845703,84.03082275390625,91.48206329345703
2017-03-22,68.9783935546875,100.66709899902344,84.19041442871094,91.8475341796875
2017-03-23,68.9783935546875,100.62610626220703,84.10265350341797,91.71810913085938
2017-03-24,68.9783935546875,100.63431549072266,84.15050506591797,92.0455551147461
2017-03-27,69.00288391113281,100.76537322998047,84.3579330444336,92.46436309814453
2017-03-28,68.9702377319336,100.56059265136719,84.07068634033203,91.8475341796875
2017-03-29,69.01106262207031,100.74078369140625,84.31006622314453,92.39578247070312
2017-03-30,68.99473571777344,100.60980224609375,84.07068634033203,91.64956665039062
2017-03-31,69.00288391113281,100.77359771728516,84.23824310302734,91.91608428955078
2017-04-03,69.06661224365234,101.03922271728516,84.65291595458984,92.84320831298828
2017-04-04,69.04212951660156,100.96541595458984,84.5330810546875,92.33958435058594
2017-04-05,69.04212951660156,101.17036437988281,84.69286346435547,92.62191009521484
2017-04-06,69.05844116210938,101.08019256591797,84.6369400024414,92.48460388183594
2017-04-07,68.96858215332031,100.82599639892578,84.38128662109375,92.1106948852539
2017-04-10,69.00126647949219,100.94903564453125,84.5330810546875,92.53794860839844
2017-04-11,69.06661224365234,101.22781372070312,84.924560546875,93.41553497314453
2017-04-12,69.11566162109375,101.41635131835938,85.18826293945312,93.92679595947266
2017-04-13,69.14834594726562,101.59674835205078,85.44389343261719,94.21678924560547
2017-04-17,69.14013671875,101.53115844726562,85.30809783935547,93.92679595947266
2017-04-18,69.19733428955078,101.87552642822266,85.79549407958984,95.1553955078125
2017-04-19,69.1646499633789,101.69515991210938,85.5717544555664,94.6364517211914
2017-04-20,69.15644836425781,101.58855438232422,85.38004302978516,94.27017211914062
2017-04-21,69.18916320800781,101.66236877441406,85.41998291015625,94.27017211914062
2017-04-24,69.11566162109375,101.50654602050781,85.2441635131836,93.8046875
2017-04-25,69.05025482177734,101.20320892333984,84.80472564697266,92.67535400390625
2017-04-26,69.0748062133789,101.3508071899414,85.02845001220703,93.18657684326172
2017-04-27,69.09929656982422,101.41635131835938,85.08441925048828,93.15609741210938
2017-04-28,69.13198852539062,101.44099426269531,85.17225646972656,93.36214447021484
2017-05-01,69.08451843261719,101.36544799804688,84.98825073242188,92.58597564697266
2017-05-02,69.10906982421875,101.49681854248047,85.16426849365234,93.06005096435547
2017-05-03,69.06002807617188,101.3161849975586,84.98825073242188,93.12126159667969
2017-05-04,69.05186462402344,101.20125579833984,84.79620361328125,92.66244506835938
2017-05-05,69.07635498046875,101.22589874267578,84.81218719482422,92.7465591430664
2017-05-08,69.04369354248047,101.08634185791016,84.60414123535156,92.24187469482422
2017-05-09,69.01100158691406,101.0371322631836,84.50814056396484,92.23424530029297
2017-05-10,69.0273208618164,100.99602508544922,84.47611999511719,92.12715148925781
2017-05-11,69.03548431396484,101.08634185791016,84.5401382446289,92.12715148925781
2017-05-12,69.11723327636719,101.39006042480469,84.97218322753906,92.82301330566406
2017-05-15,69.10906982421875,101.34905242919922,84.9162368774414,92.57072448730469
2017-05-16,69.10906982421875,101.406494140625,85.0282211303711,92.91482543945312
2017-05-17,69.18268585205078,101.84976196289062,85.70838928222656,94.26825714111328
2017-05-18,69.14998626708984,101.75946044921875,85.68440246582031,94.37528228759766
2017-05-19,69.16632080078125,101.75946044921875,85.66035461425781,94.59707641601562
2017-05-22,69.14181518554688,101.71842956542969,85.56436157226562,94.33706665039062
2017-05-23,69.11723327636719,101.52961730957031,85.34032440185547,93.70240783691406
2017-05-24,69.15811920166016,101.73482513427734,85.51634979248047,94.23001861572266
2017-05-25,69.15811920166016,101.72665405273438,85.56436157226562,94.2605972290039
2017-05-26,69.14998626708984,101.75946044921875,85.62039184570312,94.42117309570312
2017-05-30,69.17446899414062,101.88264465332031,85.83646392822266,94.88763427734375
2017-05-31,69.18268585205078,101.88264465332031,85.87644958496094,95.12474822998047
2017-06-01,69.1695556640625,101.86945343017578,85.83155822753906,95.1346435546875
2017-06-02,69.21865844726562,102.09960174560547,86.20820617675781,96.26109313964844
2017-06-05,69.16140747070312,101.96809387207031,86.06396484375,95.66343688964844
2017-06-06,69.1859130859375,102.16539764404297,86.33645629882812,96.18446350097656
2017-06-07,69.16140747070312,102.01741790771484,86.1761703491211,95.72467803955078
2017-06-08,69.14502716064453,101.92700958251953,86.03997039794922,95.4718017578125
2017-06-09,69.1204833984375,101.86945343017578,85.95980072021484,95.32625579833984
2017-06-12,69.11231994628906,101.86121368408203,85.94376373291016,95.29554748535156
2017-06-13,69.11231994628906,101.877685546875,85.97584533691406,95.31089782714844
2017-06-14,69.14502716064453,102.11604309082031,86.42462921142578,96.78215789794922
2017-06-15,69.1204833984375,101.96809387207031,86.27235412597656,96.62886047363281
2017-06-16,69.15320587158203,102.04203033447266,86.32044982910156,96.82049560546875
2017-06-19,69.11231994628906,101.86945343017578,86.08001708984375,96.68253326416016
2017-06-20,69.1204833984375,101.96809387207031,86.29638671875,97.54844665527344
2017-06-21,69.1286392211914,101.99274444580078,86.28834533691406,97.7476806640625
2017-06-22,69.1368408203125,102.04203033447266,86.36851501464844,97.96223449707031
2017-06-23,69.17776489257812,102.06671142578125,86.39258575439453,97.91627502441406
2017-06-26,69.17776489257812,102.10784149169922,86.46471405029297,98.28409576416016
2017-06-27,69.1368408203125,101.84480285644531,86.03997039794922,97.23428344726562
2017-06-28,69.1695556640625,101.90234375,85.95980072021484,96.91241455078125
2017-06-29,69.1286392211914,101.71332550048828,85.63925170898438,96.1001968383789
2017-06-30,69.1286392211914,101.56534576416016,85.43888092041016,95.87794494628906
2017-07-03,69.07704162597656,101.36949920654297,85.12506103515625,95.56928253173828
2017-07-05,69.10163879394531,101.41886138916016,85.18923950195312,95.5922622680664
2017-07-06,69.1180648803711,101.34481811523438,85.02870178222656,94.80137634277344
2017-07-07,69.10983276367188,101.30365753173828,84.89227294921875,94.23313903808594
2017-07-10,69.14258575439453,101.41064453125,85.004638671875,94.37138366699219
2017-07-11,69.16716766357422,101.50940704345703,85.11701202392578,94.53267669677734
2017-07-12,69.19991302490234,101.69044494628906,85.36579895019531,95.18533325195312
2017-07-13,69.16716766357422,101.61638641357422,85.27753448486328,94.58642578125
2017-07-14,69.19991302490234,101.7398452758789,85.39794158935547,94.70157623291016
2017-07-17,69.20808410644531,101.77275848388672,85.50226593017578,94.9626693725586
2017-07-18,69.22450256347656,101.96202087402344,85.81529235839844,95.79196166992188
2017-07-19,69.22450256347656,101.94554901123047,85.81529235839844,95.830322265625
2017-07-20,69.22450256347656,101.94554901123047,85.83937072753906,96.1067886352539
2017-07-21,69.25725555419922,102.06902313232422,85.99186706542969,96.51370239257812
2017-07-24,69.23265838623047,101.97025299072266,85.9356689453125,96.13748931884766
2017-07-25,69.19170379638672,101.6822280883789,85.45413970947266,94.88583374023438
2017-07-26,69.24080657958984,101.93734741210938,85.72698974609375,95.03942108154297
2017-07-27,69.22450256347656,101.86326599121094,85.59054565429688,94.57101440429688
2017-07-28,69.265380859375,101.97850799560547,85.73502349853516,95.1315689086914
2017-07-31,69.25725555419922,101.94554901123047,85.75910186767578,95.24675750732422
2017-08-01,69.28260803222656,102.119384765625,85.97211456298828,95.91545867919922
2017-08-02,69.24983978271484,102.03702545166016,85.89175415039062,95.96932220458984
2017-08-03,69.27439880371094,102.19357299804688,86.18917846679688,96.96206665039062
2017-08-04,69.24983978271484,102.0782241821289,85.95603942871094,96.13866424560547
2017-08-07,69.27439880371094,102.10294342041016,86.00430297851562,96.24640655517578
2017-08-08,69.27439880371094,102.04523468017578,85.93193054199219,95.90013122558594
2017-08-09,69.26617431640625,102.1358642578125,86.03643798828125,96.42337799072266
2017-08-10,69.29080200195312,102.32540893554688,86.35798645019531,97.24681854248047
2017-08-11,69.38092803955078,102.4737548828125,86.45443725585938,97.2929458618164
2017-08-14,69.32357788085938,102.31717681884766,86.24547576904297,96.79276275634766
2017-08-15,69.29080200195312,102.12765502929688,85.98819732666016,96.3848876953125
2017-08-16,69.331787109375,102.25946044921875,86.14897155761719,96.73890686035156
2017-08-17,69.34814453125,102.43250274658203,86.45443725585938,97.4622573852539
2017-08-18,69.34000396728516,102.43250274658203,86.47050476074219,97.43914031982422
2017-08-21,69.35636901855469,102.45722961425781,86.52680206298828,97.67774200439453
2017-08-22,69.34814453125,102.34187316894531,86.35798645019531,97.30065155029297
2017-08-23,69.41374206542969,102.54788208007812,86.65540313720703,97.96246337890625
2017-08-24,69.34814453125,102.40780639648438,86.51879119873047,97.6008071899414
2017-08-25,69.37272644042969,102.4902572631836,86.66343688964844,97.97785949707031
2017-08-28,69.34814453125,102.5561294555664,86.74384307861328,97.91629791259766
2017-08-29,69.38092803955078,102.69621276855469,86.94480895996094,98.2318115234375
2017-08-30,69.3973617553711,102.63850402832031,86.87240600585938,98.2010269165039
2017-08-31,69.3973617553711,102.720947265625,87.00910186767578,98.49345397949219
2017-09-01,69.38257598876953,102.54853057861328,86.75312042236328,97.74005889892578
2017-09-05,69.44821166992188,102.97753143310547,87.35688781738281,99.29000854492188
2017-09-06,69.43997955322266,102.73828125,87.14759063720703,98.68083190917969
2017-09-07,69.48100280761719,103.09307861328125,87.52593231201172,99.69098663330078
2017-09-08,69.46461486816406,103.03529357910156,87.4615707397461,99.47508239746094
2017-09-11,69.39899444580078,102.771240234375,86.9623794555664,98.28754425048828
2017-09-12,69.36619567871094,102.55677032470703,86.75312042236328,97.77090454101562
2017-09-13,69.34980010986328,102.449462890625,86.57599639892578,97.38534545898438
2017-09-14,69.3580093383789,102.449462890625,86.59207916259766,97.78633880615234
2017-09-15,69.34980010986328,102.37525177001953,86.69676208496094,97.82483673095703
2017-09-18,69.30875396728516,102.28450775146484,86.3586196899414,97.26197814941406
2017-09-19,69.3170394897461,102.23497772216797,86.26202392578125,97.02291870117188
2017-09-20,69.25955963134766,102.02872467041016,86.09296417236328,97.0923080444336
2017-09-21,69.2431640625,102.02047729492188,85.98027801513672,97.03832244873047
2017-09-22,69.25955963134766,102.12771606445312,86.13322448730469,97.31591033935547
2017-09-25,69.30054473876953,102.27619934082031,86.39082336425781,97.92510223388672
2017-09-26,69.2841567993164,102.20198059082031,86.31834411621094,97.74778747558594
2017-09-27,69.27597045898438,101.99571228027344,85.8756103515625,96.27493286132812
2017-09-28,69.2841567993164,102.05345153808594,85.8594970703125,95.9896240234375
2017-09-29,69.26779174804688,101.90494537353516,85.7547836303711,96.20555114746094
2017-10-02,69.31947326660156,101.84547424316406,85.65721893310547,96.02933502197266
2017-10-03,69.27841186523438,101.97764587402344,85.77820587158203,96.12212371826172
2017-10-04,69.40982055664062,101.91983795166016,85.75399780273438,96.12977600097656
2017-10-05,69.26202392578125,101.87023162841797,85.66531372070312,95.76665496826172
2017-10-06,69.23736572265625,101.7958984375,85.56048583984375,95.49616241455078
2017-10-09,69.23736572265625,101.86199951171875,85.65721893310547,95.79753112792969
2017-10-10,69.25381469726562,101.87847137451172,85.68951416015625,95.95203399658203
2017-10-11,69.24560546875,101.90328979492188,85.78627014160156,96.13751983642578
2017-10-12,69.23736572265625,101.93634033203125,85.86689758300781,96.54704284667969
2017-10-13,69.27841186523438,102.1098403930664,86.15713500976562,97.24246978759766
2017-10-16,69.2127914428711,101.94462585449219,86.01205444335938,97.17291259765625
2017-10-17,69.22098541259766,101.8950424194336,85.97979736328125,97.2965316772461
2017-10-18,69.1963119506836,101.77116394042969,85.7620620727539,96.65521240234375
2017-10-19,69.23736572265625,101.86199951171875,85.85078430175781,96.82523345947266
2017-10-20,69.1963119506836,101.62239074707031,85.49600982666016,95.79753112792969
2017-10-23,69.1963119506836,101.70503997802734,85.57669830322266,95.96752166748047
2017-10-24,69.17990112304688,101.5810775756836,85.31864166259766,95.37255096435547
2017-10-25,69.16351318359375,101.52326202392578,85.18154907226562,94.91667938232422
2017-10-26,69.16351318359375,101.44064331054688,85.06867980957031,94.59986877441406
2017-10-27,69.2127914428711,101.63070678710938,85.3427963256836,95.22575378417969
2017-10-30,69.24560546875,101.80416870117188,85.64920806884766,96.13751983642578
2017-10-31,69.20454406738281,101.71334075927734,85.5927734375,96.16844940185547
2017-11-01,69.19467163085938,101.72566223144531,85.6444320678711,96.59664916992188
2017-11-02,69.21113586425781,101.80013275146484,85.75748443603516,97.02249145507812
2017-11-03,69.1700210571289,101.85803985595703,85.8947525024414,97.28577423095703
2017-11-06,69.21113586425781,101.91598510742188,85.999755859375,97.64971923828125
2017-11-07,69.17826843261719,101.88287353515625,86.03203582763672,98.06010437011719
2017-11-08,69.1700210571289,101.80846405029297,85.92706298828125,97.84326934814453
2017-11-09,69.1618423461914,101.81666564941406,85.8947525024414,97.56452178955078
2017-11-10,69.13717651367188,101.60985565185547,85.45870208740234,96.09333038330078
2017-11-13,69.12898254394531,101.52714538574219,85.41831970214844,96.29460906982422
2017-11-14,69.14540100097656,101.59331512451172,85.53949737548828,96.94508361816406
2017-11-15,69.1207275390625,101.72566223144531,85.84629821777344,97.99816131591797
2017-11-16,69.12898254394531,101.60159301757812,85.62828063964844,97.14639282226562
2017-11-17,69.08789825439453,101.65121459960938,85.74137115478516,97.86653900146484
2017-11-20,69.06322479248047,101.51060485839844,85.60406494140625,97.82781982421875
2017-11-21,69.04681396484375,101.42786407470703,85.62020874023438,98.13752746582031
2017-11-22,69.10427856445312,101.69258117675781,85.8947525024414,98.45499420166016
2017-11-24,69.10427856445312,101.62641143798828,85.82209014892578,98.18400573730469
2017-11-27,69.10427856445312,101.684326171875,85.87866973876953,98.04460906982422
2017-11-28,69.11251831054688,101.66780853271484,85.8947525024414,98.17620086669922
2017-11-29,69.09611511230469,101.51887512207031,85.62020874023438,97.2083740234375
2017-11-30,69.05496978759766,101.33686828613281,85.35372924804688,96.88314819335938
2017-12-01,69.07064056396484,101.48682403564453,85.6691665649414,98.19054412841797
2017-12-04,69.02951049804688,101.41229248046875,85.62872314453125,98.23705291748047
2017-12-05,69.02129364013672,101.42057037353516,85.69341278076172,98.72594451904297
2017-12-06,69.05416107177734,101.5364990234375,85.87135314941406,99.0672836303711
2017-12-07,69.06238555908203,101.44538116455078,85.71766662597656,98.29138946533203
2017-12-08,69.06238555908203,101.45367431640625,85.65296173095703,98.29916381835938
2017-12-11,69.02951049804688,101.37915802001953,85.59638977050781,98.09740447998047
2017-12-12,69.02951049804688,101.33772277832031,85.5235366821289,98.05863189697266
2017-12-13,69.10353088378906,101.58623504638672,85.87135314941406,98.79570770263672
2017-12-14,69.07886505126953,101.50337219238281,85.83901977539062,99.21471405029297
2017-12-15,69.04594421386719,101.4371109008789,85.8227767944336,99.58716583251953
2017-12-18,69.04594421386719,101.39572143554688,85.62872314453125,98.67932891845703
2017-12-19,69.0130615234375,101.15546417236328,85.24056243896484,97.39910888671875
2017-12-20,69.02129364013672,101.07264709472656,84.98981475830078,96.32060241699219
2017-12-21,69.01632690429688,101.04696655273438,85.04972076416016,96.88196563720703
2017-12-22,68.99163055419922,101.06355285644531,85.08216094970703,97.01410675048828
2017-12-26,68.98339080810547,101.07184600830078,85.11457061767578,97.3018798828125
2017-12-27,69.01632690429688,101.30403900146484,85.47901916503906,98.5692367553711
2017-12-28,69.02457427978516,101.24604797363281,85.37379455566406,98.48372650146484
2017-12-29,69.0410385131836,101.3290023803711,85.51145935058594,98.63921356201172
2018-01-02,69.01632690429688,101.18795013427734,85.22797393798828,97.573974609375
2018-01-03,69.01632690429688,101.21286010742188,85.31704711914062,98.04054260253906
2018-01-04,68.98339080810547,101.11328125,85.27657318115234,98.02499389648438
2018-01-05,68.98339080810547,101.05525207519531,85.1712417602539,97.74507904052734
2018-01-08,68.98339080810547,101.04696655273438,85.13079071044922,97.6828842163086
2018-01-09,68.958740234375,100.83961486816406,84.72574615478516,96.37659454345703
2018-01-10,68.98339080810547,100.84789276123047,84.70146942138672,96.25992584228516
2018-01-11,68.958740234375,100.88104248046875,84.75820922851562,96.65650939941406
2018-01-12,68.95048522949219,100.82298278808594,84.70146942138672,96.81977844238281
2018-01-16,68.94227600097656,100.81468963623047,84.74195861816406,97.22411346435547
2018-01-17,68.91753387451172,100.65708923339844,84.55560302734375,97.09193420410156
2018-01-18,68.90110778808594,100.54928588867188,84.28836059570312,96.18997192382812
2018-01-19,68.92574310302734,100.41648864746094,84.0697021484375,95.6845703125
2018-01-22,68.892822265625,100.37506866455078,84.03723907470703,95.77790832519531
2018-01-23,68.93399047851562,100.56581115722656,84.28028869628906,96.18997192382812
2018-01-24,68.91753387451172,100.47460174560547,84.11824035644531,95.66899871826172
2018-01-25,68.90110778808594,100.56581115722656,84.30455780029297,96.45435333251953
2018-01-26,68.85987854003906,100.35018920898438,84.05345916748047,96.09663391113281
2018-01-29,68.83518981933594,100.23406219482422,83.84284210205078,95.4280014038086
2018-01-30,68.84342956542969,100.16771697998047,83.6484375,94.86813354492188
2018-01-31,68.84342956542969,100.09306335449219,83.67276000976562,95.4280014038086
2018-02-01,68.81539916992188,100.10635375976562,83.24113464355469,94.04496002197266
2018-02-02,68.82363891601562,99.79071807861328,82.93286895751953,93.17232513427734
2018-02-05,68.94731140136719,100.28074645996094,83.61431121826172,94.05276489257812
2018-02-06,68.89784240722656,99.99005126953125,83.2492446899414,93.46835327148438
2018-02-07,68.848388671875,99.85713195800781,83.00582885742188,92.58012390136719
2018-02-08,68.85659790039062,99.99005126953125,83.0788803100586,92.4788589477539
2018-02-09,68.91432189941406,100.00666809082031,82.93286895751953,91.89449310302734
2018-02-12,68.88134002685547,99.91532135009766,82.90850067138672,92.29964447021484
2018-02-13,68.88134002685547,100.00666809082031,83.04639434814453,92.71260070800781
2018-02-14,68.78239440917969,99.58300018310547,82.54342651367188,91.68412780761719
2018-02-15,68.75773620605469,99.59964752197266,82.5677719116211,91.99578857421875
2018-02-16,68.7741928100586,99.7242202758789,82.7624740600586,92.49443817138672
2018-02-20,68.7659683227539,99.65782928466797,82.67321014404297,92.08928680419922
2018-02-21,68.7741928100586,99.50830078125,82.42980194091797,90.95948791503906
2018-02-22,68.78239440917969,99.63285827636719,82.54342651367188,91.2322006225586
2018-02-23,68.79891204833984,99.79071807861328,82.85981750488281,92.04251861572266
2018-02-26,68.80713653564453,99.85713195800781,82.9571533203125,92.07368469238281
2018-02-27,68.75773620605469,99.64949798583984,82.69754028320312,91.94121551513672
2018-02-28,68.7741928100586,99.7242202758789,82.89227294921875,92.52559661865234
2018-03-01,68.86988067626953,100.02616882324219,83.24895477294922,93.15721893310547
2018-03-02,68.83692932128906,99.82652282714844,82.94017791748047,92.39986419677734
2018-03-05,68.83692932128906,99.79328155517578,82.83460235595703,92.15003967285156
2018-03-06,68.82041931152344,99.76001739501953,82.82645416259766,92.23592376708984
2018-03-07,68.82041931152344,99.76001739501953,82.82645416259766,92.13445281982422
2018-03-08,68.83692932128906,99.87647247314453,82.99716186523438,92.66535186767578
2018-03-09,68.80390930175781,99.77662658691406,82.81832122802734,92.05638122558594
2018-03-12,68.83692932128906,99.87647247314453,83.01331329345703,92.58728790283203
2018-03-13,68.85336303710938,99.9346694946289,83.1514663696289,93.05572509765625
2018-03-14,68.84514617919922,100.01782989501953,83.31399536132812,93.87547302246094
2018-03-15,68.85336303710938,100.00122833251953,83.28148651123047,93.87547302246094
2018-03-16,68.82041931152344,99.91806030273438,83.1839828491211,93.53978729248047
2018-03-19,68.82041931152344,99.87647247314453,83.10273742675781,93.24308776855469
2018-03-20,68.79563903808594,99.72674560546875,82.94017791748047,92.86836242675781
2018-03-21,68.84514617919922,99.80995178222656,82.99716186523438,92.96984100341797
2018-03-22,68.8781509399414,100.0095443725586,83.33836364746094,93.89111328125
2018-03-23,68.8946304321289,100.11768341064453,83.45216369628906,93.8208236694336
2018-03-26,68.86163330078125,99.95964050292969,83.2246322631836,93.46166229248047
2018-03-27,68.91114044189453,100.25906372070312,83.69593048095703,94.46105194091797
2018-03-28,68.9194107055664,100.21746826171875,83.6796646118164,94.71086883544922
2018-03-29,68.94416046142578,100.32561492919922,83.85030364990234,95.17150115966797
2018-04-02,68.96395111083984,100.39891052246094,83.93576049804688,95.35926055908203
2018-04-03,68.93094635009766,100.21560668945312,83.6671371459961,94.62380981445312
2018-04-04,68.88965606689453,100.17401123046875,83.61831665039062,94.42822265625
2018-04-05,68.9061508178711,100.0573959350586,83.4067153930664,93.72406768798828
2018-04-06,68.96395111083984,100.31564331054688,83.7729721069336,94.7490005493164
2018-04-09,68.95571899414062,100.30728912353516,83.78927612304688,94.90547943115234
2018-04-10,68.92266082763672,100.17401123046875,83.64273834228516,94.73336791992188
2018-04-11,68.92266082763672,100.19898986816406,83.72410583496094,95.06980895996094
2018-04-12,68.8813705444336,99.99906921386719,83.4229507446289,94.37345123291016
2018-04-13,68.86482238769531,99.9907455444336,83.49620056152344,94.59254455566406
2018-04-16,68.85660552978516,99.96575927734375,83.45550537109375,94.62380981445312
2018-04-17,68.85660552978516,99.98243713378906,83.50438690185547,94.88202667236328
2018-04-18,68.79876708984375,99.74919128417969,83.17876434326172,94.12307739257812
2018-04-19,68.79876708984375,99.64921569824219,82.95086669921875,93.35628509521484
2018-04-20,68.77397918701172,99.45762634277344,82.67414855957031,92.68346405029297
2018-04-23,68.76570129394531,99.39098358154297,82.59271240234375,92.70692443847656
2018-04-24,68.78225708007812,99.35767364501953,82.49503326416016,92.28440856933594
2018-04-25,68.77397918701172,99.30770111083984,82.31597137451172,91.66634368896484
2018-04-26,68.7905044555664,99.42430877685547,82.55203247070312,92.30792236328125
2018-04-27,68.8070297241211,99.50764465332031,82.69036865234375,93.0198974609375
2018-04-30,68.78225708007812,99.55758666992188,82.7799301147461,93.18418884277344
2018-05-01,68.75164794921875,99.43327331542969,82.65026092529297,92.84862518310547
2018-05-02,68.7764663696289,99.5000228881836,82.6666030883789,92.7466812133789
2018-05-03,68.82608032226562,99.65022277832031,82.87860107421875,93.16227722167969
2018-05-04,68.80126953125,99.65022277832031,82.88679504394531,93.30341339111328
2018-05-07,68.80126953125,99.6168212890625,82.84601593017578,93.1544189453125
2018-05-08,68.80953216552734,99.541748046875,82.70735168457031,93.06815338134766
2018-05-09,68.7764663696289,99.42495727539062,82.51979064941406,92.51142883300781
2018-05-10,68.7764663696289,99.49168395996094,82.69104766845703,93.2563705444336
2018-05-11,68.7764663696289,99.47502899169922,82.6991958618164,93.49160766601562
2018-05-14,68.7764663696289,99.41661834716797,82.51979064941406,92.99755859375
2018-05-15,68.73509979248047,99.11626434326172,82.06314086914062,91.93902587890625
2018-05-16,68.73509979248047,99.01614379882812,81.89187622070312,91.58612060546875
2018-05-17,68.75164794921875,99.05785369873047,81.84293365478516,91.12351989746094
2018-05-18,68.78471374511719,99.2497329711914,82.16100311279297,91.90762329101562
2018-05-21,68.78471374511719,99.27474212646484,82.21804809570312,91.95465087890625
2018-05-22,68.78471374511719,99.26640319824219,82.18546295166016,91.81355285644531
2018-05-23,68.84261322021484,99.51671600341797,82.56056213378906,92.48005676269531
2018-05-24,68.88398742675781,99.6585464477539,82.77264404296875,93.21711730957031
2018-05-25,68.94190216064453,99.93387603759766,83.09882354736328,93.79739379882812
2018-05-29,69.14038848876953,100.59297943115234,83.9958267211914,95.85181427001953
2018-05-30,69.05767059326172,100.30095672607422,83.63700103759766,95.20884704589844
2018-05-31,69.02459716796875,100.29261016845703,83.59624481201172,95.0520248413086
2018-06-01,68.9715805053711,100.0218276977539,83.28739166259766,94.54974365234375
2018-06-04,68.91361236572266,99.78782653808594,82.99322509765625,93.86601257324219
2018-06-05,68.95498657226562,99.97173309326172,83.20567321777344,94.08610534667969
2018-06-06,68.93019104003906,99.75440979003906,82.87067413330078,93.32369995117188
2018-06-07,68.99641418457031,99.98843383789062,83.22203063964844,94.2275619506836
2018-06-08,68.97985076904297,99.90486145019531,83.10762023925781,93.94457244873047
2018-06-11,68.95498657226562,99.83796691894531,83.02590942382812,93.77169036865234
2018-06-12,68.9218978881836,99.78782653808594,82.97688293457031,93.79524993896484
2018-06-13,68.88875579833984,99.68753814697266,82.87883758544922,93.74810791015625
2018-06-14,68.91361236572266,99.8212661743164,83.14031219482422,94.52616882324219
2018-06-15,68.94670867919922,99.8547134399414,83.20567321777344,94.61264038085938
2018-06-18,68.96328735351562,99.8964614868164,83.24650573730469,94.52616882324219
2018-06-19,68.98812866210938,100.03856658935547,83.46717834472656,95.07637023925781
2018-06-20,68.95498657226562,99.88813018798828,83.19751739501953,94.24325561523438
2018-06-21,68.99641418457031,100.0218276977539,83.41812896728516,94.73841857910156
2018-06-22,69.00469970703125,100.05526733398438,83.4344711303711,94.73054504394531
2018-06-25,69.029541015625,100.14718627929688,83.54884338378906,94.9427490234375
2018-06-26,69.029541015625,100.1806411743164,83.5897216796875,95.07637023925781
2018-06-27,69.07096862792969,100.39788818359375,83.90837097167969,95.97232818603516
2018-06-28,69.07096862792969,100.31436157226562,83.82666015625,95.99592590332031
2018-06-29,69.05440521240234,100.28927612304688,83.76131439208984,95.66581726074219
2018-07-02,69.04608917236328,100.19973754882812,83.70396423339844,95.59099578857422
2018-07-03,69.07098388671875,100.34197998046875,83.91683197021484,96.10301971435547
2018-07-05,69.0627212524414,100.31690979003906,83.92501068115234,96.37873077392578
2018-07-06,69.07928466796875,100.40062713623047,83.99871063232422,96.69378662109375
2018-07-09,69.03783416748047,100.26669311523438,83.7859115600586,96.07150268554688
2018-07-10,69.02951049804688,100.19136047363281,83.7203369140625,96.06360626220703
2018-07-11,69.05439758300781,100.30854034423828,83.89231872558594,96.433837890625
2018-07-12,69.04608917236328,100.28343200683594,83.85952758789062,96.42598724365234
2018-07-13,69.0627212524414,100.40898895263672,83.99871063232422,96.67018127441406
2018-07-16,69.04608917236328,100.28343200683594,83.85952758789062,96.26844787597656
2018-07-17,69.03783416748047,100.24994659423828,83.8104476928711,96.08724975585938
2018-07-18,69.02951049804688,100.2164535522461,83.74494171142578,95.7012939453125
2018-07-19,69.0627212524414,100.40898895263672,83.9741439819336,96.30780029296875
2018-07-20,69.0627212524414,100.27508544921875,83.67945098876953,95.12621307373047
2018-07-23,69.021240234375,100.03226470947266,83.27014923095703,93.95247650146484
2018-07-24,69.02951049804688,100.0406723022461,83.32743835449219,94.2754898071289
2018-07-25,69.0046157836914,99.99046325683594,83.27014923095703,94.12578582763672
2018-07-26,69.0046157836914,99.88997650146484,83.18010711669922,93.94463348388672
2018-07-27,69.01290893554688,99.99046325683594,83.31106567382812,94.10218048095703
2018-07-30,69.01290893554688,99.95698547363281,83.20465850830078,93.77924346923828
2018-07-31,69.01290893554688,100.0072021484375,83.3192367553711,94.29119873046875
2018-08-01,69.0195541381836,99.88224029541016,83.12238311767578,93.5230712890625
2018-08-02,69.06114959716797,100.00806427001953,83.22080993652344,93.65728759765625
2018-08-03,69.06941986083984,100.18415069580078,83.43409729003906,94.12307739257812
2018-08-06,69.0860595703125,100.2176742553711,83.47510528564453,94.1783218383789
2018-08-07,69.06114959716797,100.06671905517578,83.30284118652344,93.68885040283203
2018-08-08,69.06941986083984,100.12540435791016,83.37665557861328,93.7835922241211
2018-08-09,69.11097717285156,100.26799011230469,83.6063232421875,94.57304382324219
2018-08-10,69.17745208740234,100.52791595458984,83.9672622680664,95.2599105834961
2018-08-13,69.16080474853516,100.54470825195312,83.9426498413086,95.06256103515625
2018-08-14,69.16080474853516,100.46086883544922,83.86058807373047,94.84937286376953
2018-08-15,69.19409942626953,100.62018585205078,84.06562805175781,95.40203857421875
2018-08-16,69.17745208740234,100.58663940429688,84.04103088378906,95.3941650390625
2018-08-17,69.20237731933594,100.58663940429688,84.0738525390625,95.51256561279297
2018-08-20,69.24391174316406,100.79624938964844,84.33631134033203,96.15202331542969
2018-08-21,69.2273178100586,100.70403289794922,84.22151947021484,95.8283920288086
2018-08-22,69.24391174316406,100.80465698242188,84.37733459472656,96.20735931396484
2018-08-23,69.23561096191406,100.77112579345703,84.3691635131836,96.35734558105469
2018-08-24,69.24391174316406,100.75432586669922,84.39375305175781,96.54678344726562
2018-08-27,69.218994140625,100.65369415283203,84.20512390136719,95.9941635131836
2018-08-28,69.19409942626953,100.51116943359375,84.01644134521484,95.4178237915039
2018-08-29,69.18574523925781,100.46086883544922,83.9918441772461,95.5441665649414
2018-08-30,69.23561096191406,100.6117935180664,84.14766693115234,95.74939727783203
2018-08-31,69.25223541259766,100.687255859375,84.16411590576172,95.52836608886719
2018-09-04,69.2364273071289,100.58985137939453,83.97178649902344,94.9760513305664
2018-09-05,69.2364273071289,100.58140563964844,83.96353149414062,94.72286224365234
2018-09-06,69.26140594482422,100.70743560791016,84.13613891601562,95.0710220336914
2018-09-07,69.18647766113281,100.39668273925781,83.75804138183594,94.26390838623047
2018-09-10,69.19480895996094,100.4134521484375,83.80741882324219,94.61204528808594
2018-09-11,69.1531753540039,100.2033920288086,83.5032958984375,93.8919906616211
2018-09-12,69.1531753540039,100.25382995605469,83.6019058227539,94.11356353759766
2018-09-13,69.16149139404297,100.23702239990234,83.59370422363281,94.25601196289062
2018-09-14,69.13655090332031,100.1026382446289,83.43754577636719,93.80497741699219
2018-09-17,69.11991119384766,100.14462280273438,83.4539794921875,93.80497741699219
2018-09-18,69.11156463623047,99.94300842285156,83.10875701904297,92.82379150390625
2018-09-19,69.09493255615234,99.86740112304688,82.96908569335938,92.2699203491211
2018-09-20,69.11991119384766,99.89261627197266,82.977294921875,92.69721221923828
2018-09-21,69.10324096679688,99.90941619873047,83.01016235351562,92.65762329101562
2018-09-24,69.10324096679688,99.87582397460938,82.91971588134766,92.42024230957031
2018-09-25,69.11156463623047,99.825439453125,82.83758544921875,92.32530975341797
2018-09-26,69.11991119384766,99.99343872070312,83.10875701904297,92.9741439819336
2018-09-27,69.11991119384766,99.98500061035156,83.10875701904297,93.03748321533203
2018-09-28,69.1531753540039,100.01863861083984,83.14991760253906,92.79212951660156
2018-10-01,69.134033203125,99.92522430419922,82.93905639648438,92.11094665527344
2018-10-02,69.15904998779297,100.05145263671875,83.15320587158203,92.67400360107422
2018-10-03,69.12568664550781,99.70645904541016,82.5355224609375,91.06415557861328
2018-10-04,69.10902404785156,99.60546875,82.32139587402344,90.42179107666016
2018-10-05,69.10072326660156,99.51292419433594,82.12372589111328,89.64459228515625
2018-10-08,69.08403015136719,99.55497741699219,82.1567153930664,89.34326171875
2018-10-09,69.10902404785156,99.60546875,82.31317138671875,90.24730682373047
2018-10-10,69.12568664550781,99.68961334228516,82.3543701171875,90.00146484375
2018-10-11,69.15069580078125,99.85790252685547,82.6919937133789,91.09587860107422
2018-10-12,69.15069580078125,99.79901885986328,82.59317779541016,90.7786636352539
2018-10-15,69.17573547363281,99.82426452636719,82.64259338378906,90.7389907836914
2018-10-16,69.15069580078125,99.82426452636719,82.63433837890625,90.94517517089844
2018-10-17,69.15069580078125,99.65594482421875,82.39552307128906,90.40592956542969
2018-10-18,69.1923828125,99.79057312011719,82.54376220703125,90.37420654296875
2018-10-19,69.15069580078125,99.7232894897461,82.44491577148438,90.17594146728516
2018-10-22,69.134033203125,99.7148666381836,82.4614028930664,90.05699920654297
2018-10-23,69.17573547363281,99.88317108154297,82.67552185058594,90.34246063232422
2018-10-24,69.2840576171875,100.2281723022461,83.1202163696289,91.02449035644531
2018-10-25,69.25906372070312,100.05987548828125,82.9225845336914,90.64382934570312
2018-10-26,69.30075073242188,100.37117767333984,83.29315185546875,91.19097900390625
2018-10-29,69.32575988769531,100.36277770996094,83.28495788574219,90.98482513427734
2018-10-30,69.2923812866211,100.21971893310547,83.10377502441406,90.53279876708984
2018-10-31,69.25906372070312,100.08512878417969,82.89789581298828,90.07283782958984
2018-11-01,69.29751586914062,100.17697143554688,82.96882629394531,90.15628814697266
2018-11-02,69.21395874023438,99.8735122680664,82.5066909790039,89.03538513183594
2018-11-05,69.23900604248047,99.90724182128906,82.55620574951172,89.38517761230469
2018-11-06,69.2223129272461,99.82291412353516,82.46539306640625,89.32951354980469
2018-11-07,69.19727325439453,99.77235412597656,82.46539306640625,89.44878387451172
2018-11-08,69.18893432617188,99.65435028076172,82.34986877441406,89.44082641601562
2018-11-09,69.2223129272461,99.89879608154297,82.67176055908203,90.10862731933594
2018-11-12,69.27247619628906,100.10113525390625,82.91935729980469,90.69688415527344
2018-11-13,69.28076934814453,100.15170288085938,82.9853744506836,90.64125061035156
2018-11-14,69.33087921142578,100.32870483398438,83.15868377685547,90.69688415527344
2018-11-15,69.36427307128906,100.40460968017578,83.21650695800781,90.65715026855469
2018-11-16,69.4144287109375,100.60691833496094,83.47229766845703,91.18183898925781
2018-11-19,69.47289276123047,100.7165298461914,83.5960464477539,91.43621063232422
2018-11-20,69.45613861083984,100.67440795898438,83.5796127319336,91.46796417236328
2018-11-21,69.45613861083984,100.63224029541016,83.56310272216797,91.43621063232422
2018-11-23,69.43944549560547,100.68280029296875,83.61263275146484,91.53160858154297
2018-11-26,69.44779968261719,100.62378692626953,83.54658508300781,91.32491302490234
2018-11-27,69.45613861083984,100.65753936767578,83.62913513183594,91.42821502685547
2018-11-28,69.48121643066406,100.70812225341797,83.620849609375,90.98303985595703
2018-11-29,69.49793243408203,100.83454895019531,83.83545684814453,91.3408203125
2018-11-30,69.52293395996094,100.91043853759766,84.00050354003906,91.6826400756836
2018-12-03,69.466064453125,100.97126007080078,84.18408966064453,92.33360290527344
2018-12-04,69.5162582397461,101.1485824584961,84.57282257080078,93.87944030761719
2018-12-06,69.58317565917969,101.32595825195312,84.78785705566406,94.17427062988281
2018-12-07,69.65849304199219,101.5877456665039,85.03595733642578,94.34952545166016
2018-12-10,69.65849304199219,101.60462188720703,85.08560943603516,94.73994445800781
2018-12-11,69.59159088134766,101.44415283203125,84.87057495117188,94.72406005859375
2018-12-12,69.58317565917969,101.30059814453125,84.63896179199219,94.30172729492188
2018-12-13,69.65010070800781,101.36819458007812,84.68860626220703,94.0785903930664
2018-12-14,69.69194030761719,101.49485778808594,84.82091522216797,94.40534210205078
2018-12-17,69.75887298583984,101.68907928466797,85.06903839111328,94.95510864257812
2018-12-18,69.79991149902344,101.84645080566406,85.2787094116211,95.5238037109375
2018-12-19,69.81668853759766,101.9564437866211,85.5770263671875,96.7857437133789
2018-12-20,69.80826568603516,101.91413879394531,85.46929168701172,96.43427276611328
2018-12-21,69.85855865478516,101.99028778076172,85.54393768310547,96.41828155517578
2018-12-24,69.9172134399414,102.21022033691406,85.7593994140625,96.8974838256836
2018-12-26,69.85016632080078,101.9310531616211,85.35332489013672,95.85922241210938
2018-12-27,69.92555236816406,102.1764144897461,85.56877899169922,95.87521362304688
2018-12-28,70.02613067626953,102.5401840209961,86.0328369140625,96.68186950683594
2018-12-31,70.05123901367188,102.70943450927734,86.3560791015625,97.04930114746094
2019-01-02,70.05963897705078,102.85319519042969,86.53841400146484,97.56046295166016
2019-01-03,70.20201873779297,103.43702697753906,87.22626495361328,98.6706314086914
2019-01-04,70.05123901367188,102.86172485351562,86.52181243896484,97.52851104736328
2019-01-07,70.00094604492188,102.65862274169922,86.281494140625,97.24093627929688
2019-01-08,69.95911407470703,102.47252655029297,86.06600952148438,96.98539733886719
2019-01-09,69.99258422851562,102.55708312988281,86.11576080322266,96.8336181640625
2019-01-10,70.00094604492188,102.5401840209961,86.07429504394531,96.21064758300781
2019-01-11,70.04289245605469,102.72632598876953,86.33123779296875,96.58602142333984
2019-01-14,70.04289245605469,102.70943450927734,86.281494140625,96.22662353515625
2019-01-15,70.06803131103516,102.6670913696289,86.19863891601562,95.87521362304688
2019-01-16,70.05123901367188,102.63328552246094,86.14888763427734,95.97105407714844
2019-01-17,70.04289245605469,102.51484680175781,85.99143981933594,95.99500274658203
2019-01-18,69.9842300415039,102.3033218383789,85.71795654296875,95.4918212890625
2019-01-22,70.04289245605469,102.51484680175781,86.01631927490234,96.13874816894531
2019-01-23,70.02613067626953,102.47252655029297,85.97484588623047,96.09883117675781
2019-01-24,70.084716796875,102.6670913696289,86.24836730957031,96.72981262207031
2019-01-25,70.03449249267578,102.51484680175781,86.04946899414062,96.26660919189453
2019-01-28,70.04289245605469,102.53173065185547,86.07429504394531,96.17070007324219
2019-01-29,70.07638549804688,102.7432861328125,86.32293701171875,96.6579360961914
2019-01-30,70.1685562133789,102.9548110961914,86.52181243896484,96.58602142333984
2019-01-31,70.22715759277344,103.24241638183594,86.91961669921875,97.41667175292969
2019-02-01,70.1448974609375,102.87789916992188,86.45454406738281,96.82833862304688
2019-02-04,70.1448974609375,102.76776123046875,86.26350402832031,96.39605712890625
2019-02-05,70.1448974609375,102.86947631835938,86.41303253173828,96.8363037109375
2019-02-06,70.17850494384766,102.93728637695312,86.47948455810547,96.88439178466797
2019-02-07,70.22884368896484,103.12371826171875,86.76185607910156,97.52474975585938
2019-02-08,70.25397491455078,103.20004272460938,86.87811279296875,97.94100189208984
2019-02-11,70.22884368896484,103.10675048828125,86.74522399902344,97.55680084228516
2019-02-12,70.22039794921875,103.01353454589844,86.62893676757812,97.3086166381836
2019-02-13,70.17012023925781,102.86096954345703,86.41303253173828,96.94036865234375
2019-02-14,70.26239776611328,103.14067840576172,86.81999206542969,97.49274444580078
2019-02-15,70.22884368896484,103.07283782958984,86.7369155883789,97.64479064941406
2019-02-19,70.27919006347656,103.20004272460938,86.88641357421875,97.89298248291016
2019-02-20,70.27078247070312,103.1915512084961,86.86980438232422,97.61283111572266
2019-02-21,70.2456283569336,103.03050231933594,86.61235809326172,96.74026489257812
2019-02-22,70.29600524902344,103.20851135253906,86.86980438232422,97.31661987304688
2019-02-25,70.2875747680664,103.14067840576172,86.7369155883789,97.0284194946289
2019-02-26,70.32115173339844,103.31024932861328,86.99436950683594,97.50872039794922
2019-02-27,70.30439758300781,103.14067840576172,86.68710327148438,96.4040298461914
2019-02-28,70.2875747680664,103.01353454589844,86.46285247802734,96.07583618164062
2019-03-01,70.24051666259766,102.79105377197266,86.17910766601562,95.1878662109375
2019-03-04,70.25727844238281,102.96942138671875,86.44538879394531,95.93383026123047
2019-03-05,70.26575469970703,102.98636627197266,86.49530029296875,96.13439178466797
2019-03-06,70.31620025634766,103.1731948852539,86.73660278320312,96.48736572265625
2019-03-07,70.37503051757812,103.41944885253906,87.02782440185547,97.11305236816406
2019-03-08,70.40026092529297,103.49588775634766,87.1526870727539,97.52220153808594
2019-03-11,70.38341522216797,103.42794799804688,87.08612060546875,97.23340606689453
2019-03-12,70.40865325927734,103.58077239990234,87.3274154663086,97.9152603149414
2019-03-13,70.41708374023438,103.58077239990234,87.29410552978516,97.73076629638672
2019-03-14,70.4338607788086,103.52134704589844,87.16932678222656,97.02484130859375
2019-03-15,70.45912170410156,103.69120025634766,87.44390869140625,97.66661071777344
2019-03-18,70.44232177734375,103.6147232055664,87.3274154663086,97.61042022705078
2019-03-19,70.4338607788086,103.56380462646484,87.26918029785156,97.39385986328125
2019-03-20,70.5347671508789,104.0223159790039,87.87657928466797,98.41265106201172
2019-03-21,70.5347671508789,103.97142028808594,87.83499145507812,98.6291732788086
2019-03-22,70.6524658203125,104.4384536743164,88.48399353027344,100.16140747070312
2019-03-25,70.72817993164062,104.65919494628906,88.7086410522461,100.32186126708984
2019-03-26,70.71975708007812,104.61674499511719,88.63375854492188,100.2496337890625
2019-03-27,70.77862548828125,104.79507446289062,88.89173126220703,101.17217254638672
2019-03-28,70.77020263671875,104.75263214111328,88.9000473022461,101.52507019042969
2019-03-29,70.72817993164062,104.61674499511719,88.75855255126953,101.4288558959961
2019-04-01,70.65570831298828,104.21604919433594,88.14825439453125,99.9881591796875
2019-04-02,70.68942260742188,104.35220336914062,88.29834747314453,100.17306518554688
2019-04-03,70.65570831298828,104.20758056640625,88.02320098876953,99.3048095703125
2019-04-04,70.67257690429688,104.2585678100586,88.1148910522461,99.58618927001953
2019-04-05,70.66415405273438,104.28409576416016,88.15660095214844,99.71481323242188
2019-04-08,70.64730834960938,104.19054412841797,88.01483917236328,99.36109161376953
2019-04-09,70.65570831298828,104.28409576416016,88.17325592041016,99.67461395263672
2019-04-10,70.71470642089844,104.42871856689453,88.3817138671875,99.91580200195312
2019-04-11,70.67257690429688,104.28409576416016,88.18161010742188,99.32894134521484
2019-04-12,70.63040161132812,104.00341033935547,87.77306365966797,98.62147521972656
2019-04-15,70.63887023925781,104.07144927978516,87.88978576660156,98.87066650390625
2019-04-16,70.63040161132812,103.8927993774414,87.58965301513672,98.25160217285156
2019-04-17,70.65570831298828,103.94381713867188,87.60627746582031,98.29179382324219
2019-04-18,70.67257690429688,104.07144927978516,87.81477355957031,98.80633544921875
2019-04-22,70.68098449707031,104.02040100097656,87.68968200683594,98.3320083618164
2019-04-23,70.71470642089844,104.15647888183594,87.84812927246094,98.54100799560547
2019-04-24,70.75678253173828,104.39472198486328,88.18161010742188,99.34498596191406
2019-04-25,70.75678253173828,104.30963897705078,88.0732192993164,99.20027160644531
2019-04-26,70.83259582519531,104.52232360839844,88.30669403076172,99.5379638671875
2019-04-29,70.80736541748047,104.4117202758789,88.12326049804688,98.90281677246094
2019-04-30,70.8578872680664,104.5648422241211,88.29834747314453,99.40933227539062
2019-05-01,70.79544830322266,104.45235443115234,88.25827026367188,99.81938934326172
2019-05-02,70.7616958618164,104.27339935302734,88.00760650634766,99.34404754638672
2019-05-03,70.78697967529297,104.3500747680664,88.12454986572266,99.62604522705078
2019-05-06,70.82919311523438,104.52908325195312,88.35013580322266,99.89997100830078
2019-05-07,70.86297607421875,104.70803833007812,88.65087890625,100.66532897949219
2019-05-08,70.85453033447266,104.59725189208984,88.48384857177734,100.23027038574219
2019-05-09,70.896728515625,104.77626037597656,88.71774291992188,100.64114379882812
2019-05-10,70.91358184814453,104.7336196899414,88.6593017578125,100.50420379638672
2019-05-13,70.99803161621094,105.10872650146484,89.10205841064453,101.2936782836914
2019-05-14,70.99803161621094,105.05753326416016,89.01853942871094,100.99560546875
2019-05-15,71.04867553710938,105.27912139892578,89.30255126953125,101.61598205566406
2019-05-16,71.00643157958984,105.1683120727539,89.12714385986328,101.27761840820312
2019-05-17,71.0233383178711,105.19390869140625,89.16889953613281,101.50323486328125
2019-05-20,70.98954010009766,105.04898071289062,89.01853942871094,101.2936782836914
2019-05-21,70.95580291748047,104.9296646118164,88.91824340820312,101.13259887695312
2019-05-22,70.98954010009766,105.15975952148438,89.18560791015625,101.71266174316406
2019-05-23,71.11617279052734,105.5518798828125,89.72862243652344,102.85665893554688
2019-05-24,71.09086608886719,105.51777648925781,89.70358276367188,102.94532012939453
2019-05-28,71.14991760253906,105.75643157958984,90.09623718261719,103.68646240234375
2019-05-29,71.15837097167969,105.71377563476562,90.0628433227539,104.00068664550781
2019-05-30,71.21745300292969,105.94392395019531,90.38870239257812,104.89492797851562
2019-05-31,71.369384765625,106.4553451538086,90.99022674560547,106.2081298828125
2019-06-03,71.50385284423828,106.82762908935547,91.4280014038086,106.91853332519531
2019-06-04,71.45309448242188,106.6226806640625,91.0931625366211,105.69954681396484
2019-06-05,71.48693084716797,106.71660614013672,91.0931625366211,105.10216522216797
2019-06-06,71.44464111328125,106.61416625976562,91.07642364501953,105.44123077392578
2019-06-07,71.520751953125,106.84468078613281,91.4363784790039,106.35343170166016
2019-06-10,71.45309448242188,106.52874755859375,90.98430633544922,105.35242462158203
2019-06-11,71.42774200439453,106.52023315429688,90.98430633544922,105.41698455810547
2019-06-12,71.48693084716797,106.72512817382812,91.21873474121094,105.4977035522461
2019-06-13,71.56303405761719,106.92155456542969,91.44475555419922,105.86099243164062
2019-06-14,71.53766632080078,106.90447235107422,91.51171875,106.12747192382812
2019-06-17,71.50385284423828,106.87881469726562,91.49497985839844,106.31312561035156
2019-06-18,71.51229095458984,106.9471435546875,91.67076110839844,106.84591674804688
2019-06-19,71.66452026367188,107.26305389404297,91.92189025878906,106.9992904663086
2019-06-20,71.6983642578125,107.35700988769531,92.07254791259766,107.2818603515625
2019-06-21,71.66452026367188,107.15209197998047,91.69586181640625,106.10319519042969
2019-06-24,71.70682525634766,107.36556243896484,92.01396179199219,106.89437866210938
2019-06-25,71.72370910644531,107.48509216308594,92.15626525878906,107.22537231445312
2019-06-26,71.6391372680664,107.15209197998047,91.77957916259766,106.53919982910156
2019-06-27,71.6983642578125,107.35700988769531,92.0558090209961,107.28995513916016
2019-06-28,71.6983642578125,107.38257598876953,92.0976791381836,107.21723937988281
2019-07-01,71.652587890625,107.29112243652344,91.98197174072266,106.96656799316406
2019-07-02,71.6949691772461,107.47926330566406,92.30902099609375,107.79161834716797
2019-07-03,71.7119369506836,107.53912353515625,92.48509979248047,108.56002044677734
2019-07-05,71.56785583496094,107.0943832397461,91.89810180664062,107.12019348144531
2019-07-08,71.53401947021484,106.9831771850586,91.80587005615234,107.26580047607422
2019-07-09,71.50857543945312,106.88912963867188,91.7471694946289,107.22535705566406
2019-07-10,71.63566589355469,107.12861633300781,91.7974853515625,106.63488006591797
2019-07-11,71.60177612304688,106.87200164794922,91.34465789794922,105.21129608154297
2019-07-12,71.61022186279297,106.9404296875,91.44530487060547,105.33256530761719
2019-07-15,71.6271743774414,107.06016540527344,91.63818359375,105.93927001953125
2019-07-16,71.60177612304688,106.89764404296875,91.4369125366211,105.62374877929688
2019-07-17,71.66954803466797,107.19700622558594,91.86458587646484,106.76427459716797
2019-07-18,71.75426483154297,107.4450454711914,92.09097290039062,106.77236938476562
2019-07-19,71.677978515625,107.2483139038086,91.92327117919922,106.52164459228516
2019-07-22,71.68651580810547,107.29112243652344,91.9651870727539,106.72383880615234
2019-07-23,71.66954803466797,107.1884994506836,91.81425476074219,106.14146423339844
2019-07-24,71.68651580810547,107.2483139038086,91.9483871459961,106.60250854492188
2019-07-25,71.6441421508789,107.10296630859375,91.78911590576172,106.09296417236328
2019-07-26,71.652587890625,107.10296630859375,91.77233123779297,106.34365844726562
2019-07-29,71.652587890625,107.14569854736328,91.85618591308594,106.37602233886719
2019-07-30,71.66106414794922,107.17135620117188,91.89810180664062,106.63488006591797
2019-07-31,71.652587890625,107.2140884399414,92.13292694091797,107.49226379394531
2019-08-01,71.85633087158203,108.00157928466797,93.17796325683594,109.62712097167969
2019-08-02,71.87329864501953,108.08722686767578,93.37113189697266,110.64026641845703
2019-08-05,72.01756286621094,108.66988372802734,94.17757415771484,112.55301666259766
2019-08-06,72.05152130126953,108.75554656982422,94.32877349853516,113.45268249511719
2019-08-07,72.06002044677734,108.74695587158203,94.32877349853516,113.49317932128906
2019-08-08,72.03453063964844,108.72130584716797,94.33718872070312,113.73633575439453
2019-08-09,71.99211883544922,108.5755615234375,94.19437408447266,113.5094223022461
2019-08-12,72.06851196289062,108.93550872802734,94.79077911376953,115.87603759765625
2019-08-13,71.98361206054688,108.61842346191406,94.45478057861328,115.47883605957031
2019-08-14,72.07695770263672,108.95265197753906,95.0848159790039,118.08056640625
2019-08-15,72.22975158691406,109.39815521240234,95.68966674804688,119.39356994628906
2019-08-16,72.22124481201172,109.35530090332031,95.4376449584961,118.43721008300781
2019-08-19,72.1448745727539,109.02971649169922,94.98400115966797,116.74320983886719
2019-08-20,72.19579315185547,109.29533386230469,95.40403747558594,117.9508285522461
2019-08-21,72.12789154052734,109.08968353271484,95.15206146240234,117.16475677490234
2019-08-22,72.09396362304688,108.93550872802734,94.94203186035156,116.3866195678711
2019-08-23,72.2127685546875,109.39815521240234,95.58048248291016,118.29940032958984
2019-08-26,72.17882537841797,109.32101440429688,95.48804473876953,117.82113647460938
2019-08-27,72.20429992675781,109.52669525146484,95.89966583251953,119.63672637939453
2019-08-28,72.22124481201172,109.5523681640625,95.93329620361328,119.79066467285156
2019-08-29,72.18732452392578,109.44099426269531,95.74847412109375,119.3367919921875
2019-08-30,72.2127685546875,109.45814514160156,95.7736587524414,119.36925506591797
2019-09-03,72.26890563964844,109.69415283203125,95.9839859008789,119.52352142333984
2019-09-04,72.32843017578125,109.87438201904297,96.13548278808594,119.70214080810547
2019-09-05,72.16691589355469,109.29075622558594,95.36136627197266,117.53433227539062
2019-09-06,72.17536926269531,109.33368682861328,95.42028045654297,118.37059020996094
2019-09-09,72.09886169433594,108.99893951416016,94.83123779296875,116.2677230834961
2019-09-10,71.9798355102539,108.5269546508789,94.14124298095703,114.229736328125
2019-09-11,71.9798355102539,108.45828247070312,94.0487060546875,114.02672576904297
2019-09-12,71.96282958984375,108.29520416259766,93.83832550048828,113.27981567382812
2019-09-13,71.84378051757812,107.72871398925781,92.98006439208984,110.86026763916016
2019-09-16,71.9032974243164,108.00337982177734,93.38399505615234,112.27301788330078
2019-09-17,71.93731689453125,108.15784454345703,93.62798309326172,112.88195037841797
2019-09-18,71.89480590820312,108.10641479492188,93.6616439819336,113.3609848022461
2019-09-19,71.9032974243164,108.19219970703125,93.70370483398438,113.70199584960938
2019-09-20,71.9798355102539,108.49259185791016,94.24219512939453,115.20411682128906
2019-09-23,72.0223617553711,108.61275482177734,94.37686157226562,115.1796875
2019-09-24,72.09886169433594,108.9474868774414,94.84809875488281,116.56810760498047
2019-09-25,72.00533294677734,108.51834106445312,94.2254409790039,114.86305236816406
2019-09-26,72.03934478759766,108.6299057006836,94.42733764648438,115.6019515991211
2019-09-27,72.08184051513672,108.75863647460938,94.56198120117188,115.88603973388672
2019-09-30,72.11585998535156,108.82731628417969,94.63768005371094,116.17030334472656
2019-10-01,72.19676208496094,109.08519744873047,94.89978790283203,116.51998138427734
2019-10-02,72.27339935302734,109.3688735961914,95.22845458984375,116.80467224121094
2019-10-03,72.42668914794922,109.77288818359375,95.72569274902344,117.87013244628906
2019-10-04,72.4181900024414,109.85888671875,95.91106414794922,118.74044036865234
2019-10-07,72.34153747558594,109.60954284667969,95.59085083007812,117.7562255859375
2019-10-08,72.38410949707031,109.74711608886719,95.79307556152344,118.07345581054688
2019-10-09,72.34153747558594,109.61811828613281,95.5487060546875,117.40656280517578
2019-10-10,72.25636291503906,109.20552825927734,94.95035552978516,115.65788269042969
2019-10-11,72.18826293945312,108.8014907836914,94.30149841308594,114.2263412475586
2019-10-14,72.19676208496094,108.87028503417969,94.5627212524414,115.05596923828125
2019-10-15,72.1797103881836,108.63818359375,94.10762786865234,113.66517639160156
2019-10-16,72.21379089355469,108.79293823242188,94.2929916381836,113.80341339111328
2019-10-17,72.21379089355469,108.75852966308594,94.25929260253906,113.52686309814453
2019-10-18,72.23934173583984,108.85308837890625,94.3436050415039,113.52686309814453
2019-10-21,72.20529174804688,108.61241149902344,93.9980697631836,112.67288970947266
2019-10-22,72.23081970214844,108.7413558959961,94.21717071533203,113.3316650390625
2019-10-23,72.22232055664062,108.69837188720703,94.25092315673828,113.4455795288086
2019-10-24,72.22232055664062,108.7241439819336,94.23402404785156,113.21778869628906
2019-10-25,72.1797103881836,108.5608139038086,94.03177642822266,112.66476440429688
2019-10-28,72.1541748046875,108.40607452392578,93.6778335571289,111.63992309570312
2019-10-29,72.17119598388672,108.4232406616211,93.76213073730469,111.71314239501953
2019-10-30,72.21379089355469,108.68978118896484,94.21717071533203,113.3479232788086
2019-10-31,72.34153747558594,109.14537811279297,94.8155288696289,114.87708282470703
2019-11-01,72.29888916015625,108.9998779296875,94.63662719726562,114.5234603881836
2019-11-04,72.24772644042969,108.74163818359375,94.155517578125,113.01614379882812
2019-11-05,72.196533203125,108.41444396972656,93.64915466308594,111.74504852294922
2019-11-06,72.23918151855469,108.59526062011719,93.91925811767578,112.42134094238281
2019-11-07,72.15386962890625,108.10453033447266,93.16805267333984,110.3843994140625
2019-11-08,72.16236114501953,108.06147003173828,93.04147338867188,109.92000579833984
2019-11-11,72.17943572998047,108.10453033447266,93.14274597167969,109.99331665039062
2019-11-12,72.18798065185547,108.17339324951172,93.1849365234375,110.4984359741211
2019-11-13,72.22212982177734,108.36282348632812,93.43810272216797,111.2154769897461
2019-11-14,72.29035186767578,108.68133544921875,93.91078186035156,112.36424255371094
2019-11-15,72.26472473144531,108.56940460205078,93.83482360839844,112.2420654296875
2019-11-18,72.29888916015625,108.6899642944336,93.99517822265625,112.44575500488281
2019-11-19,72.29035186767578,108.72438049316406,94.17240142822266,113.38275146484375
2019-11-20,72.32444763183594,108.9482192993164,94.51844787597656,114.55602264404297
2019-11-21,72.29035186767578,108.80184936523438,94.28211975097656,113.83904266357422
2019-11-22,72.2818374633789,108.77605438232422,94.2652816772461,113.98566436767578
2019-11-25,72.29035186767578,108.7846450805664,94.30744934082031,114.3197250366211
2019-11-26,72.32444763183594,108.90516662597656,94.48470306396484,114.98786926269531
2019-11-27,72.2818374633789,108.73297882080078,94.23992156982422,114.65380859375
2019-11-29,72.30745697021484,108.74163818359375,94.16399383544922,114.40935516357422
2019-12-02,72.28514862060547,108.60540008544922,93.82586669921875,112.88396453857422
2019-12-03,72.38771057128906,109.13129425048828,94.66263580322266,115.2508316040039
2019-12-04,72.35356140136719,108.88987731933594,94.29922485351562,114.10000610351562
2019-12-05,72.31938171386719,108.76919555664062,94.0794448852539,113.54499053955078
2019-12-06,72.293701171875,108.57952117919922,93.79204559326172,112.91661071777344
2019-12-09,72.293701171875,108.57086181640625,93.86814880371094,113.16143035888672
2019-12-10,72.25958251953125,108.46743774414062,93.75829315185547,113.16964721679688
2019-12-11,72.31938171386719,108.70882415771484,94.1470718383789,114.05923461914062
2019-12-12,72.25102996826172,108.26052856445312,93.40330505371094,112.18202209472656
2019-12-13,72.33647155761719,108.63987731933594,93.95269775390625,113.47978973388672
2019-12-16,72.293701171875,108.38981628417969,93.51315307617188,112.45955657958984
2019-12-17,72.31082153320312,108.39845275878906,93.5216064453125,112.304443359375
2019-12-18,72.31938171386719,108.28638458251953,93.26805877685547,111.3822250366211
2019-12-19,72.33387756347656,108.35287475585938,93.34080505371094,111.56037902832031
2019-12-20,72.33387756347656,108.33560943603516,93.34080505371094,111.70755767822266
2019-12-23,72.31681060791016,108.27519989013672,93.25618743896484,111.54407501220703
2019-12-24,72.32539367675781,108.38743591308594,93.41702270507812,111.86286926269531
2019-12-26,72.35102081298828,108.47370147705078,93.55243682861328,112.13259887695312
2019-12-27,72.40233612060547,108.66368103027344,93.68787384033203,112.2552261352539
2019-12-30,72.42806243896484,108.68959045410156,93.6286392211914,111.8464584350586
2019-12-31,72.41949462890625,108.56867218017578,93.29008483886719,110.75108337402344
2020-01-02,72.45372009277344,108.75865173339844,93.72172546386719,112.00183868408203
2020-01-03,72.51362609863281,109.10401916503906,94.34809112548828,113.72663879394531
2020-01-06,72.48796081542969,109.0435791015625,94.24650573730469,113.08087158203125
2020-01-07,72.48796081542969,109.0003662109375,94.11107635498047,112.52501678466797
2020-01-08,72.45372009277344,108.85362243652344,93.8910140991211,111.78111267089844
2020-01-09,72.46226501464844,108.85362243652344,93.9587173461914,112.17349243164062
2020-01-10,72.47938537597656,108.95721435546875,94.16185760498047,113.1708755493164
2020-01-13,72.47087097167969,108.89676666259766,94.05182647705078,112.82747650146484
2020-01-14,72.47938537597656,109.009033203125,94.23806762695312,113.40787506103516
2020-01-15,72.51362609863281,109.12992095947266,94.47504425048828,114.1600112915039
2020-01-16,72.51362609863281,109.05217742919922,94.28034973144531,113.80033874511719
2020-01-17,72.53927612304688,109.0349349975586,94.20414733886719,112.82747650146484
2020-01-21,72.55642700195312,109.28530883789062,94.57662200927734,114.0128173828125
2020-01-22,72.57349395751953,109.30255889892578,94.59352111816406,114.41341400146484
2020-01-23,72.59917449951172,109.44068145751953,94.83049774169922,115.21446990966797
2020-01-24,72.62488555908203,109.63066864013672,95.16903686523438,116.14643096923828
2020-01-27,72.70187377929688,110.01054382324219,95.81232452392578,117.9530258178711
2020-01-28,72.66763305664062,109.86375427246094,95.49071502685547,117.02928924560547
2020-01-29,72.73612976074219,110.13139343261719,95.9477310180664,118.17378234863281
2020-01-30,72.74472045898438,110.22636413574219,96.04084777832031,118.19009399414062
2020-01-31,72.83879852294922,110.56307220458984,96.52330780029297,119.26915740966797
2020-02-03,72.81737518310547,110.44979858398438,96.44109344482422,119.17250061035156
2020-02-04,72.74024963378906,110.12123107910156,95.8816909790039,117.56759643554688
2020-02-05,72.6888198852539,109.88774871826172,95.46643829345703,116.28215026855469
2020-02-06,72.70597076416016,109.89640808105469,95.53425598144531,116.80619049072266
2020-02-07,72.74877166748047,110.15581512451172,95.99191284179688,118.26365661621094
2020-02-10,72.7830810546875,110.32008361816406,96.17835998535156,118.59121704101562
2020-02-11,72.74877166748047,110.16444396972656,95.94952392578125,117.99343872070312
2020-02-12,72.71453094482422,110.01744842529297,95.70374298095703,117.39568328857422
2020-02-13,72.73165893554688,110.06932830810547,95.78849029541016,117.84602355957031
2020-02-14,72.76592254638672,110.15581512451172,96.02577209472656,118.3619384765625
2020-02-18,72.7916488647461,110.29415130615234,96.17835998535156,119.17250061035156
2020-02-19,72.80023956298828,110.25093841552734,96.1613998413086,119.16437530517578
2020-02-20,72.81737518310547,110.441162109375,96.44109344482422,120.09783172607422
2020-02-21,72.87735748291016,110.6832504272461,96.83099365234375,121.21961975097656
2020-02-24,72.99736785888672,111.21075439453125,97.58524322509766,123.02926635742188
2020-02-25,73.07452392578125,111.40962982177734,97.85649108886719,123.68431091308594
2020-02-26,73.12593078613281,111.42696380615234,97.8056411743164,123.02926635742188
2020-02-27,73.21162414550781,111.79009246826172,98.28024291992188,124.36393737792969
2020-02-28,73.47731018066406,112.65484619140625,99.38204193115234,127.17251586914062
2020-03-02,73.44729614257812,112.49978637695312,99.31414031982422,126.23690032958984
2020-03-03,73.73910522460938,113.43505859375,100.46818542480469,128.19680786132812
2020-03-04,73.74767303466797,113.3570785522461,100.24755859375,126.83549499511719
2020-03-05,73.90218353271484,113.82469940185547,101.1385498046875,129.99261474609375
2020-03-06,73.9880142211914,114.24898529052734,102.1653060913086,136.7579803466797
2020-03-09,74.39143371582031,114.77721405029297,103.08172607421875,140.46456909179688
2020-03-10,74.06527709960938,114.15370178222656,101.18943786621094,133.2646026611328
2020-03-11,73.9794692993164,113.88530731201172,100.17970275878906,128.3607635498047
2020-03-12,73.96226501464844,114.01522064208984,100.2305908203125,129.15626525878906
2020-03-13,74.05667877197266,113.47830200195312,99.57720184326172,126.23690032958984
2020-03-16,74.1768569946289,114.65594482421875,102.20771789550781,134.4126434326172
2020-03-17,74.00518035888672,113.40038299560547,99.64510345458984,125.44964599609375
2020-03-18,73.9107666015625,112.66432189941406,98.26194763183594,118.37262725830078
2020-03-19,74.03954315185547,112.90682983398438,98.58442687988281,121.59545135498047
2020-03-20,74.2369613647461,114.25760650634766,101.09612274169922,130.7388458251953
2020-03-23,74.32273864746094,115.07160949707031,102.29254913330078,136.12652587890625
2020-03-24,74.21977233886719,114.52611541748047,101.59677124023438,133.59254455566406
2020-03-25,74.30561065673828,114.56067657470703,101.65617370605469,133.2891387939453
2020-03-26,74.39143371582031,114.785888671875,101.9022445678711,133.9452362060547
2020-03-27,74.37427520751953,115.21882629394531,102.65743255615234,137.5205841064453
2020-03-30,74.40865325927734,115.23611450195312,102.89498901367188,136.38893127441406
2020-03-31,74.39143371582031,115.46127319335938,103.08172607421875,135.28187561035156
2020-04-01,74.43956756591797,115.54969024658203,103.50140380859375,137.17724609375
2020-04-02,74.45674133300781,115.47167205810547,103.51840209960938,138.04776000976562
2020-04-03,74.43956756591797,115.48899841308594,103.5948486328125,138.3762969970703
2020-04-06,74.38803100585938,115.21160125732422,103.1275863647461,138.01490783691406
2020-04-07,74.37081909179688,115.02082824707031,102.66883850097656,136.5695343017578
2020-04-08,74.41376495361328,115.03817749023438,102.54141998291016,135.57586669921875
2020-04-09,74.43956756591797,115.28095245361328,102.76232147216797,135.82223510742188
2020-04-13,74.44815826416016,115.1595687866211,102.54141998291016,134.58226013183594
2020-04-14,74.44815826416016,115.30693817138672,102.67732238769531,134.54937744140625
2020-04-15,74.47393035888672,115.69709777832031,103.5948486328125,138.11343383789062
2020-04-16,74.49110412597656,115.69709777832031,103.70529174804688,139.68199157714844
2020-04-17,74.46537017822266,115.57569122314453,103.43341827392578,137.80960083007812
2020-04-20,74.46537017822266,115.67105102539062,103.70529174804688,138.91819763183594
2020-04-21,74.48251342773438,115.75776672363281,103.994140625,140.66751098632812
2020-04-22,74.45674133300781,115.593017578125,103.67127990722656,139.23028564453125
2020-04-23,74.44815826416016,115.593017578125,103.73927307128906,139.9694366455078
2020-04-24,74.44815826416016,115.61906433105469,103.76476287841797,140.29782104492188
2020-04-27,74.44815826416016,115.38494873046875,103.21255493164062,137.68638610839844
2020-04-28,74.47393035888672,115.593017578125,103.66278839111328,139.27142333984375
2020-04-29,74.46537017822266,115.64507293701172,103.61182403564453,138.54869079589844
2020-04-30,74.5942611694336,115.60173797607422,103.365478515625,136.930908203125
2020-05-01,74.4841537475586,115.60604095458984,103.50833892822266,138.10348510742188
2020-05-04,74.4841537475586,115.63207244873047,103.52537536621094,137.45387268066406
2020-05-05,74.47555541992188,115.60604095458984,103.44880676269531,136.57406616210938
2020-05-06,74.50140380859375,115.5279541015625,103.06612396240234,134.3703155517578
2020-05-07,74.5529556274414,115.9097900390625,103.69542694091797,136.6151885986328
2020-05-08,74.53577423095703,115.78831481933594,103.35529327392578,134.83895874023438
2020-05-11,74.5099105834961,115.63207244873047,103.06612396240234,133.7864532470703
2020-05-12,74.52719116210938,115.77091217041016,103.40631103515625,135.15972900390625
2020-05-13,74.52719116210938,115.84905242919922,103.61893463134766,136.10537719726562
2020-05-14,74.5099105834961,115.91844940185547,103.78050994873047,137.43740844726562
2020-05-15,74.5529556274414,115.9097900390625,103.71246337890625,137.08377075195312
2020-05-18,74.49274444580078,115.6234359741211,103.07461547851562,134.07423400878906
2020-05-19,74.53577423095703,115.77959442138672,103.36376953125,134.5758514404297
2020-05-20,74.53577423095703,115.78831481933594,103.38929748535156,134.9788360595703
2020-05-21,74.5185317993164,115.79698944091797,103.45732879638672,135.31594848632812
2020-05-22,74.5185317993164,115.8316650390625,103.65288543701172,136.13002014160156
2020-05-26,74.5185317993164,115.78831481933594,103.3807373046875,134.30450439453125
2020-05-27,74.50140380859375,115.79698944091797,103.4658432006836,134.05783081054688
2020-05-28,74.53577423095703,115.78831481933594,103.37226867675781,133.56443786621094
2020-05-29,74.53577423095703,115.97050476074219,103.7039566040039,134.51829528808594
2020-06-01,74.52716064453125,115.93924713134766,103.6630859375,133.6126251220703
2020-06-02,74.52716064453125,115.86109924316406,103.49283599853516,133.1268310546875
2020-06-03,74.4668960571289,115.5831527709961,102.87989807128906,131.3566131591797
2020-06-04,74.48411560058594,115.40941619873047,102.47128295898438,129.4546661376953
2020-06-05,74.45829772949219,115.13146209716797,101.96047973632812,128.53262329101562
2020-06-08,74.44108581542969,115.19225311279297,102.07112884521484,129.026611328125
2020-06-09,74.4668960571289,115.42679595947266,102.43721771240234,130.49221801757812
2020-06-10,74.5099105834961,115.85237121582031,103.20340728759766,132.427001953125
2020-06-11,74.47551727294922,115.88713073730469,103.56942749023438,134.92999267578125
2020-06-12,74.50137329101562,115.82630920410156,103.33958435058594,133.62911987304688
2020-06-15,74.48411560058594,115.78289031982422,103.25447082519531,133.70315551757812
2020-06-16,74.47551727294922,115.73078918457031,103.04163360595703,131.6530303955078
2020-06-17,74.50137329101562,115.7655258178711,103.20340728759766,132.1964874267578
2020-06-18,74.49272918701172,115.81768035888672,103.43321990966797,133.59617614746094
2020-06-19,74.5099105834961,115.85237121582031,103.4672622680664,133.70315551757812
2020-06-22,74.49272918701172,115.80030822753906,103.3736343383789,133.71966552734375
2020-06-23,74.5099105834961,115.84371948242188,103.33958435058594,132.8057098388672
2020-06-24,74.5185317993164,115.90453338623047,103.53538513183594,134.23013305664062
2020-06-25,74.5185317993164,115.92189025878906,103.55240631103516,134.61712646484375
2020-06-26,74.54438018798828,116.06951141357422,103.8333511352539,136.0579833984375
2020-06-29,74.5616226196289,116.147705078125,103.93551635742188,135.62985229492188
2020-06-30,74.55296325683594,116.10428619384766,103.74820709228516,134.9711456298828
2020-07-01,74.52799224853516,115.99473571777344,103.58634185791016,134.70892333984375
2020-07-02,74.56246185302734,116.09911346435547,103.71416473388672,134.84915161132812
2020-07-06,74.53661346435547,116.01211547851562,103.56074523925781,134.29684448242188
2020-07-07,74.55384826660156,116.13385009765625,103.89308166503906,136.18455505371094
2020-07-08,74.55384826660156,116.08167266845703,103.731201171875,135.6405029296875
2020-07-09,74.57105255126953,116.19466400146484,104.06349182128906,137.8000946044922
2020-07-10,74.54524993896484,116.09911346435547,103.8590087890625,137.10775756835938
2020-07-13,74.54524993896484,116.1512451171875,103.9697494506836,137.5611114501953
2020-07-14,74.55384826660156,116.1251449584961,103.96123504638672,137.7589569091797
2020-07-15,74.56246185302734,116.13385009765625,103.9271469116211,137.11599731445312
2020-07-16,74.56246185302734,116.19466400146484,104.00386047363281,137.76724243164062
2020-07-17,74.57968139648438,116.17724609375,103.97827911376953,137.47869873046875
2020-07-20,74.56246185302734,116.17724609375,104.04644775390625,137.8166961669922
2020-07-21,74.57968139648438,116.25556945800781,104.15721893310547,137.89907836914062
2020-07-22,74.57105255126953,116.24681091308594,104.1913070678711,138.3112335205078
2020-07-23,74.57105255126953,116.24681091308594,104.29349517822266,139.9268035888672
2020-07-24,74.57968139648438,116.2642593383789,104.2424087524414,139.91867065429688
2020-07-27,74.55384826660156,116.17724609375,104.08052062988281,139.3993377685547
2020-07-28,74.57105255126953,116.30768585205078,104.32762145996094,140.3638458251953
2020-07-29,74.5882797241211,116.39459991455078,104.46395111083984,140.12477111816406
2020-07-30,74.61414337158203,116.49894714355469,104.6087875366211,141.04794311523438
2020-07-31,74.62272644042969,116.55108642578125,104.63438415527344,140.95726013183594
2020-08-03,74.62273406982422,116.53802490234375,104.58317565917969,140.2476043701172
2020-08-04,74.63134765625,116.67729187011719,104.94136047363281,141.58447265625
2020-08-05,74.61412811279297,116.52937316894531,104.59174346923828,140.3466339111328
2020-08-06,74.61412811279297,116.54680633544922,104.71112060546875,141.130615234375
2020-08-07,74.60552215576172,116.45977020263672,104.48934936523438,140.1898193359375
2020-08-10,74.58826446533203,116.43363189697266,104.37850952148438,139.56268310546875
2020-08-11,74.57102966308594,116.25963592529297,104.02039337158203,137.90396118164062
2020-08-12,74.55380249023438,116.12044525146484,103.71337127685547,136.64959716796875
2020-08-13,74.54520416259766,116.02471160888672,103.50019073486328,135.18899536132812
2020-08-14,74.55380249023438,116.10301208496094,103.55134582519531,134.66082763671875
2020-08-17,74.56241607666016,116.17262268066406,103.72189331054688,134.9991455078125
2020-08-18,74.57102966308594,116.24227905273438,103.90100860595703,135.9646453857422
2020-08-19,74.57102966308594,116.17262268066406,103.76454162597656,135.11468505859375
2020-08-20,74.57102966308594,116.26832580566406,104.06302642822266,136.33607482910156
2020-08-21,74.56241607666016,116.28577423095703,104.1397705078125,137.1530303955078
2020-08-24,74.55380249023438,116.22482299804688,103.99478149414062,136.93016052246094
2020-08-25,74.56241607666016,116.13785552978516,103.74749755859375,135.8821563720703
2020-08-26,74.56241607666016,116.13785552978516,103.70487213134766,135.36224365234375
2020-08-27,74.55380249023438,116.05084228515625,103.3381576538086,133.0598907470703
2020-08-28,74.57965850830078,116.20743560791016,103.50872039794922,132.9607696533203
2020-08-31,74.60552215576172,116.23355102539062,103.61957550048828,133.84385681152344
2020-09-01,74.58740997314453,116.33455657958984,103.95919036865234,135.3747100830078
2020-09-02,74.59603881835938,116.36067199707031,104.10433197021484,136.66351318359375
2020-09-03,74.58740997314453,116.40418243408203,104.24083709716797,137.0518035888672
2020-09-04,74.5615463256836,116.14299774169922,103.66053771972656,134.44937133789062
2020-09-08,74.57013702392578,116.26495361328125,103.8824462890625,135.27565002441406
2020-09-09,74.57878875732422,116.26495361328125,103.83119201660156,134.91201782226562
2020-09-10,74.57013702392578,116.2996826171875,103.95919036865234,135.59774780273438
2020-09-11,74.58740997314453,116.40418243408203,104.1213607788086,135.88693237304688
2020-09-14,74.57878875732422,116.33455657958984,104.02751922607422,135.87863159179688
2020-09-15,74.58740997314453,116.31714630126953,103.97630310058594,135.5482177734375
2020-09-16,74.59603881835938,116.2910385131836,103.91654968261719,135.14337158203125
2020-09-17,74.57878875732422,116.2996826171875,103.9507064819336,135.5564422607422
2020-09-18,74.58740997314453,116.25614929199219,103.8568115234375,135.13514709472656
2020-09-21,74.57878875732422,116.32585144042969,104.04454040527344,135.82081604003906
2020-09-22,74.59603881835938,116.34320831298828,104.04454040527344,135.7134246826172
2020-09-23,74.59603881835938,116.33455657958984,104.04454040527344,135.8951873779297
2020-09-24,74.58740997314453,116.35193634033203,104.09577178955078,136.41566467285156
2020-09-25,74.59603881835938,116.40418243408203,104.18110656738281,136.41566467285156
2020-09-28,74.60462951660156,116.39549255371094,104.16404724121094,136.0273895263672
2020-09-29,74.59603881835938,116.44776153564453,104.24083709716797,136.18434143066406
2020-09-30,74.60462951660156,116.32585144042969,103.95919036865234,134.87896728515625
2020-10-01,74.58737182617188,116.34767150878906,104.0181655883789,135.1015167236328
2020-10-02,74.59603118896484,116.3040771484375,103.9156723022461,134.5970001220703
2020-10-05,74.57013702392578,116.02517700195312,103.25812530517578,131.9670867919922
2020-10-06,74.57013702392578,116.11231231689453,103.49726867675781,132.6782684326172
2020-10-07,74.56149291992188,115.99907684326172,103.19835662841797,131.7107391357422
2020-10-08,74.56149291992188,116.07750701904297,103.38622283935547,132.42196655273438
2020-10-09,74.56149291992188,116.03388977050781,103.33499908447266,132.3971405029297
2020-10-12,74.57879638671875,116.07750701904297,103.44599151611328,132.81895446777344
2020-10-13,74.57013702392578,116.19952392578125,103.67655944824219,133.76998901367188
2020-10-14,74.57013702392578,116.20821380615234,103.71076202392578,134.075927734375
2020-10-15,74.58737182617188,116.16461944580078,103.59968566894531,133.84439086914062
2020-10-16,74.57879638671875,116.147216796875,103.5399398803711,133.47227478027344
2020-10-19,74.57879638671875,116.07750701904297,103.36915588378906,132.9677734375
2020-10-20,74.57013702392578,115.99907684326172,103.14713287353516,131.70242309570312
2020-10-21,74.57013702392578,115.94676208496094,103.0104751586914,131.24757385253906
2020-10-22,74.54423522949219,115.807373046875,102.65187072753906,129.883056640625
2020-10-23,74.5528564453125,115.85093688964844,102.7970199584961,130.6769561767578
2020-10-26,74.56149291992188,115.95553588867188,103.07026672363281,131.89263916015625
2020-10-27,74.56149291992188,116.06006622314453,103.30084228515625,132.777587890625
2020-10-28,74.56149291992188,116.06006622314453,103.29230499267578,132.90162658691406
2020-10-29,74.57879638671875,115.91191864013672,102.85679626464844,131.61141967773438
2020-10-30,74.57013702392578,115.81608581542969,102.52376556396484,130.3131103515625
2020-11-02,74.56926727294922,115.83528900146484,102.69977569580078,131.28916931152344
2020-11-03,74.552001953125,115.77424621582031,102.46903991699219,130.5275115966797
2020-11-04,74.56926727294922,116.13169860839844,103.33208465576172,133.35887145996094
2020-11-05,74.552001953125,116.10556030273438,103.31499481201172,133.59071350097656
2020-11-06,74.5605697631836,115.96611022949219,102.96467590332031,131.97634887695312
2020-11-09,74.53472137451172,115.61727142333984,102.20417022705078,129.2028045654297
2020-11-10,74.52611541748047,115.48648071289062,101.9136734008789,128.45767211914062
2020-11-11,74.50884246826172,115.53873443603516,102.07601928710938,128.9213409423828
2020-11-12,74.51749420166016,115.79168701171875,102.65703582763672,131.11534118652344
2020-11-13,74.51749420166016,115.73931884765625,102.52033233642578,130.9414520263672
2020-11-16,74.53472137451172,115.72193908691406,102.44342803955078,130.62684631347656
2020-11-17,74.52611541748047,115.83528900146484,102.7083511352539,131.47959899902344
2020-11-18,74.52611541748047,115.80039978027344,102.67411804199219,131.8603973388672
2020-11-19,74.54337310791016,115.84395599365234,102.78521728515625,132.53927612304688
2020-11-20,74.552001953125,115.90498352050781,102.96467590332031,133.71490478515625
2020-11-23,74.552001953125,115.85266876220703,102.75959777832031,133.1022491455078
2020-11-24,74.5605697631836,115.81784057617188,102.59722137451172,131.7776336669922
2020-11-25,74.56926727294922,115.84395599365234,102.63138580322266,131.37191772460938
2020-11-27,74.56926727294922,115.96611022949219,102.93903350830078,132.6468963623047
2020-11-30,74.58654022216797,115.9835205078125,102.87069702148438,132.48129272460938
2020-12-01,74.54595184326172,115.73917388916016,102.32345581054688,130.5280303955078
2020-12-02,74.56321716308594,115.7129898071289,102.15243530273438,129.49200439453125
2020-12-03,74.58049011230469,115.8438949584961,102.42606353759766,130.53622436523438
2020-12-04,74.57185363769531,115.70431518554688,102.02416229248047,128.621826171875
2020-12-07,74.5890884399414,115.86138153076172,102.34053802490234,129.78213500976562
2020-12-08,74.57185363769531,115.88753509521484,102.44316101074219,130.39535522460938
2020-12-09,74.56321716308594,115.80899047851562,102.29779052734375,129.96446228027344
2020-12-10,74.58049011230469,115.93987274169922,102.52864074707031,131.11636352539062
2020-12-11,74.6236572265625,116.06205749511719,102.73389434814453,131.58042907714844
2020-12-14,74.61504364013672,116.06205749511719,102.67398071289062,131.21585083007812
2020-12-15,74.61504364013672,116.01838684082031,102.57139587402344,130.77658081054688
2020-12-16,74.61504364013672,116.00096893310547,102.48591613769531,130.42849731445312
2020-12-17,74.61672973632812,115.96342468261719,102.41146850585938,130.0834503173828
2020-12-18,74.60812377929688,115.9546890258789,102.32588958740234,129.6935272216797
2020-12-21,74.60812377929688,115.96342468261719,102.39435577392578,130.20782470703125
2020-12-22,74.60812377929688,116.04195404052734,102.56546020507812,130.8798065185547
2020-12-23,74.62541198730469,115.98088073730469,102.35157012939453,129.97555541992188
2020-12-24,74.60812377929688,116.03327178955078,102.49701690673828,130.48992919921875
2020-12-28,74.61672973632812,116.04195404052734,102.5055923461914,130.5479736328125
2020-12-29,74.61672973632812,116.05073547363281,102.48846435546875,130.38206481933594
2020-12-30,74.62541198730469,116.06816101074219,102.55691528320312,130.6641387939453
2020-12-31,74.61672973632812,116.11183166503906,102.62538146972656,130.85494995117188
2021-01-04,74.62541198730469,116.14679718017578,102.65100860595703,130.6973419189453
2021-01-05,74.62541198730469,116.05073547363281,102.41146850585938,129.7266387939453
2021-01-06,74.58222198486328,115.77132415771484,101.81256866455078,127.0635986328125
2021-01-07,74.5994644165039,115.63160705566406,101.45321655273438,125.9436264038086
2021-01-08,74.59083557128906,115.49189758300781,101.162353515625,125.53712463378906
2021-01-11,74.58222198486328,115.413330078125,100.96554565429688,125.3297348022461
2021-01-12,74.58222198486328,115.38713073730469,100.9484634399414,125.23014831542969
2021-01-13,74.57357025146484,115.53556823730469,101.29923248291016,126.64051055908203
2021-01-14,74.58222198486328,115.50061798095703,101.06822967529297,125.4542007446289
2021-01-15,74.59083557128906,115.64035034179688,101.34201049804688,125.951904296875
2021-01-19,74.61672973632812,115.6927261352539,101.40190124511719,126.35847473144531
2021-01-20,74.60812377929688,115.6927261352539,101.4446792602539,126.48287963867188
2021-01-21,74.61672973632812,115.67526245117188,101.29923248291016,125.59516143798828
2021-01-22,74.61672973632812,115.7364273071289,101.45321655273438,126.00166320800781
2021-01-25,74.62541198730469,115.88482666015625,101.86390686035156,127.48670959472656
2021-01-26,74.61672973632812,115.86738586425781,101.82965850830078,127.24610137939453
2021-01-27,74.61672973632812,115.91105651855469,101.9494400024414,127.56966400146484
2021-01-28,74.60812377929688,115.80622100830078,101.68425750732422,126.8644790649414
2021-01-29,74.6340103149414,115.78873443603516,101.50453186035156,126.1012954711914
2021-02-01,74.64263916015625,115.87353515625,101.63123321533203,126.24746704101562
2021-02-02,74.61672973632812,115.73374938964844,101.37443542480469,125.43343353271484
2021-02-03,74.62539672851562,115.6463623046875,101.12613677978516,124.32054138183594
2021-02-04,74.62539672851562,115.6551284790039,101.0918960571289,123.98828125
2021-02-05,74.64263916015625,115.60269165039062,100.87785339355469,122.95010375976562
2021-02-08,74.6340103149414,115.58515930175781,100.92069244384766,123.4899673461914
2021-02-09,74.61672973632812,115.58515930175781,100.99771118164062,123.5812759399414
2021-02-10,74.62539672851562,115.70752716064453,101.25456237792969,124.40355682373047
2021-02-11,74.62539672851562,115.68132781982422,101.17749786376953,123.72248077392578
2021-02-12,74.6340103149414,115.55902862548828,100.84364318847656,122.18587493896484
2021-02-16,74.60812377929688,115.1657943725586,100.11589050292969,120.32544708251953
2021-02-17,74.62539672851562,115.21821594238281,100.1844253540039,121.08956146240234
2021-02-18,74.62539672851562,115.2531967163086,100.17583465576172,120.59955596923828
2021-02-19,74.6340103149414,115.09593963623047,99.77348327636719,118.99651336669922
2021-02-22,74.61672973632812,114.99981689453125,99.61079406738281,118.0911865234375
2021-02-23,74.62539672851562,115.07843780517578,99.68785858154297,117.75064849853516
2021-02-24,74.60812377929688,114.96488189697266,99.55087280273438,116.97817993164062
2021-02-25,74.49577331542969,113.98628997802734,98.22386932373047,115.0678939819336
2021-02-26,74.59080505371094,114.5192642211914,99.10570526123047,118.87186431884766
2021-03-01,74.58389282226562,114.55247497558594,98.99429321289062,117.30193328857422
2021-03-02,74.60121154785156,114.7098388671875,99.17422485351562,117.31023406982422
2021-03-03,74.55799102783203,114.42134094238281,98.64311218261719,116.03787994384766
2021-03-04,74.55799102783203,114.16777801513672,98.15476989746094,115.28947448730469
2021-03-05,74.55799102783203,114.08910369873047,98.0177230834961,115.51402282714844
2021-03-08,74.53204345703125,113.76567840576172,97.63221740722656,114.61592102050781
2021-03-09,74.53204345703125,113.99297332763672,98.0948486328125,116.20428466796875
2021-03-10,74.55799102783203,114.1328353881836,98.30042266845703,116.43714141845703
2021-03-11,74.55799102783203,114.16777801513672,98.26618194580078,115.59719848632812
2021-03-12,74.54933166503906,113.84432220458984,97.5551528930664,113.1440658569336
2021-03-15,74.55799102783203,113.89680480957031,97.67507934570312,113.80928802490234
2021-03-16,74.55799102783203,113.94048309326172,97.6579360961914,113.3519287109375
2021-03-17,74.57526397705078,114.01043701171875,97.49517059326172,112.50371551513672
2021-03-18,74.5666275024414,113.7219467163086,96.8869857788086,111.36446380615234
2021-03-19,74.5666275024414,113.66075134277344,96.82701873779297,112.05467987060547
2021-03-22,74.55799102783203,113.78312683105469,97.14397430419922,113.31037139892578
2021-03-23,74.5666275024414,114.01918029785156,97.62366485595703,114.33320617675781
2021-03-24,74.58389282226562,114.05419158935547,97.75215911865234,114.94857788085938
2021-03-25,74.5925521850586,114.05419158935547,97.62366485595703,114.04215240478516
2021-03-26,74.5925521850586,113.87930297851562,97.29816436767578,113.64299774169922
2021-03-29,74.57526397705078,113.7306900024414,96.96403503417969,112.67837524414062
2021-03-30,74.57526397705078,113.66075134277344,96.8783950805664,113.268798828125
2021-03-31,74.54933166503906,113.55583953857422,96.7413101196289,112.63675689697266
2021-04-01,74.5484619140625,113.68529510498047,97.1699447631836,114.50619506835938
2021-04-05,74.53120422363281,113.52782440185547,96.89562225341797,114.0066146850586
2021-04-06,74.5484619140625,113.84272766113281,97.36707305908203,114.78101348876953
2021-04-07,74.55712890625,113.84272766113281,97.30709075927734,113.98157501220703
2021-04-08,74.58305358886719,114.01770782470703,97.64136505126953,114.92254638671875
2021-04-09,74.55712890625,113.86026000976562,97.38418579101562,114.50619506835938
2021-04-12,74.5398178100586,113.79029083251953,97.3242416381836,114.45626831054688
2021-04-13,74.56575775146484,114.01770782470703,97.72711944580078,115.31396484375
2021-04-14,74.56575775146484,113.93021392822266,97.60708618164062,114.94757080078125
2021-04-15,74.58305358886719,114.21013641357422,98.23281860351562,116.87114715576172
2021-04-16,74.57442474365234,114.07017517089844,97.96705627441406,115.96344757080078
2021-04-19,74.56575775146484,114.07017517089844,97.86424255371094,115.63037109375
2021-04-20,74.58305358886719,114.26263427734375,98.15570068359375,116.16329956054688
2021-04-21,74.60034942626953,114.27140808105469,98.20713806152344,116.39645385742188
2021-04-22,74.59165954589844,114.2889175415039,98.28426361083984,116.90445709228516
2021-04-23,74.57442474365234,114.18391418457031,98.15570068359375,116.62957763671875
2021-04-26,74.55712890625,114.1052017211914,98.05281829833984,116.46307373046875
2021-04-27,74.5484619140625,113.93898010253906,97.6670913696289,115.44715118408203
2021-04-28,74.56575775146484,114.07017517089844,97.79566955566406,115.52217102050781
2021-04-29,74.58305358886719,114.01770782470703,97.62422943115234,115.18073272705078
2021-04-30,74.59165954589844,114.0964584350586,97.7099380493164,115.44715118408203
2021-05-03,74.58480072021484,114.19186401367188,97.87632751464844,115.51638793945312
2021-05-04,74.58480072021484,114.2443618774414,98.00498962402344,116.30033111572266
2021-05-05,74.60206604003906,114.35816955566406,98.12510681152344,116.49211120605469
2021-05-06,74.60206604003906,114.35816955566406,98.1679916381836,116.68391418457031
2021-05-07,74.62801361083984,114.50694274902344,98.20225524902344,116.1084976196289
2021-05-10,74.60206604003906,114.41943359375,98.00498962402344,114.93265533447266
2021-05-11,74.5934066772461,114.33189392089844,97.8420181274414,114.2822036743164
2021-05-12,74.58480072021484,114.04302978515625,97.37028503417969,113.081298828125
2021-05-13,74.60206604003906,114.21808624267578,97.69622039794922,113.25643920898438
2021-05-14,74.60206604003906,114.28813171386719,97.91065979003906,114.31554412841797
2021-05-17,74.60206604003906,114.23558807373047,97.81629180908203,114.07368469238281
2021-05-18,74.61073303222656,114.27936553955078,97.81629180908203,113.78182220458984
2021-05-19,74.58480072021484,114.1130599975586,97.52466583251953,113.50662231445312
2021-05-20,74.6193618774414,114.3231430053711,97.92782592773438,114.4406509399414
2021-05-21,74.60206604003906,114.296875,97.96207427978516,114.80757141113281
2021-05-24,74.6193618774414,114.37564086914062,98.05647277832031,115.23283386230469
2021-05-25,74.6193618774414,114.55947875976562,98.41671752929688,116.30033111572266
2021-05-26,74.63667297363281,114.52444458007812,98.30522155761719,116.10015106201172
2021-05-27,74.63667297363281,114.44568634033203,98.13365173339844,115.63317108154297
2021-05-28,74.63667297363281,114.48070526123047,98.12510681152344,115.44970703125
2021-06-01,74.6211166381836,114.46843719482422,98.10706329345703,115.42381286621094
2021-06-02,74.6297378540039,114.52094268798828,98.21863555908203,115.69104766845703
2021-06-03,74.60379791259766,114.30200958251953,97.96971893310547,115.25675964355469
2021-06-04,74.6297378540039,114.61729431152344,98.51048278808594,116.83519744873047
2021-06-07,74.6211166381836,114.57353210449219,98.4332046508789,116.47607421875
2021-06-08,74.63839721679688,114.70487213134766,98.71649932861328,117.29454803466797
2021-06-09,74.6211166381836,114.8363037109375,99.02547454833984,118.33004760742188
2021-06-10,74.64703369140625,114.97638702392578,99.37737274169922,119.03987884521484
2021-06-11,74.6297378540039,114.86253356933594,99.23149871826172,118.8478775024414
2021-06-14,74.60379791259766,114.66114044189453,98.92245483398438,117.93754577636719
2021-06-15,74.59513092041016,114.68740844726562,98.93963623046875,117.79560089111328
2021-06-16,74.52594757080078,114.12684631347656,98.2615737915039,117.69534301757812
2021-06-17,74.52594757080078,114.19692993164062,98.61349487304688,119.45750427246094
2021-06-18,74.4654312133789,114.24946594238281,99.17138671875,121.7040023803711
2021-06-21,74.48268127441406,114.17940521240234,98.85381317138672,119.66629028320312
2021-06-22,74.52594757080078,114.34581756591797,99.0340347290039,119.95854949951172
2021-06-23,74.47411346435547,114.19692993164062,98.83666229248047,119.64957427978516
2021-06-24,74.48268127441406,114.170654296875,98.8194808959961,119.8416748046875
2021-06-25,74.47411346435547,114.08309936523438,98.61349487304688,118.5973129272461
2021-06-28,74.49999237060547,114.22319030761719,98.92245483398438,119.81660461425781
2021-06-29,74.49134826660156,114.26701354980469,98.97395324707031,120.01703643798828
2021-06-30,74.50867462158203,114.31956481933594,99.12847900390625,120.55154418945312
2021-07-01,74.4939193725586,114.26171112060547,99.05718994140625,120.55817413330078
2021-07-02,74.52857208251953,114.47203063964844,99.41792297363281,121.28570556640625
2021-07-06,74.55451202392578,114.77872467041016,99.94185638427734,122.70732879638672
2021-07-07,74.56315612792969,114.88386535644531,100.23387908935547,123.79436492919922
2021-07-08,74.59773254394531,115.0942611694336,100.4915771484375,124.27942657470703
2021-07-09,74.57180786132812,114.85761260986328,99.98481750488281,122.53170013427734
2021-07-12,74.55451202392578,114.80500030517578,99.93328094482422,122.37278747558594
2021-07-13,74.4939193725586,114.56841278076172,99.62406158447266,121.43628692626953
2021-07-14,74.5458755493164,114.831298828125,100.05352020263672,122.81600952148438
2021-07-15,74.55451202392578,114.9627685546875,100.47438049316406,124.17073059082031
2021-07-16,74.5458755493164,114.93649291992188,100.45716857910156,123.93651580810547
2021-07-19,74.58047485351562,115.37461853027344,101.31607055664062,126.65433502197266
2021-07-20,74.61506652832031,115.44474029541016,101.18724822998047,125.43335723876953
2021-07-21,74.589111328125,115.14678955078125,100.60321044921875,123.84452819824219
2021-07-22,74.59773254394531,115.28702545166016,100.83511352539062,125.01525115966797
2021-07-23,74.60639190673828,115.25196838378906,100.6805191040039,124.1790542602539
2021-07-26,74.589111328125,115.21688842773438,100.61176300048828,123.81111907958984
2021-07-27,74.60639190673828,115.36589050292969,101.04127502441406,125.13240051269531
2021-07-28,74.61506652832031,115.41844940185547,101.12712860107422,125.14067840576172
2021-07-29,74.61506652832031,115.25196838378906,100.81793975830078,124.44664764404297
2021-07-30,74.63238525390625,115.44474029541016,101.10136413574219,125.03202056884766
2021-08-02,74.66004180908203,115.67969512939453,101.54489135742188,126.14727783203125
2021-08-03,74.66004180908203,115.70602416992188,101.57061767578125,126.21417236328125
2021-08-04,74.63407135009766,115.61831665039062,101.54489135742188,126.47372436523438
2021-08-05,74.59947967529297,115.36408233642578,101.17529296875,125.82903289794922
2021-08-06,74.57352447509766,115.06591796875,100.58226776123047,123.7276382446289
2021-08-09,74.54756927490234,114.93438720703125,100.36740112304688,123.28384399414062
2021-08-10,74.52159118652344,114.79412841796875,100.17831420898438,122.71455383300781
2021-08-11,74.55621337890625,114.89057159423828,100.2900161743164,122.63916015625
2021-08-12,74.55621337890625,114.8028793334961,100.18690490722656,122.43821716308594
2021-08-13,74.56486511230469,115.03961181640625,100.76274871826172,124.37223052978516
2021-08-16,74.58219146728516,115.19745635986328,100.98619842529297,124.67366027832031
2021-08-17,74.56486511230469,115.13611602783203,100.93463897705078,124.62348175048828
2021-08-18,74.56486511230469,115.08348083496094,100.88308715820312,125.04204559326172
2021-08-19,74.56486511230469,115.16243743896484,101.10653686523438,125.96302032470703
2021-08-20,74.56486511230469,115.08348083496094,101.01199340820312,126.04671478271484
2021-08-23,74.56486511230469,115.13611602783203,101.03776550292969,125.96302032470703
2021-08-24,74.55621337890625,115.00457763671875,100.76274871826172,124.98346710205078
2021-08-25,74.54756927490234,114.84671783447266,100.36740112304688,123.94524383544922
2021-08-26,74.54756927490234,114.8204574584961,100.36740112304688,124.28849029541016
2021-08-27,74.59947967529297,115.04843139648438,100.6939926147461,125.13414764404297
2021-08-30,74.61676788330078,115.22378540039062,100.89165496826172,125.46070861816406
2021-08-31,74.60810852050781,115.14490509033203,100.70257568359375,124.60665893554688
2021-09-01,74.60208892822266,115.17029571533203,100.7455825805664,124.81541442871094
2021-09-02,74.60208892822266,115.2054214477539,100.86598205566406,125.3603286743164
2021-09-03,74.60208892822266,115.14400482177734,100.62517547607422,124.22020721435547
2021-09-07,74.57611846923828,114.94216918945312,100.22955322265625,123.17234802246094
2021-09-08,74.59342956542969,115.0474624633789,100.50479888916016,124.01068878173828
2021-09-09,74.61071014404297,115.17029571533203,100.78860473632812,125.51122283935547
2021-09-10,74.58477783203125,115.01233673095703,100.47039794921875,124.40464782714844
2021-09-13,74.60208892822266,115.06501770019531,100.59075927734375,125.15914916992188
2021-09-14,74.61071014404297,115.2054214477539,100.9692153930664,126.67647552490234
2021-09-15,74.61071014404297,115.13517761230469,100.79718780517578,126.2321548461914
2021-09-16,74.58477783203125,114.90709686279297,100.4789810180664,125.65373229980469
2021-09-17,74.56745147705078,114.7491455078125,100.18653106689453,125.0501480102539
2021-09-20,74.58477783203125,114.98603820800781,100.6939926147461,126.60100555419922
2021-09-21,74.60208892822266,114.96849822998047,100.63375854492188,126.4920425415039
2021-09-22,74.55882263183594,114.87197875976562,100.7283935546875,127.2464828491211
2021-09-23,74.51554870605469,114.45086669921875,99.81671905517578,124.37113189697266
2021-09-24,74.48959350585938,114.3017349243164,99.5157241821289,123.15555572509766
2021-09-27,74.48094940185547,114.13502502441406,99.24910736083984,122.702880859375
2021-09-28,74.48959350585938,114.02096557617188,98.87065887451172,120.79154205322266
2021-09-29,74.51554870605469,114.12625885009766,98.9738998413086,121.00110626220703
2021-09-30,74.5328140258789,114.20520782470703,99.09430694580078,120.98436737060547
2021-10-01,74.5683364868164,114.4896011352539,99.49883270263672,122.00252532958984
2021-10-04,74.53375244140625,114.39303588867188,99.37831115722656,121.6919174194336
2021-10-05,74.52505493164062,114.25255584716797,99.06848907470703,120.51683807373047
2021-10-06,74.51643371582031,114.21751403808594,99.09429931640625,121.19673156738281
2021-10-07,74.4904556274414,114.01556396484375,98.6983871459961,119.92929077148438
2021-10-08,74.4645004272461,113.8751449584961,98.48323822021484,119.08991241455078
2021-10-11,74.4039306640625,113.62935638427734,98.2422866821289,118.7876968383789
2021-10-12,74.43854522705078,113.83126068115234,98.68981170654297,120.81900787353516
2021-10-13,74.41259765625,113.796142578125,98.87913513183594,121.99406433105469
2021-10-14,74.41259765625,113.91902923583984,99.11150360107422,122.44740295410156
2021-10-15,74.36929321289062,113.5854721069336,98.6209487915039,121.7339096069336
2021-10-18,74.31742858886719,113.4098892211914,98.48323822021484,122.30474090576172
2021-10-19,74.34336853027344,113.3572006225586,98.13038635253906,120.61756896972656
2021-10-20,74.36929321289062,113.3835220336914,98.08735656738281,119.80335235595703
2021-10-21,74.28282165527344,113.08506774902344,97.82915496826172,119.66065216064453
2021-10-22,74.26551055908203,113.18163299560547,98.07874298095703,120.9785385131836
2021-10-25,74.30012512207031,113.33088684082031,98.19922637939453,120.79377746582031
2021-10-26,74.28282165527344,113.29574584960938,98.3197021484375,121.79264831542969
2021-10-27,74.26551055908203,113.48888397216797,98.87052917480469,124.0085678100586
2021-10-28,74.27415466308594,113.30455017089844,98.61234283447266,123.5889892578125
2021-10-29,74.28282165527344,113.2869644165039,98.65538024902344,123.96670532226562
2021-11-01,74.24905395507812,113.30279541015625,98.64767456054688,123.07411193847656
2021-11-02,74.3269271850586,113.53116607666016,98.88875579833984,123.62035369873047
2021-11-03,74.30964660644531,113.41696166992188,98.57872772216797,122.34294128417969
2021-11-04,74.37883758544922,113.7595443725586,99.11270141601562,123.62877655029297
2021-11-05,74.4134750366211,114.02307891845703,99.65528106689453,125.47777557373047
2021-11-08,74.3269271850586,113.66290283203125,99.22467041015625,125.2424545288086
2021-11-09,74.37020874023438,113.90882873535156,99.68110656738281,126.87293243408203
2021-11-10,74.22309112548828,113.1973876953125,98.82850646972656,124.55325317382812
2021-11-11,74.1711654663086,112.94264221191406,98.50980377197266,124.3683853149414
2021-11-12,74.23171997070312,113.15348052978516,98.71651458740234,123.82205963134766
2021-11-15,74.22309112548828,112.98658752441406,98.32894134521484,122.26725769042969
2021-11-16,74.22309112548828,112.96022033691406,98.24285888671875,121.956298828125
2021-11-17,74.24905395507812,113.16226196289062,98.59597778320312,122.9228286743164
2021-11-18,74.24039459228516,113.22370910644531,98.65619659423828,123.38501739501953
2021-11-19,74.22309112548828,113.23248291015625,98.92323303222656,124.68778991699219
2021-11-22,74.13654327392578,112.72303771972656,98.19976806640625,123.22535705566406
2021-11-23,74.13654327392578,112.60008239746094,97.79498291015625,121.44364166259766
2021-11-24,74.11925506591797,112.64397430419922,98.096435546875,123.39347076416016
2021-11-26,74.26637268066406,113.46967315673828,99.3624496459961,126.511474609375
2021-11-29,74.30098724365234,113.46089935302734,99.13851928710938,125.49452209472656
2021-11-30,74.24039459228516,113.61019897460938,99.73278045654297,127.40238952636719
2021-12-01,74.24906158447266,113.7121810913086,99.92070007324219,128.18829345703125
2021-12-02,74.15380096435547,113.40457153320312,99.70523071289062,128.34814453125
2021-12-03,74.19709777832031,113.7121810913086,100.29129791259766,129.87965393066406
2021-12-06,74.13648223876953,113.41336822509766,99.79138946533203,128.09571838378906
2021-12-07,74.04127502441406,113.12329864501953,99.41216278076172,127.0606918334961
2021-12-08,74.06722259521484,113.01781463623047,99.09327697753906,124.8645248413086
2021-12-09,74.04127502441406,113.09693145751953,99.34320068359375,125.56288146972656
2021-12-10,74.0759048461914,113.1496810913086,99.41216278076172,125.26001739501953
2021-12-13,74.11917114257812,113.37820434570312,99.88621520996094,127.11119079589844
2021-12-14,74.0759048461914,113.2287826538086,99.71383666992188,126.80828094482422
2021-12-15,74.10186767578125,113.2112045288086,99.56732940673828,125.58814239501953
2021-12-16,74.16075897216797,113.52164459228516,99.857177734375,125.63700866699219
2021-12-17,74.12610626220703,113.56561279296875,100.08149719238281,127.06067657470703
2021-12-20,74.14341735839844,113.6095962524414,99.99520874023438,126.1087646484375
2021-12-21,74.10010528564453,113.3369369506836,99.59833526611328,125.62860870361328
2021-12-22,74.09148406982422,113.35455322265625,99.69326782226562,126.20992279052734
2021-12-23,74.08280181884766,113.2578125,99.48623657226562,125.11470794677734
2021-12-27,74.05684661865234,113.21382141113281,99.520751953125,125.4179458618164
2021-12-28,74.05684661865234,113.24903106689453,99.50347137451172,124.92095947265625
2021-12-29,74.04817199707031,113.05553436279297,98.99449920654297,123.55628204345703
2021-12-30,74.09148406982422,113.19623565673828,99.32231903076172,124.59242248535156
2021-12-31,74.08280181884766,113.16107940673828,99.21018981933594,124.83675384521484
2022-01-03,73.99622344970703,112.68614959716797,98.2870864868164,121.55973815917969
2022-01-04,74.03948974609375,112.72135162353516,98.23529052734375,121.0542984008789
2022-01-05,73.94424438476562,112.37832641601562,97.82123565673828,120.3972396850586
2022-01-06,73.88360595703125,112.14968872070312,97.57969665527344,120.70893859863281
2022-01-07,73.86628723144531,111.9913558959961,97.26045989990234,119.84123229980469
2022-01-10,73.82296752929688,111.88582611083984,97.23460388183594,120.13609313964844
2022-01-11,73.84896087646484,111.98257446289062,97.46752166748047,120.93631744384766
2022-01-12,73.82296752929688,112.03533172607422,97.48479461669922,120.4730453491211
2022-01-13,73.85759735107422,112.21125030517578,97.79534912109375,121.54290771484375
2022-01-14,73.76235961914062,111.78910064697266,97.12244415283203,119.7064437866211
2022-01-18,73.64979553222656,111.26139831542969,96.38916778564453,118.02167510986328
2022-01-19,73.6844253540039,111.41973876953125,96.6220474243164,118.83877563476562
2022-01-20,73.66707611083984,111.5076675415039,96.82910919189453,119.57164764404297
2022-01-21,73.72769927978516,111.81547546386719,97.38984680175781,120.995361328125
2022-01-24,73.77100372314453,111.85064697265625,97.30362701416016,120.0013198852539
2022-01-25,73.73638153076172,111.77149963378906,97.17420196533203,119.80757141113281
2022-01-26,73.60649871826172,111.24384307861328,96.4840316772461,118.3586196899414
2022-01-27,73.54584503173828,111.3053970336914,96.8895034790039,120.5320053100586
2022-01-28,73.57183074951172,111.5076675415039,97.1137924194336,120.57413482666016
2022-01-31,73.57183074951172,111.5428695678711,97.1137924194336,119.95069885253906
2022-02-01,73.56575012207031,111.46452331542969,96.98255157470703,119.5525894165039
2022-02-02,73.58308410644531,111.59651947021484,97.18116760253906,119.9574966430664
2022-02-03,73.52247619628906,111.33252716064453,96.76666259765625,119.02114868164062
2022-02-04,73.37517547607422,110.72528839111328,96.0240249633789,117.26647186279297
2022-02-07,73.39251708984375,110.77808380126953,96.04994201660156,117.34243774414062
2022-02-08,73.31453704833984,110.53166961669922,95.73909759521484,116.55789184570312
2022-02-09,73.30589294433594,110.53166961669922,95.86861419677734,116.77722930908203
2022-02-10,72.9333724975586,109.67807006835938,94.98778533935547,114.92131042480469
2022-02-11,73.15860748291016,110.40851593017578,95.97221374511719,116.62535858154297
2022-02-14,73.00269317626953,109.93327331542969,95.30730438232422,115.17440032958984
2022-02-15,73.02867126464844,109.84526824951172,95.0223617553711,113.8668212890625
2022-02-16,73.12394714355469,110.06526184082031,95.22096252441406,114.54170989990234
2022-02-17,73.16728210449219,110.364501953125,95.7304458618164,115.39371490478516
2022-02-18,73.17595672607422,110.5052719116211,96.04131317138672,116.60846710205078
2022-02-22,73.10662841796875,110.40851593017578,96.03265380859375,116.91215515136719
2022-02-23,73.06331634521484,110.13568878173828,95.53181457519531,115.30095672607422
2022-02-24,73.12394714355469,110.34687042236328,95.75631713867188,115.37687683105469
2022-02-25,73.12394714355469,110.32048797607422,95.7304458618164,115.4612045288086
2022-02-28,73.25389862060547,111.02452850341797,96.8184814453125,117.99192810058594
2022-03-01,73.42286682128906,111.76332092285156,97.76141357421875,119.35614013671875
2022-03-02,73.18025207519531,110.75067138671875,96.2921142578125,115.27621459960938
2022-03-03,73.18025207519531,110.95318603515625,96.70695495605469,116.4504165649414
2022-03-04,73.25821685791016,111.48150634765625,97.66636657714844,118.46075439453125
2022-03-07,73.16293334960938,111.10289001464844,97.25147247314453,117.55694580078125
2022-03-08,73.06758880615234,110.6538314819336,96.62057495117188,116.3743896484375
2022-03-09,73.02428436279297,110.31037139892578,96.024169921875,115.23402404785156
2022-03-10,72.9636001586914,110.01976013183594,95.58338165283203,113.5783920288086
2022-03-11,72.93763732910156,109.92293548583984,95.55747985839844,113.95851135253906
2022-03-14,72.74698638916016,109.12158203125,94.34742736816406,111.29771423339844
2022-03-15,72.77298736572266,109.09518432617188,94.30420684814453,111.10343933105469
2022-03-16,72.7036361694336,108.90143585205078,94.17459869384766,112.19313049316406
2022-03-17,72.67761993408203,108.8133544921875,93.99304962158203,111.35685729980469
2022-03-18,72.66030883789062,108.87500762939453,94.26964569091797,112.71678161621094
2022-03-21,72.41767120361328,107.959228515625,93.04235076904297,110.10668182373047
2022-03-22,72.3656997680664,107.63339233398438,92.53240203857422,108.69602966308594
2022-03-23,72.42631530761719,108.02967071533203,93.15470123291016,111.07809448242188
2022-03-24,72.40904235839844,107.73904418945312,92.63610076904297,110.20806884765625
2022-03-25,72.2096939086914,106.92012023925781,91.68537902832031,108.67916107177734
2022-03-28,72.1403579711914,106.97294616699219,91.89281463623047,109.60831451416016
2022-03-29,72.17499542236328,107.2371597290039,92.35086822509766,110.43614196777344
2022-03-30,72.22703552246094,107.47492218017578,92.71392059326172,111.29771423339844
2022-03-31,72.22703552246094,107.47492218017578,92.8867416381836,111.56803131103516
2022-04-01,72.07617950439453,106.92587280273438,92.28193664550781,111.99272155761719
2022-04-04,72.11953735351562,107.00516510009766,92.22135162353516,111.21440124511719
2022-04-05,71.98950958251953,106.2649154663086,91.12244415283203,108.70181274414062
2022-04-06,72.04151916503906,106.2649154663086,90.80229187011719,107.82196807861328
2022-04-07,72.09352111816406,106.35303497314453,90.57732391357422,107.00979614257812
2022-04-08,72.00682830810547,106.01814270019531,90.11876678466797,105.85079956054688
2022-04-11,72.02418518066406,105.88593292236328,89.68608093261719,104.17572784423828
2022-04-12,72.20620727539062,106.41471862792969,90.11876678466797,104.0318832397461
2022-04-13,72.24091339111328,106.57337188720703,90.31775665283203,104.24341583251953
2022-04-14,72.11087036132812,105.99169921875,89.50436401367188,102.15380096435547
2022-04-18,72.11087036132812,105.89474487304688,89.24480438232422,101.64620208740234
2022-04-19,71.94615936279297,105.33956146240234,88.65643310546875,100.884765625
2022-04-20,71.98950958251953,105.66565704345703,89.34864044189453,102.91520690917969
2022-04-21,71.8681411743164,105.23381805419922,88.85542297363281,102.15380096435547
2022-04-22,71.85078430175781,105.2778549194336,88.89868927001953,101.51081085205078
2022-04-25,71.96348571777344,105.6832504272461,89.46976470947266,102.5260238647461
2022-04-26,72.09352111816406,106.16793823242188,90.06681823730469,103.55813598632812
2022-04-27,72.058837890625,105.91238403320312,89.56494903564453,102.22991943359375
2022-04-28,72.00682830810547,105.75373840332031,89.4351806640625,102.38224029541016
2022-04-29,71.8681411743164,105.357177734375,88.95926666259766,101.0539779663086
2022-05-02,71.8629379272461,104.97351837158203,88.29652404785156,99.3023681640625
2022-05-03,71.82823944091797,105.01760864257812,88.40047454833984,99.9718246459961
2022-05-04,72.01903533935547,105.59090423583984,88.97227478027344,100.52265167236328
2022-05-05,71.89762115478516,105.03524780273438,88.0799560546875,97.76849365234375
2022-05-06,71.88895416259766,104.79713439941406,87.57746887207031,96.3278579711914
2022-05-09,72.07108306884766,105.37924194335938,88.2271957397461,97.17530059814453
2022-05-10,72.0277328491211,105.48506164550781,88.52174377441406,98.05665588378906
2022-05-11,72.03641510009766,105.67027282714844,89.06754302978516,99.9463882446289
2022-05-12,72.14046478271484,105.96135711669922,89.36209869384766,99.75997161865234
2022-05-13,72.11448669433594,105.71438598632812,88.894287109375,98.28543853759766
2022-05-16,72.15785217285156,105.98777770996094,89.26679992675781,98.18373107910156
2022-05-17,72.00169372558594,105.37042999267578,88.5910873413086,96.99732208251953
2022-05-18,72.03641510009766,105.67909240722656,89.22349548339844,99.06507873535156
2022-05-19,72.14046478271484,105.96135711669922,89.5440444946289,99.3023681640625
2022-05-20,72.19253540039062,106.17300415039062,89.95987701416016,100.42945098876953
2022-05-23,72.15785217285156,105.8466796875,89.41411590576172,98.77694702148438
2022-05-24,72.32266235351562,106.4375991821289,90.18511962890625,100.72604370117188
2022-05-25,72.37471771240234,106.64044189453125,90.3670654296875,101.12432098388672
2022-05-26,72.39205169677734,106.63163757324219,90.32371520996094,100.66671752929688
2022-05-27,72.40937805175781,106.6492691040039,90.45369720458984,100.9124755859375
2022-05-31,72.29661560058594,106.12010955810547,89.50936126708984,98.77694702148438
2022-06-01,72.16205596923828,105.64429473876953,89.00541687011719,98.66405487060547
2022-06-02,72.17943572998047,105.74139404296875,89.1355209350586,98.71498107910156
2022-06-03,72.15339660644531,105.59133911132812,88.96202850341797,98.50273895263672
2022-06-06,72.0578842163086,105.16764068603516,88.29412841796875,96.68598175048828
2022-06-07,72.06658172607422,105.36182403564453,88.64976501464844,97.73018646240234
2022-06-08,72.01448059082031,105.17644500732422,88.3201675415039,96.8642807006836
2022-06-09,71.96240997314453,105.05289459228516,88.2420883178711,97.18689727783203
2022-06-10,71.65859985351562,104.19664764404297,87.37467956542969,96.58414459228516
2022-06-13,71.29399108886719,103.03141021728516,85.822021484375,93.55339050292969
2022-06-14,71.15509796142578,102.59892272949219,85.13676452636719,92.37338256835938
2022-06-15,71.43291473388672,103.5257568359375,86.3250961303711,94.09674072265625
2022-06-16,71.52838134765625,103.90536499023438,86.88890075683594,94.84381103515625
2022-06-17,71.51100158691406,103.8082504272461,86.9149169921875,95.14940643310547
2022-06-21,71.48499298095703,103.58755493164062,86.46388244628906,93.53640747070312
2022-06-22,71.69332885742188,104.39083862304688,87.55684661865234,96.10871124267578
2022-06-23,71.75408172607422,104.7703857421875,88.05123901367188,96.89823913574219
2022-06-24,71.73673248291016,104.62916564941406,87.7389907836914,95.55687713623047
2022-06-27,71.65859985351562,104.30255889892578,87.24456787109375,94.741943359375
2022-06-28,71.64122009277344,104.31137084960938,87.35733032226562,95.18338012695312
2022-06-29,71.72804260253906,104.78805541992188,88.05992889404297,96.66903686523438
2022-06-30,71.86693572998047,105.34415435791016,88.73653411865234,97.5179672241211
2022-07-01,72.083251953125,106.21805572509766,89.68779754638672,98.5191421508789
2022-07-05,72.0746078491211,106.33292388916016,90.01788330078125,99.29322052001953
2022-07-06,71.87474822998047,105.68785858154297,89.25341033935547,97.6259994506836
2022-07-07,71.8226089477539,105.30793762207031,88.70610809326172,96.76687622070312
2022-07-08,71.73571014404297,104.95450592041016,88.16748809814453,95.69509887695312
2022-07-11,71.76181030273438,105.35213470458984,88.86247253417969,97.3453140258789
2022-07-12,71.79655456542969,105.51117706298828,89.07098388671875,97.92369842529297
2022-07-13,71.71836853027344,105.53768920898438,89.45321655273438,99.04652404785156
2022-07-14,71.69229888916016,105.2107162475586,88.95805358886719,98.23844146728516
2022-07-15,71.74442291259766,105.39631652832031,89.26209259033203,98.79134368896484
2022-07-18,71.70097351074219,105.24608612060547,89.00146484375,97.7620849609375
2022-07-19,71.62276458740234,104.94566345214844,88.59318542480469,97.23469543457031
2022-07-20,71.61405944824219,104.84844970703125,88.50627899169922,97.48987579345703
2022-07-21,71.81391143798828,105.67019653320312,89.51402282714844,99.17411041259766
2022-07-22,71.99640655517578,106.3947525024414,90.53910827636719,100.84135437011719
2022-07-25,71.93558502197266,106.20922088623047,90.21769714355469,99.8546142578125
2022-07-26,71.90081787109375,106.17389678955078,90.25245666503906,99.93119049072266
2022-07-27,72.01377868652344,106.4654541015625,90.43489837646484,99.36976623535156
2022-07-28,72.17015838623047,107.11933898925781,91.32964324951172,100.16084289550781
2022-07-29,72.16151428222656,107.1458511352539,91.36441802978516,99.88866424560547
2022-08-01,72.15972137451172,107.30773162841797,91.89875030517578,102.2943115234375
2022-08-02,71.90750122070312,106.30807495117188,90.62820434570312,100.12982940673828
2022-08-03,71.9335708618164,106.5027084350586,91.00241088867188,101.70630645751953
2022-08-04,72.02928161621094,106.86543273925781,91.463623046875,101.67224884033203
2022-08-05,71.73351287841797,105.83036041259766,90.14083862304688,99.25205993652344
2022-08-08,71.80311584472656,106.14886474609375,90.67172241210938,100.85415649414062
2022-08-09,71.73351287841797,105.9011459350586,90.40196228027344,100.46214294433594
2022-08-10,71.80311584472656,106.06037139892578,90.45414733886719,99.8060073852539
2022-08-11,71.7770004272461,105.74191284179688,89.85369110107422,97.47956085205078
2022-08-12,71.79443359375,105.94538879394531,90.21049499511719,98.46808624267578
2022-08-15,71.85529327392578,106.16654205322266,90.49763488769531,98.38287353515625
2022-08-16,71.79443359375,105.96302795410156,90.3932113647461,98.79193878173828
2022-08-17,71.73351287841797,105.5384292602539,89.7840347290039,97.76078033447266
2022-08-18,71.83789825439453,105.6888427734375,89.95809936523438,97.9056625366211
2022-08-19,71.78570556640625,105.32612609863281,89.18358612060547,96.32913970947266
2022-08-22,71.6900405883789,105.01649475097656,88.79194641113281,96.00530242919922
2022-08-23,71.72486114501953,104.93688201904297,88.57440185546875,95.47698974609375
2022-08-24,71.64656066894531,104.72454833984375,88.27849578857422,94.77820587158203
2022-08-25,71.6900405883789,105.02535247802734,88.84418487548828,96.09906768798828
2022-08-26,71.67265319824219,104.85724639892578,88.73973846435547,96.82339477539062
2022-08-29,71.6204833984375,104.55651092529297,88.23499298095703,96.02234649658203
2022-08-30,71.5856704711914,104.52108001708984,88.20887756347656,96.2609634399414
2022-08-31,71.57697296142578,104.29108428955078,87.84337615966797,95.34062194824219
2022-09-01,71.52471160888672,103.92967987060547,87.14505004882812,93.59510040283203
2022-09-02,71.6814956665039,104.39913940429688,87.63324737548828,94.12458801269531
2022-09-06,71.52471160888672,103.77023315429688,86.65689086914062,91.79324340820312
2022-09-07,71.62922668457031,104.20425415039062,87.22354125976562,93.24501037597656
2022-09-08,71.54216003417969,103.92967987060547,86.9010009765625,92.28853607177734
2022-09-09,71.48117065429688,103.85881042480469,86.90970611572266,92.49348449707031
2022-09-12,71.47245788574219,103.80565643310547,86.70042419433594,91.73345184326172
2022-09-13,71.22860717773438,103.22106170654297,86.21221923828125,91.94695281982422
2022-09-14,71.16764068603516,103.12360382080078,86.2558364868164,92.26292419433594
2022-09-15,71.08926391601562,102.86675262451172,85.95940399169922,92.20316314697266
2022-09-16,71.1241226196289,103.02618408203125,86.02918243408203,91.43455505371094
2022-09-19,71.0457534790039,102.8047103881836,85.78504180908203,91.6480484008789
2022-09-20,71.01090240478516,102.51239776611328,85.25325012207031,90.73432159423828
2022-09-21,70.949951171875,102.56555938720703,85.59327697753906,92.25438690185547
2022-09-22,70.81929016113281,101.7329330444336,84.3030014038086,89.89742279052734
2022-09-23,70.73223876953125,101.56464385986328,84.40763092041016,90.26461791992188
2022-09-26,70.57544708251953,100.6788330078125,83.00402069091797,88.53960418701172
2022-09-27,70.57544708251953,100.40423583984375,82.43733978271484,86.20825958251953
2022-09-28,70.88028717041016,101.77722930908203,84.29429626464844,89.09466552734375
2022-09-29,70.7844467163086,101.4671630859375,83.90196990966797,88.63353729248047
2022-09-30,70.72351837158203,101.2280044555664,83.6840591430664,87.48924255371094
2022-10-03,70.87871551513672,101.92170715332031,84.67720031738281,88.87937927246094
2022-10-04,70.90489959716797,102.11686706542969,84.85189056396484,88.63115692138672
2022-10-05,70.83512115478516,101.61119842529297,84.04826354980469,87.78368377685547
2022-10-06,70.74790954589844,101.26528930664062,83.58531951904297,87.29579162597656
2022-10-07,70.66071319580078,100.9015884399414,83.17479705810547,86.44831848144531
2022-10-10,70.63455963134766,100.67982482910156,82.68560791015625,85.10436248779297
2022-10-11,70.66942596435547,100.79512786865234,82.89523315429688,85.48101806640625
2022-10-12,70.73921203613281,101.04350280761719,83.16604614257812,85.90045928955078
2022-10-13,70.52991485595703,100.5822525024414,82.8166275024414,85.07870483398438
2022-10-14,70.4949951171875,100.32498931884766,82.35369873046875,84.37677764892578
2022-10-17,70.57353973388672,100.48468780517578,82.4410400390625,83.96588897705078
2022-10-18,70.6084213256836,100.64434814453125,82.65068054199219,84.16276550292969
2022-10-19,70.47760009765625,100.05891418457031,81.785888671875,82.63050842285156
2022-10-20,70.39911651611328,99.64198303222656,81.17445373535156,81.21810150146484
2022-10-21,70.58222961425781,100.08551025390625,81.3578872680664,79.75432586669922
2022-10-24,70.56480407714844,100.0677261352539,81.25309753417969,79.09522247314453
2022-10-25,70.63455963134766,100.60885620117188,82.266357421875,81.39787292480469
2022-10-26,70.69561004638672,100.84838104248047,82.68560791015625,82.57061004638672
2022-10-27,70.84385681152344,101.38059997558594,83.2708511352539,83.43517303466797
2022-10-28,70.73921203613281,100.96369171142578,82.84283447265625,82.86165618896484
2022-10-31,70.63455963134766,100.71529388427734,82.46723937988281,82.27099609375
2022-11-01,70.5655517578125,100.57581329345703,82.4523696899414,83.03985595703125
2022-11-02,70.53060913085938,100.48697662353516,82.3122787475586,82.67947387695312
2022-11-03,70.39956665039062,100.16718292236328,81.95339965820312,82.23323059082031
2022-11-04,70.47820281982422,100.24712371826172,81.7782974243164,80.85167694091797
2022-11-07,70.41708374023438,100.04278564453125,81.48943328857422,80.04505920410156
2022-11-08,70.48694610595703,100.39812469482422,82.03218078613281,80.92034149169922
2022-11-09,70.60049438476562,100.70911407470703,82.3122787475586,81.18633270263672
2022-11-10,70.98485565185547,102.15718841552734,84.15935516357422,84.30988311767578
2022-11-11,70.96739196777344,102.03277587890625,83.98430633544922,84.00093078613281
2022-11-14,70.90623474121094,101.87290954589844,83.78294372558594,83.79499053955078
2022-11-15,70.97613525390625,102.32596588134766,84.40445709228516,85.15084075927734
2022-11-16,70.98485565185547,102.63691711425781,85.02597045898438,87.01294708251953
2022-11-17,70.89750671386719,102.228271484375,84.44823455810547,86.09477233886719
2022-11-18,70.81887817382812,101.96171569824219,84.15059661865234,85.50265502929688
2022-11-21,70.80142974853516,101.92620849609375,84.09806823730469,85.86307525634766
2022-11-22,70.85383605957031,102.11275482177734,84.5795669555664,87.08161926269531
2022-11-23,70.91500854492188,102.4148178100586,85.03473663330078,88.60044860839844
2022-11-25,70.92372131347656,102.4325942993164,85.00847625732422,88.30011749267578
2022-11-28,70.94115447998047,102.44145965576172,85.04351043701172,88.5489730834961
2022-11-29,70.91500854492188,102.28157043457031,84.6845703125,87.51066589355469
2022-11-30,71.12462615966797,102.97451782226562,85.44615173339844,88.1542739868164
2022-12-01,71.27782440185547,103.60003662109375,86.37940979003906,90.97039794921875
2022-12-02,71.26030731201172,103.68903350830078,86.55484008789062,92.11442565917969
2022-12-05,71.05897521972656,102.96826934814453,85.67774963378906,90.82418060302734
2022-12-06,71.13777923583984,103.27082061767578,86.20401763916016,91.99394989013672
2022-12-07,71.28654479980469,103.85807037353516,86.95832061767578,94.16160583496094
2022-12-08,71.21654510498047,103.4754867553711,86.4671401977539,93.9035415649414
2022-12-09,71.18150329589844,103.16403198242188,85.82684326171875,91.46067810058594
2022-12-12,71.13777923583984,103.09284973144531,85.70401763916016,91.75312805175781
2022-12-13,71.34786224365234,103.6978988647461,86.47590637207031,92.63912200927734
2022-12-14,71.35657501220703,103.89366912841797,86.71273803710938,93.0347900390625
2022-12-15,71.36625671386719,103.91329956054688,86.8814468383789,93.39779663085938
2022-12-16,71.43641662597656,103.8954849243164,86.66175079345703,92.35445404052734
2022-12-19,71.34869384765625,103.49440002441406,85.95870971679688,90.80244445800781
2022-12-20,71.34869384765625,103.16461944580078,85.33472442626953,89.1900634765625
2022-12-21,71.41889190673828,103.25376892089844,85.44017791748047,89.41423797607422
2022-12-22,71.37500762939453,103.18244171142578,85.413818359375,89.39701843261719
2022-12-23,71.33992767333984,102.99526977539062,85.02716064453125,88.08639526367188
2022-12-27,71.24342346191406,102.51399230957031,84.31526947021484,86.34467315673828
2022-12-28,71.24342346191406,102.44269561767578,84.1131362915039,85.83594512939453
2022-12-29,71.29605865478516,102.62983703613281,84.52619171142578,86.81027221679688
2022-12-30,71.20832061767578,102.39810943603516,84.17466735839844,85.84455871582031
2023-01-03,71.2697525024414,102.70116424560547,84.83380889892578,87.4828109741211
2023-01-04,71.33992767333984,103.10223388671875,85.48412322998047,88.68133544921875
2023-01-05,71.24342346191406,102.93285369873047,85.36109924316406,89.05207824707031
2023-01-06,71.5153579711914,103.82415008544922,86.45960998535156,90.69036865234375
2023-01-09,71.58555603027344,104.0113296508789,86.6793441772461,91.17320251464844
2023-01-10,71.5241470336914,103.78848266601562,86.13446807861328,89.66429138183594
2023-01-11,71.58555603027344,104.10044860839844,86.68809509277344,91.1214828491211
2023-01-12,71.74348449707031,104.72431945800781,87.46146392822266,92.91495513916016
2023-01-13,71.62065887451172,104.39456939697266,86.9957275390625,92.04407501220703
2023-01-17,71.66452026367188,104.34107971191406,86.72327423095703,91.4490966796875
2023-01-18,71.82241821289062,105.15214538574219,87.90089416503906,93.66508483886719
2023-01-19,71.80487060546875,104.99171447753906,87.73394775390625,93.0787582397461
2023-01-20,71.74348449707031,104.60848999023438,87.15388488769531,91.56983184814453
2023-01-23,71.67329406738281,104.34999084472656,86.87268829345703,91.13871002197266
2023-01-24,71.69962310791016,104.60848999023438,87.37361907958984,92.44933319091797
2023-01-25,71.74348449707031,104.71540069580078,87.47028350830078,92.67352294921875
2023-01-26,71.69962310791016,104.49258422851562,87.15388488769531,92.24239349365234
2023-01-27,71.69962310791016,104.40347290039062,87.02207946777344,92.00957489013672
2023-01-30,71.62940979003906,104.1539077758789,86.74964141845703,91.67330932617188
2023-01-31,71.76101684570312,104.54610443115234,87.18905639648438,92.40621948242188
2023-02-01,71.88582611083984,105.09151458740234,87.81611633300781,93.51704406738281
2023-02-02,71.89462280273438,105.07364654541016,87.7809066772461,93.63809204101562
2023-02-03,71.63095092773438,104.27920532226562,86.83853149414062,92.23765563964844
2023-02-06,71.42880249023438,103.54722595214844,86.08991241455078,91.55472564697266
2023-02-07,71.46393585205078,103.51148986816406,85.87858581542969,90.81993103027344
2023-02-08,71.49032592773438,103.69003295898438,86.19564819335938,91.25215148925781
2023-02-09,71.43759155273438,103.40438079833984,85.80810546875,90.38768005371094
2023-02-10,71.40242767333984,103.14551544189453,85.39420318603516,89.37628173828125
2023-02-13,71.41999816894531,103.2258529663086,85.59671783447266,90.12837982177734
2023-02-14,71.27059173583984,102.7884521484375,85.20923614501953,89.92088317871094
2023-02-15,71.27937316894531,102.717041015625,84.95384979248047,89.0823745727539
2023-02-16,71.28817749023438,102.59208679199219,84.67200469970703,87.82026672363281
2023-02-17,71.34967803955078,102.7884521484375,84.90977478027344,88.50318908691406
2023-02-21,71.20905303955078,102.14573669433594,83.98502349853516,86.78292083740234
2023-02-22,71.24422454833984,102.24394226074219,84.13475036621094,87.57821655273438
2023-02-23,71.28817749023438,102.44032287597656,84.46062469482422,88.43402099609375
2023-02-24,71.13874816894531,101.9671859741211,83.94979858398438,87.28428649902344
2023-02-27,71.20027160644531,102.16357421875,84.2052001953125,87.52633666992188
2023-02-28,71.18270111083984,102.20823669433594,84.33732604980469,87.92402648925781
2023-03-01,71.0523681640625,101.74506378173828,83.6630630493164,86.97941589355469
2023-03-02,71.07879638671875,101.55729675292969,83.31887817382812,86.20816802978516
2023-03-03,71.12281799316406,101.89706420898438,83.98959350585938,88.2966537475586
2023-03-06,71.08756256103516,101.82554626464844,83.83956909179688,87.61201477050781
2023-03-07,70.9378890991211,101.61092376708984,83.84840393066406,88.14930725097656
2023-03-08,70.90267181396484,101.53047180175781,83.82190704345703,88.23597717285156
2023-03-09,71.1316146850586,102.13847351074219,84.34262084960938,88.4526138305664
2023-03-10,71.51908874511719,103.3277359008789,85.89585876464844,91.50299835205078
2023-03-13,72.23243713378906,104.5705795288086,86.93722534179688,91.71096801757812
2023-03-14,71.95944213867188,103.89996337890625,86.11649322509766,90.203125
2023-03-15,72.38214874267578,105.0981216430664,87.3608169555664,91.9449691772461
2023-03-16,72.09156036376953,104.37386322021484,86.57538604736328,91.22569274902344
2023-03-17,72.4526138305664,105.2680435180664,87.59909057617188,92.59489440917969
2023-03-20,72.36454772949219,104.97296905517578,87.24609375,91.78033447265625
2023-03-21,72.09156036376953,104.28445434570312,86.48712158203125,90.99169158935547
2023-03-22,72.42619323730469,105.27693939208984,87.62559509277344,92.20494079589844
2023-03-23,72.63756561279297,105.87602996826172,88.12860870361328,92.20494079589844
2023-03-24,72.67279815673828,105.84921264648438,88.15510559082031,92.59489440917969
2023-03-27,72.36454772949219,104.98190307617188,87.06961822509766,90.41975402832031
2023-03-28,72.2852783203125,104.78516387939453,87.01664733886719,90.58442687988281
2023-03-29,72.25887298583984,104.68682098388672,86.86661529541016,90.40243530273438
2023-03-30,72.2676773071289,104.74940490722656,86.99899291992188,90.81841278076172
2023-03-31,72.35575103759766,105.19649505615234,87.4755630493164,92.17893981933594
2023-04-03,72.44400787353516,105.51358032226562,87.88764953613281,92.61246490478516
2023-04-04,72.6116943359375,106.06887817382812,88.45355224609375,93.07292175292969
2023-04-05,72.70880126953125,106.27490234375,88.82492065429688,94.04596710205078
2023-04-06,72.68230438232422,106.26594543457031,88.85148620605469,94.28922271728516
2023-04-10,72.42633056640625,105.54045104980469,87.97605895996094,92.76885223388672
2023-04-11,72.41751861572266,105.50460815429688,87.94068145751953,92.95996856689453
2023-04-12,72.49698638916016,105.81810760498047,88.19710540771484,92.86441802978516
2023-04-13,72.54108428955078,105.71061706542969,87.90531158447266,92.1346435546875
2023-04-14,72.37339782714844,105.27172088623047,87.47201538085938,91.29190826416016
2023-04-17,72.26747131347656,104.8507308959961,86.91492462158203,90.2059326171875
2023-04-18,72.24983215332031,104.91343688964844,87.0564193725586,90.52739715576172
2023-04-19,72.18806457519531,104.76118469238281,86.87071990966797,90.44049072265625
2023-04-20,72.36456298828125,105.21795654296875,87.37474822998047,91.21373748779297
2023-04-21,72.32044982910156,105.05675506591797,87.1624984741211,90.70114135742188
2023-04-24,72.39988708496094,105.37024688720703,87.58695983886719,91.57861328125
2023-04-25,72.68230438232422,106.21217346191406,88.45355224609375,92.92523193359375
2023-04-26,72.59404754638672,105.95244598388672,88.10868835449219,91.93482971191406
2023-04-27,72.45282745361328,105.40607452392578,87.5339126586914,91.02259063720703
2023-04-28,72.53227996826172,105.85391998291016,88.18827819824219,92.4908676147461
2023-05-01,72.37390899658203,105.1819076538086,87.15030670166016,89.82389068603516
2023-05-02,72.61276245117188,106.06120300292969,88.28486633300781,92.06229400634766
2023-05-03,72.7896957397461,106.64437866210938,88.86103820800781,92.57618713378906
2023-05-04,72.90470123291016,106.8058853149414,88.84332275390625,91.66167449951172
2023-05-05,72.72776794433594,106.3213882446289,88.36468505859375,91.3568344116211
2023-05-08,72.61276245117188,105.94454956054688,87.823974609375,90.07647705078125
2023-05-09,72.59507751464844,105.86382293701172,87.71760559082031,89.75423431396484
2023-05-10,72.77203369140625,106.4738998413086,88.37354278564453,90.62521362304688
2023-05-11,72.81623077392578,106.60848999023438,88.70150756835938,91.58331298828125
2023-05-12,72.6924057006836,106.19575500488281,88.16966247558594,90.81684112548828
2023-05-15,72.70124053955078,106.14196014404297,87.97465515136719,89.87615203857422
2023-05-16,72.61276245117188,105.8996810913086,87.69100952148438,89.60615539550781
2023-05-17,72.53314208984375,105.59464263916016,87.40735626220703,89.34485626220703
2023-05-18,72.40045928955078,105.12806701660156,86.86664581298828,88.68293762207031
2023-05-19,72.3473892211914,104.84992980957031,86.53868865966797,88.05581665039062
2023-05-22,72.32080841064453,104.78714752197266,86.37914276123047,87.7422866821289
2023-05-23,72.31200408935547,104.89480590820312,86.52095794677734,87.99483489990234
2023-05-24,72.22352600097656,104.67048645019531,86.29936981201172,87.5593490600586
2023-05-25,72.06429290771484,104.12315368652344,85.75868225097656,87.34163665771484
2023-05-26,72.04661560058594,104.0513916015625,85.918212890625,88.04710388183594
2023-05-30,72.18814849853516,104.6435546875,86.5918960571289,88.92679595947266
2023-05-31,72.25890350341797,104.86784362792969,86.91985321044922,89.70195770263672
2023-06-01,72.37152099609375,105.16450500488281,87.16149139404297,90.05391693115234
2023-06-02,72.1675796508789,104.51728820800781,86.46849060058594,89.06708526611328
2023-06-05,72.18528747558594,104.5532455444336,86.44185638427734,88.90116882324219
2023-06-06,72.14982604980469,104.51728820800781,86.49513244628906,89.42514038085938
2023-06-07,72.09661102294922,104.13072967529297,85.86433410644531,88.09772491455078
2023-06-08,72.21186828613281,104.5532455444336,86.44185638427734,89.12822723388672
2023-06-09,72.0788803100586,104.22064971923828,86.13086700439453,89.00593566894531
2023-06-12,72.1409912109375,104.39143371582031,86.27301788330078,89.26797485351562
2023-06-13,72.00794982910156,103.88804626464844,85.65995788574219,88.38589477539062
2023-06-14,71.96358489990234,103.85209655761719,85.77546691894531,89.09327697753906
2023-06-15,72.1143798828125,104.3824462890625,86.44185638427734,89.9491195678711
2023-06-16,72.01679229736328,104.0318832397461,86.06864929199219,89.59980010986328
2023-06-20,72.04341888427734,104.1937026977539,86.32637023925781,90.21983337402344
2023-06-21,72.04341888427734,104.23863983154297,86.40631103515625,90.43817138671875
2023-06-22,71.96358489990234,103.90603637695312,85.91761016845703,89.3465347290039
2023-06-23,72.0256576538086,104.08580780029297,86.27301788330078,90.23728942871094
2023-06-26,72.0788803100586,104.2835922241211,86.48626708984375,90.3333740234375
2023-06-27,71.97246551513672,103.98693084716797,86.18414306640625,90.09757232666016
2023-06-28,72.05227661132812,104.25664520263672,86.53067016601562,90.4818344116211
2023-06-29,71.87493133544922,103.5823974609375,85.64220428466797,88.84874725341797
2023-06-30,71.90154266357422,103.60940551757812,85.82877349853516,89.89673614501953
2023-07-03,71.81795501708984,103.32298278808594,85.4565200805664,89.38710021972656
2023-07-05,71.80017852783203,103.10681915283203,85.04679870605469,88.53768157958984
2023-07-06,71.7557144165039,102.6294937133789,84.35209655761719,87.28550720214844
2023-07-07,71.83575439453125,102.67449188232422,84.24519348144531,86.7601089477539
2023-07-10,71.94241333007812,103.15185546875,84.68165588378906,86.87393951416016
2023-07-11,71.93351745605469,103.17886352539062,84.8597412109375,87.32051086425781
2023-07-12,72.14691162109375,103.93538665771484,85.68804931640625,88.29253387451172
2023-07-13,72.35139465332031,104.60189819335938,86.40056610107422,89.2207260131836
2023-07-14,72.16470336914062,104.13355255126953,85.97306823730469,88.69529724121094
2023-07-17,72.19136810302734,104.2596664428711,86.11556243896484,88.73908233642578
2023-07-18,72.19136810302734,104.28667449951172,86.21353912353516,89.14191436767578
2023-07-19,72.21803283691406,104.44880676269531,86.50743103027344,90.14888763427734
2023-07-20,72.1291275024414,103.97144317626953,85.82164001464844,89.0543441772461
2023-07-21,72.13801574707031,103.97144317626953,85.89289093017578,89.08062744140625
2023-07-24,72.04911804199219,103.75528717041016,85.68804931640625,88.75659942626953
2023-07-25,72.04021453857422,103.64720916748047,85.5277328491211,88.59024047851562
2023-07-26,72.11137390136719,103.91741180419922,85.82164001464844,88.67780303955078
2023-07-27,72.004638671875,103.33199310302734,84.88646697998047,86.9527587890625
2023-07-28,72.10245513916016,103.59315490722656,85.1625747680664,87.39936065673828
2023-07-31,72.1202392578125,103.6832275390625,85.26945495605469,87.6094970703125
2023-08-01,72.05962371826172,103.39265441894531,84.77123260498047,86.1738510131836
2023-08-02,72.09526062011719,103.38362121582031,84.6015396118164,85.25189971923828
2023-08-03,72.12200164794922,103.12191009521484,83.9765625,83.28498840332031
2023-08-04,72.26464080810547,103.78972625732422,84.86944580078125,84.76017761230469
2023-08-07,72.29138946533203,103.73558807373047,84.66407012939453,83.92597961425781
2023-08-08,72.32703399658203,103.97924041748047,85.09265899658203,84.90067291259766
2023-08-09,72.28247833251953,103.9250717163086,85.14622497558594,85.33968353271484
2023-08-10,72.24681091308594,103.53704833984375,84.4944076538086,83.93474578857422
2023-08-11,72.17548370361328,103.15801239013672,84.04794311523438,83.7416000366211
2023-08-14,72.11309051513672,102.96852111816406,83.91403198242188,83.55720520019531
2023-08-15,72.13984680175781,102.93241882324219,83.75331115722656,83.04792022705078
2023-08-16,72.10418701171875,102.73385620117188,83.431884765625,82.39815521240234
2023-08-17,72.18441772460938,102.78801727294922,83.3247299194336,82.04695129394531
2023-08-18,72.21116638183594,102.93241882324219,83.57473754882812,82.33666229248047
2023-08-21,72.13094329833984,102.58042907714844,83.05685424804688,81.23908233642578
2023-08-22,72.09526062011719,102.50824737548828,83.09259033203125,81.862548828125
2023-08-23,72.22898864746094,103.08582305908203,83.99439239501953,83.890869140625
2023-08-24,72.18441772460938,102.88729095458984,83.681884765625,83.3376693725586
2023-08-25,72.13984680175781,102.77899932861328,83.65509033203125,83.6098861694336
2023-08-28,72.18441772460938,102.95044708251953,83.88726806640625,83.69768524169922
2023-08-29,72.34486389160156,103.48291015625,84.48548126220703,84.56697082519531
2023-08-30,72.34486389160156,103.46484375,84.47659301757812,84.47917938232422
2023-08-31,72.4161605834961,103.65435028076172,84.6462173461914,84.85674285888672
2023-09-01,72.37684631347656,103.33966064453125,84.12879180908203,83.53480529785156
2023-09-05,72.28748321533203,103.06842041015625,83.6185531616211,82.36347198486328
2023-09-06,72.20706176757812,102.77903747558594,83.40369415283203,82.56605529785156
2023-09-07,72.34111022949219,103.08647155761719,83.69017028808594,82.79502868652344
2023-09-08,72.30535125732422,103.03223419189453,83.70805358886719,83.11205291748047
2023-09-11,72.32323455810547,102.98699951171875,83.5648422241211,82.51319122314453
2023-09-12,72.28748321533203,102.98699951171875,83.68121337890625,82.98876953125
2023-09-13,72.35005187988281,103.12264251708984,83.77967834472656,82.97115325927734
2023-09-14,72.33218383789062,103.00508880615234,83.59168243408203,82.3722915649414
2023-09-15,72.29641723632812,102.83329772949219,83.33210754394531,81.8702621459961
2023-09-18,72.28748321533203,102.82422637939453,83.41264343261719,82.3370361328125
2023-09-19,72.2338638305664,102.59818267822266,83.10828399658203,81.72936248779297
2023-09-20,72.189208984375,102.48963165283203,83.04560852050781,81.98477935791016
2023-09-21,72.22493743896484,102.23648071289062,82.42796325683594,79.8798828125
2023-09-22,72.29641723632812,102.48963165283203,82.7502212524414,80.5228042602539
2023-09-25,72.26960754394531,102.24551391601562,82.1415023803711,78.54121398925781
2023-09-26,72.27853393554688,102.22743225097656,82.1146469116211,78.26821899414062
2023-09-27,72.22493743896484,101.96520233154297,81.74764251708984,77.8630599975586
2023-09-28,72.35005187988281,102.27263641357422,81.97142791748047,78.1008529663086
2023-09-29,72.35896301269531,102.32688903808594,81.98931121826172,78.10967254638672
2023-10-02,72.28643035888672,101.9036865234375,81.32424926757812,76.8021011352539
2023-10-03,72.23265838623047,101.50496673583984,80.65111541748047,75.14994049072266
2023-10-04,72.39392852783203,101.92181396484375,81.1627197265625,76.21017456054688
2023-10-05,72.4655990600586,102.1393051147461,81.31529998779297,75.83025360107422
2023-10-06,72.40289306640625,101.79496002197266,80.83959197998047,74.91143035888672
2023-10-09,72.617919921875,102.61959075927734,81.87177276611328,76.66957092285156
2023-10-10,72.57308959960938,102.4474105834961,81.71019744873047,76.56355285644531
2023-10-11,72.55519104003906,102.58330535888672,82.15895080566406,78.16268157958984
2023-10-12,72.4655990600586,102.12118530273438,81.36913299560547,76.04228973388672
2023-10-13,72.51040649414062,102.38397979736328,81.88969421386719,77.40286254882812
2023-10-16,72.4655990600586,102.08492279052734,81.405029296875,76.15714263916016
2023-10-17,72.3043441772461,101.42337799072266,80.60623168945312,75.31784057617188
2023-10-18,72.3043441772461,101.19683837890625,80.22928619384766,74.65520477294922
2023-10-19,72.40289306640625,101.1424789428711,79.83439636230469,73.12673950195312
2023-10-20,72.51937103271484,101.57744598388672,80.30107116699219,73.5420150756836
2023-10-23,72.56414031982422,101.81307220458984,80.67805480957031,74.42552185058594
2023-10-24,72.54622650146484,101.80401611328125,80.82166290283203,75.40618896484375
2023-10-25,72.4655990600586,101.38714599609375,80.11259460449219,73.7275161743164
2023-10-26,72.60897827148438,101.88554382324219,80.72295379638672,74.85841369628906
2023-10-27,72.65375518798828,102.05772399902344,80.84857940673828,74.54035949707031
2023-10-30,72.62687683105469,101.8583755493164,80.5793228149414,74.20464324951172
2023-10-31,72.5999984741211,101.75872039794922,80.40879821777344,73.84242248535156
2023-11-01,72.76171875,102.44454193115234,81.33490753173828,75.44347381591797
2023-11-02,72.77071380615234,102.61717224121094,81.83891296386719,77.163330078125
2023-11-03,72.96839141845703,103.25308227539062,82.46892547607422,77.68639373779297
2023-11-06,72.83361053466797,102.84426879882812,81.9919204711914,76.93282318115234
2023-11-07,72.88751983642578,103.11681365966797,82.45990753173828,78.06755065917969
2023-11-08,72.86952209472656,103.23490905761719,82.7929458618164,79.39737701416016
2023-11-09,72.76171875,102.67166900634766,81.97393035888672,77.57112884521484
2023-11-10,72.77970886230469,102.67166900634766,82.06391143798828,78.0055160522461
2023-11-13,72.80665588378906,102.71710968017578,82.01892852783203,77.82820892333984
2023-11-14,73.09417724609375,103.7254867553711,83.251953125,79.5924301147461
2023-11-15,72.95940399169922,103.25308227539062,82.60395050048828,78.47537994384766
2023-11-16,73.08519744873047,103.74364471435547,83.2249526977539,79.45059967041016
2023-11-17,73.0312728881836,103.66188049316406,83.2789535522461,79.8228988647461
2023-11-20,73.04024505615234,103.7254867553711,83.39598846435547,80.31047821044922
2023-11-21,73.08519744873047,103.8617172241211,83.50394439697266,80.2750473022461
2023-11-22,73.09417724609375,103.79814147949219,83.47698211669922,80.55873107910156
2023-11-24,73.04024505615234,103.54379272460938,83.0449447631836,79.61014556884766
2023-11-27,73.13011932373047,103.96166229248047,83.67495727539062,80.93994140625
2023-11-28,73.264892578125,104.37954711914062,84.04396057128906,81.09951782226562
2023-11-29,73.40866088867188,104.7247314453125,84.48500061035156,82.11901092529297
2023-11-30,73.36372375488281,104.50672912597656,84.07097625732422,81.17041015625
2023-12-01,73.57733917236328,105.13048553466797,84.86419677734375,82.6991958618164
2023-12-04,73.46916198730469,104.80265808105469,84.51226043701172,82.37015533447266
2023-12-05,73.55931091308594,105.19424438476562,85.10785675048828,84.13992309570312
2023-12-06,73.54127502441406,105.32170867919922,85.4598159790039,85.26048278808594
2023-12-07,73.59537506103516,105.32170867919922,85.33345794677734,84.7713394165039
2023-12-08,73.4331283569336,104.80265808105469,84.78300476074219,84.07766723632812
2023-12-11,73.45115661621094,104.811767578125,84.79199981689453,83.89981842041016
2023-12-12,73.46016693115234,104.94837188720703,84.97250366210938,84.14881134033203
2023-12-13,73.82966613769531,106.06842041015625,86.23591613769531,86.12312316894531
2023-12-14,73.95624542236328,106.53581237792969,86.9527359008789,88.36344909667969
2023-12-15,73.8748779296875,106.3989028930664,86.88032531738281,88.46160125732422
2023-12-18,73.8658218383789,106.27111053466797,86.69023895263672,87.75675201416016
2023-12-19,73.89297485351562,106.36238098144531,86.85316467285156,88.2296142578125
2023-12-20,73.99241638183594,106.71841430664062,87.27857971191406,88.827392578125
2023-12-21,74.0647201538086,106.71841430664062,87.1427993774414,88.26530456542969
2023-12-22,74.09188079833984,106.70928192138672,87.06135559082031,87.86383056640625
2023-12-26,74.05567932128906,106.68190002441406,87.11565399169922,88.11365509033203
2023-12-27,74.1460952758789,107.14746856689453,87.79446411132812,89.67499542236328
2023-12-28,74.13706970214844,106.95579528808594,87.45957946777344,89.02366638183594
2023-12-29,74.17321014404297,106.92835998535156,87.24237060546875,88.220703125
2024-01-02,74.08282470703125,106.61801147460938,86.9165267944336,87.71214294433594
2024-01-03,74.10089874267578,106.76406860351562,87.12470245361328,88.07794189453125
2024-01-04,74.05567932128906,106.4262924194336,86.59974670410156,86.73963928222656
2024-01-05,74.0376205444336,106.24370574951172,86.28294372558594,85.90989685058594
2024-01-08,74.10089874267578,106.46278381347656,86.5726089477539,86.75749206542969
2024-01-09,74.11900329589844,106.49017333984375,86.53640747070312,86.2043228149414
2024-01-10,74.11900329589844,106.4262924194336,86.40062713623047,85.8028564453125
2024-01-11,74.290771484375,106.90096282958984,86.86222839355469,86.28462219238281
2024-01-12,74.4444580078125,107.17486572265625,87.0975570678711,86.1150894165039
2024-01-16,74.32693481445312,106.71841430664062,86.39155578613281,84.59835815429688
2024-01-17,74.18226623535156,106.35326385498047,86.1109848022461,84.46453094482422
2024-01-18,74.21845245361328,106.29847717285156,85.9209213256836,83.67939758300781
2024-01-19,74.16419219970703,106.24370574951172,85.92998504638672,83.94705963134766
2024-01-22,74.20037078857422,106.4262924194336,86.19247436523438,84.44670104980469
2024-01-23,74.1912841796875,106.3076171875,85.97522735595703,83.77754211425781
2024-01-24,74.15513610839844,106.13416290283203,85.7308578491211,83.28683471679688
2024-01-25,74.290771484375,106.48104858398438,86.10193634033203,83.83109283447266
2024-01-26,74.24559020996094,106.34414672851562,85.94808197021484,83.67047882080078
2024-01-29,74.3178939819336,106.69100952148438,86.4639663696289,84.6340560913086
2024-01-30,74.27266693115234,106.6088638305664,86.58163452148438,85.40135192871094
2024-01-31,74.4083023071289,107.25703430175781,87.30571746826172,86.2400131225586
2024-02-01,74.51893615722656,107.56541442871094,87.84648895263672,87.93170166015625
2024-02-02,74.28316497802734,106.68689727783203,86.7032699584961,85.98938751220703
2024-02-05,74.13809967041016,106.09205627441406,85.85942840576172,84.2529525756836
2024-02-06,74.2559585571289,106.47640228271484,86.32218170166016,85.076416015625
2024-02-07,74.22876739501953,106.3574447631836,86.16793823242188,84.66471862792969
2024-02-08,74.21061706542969,106.16527557373047,85.88666534423828,84.17240905761719
2024-02-09,74.18342590332031,106.05543518066406,85.73242950439453,84.00233459472656
2024-02-12,74.1925048828125,106.1378173828125,85.8140640258789,84.10079193115234
2024-02-13,73.95671081542969,105.2958755493164,84.87046813964844,82.65975189208984
2024-02-14,74.06553649902344,105.6161880493164,85.18802642822266,83.0804214477539
2024-02-15,74.13809967041016,105.79923248291016,85.4239273071289,83.51004791259766
2024-02-16,74.04740905761719,105.47891998291016,85.05191802978516,83.02670288085938
2024-02-20,74.0927505493164,105.67105865478516,85.19711303710938,83.09833526611328
2024-02-21,74.02928161621094,105.43315887451172,84.92493438720703,82.507568359375
2024-02-22,74.02021026611328,105.37821960449219,84.93401336669922,82.91034698486328
2024-02-23,74.05648040771484,105.57955932617188,85.32414245605469,84.020263671875
2024-02-26,74.0020751953125,105.47891998291016,85.19711303710938,83.76960754394531
2024-02-27,74.0020751953125,105.39654541015625,85.00658416748047,83.17889404296875
2024-02-28,74.07461547851562,105.65279388427734,85.31507110595703,83.70697021484375
2024-02-29,74.11994934082031,105.78089141845703,85.4874496459961,84.29771423339844
2024-03-01,74.26544952392578,106.16159057617188,85.87771606445312,84.82296752929688
2024-03-04,74.19271087646484,105.9873275756836,85.68669128417969,84.48178100585938
2024-03-05,74.24726867675781,106.31756591796875,86.21429443359375,85.68494415283203
2024-03-06,74.26544952392578,106.41845703125,86.42355346679688,86.18775939941406
2024-03-07,74.35643005371094,106.62024688720703,86.5691146850586,86.10691833496094
2024-03-08,74.39279174804688,106.7303237915039,86.63280487060547,85.95429992675781
2024-03-11,74.32913208007812,106.58356475830078,86.52361297607422,85.90941619873047
2024-03-12,74.25635528564453,106.2900390625,86.1688232421875,85.19109344482422
2024-03-13,74.22000122070312,106.13410186767578,85.9778060913086,84.77806854248047
2024-03-14,74.15631866455078,105.70292663574219,85.34098815917969,83.47615051269531
2024-03-15,74.11084747314453,105.5469970703125,85.19544219970703,83.4492416381836
2024-03-18,74.11994934082031,105.46443176269531,85.09537506103516,83.19780731201172
2024-03-19,74.18362426757812,105.69375610351562,85.34098815917969,83.43123626708984
2024-03-20,74.30184173583984,105.94144439697266,85.54112243652344,83.40428924560547
2024-03-21,74.30184173583984,105.95060729980469,85.55021667480469,83.58390808105469
2024-03-22,74.35643005371094,106.23497772216797,85.96868133544922,84.38302612304688
2024-03-25,74.32003021240234,106.09739685058594,85.74127197265625,83.96099853515625
2024-03-26,74.33821868896484,106.17076873779297,85.86864471435547,84.19445037841797
2024-03-27,74.4200668334961,106.39092254638672,86.19613647460938,85.02947998046875
2024-03-28,74.37458038330078,106.23497772216797,86.1142578125,84.9576416015625
2024-04-01,74.2194595336914,105.72545623779297,85.33507537841797,83.37394714355469
2024-04-02,74.2559585571289,105.6978530883789,85.15258026123047,82.91450500488281
2024-04-03,74.31072998046875,105.7806167602539,85.25298309326172,82.89649963378906
2024-04-04,74.38371276855469,106.01056671142578,85.544921875,83.49107360839844
2024-04-05,74.26510620117188,105.5782699584961,84.97924041748047,82.3289566040039
2024-04-08,74.1921157836914,105.38513946533203,84.78762817382812,82.3199462890625
2024-04-09,74.26510620117188,105.62425994873047,85.12522888183594,83.08568572998047
2024-04-10,73.9639892578125,104.6125259399414,83.99385833740234,81.27495574951172
2024-04-11,74.05523681640625,104.63094329833984,83.87528991699219,80.9056167602539
2024-04-12,74.10086059570312,104.89766693115234,84.22196960449219,81.33804321289062
2024-04-15,74.07350158691406,104.56654357910156,83.68365478515625,80.07681274414062
2024-04-16,74.02784729003906,104.32742309570312,83.3552017211914,79.54533386230469
2024-04-17,74.08262634277344,104.68611907958984,83.8843994140625,80.42818450927734
2024-04-18,74.0461196899414,104.44696807861328,83.59242248535156,80.02278900146484
2024-04-19,74.0643539428711,104.52976989746094,83.701904296875,80.31106567382812
2024-04-22,74.10086059570312,104.56654357910156,83.71102142333984,80.1759033203125
2024-04-23,74.16474151611328,104.7229232788086,83.82054138183594,80.20293426513672
2024-04-24,74.13733673095703,104.59414672851562,83.56504821777344,79.63542175292969
2024-04-25,74.08262634277344,104.34579467773438,83.24571228027344,79.07688903808594
2024-04-26,74.10086059570312,104.46537017822266,83.47381591796875,79.49127197265625
2024-04-29,74.13733673095703,104.65852355957031,83.8114013671875,80.15792083740234
2024-04-30,74.0461196899414,104.39179229736328,83.4190902709961,79.4732437133789
2024-05-01,74.1944351196289,104.67400360107422,83.74942016601562,80.05904388427734
2024-05-02,74.30424499511719,105.07972717285156,84.14292907714844,80.4025650024414
2024-05-03,74.42327117919922,105.46703338623047,84.6095962524414,81.2162094116211
2024-05-06,74.41410827636719,105.49468231201172,84.68283081054688,81.53260040283203
2024-05-07,74.42327117919922,105.59615325927734,84.90243530273438,82.0298080444336
2024-05-08,74.40496063232422,105.4854965209961,84.6645278930664,81.53260040283203
2024-05-09,74.46903228759766,105.66068267822266,84.92074584960938,81.93035888671875
2024-05-10,74.40496063232422,105.46703338623047,84.64620971679688,81.46932220458984
2024-05-13,74.42327117919922,105.51314544677734,84.74686431884766,81.6772232055664
2024-05-14,74.49647521972656,105.71602630615234,84.99393463134766,82.1382827758789
2024-05-15,74.63379669189453,106.23240661621094,85.634521484375,83.25924682617188
2024-05-16,74.5788803100586,106.05720520019531,85.46979522705078,83.17791748046875
2024-05-17,74.53311157226562,105.88199615478516,85.20440673828125,82.61739349365234
2024-05-20,74.51482391357422,105.79901885986328,85.07633209228516,82.37333679199219
2024-05-21,74.5514144897461,105.95577239990234,85.29596710205078,82.79820251464844
2024-05-22,74.49647521972656,105.79901885986328,85.18612670898438,82.89765167236328
2024-05-23,74.45985412597656,105.57770538330078,84.88414764404297,82.3642807006836
2024-05-24,74.48735046386719,105.59615325927734,84.99393463134766,82.60836791992188
2024-05-28,74.42327117919922,105.33795928955078,84.51811218261719,81.4240951538086
2024-05-29,74.39578247070312,105.09818267822266,84.1063003540039,80.43875885009766
2024-05-30,74.47819519042969,105.39328002929688,84.52725219726562,81.2162094116211
2024-05-31,74.5788803100586,105.76215362548828,84.92074584960938,81.76763916015625
2024-06-03,74.66337585449219,106.12178802490234,85.4769515991211,83.09017181396484
2024-06-04,74.73682403564453,106.47313690185547,85.94503784179688,84.06080627441406
2024-06-05,74.81031036376953,106.69502258300781,86.25707244873047,84.67760467529297
2024-06-06,74.81950378417969,106.72274017333984,86.22037506103516,84.55061340332031
2024-06-07,74.62664794921875,106.0108413696289,85.31172943115234,82.99946594238281
2024-06-10,74.63579559326172,105.92762756347656,85.12816619873047,82.4461669921875
2024-06-11,74.7184829711914,106.25122833251953,85.57791900634766,83.29881286621094
2024-06-12,74.81950378417969,106.6210708618164,86.05516815185547,83.9247055053711
2024-06-13,74.93888092041016,107.05559539794922,86.62422943115234,85.15837860107422
2024-06-14,74.94808197021484,107.12958526611328,86.8261489868164,85.8749771118164
2024-06-17,74.87458801269531,106.84296417236328,86.42230224609375,85.02229309082031
2024-06-18,74.97563171386719,107.1387939453125,86.79861450195312,85.80240631103516
2024-06-20,74.94808197021484,107.00934600830078,86.5783462524414,85.23094177246094
2024-06-21,74.97563171386719,107.02786254882812,86.5967025756836,85.23094177246094
2024-06-24,74.98480224609375,107.05559539794922,86.67010498046875,85.57563781738281
2024-06-25,74.99400329589844,107.12032318115234,86.74353790283203,85.72077941894531
2024-06-26,74.92051696777344,106.75971221923828,86.22037506103516,84.49618530273438
2024-06-27,74.97563171386719,106.92615509033203,86.41312408447266,84.83180236816406
2024-06-28,74.98480224609375,106.75971221923828,85.9542236328125,83.25344848632812
2024-07-01,74.92030334472656,106.352783203125,85.31437683105469,81.81659698486328
2024-07-02,74.98478698730469,106.56600189208984,85.63658905029297,82.4535903930664
2024-07-03,75.0953598022461,106.973876953125,86.20738220214844,83.5364761352539
2024-07-05,75.23358917236328,107.40028381347656,86.68611907958984,84.22805786132812
2024-07-08,75.22437286376953,107.38175964355469,86.71373748779297,84.41001892089844
2024-07-09,75.2059555053711,107.35394287109375,86.59404754638672,84.03694915771484
2024-07-10,75.23358917236328,107.39102172851562,86.6769027709961,84.30087280273438
2024-07-11,75.40864562988281,107.88230895996094,87.2292709350586,85.11984252929688
2024-07-12,75.51921081542969,108.08625030517578,87.41341400146484,85.48384857177734
2024-07-15,75.51921081542969,107.99356079101562,87.13721466064453,84.50104522705078
2024-07-16,75.54685974121094,108.18819427490234,87.52388000488281,85.69313049316406
2024-07-17,75.55608367919922,108.24383544921875,87.5975341796875,85.7113265991211
2024-07-18,75.51921081542969,108.07698059082031,87.3489761352539,85.05613708496094
2024-07-19,75.48237609863281,107.89158630371094,87.0727767944336,84.55564880371094
2024-07-22,75.4915771484375,107.83596801757812,86.98992919921875,84.30997467041016
2024-07-23,75.52843475341797,107.91014099121094,87.05438232421875,84.191650390625
2024-07-24,75.56529998779297,107.91014099121094,86.86103820800781,83.28167724609375
2024-07-25,75.57451629638672,107.99356079101562,87.05438232421875,83.96415710449219
2024-07-26,75.67586517333984,108.3272476196289,87.46863555908203,84.61935424804688
2024-07-29,75.6850814819336,108.40142822265625,87.61595153808594,85.07432556152344
2024-07-30,75.71273040771484,108.54975891113281,87.80005645751953,85.40193939208984
2024-07-31,75.86935424804688,109.07813262939453,88.44450378417969,86.27552795410156
2024-08-01,76.00065612792969,109.43595886230469,88.82218170166016,87.0196304321289
2024-08-02,76.42588806152344,110.60710144042969,90.19804382324219,89.73125457763672
2024-08-05,76.40740203857422,110.60710144042969,90.2903823852539,90.20604705810547
2024-08-06,76.31494140625,110.04943084716797,89.48706817626953,88.18829345703125
2024-08-07,76.26873779296875,109.89139556884766,89.16382598876953,87.56743621826172
2024-08-08,76.23176574707031,109.65904235839844,88.89607238769531,87.02873992919922
2024-08-09,76.250244140625,109.84494018554688,89.25617218017578,87.88700103759766
2024-08-12,76.29647064208984,110.08660125732422,89.50548553466797,88.20654296875
2024-08-13,76.41665649414062,110.40261840820312,89.90255737304688,88.8182601928711
2024-08-14,76.40740203857422,110.43050384521484,90.02261352539062,89.37519836425781
2024-08-15,76.22248840332031,109.90068817138672,89.45932006835938,88.6539306640625
2024-08-16,76.30570220947266,110.04943084716797,89.63479614257812,88.96435546875
2024-08-19,76.28722381591797,110.08660125732422,89.75481414794922,89.37519836425781
2024-08-20,76.39814758300781,110.35617065429688,90.11492919921875,90.08736419677734
2024-08-21,76.48135375976562,110.5885238647461,90.29962921142578,90.14213562011719
2024-08-22,76.37966918945312,110.26321411132812,89.88407897949219,89.24739074707031
2024-08-23,76.5553207397461,110.6628646850586,90.29962921142578,89.83173370361328
2024-08-26,76.51834106445312,110.55133819580078,90.18881225585938,89.60346221923828
2024-08-27,76.56456756591797,110.62568664550781,90.15186309814453,89.44825744628906
2024-08-28,76.5553207397461,110.60710144042969,90.10570526123047,89.33867645263672
2024-08-29,76.54606628417969,110.47695922851562,89.94872283935547,89.04650115966797
2024-08-30,76.54606628417969,110.34684753417969,89.63479614257812,88.09696960449219
2024-09-03,76.62772369384766,110.72897338867188,90.22565460205078,89.5378189086914
2024-09-04,76.79469299316406,111.16700744628906,90.7535629272461,90.69197082519531
2024-09-05,76.82254028320312,111.2695083618164,90.96659088134766,91.2049331665039
2024-09-06,76.96168518066406,111.52115631103516,91.09623718261719,91.1957778930664
2024-09-09,76.97099304199219,111.5677490234375,91.22590637207031,91.58964538574219
2024-09-10,77.082275390625,111.90326690673828,91.61488342285156,92.23085021972656
2024-09-11,77.01734161376953,111.79142761230469,91.55006408691406,92.15757751464844
2024-09-12,77.02661895751953,111.6982192993164,91.4018783569336,91.72705841064453
2024-09-13,77.13793182373047,111.91258239746094,91.57783508300781,91.97434997558594
2024-09-16,77.18431854248047,112.05241394042969,91.81864929199219,92.81707763671875
2024-09-17,77.12865447998047,111.93122863769531,91.65191650390625,92.36824798583984
2024-09-18,77.100830078125,111.68890380859375,91.2536849975586,91.2232437133789
2024-09-19,77.165771484375,111.6982192993164,91.17959594726562,90.92097473144531
2024-09-20,77.19361114501953,111.71687316894531,91.15180969238281,90.5728988647461
2024-09-23,77.19361114501953,111.66094970703125,91.09623718261719,90.38055419921875
2024-09-24,77.26780700683594,111.81940460205078,91.1981201171875,90.36222839355469
2024-09-25,77.20288848876953,111.595703125,90.82765197753906,89.61111450195312
2024-09-26,77.12865447998047,111.44660949707031,90.76280975341797,89.8218002319336
2024-09-27,77.249267578125,111.76347351074219,91.12403106689453,90.28893280029297
2024-09-30,77.13793182373047,111.47456359863281,90.87396240234375,89.85845184326172
2024-10-01,77.18727111816406,111.71284484863281,91.20462799072266,90.5072021484375
2024-10-02,77.16866302490234,111.57267761230469,90.9445571899414,89.74447631835938
2024-10-03,77.06627655029297,111.20822143554688,90.48011779785156,88.89906311035156
2024-10-04,76.80565643310547,110.36724090576172,89.60701751708984,87.8055191040039
2024-10-07,76.70329284667969,110.12429809570312,89.28189849853516,87.14385223388672
2024-10-08,76.76844024658203,110.20838928222656,89.3562240600586,87.29090118408203
2024-10-09,76.69397735595703,109.95609283447266,89.02182006835938,86.794677734375
2024-10-10,76.75911712646484,110.03083038330078,89.0125503540039,86.45465087890625
2024-10-11,76.82428741455078,110.11492919921875,89.04039764404297,86.1054458618164
2024-10-14,76.78704071044922,109.96541595458984,88.88247680664062,86.16976165771484
2024-10-15,76.82428741455078,110.2551040649414,89.33761596679688,87.21736907958984
2024-10-16,76.87081146240234,110.34854888916016,89.47694396972656,87.58495330810547
2024-10-17,76.80565643310547,110.06822204589844,89.0125503540039,86.19734191894531
2024-10-18,76.87081146240234,110.19904327392578,89.11470794677734,86.26166534423828
2024-10-21,76.75911712646484,109.72248840332031,88.42735290527344,84.75459289550781
2024-10-22,76.74981689453125,109.65706634521484,88.34375,84.83731079101562
2024-10-23,76.70329284667969,109.4608154296875,88.13938903808594,84.6075439453125
2024-10-24,76.74050903320312,109.5635986328125,88.33448028564453,85.14974212646484
2024-10-25,76.71258544921875,109.45146942138672,88.13938903808594,84.67188262939453
2024-10-28,76.67536163330078,109.27395629882812,87.93505096435547,84.44214630126953
2024-10-29,76.70329284667969,109.3206558227539,87.97220611572266,84.57081604003906
2024-10-30,76.63812255859375,109.10572052001953,87.84217071533203,84.81891632080078
2024-10-31,76.65675354003906,109.10572052001953,87.79571533203125,84.95674896240234
2024-11-01,76.63153839111328,108.80589294433594,87.27583312988281,83.75900268554688
2024-11-04,76.68757629394531,109.12447357177734,87.74168395996094,85.05912780761719
2024-11-05,76.66889190673828,109.05889129638672,87.78826904296875,85.51089477539062
2024-11-06,76.57550048828125,108.51542663574219,86.88448333740234,83.16891479492188
2024-11-07,76.70623779296875,109.05889129638672,87.58328247070312,84.2108154296875
2024-11-08,76.65019989013672,109.02140808105469,87.76966094970703,85.2803955078125
2024-11-11,76.59416961669922,108.78717041015625,87.52737426757812,84.86546325683594
2024-11-12,76.51947784423828,108.4498291015625,86.97764587402344,83.59306335449219
2024-11-13,76.63153839111328,108.58099365234375,86.92176818847656,82.80007934570312
2024-11-14,76.51947784423828,108.43108367919922,86.91244506835938,83.27954864501953
2024-11-15,76.60350036621094,108.5716552734375,86.94970703125,83.05826568603516
2024-11-18,76.65955352783203,108.7215576171875,87.14537811279297,83.20578002929688
2024-11-19,76.65955352783203,108.84339141845703,87.33173370361328,83.62992858886719
2024-11-20,76.62218475341797,108.73095703125,87.2012710571289,83.36253356933594
2024-11-21,76.60350036621094,108.65599822998047,87.15470886230469,83.29800415039062
2024-11-22,76.59416961669922,108.65599822998047,87.21056365966797,83.34410095214844
2024-11-25,76.74360656738281,109.29315948486328,88.15165710449219,85.50170135498047
2024-11-26,76.74360656738281,109.21817779541016,87.96528625488281,85.16976928710938
2024-11-27,76.79032135009766,109.49928283691406,88.3193588256836,85.7598648071289
2024-11-29,76.88368225097656,109.75226593017578,88.69207763671875,86.64503479003906
2024-12-02,76.87902069091797,109.71562957763672,88.6845703125,86.85322570800781
2024-12-03,76.88836669921875,109.61228942871094,88.43223571777344,86.103759765625
2024-12-04,76.97269439697266,109.84718322753906,88.76868438720703,87.02899932861328
2024-12-05,76.97269439697266,109.81897735595703,88.75936126708984,87.20480346679688
2024-12-06,77.04768371582031,110.08203125,89.03973388671875,87.3343505859375
2024-12-09,77.0195541381836,109.9035415649414,88.73131561279297,86.52937316894531
2024-12-10,77.01018524169922,109.78141021728516,88.57242584228516,86.12226867675781
2024-12-11,76.99144744873047,109.63108825683594,88.31074523925781,85.30804443359375
2024-12-12,76.9539566040039,109.42437744140625,87.97428131103516,84.2717514038086
2024-12-13,76.91648864746094,109.16134643554688,87.56306457519531,83.41127014160156
2024-12-16,76.92585754394531,109.17072296142578,87.59110260009766,83.66109466552734
2024-12-17,76.93523406982422,109.17072296142578,87.59110260009766,83.86466979980469
2024-12-18,76.79418182373047,108.54887390136719,86.9140853881836,82.81598663330078
2024-12-19,76.87881469726562,108.47349548339844,86.52024841308594,81.5620346069336
2024-12-20,76.88822174072266,108.67134094238281,86.83907318115234,82.0264663696289
2024-12-23,76.84120178222656,108.4263916015625,86.45462036132812,81.27411651611328
2024-12-24,76.87881469726562,108.47349548339844,86.50151824951172,81.61778259277344
2024-12-26,76.8976058959961,108.53943634033203,86.56714630126953,81.57132720947266
2024-12-27,76.91641998291016,108.44524383544922,86.34209442138672,80.9025650024414
2024-12-30,77.02924346923828,108.85980987548828,86.84844207763672,81.55276489257812
2024-12-31,77.0762710571289,108.86922454833984,86.68904876708984,81.1162109375
2025-01-02,77.05744934082031,108.85980987548828,86.73593139648438,81.33911895751953
2025-01-03,77.05744934082031,108.7373046875,86.59526062011719,81.07905578613281
2025-01-06,77.0762710571289,108.7373046875,86.51087951660156,80.716796875
2025-01-07,77.02924346923828,108.50177764892578,86.11705780029297,79.8065185546875
2025-01-08,77.0762710571289,108.6242446899414,86.26708984375,79.90869140625
2025-01-10,76.93523406982422,108.04953002929688,85.63884735107422,79.37925720214844
2025-01-13,76.95401763916016,107.94588470458984,85.4887924194336,79.35140228271484
2025-01-14,76.97283172607422,108.02125549316406,85.51692199707031,79.22134399414062
2025-01-15,77.1420669555664,108.69963836669922,86.41712188720703,80.58675384521484
2025-01-16,77.18907165527344,108.9257583618164,86.6233901977539,80.84683227539062
2025-01-17,77.17028045654297,108.87864685058594,86.68904876708984,80.9861831665039
2025-01-21,77.19847106933594,109.05764770507812,86.97972106933594,81.7106704711914
2025-01-22,77.17967224121094,108.86922454833984,86.75466918945312,81.28339385986328
2025-01-23,77.17967224121094,108.784423828125,86.52963256835938,80.65178680419922
2025-01-24,77.22667694091797,108.96344757080078,86.70780181884766,81.01402282714844
2025-01-27,77.33951568603516,109.39684295654297,87.2704086303711,81.97075653076172
2025-01-28,77.35831451416016,109.41567993164062,87.27979278564453,81.91502380371094
2025-01-29,77.31132507324219,109.32147216796875,87.1766357421875,81.74781799316406
2025-01-30,77.35831451416016,109.45337677001953,87.36418151855469,82.0543212890625
2025-01-31,77.36771392822266,109.41567993164062,87.2235107421875,81.5156021118164
2025-02-03,77.3139419555664,109.36748504638672,87.28561401367188,82.1792984008789
2025-02-04,77.38941955566406,109.53755950927734,87.501953125,82.43099212646484
2025-02-05,77.43658447265625,109.85881805419922,88.00994110107422,83.79194641113281
2025-02-06,77.40826416015625,109.75489044189453,87.90645599365234,83.7546615600586
2025-02-07,77.32337951660156,109.4903335571289,87.61486053466797,83.2139892578125
2025-02-10,77.3611068725586,109.49978637695312,87.59603118896484,82.96231842041016
2025-02-11,77.34225463867188,109.39583587646484,87.3702621459961,82.43099212646484
2025-02-12,77.23847961425781,108.92340087890625,86.76822662353516,81.31240844726562
2025-02-13,77.34225463867188,109.32970428466797,87.41730499267578,82.6640396118164
2025-02-14,77.4460220336914,109.64151000976562,87.7841796875,83.10215759277344
2025-02-18,77.3799819946289,109.3486099243164,87.31381225585938,82.12337493896484
2025-02-19,77.43658447265625,109.52812194824219,87.45492553710938,82.22590637207031
2025-02-20,77.4460220336914,109.64151000976562,87.63367462158203,82.53353118896484
2025-02-21,77.57807922363281,110.03833770751953,88.15105438232422,83.53094482421875
2025-02-24,77.6346664428711,110.19896697998047,88.33917999267578,83.77330780029297
2025-02-25,77.73843383789062,110.70919799804688,89.03526306152344,85.21814727783203
2025-02-26,77.76673889160156,110.89818572998047,89.27986907958984,85.72152709960938
2025-02-27,77.79503631591797,110.88873291015625,89.1763687133789,85.1156005859375
2025-02-28,77.93653106689453,111.29499816894531,89.66551971435547,86.15962982177734
2025-03-03,77.98666381835938,111.51667022705078,89.99098205566406,86.56172943115234
2025-03-04,77.99613952636719,111.41249084472656,89.7079849243164,85.49571228027344
2025-03-05,77.91097259521484,111.005126953125,89.20797729492188,84.81309509277344
2025-03-06,77.95828247070312,111.05249786376953,89.16082000732422,84.53257751464844
2025-03-07,77.9488296508789,110.9767074584961,89.04759979248047,84.26139068603516
2025-03-10,78.09075927734375,111.4882583618164,89.67024230957031,85.14036560058594
2025-03-11,78.04344940185547,111.27986907958984,89.34947967529297,84.53257751464844
2025-03-12,77.98666381835938,111.08092498779297,89.08533477783203,84.02762603759766
2025-03-13,78.04344940185547,111.34616088867188,89.44384002685547,84.76634979248047
2025-03-14,77.98666381835938,111.07144927978516,89.13249969482422,84.31748962402344
2025-03-17,77.95828247070312,111.04302215576172,89.20797729492188,84.73827362060547
2025-03-18,77.95828247070312,111.14722442626953,89.31175231933594,84.82245635986328
2025-03-19,78.07183837890625,111.40301513671875,89.58534240722656,85.2619400024414
2025-03-20,78.09075927734375,111.5261459350586,89.71741485595703,85.31805419921875
2025-03-21,78.13809204101562,111.55458068847656,89.6419448852539,84.81309509277344
2025-03-24,78.03399658203125,111.14722442626953,89.12306213378906,83.94345092773438
2025-03-25,78.06236267089844,111.2988052368164,89.27400970458984,83.93411254882812
2025-03-26,78.04344940185547,111.17566680908203,89.06646728515625,83.38239288330078
2025-03-27,78.08129119873047,111.21356964111328,88.9909896850586,83.1392822265625
2025-03-28,78.22322845458984,111.77246856689453,89.7079849243164,84.28944396972656
2025-03-31,78.27999877929688,111.91455841064453,89.97212982177734,85.12166595458984
2025-04-01,78.30848693847656,112.11597442626953,90.28823852539062,85.85929870605469
2025-04-02,78.25151824951172,111.98294830322266,90.20306396484375,85.80300903320312
2025-04-03,78.54583740234375,112.96151733398438,91.13054656982422,86.19715881347656
2025-04-04,78.49838256835938,113.15149688720703,91.38607788085938,87.13561248779297
2025-04-07,78.50786590576172,112.40097045898438,90.29769134521484,84.5079345703125
2025-04-08,78.46039581298828,112.2869644165039,89.84342193603516,82.91255950927734
2025-04-09,78.41291809082031,111.80244445800781,89.55949401855469,83.40055847167969
2025-04-10,78.40343475341797,111.65043640136719,89.0011215209961,81.10133361816406
2025-04-11,78.26100158691406,111.14689636230469,88.49949645996094,81.54239654541016
2025-04-14,78.43190002441406,111.78343200683594,89.20931243896484,82.12425231933594
2025-04-15,78.43190002441406,111.94497680664062,89.47432708740234,82.41516876220703
2025-04-16,78.53634643554688,112.32495880126953,89.86236572265625,82.8750228881836
2025-04-17,78.5648193359375,112.23947143554688,89.60681915283203,82.14302062988281
2025-04-21,78.51736450195312,112.05895233154297,89.1241683959961,80.70719146728516
2025-04-22,78.54583740234375,112.03994750976562,89.19039154052734,81.15765380859375
2025-04-23,78.48888397216797,111.93546295166016,89.28502655029297,81.9459457397461
2025-04-24,78.58381652832031,112.3154525756836,89.76769256591797,82.80931091308594
2025-04-25,78.65027618408203,112.58148193359375,90.10840606689453,83.4193344116211
2025-04-28,78.76422119140625,112.91400909423828,90.46805572509766,83.94483947753906
2025-04-29,78.81168365478516,113.15149688720703,90.78035736083984,84.64868927001953
2025-04-30,78.9161148071289,113.42703247070312,90.92233276367188,83.963623046875
2025-05-01,78.75325775146484,113.0125961303711,90.5263900756836,83.53788757324219
2025-05-02,78.60087585449219,112.47907257080078,89.918701171875,82.63365936279297
2025-05-05,78.59136199951172,112.4028549194336,89.75729370117188,82.17211151123047
2025-05-06,78.65801239013672,112.6124496459961,89.98516845703125,82.44526672363281
2025-05-07,78.68659210205078,112.72677612304688,90.2225341796875,82.79377746582031
2025-05-08,78.52468872070312,112.14562225341797,89.5199203491211,81.8707046508789
2025-05-09,78.56278228759766,112.2123031616211,89.58637237548828,81.99315643310547
2025-05-12,78.419921875,111.66924285888672,89.01667022705078,81.23020935058594
2025-05-13,78.40086364746094,111.65971374511719,88.95018005371094,80.90054321289062
2025-05-14,78.34373474121094,111.40248107910156,88.61787414550781,80.3636474609375
2025-05-15,78.4961166381836,111.87886047363281,89.19706726074219,81.07008361816406
2025-05-16,78.4770736694336,111.88839721679688,89.2255630493164,81.28672790527344
2025-05-19,78.50563049316406,111.955078125,89.17808532714844,81.0512466430664
2025-05-20,78.51516723632812,111.92649841308594,89.06414031982422,80.46726989746094
2025-05-21,78.46753692626953,111.58351135253906,88.44696807861328,79.09207153320312
2025-05-22,78.51516723632812,111.82170104980469,88.779296875,79.50652313232422
2025-05-23,78.56278228759766,112.00271606445312,89.03565216064453,79.63837432861328
2025-05-27,78.59136199951172,112.20278930664062,89.40596771240234,80.74983978271484
2025-05-28,78.53421020507812,112.03128051757812,89.15911102294922,80.40132904052734
2025-05-29,78.61991882324219,112.29805755615234,89.52941131591797,81.14542388916016
2025-05-30,78.71515655517578,112.60293579101562,89.79527282714844,81.26789093017578
2025-06-02,78.65018463134766,112.36686706542969,89.49043273925781,80.51154327392578
2025-06-03,78.63109588623047,112.27130889892578,89.40467834472656,80.36974334716797
2025-06-04,78.77440643310547,112.75870513916016,90.06201171875,81.67440032958984
2025-06-05,78.68841552734375,112.47200775146484,89.79527282714844,81.73114013671875
2025-06-06,78.55464172363281,111.917724609375,89.08078002929688,80.69116973876953
2025-06-09,78.61195373535156,112.05149841308594,89.24273681640625,80.77627563476562
2025-06-10,78.61195373535156,112.118408203125,89.39517211914062,81.19225311279297
2025-06-11,78.7361831665039,112.47200775146484,89.7667007446289,81.43806457519531
2025-06-12,78.80307006835938,112.7491455078125,90.15726470947266,82.4118423461914
2025-06-13,78.74574279785156,112.5389175415039,89.82384490966797,81.6176986694336
2025-06-16,78.7361831665039,112.39555358886719,89.5666275024414,80.79518127441406
2025-06-17,78.77440643310547,112.67269897460938,90.00485229492188,81.77838134765625
2025-06-18,78.81263732910156,112.73003387451172,90.06201171875,81.92021942138672
2025-06-20,78.86996459960938,112.84471130371094,90.11917114257812,81.76893615722656
2025-06-23,78.9750747680664,113.15052032470703,90.43352508544922,82.0336685180664
2025-06-24,79.04196166992188,113.3798828125,90.7479019165039,82.6292724609375
2025-06-25,79.05152893066406,113.45633697509766,90.78600311279297,82.73328399658203
2025-06-26,79.14708709716797,113.73347473144531,91.10990142822266,83.1492691040039
2025-06-27,79.11839294433594,113.58057403564453,90.87174987792969,82.61982727050781
2025-06-30,79.17572784423828,113.80992126464844,91.23374938964844,83.4328842163086
2025-07-01,79.09329223632812,113.56266784667969,91.06459045410156,83.6397476196289
2025-07-02,79.08370971679688,113.46681213378906,90.87345886230469,83.10834503173828
2025-07-03,78.99742889404297,113.16970825195312,90.55809783935547,82.52948760986328
2025-07-07,78.97826385498047,113.06429290771484,90.2713851928711,81.74186706542969
2025-07-08,78.98785400390625,112.96843719482422,90.13760375976562,81.6374740600586
2025-07-09,79.05494689941406,113.29429626464844,90.60587310791016,82.49153900146484
2025-07-10,79.05494689941406,113.26553344726562,90.55809783935547,82.54846954345703
2025-07-11,79.03578186035156,113.04510498046875,90.13760375976562,81.40972900390625
2025-07-14,79.04535675048828,113.02594757080078,90.0993881225586,81.23893737792969
2025-07-15,78.96867370605469,112.75759887695312,89.74579620361328,80.66957092285156
2025-07-16,79.07411193847656,113.04510498046875,89.99425506591797,80.78343200683594
2025-07-17,79.04535675048828,112.97801971435547,89.96559143066406,80.76445007324219
2025-07-18,79.11246490478516,113.2176284790039,90.21406555175781,80.88782501220703
2025-07-21,79.160400390625,113.42847442626953,90.52942657470703,81.6090316772461
2025-07-22,79.21790313720703,113.60099029541016,90.7874526977539,82.10246276855469
2025-07-23,79.15080261230469,113.35179901123047,90.46253204345703,81.64697265625
2025-07-24,79.08370971679688,113.2176284790039,90.32875061035156,81.50463104248047
2025-07-25,79.13163757324219,113.35179901123047,90.53898620605469,82.0170669555664
2025-07-28,79.12203979492188,113.2559585571289,90.33827209472656,81.48565673828125
2025-07-29,79.18915557861328,113.61058807373047,90.93079376220703,82.86163330078125
2025-07-30,79.1028823852539,113.36138916015625,90.61544799804688,82.4345932006836
2025-07-31,79.1028823852539,113.39014434814453,90.69189453125,82.48204040527344
2025-08-01,79.49720001220703,114.40042114257812,91.73600769042969,83.65464782714844
2025-08-04,79.51642608642578,114.46772003173828,91.86063385009766,83.88327026367188
2025-08-05,79.4875717163086,114.37159729003906,91.79351806640625,84.14045715332031
2025-08-06,79.51642608642578,114.39080810546875,91.72640991210938,83.65464782714844
2025-08-07,79.47795104980469,114.32352447509766,91.65929412841797,83.51177978515625
2025-08-08,79.458740234375,114.13127899169922,91.44837188720703,83.14981079101562
2025-08-11,79.458740234375,114.15048217773438,91.47712707519531,83.24504852294922
2025-08-12,79.51642608642578,114.18896484375,91.45796203613281,82.8259048461914
2025-08-13,79.62222290039062,114.4869384765625,91.783935546875,83.51177978515625
2025-08-14,79.53564453125,114.24662017822266,91.48670959472656,82.89259338378906
2025-08-15,79.50680541992188,114.16010284423828,91.30455017089844,82.302001953125
2025-08-18,79.50680541992188,114.11204528808594,91.21825408935547,82.06387329101562
2025-08-19,79.54527282714844,114.27546691894531,91.44837188720703,82.54014587402344
2025-08-20,79.57413482666016,114.35236358642578,91.58258056640625,82.72113800048828
2025-08-21,79.50680541992188,114.13127899169922,91.31414031982422,82.31153869628906
2025-08-22,79.67992401123047,114.62153625488281,91.82229614257812,82.92118072509766
2025-08-25,79.64144897460938,114.49656677246094,91.64012908935547,82.68303680419922
2025-08-26,79.70877075195312,114.73689270019531,91.87980651855469,82.6353988647461
2025-08-27,79.76648712158203,114.90990447998047,92.05239868164062,82.54014587402344
2025-08-28,79.73763275146484,114.97720336914062,92.26333618164062,83.0831069946289
2025-08-29,79.8049545288086,115.0541000366211,92.18663024902344,82.49251556396484
2025-09-02,79.7644271850586,114.8593521118164,91.91152954101562,81.87864685058594
2025-09-03,79.82230377197266,115.05216217041016,92.22895050048828,82.77745056152344
2025-09-04,79.88018798828125,115.30282592773438,92.64257049560547,83.4085464477539
2025-09-05,79.99594116210938,115.60169219970703,93.09468078613281,84.68029022216797
2025-09-08,80.0442123413086,115.76557159423828,93.38326263427734,85.80858612060547
2025-09-09,79.97666931152344,115.58240509033203,93.1620101928711,85.32093048095703
2025-09-10,79.98631286621094,115.66918182373047,93.41211700439453,85.80858612060547
2025-09-11,80.01526641845703,115.69808959960938,93.55640411376953,86.38229370117188
2025-09-12,80.005615234375,115.5342025756836,93.28707885742188,86.0093765258789
2025-09-15,80.03456115722656,115.65953826904297,93.44096374511719,86.21019744873047
2025-09-16,80.07315063476562,115.74629974365234,93.4986801147461,86.3918685913086
2025-09-17,80.03456115722656,115.5438461303711,93.29666900634766,86.17194366455078
2025-09-18,80.005615234375,115.38959503173828,92.98886108398438,85.28268432617188
2025-09-19,80.03456115722656,115.37995910644531,92.95039367675781,85.1201171875
2025-09-22,79.99594116210938,115.2739028930664,92.79647827148438,84.81415557861328
2025-09-23,80.02490997314453,115.43779754638672,93.05620574951172,85.406982421875
2025-09-24,79.98631286621094,115.23534393310547,92.80609893798828,85.0818862915039
2025-09-25,79.91879272460938,115.01361083984375,92.60411834716797,85.0818862915039
2025-09-26,79.9670181274414,115.03288269042969,92.55601501464844,85.0053939819336
2025-09-29,79.99594116210938,115.17750549316406,92.8253402709961,85.70339965820312
2025-09-30,80.03456115722656,115.21605682373047,92.78685760498047,85.45480346679688
2025-10-01,80.12744903564453,115.51192474365234,93.09947967529297,85.67548370361328
2025-10-02,80.14679718017578,115.56026458740234,93.19595336914062,85.92496490478516
2025-10-03,80.1177749633789,115.39590454101562,93.01264190673828,85.76184844970703
2025-10-06,80.09841918945312,115.24119567871094,92.74247741699219,85.0805892944336
2025-10-07,80.13713073730469,115.42489624023438,92.97405242919922,85.5699462890625
2025-10-08,80.12744903564453,115.37655639648438,92.99333953857422,85.63710021972656
2025-10-09,80.1177749633789,115.33787536621094,92.9258041381836,85.5699462890625
2025-10-10,80.25326538085938,115.81165313720703,93.50473022460938,86.95164489746094
2025-10-13,80.40809631347656,115.91800689697266,93.55297088623047,86.9036865234375
2025-10-14,80.35003662109375,116.0823745727539,93.79418182373047,87.18194580078125
2025-10-15,80.31132507324219,115.98570251464844,93.68802642822266,86.99004364013672
2025-10-16,80.41778564453125,116.36278533935547,94.12223052978516,87.64250183105469
2025-10-17,80.40809631347656,116.19839477539062,93.96785736083984,87.5081787109375
2025-10-20,80.41778564453125,116.26607513427734,94.09327697753906,87.843994140625
2025-10-21,80.43714141845703,116.37244415283203,94.2669448852539,88.27579498291016
2025-10-22,80.43714141845703,116.39177703857422,94.28626251220703,88.33334350585938
2025-10-23,80.3790512084961,116.14039611816406,93.97750854492188,87.72885131835938
2025-10-24,80.42745971679688,116.21773529052734,94.06433868408203,87.76725006103516
2025-10-27,80.40809631347656,116.15006256103516,94.06433868408203,88.064697265625
2025-10-28,80.41778564453125,116.20806884765625,94.15116882324219,88.29496765136719
2025-10-29,80.26294708251953,115.72463989257812,93.54331970214844,87.40261840820312
2025-10-30,80.27262115478516,115.68595886230469,93.40824127197266,86.89408874511719
2025-10-31,80.3016586303711,115.78263854980469,93.44683837890625,86.635009765625
2025-11-03,80.3045654296875,115.74967193603516,93.4023208618164,86.41835021972656
2025-11-04,80.33368682861328,115.85635375976562,93.5184555053711,86.61094665527344
2025-11-05,80.27543640136719,115.53630065917969,93.0732192993164,85.6672134399414
2025-11-06,80.37251281738281,115.92424774169922,93.54749298095703,86.4375991821289
2025-11-07,80.4113540649414,115.99213409423828,93.58621215820312,86.25462341308594
2025-11-10,80.39192199707031,115.84664916992188,93.46037292480469,86.2353744506836
2025-11-11,80.45988464355469,116.10851287841797,93.75076293945312,86.63020324707031
2025-11-12,80.4307632446289,116.089111328125,93.77011108398438,86.7842788696289
2025-11-13,80.38220977783203,115.8951416015625,93.49910736083984,86.0716552734375
2025-11-14,80.4113540649414,115.81756591796875,93.34424591064453,85.58055114746094
2025-11-17,80.4016342163086,115.86605072021484,93.4507064819336,85.79239654541016
2025-11-18,80.4501724243164,116.04061889648438,93.6055679321289,85.76349639892578
2025-11-19,80.44046783447266,116.01152801513672,93.5378189086914,85.59015655517578
2025-11-20,80.50843048095703,116.20548248291016,93.76042938232422,85.9272232055664
2025-11-21,80.60551452636719,116.45764923095703,94.07015228271484,86.18722534179688
2025-11-24,80.61521911621094,116.51583099365234,94.21533966064453,86.67833709716797
2025-11-25,80.66375732421875,116.71949768066406,94.45732116699219,86.89983367919922
2025-11-26,80.65404510498047,116.73889923095703,94.53475189208984,87.28502655029297
2025-11-28,80.65404510498047,116.63221740722656,94.37020111083984,86.87094116210938
2025-12-01,80.58491516113281,116.29178619384766,93.86347198486328,85.78951263427734
2025-12-02,80.63359069824219,116.38905334472656,93.94111633300781,85.82816314697266
2025-12-03,80.68228149414062,116.52523803710938,94.13528442382812,86.06976318359375
2025-12-04,80.62386322021484,116.32096862792969,93.84404754638672,85.60588836669922
2025-12-05,80.59464263916016,116.1556167602539,93.64990234375,85.20965576171875
2025-12-08,80.57518005371094,115.98053741455078,93.45574188232422,84.92938995361328
2025-12-09,80.53622436523438,115.85409545898438,93.31983947753906,85.01637268066406
2025-12-10,80.67254638671875,116.16535949707031,93.62078857421875,85.34495544433594
2025-12-11,80.68228149414062,116.2042465209961,93.6304702758789,85.22898864746094
2025-12-12,80.6920166015625,116.09725189208984,93.37808227539062,84.40752410888672
2025-12-15,80.7406997680664,116.18479919433594,93.45574188232422,84.46551513671875
2025-12-16,80.7796630859375,116.38905334472656,93.71785736083984,84.92938995361328
2025-12-17,80.78939819335938,116.38905334472656,93.69843292236328,84.85208129882812
2025-12-18,80.84782409667969,116.57386016845703,93.94111633300781,85.25798797607422
2025-12-19,80.83317565917969,116.438232421875,93.72978973388672,84.93976593017578
2025-12-22,80.79409790039062,116.3406753540039,93.63239288330078,84.75541687011719
2025-12-23,80.7550277709961,116.23333740234375,93.59344482421875,84.89124298095703
2025-12-24,80.80386352539062,116.40896606445312,93.8369140625,85.40543365478516
2025-12-26,80.86247253417969,116.5553207397461,93.9245834350586,85.12409210205078
2025-12-29,80.90154266357422,116.68215942382812,94.06092071533203,85.44425201416016
2025-12-30,80.92107391357422,116.65288543701172,93.9635238647461,85.24051666259766
2025-12-31,80.89176940917969,116.44799041748047,93.65187072753906,84.56138610839844
2026-01-02,80.93083953857422,116.41871643066406,93.57394409179688,84.43526458740234
2026-01-05,80.96014404296875,116.61385345458984,93.85639190673828,84.8524398803711
2026-01-06,80.96990966796875,116.6041030883789,93.78822326660156,84.67781066894531
2026-01-07,80.96014404296875,116.66263580322266,93.9635238647461,85.172607421875
2026-01-08,80.93083953857422,116.46749877929688,93.68109130859375,84.74571990966797
2026-01-09,80.90154266357422,116.42847442626953,93.78822326660156,85.30841827392578
2026-01-12,80.90154266357422,116.37968444824219,93.67135620117188,85.05618286132812
2026-01-13,80.92107391357422,116.50655364990234,93.78822326660156,85.20169830322266
2026-01-14,80.94060516357422,116.61385345458984,93.98300170898438,85.69650268554688
2026-01-15,80.88200378417969,116.38945007324219,93.78822326660156,85.67709350585938
2026-01-16,80.86247253417969,116.1845703125,93.4278793334961,85.18230438232422
2026-01-20,80.87223052978516,116.0284423828125,93.05779266357422,84.06659698486328
2026-01-21,80.91129302978516,116.16505432128906,93.30126953125,84.70690155029297
2026-01-22,80.88200378417969,116.09674072265625,93.2915267944336,85.0755844116211
2026-01-23,80.91129302978516,116.20407104492188,93.44734191894531,85.30841827392578
2026-01-26,80.94060516357422,116.28211975097656,93.58368682861328,85.71590423583984
2026-01-27,80.96014404296875,116.29188537597656,93.47657012939453,85.18230438232422
2026-01-28,80.96014404296875,116.24309539794922,93.3986587524414,84.98826599121094
2026-01-29,80.98943328857422,116.36993408203125,93.49604797363281,85.0076675415039
2026-01-30,81.05780792236328,116.44799041748047,93.43760681152344,84.53227233886719
2026-02-02,81.01861572265625,116.28845977783203,93.25391387939453,84.29075622558594
2026-02-03,81.00883483886719,116.32762908935547,93.34186553955078,84.49527740478516
2026-02-04,81.04801177978516,116.32762908935547,93.32230377197266,84.28101348876953
2026-02-05,81.17536926269531,116.81696319580078,93.8694839477539,85.19647979736328
2026-02-06,81.17536926269531,116.76802825927734,93.8694839477539,85.2549057006836
2026-02-09,81.1949691772461,116.8365249633789,93.88903045654297,85.23542785644531
2026-02-10,81.24394989013672,117.09098815917969,94.29940795898438,86.21907806396484
2026-02-11,81.16557312011719,116.85610961914062,94.03559112548828,85.7613296508789
2026-02-12,81.24394989013672,117.26715850830078,94.61207580566406,86.90080261230469
2026-02-13,81.37129974365234,117.58033752441406,94.9833755493164,87.37800598144531
2026-02-17,81.34191131591797,117.5216293334961,94.97360229492188,87.52410125732422
2026-02-18,81.29293060302734,117.36502075195312,94.77818298339844,87.19297790527344
2026-02-19,81.29293060302734,117.4041748046875,94.86610412597656,87.28063201904297
2026-02-20,81.30272674560547,117.46289825439453,94.86610412597656,87.07611083984375
2026-02-23,81.37129974365234,117.76629638671875,95.2081069946289,87.3974838256836
2026-02-24,81.37129974365234,117.70756530761719,95.18856048583984,87.55331420898438
2026-02-25,81.35171508789062,117.60969543457031,95.11039733886719,87.56305694580078
2026-02-26,81.38109588623047,117.81522369384766,95.36443328857422,87.91365051269531
2026-02-27,81.48886108398438,118.14798736572266,95.7455062866211,88.44929504394531
2026-03-02,81.34446716308594,117.64845275878906,95.17029571533203,87.56108093261719
2026-03-03,81.33464813232422,117.58958435058594,95.06250762939453,87.38519287109375
2026-03-04,81.28553771972656,117.3736801147461,94.86650848388672,87.1115951538086
2026-03-05,81.22659301757812,117.17739868164062,94.57254791259766,86.75982666015625
2026-03-06,81.26588439941406,117.18721008300781,94.51373291015625,86.43737030029297
2026-03-09,81.30517578125,117.3736801147461,94.8077163696289,87.18975830078125
2026-03-10,81.25606536865234,117.15776062011719,94.50395202636719,86.26148223876953
2026-03-11,81.17748260498047,116.88298034667969,94.07278442382812,85.14755249023438
2026-03-12,81.03995513916016,116.51004791259766,93.76900482177734,84.98143768310547
2026-03-13,81.08907318115234,116.53949737548828,93.67100524902344,84.56127166748047
2026-03-16,81.18730163574219,116.87316131591797,94.09236907958984,85.21595764160156
2026-03-17,81.1971206665039,116.95167541503906,94.25896453857422,85.45046997070312
2026-03-18,81.04978942871094,116.53949737548828,93.82779693603516,84.9716567993164
2026-03-19,81.0301284790039,116.51004791259766,93.81798553466797,85.48954772949219
2026-03-20,80.85331726074219,115.88197326660156,92.97525787353516,83.86750030517578
2026-03-23,80.97119140625,116.1567611694336,93.26922607421875,84.41470336914062
2026-03-24,80.85331726074219,115.81327056884766,92.95565795898438,84.04339599609375
2026-03-25,80.94172668457031,116.17637634277344,93.44563293457031,84.85440826416016
2026-03-26,80.7649154663086,115.54829406738281,92.69107055664062,84.14109802246094
2026-03-27,80.9319076538086,115.76419830322266,92.70088195800781,83.68184661865234
2026-03-30,81.03995513916016,116.22544860839844,93.35742950439453,84.79579162597656
2026-03-31,81.10871887207031,116.39228057861328,93.52400970458984,84.70784759521484
2026-04-01,81.10575866699219,116.29483795166016,93.4424057006836,84.62445831298828
2026-04-02,81.14517211914062,116.44248962402344,93.6587142944336,85.1444091796875
2026-04-06,81.06633758544922,116.2259292602539,93.41291809082031,85.0070571899414
2026-04-07,81.12545776367188,116.44248962402344,93.64888000488281,84.99724578857422
2026-04-08,81.20427703857422,116.63937377929688,93.85536193847656,85.27193450927734
2026-04-09,81.22399139404297,116.6590576171875,93.82586669921875,85.05610656738281
2026-04-10,81.19442749023438,116.57044982910156,93.66854095458984,84.85008239746094
2026-04-13,81.25354766845703,116.7181167602539,93.87501525878906,85.10516357421875
2026-04-14,81.31266021728516,116.9642105102539,94.1798095703125,85.55644226074219
2026-04-15,81.29296112060547,116.81655883789062,93.97334289550781,85.18365478515625
2026-04-16,81.26339721679688,116.7181167602539,93.80619812011719,84.64407348632812
2026-04-17,81.4210433959961,117.16108703613281,94.31745147705078,85.41909790039062
2026-04-20,81.38162994384766,117.0626449584961,94.22895812988281,85.39946746826172
2026-04-21,81.26339721679688,116.67874145507812,93.81602478027344,84.92857360839844
2026-04-22,81.30281066894531,116.77718353271484,93.91434478759766,85.09535217285156
2026-04-23,81.26339721679688,116.63937377929688,93.7668685913086,84.9089584350586
2026-04-24,81.3520736694336,116.83623504638672,93.95366668701172,85.06591796875
2026-04-27,81.3323745727539,116.7181167602539,93.73736572265625,84.64407348632812
2026-04-28,81.2831039428711,116.59015655517578,93.64888000488281,84.73236846923828
2026-04-29,81.17472839355469,116.19639587402344,93.2064437866211,84.07506561279297
2026-04-30,81.26339721679688,116.38343811035156,93.3834228515625,83.99658966064453
2026-05-01,81.2762451171875,116.42292022705078,93.4544448852539,84.29690551757812
2026-05-04,81.17744445800781,116.15632629394531,93.10919189453125,83.65687561035156
2026-05-05,81.21695709228516,116.21556854248047,93.2472915649414,84.11967468261719
2026-05-06,81.3256607055664,116.57102966308594,93.7109146118164,84.75970458984375
2026-05-07,81.2564926147461,116.38343811035156,93.42485046386719,84.33629608154297
2026-05-08,81.3256607055664,116.5611572265625,93.67147064208984,84.75970458984375
2026-05-11,81.2466049194336,116.31431579589844,93.35579681396484,84.24767303466797
2026-05-12,81.18732452392578,116.04771423339844,93.04014587402344,83.68641662597656
2026-05-13,81.21695709228516,116.09709167480469,93.04014587402344,83.49932861328125
2026-05-14,81.18732452392578,115.97859954833984,92.98096466064453,83.61749267578125
2026-05-15,81.08849334716797,115.47502899169922,92.24114990234375,82.37682342529297
2026-05-18,81.1280288696289,115.46515655517578,92.2016830444336,82.2783432006836
2026-05-19,81.06873321533203,115.19855499267578,91.84656524658203,81.74663543701172
2026-05-20,81.17744445800781,115.66262817382812,92.46800994873047,82.62297821044922
2026-05-21,81.16755676269531,115.68238830566406,92.52720642089844,82.92823028564453
2026-05-22,81.14778900146484,115.66262817382812,92.60611724853516,83.38117218017578
2026-05-26,81.23670959472656,115.95885467529297,93.00069427490234,83.79472351074219
2026-05-27,81.2466049194336,115.99835205078125,93.04014587402344,83.99166870117188
2026-05-28,81.28612518310547,116.12670135498047,93.25716400146484,84.42491149902344
2026-05-29,81.3256607055664,116.25505828857422,93.36566925048828,84.44461059570312
2026-06-01,81.27908325195312,116.11540985107422,93.20433807373047,84.4900894165039
2026-06-02,81.27908325195312,116.10549926757812,93.27362060546875,84.66801452636719
2026-06-03,81.23943328857422,115.9569320678711,93.03607940673828,84.33191680908203
2026-06-04,81.29889678955078,116.06587982177734,93.15486145019531,84.51973724365234
2026-06-05,81.13041687011719,115.62015533447266,92.65998077392578,84.08477783203125
2026-06-08,81.1700668334961,115.60034942626953,92.56099700927734,83.64982604980469
2026-06-09,81.20970153808594,115.77864074707031,92.8183364868164,84.14409637451172
2026-06-10,81.20970153808594,115.739013671875,92.72926330566406,83.90684509277344
2026-06-11,81.35836791992188,116.23426055908203,93.37259674072266,84.9942398071289
2026-06-12,81.33854675292969,116.09558868408203,93.21424102783203,84.78663635253906
2026-06-15,81.37818908691406,116.22434997558594,93.31321716308594,84.73721313476562
2026-06-16,81.39801025390625,116.37293243408203,93.55075073242188,85.20182800292969
2026-06-17,81.15023040771484,115.78854370117188,93.05587005615234,85.34022521972656
2026-06-18,81.25926208496094,116.07579040527344,93.39238739013672,85.75540924072266
2026-06-22,81.17997741699219,115.808349609375,93.03607940673828,85.10297393798828
2026-06-23,81.23943328857422,115.9569320678711,93.15486145019531,85.21170806884766
2026-06-24,81.33854675292969,116.3531265258789,93.75859832763672,86.37818145751953
2026-06-25,81.35836791992188,116.4521713256836,93.81798553466797,86.34852600097656
2026-06-26,81.45747375488281,116.68988800048828,94.0555191040039,86.35841369628906
2026-06-29,81.4376449584961,116.66017150878906,94.085205078125,86.44738006591797
2026-06-30,81.37818908691406,116.33331298828125,93.6002426147461,85.42918395996094
2026-07-01,81.34637451171875,116.19719696044922,93.37284088134766,84.85173797607422
2026-07-02,81.44578552246094,116.35616302490234,93.46221160888672,84.8418197631836
2026-07-06,81.48554229736328,116.4455795288086,93.52178955078125,84.78227996826172
2026-07-07,81.36626434326172,116.08789825439453,93.04513549804688,83.88932037353516
2026-07-08,81.34637451171875,115.9289321899414,92.85647583007812,83.7008056640625
2026-07-09,81.41596221923828,116.08789825439453,93.0550765991211,83.82978057861328
2026-07-10,81.38613891601562,116.01834869384766,92.97563171386719,83.80994415283203
2026-07-13,81.29668426513672,115.70040893554688,92.63800811767578,83.31385040283203
2026-07-14,81.43583679199219,115.98854064941406,92.89619445800781,83.4229965209961
2026-07-15,81.50541687011719,116.22700500488281,93.12458801269531,83.58174133300781
2026-07-16,81.50541687011719,116.19719696044922,93.06500244140625,83.55197143554688
2026-07-17,81.49547576904297,116.22700500488281,93.18416595458984,83.85954284667969
2026-07-20,81.46566009521484,116.0084228515625,92.88626861572266,83.2344741821289
2026-07-21,81.39608001708984,115.79977416992188,92.65786743164062,83.00627899169922
2026-07-22,81.33644104003906,115.61099243164062,92.44933319091797,82.7879867553711
2026-07-23,81.27680206298828,115.41227722167969,92.20108032226562,82.52009582519531
2026-07-24,81.3563232421875,115.58118438720703,92.37982940673828,82.59947204589844
2026-07-27,81.37620544433594,115.7103500366211,92.62808227539062,83.09556579589844
2026-07-28,81.44578552246094,115.9289321899414,92.90612030029297,83.58174133300781
2026-07-29,81.49547576904297,115.81964111328125,92.51884460449219,82.20259857177734
2026-07-30,81.5153579711914,115.88919067382812,92.55856323242188,82.15299224853516
2026-07-31,81.50541687011719,115.730224609375,92.30037689208984,81.60728454589844
2026-08-03,81.52635192871094,115.84883880615234,92.48770904541016,81.87625885009766
2026-08-04,81.62606048583984,116.18775177001953,92.91617584228516,82.50385284423828
2026-08-05,81.65596771240234,116.23759460449219,92.9759521484375,82.68316650390625
2026-08-06,81.55626678466797,115.95848846435547,92.61724090576172,82.20499420166016
2026-08-07,81.6759033203125,116.17778778076172,92.83645629882812,82.44408416748047
2026-08-10,81.6160888671875,115.87873840332031,92.42793273925781,81.74674987792969
2026-08-11,81.62606048583984,115.97842407226562,92.53753662109375,81.87625885009766
2026-08-12,81.6759033203125,116.08807373046875,92.62721252441406,81.79656219482422
2026-08-13,81.78557586669922,116.39707946777344,92.96599578857422,82.27472686767578
2026-08-14,81.75566864013672,116.2176513671875,92.70692443847656,81.7268295288086
2026-08-17,81.75566864013672,116.14787292480469,92.50763702392578,81.03946685791016
2026-08-18,81.77560424804688,116.20768737792969,92.59732055664062,81.3482894897461
2026-08-19,81.81549072265625,116.37714385986328,93.04570770263672,82.70308685302734
2026-08-20,81.77560424804688,116.17778778076172,92.66706848144531,82.02568054199219
2026-08-21,81.75566864013672,116.03823852539062,92.48770904541016,81.7367935180664
2026-08-24,81.75566864013672,116.12794494628906,92.67703247070312,82.24484252929688
2026-08-25,81.83543395996094,116.4867935180664,93.17524719238281,83.15137481689453
2026-08-26,81.80552673339844,116.32730102539062,92.98592376708984,82.98202514648438
2026-08-27,81.7955551147461,116.22762298583984,92.89624786376953,82.81266784667969
2026-08-28,81.64599609375,115.81893920898438,92.5176010131836,82.5636215209961
2026-08-31,81.64599609375,115.79899597167969,92.40799713134766,82.20499420166016
2026-09-01,81.58999633789062,115.52999877929688,92.0999984741211,81.87000274658203
2026-09-02,81.63999938964844,115.62999725341797,92.18000030517578,81.94999694824219
2026-09-03,81.70999908447266,115.70999908447266,92.27999877929688,82.06999969482422
2026-09-04,81.69000244140625,115.66000366210938,92.25,82.20999908447266
