Date,NTSG.L,URTH,ACWI
2008-03-28,,,35.438724517822266
2008-03-31,,,34.88699722290039
2008-04-01,,,35.82777786254883
2008-04-02,,,36.22390365600586
2008-04-03,,,36.429039001464844
2008-04-04,,,36.40782165527344
2008-04-07,,,36.62001037597656
2008-04-08,,,36.84638214111328
2008-04-09,,,36.16023254394531
2008-04-10,,,36.16023254394531
2008-04-11,,,35.5872802734375
2008-04-14,,,35.7287483215332
2008-04-15,,,35.82777786254883
2008-04-16,,,36.31584548950195
2008-04-17,,,36.8039436340332
2008-04-18,,,37.20712661743164
2008-04-21,,,37.376895904541016
2008-04-22,,,37.03736114501953
2008-04-23,,,37.12931442260742
2008-04-24,,,37.14347839355469
2008-04-25,,,37.292015075683594
2008-04-28,,,37.59617614746094
2008-04-29,,,37.16469192504883
2008-04-30,,,37.666908264160156
2008-05-01,,,37.55373764038086
2008-05-02,,,37.787174224853516
2008-05-05,,,37.89326858520508
2008-05-06,,,38.14791488647461
2008-05-07,,,37.51129913330078
2008-05-08,,,37.63861083984375
2008-05-09,,,37.47593307495117
2008-05-12,,,37.85790252685547
2008-05-13,,,37.90034484863281
2008-05-14,,,37.985225677490234
2008-05-15,,,38.388431549072266
2008-05-16,,,38.71380615234375
2008-05-19,,,38.69965744018555
2008-05-20,,,38.31768798828125
2008-05-21,,,38.05596160888672
2008-05-22,,,38.112548828125
2008-05-23,,,37.51836013793945
2008-05-27,,,37.80839157104492
2008-05-28,,,37.80131149291992
2008-05-29,,,38.03474426269531
2008-05-30,,,37.99229431152344
2008-06-02,,,37.7022819519043
2008-06-03,,,37.6103401184082
2008-06-04,,,37.22834777832031
2008-06-05,,,38.027671813964844
2008-06-06,,,37.023223876953125
2008-06-09,,,36.7968635559082
2008-06-10,,,36.43610382080078
2008-06-11,,,35.9975471496582
2008-06-12,,,36.01877212524414
2008-06-13,,,36.26634216308594
2008-06-16,,,36.5068473815918
2008-06-17,,,36.4997673034668
2008-06-18,,,36.23805236816406
2008-06-19,,,35.75704574584961
2008-06-20,,,35.502384185791016
2008-06-23,,,35.62263107299805
2008-06-24,,,35.26896667480469
2008-06-25,,,35.650943756103516
2008-06-26,,,34.75965881347656
2008-06-27,,,34.82332992553711
2008-06-30,,,34.95772171020508
2008-07-01,,,34.68892288208008
2008-07-02,,,34.144256591796875
2008-07-03,,,34.002784729003906
2008-07-07,,,34.13719177246094
2008-07-08,,,34.03816223144531
2008-07-09,,,33.96033477783203
2008-07-10,,,33.847171783447266
2008-07-11,,,33.5995979309082
2008-07-14,,,33.4651985168457
2008-07-15,,,33.118587493896484
2008-07-16,,,33.43690872192383
2008-07-17,,,33.882545471191406
2008-07-18,,,33.91082000732422
2008-07-21,,,34.05936813354492
2008-07-22,,,34.04522705078125
2008-07-23,,,34.50501251220703
2008-07-24,,,33.77642059326172
2008-07-25,,,33.76936721801758
2008-07-28,,,33.36616516113281
2008-07-29,,,33.74106216430664
2008-07-30,,,33.93912124633789
2008-07-31,,,33.854244232177734
2008-08-01,,,33.45812225341797
2008-08-04,,,33.118587493896484
2008-08-05,,,33.65618133544922
2008-08-06,,,34.03816223144531
2008-08-07,,,33.387386322021484
2008-08-08,,,33.762290954589844
2008-08-11,,,33.81180953979492
2008-08-12,,,33.550079345703125
2008-08-13,,,33.387386322021484
2008-08-14,,,33.41568374633789
2008-08-15,,,33.28128433227539
2008-08-18,,,32.97711944580078
2008-08-19,,,32.56684112548828
2008-08-20,,,32.75783157348633
2008-08-21,,,33.09030532836914
2008-08-22,,,33.20347595214844
2008-08-25,,,32.64466094970703
2008-08-26,,,32.80027770996094
2008-08-27,,,33.03370666503906
2008-08-28,,,33.4439811706543
2008-08-29,,,33.288360595703125
2008-09-02,,,32.83564758300781
2008-09-03,,,32.3829345703125
2008-09-04,,,31.52703094482422
2008-09-05,,,31.406770706176758
2008-09-08,,,31.746313095092773
2008-09-09,,,30.83382225036621
2008-09-10,,,31.293609619140625
2008-09-11,,,31.27237892150879
2008-09-12,,,31.640199661254883
2008-09-15,,,30.147676467895508
2008-09-16,,,30.366952896118164
2008-09-17,,,29.058340072631836
2008-09-18,,,30.204267501831055
2008-09-19,,,31.887788772583008
2008-09-22,,,31.208724975585938
2008-09-23,,,30.536725997924805
2008-09-24,,,30.522581100463867
2008-09-25,,,31.24408531188965
2008-09-26,,,31.081396102905273
2008-09-29,,,28.174144744873047
2008-09-30,,,29.206886291503906
2008-10-01,,,29.327138900756836
2008-10-02,,,28.09633445739746
2008-10-03,,,27.587034225463867
2008-10-06,,,26.172317504882812
2008-10-07,,,25.005163192749023
2008-10-08,,,24.467573165893555
2008-10-09,,,22.946748733520508
2008-10-10,,,22.45160675048828
2008-10-13,,,25.238601684570312
2008-10-14,,,25.07590675354004
2008-10-15,,,22.685029983520508
2008-10-16,,,23.562162399291992
2008-10-17,,,23.187257766723633
2008-10-20,,,24.52416229248047
2008-10-21,,,23.477270126342773
2008-10-22,,,21.765460968017578
2008-10-23,,,21.899858474731445
2008-10-24,,,20.94492530822754
2008-10-27,,,19.94047737121582
2008-10-28,,,22.06962776184082
2008-10-29,,,22.430383682250977
2008-10-30,,,23.49142074584961
2008-10-31,,,23.830957412719727
2008-11-03,,,23.696556091308594
2008-11-04,,,24.976877212524414
2008-11-05,,,23.661184310913086
2008-11-06,,,22.112071990966797
2008-11-07,,,23.208478927612305
2008-11-10,,,22.96797752380371
2008-11-11,,,22.373796463012695
2008-11-12,,,21.150060653686523
2008-11-13,,,22.635513305664062
2008-11-14,,,21.46129608154297
2008-11-17,,,21.220800399780273
2008-11-18,,,21.022733688354492
2008-11-19,,,19.898033142089844
2008-11-20,,,18.582345962524414
2008-11-21,,,19.685827255249023
2008-11-24,,,21.121767044067383
2008-11-25,,,21.150060653686523
2008-11-26,,,21.673503875732422
2008-11-28,,,21.744247436523438
2008-12-01,,,19.90511131286621
2008-12-02,,,20.867116928100586
2008-12-03,,,21.100547790527344
2008-12-04,,,20.718568801879883
2008-12-05,,,21.0651798248291
2008-12-08,,,21.914012908935547
2008-12-09,,,21.652286529541016
2008-12-10,,,22.246469497680664
2008-12-11,,,22.020109176635742
2008-12-12,,,22.15451431274414
2008-12-15,,,22.03426170349121
2008-12-16,,,23.286287307739258
2008-12-17,,,23.166038513183594
2008-12-18,,,22.338422775268555
2008-12-19,,,22.366718292236328
2008-12-22,,,22.02718734741211
2008-12-23,,,21.730098724365234
2008-12-24,,,21.89278793334961
2008-12-26,,,22.055479049682617
2008-12-29,,,21.92108917236328
2008-12-30,,,22.57892608642578
2008-12-31,,,22.932605743408203
2009-01-02,,,23.434837341308594
2009-01-05,,,23.328731536865234
2009-01-06,,,23.625823974609375
2009-01-07,,,22.975048065185547
2009-01-08,,,22.98919677734375
2009-01-09,,,22.395017623901367
2009-01-12,,,21.878643035888672
2009-01-13,,,21.65936279296875
2009-01-14,,,20.93077850341797
2009-01-15,,,21.036882400512695
2009-01-16,,,21.206649780273438
2009-01-20,,,19.78485679626465
2009-01-21,,,20.66197967529297
2009-01-22,,,20.18098258972168
2009-01-23,,,20.272933959960938
2009-01-26,,,20.52758026123047
2009-01-27,,,20.852968215942383
2009-01-28,,,21.6027774810791
2009-01-29,,,20.697349548339844
2009-01-30,,,20.322446823120117
2009-02-02,,,20.294153213500977
2009-02-03,,,20.704418182373047
2009-02-04,,,20.753942489624023
2009-02-05,,,20.99444007873535
2009-02-06,,,21.560331344604492
2009-02-09,,,21.574478149414062
2009-02-10,,,20.584169387817383
2009-02-11,,,20.718568801879883
2009-02-12,,,20.761011123657227
2009-02-13,,,20.499290466308594
2009-02-17,,,19.523134231567383
2009-02-18,,,19.388736724853516
2009-02-19,,,19.233112335205078
2009-02-20,,,18.992612838745117
2009-02-23,,,18.370136260986328
2009-02-24,,,19.04212760925293
2009-02-25,,,18.723817825317383
2009-02-26,,,18.554048538208008
2009-02-27,,,18.348915100097656
2009-03-02,,,17.323244094848633
2009-03-03,,,17.252506256103516
2009-03-04,,,17.945720672607422
2009-03-05,,,17.224214553833008
2009-03-06,,,17.1888484954834
2009-03-09,,,16.927122116088867
2009-03-10,,,17.995237350463867
2009-03-11,,,18.073040008544922
2009-03-12,,,18.688447952270508
2009-03-13,,,18.7945499420166
2009-03-16,,,18.893587112426758
2009-03-17,,,19.466548919677734
2009-03-18,,,19.883882522583008
2009-03-19,,,19.763633728027344
2009-03-20,,,19.445322036743164
2009-03-23,,,20.93077850341797
2009-03-24,,,20.36488914489746
2009-03-25,,,20.626609802246094
2009-03-26,,,21.079328536987305
2009-03-27,,,20.442697525024414
2009-03-30,,,19.664608001708984
2009-03-31,,,20.03950309753418
2009-04-01,,,20.51343536376953
2009-04-02,,,21.33397674560547
2009-04-03,,,21.517892837524414
2009-04-06,,,21.29861068725586
2009-04-07,,,20.81760597229004
2009-04-08,,,21.029809951782227
2009-04-09,,,21.751317977905273
2009-04-13,,,22.076702117919922
2009-04-14,,,21.779611587524414
2009-04-15,,,21.899858474731445
2009-04-16,,,22.211105346679688
2009-04-17,,,22.15451431274414
2009-04-20,,,21.249095916748047
2009-04-21,,,21.673503875732422
2009-04-22,,,21.517892837524414
2009-04-23,,,21.92108917236328
2009-04-24,,,22.366718292236328
2009-04-27,,,21.97059440612793
2009-04-28,,,21.914012908935547
2009-04-29,,,22.423307418823242
2009-04-30,,,22.600149154663086
2009-05-01,,,22.727474212646484
2009-05-04,,,23.774364471435547
2009-05-05,,,23.597522735595703
2009-05-06,,,24.09975242614746
2009-05-07,,,23.724849700927734
2009-05-08,,,24.495880126953125
2009-05-11,,,23.915836334228516
2009-05-12,,,24.036087036132812
2009-05-13,,,23.272144317626953
2009-05-14,,,23.498498916625977
2009-05-15,,,23.328731536865234
2009-05-18,,,24.135114669799805
2009-05-19,,,24.234149932861328
2009-05-20,,,24.30489158630371
2009-05-21,,,23.986568450927734
2009-05-22,,,24.05730628967285
2009-05-26,,,24.58075523376465
2009-05-27,,,24.170488357543945
2009-05-28,,,24.488798141479492
2009-05-29,,,24.969802856445312
2009-06-01,,,25.542762756347656
2009-06-02,,,25.563983917236328
2009-06-03,,,25.068830490112305
2009-06-04,,,25.288118362426758
2009-06-05,,,25.146650314331055
2009-06-08,,,25.111270904541016
2009-06-09,,,25.365922927856445
2009-06-10,,,25.3305606842041
2009-06-11,,,25.65594482421875
2009-06-12,,,25.620567321777344
2009-06-15,,,24.807117462158203
2009-06-16,,,24.488798141479492
2009-06-17,,,24.3897762298584
2009-06-18,,,24.45343589782715
2009-06-19,,,24.587827682495117
2009-06-22,,,23.8521785736084
2009-06-23,,,23.942012786865234
2009-06-24,,,24.05608558654785
2009-06-25,,,24.690649032592773
2009-06-26,,,24.612215042114258
2009-06-29,,,24.79046058654785
2009-06-30,,,24.590831756591797
2009-07-01,,,24.925935745239258
2009-07-02,,,24.170169830322266
2009-07-06,,,24.148775100708008
2009-07-07,,,23.6639461517334
2009-07-08,,,23.599781036376953
2009-07-09,,,23.806549072265625
2009-07-10,,,23.606914520263672
2009-07-13,,,24.006181716918945
2009-07-14,,,24.198684692382812
2009-07-15,,,25.061399459838867
2009-07-16,,,25.268159866333008
2009-07-17,,,25.268159866333008
2009-07-20,,,25.760128021240234
2009-07-21,,,25.874202728271484
2009-07-22,,,25.781509399414062
2009-07-23,,,26.41606330871582
2009-07-24,,,26.5301513671875
2009-07-27,,,26.601442337036133
2009-07-28,,,26.44459342956543
2009-07-29,,,26.24494743347168
2009-07-30,,,26.76542854309082
2009-07-31,,,26.908029556274414
2009-08-03,,,27.549705505371094
2009-08-04,,,27.485546112060547
2009-08-05,,,27.407119750976562
2009-08-06,,,27.22174072265625
2009-08-07,,,27.428508758544922
2009-08-10,,,27.22174072265625
2009-08-11,,,26.979326248168945
2009-08-12,,,27.28590965270996
2009-08-13,,,27.606746673583984
2009-08-14,,,27.357202529907227
2009-08-17,,,26.487367630004883
2009-08-18,,,26.7939510345459
2009-08-19,,,27.093399047851562
2009-08-20,,,27.357202529907227
2009-08-21,,,27.90620231628418
2009-08-24,,,27.90620231628418
2009-08-25,,,28.02741050720215
2009-08-26,,,27.934730529785156
2009-08-27,,,28.02741050720215
2009-08-28,,,28.02741050720215
2009-08-31,,,27.706571578979492
2009-09-01,,,27.121915817260742
2009-09-02,,,27.14331817626953
2009-09-03,,,27.364337921142578
2009-09-04,,,27.749351501464844
2009-09-08,,,28.191404342651367
2009-09-09,,,28.469459533691406
2009-09-10,,,28.790300369262695
2009-09-11,,,28.754663467407227
2009-09-14,,,28.818822860717773
2009-09-15,,,28.93290901184082
2009-09-16,,,29.46051597595215
2009-09-17,,,29.37494659423828
2009-09-18,,,29.410606384277344
2009-09-21,,,29.161056518554688
2009-09-22,,,29.5032901763916
2009-09-23,,,29.161056518554688
2009-09-24,,,28.847347259521484
2009-09-25,,,28.69761085510254
2009-09-28,,,29.068368911743164
2009-09-29,,,29.08976173400879
2009-09-30,,,29.054107666015625
2009-10-01,,,28.298341751098633
2009-10-02,,,28.070188522338867
2009-10-05,,,28.519365310668945
2009-10-06,,,29.004209518432617
2009-10-07,,,29.09688377380371
2009-10-08,,,29.474763870239258
2009-10-09,,,29.51042366027832
2009-10-12,,,29.5032901763916
2009-10-13,,,29.524673461914062
2009-10-14,,,30.130720138549805
2009-10-15,,,30.244789123535156
2009-10-16,,,29.96673583984375
2009-10-19,,,30.294708251953125
2009-10-20,,,30.102191925048828
2009-10-21,,,29.96673583984375
2009-10-22,,,30.273311614990234
2009-10-23,,,29.752838134765625
2009-10-26,,,29.424861907958984
2009-10-27,,,29.28225326538086
2009-10-28,,,28.433822631835938
2009-10-29,,,29.28225326538086
2009-10-30,,,28.269824981689453
2009-11-02,,,28.583534240722656
2009-11-03,,,28.547889709472656
2009-11-04,,,28.92576789855957
2009-11-05,,,29.37494659423828
2009-11-06,,,29.43198585510254
2009-11-09,,,30.23053741455078
2009-11-10,,,30.144981384277344
2009-11-11,,,30.266185760498047
2009-11-12,,,29.859786987304688
2009-11-13,,,30.15923309326172
2009-11-16,,,30.6583251953125
2009-11-17,,,30.572769165039062
2009-11-18,,,30.59415626525879
2009-11-19,,,29.95960235595703
2009-11-20,,,29.859786987304688
2009-11-23,,,30.323213577270508
2009-11-24,,,30.19487953186035
2009-11-25,,,30.494338989257812
2009-11-27,,,29.7670841217041
2009-11-30,,,29.795610427856445
2009-12-01,,,30.437299728393555
2009-12-02,,,30.579898834228516
2009-12-03,,,30.33034896850586
2009-12-04,,,30.46581268310547
2009-12-07,,,30.33034896850586
2009-12-08,,,29.902565002441406
2009-12-09,,,29.81698989868164
2009-12-10,,,30.03089141845703
2009-12-11,,,30.102191925048828
2009-12-14,,,30.301830291748047
2009-12-15,,,30.05942153930664
2009-12-16,,,30.251920700073242
2009-12-17,,,29.7670841217041
2009-12-18,,,29.84552574157715
2009-12-21,,,30.016637802124023
2009-12-22,,,30.2032527923584
2009-12-23,,,30.375513076782227
2009-12-24,,,30.49753761291504
2009-12-28,,,30.49753761291504
2009-12-29,,,30.583662033081055
2009-12-30,,,30.40423583984375
2009-12-31,,,30.35399055480957
2010-01-04,,,30.97843360900879
2010-01-05,,,31.236825942993164
2010-01-06,,,31.229637145996094
2010-01-07,,,31.078914642333984
2010-01-08,,,31.2727108001709
2010-01-11,,,31.473684310913086
2010-01-12,,,31.078914642333984
2010-01-13,,,31.337312698364258
2010-01-14,,,31.401918411254883
2010-01-15,,,31.093276977539062
2010-01-19,,,31.45215606689453
2010-01-20,,,30.770282745361328
2010-01-21,,,30.18889617919922
2010-01-22,,,29.49266815185547
2010-01-25,,,29.808483123779297
2010-01-26,,,29.62904167175293
2010-01-27,,,29.62904167175293
2010-01-28,,,29.12662696838379
2010-01-29,,,28.746204376220703
2010-02-01,,,29.27735137939453
2010-02-02,,,29.751068115234375
2010-02-03,,,29.499847412109375
2010-02-04,,,28.430391311645508
2010-02-05,,,28.344253540039062
2010-02-08,,,28.12892723083496
2010-02-09,,,28.703142166137695
2010-02-10,,,28.695959091186523
2010-02-11,,,28.97588539123535
2010-02-12,,,28.839508056640625
2010-02-16,,,29.44243621826172
2010-02-17,,,29.514198303222656
2010-02-18,,,29.66493034362793
2010-02-19,,,29.557275772094727
2010-02-22,,,29.600341796875
2010-02-23,,,29.270158767700195
2010-02-24,,,29.406539916992188
2010-02-25,,,29.212745666503906
2010-02-26,,,29.37065315246582
2010-03-01,,,29.7797794342041
2010-03-02,,,29.887441635131836
2010-03-03,,,30.074060440063477
2010-03-04,,,29.980754852294922
2010-03-05,,,30.583662033081055
2010-03-08,,,30.55495262145996
2010-03-09,,,30.511892318725586
2010-03-10,,,30.633914947509766
2010-03-11,,,30.79182243347168
2010-03-12,,,30.89947509765625
2010-03-15,,,30.813337326049805
2010-03-16,,,31.121984481811523
2010-03-17,,,31.351673126220703
2010-03-18,,,31.15787124633789
2010-03-19,,,30.89947509765625
2010-03-22,,,31.02149200439453
2010-03-23,,,31.22247314453125
2010-03-24,,,30.84206199645996
2010-03-25,,,30.827709197998047
2010-03-26,,,30.992778778076172
2010-03-29,,,31.315780639648438
2010-03-30,,,31.351673126220703
2010-03-31,,,31.229637145996094
2010-04-01,,,31.674659729003906
2010-04-05,,,31.882801055908203
2010-04-06,,,31.954572677612305
2010-04-07,,,31.724905014038086
2010-04-08,,,31.818201065063477
2010-04-09,,,32.069419860839844
2010-04-12,,,32.1268424987793
2010-04-13,,,32.04788589477539
2010-04-14,,,32.50724792480469
2010-04-15,,,32.385231018066406
2010-04-16,,,31.825382232666016
2010-04-19,,,31.76796531677246
2010-04-20,,,32.1268424987793
2010-04-21,,,31.940237045288086
2010-04-22,,,31.96893882751465
2010-04-23,,,32.24885559082031
2010-04-26,,,32.069419860839844
2010-04-27,,,31.1650447845459
2010-04-28,,,31.229637145996094
2010-04-29,,,31.681842803955078
2010-04-30,,,31.15787124633789
2010-05-03,,,31.53110694885254
2010-05-04,,,30.490358352661133
2010-05-05,,,29.901798248291016
2010-05-06,,,28.925647735595703
2010-05-07,,,28.530872344970703
2010-05-10,,,30.109947204589844
2010-05-11,,,29.901798248291016
2010-05-12,,,30.35399055480957
2010-05-13,,,30.074060440063477
2010-05-14,,,29.392189025878906
2010-05-17,,,29.406539916992188
2010-05-18,,,28.889759063720703
2010-05-19,,,28.803627014160156
2010-05-20,,,27.62650489807129
2010-05-21,,,28.19352912902832
2010-05-24,,,27.712635040283203
2010-05-25,,,27.648029327392578
2010-05-26,,,27.43988609313965
2010-05-27,,,28.63854217529297
2010-05-28,,,28.236591339111328
2010-06-01,,,27.84900665283203
2010-06-02,,,28.710308074951172
2010-06-03,,,28.710308074951172
2010-06-04,,,27.583444595336914
2010-06-07,,,27.20302963256836
2010-06-08,,,27.619321823120117
2010-06-09,,,27.526018142700195
2010-06-10,,,28.437570571899414
2010-06-11,,,28.538055419921875
2010-06-14,,,28.538055419921875
2010-06-15,,,29.28453254699707
2010-06-16,,,29.27735137939453
2010-06-17,,,29.313230514526367
2010-06-18,,,29.270158767700195
2010-06-21,,,29.36347770690918
2010-06-22,,,28.97588539123535
2010-06-23,,,28.91939353942871
2010-06-24,,,28.448627471923828
2010-06-25,,,28.636943817138672
2010-06-28,,,28.397937774658203
2010-06-29,,,27.499860763549805
2010-06-30,,,27.23188591003418
2010-07-01,,,27.398462295532227
2010-07-02,,,27.289831161499023
2010-07-06,,,27.637466430664062
2010-07-07,,,28.412418365478516
2010-07-08,,,28.716604232788086
2010-07-09,,,28.890424728393555
2010-07-12,,,28.74557113647461
2010-07-13,,,29.19460678100586
2010-07-14,,,29.303253173828125
2010-07-15,,,29.33221435546875
2010-07-16,,,28.521066665649414
2010-07-19,,,28.702116012573242
2010-07-20,,,28.991819381713867
2010-07-21,,,28.492082595825195
2010-07-22,,,29.324993133544922
2010-07-23,,,29.549501419067383
2010-07-26,,,29.817474365234375
2010-07-27,,,29.8898983001709
2010-07-28,,,29.67261505126953
2010-07-29,,,29.766769409179688
2010-07-30,,,29.774017333984375
2010-08-02,,,30.614145278930664
2010-08-03,,,30.548954010009766
2010-08-04,,,30.592424392700195
2010-08-05,,,30.512752532958984
2010-08-06,,,30.47653579711914
2010-08-09,,,30.614145278930664
2010-08-10,,,30.47653579711914
2010-08-11,,,29.28876304626465
2010-08-12,,,29.20185661315918
2010-08-13,,,29.172883987426758
2010-08-16,,,29.324993133544922
2010-08-17,,,29.65088653564453
2010-08-18,,,29.70159339904785
2010-08-19,,,29.23082733154297
2010-08-20,,,28.991819381713867
2010-08-23,,,28.846975326538086
2010-08-24,,,28.426902770996094
2010-08-25,,,28.426902770996094
2010-08-26,,,28.325504302978516
2010-08-27,,,28.897666931152344
2010-08-30,,,28.441381454467773
2010-08-31,,,28.49933433532715
2010-09-01,,,29.375673294067383
2010-09-02,,,29.716066360473633
2010-09-03,,,29.976806640625
2010-09-07,,,29.59294891357422
2010-09-08,,,29.824716567993164
2010-09-09,,,30.02750015258789
2010-09-10,,,30.092681884765625
2010-09-13,,,30.606903076171875
2010-09-14,,,30.70830535888672
2010-09-15,,,30.773483276367188
2010-09-16,,,30.70830535888672
2010-09-17,,,30.585172653198242
2010-09-20,,,31.12112808227539
2010-09-21,,,31.005233764648438
2010-09-22,,,30.925573348999023
2010-09-23,,,30.657608032226562
2010-09-24,,,31.374610900878906
2010-09-27,,,31.265974044799805
2010-09-28,,,31.33115577697754
2010-09-29,,,31.36012077331543
2010-09-30,,,31.29494285583496
2010-10-01,,,31.577404022216797
2010-10-04,,,31.25873374938965
2010-10-05,,,32.00470733642578
2010-10-06,,,32.14956283569336
2010-10-07,,,31.990219116210938
2010-10-08,,,32.2509651184082
2010-10-11,,,32.27267837524414
2010-10-12,,,32.236473083496094
2010-10-13,,,32.63481903076172
2010-10-14,,,32.68551254272461
2010-10-15,,,32.59135818481445
2010-10-18,,,32.67825698852539
2010-10-19,,,32.011959075927734
2010-10-20,,,32.47547912597656
2010-10-21,,,32.446495056152344
2010-10-22,,,32.52618408203125
2010-10-25,,,32.63481903076172
2010-10-26,,,32.518924713134766
2010-10-27,,,32.30165481567383
2010-10-28,,,32.46822738647461
2010-10-29,,,32.46822738647461
2010-11-01,,,32.511688232421875
2010-11-02,,,32.823116302490234
2010-11-03,,,33.004180908203125
2010-11-04,,,33.75015640258789
2010-11-05,,,33.68497848510742
2010-11-08,,,33.55461502075195
2010-11-09,,,33.27939224243164
2010-11-10,,,33.366302490234375
2010-11-11,,,33.20697784423828
2010-11-12,,,32.866573333740234
2010-11-15,,,32.83760070800781
2010-11-16,,,32.14232635498047
2010-11-17,,,32.21474075317383
2010-11-18,,,32.92450714111328
2010-11-19,,,32.982452392578125
2010-11-22,,,32.830352783203125
2010-11-23,,,32.05540466308594
2010-11-24,,,32.489952087402344
2010-11-26,,,32.19301223754883
2010-11-29,,,32.011959075927734
2010-11-30,,,31.758459091186523
2010-12-01,,,32.576873779296875
2010-12-02,,,33.13454818725586
2010-12-03,,,33.308372497558594
2010-12-06,,,33.25767135620117
2010-12-07,,,33.17074966430664
2010-12-08,,,33.23594284057617
2010-12-09,,,33.3735466003418
2010-12-10,,,33.41701126098633
2010-12-13,,,33.656009674072266
2010-12-14,,,33.70671081542969
2010-12-15,,,33.38803482055664
2010-12-16,,,33.547367095947266
2010-12-17,,,33.61980056762695
2010-12-20,,,33.5691032409668
2010-12-21,,,33.86016082763672
2010-12-22,,,33.92599105834961
2010-12-23,,,33.91135025024414
2010-12-27,,,33.904048919677734
2010-12-28,,,33.96253967285156
2010-12-29,,,34.08687973022461
2010-12-30,,,34.12343978881836
2010-12-31,,,34.23313522338867
2011-01-03,,,34.489097595214844
2011-01-04,,,34.452537536621094
2011-01-05,,,34.452537536621094
2011-01-06,,,34.23313522338867
2011-01-07,,,34.108802795410156
2011-01-10,,,34.02836990356445
2011-01-11,,,34.138057708740234
2011-01-12,,,34.6938591003418
2011-01-13,,,34.67192840576172
2011-01-14,,,34.935203552246094
2011-01-18,,,35.044898986816406
2011-01-19,,,34.77429962158203
2011-01-20,,,34.54759979248047
2011-01-21,,,34.6207389831543
2011-01-24,,,34.84013366699219
2011-01-25,,,34.82550048828125
2011-01-26,,,34.97909927368164
2011-01-27,,,35.06684875488281
2011-01-28,,,34.24776840209961
2011-01-31,,,34.59880065917969
2011-02-01,,,35.300865173339844
2011-02-02,,,35.22773742675781
2011-02-03,,,35.29355239868164
2011-02-04,,,35.25699234008789
2011-02-07,,,35.41788101196289
2011-02-08,,,35.60802459716797
2011-02-09,,,35.439815521240234
2011-02-10,,,35.2716064453125
2011-02-11,,,35.42517852783203
2011-02-14,,,35.45443344116211
2011-02-15,,,35.44713592529297
2011-02-16,,,35.73234558105469
2011-02-17,,,35.842041015625
2011-02-18,,,36.0102424621582
2011-02-22,,,35.044898986816406
2011-02-23,,,34.927894592285156
2011-02-24,,,34.964447021484375
2011-02-25,,,35.395938873291016
2011-02-28,,,35.67383575439453
2011-03-01,,,35.1838493347168
2011-03-02,,,35.34475326538086
2011-03-03,,,35.92249298095703
2011-03-04,,,35.622642517089844
2011-03-07,,,35.24967575073242
2011-03-08,,,35.54220199584961
2011-03-09,,,35.5275764465332
2011-03-10,,,34.75236892700195
2011-03-11,,,34.84743881225586
2011-03-14,,,34.54029083251953
2011-03-15,,,33.991798400878906
2011-03-16,,,33.158103942871094
2011-03-17,,,33.677330017089844
2011-03-18,,,34.07224655151367
2011-03-21,,,34.664608001708984
2011-03-22,,,34.70849609375
2011-03-23,,,34.73775100708008
2011-03-24,,,35.118038177490234
2011-03-25,,,34.935203552246094
2011-03-28,,,34.832828521728516
2011-03-29,,,35.118038177490234
2011-03-30,,,35.41055679321289
2011-03-31,,,35.36668014526367
2011-04-01,,,35.63727951049805
2011-04-04,,,35.73965835571289
2011-04-05,,,35.76890182495117
2011-04-06,,,35.95173645019531
2011-04-07,,,35.81279754638672
2011-04-08,,,35.87129592895508
2011-04-11,,,35.71040344238281
2011-04-12,,,35.395938873291016
2011-04-13,,,35.51295471191406
2011-04-14,,,35.556819915771484
2011-04-15,,,35.52027130126953
2011-04-18,,,35.015655517578125
2011-04-19,,,35.30817794799805
2011-04-20,,,35.929805755615234
2011-04-21,,,36.17845153808594
2011-04-25,,,36.105316162109375
2011-04-26,,,36.46367263793945
2011-04-27,,,36.83663558959961
2011-04-28,,,36.960968017578125
2011-04-29,,,37.07065963745117
2011-05-02,,,37.019474029541016
2011-05-03,,,36.71962356567383
2011-05-04,,,36.40515899658203
2011-05-05,,,35.89323806762695
2011-05-06,,,36.01755142211914
2011-05-09,,,36.25890350341797
2011-05-10,,,36.536800384521484
2011-05-11,,,36.0102424621582
2011-05-12,,,36.141868591308594
2011-05-13,,,35.571441650390625
2011-05-16,,,35.439815521240234
2011-05-17,,,35.5275764465332
2011-05-18,,,35.820098876953125
2011-05-19,,,35.97367477416992
2011-05-20,,,35.58607864379883
2011-05-23,,,34.927894592285156
2011-05-24,,,35.0302734375
2011-05-25,,,35.16923141479492
2011-05-26,,,35.5275764465332
2011-05-27,,,35.71040344238281
2011-05-31,,,36.34666442871094
2011-06-01,,,35.51295471191406
2011-06-02,,,35.63727951049805
2011-06-03,,,35.439815521240234
2011-06-06,,,34.97909927368164
2011-06-07,,,35.15460205078125
2011-06-08,,,34.81818771362305
2011-06-09,,,35.19116973876953
2011-06-10,,,34.52566146850586
2011-06-13,,,34.5549201965332
2011-06-14,,,34.97176742553711
2011-06-15,,,34.19657516479492
2011-06-16,,,34.116127014160156
2011-06-17,,,34.19657516479492
2011-06-20,,,34.32820510864258
2011-06-21,,,34.91326141357422
2011-06-22,,,34.6483268737793
2011-06-23,,,34.41152572631836
2011-06-24,,,34.130306243896484
2011-06-27,,,34.40412521362305
2011-06-28,,,34.83333206176758
2011-06-29,,,35.29216766357422
2011-06-30,,,35.706581115722656
2011-07-01,,,36.18761444091797
2011-07-05,,,36.07659149169922
2011-07-06,,,35.97298049926758
2011-07-07,,,36.29861068725586
2011-07-08,,,35.98040008544922
2011-07-11,,,35.07754898071289
2011-07-12,,,34.862945556640625
2011-07-13,,,35.284751892089844
2011-07-14,,,34.98875045776367
2011-07-15,,,35.210758209228516
2011-07-18,,,34.74452590942383
2011-07-19,,,35.29216766357422
2011-07-20,,,35.40317153930664
2011-07-21,,,36.017391204833984
2011-07-22,,,36.08400344848633
2011-07-25,,,35.8693962097168
2011-07-26,,,35.92118453979492
2011-07-27,,,35.1441650390625
2011-07-28,,,34.98875045776367
2011-07-29,,,34.892547607421875
2011-08-01,,,34.58173370361328
2011-08-02,,,33.782493591308594
2011-08-03,,,33.87869644165039
2011-08-04,,,31.991615295410156
2011-08-05,,,32.10261917114258
2011-08-08,,,29.882516860961914
2011-08-09,,,31.443986892700195
2011-08-10,,,29.978721618652344
2011-08-11,,,31.34038543701172
2011-08-12,,,31.606796264648438
2011-08-15,,,32.3542366027832
2011-08-16,,,31.85101318359375
2011-08-17,,,32.05082321166992
2011-08-18,,,30.600353240966797
2011-08-19,,,30.015722274780273
2011-08-22,,,30.178529739379883
2011-08-23,,,31.192384719848633
2011-08-24,,,31.318185806274414
2011-08-25,,,30.76316261291504
2011-08-26,,,31.133174896240234
2011-08-29,,,32.013816833496094
2011-08-30,,,32.02861022949219
2011-08-31,,,32.324623107910156
2011-09-01,,,32.10261917114258
2011-09-02,,,31.34038543701172
2011-09-06,,,30.792760848999023
2011-09-07,,,31.665998458862305
2011-09-08,,,31.199785232543945
2011-09-09,,,30.267343521118164
2011-09-12,,,30.25253677368164
2011-09-13,,,30.5041561126709
2011-09-14,,,30.866762161254883
2011-09-15,,,31.377391815185547
2011-09-16,,,31.451398849487305
2011-09-19,,,30.933364868164062
2011-09-20,,,30.866762161254883
2011-09-21,,,29.978721618652344
2011-09-22,,,28.74288558959961
2011-09-23,,,29.016685485839844
2011-09-26,,,29.616107940673828
2011-09-27,,,30.178529739379883
2011-09-28,,,29.579111099243164
2011-09-29,,,29.986127853393555
2011-09-30,,,28.950069427490234
2011-10-03,,,28.121246337890625
2011-10-04,,,28.661468505859375
2011-10-05,,,29.24609375
2011-10-06,,,29.926918029785156
2011-10-07,,,29.65311050415039
2011-10-10,,,30.800155639648438
2011-10-11,,,30.77056884765625
2011-10-12,,,31.251585006713867
2011-10-13,,,31.18497657775879
2011-10-14,,,31.777009963989258
2011-10-17,,,31.0517635345459
2011-10-18,,,31.658588409423828
2011-10-19,,,31.18497657775879
2011-10-20,,,31.133174896240234
2011-10-21,,,31.85101318359375
2011-10-24,,,32.33942413330078
2011-10-25,,,31.762195587158203
2011-10-26,,,32.22842025756836
2011-10-27,,,33.54568099975586
2011-10-28,,,33.4346809387207
2011-10-31,,,32.22842025756836
2011-11-01,,,31.251585006713867
2011-11-02,,,31.81401252746582
2011-11-03,,,32.48003387451172
2011-11-04,,,32.1544075012207
2011-11-07,,,32.383819580078125
2011-11-08,,,32.73163986206055
2011-11-09,,,31.258975982666016
2011-11-10,,,31.525388717651367
2011-11-11,,,32.25062942504883
2011-11-14,,,31.86581039428711
2011-11-15,,,31.954614639282227
2011-11-16,,,31.41439437866211
2011-11-17,,,30.822370529174805
2011-11-18,,,30.866762161254883
2011-11-21,,,30.09712791442871
2011-11-22,,,30.037933349609375
2011-11-23,,,29.33489990234375
2011-11-25,,,29.194299697875977
2011-11-28,,,30.282136917114258
2011-11-29,,,30.40055274963379
2011-11-30,,,31.858409881591797
2011-12-01,,,31.754806518554688
2011-12-02,,,31.740001678466797
2011-12-05,,,32.05082321166992
2011-12-06,,,31.991615295410156
2011-12-07,,,32.169227600097656
2011-12-08,,,31.303390502929688
2011-12-09,,,31.902814865112305
2011-12-12,,,31.192384719848633
2011-12-13,,,30.7779598236084
2011-12-14,,,30.444942474365234
2011-12-15,,,30.63736915588379
2011-12-16,,,30.600353240966797
2011-12-19,,,30.22293472290039
2011-12-20,,,31.218923568725586
2011-12-21,,,31.19647216796875
2011-12-22,,,31.480831146240234
2011-12-23,,,31.697824478149414
2011-12-27,,,31.645442962646484
2011-12-28,,,31.19647216796875
2011-12-29,,,31.57061004638672
2011-12-30,,,31.555652618408203
2012-01-03,,,32.161766052246094
2012-01-04,,,32.154300689697266
2012-01-05,,,32.02708435058594
2012-01-06,,,31.780141830444336
2012-01-09,,,31.892393112182617
2012-01-10,,,32.17674255371094
2012-01-11,,,32.28899383544922
2012-01-12,,38.21969223022461,32.30394744873047
2012-01-13,,38.21969223022461,32.04204559326172
2012-01-17,,38.21969223022461,32.31143569946289
2012-01-18,,38.21969223022461,32.81278991699219
2012-01-19,,39.34425354003906,33.08966064453125
2012-01-20,,39.34425354003906,33.1495246887207
2012-01-23,,39.34425354003906,33.2767333984375
2012-01-24,,39.2454719543457,33.179447174072266
2012-01-25,,39.2454719543457,33.48625564575195
2012-01-26,,39.2454719543457,33.44884490966797
2012-01-27,,39.2454719543457,33.48625564575195
2012-01-30,,39.2454719543457,33.21686935424805
2012-01-31,,39.2454719543457,33.284210205078125
2012-02-01,,40.24086380004883,33.71074295043945
2012-02-02,,40.24086380004883,33.867881774902344
2012-02-03,,40.70436096191406,34.346805572509766
2012-02-06,,40.70436096191406,34.204620361328125
2012-02-07,,40.70436096191406,34.331825256347656
2012-02-08,,40.70436096191406,34.429115295410156
2012-02-09,,40.70436096191406,34.43659591674805
2012-02-10,,40.70436096191406,34.00257873535156
2012-02-13,,40.70436096191406,34.37672424316406
2012-02-14,,40.70436096191406,34.212100982666016
2012-02-15,,40.70436096191406,34.129783630371094
2012-02-16,,40.70436096191406,34.5488395690918
2012-02-17,,40.70436096191406,34.6461296081543
2012-02-21,,41.79090881347656,34.71345901489258
2012-02-22,,41.79090881347656,34.63862991333008
2012-02-23,,41.79090881347656,34.788291931152344
2012-02-24,,41.79090881347656,34.96039581298828
2012-02-27,,41.79090881347656,34.81073760986328
2012-02-28,,41.79090881347656,35.13999557495117
2012-02-29,,41.79090881347656,34.930458068847656
2012-03-01,,41.79090881347656,35.19236755371094
2012-03-02,,41.39579391479492,34.97537612915039
2012-03-05,,41.39579391479492,34.788291931152344
2012-03-06,,41.39579391479492,33.87537384033203
2012-03-07,,41.39579391479492,34.25699996948242
2012-03-08,,41.084266662597656,34.818214416503906
2012-03-09,,41.23623275756836,34.87059783935547
2012-03-12,,41.23623275756836,34.80325698852539
2012-03-13,,41.23623275756836,35.37196350097656
2012-03-14,,41.59335708618164,35.222293853759766
2012-03-15,,41.59335708618164,35.461761474609375
2012-03-16,,41.59335708618164,35.52911376953125
2012-03-19,,41.59335708618164,35.67877197265625
2012-03-20,,41.59335708618164,35.4168586730957
2012-03-21,,41.59335708618164,35.25223159790039
2012-03-22,,41.59335708618164,34.9454345703125
2012-03-23,,41.59335708618164,35.110050201416016
2012-03-26,,41.59335708618164,35.57400131225586
2012-03-27,,42.30000686645508,35.461761474609375
2012-03-28,,41.85929870605469,35.25971984863281
2012-03-29,,41.61614990234375,35.065155029296875
2012-03-30,,41.77571487426758,35.319580078125
2012-04-02,,41.77571487426758,35.68624496459961
2012-04-03,,41.77571487426758,35.327064514160156
2012-04-04,,41.77571487426758,34.72842788696289
2012-04-05,,41.22103500366211,34.68353271484375
2012-04-09,,40.88671112060547,34.40666580200195
2012-04-10,,40.24844741821289,33.74815368652344
2012-04-11,,40.620765686035156,34.09986114501953
2012-04-12,,41.251434326171875,34.70598220825195
2012-04-13,,41.251434326171875,34.17469787597656
2012-04-16,,40.64357376098633,34.25699996948242
2012-04-17,,41.46418762207031,34.7508659362793
2012-04-18,,41.46418762207031,34.63862991333008
2012-04-19,,41.46418762207031,34.45903778076172
2012-04-20,,41.46418762207031,34.586246490478516
2012-04-23,,41.46418762207031,34.17469787597656
2012-04-24,,41.46418762207031,34.346805572509766
2012-04-25,,41.46418762207031,34.7508659362793
2012-04-26,,41.46418762207031,34.91550064086914
2012-04-27,,41.94288635253906,35.04271697998047
2012-04-30,,41.94288635253906,34.91550064086914
2012-05-01,,42.07205581665039,35.08761215209961
2012-05-02,,41.669349670410156,34.930458068847656
2012-05-03,,41.669349670410156,34.631141662597656
2012-05-04,,41.669349670410156,34.04747772216797
2012-05-07,,40.795536041259766,34.159725189208984
2012-05-08,,40.795536041259766,33.778099060058594
2012-05-09,,40.043296813964844,33.44884490966797
2012-05-10,,40.043296813964844,33.531158447265625
2012-05-11,,40.043296813964844,33.4039421081543
2012-05-14,,39.481021881103516,32.91756057739258
2012-05-15,,39.481021881103516,32.56584930419922
2012-05-16,,39.481021881103516,32.29646301269531
2012-05-17,,38.660404205322266,31.787620544433594
2012-05-18,,38.32606887817383,31.63048553466797
2012-05-21,,38.32606887817383,32.199180603027344
2012-05-22,,38.32606887817383,32.124359130859375
2012-05-23,,38.113311767578125,31.99714469909668
2012-05-24,,38.113311767578125,31.929792404174805
2012-05-25,,38.113311767578125,31.79510498046875
2012-05-29,,38.113311767578125,32.244083404541016
2012-05-30,,38.53883361816406,31.637964248657227
2012-05-31,,38.36405944824219,31.675373077392578
2012-06-01,,38.36405944824219,30.882186889648438
2012-06-04,,38.36405944824219,30.97197914123535
2012-06-05,,37.48265075683594,31.19647216796875
2012-06-06,,38.265289306640625,32.01959991455078
2012-06-07,,38.265289306640625,32.079463958740234
2012-06-08,,38.265289306640625,32.109397888183594
2012-06-11,,38.265289306640625,31.705310821533203
2012-06-12,,38.265289306640625,32.161766052246094
2012-06-13,,38.265289306640625,31.92230987548828
2012-06-14,,38.265289306640625,32.221641540527344
2012-06-15,,38.265289306640625,32.595794677734375
2012-06-18,,38.265289306640625,32.6257209777832
2012-06-19,,40.00530242919922,33.07469940185547
2012-06-20,,39.8989372253418,33.11210250854492
2012-06-21,,39.2053108215332,32.26545333862305
2012-06-22,,39.2053108215332,32.4854621887207
2012-06-25,,39.2053108215332,31.893705368041992
2012-06-26,,39.2053108215332,32.075782775878906
2012-06-27,,39.2053108215332,32.364070892333984
2012-06-28,,39.2053108215332,32.31096649169922
2012-06-29,,39.2053108215332,33.28204345703125
2012-07-02,,39.2053108215332,33.47929763793945
2012-07-03,,39.2053108215332,33.805511474609375
2012-07-05,,39.2053108215332,33.50204849243164
2012-07-06,,39.2053108215332,33.12272262573242
2012-07-09,,39.536705017089844,33.04686737060547
2012-07-10,,39.536705017089844,32.826847076416016
2012-07-11,,39.536705017089844,32.86479187011719
2012-07-12,,39.536705017089844,32.59925842285156
2012-07-13,,39.536705017089844,33.077213287353516
2012-07-16,,39.536705017089844,33.03167724609375
2012-07-17,,39.536705017089844,33.2061767578125
2012-07-18,,40.02223205566406,33.44894790649414
2012-07-19,,40.02223205566406,33.63102340698242
2012-07-20,,40.02223205566406,33.153072357177734
2012-07-23,,40.02223205566406,32.62960433959961
2012-07-24,,40.02223205566406,32.3413200378418
2012-07-25,,40.02223205566406,32.402008056640625
2012-07-26,,39.69854736328125,33.12272262573242
2012-07-27,,40.03764724731445,33.79793167114258
2012-07-30,,40.50778579711914,33.782772064208984
2012-07-31,,40.50778579711914,33.555152893066406
2012-08-01,,40.50778579711914,33.51723098754883
2012-08-02,,40.29969024658203,33.19858932495117
2012-08-03,,39.62147903442383,34.00276565551758
2012-08-06,,40.908538818359375,34.192420959472656
2012-08-07,,40.908538818359375,34.46554183959961
2012-08-08,,41.162864685058594,34.46554183959961
2012-08-09,,41.162864685058594,34.54899597167969
2012-08-10,,41.162864685058594,34.60969161987305
2012-08-13,,41.162864685058594,34.533817291259766
2012-08-14,,41.162864685058594,34.54899597167969
2012-08-15,,41.162864685058594,34.50347137451172
2012-08-16,,41.162864685058594,34.88279724121094
2012-08-17,,41.48655319213867,34.890384674072266
2012-08-20,,41.48655319213867,34.87521743774414
2012-08-21,,41.48655319213867,34.897972106933594
2012-08-22,,41.54052734375,34.890384674072266
2012-08-23,,41.44032669067383,34.61726379394531
2012-08-24,,41.44032669067383,34.746246337890625
2012-08-27,,41.6098747253418,34.66278076171875
2012-08-28,,41.6098747253418,34.66278076171875
2012-08-29,,41.6098747253418,34.62486267089844
2012-08-30,,41.162864685058594,34.25312423706055
2012-08-31,,41.35553741455078,34.48830032348633
2012-09-04,,41.35553741455078,34.389671325683594
2012-09-05,,41.332420349121094,34.32897186279297
2012-09-06,,41.332420349121094,35.095218658447266
2012-09-07,,42.619483947753906,35.46696090698242
2012-09-10,,42.503883361816406,35.20143127441406
2012-09-11,,42.742801666259766,35.45180130004883
2012-09-12,,42.83528518676758,35.603515625
2012-09-13,,43.706172943115234,36.225608825683594
2012-09-14,,43.921974182128906,36.47597122192383
2012-09-17,,43.74470901489258,36.29389190673828
2012-09-18,,43.629093170166016,36.240779876708984
2012-09-19,,43.629093170166016,36.26355743408203
2012-09-20,,43.629093170166016,36.096649169921875
2012-09-21,,43.68304443359375,36.07387924194336
2012-09-24,,43.68304443359375,35.975242614746094
2012-09-25,,43.68304443359375,35.64903259277344
2012-09-26,,42.81215286254883,35.421443939208984
2012-09-27,,43.20521545410156,35.808345794677734
2012-09-28,,43.20521545410156,35.421443939208984
2012-10-01,,43.20521545410156,35.61111831665039
2012-10-02,,43.20521545410156,35.70214080810547
2012-10-03,,42.981712341308594,35.686973571777344
2012-10-04,,42.981712341308594,35.998008728027344
2012-10-05,,42.981712341308594,36.04353713989258
2012-10-08,,43.297698974609375,35.85386657714844
2012-10-09,,42.8583984375,35.41385269165039
2012-10-10,,42.46534729003906,35.300048828125
2012-10-11,,42.75050735473633,35.436622619628906
2012-10-12,,42.75050735473633,35.37592697143555
2012-10-15,,42.75050735473633,35.61111831665039
2012-10-16,,42.75050735473633,36.04353713989258
2012-10-17,,42.75050735473633,36.32424545288086
2012-10-18,,43.297698974609375,36.225608825683594
2012-10-19,,43.297698974609375,35.67179489135742
2012-10-22,,43.297698974609375,35.83870315551758
2012-10-23,,43.297698974609375,35.254547119140625
2012-10-24,,43.297698974609375,35.2393684387207
2012-10-25,,42.234127044677734,35.41385269165039
2012-10-26,,42.234127044677734,35.29247283935547
2012-10-31,,42.234127044677734,35.2393684387207
2012-11-01,,42.66572189331055,35.70973205566406
2012-11-02,,42.67344284057617,35.41385269165039
2012-11-05,,42.67344284057617,35.44420623779297
2012-11-06,,42.503883361816406,35.558006286621094
2012-11-07,,42.503883361816406,35.087642669677734
2012-11-08,,42.503883361816406,34.72348403930664
2012-11-09,,41.44032669067383,34.69314193725586
2012-11-12,,41.44032669067383,34.731075286865234
2012-11-13,,41.278472900390625,34.556583404541016
2012-11-14,,40.846885681152344,34.11656188964844
2012-11-15,,40.846885681152344,34.15449905395508
2012-11-16,,40.846885681152344,34.27587890625
2012-11-19,,41.802547454833984,34.9434928894043
2012-11-20,,41.663822174072266,34.95107650756836
2012-11-21,,41.663822174072266,35.06487274169922
2012-11-23,,41.663822174072266,35.61111831665039
2012-11-26,,41.663822174072266,35.535240173339844
2012-11-27,,42.503883361816406,35.33799362182617
2012-11-28,,42.503883361816406,35.58076858520508
2012-11-29,,42.95858383178711,35.815940856933594
2012-11-30,,42.95858383178711,35.80076599121094
2012-12-03,,42.727386474609375,35.74766159057617
2012-12-04,,42.53471374511719,35.755245208740234
2012-12-05,,43.058780670166016,35.92974090576172
2012-12-06,,42.8583984375,36.028358459472656
2012-12-07,,42.99713134765625,36.08906555175781
2012-12-10,,42.99713134765625,36.164913177490234
2012-12-11,,42.99713134765625,36.354583740234375
2012-12-12,,42.99713134765625,36.43045425415039
2012-12-13,,42.99713134765625,36.225608825683594
2012-12-14,,42.99713134765625,36.23320388793945
2012-12-17,,43.58285903930664,36.498722076416016
2012-12-18,,43.63676834106445,36.871116638183594
2012-12-19,,43.63676834106445,36.73319625854492
2012-12-20,,43.972740173339844,37.03202438354492
2012-12-21,,43.972740173339844,36.71021270751953
2012-12-24,,43.972740173339844,36.61825942993164
2012-12-26,,43.972740173339844,36.518646240234375
2012-12-27,,43.714900970458984,36.56462860107422
2012-12-28,,43.63676834106445,36.28878402709961
2012-12-31,,43.83990478515625,36.84046936035156
2013-01-02,,43.94929504394531,37.5760498046875
2013-01-03,,44.957191467285156,37.4151496887207
2013-01-04,,44.40245819091797,37.5760498046875
2013-01-07,,44.14462661743164,37.42280578613281
2013-01-08,,44.043052673339844,37.238914489746094
2013-01-09,,44.043052673339844,37.36917495727539
2013-01-10,,44.707176208496094,37.76762008666992
2013-01-11,,44.94157028198242,37.75229263305664
2013-01-14,,44.94157028198242,37.75994873046875
2013-01-15,,44.94938659667969,37.72929763793945
2013-01-16,,44.94938659667969,37.68332290649414
2013-01-17,,44.94938659667969,37.94384002685547
2013-01-18,,45.011898040771484,37.99748229980469
2013-01-22,,45.011898040771484,38.09709548950195
2013-01-23,,45.996360778808594,38.0434684753418
2013-01-24,,45.996360778808594,38.112430572509766
2013-01-25,,45.64475631713867,38.34994125366211
2013-01-28,,45.85572052001953,38.21968460083008
2013-01-29,,45.965110778808594,38.46488571166992
2013-01-30,,45.965110778808594,38.342281341552734
2013-01-31,,45.902587890625,38.22734832763672
2013-02-01,,46.45732879638672,38.57215881347656
2013-02-04,,46.09792709350586,38.028141021728516
2013-02-05,,47.0198860168457,38.280982971191406
2013-02-06,,46.37920379638672,38.30397033691406
2013-02-07,,46.37920379638672,38.150718688964844
2013-02-08,,46.465152740478516,38.35762023925781
2013-02-11,,46.41045379638672,38.296302795410156
2013-02-12,,46.24636459350586,38.44189453125
2013-02-13,,46.34013366699219,38.52617645263672
2013-02-14,,46.34013366699219,38.44956588745117
2013-02-15,,46.34013366699219,38.38825988769531
2013-02-19,,46.58234405517578,38.6717643737793
2013-02-20,,46.60578536987305,38.265655517578125
2013-02-21,,45.57444381713867,37.91319274902344
2013-02-22,,46.004173278808594,38.280982971191406
2013-02-25,,46.027610778808594,37.56840515136719
2013-02-26,,45.44161605834961,37.790592193603516
2013-02-27,,46.05885696411133,38.24268341064453
2013-02-28,,46.19167709350586,38.18904113769531
2013-03-01,,46.05885696411133,38.22734832763672
2013-03-04,,45.840087890625,38.3116340637207
2013-03-05,,46.60578536987305,38.66410446166992
2013-03-06,,46.465152740478516,38.76371765136719
2013-03-07,,46.56672286987305,38.87097930908203
2013-03-08,,47.0823860168457,39.001251220703125
2013-03-11,,46.840187072753906,39.09318923950195
2013-03-12,,46.76986312866211,38.90928268432617
2013-03-13,,46.74642562866211,38.88630676269531
2013-03-14,,47.324588775634766,39.10085678100586
2013-03-15,,47.38711929321289,39.08553695678711
2013-03-18,,47.0745735168457,38.748390197753906
2013-03-19,,46.824554443359375,38.61812973022461
2013-03-20,,46.855812072753906,38.88630676269531
2013-03-21,,46.863624572753906,38.46488571166992
2013-03-22,,47.11363983154297,38.7713737487793
2013-03-25,,46.93394470214844,38.549163818359375
2013-03-26,,47.1683349609375,38.80201721191406
2013-03-27,,47.1683349609375,38.75605392456055
2013-03-28,,47.1683349609375,38.88630676269531
2013-04-01,,46.879241943359375,38.60279846191406
2013-04-02,,47.410560607910156,38.86332321166992
2013-04-03,,46.754234313964844,38.53383255004883
2013-04-04,,47.23084259033203,38.68708801269531
2013-04-05,,46.957374572753906,38.54151916503906
2013-04-08,,46.957374572753906,38.702415466308594
2013-04-09,,47.55118179321289,38.87865447998047
2013-04-10,,48.13716125488281,39.38435745239258
2013-04-11,,48.66065979003906,39.575927734375
2013-04-12,,48.3325080871582,39.42267608642578
2013-04-15,,47.10582733154297,38.510860443115234
2013-04-16,,47.93401336669922,39.08553695678711
2013-04-17,,46.69953918457031,38.403587341308594
2013-04-18,,46.801116943359375,38.24268341064453
2013-04-19,,46.801116943359375,38.610469818115234
2013-04-22,,46.801116943359375,38.75605392456055
2013-04-23,,47.34022903442383,39.13916778564453
2013-04-24,,47.84027099609375,39.323055267333984
2013-04-25,,50.02014923095703,39.53760528564453
2013-04-26,,47.66056442260742,39.476318359375
2013-04-29,,47.89496612548828,39.84409713745117
2013-04-30,,48.441898345947266,39.989681243896484
2013-05-01,,47.96528244018555,39.667869567871094
2013-05-02,,48.949737548828125,39.90540313720703
2013-05-03,,49.223209381103516,40.342159271240234
2013-05-06,,49.71544647216797,40.395790100097656
2013-05-07,,49.8326301574707,40.54903793334961
2013-05-08,,50.0357780456543,40.893836975097656
2013-05-09,,50.62957763671875,40.62566375732422
2013-05-10,,50.51239013671875,40.70227813720703
2013-05-13,,50.69990158081055,40.68695831298828
2013-05-14,,49.7935676574707,40.9398078918457
2013-05-15,,49.7935676574707,41.09306716918945
2013-05-16,,51.41870880126953,40.86319351196289
2013-05-17,,50.70772171020508,41.19266128540039
2013-05-20,,50.34050750732422,41.30760955810547
2013-05-21,,51.66093444824219,41.39956283569336
2013-05-22,,50.25455856323242,40.99345397949219
2013-05-23,,50.25455856323242,40.74059295654297
2013-05-24,,48.91067886352539,40.54903793334961
2013-05-28,,49.26227569580078,40.671630859375
2013-05-29,,49.06694412231445,40.40345001220703
2013-05-30,,49.06694412231445,40.5413818359375
2013-05-31,,49.6998176574707,39.83644104003906
2013-06-03,,48.816917419433594,39.982025146484375
2013-06-04,,50.16079330444336,39.83644104003906
2013-06-05,,48.6294059753418,39.223445892333984
2013-06-06,,48.6294059753418,39.506954193115234
2013-06-07,,48.4809455871582,39.920719146728516
2013-06-10,,48.65285110473633,39.874755859375
2013-06-11,,48.01216125488281,39.42267608642578
2013-06-12,,50.02014923095703,39.23111343383789
2013-06-13,,50.02014923095703,39.798118591308594
2013-06-14,,50.02014923095703,39.4379997253418
2013-06-17,,50.465518951416016,39.859432220458984
2013-06-18,,50.465518951416016,40.11994934082031
2013-06-19,,50.39519500732422,39.4379997253418
2013-06-20,,48.6372184753418,38.25033950805664
2013-06-21,,48.559085845947266,38.36526107788086
2013-06-24,,46.09792709350586,37.721641540527344
2013-06-25,,46.09792709350586,38.173709869384766
2013-06-26,,48.59815979003906,38.53383255004883
2013-06-27,,47.54372024536133,38.90088653564453
2013-06-28,,47.54372024536133,38.800018310546875
2013-07-01,,47.54372024536133,39.04833221435547
2013-07-02,,47.50443649291992,38.908653259277344
2013-07-03,,48.13300704956055,38.88536834716797
2013-07-05,,48.71444320678711,39.12593078613281
2013-07-08,,48.71444320678711,39.31216812133789
2013-07-09,,48.71444320678711,39.59929656982422
2013-07-10,,48.71444320678711,39.63808822631836
2013-07-11,,49.358726501464844,40.51496887207031
2013-07-12,,49.971580505371094,40.383060455322266
2013-07-15,,49.673011779785156,40.56153106689453
2013-07-16,,50.875152587890625,40.46841812133789
2013-07-17,,50.67872619628906,40.61585998535156
2013-07-18,,51.72373962402344,40.771053314208984
2013-07-19,,51.72373962402344,40.794334411621094
2013-07-22,,50.702301025390625,40.941768646240234
2013-07-23,,50.278018951416016,40.988338470458984
2013-07-24,,50.168025970458984,40.82536315917969
2013-07-25,,50.52159118652344,40.934017181396484
2013-07-26,,50.29372787475586,40.864173889160156
2013-07-29,,51.49588394165039,40.64689254760742
2013-07-30,,51.49588394165039,40.56928634643555
2013-07-31,,50.309444427490234,40.57706069946289
2013-08-01,,50.977298736572266,41.1435432434082
2013-08-02,,50.977298736572266,41.26769256591797
2013-08-05,,52.100868225097656,41.205604553222656
2013-08-06,,51.480167388916016,40.96505355834961
2013-08-07,,51.03229904174805,40.794334411621094
2013-08-08,,52.34445571899414,41.12800979614258
2013-08-09,,52.34445571899414,41.11248779296875
2013-08-12,,52.05373764038086,41.081459045410156
2013-08-13,,52.05373764038086,41.29097366333008
2013-08-14,,52.171600341796875,41.18233871459961
2013-08-15,,51.2130126953125,40.740013122558594
2013-08-16,,49.89301681518555,40.685691833496094
2013-08-19,,49.89301681518555,40.35201644897461
2013-08-20,,49.89301681518555,40.39857482910156
2013-08-21,,49.50015640258789,40.01057052612305
2013-08-22,,50.71015930175781,40.36753463745117
2013-08-23,,50.71015930175781,40.62361145019531
2013-08-26,,50.61587142944336,40.42961120605469
2013-08-27,,48.753719329833984,39.75449752807617
2013-08-28,,49.95587158203125,39.793296813964844
2013-08-29,,48.950157165527344,39.863128662109375
2013-08-30,,49.46086120605469,39.64584732055664
2013-09-03,,49.46086120605469,40.041595458984375
2013-09-04,,49.46086120605469,40.39081573486328
2013-09-05,,50.29372787475586,40.46841812133789
2013-09-06,,50.545162200927734,40.60033416748047
2013-09-09,,50.270164489746094,41.104736328125
2013-09-10,,50.270164489746094,41.4849739074707
2013-09-11,,50.270164489746094,41.632408142089844
2013-09-12,,50.99302291870117,41.42289733886719
2013-09-13,,50.718021392822266,41.56257629394531
2013-09-16,,50.91444396972656,41.857444763183594
2013-09-17,,51.09516525268555,41.95833206176758
2013-09-18,,52.603729248046875,42.81193542480469
2013-09-19,,52.24230194091797,42.695533752441406
2013-09-20,,52.446590423583984,42.42393112182617
2013-09-23,,52.24230194091797,42.32305908203125
2013-09-24,,51.52730941772461,42.23768997192383
2013-09-25,,52.4780158996582,42.167850494384766
2013-09-26,,52.4780158996582,42.3152961730957
2013-09-27,,52.171600341796875,42.136810302734375
2013-09-30,,52.24230194091797,41.841922760009766
2013-10-01,,51.84944152832031,42.18337631225586
2013-10-02,,51.38587951660156,42.167850494384766
2013-10-03,,50.93802261352539,41.87297058105469
2013-10-04,,51.18158721923828,42.0980110168457
2013-10-07,,50.85944366455078,41.74105453491211
2013-10-08,,50.30158996582031,41.3220100402832
2013-10-09,,50.9537239074707,41.391845703125
2013-10-10,,50.94587707519531,42.23768997192383
2013-10-11,,51.99871826171875,42.493770599365234
2013-10-14,,51.43301773071289,42.62568283081055
2013-10-15,,51.1501579284668,42.40065383911133
2013-10-16,,52.78444290161133,42.82745361328125
2013-10-17,,53.18517303466797,43.23873519897461
2013-10-18,,53.28731155395508,43.47929382324219
2013-10-21,,53.09088134765625,43.51033020019531
2013-10-22,,53.538726806640625,43.83626174926758
2013-10-23,,53.1065788269043,43.5025749206543
2013-10-24,,53.342315673828125,43.66554260253906
2013-10-25,,53.50731658935547,43.71208953857422
2013-10-28,,53.853031158447266,43.743133544921875
2013-10-29,,53.90802001953125,43.8983268737793
2013-10-30,,53.66445541381836,43.735382080078125
2013-10-31,,53.570167541503906,43.494815826416016
2013-11-01,,53.688011169433594,43.4870491027832
2013-11-04,,53.91590118408203,43.688819885253906
2013-11-05,,53.62517547607422,43.409446716308594
2013-11-06,,53.224449157714844,43.65000915527344
2013-11-07,,53.31873321533203,42.982662200927734
2013-11-08,,52.68230438232422,43.409446716308594
2013-11-11,,52.68230438232422,43.42496871948242
2013-11-12,,52.68230438232422,43.300811767578125
2013-11-13,,53.44444274902344,43.56464767456055
2013-11-14,,53.428741455078125,43.78193664550781
2013-11-15,,53.65660858154297,44.100093841552734
2013-11-18,,54.77231216430664,44.05352783203125
2013-11-19,,53.428741455078125,43.937137603759766
2013-11-20,,53.46017837524414,43.66554260253906
2013-11-21,,54.40302658081055,43.95265197753906
2013-11-22,,54.599456787109375,44.14665222167969
2013-11-25,,54.04945755004883,44.01473617553711
2013-11-26,,53.978729248046875,43.96817398071289
2013-11-27,,54.065162658691406,44.09233474731445
2013-11-29,,54.66231155395508,44.1699333190918
2013-12-02,,53.868743896484375,43.913848876953125
2013-12-03,,53.49945068359375,43.69657516479492
2013-12-04,,53.47587966918945,43.57240295410156
2013-12-05,,53.20087814331055,43.37065124511719
2013-12-06,,53.798030853271484,43.8828125
2013-12-09,,53.876590728759766,43.95265197753906
2013-12-10,,53.78230285644531,43.86729049682617
2013-12-11,,53.17731475830078,43.36289596557617
2013-12-12,,52.48588180541992,43.06026077270508
2013-12-13,,52.61943435668945,43.04473876953125
2013-12-16,,53.33446502685547,43.38617706298828
2013-12-17,,53.130165100097656,43.2154541015625
2013-12-18,,53.99463653564453,43.9180793762207
2013-12-19,,53.94723892211914,43.863304138183594
2013-12-20,,53.94723892211914,44.058921813964844
2013-12-23,,54.5635986328125,44.348411560058594
2013-12-24,,54.15269088745117,44.489253997802734
2013-12-26,,54.9508056640625,44.66922378540039
2013-12-27,,54.7137336730957,44.810054779052734
2013-12-30,,55.172054290771484,44.89612579345703
2013-12-31,,55.52763366699219,45.08391571044922
2014-01-02,,54.958702087402344,44.44231033325195
2014-01-03,,54.958702087402344,44.4188346862793
2014-01-06,,54.49247741699219,44.27799987792969
2014-01-07,,55.172054290771484,44.512733459472656
2014-01-08,,55.037723541259766,44.49708938598633
2014-01-09,,54.48458480834961,44.45795440673828
2014-01-10,,55.14043045043945,44.74745178222656
2014-01-13,,54.919185638427734,44.31711959838867
2014-01-14,,54.832275390625,44.70832824707031
2014-01-15,,55.33009719848633,44.89612579345703
2014-01-16,,55.314300537109375,44.85699462890625
2014-01-17,,55.211570739746094,44.70051193237305
2014-01-21,,55.43281936645508,44.81787872314453
2014-01-22,,55.48023223876953,44.880470275878906
2014-01-23,,54.72953796386719,44.4814338684082
2014-01-24,,53.82080841064453,43.42514419555664
2014-01-27,,53.50471878051758,43.198246002197266
2014-01-28,,53.96304702758789,43.51903533935547
2014-01-29,,53.36248779296875,43.057395935058594
2014-01-30,,53.55213928222656,43.40949249267578
2014-01-31,,53.24394226074219,42.99480438232422
2014-02-03,,52.20088195800781,42.079349517822266
2014-02-04,,52.45375442504883,42.478397369384766
2014-02-05,,52.36682891845703,42.44709396362305
2014-02-06,,53.26765823364258,43.151302337646484
2014-02-07,,53.852420806884766,43.65205001831055
2014-02-10,,53.81291198730469,43.59727096557617
2014-02-11,,54.7137336730957,44.191932678222656
2014-02-12,,54.824363708496094,44.26234817504883
2014-02-13,,54.96659469604492,44.450130462646484
2014-02-14,,55.116729736328125,44.630088806152344
2014-02-18,,55.251075744628906,44.802223205566406
2014-02-19,,55.28268814086914,44.52838897705078
2014-02-20,,55.43281936645508,44.73179626464844
2014-02-21,,55.43281936645508,44.76311111450195
2014-02-24,,55.978057861328125,45.07608413696289
2014-02-25,,55.717288970947266,44.943058013916016
2014-02-26,,55.47233200073242,44.8883056640625
2014-02-27,,55.15625,45.13867950439453
2014-02-28,,56.05709457397461,45.232566833496094
2014-03-03,,55.314300537109375,44.61444091796875
2014-03-04,,56.02546691894531,45.35775375366211
2014-03-05,,56.21512222290039,45.318634033203125
2014-03-06,,56.570709228515625,45.615962982177734
2014-03-07,,56.49958801269531,45.45947265625
2014-03-10,,56.12820816040039,45.30298614501953
2014-03-11,,55.551361083984375,45.05261993408203
2014-03-12,,55.677791595458984,44.99001693725586
2014-03-13,,55.16414260864258,44.35624313354492
2014-03-14,,54.911285400390625,44.21540069580078
2014-03-17,,54.911285400390625,44.70832824707031
2014-03-18,,55.116729736328125,45.00566101074219
2014-03-19,,55.81211471557617,44.583152770996094
2014-03-20,,55.567161560058594,44.68486785888672
2014-03-21,,55.306365966796875,44.583152770996094
2014-03-24,,55.0930290222168,44.52838897705078
2014-03-25,,55.51974105834961,44.87264633178711
2014-03-26,,55.978057861328125,44.72398376464844
2014-03-27,,55.274776458740234,44.84917449951172
2014-03-28,,55.22736358642578,45.16215515136719
2014-03-31,,56.254634857177734,45.49077606201172
2014-04-01,,56.3099479675293,45.819393157958984
2014-04-02,,56.4600830078125,45.92893981933594
2014-04-03,,55.90693664550781,45.835044860839844
2014-04-04,,55.54344940185547,45.498600006103516
2014-04-07,,55.06932830810547,45.177799224853516
2014-04-08,,55.82001876831055,45.334285736083984
2014-04-09,,55.598758697509766,45.85068893432617
2014-04-10,,55.535560607910156,44.974365234375
2014-04-11,,55.15625,44.630088806152344
2014-04-14,,55.37750244140625,44.935245513916016
2014-04-15,,54.919185638427734,44.92741012573242
2014-04-16,,55.81211471557617,45.47512435913086
2014-04-17,,56.21512222290039,45.615962982177734
2014-04-21,,55.946441650390625,45.717681884765625
2014-04-22,,56.34154510498047,45.88981246948242
2014-04-23,,56.34154510498047,45.756805419921875
2014-04-24,,56.365264892578125,45.78810119628906
2014-04-25,,56.08079147338867,45.45166015625
2014-04-28,,55.503929138183594,45.58465576171875
2014-04-29,,56.610233306884766,45.88198471069336
2014-04-30,,55.90693664550781,46.0306510925293
2014-05-01,,57.021148681640625,46.007179260253906
2014-05-02,,56.33365249633789,45.983707427978516
2014-05-05,,56.68132781982422,45.983707427978516
2014-05-06,,56.586509704589844,45.772457122802734
2014-05-07,,56.15190124511719,45.952415466308594
2014-05-08,,56.88680648803711,45.92110824584961
2014-05-09,,56.69715118408203,45.96805191040039
2014-05-12,,56.815677642822266,46.3514518737793
2014-05-13,,56.73666000366211,46.41404724121094
2014-05-14,,57.04484176635742,46.30450439453125
2014-05-15,,56.55491256713867,46.01499938964844
2014-05-16,,56.15190124511719,46.19497299194336
2014-05-19,,56.15190124511719,46.24974060058594
2014-05-20,,56.48379898071289,45.89763641357422
2014-05-21,,56.855186462402344,46.27320098876953
2014-05-22,,56.74456787109375,46.39839553833008
2014-05-23,,56.79197692871094,46.547061920166016
2014-05-27,,57.14754867553711,46.78178787231445
2014-05-28,,57.48734664916992,46.69572830200195
2014-05-29,,57.645389556884766,46.953922271728516
2014-05-30,,57.684898376464844,46.953922271728516
2014-06-02,,57.526859283447266,47.032161712646484
2014-06-03,,57.8824577331543,47.14170455932617
2014-06-04,,57.90615463256836,47.04781723022461
2014-06-05,,58.09581756591797,47.352970123291016
2014-06-06,,58.490901947021484,47.60334777832031
2014-06-09,,58.56203079223633,47.634647369384766
2014-06-10,,58.261749267578125,47.66593933105469
2014-06-11,,58.151123046875,47.415557861328125
2014-06-12,,57.684898376464844,47.2434196472168
2014-06-13,,57.795528411865234,47.352970123291016
2014-06-16,,57.819244384765625,47.337318420410156
2014-06-17,,57.969383239746094,47.36860656738281
2014-06-18,,58.245948791503906,47.75983428955078
2014-06-19,,58.54621887207031,47.869380950927734
2014-06-20,,58.62525177001953,47.88503646850586
2014-06-23,,58.52252197265625,47.84589767456055
2014-06-24,,58.159027099609375,47.51728057861328
2014-06-25,,58.20867156982422,47.633113861083984
2014-06-26,,58.376869201660156,47.68070983886719
2014-06-27,,58.376869201660156,47.775917053222656
2014-06-30,,58.43292999267578,47.807647705078125
2014-07-01,,58.961517333984375,48.17258834838867
2014-07-02,,59.14571762084961,48.26779556274414
2014-07-03,,59.369964599609375,48.505802154541016
2014-07-07,,58.89744567871094,48.28366470336914
2014-07-08,,58.16861343383789,47.88698196411133
2014-07-09,,58.65717315673828,48.08531951904297
2014-07-10,,58.08053207397461,47.760047912597656
2014-07-11,,58.32081985473633,47.78384780883789
2014-07-14,,58.64115524291992,48.06945037841797
2014-07-15,,58.713253021240234,47.96632385253906
2014-07-16,,59.02558898925781,48.220191955566406
2014-07-17,,58.18463897705078,47.60931396484375
2014-07-18,,58.905460357666016,48.08531951904297
2014-07-21,,58.77730178833008,47.96632385253906
2014-07-22,,58.92145919799805,48.19639587402344
2014-07-23,,59.13770294189453,48.307464599609375
2014-07-24,,59.177738189697266,48.331268310546875
2014-07-25,,58.89744567871094,48.12498092651367
2014-07-28,,58.67319107055664,48.19639587402344
2014-07-29,,58.729251861572266,47.98219299316406
2014-07-30,,58.51301193237305,48.0059928894043
2014-07-31,,57.471866607666016,47.1174201965332
2014-08-01,,57.247615814208984,46.919097900390625
2014-08-04,,57.632041931152344,47.25230026245117
2014-08-05,,56.84716033935547,46.69695281982422
2014-08-06,,56.662960052490234,46.65727233886719
2014-08-07,,56.43071365356445,46.34787368774414
2014-08-08,,56.79112243652344,46.800079345703125
2014-08-11,,57.04738235473633,46.96669006347656
2014-08-12,,56.8872184753418,46.95082473754883
2014-08-13,,57.2396125793457,47.22056198120117
2014-08-14,,57.60801315307617,47.44270706176758
2014-08-15,,57.49589538574219,47.45064163208008
2014-08-18,,58.12057876586914,47.79177474975586
2014-08-19,,58.27274703979492,47.98219299316406
2014-08-20,,58.336814880371094,47.9980583190918
2014-08-21,,58.801326751708984,48.12498092651367
2014-08-22,,58.27274703979492,47.9583854675293
2014-08-25,,58.75328826904297,48.25192642211914
2014-08-26,,59.001556396484375,48.307464599609375
2014-08-27,,58.993553161621094,48.38679504394531
2014-08-28,,58.88942337036133,48.24399948120117
2014-08-29,,59.065635681152344,48.331268310546875
2014-09-02,,58.649169921875,48.299530029296875
2014-09-03,,59.08164978027344,48.46613693237305
2014-09-04,,59.201786041259766,48.307464599609375
2014-09-05,,58.82536697387695,48.513736724853516
2014-09-08,,58.593116760253906,48.17258834838867
2014-09-09,,58.41691207885742,47.918724060058594
2014-09-10,,58.60112762451172,48.06945037841797
2014-09-11,,58.224700927734375,47.918724060058594
2014-09-12,,58.200653076171875,47.68070983886719
2014-09-15,,58.04047775268555,47.64103698730469
2014-09-16,,58.464962005615234,47.9425163269043
2014-09-17,,58.11256790161133,47.799713134765625
2014-09-18,,58.76129150390625,48.1011962890625
2014-09-19,,58.76129150390625,47.9583854675293
2014-09-22,,58.68120574951172,47.569637298583984
2014-09-23,,57.840267181396484,47.268165588378906
2014-09-24,,58.08053207397461,47.56172180175781
2014-09-25,,57.535919189453125,46.79215621948242
2014-09-26,,57.45583724975586,47.1174201965332
2014-09-29,,57.2396125793457,46.84769058227539
2014-09-30,,57.16753005981445,46.728694915771484
2014-10-01,,56.73503112792969,46.117794036865234
2014-10-02,,56.19843292236328,45.93532943725586
2014-10-03,,56.64695739746094,46.197139739990234
2014-10-06,,56.39865493774414,46.43513488769531
2014-10-07,,55.669864654541016,45.729061126708984
2014-10-08,,56.92724609375,46.482749938964844
2014-10-09,,55.325477600097656,45.43552017211914
2014-10-10,,54.86896896362305,44.74530029296875
2014-10-13,,54.316349029541016,44.43588638305664
2014-10-14,,53.93993377685547,44.499359130859375
2014-10-15,,54.003997802734375,44.18201446533203
2014-10-16,,53.8358268737793,44.0550651550293
2014-10-17,,54.79689025878906,44.67389678955078
2014-10-20,,55.10123825073242,44.991233825683594
2014-10-21,,56.094337463378906,45.65765380859375
2014-10-22,,55.69389343261719,45.30857467651367
2014-10-23,,56.310577392578125,45.81633377075195
2014-10-24,,56.15039825439453,46.078128814697266
2014-10-27,,56.1904411315918,45.95119094848633
2014-10-28,,57.04738235473633,46.53034591674805
2014-10-29,,56.87919616699219,46.32408142089844
2014-10-30,,56.89521408081055,46.67314529418945
2014-10-31,,57.656070709228516,47.29196548461914
2014-11-03,,57.77620315551758,47.09362030029297
2014-11-04,,57.527931213378906,46.87148666381836
2014-11-05,,57.80022430419922,47.0618896484375
2014-11-06,,57.81624221801758,47.014286041259766
2014-11-07,,57.8082389831543,47.12535858154297
2014-11-10,,57.95240020751953,47.22849655151367
2014-11-11,,58.21669387817383,47.38716506958008
2014-11-12,,58.08053207397461,47.236427307128906
2014-11-13,,57.88832473754883,47.30783462524414
2014-11-14,,58.14460754394531,47.371299743652344
2014-11-17,,58.288761138916016,47.29990005493164
2014-11-18,,58.44095230102539,47.648983001708984
2014-11-19,,58.06451416015625,47.569637298583984
2014-11-20,,58.21669387817383,47.537906646728516
2014-11-21,,58.76129150390625,47.95044708251953
2014-11-24,,58.76129150390625,48.06945037841797
2014-11-25,,58.7933349609375,48.045654296875
2014-11-26,,58.85739517211914,48.236053466796875
2014-11-28,,58.6892204284668,47.9425163269043
2014-12-01,,58.56907272338867,47.64103698730469
2014-12-02,,58.472984313964844,47.847320556640625
2014-12-03,,58.80936050415039,47.97425842285156
2014-12-04,,58.55305480957031,47.86317825317383
2014-12-05,,58.77730178833008,47.910789489746094
2014-12-08,,58.40891647338867,47.46651077270508
2014-12-09,,58.264739990234375,47.31576156616211
2014-12-10,,57.46385192871094,46.60174560546875
2014-12-11,,57.50390625,46.633480072021484
2014-12-12,,56.61490249633789,45.848052978515625
2014-12-15,,56.1904411315918,45.348236083984375
2014-12-16,,55.70189666748047,45.21336364746094
2014-12-17,,56.459693908691406,45.979976654052734
2014-12-18,,58.07722854614258,46.98023223876953
2014-12-19,,58.26324462890625,47.108272552490234
2014-12-22,,58.5058708190918,47.38834762573242
2014-12-23,,58.66762924194336,47.372337341308594
2014-12-24,,58.93452835083008,47.46036148071289
2014-12-26,,59.007301330566406,47.652408599853516
2014-12-29,,58.837459564208984,47.54838180541992
2014-12-30,,58.489688873291016,47.23630905151367
2014-12-31,,57.955909729003906,46.81220245361328
2015-01-02,,57.94783401489258,46.70016098022461
2015-01-05,,56.58910369873047,45.77991485595703
2015-01-06,,55.83695983886719,45.30780029296875
2015-01-07,,56.40309524536133,45.89996337890625
2015-01-08,,57.65666961669922,46.62013626098633
2015-01-09,,57.106712341308594,46.332069396972656
2015-01-12,,57.00156784057617,46.06798553466797
2015-01-13,,56.59719467163086,46.099998474121094
2015-01-14,,56.56483840942383,45.88395690917969
2015-01-15,,56.176639556884766,45.77991485595703
2015-01-16,,56.92878341674805,46.31607437133789
2015-01-20,,57.219940185546875,46.42008590698242
2015-01-21,,57.114810943603516,46.764183044433594
2015-01-22,,57.826515197753906,47.30832290649414
2015-01-23,,57.45448684692383,47.0202522277832
2015-01-26,,58.174278259277344,47.34033966064453
2015-01-27,,58.00444030761719,47.01224899291992
2015-01-28,,57.195682525634766,46.388084411621094
2015-01-29,,57.05819320678711,46.82820129394531
2015-01-30,,56.50823974609375,46.19602966308594
2015-02-02,,57.50300979614258,46.79618835449219
2015-02-03,,57.98018264770508,47.52437210083008
2015-02-04,,57.60007095336914,47.244300842285156
2015-02-05,,58.238990783691406,47.756431579589844
2015-02-06,,58.08530807495117,47.35633087158203
2015-02-09,,57.66475296020508,47.188289642333984
2015-02-10,,58.22279357910156,47.5883903503418
2015-02-11,,58.22279357910156,47.46835708618164
2015-02-12,,58.78894805908203,48.06052017211914
2015-02-13,,59.03966522216797,48.36458969116211
2015-02-17,,59.56533432006836,48.40461730957031
2015-02-18,,59.81606674194336,48.50062561035156
2015-02-19,,59.646217346191406,48.49262619018555
2015-02-20,,60.018253326416016,48.82071304321289
2015-02-23,,60.155738830566406,48.69267272949219
2015-02-24,,60.543941497802734,48.916744232177734
2015-02-25,,60.48732376098633,48.94074630737305
2015-02-26,,60.285160064697266,48.860721588134766
2015-02-27,,60.285160064697266,48.740684509277344
2015-03-02,,60.42261505126953,48.93274688720703
2015-03-03,,60.09104537963867,48.67667007446289
2015-03-04,,59.91312026977539,48.45262145996094
2015-03-05,,59.840328216552734,48.50062561035156
2015-03-06,,59.055824279785156,47.84446334838867
2015-03-09,,59.36316680908203,47.90848159790039
2015-03-10,,58.16619110107422,47.03624725341797
2015-03-11,,58.23088836669922,47.060245513916016
2015-03-12,,58.86172866821289,47.612396240234375
2015-03-13,,58.54629898071289,47.30832290649414
2015-03-16,,59.241851806640625,47.87647247314453
2015-03-17,,59.0800895690918,47.82845687866211
2015-03-18,,60.11531066894531,48.60466003417969
2015-03-19,,59.59769058227539,48.18855285644531
2015-03-20,,60.503509521484375,48.90873336791992
2015-03-23,,60.7299690246582,48.95675277709961
2015-03-24,,60.503509521484375,48.81272506713867
2015-03-25,,60.018253326416016,48.30057907104492
2015-03-26,,59.314632415771484,48.06052017211914
2015-03-27,,59.35506820678711,48.1085319519043
2015-03-30,,59.5249137878418,48.52463912963867
2015-03-31,,59.4197883605957,48.028507232666016
2015-04-01,,59.17713165283203,48.17254638671875
2015-04-02,,59.57343292236328,48.46062088012695
2015-04-06,,60.325584411621094,48.860721588134766
2015-04-07,,59.94546127319336,48.780696868896484
2015-04-08,,60.11531066894531,49.0927848815918
2015-04-09,,60.058692932128906,49.28483581542969
2015-04-10,,60.59248733520508,49.500892639160156
2015-04-13,,60.25277328491211,49.23682403564453
2015-04-14,,60.48732376098633,49.420860290527344
2015-04-15,,60.52777099609375,49.692935943603516
2015-04-16,,60.64909362792969,49.764957427978516
2015-04-17,,60.0020866394043,49.14879608154297
2015-04-20,,60.657188415527344,49.412872314453125
2015-04-21,,60.430721282958984,49.556915283203125
2015-04-22,,60.63291549682617,49.77297592163086
2015-04-23,,60.899837493896484,49.95700454711914
2015-04-24,,61.15861511230469,50.133052825927734
2015-04-27,,61.09391403198242,50.1170539855957
2015-04-28,,61.199073791503906,50.21307373046875
2015-04-29,,60.7623291015625,49.92499542236328
2015-04-30,,60.479244232177734,49.40486145019531
2015-05-01,,60.697608947753906,49.85298156738281
2015-05-04,,61.32845687866211,49.96501159667969
2015-05-05,,60.543941497802734,49.332847595214844
2015-05-06,,60.260894775390625,49.19680404663086
2015-05-07,,60.48732376098633,49.20480728149414
2015-05-08,,61.3122673034668,49.98902130126953
2015-05-11,,61.207130432128906,49.692935943603516
2015-05-12,,60.867462158203125,49.58892059326172
2015-05-13,,61.24758529663086,49.716949462890625
2015-05-14,,61.700462341308594,50.24508285522461
2015-05-15,,61.85414505004883,50.34111022949219
2015-05-18,,61.336517333984375,50.30109786987305
2015-05-19,,62.45264434814453,50.21307373046875
2015-05-20,,61.951202392578125,50.20507049560547
2015-05-21,,62.121036529541016,50.405128479003906
2015-05-22,,62.007808685302734,50.20507049560547
2015-05-26,,61.110076904296875,49.524898529052734
2015-05-27,,61.55489730834961,49.8849983215332
2015-05-28,,61.207130432128906,49.79696273803711
2015-05-29,,60.7380485534668,49.40486145019531
2015-06-01,,61.013031005859375,49.37285614013672
2015-06-02,,61.22330093383789,49.452880859375
2015-06-03,,61.110076904296875,49.628929138183594
2015-06-04,,60.503509521484375,49.14879608154297
2015-06-05,,60.43881607055664,48.85272216796875
2015-06-08,,60.034427642822266,48.66067886352539
2015-06-09,,60.09912872314453,48.54063415527344
2015-06-10,,61.013031005859375,49.260833740234375
2015-06-11,,61.07772445678711,49.40486145019531
2015-06-12,,60.657188415527344,49.06077575683594
2015-06-15,,60.325584411621094,48.804710388183594
2015-06-16,,60.47115707397461,48.924739837646484
2015-06-17,,60.66529083251953,48.95675277709961
2015-06-18,,60.56821823120117,49.444881439208984
2015-06-19,,60.96451950073242,49.14879608154297
2015-06-22,,61.037288665771484,49.74095916748047
2015-06-23,,61.13435745239258,49.85298156738281
2015-06-24,,60.62481689453125,49.500892639160156
2015-06-25,,60.53152084350586,49.353538513183594
2015-06-26,,60.75251770019531,49.30497360229492
2015-06-29,,59.11565017700195,48.05007553100586
2015-06-30,,59.0910758972168,48.13104248046875
2015-07-01,,59.57396697998047,48.42250061035156
2015-07-02,,59.69672393798828,48.45488357543945
2015-07-06,,58.927398681640625,47.880069732666016
2015-07-07,,59.132015228271484,47.92863845825195
2015-07-08,,57.52787399291992,46.957115173339844
2015-07-09,,58.657310485839844,47.345726013183594
2015-07-10,,59.75401306152344,48.34963607788086
2015-07-13,,59.81131362915039,48.7220573425293
2015-07-14,,60.3269157409668,49.021610260009766
2015-07-15,,60.33510208129883,48.89207077026367
2015-07-16,,60.809791564941406,49.248287200927734
2015-07-17,,60.79344940185547,49.215911865234375
2015-07-20,,60.637916564941406,49.224002838134766
2015-07-21,,60.506980895996094,49.102569580078125
2015-07-22,,60.18778610229492,48.83538818359375
2015-07-23,,60.400577545166016,48.59251403808594
2015-07-24,,59.65580368041992,48.074371337890625
2015-07-27,,59.07470703125,47.62907791137695
2015-07-28,,60.13050079345703,48.195804595947266
2015-07-29,,60.44149398803711,48.49536895751953
2015-07-30,,60.523338317871094,48.462982177734375
2015-07-31,,60.646114349365234,48.52775192260742
2015-08-03,,60.449676513671875,48.373924255371094
2015-08-04,,60.400577545166016,48.325340270996094
2015-08-05,,60.6297492980957,48.52775192260742
2015-08-06,,59.98316192626953,48.20390319824219
2015-08-07,,60.081390380859375,48.12294006347656
2015-08-10,,60.54792022705078,48.75444030761719
2015-08-11,,60.20414733886719,48.10675048828125
2015-08-12,,59.70490264892578,47.936737060546875
2015-08-13,,59.65580368041992,47.888160705566406
2015-08-14,,59.71308898925781,48.00150680541992
2015-08-17,,59.86041259765625,48.0177001953125
2015-08-18,,59.93405532836914,47.791011810302734
2015-08-19,,59.26295471191406,47.345726013183594
2015-08-20,,57.85524368286133,46.30133819580078
2015-08-21,,56.11198043823242,44.98167419433594
2015-08-24,,53.975852966308594,43.281497955322266
2015-08-25,,54.327781677246094,43.20054244995117
2015-08-26,,55.7273063659668,44.66592788696289
2015-08-27,,57.17594528198242,45.62126541137695
2015-08-28,,57.19230651855469,45.580780029296875
2015-08-31,,56.660335540771484,45.22455596923828
2015-09-01,,54.97434616088867,43.74296951293945
2015-09-02,,55.841896057128906,44.512107849121094
2015-09-03,,55.75186538696289,44.60115051269531
2015-09-04,,54.74517822265625,43.75917053222656
2015-09-08,,56.4066047668457,44.91691207885742
2015-09-09,,55.653656005859375,44.4797248840332
2015-09-10,,55.768218994140625,44.77927780151367
2015-09-11,,55.7273063659668,44.86832046508789
2015-09-14,,55.62091064453125,44.64973068237305
2015-09-15,,56.16108703613281,45.09501266479492
2015-09-16,,56.733978271484375,45.72651290893555
2015-09-17,,56.74217224121094,45.66175079345703
2015-09-18,,55.784603118896484,44.73070526123047
2015-09-21,,55.73550796508789,44.860233306884766
2015-09-22,,54.81885528564453,44.06682586669922
2015-09-23,,54.8352165222168,43.864418029785156
2015-09-24,,54.84339904785156,43.71059036254883
2015-09-25,,55.29354476928711,43.823936462402344
2015-09-28,,53.39476013183594,42.78764343261719
2015-09-29,,53.21470642089844,42.77145004272461
2015-09-30,,54.64696502685547,43.670108795166016
2015-10-01,,54.696075439453125,43.76726531982422
2015-10-02,,55.138031005859375,44.520206451416016
2015-10-05,,56.69306564331055,45.37028503417969
2015-10-06,,56.57029724121094,45.32981491088867
2015-10-07,,57.06135559082031,45.83176803588867
2015-10-08,,57.151397705078125,46.2365608215332
2015-10-09,,57.306884765625,46.3175163269043
2015-10-12,,57.282344818115234,46.268951416015625
2015-10-13,,56.733978271484375,45.799381256103516
2015-10-14,,56.92222213745117,45.84795379638672
2015-10-15,,57.85524368286133,46.60089111328125
2015-10-16,,57.85524368286133,46.681846618652344
2015-10-19,,57.74884033203125,46.54421615600586
2015-10-20,,57.82250213623047,46.4632453918457
2015-10-21,,57.2987060546875,46.2122802734375
2015-10-22,,58.15806579589844,46.88424301147461
2015-10-23,,58.559085845947266,47.37811279296875
2015-10-26,,58.50997543334961,47.19189453125
2015-10-27,,58.41994857788086,46.93282699584961
2015-10-28,,58.567291259765625,47.353824615478516
2015-10-29,,58.992855072021484,47.19998550415039
2015-10-30,,58.452693939208984,47.01378631591797
2015-11-02,,58.935585021972656,47.54812240600586
2015-11-03,,59.11565017700195,47.69385528564453
2015-11-04,,58.88646697998047,47.5157470703125
2015-11-05,,59.107460021972656,47.41858673095703
2015-11-06,,58.747337341308594,47.2647590637207
2015-11-09,,58.13350296020508,46.75471878051758
2015-11-10,,58.248085021972656,46.795188903808594
2015-11-11,,58.18260955810547,46.714237213134766
2015-11-12,,57.46236801147461,46.14750289916992
2015-11-13,,57.06135559082031,45.669837951660156
2015-11-16,,57.928897857666016,46.28514099121094
2015-11-17,,57.99436569213867,46.30133819580078
2015-11-18,,58.53453063964844,46.843772888183594
2015-11-19,,58.559085845947266,46.965206146240234
2015-11-20,,58.78826904296875,47.07045364379883
2015-11-23,,58.42813491821289,46.88424301147461
2015-11-24,,58.690040588378906,46.92473602294922
2015-11-25,,58.67368698120117,46.965206146240234
2015-11-27,,58.493629455566406,46.90043258666992
2015-11-30,,58.616397857666016,46.76280975341797
2015-12-01,,58.976497650146484,47.22427749633789
2015-12-02,,58.67368698120117,46.74661636352539
2015-12-03,,58.11713409423828,46.22846221923828
2015-12-04,,58.98468017578125,46.892337799072266
2015-12-07,,58.53453063964844,46.4875373840332
2015-12-08,,57.978004455566406,46.02606201171875
2015-12-09,,57.6424560546875,45.783180236816406
2015-12-10,,57.67518615722656,45.750797271728516
2015-12-11,,56.57847213745117,44.86832046508789
2015-12-14,,56.74217224121094,45.03024673461914
2015-12-15,,57.24140930175781,45.475528717041016
2015-12-16,,57.928897857666016,46.268951416015625
2015-12-17,,57.2987060546875,45.62935256958008
2015-12-18,,56.54573440551758,44.98167419433594
2015-12-21,,56.79315185546875,45.33164596557617
2015-12-22,,57.347496032714844,45.68406295776367
2015-12-23,,58.2493782043457,46.33974075317383
2015-12-24,,57.91841125488281,46.28236770629883
2015-12-28,,57.98461151123047,46.143035888671875
2015-12-29,,58.58032989501953,46.57358932495117
2015-12-30,,57.92668533325195,46.23734664916992
2015-12-31,,57.58745193481445,45.77809143066406
2016-01-04,,56.76003646850586,44.9661979675293
2016-01-05,,56.362892150878906,45.0072021484375
2016-01-06,,55.7092399597168,44.326507568359375
2016-01-07,,53.90549087524414,43.293190002441406
2016-01-08,,53.624168395996094,42.79292678833008
2016-01-11,,53.70691680908203,42.842132568359375
2016-01-12,,54.013057708740234,43.1209602355957
2016-01-13,,52.87950897216797,42.24346160888672
2016-01-14,,53.79792785644531,42.8585319519043
2016-01-15,,52.076927185058594,41.644775390625
2016-01-19,,52.391334533691406,41.89081573486328
2016-01-20,,51.70460510253906,41.218326568603516
2016-01-21,,51.87834930419922,41.44795227050781
2016-01-22,,53.111183166503906,42.49767303466797
2016-01-25,,52.30032730102539,41.866207122802734
2016-01-26,,53.23528289794922,42.56329345703125
2016-01-27,,52.78849411010742,42.21065902709961
2016-01-28,,53.01189041137695,42.440277099609375
2016-01-29,,54.07097625732422,43.3505859375
2016-02-01,,54.10407257080078,43.268577575683594
2016-02-02,,52.98706817626953,42.350067138671875
2016-02-03,,53.35940933227539,42.6781120300293
2016-02-04,,53.417320251464844,42.80112075805664
2016-02-05,,52.40789794921875,42.08762741088867
2016-02-08,,51.638404846191406,41.39874267578125
2016-02-09,,51.14196014404297,41.169124603271484
2016-02-10,,51.19987106323242,41.16092300415039
2016-02-11,,50.653785705566406,40.6114501953125
2016-02-12,,51.4067268371582,41.32494354248047
2016-02-16,,52.565093994140625,42.15324401855469
2016-02-17,,53.38422775268555,42.91593551635742
2016-02-18,,53.375953674316406,42.735511779785156
2016-02-19,,53.21047592163086,42.661712646484375
2016-02-22,,53.789649963378906,43.260379791259766
2016-02-23,,53.078086853027344,42.620704650878906
2016-02-24,,53.22701644897461,42.686309814453125
2016-02-25,,53.88894271850586,43.145565032958984
2016-02-26,,53.84757614135742,43.0389518737793
2016-02-29,,53.756561279296875,42.809322357177734
2016-03-01,,55.01422119140625,43.85905456542969
2016-03-02,,55.26243591308594,44.13789367675781
2016-03-03,,55.57685089111328,44.4659309387207
2016-03-04,,56.09812927246094,44.7447624206543
2016-03-07,,55.8995475769043,44.77757263183594
2016-03-08,,55.26243591308594,44.2937126159668
2016-03-09,,55.68442916870117,44.53153610229492
2016-03-10,,55.46928787231445,44.50694274902344
2016-03-11,,56.7765998840332,45.40083694458008
2016-03-14,,56.561466217041016,45.302433013916016
2016-03-15,,56.42082214355469,45.0072021484375
2016-03-16,,56.82624053955078,45.433650970458984
2016-03-17,,57.165462493896484,45.83550262451172
2016-03-18,,57.1902961730957,45.925716400146484
2016-03-21,,57.21512222290039,45.925716400146484
2016-03-22,,57.264766693115234,45.86830139160156
2016-03-23,,56.56974792480469,45.392635345458984
2016-03-24,,56.65248489379883,45.294227600097656
2016-03-28,,56.817955017089844,45.433650970458984
2016-03-29,,57.372318267822266,45.909297943115234
2016-03-30,,57.71984100341797,46.196346282958984
2016-03-31,,57.39715576171875,45.97492218017578
2016-04-01,,57.25648498535156,45.94211196899414
2016-04-04,,57.107547760009766,45.77809143066406
2016-04-05,,56.3215217590332,45.12201690673828
2016-04-06,,57.165462493896484,45.66328430175781
2016-04-07,,56.37115478515625,45.08100128173828
2016-04-08,,57.04963684082031,45.556671142578125
2016-04-11,,56.8014030456543,45.54026412963867
2016-04-12,,57.43852615356445,46.114341735839844
2016-04-13,,58.30729293823242,46.672000885009766
2016-04-14,,58.340389251708984,46.737606048583984
2016-04-15,,58.15836715698242,46.66379928588867
2016-04-18,,58.53068161010742,47.00004196166992
2016-04-19,,59.142974853515625,47.44290542602539
2016-04-20,,59.3001823425293,47.401885986328125
2016-04-21,,58.82856369018555,47.172264099121094
2016-04-22,,59.0684928894043,47.1640625
2016-04-25,,58.704437255859375,46.99184036254883
2016-04-26,,58.82027816772461,47.15586471557617
2016-04-27,,58.96921157836914,47.229671478271484
2016-04-28,,58.38175582885742,46.79501724243164
2016-04-29,,58.009422302246094,46.58999252319336
2016-05-02,,58.7789192199707,46.87703323364258
2016-05-03,,57.98461151123047,46.20454788208008
2016-05-04,,57.306121826171875,45.769893646240234
2016-05-05,,57.364051818847656,45.77809143066406
2016-05-06,,57.306121826171875,45.909297943115234
2016-05-09,,57.58745193481445,45.80268859863281
2016-05-10,,58.21629333496094,46.458778381347656
2016-05-11,,57.678470611572266,46.122535705566406
2016-05-12,,57.81085968017578,46.114341735839844
2016-05-13,,57.12411117553711,45.5976676940918
2016-05-16,,58.025978088378906,46.147132873535156
2016-05-17,,57.264766693115234,45.794490814208984
2016-05-18,,57.380584716796875,45.737091064453125
2016-05-19,,57.148929595947266,45.523868560791016
2016-05-20,,57.47160720825195,45.83550262451172
2016-05-23,,57.43852615356445,45.72888946533203
2016-05-24,,58.083892822265625,46.33575439453125
2016-05-25,,58.64653015136719,46.72121047973633
2016-05-26,,58.5141487121582,46.811424255371094
2016-05-27,,58.60515594482422,46.860626220703125
2016-05-31,,58.481056213378906,46.745811462402344
2016-06-01,,58.572059631347656,46.811424255371094
2016-06-02,,58.62997055053711,46.893428802490234
2016-06-03,,58.878211975097656,47.024658203125
2016-06-06,,59.04368209838867,47.31167221069336
2016-06-07,,59.308441162109375,47.500301361083984
2016-06-08,,59.5980339050293,47.680728912353516
2016-06-09,,59.09332275390625,47.33629608154297
2016-06-10,,58.07562255859375,46.50798034667969
2016-06-13,,57.70329666137695,46.01592254638672
2016-06-14,,57.248207092285156,45.70428466796875
2016-06-15,,57.39715576171875,45.84370040893555
2016-06-16,,57.47988510131836,45.876502990722656
2016-06-17,,57.620540618896484,45.9995231628418
2016-06-20,,58.45622253417969,46.64739990234375
2016-06-21,,58.64653015136719,46.86882400512695
2016-06-22,,58.56196212768555,46.82229995727539
2016-06-23,,59.826133728027344,47.68645095825195
2016-06-24,,56.4857177734375,45.11892318725586
2016-06-27,,55.221553802490234,44.279685974121094
2016-06-28,,56.30154037475586,45.243560791015625
2016-06-29,,57.540592193603516,46.099395751953125
2016-06-30,,58.04290771484375,46.722591400146484
2016-07-01,,58.20196533203125,46.82229995727539
2016-07-05,,57.515472412109375,46.240657806396484
2016-07-06,,57.64944076538086,46.3154411315918
2016-07-07,,57.515472412109375,46.20741271972656
2016-07-08,,58.40291213989258,46.913700103759766
2016-07-11,,58.81313705444336,47.320838928222656
2016-07-12,,59.4996337890625,47.777854919433594
2016-07-13,,59.574989318847656,47.76123809814453
2016-07-14,,59.826133728027344,48.052059173583984
2016-07-15,,59.65032196044922,47.952354431152344
2016-07-18,,59.784271240234375,48.10190963745117
2016-07-19,,59.70054626464844,47.877567291259766
2016-07-20,,59.87635803222656,48.151763916015625
2016-07-21,,59.826133728027344,48.01051330566406
2016-07-22,,59.96847915649414,48.16007995605469
2016-07-25,,59.90986633300781,48.035438537597656
2016-07-26,,60.018707275390625,48.1185302734375
2016-07-27,,59.83451461791992,48.18500518798828
2016-07-28,,60.11079406738281,48.209930419921875
2016-07-29,,60.45404815673828,48.484134674072266
2016-08-01,,60.1861457824707,48.32626724243164
2016-08-02,,59.926597595214844,48.027130126953125
2016-08-03,,59.77590560913086,48.07699203491211
2016-08-04,,59.926597595214844,48.251487731933594
2016-08-05,,60.35357666015625,48.55891799926758
2016-08-08,,60.48752975463867,48.63370132446289
2016-08-09,,60.75541305541992,48.907901763916016
2016-08-10,,60.60472869873047,48.882972717285156
2016-08-11,,61.09029769897461,49.207035064697266
2016-08-12,,61.05683135986328,49.12394332885742
2016-08-15,,61.22423553466797,49.3316650390625
2016-08-16,,61.04844284057617,49.12394332885742
2016-08-17,,61.10704040527344,49.17380142211914
2016-08-18,,61.274497985839844,49.348289489746094
2016-08-19,,61.05683135986328,49.16548538208008
2016-08-22,,60.947994232177734,49.10732650756836
2016-08-23,,61.257747650146484,49.207035064697266
2016-08-24,,60.989830017089844,49.02423858642578
2016-08-25,,60.7052116394043,48.91621398925781
2016-08-26,,60.579612731933594,48.716793060302734
2016-08-29,,60.89775848388672,48.93283462524414
2016-08-30,,60.7638053894043,48.841426849365234
2016-08-31,,60.654964447021484,48.65031814575195
2016-09-01,,60.81403732299805,48.82481002807617
2016-09-02,,61.174034118652344,49.207035064697266
2016-09-06,,61.601009368896484,49.54771423339844
2016-09-07,,61.550750732421875,49.539398193359375
2016-09-08,,61.43354797363281,49.40645217895508
2016-09-09,,59.943355560302734,48.25979232788086
2016-09-12,,60.654964447021484,48.79988098144531
2016-09-13,,59.524749755859375,47.935726165771484
2016-09-14,,59.507991790771484,47.89418029785156
2016-09-15,,59.87635803222656,48.401039123535156
2016-09-16,,59.69218826293945,48.052059173583984
2016-09-19,,59.77590560913086,48.176692962646484
2016-09-20,,59.60847473144531,48.3511848449707
2016-09-21,,60.696842193603516,49.11563491821289
2016-09-22,,61.073551177978516,49.47291946411133
2016-09-23,,60.68008804321289,49.13224792480469
2016-09-26,,60.1191520690918,48.69186782836914
2016-09-27,,60.46242141723633,48.96607208251953
2016-09-28,,60.85588836669922,49.28182601928711
2016-09-29,,60.32008361816406,48.76665115356445
2016-09-30,,60.83077621459961,49.10732650756836
2016-10-03,,60.5461311340332,49.00761032104492
2016-10-04,,60.49590301513672,48.80819320678711
2016-10-05,,60.74705505371094,49.09901428222656
2016-10-06,,60.470802307128906,49.02423858642578
2016-10-07,,60.26985549926758,48.82481002807617
2016-10-10,,60.629852294921875,49.057472229003906
2016-10-11,,59.81776428222656,48.3761100769043
2016-10-12,,59.77590560913086,48.3761100769043
2016-10-13,,59.60847473144531,48.16838455200195
2016-10-14,,59.549861907958984,48.201622009277344
2016-10-17,,59.44939422607422,48.06036376953125
2016-10-18,,59.96847915649414,48.484134674072266
2016-10-19,,60.1191520690918,48.65031814575195
2016-10-20,,60.094032287597656,48.57553482055664
2016-10-21,,59.9852180480957,48.55891799926758
2016-10-24,,60.13591003417969,48.7084846496582
2016-10-25,,60.08566665649414,48.63370132446289
2016-10-26,,59.85124206542969,48.40934371948242
2016-10-27,,59.73404312133789,48.30963897705078
2016-10-28,,59.7172966003418,48.151763916015625
2016-10-31,,59.541481018066406,48.16838455200195
2016-11-01,,59.29033660888672,47.86925506591797
2016-11-02,,58.87174606323242,47.52027130126953
2016-11-03,,58.587093353271484,47.38732147216797
2016-11-04,,58.3945198059082,47.146358489990234
2016-11-07,,59.63359069824219,48.1102180480957
2016-11-08,,59.7172966003418,48.3761100769043
2016-11-09,,60.018707275390625,48.52568817138672
2016-11-10,,60.027076721191406,48.39272689819336
2016-11-11,,59.801025390625,48.126834869384766
2016-11-14,,59.72566604614258,47.99390411376953
2016-11-15,,59.99357604980469,48.40934371948242
2016-11-16,,59.759151458740234,48.209930419921875
2016-11-17,,60.17775344848633,48.44257736206055
2016-11-18,,59.89311599731445,48.209930419921875
2016-11-21,,60.3619499206543,48.5838508605957
2016-11-22,,60.37031173706055,48.783267974853516
2016-11-23,,60.345191955566406,48.66693115234375
2016-11-25,,60.5461311340332,48.8497428894043
2016-11-28,,60.403812408447266,48.66693115234375
2016-11-29,,60.68846130371094,48.79157638549805
2016-11-30,,60.53775405883789,48.66693115234375
2016-12-01,,60.345191955566406,48.43428421020508
2016-12-02,,60.44565963745117,48.51736831665039
2016-12-05,,60.67170715332031,48.8497428894043
2016-12-06,,60.98146057128906,49.11563491821289
2016-12-07,,61.85214614868164,49.78868103027344
2016-12-08,,61.97773742675781,49.88007736206055
2016-12-09,,62.120059967041016,50.11274719238281
2016-12-12,,62.086585998535156,49.954856872558594
2016-12-13,,62.6140022277832,50.35369873046875
2016-12-14,,61.97773742675781,49.74714660644531
2016-12-15,,62.12841796875,49.82191467285156
2016-12-16,,61.894020080566406,49.722206115722656
2016-12-19,,62.078189849853516,49.78037643432617
2016-12-20,,62.329345703125,49.954856872558594
2016-12-21,,62.183921813964844,49.831581115722656
2016-12-22,,61.98945236206055,49.74771499633789
2016-12-23,,62.22618103027344,49.78126525878906
2016-12-27,,62.183921813964844,49.848350524902344
2016-12-28,,61.86259460449219,49.60515213012695
2016-12-29,,61.99787902832031,49.69740676879883
2016-12-30,,61.79495620727539,49.621917724609375
2017-01-03,,62.36994552612305,50.0076904296875
2017-01-04,,62.90266799926758,50.43539810180664
2017-01-05,,63.11404800415039,50.62828826904297
2017-01-06,,63.24089050292969,50.636661529541016
2017-01-09,,62.92803192138672,50.519256591796875
2017-01-10,,63.021053314208984,50.519256591796875
2017-01-11,,63.063331604003906,50.79601287841797
2017-01-12,,63.190162658691406,50.7708625793457
2017-01-13,,63.36773681640625,50.905029296875
2017-01-17,,63.190162658691406,50.745697021484375
2017-01-18,,63.02950668334961,50.661827087402344
2017-01-19,,62.970298767089844,50.519256591796875
2017-01-20,,63.11404800415039,50.728919982910156
2017-01-23,,63.13097381591797,50.737308502197266
2017-01-24,,63.50302505493164,51.01405715942383
2017-01-25,,63.98501205444336,51.51723861694336
2017-01-26,,63.942710876464844,51.416595458984375
2017-01-27,,63.8919792175293,51.31595993041992
2017-01-30,,63.477664947509766,50.988895416259766
2017-01-31,,63.5114860534668,51.06437301635742
2017-02-01,,63.62141036987305,51.089534759521484
2017-02-02,,63.63829803466797,51.1566276550293
2017-02-03,,63.9173698425293,51.45014572143555
2017-02-06,,63.77360153198242,51.257259368896484
2017-02-07,,63.74824142456055,51.2153205871582
2017-02-08,,63.8581428527832,51.349510192871094
2017-02-09,,64.09493255615234,51.55916976928711
2017-02-10,,64.25558471679688,51.76882553100586
2017-02-13,,64.5684585571289,52.012027740478516
2017-02-14,,64.79676055908203,52.12105178833008
2017-02-15,,64.92359161376953,52.372642517089844
2017-02-16,,65.08425903320312,52.381019592285156
2017-02-17,,65.01660919189453,52.34748077392578
2017-02-21,,65.27873992919922,52.57390594482422
2017-02-22,,65.33793640136719,52.59067916870117
2017-02-23,,65.27873992919922,52.615840911865234
2017-02-24,,65.27873992919922,52.48167037963867
2017-02-27,,65.32101440429688,52.52359390258789
2017-02-28,,65.17728424072266,52.34748077392578
2017-03-01,,65.87064361572266,52.993228912353516
2017-03-02,,65.44784545898438,52.65778350830078
2017-03-03,,65.667724609375,52.783565521240234
2017-03-06,,65.45631408691406,52.63261413574219
2017-03-07,,65.24491119384766,52.50682830810547
2017-03-08,,65.04198455810547,52.33070755004883
2017-03-09,,65.11809539794922,52.364253997802734
2017-03-10,,65.49014282226562,52.64937973022461
2017-03-13,,65.76070404052734,52.85065841674805
2017-03-14,,65.23646545410156,52.54874801635742
2017-03-15,,65.9552001953125,53.17772674560547
2017-03-16,,66.20887756347656,53.2867546081543
2017-03-17,,66.05667114257812,53.261592864990234
2017-03-20,,65.98055267333984,53.26996994018555
2017-03-21,,65.2702865600586,52.758419036865234
2017-03-22,,65.63388061523438,52.859046936035156
2017-03-23,,65.43940734863281,52.88420104980469
2017-03-24,,65.53239440917969,52.90098190307617
2017-03-27,,65.48168182373047,52.94291305541992
2017-03-28,,66.00592803955078,53.17772674560547
2017-03-29,,65.94673156738281,53.202884674072266
2017-03-30,,66.08203125,53.17772674560547
2017-03-31,,65.84528350830078,53.051944732666016
2017-04-03,,65.81989288330078,53.043548583984375
2017-04-04,,65.71844482421875,53.06031799316406
2017-04-05,,65.60850524902344,52.917747497558594
2017-04-06,,65.6423568725586,52.96807098388672
2017-04-07,,65.667724609375,52.917747497558594
2017-04-10,,65.68461608886719,52.90098190307617
2017-04-11,,65.80300903320312,52.96807098388672
2017-04-12,,65.60850524902344,52.8422737121582
2017-04-13,,65.09272766113281,52.49005126953125
2017-04-17,,65.57469177246094,52.90098190307617
2017-04-18,,65.32947540283203,52.64099884033203
2017-04-19,,65.2702865600586,52.50682830810547
2017-04-20,,65.667724609375,52.926143646240234
2017-04-21,,65.60005187988281,52.85065841674805
2017-04-24,,66.69930267333984,53.6557502746582
2017-04-25,,67.1136474609375,54.01637268066406
2017-04-26,,67.01217651367188,53.90733337402344
2017-04-27,,66.96143341064453,53.92411422729492
2017-04-28,,66.95298767089844,53.90733337402344
2017-05-01,,67.15593719482422,54.04990768432617
2017-05-02,,67.18975830078125,54.20923614501953
2017-05-03,,67.13055419921875,54.04990768432617
2017-05-04,,67.35040283203125,54.16731262207031
2017-05-05,,67.71401977539062,54.527923583984375
2017-05-08,,67.59563446044922,54.41889572143555
2017-05-09,,67.56179809570312,54.40213394165039
2017-05-10,,67.59563446044922,54.527923583984375
2017-05-11,,67.45188903808594,54.45245361328125
2017-05-12,,67.50260925292969,54.5195426940918
2017-05-15,,67.94232177734375,54.82145309448242
2017-05-16,,68.11144256591797,54.922080993652344
2017-05-17,,67.02908325195312,54.091835021972656
2017-05-18,,67.1474838256836,54.15892791748047
2017-05-19,,67.72246551513672,54.720821380615234
2017-05-22,,68.1875228881836,54.93885040283203
2017-05-23,,68.06069946289062,54.964012145996094
2017-05-24,,68.36510467529297,55.073028564453125
2017-05-25,,68.39047241210938,55.24076843261719
2017-05-26,,68.39047241210938,55.20722198486328
2017-05-30,,68.49195098876953,55.18207550048828
2017-05-31,,68.34820556640625,55.09819030761719
2017-06-01,,68.88092803955078,55.551063537597656
2017-06-02,,69.21914672851562,55.861358642578125
2017-06-05,,68.9992904663086,55.802650451660156
2017-06-06,,68.85553741455078,55.66008758544922
2017-06-07,,68.88935089111328,55.693626403808594
2017-06-08,,68.92318725585938,55.73556137084961
2017-06-09,,68.8048095703125,55.54267883300781
2017-06-12,,68.67797088623047,55.44203567504883
2017-06-13,,69.0584716796875,55.75233459472656
2017-06-14,,68.88092803955078,55.67685317993164
2017-06-15,,68.50885772705078,55.37494659423828
2017-06-16,,68.8978271484375,55.57621383666992
2017-06-19,,69.32906341552734,55.90329360961914
2017-06-20,,68.72510528564453,55.46406173706055
2017-06-21,,68.60552215576172,55.489479064941406
2017-06-22,,68.60552215576172,55.48100662231445
2017-06-23,,68.82760620117188,55.574283599853516
2017-06-26,,68.8959732055664,55.709938049316406
2017-06-27,,68.60552215576172,55.47252655029297
2017-06-28,,69.10953521728516,55.904972076416016
2017-06-29,,68.59698486328125,55.39622116088867
2017-06-30,,68.62259674072266,55.53188705444336
2017-07-03,,68.65677642822266,55.59972381591797
2017-07-05,,68.70802307128906,55.60819625854492
2017-07-06,,68.26382446289062,55.192710876464844
2017-07-07,,68.56280517578125,55.40469741821289
2017-07-10,,68.68238067626953,55.54036331176758
2017-07-11,,68.71656036376953,55.62516403198242
2017-07-12,,69.16077423095703,56.11697006225586
2017-07-13,,69.40850067138672,56.24415588378906
2017-07-14,,69.76730346679688,56.574859619140625
2017-07-17,,69.62208557128906,56.507022857666016
2017-07-18,,69.76730346679688,56.608768463134766
2017-07-19,,70.10044860839844,56.922508239746094
2017-07-20,,70.27983856201172,56.98186492919922
2017-07-21,,69.98941040039062,56.905555725097656
2017-07-24,,69.95523834228516,56.86316680908203
2017-07-25,,70.22005462646484,56.98186492919922
2017-07-26,,70.39090728759766,57.15145492553711
2017-07-27,,70.16027069091797,57.04122543334961
2017-07-28,,70.2457046508789,56.98186492919922
2017-07-31,,70.28839111328125,57.04970169067383
2017-08-01,,70.69845581054688,57.236263275146484
2017-08-02,,70.52758026123047,57.270172119140625
2017-08-03,,70.49341583251953,57.15145492553711
2017-08-04,,70.57884979248047,57.261688232421875
2017-08-07,,70.66426086425781,57.31256866455078
2017-08-08,,70.39945220947266,57.15145492553711
2017-08-09,,70.35674285888672,57.08362579345703
2017-08-10,,69.35725402832031,56.25263595581055
2017-08-11,,69.25474548339844,56.26111602783203
2017-08-14,,69.94670104980469,56.761409759521484
2017-08-15,,69.83565521240234,56.68509292602539
2017-08-16,,70.0748291015625,56.94795608520508
2017-08-17,,69.15223693847656,56.20176315307617
2017-08-18,,69.1778564453125,56.25263595581055
2017-08-21,,69.15223693847656,56.30352020263672
2017-08-22,,69.79292297363281,56.761409759521484
2017-08-23,,69.664794921875,56.66812515258789
2017-08-24,,69.51103210449219,56.63420867919922
2017-08-25,,69.69896697998047,56.85468292236328
2017-08-28,,69.7074966430664,56.803802490234375
2017-08-29,,69.7331314086914,56.761409759521484
2017-08-30,,69.79292297363281,56.93099594116211
2017-08-31,,70.34819793701172,57.278648376464844
2017-09-01,,70.40798950195312,57.41432571411133
2017-09-05,,69.98941040039062,56.9733772277832
2017-09-06,,70.23714447021484,57.236263275146484
2017-09-07,,70.52758026123047,57.45671844482422
2017-09-08,,70.45925903320312,57.397361755371094
2017-09-11,,71.1426773071289,57.923091888427734
2017-09-12,,71.27078247070312,58.16051483154297
2017-09-13,,71.21955871582031,58.00788879394531
2017-09-14,,71.30496978759766,58.0333251953125
2017-09-15,,71.36475372314453,58.14354705810547
2017-09-18,,71.42456817626953,58.253780364990234
2017-09-19,,71.54415893554688,58.37250518798828
2017-09-20,,71.67230987548828,58.39793395996094
2017-09-21,,71.40746307373047,58.2368278503418
2017-09-22,,71.62104034423828,58.24530792236328
2017-09-25,,71.35620880126953,57.9994010925293
2017-09-26,,71.29643249511719,57.88068771362305
2017-09-27,,71.63813018798828,57.96549606323242
2017-09-28,,71.55270385742188,58.0333251953125
2017-09-29,,71.83462524414062,58.35554504394531
2017-10-02,,72.11653137207031,58.42337417602539
2017-10-03,,72.20194244384766,58.65231704711914
2017-10-04,,72.30445861816406,58.6947135925293
2017-10-05,,72.56072998046875,58.92366409301758
2017-10-06,,72.38134002685547,58.847354888916016
2017-10-09,,72.27881622314453,58.73711395263672
2017-10-10,,72.62907409667969,59.06782913208008
2017-10-11,,72.86824798583984,59.22044372558594
2017-10-12,,72.82553100585938,59.21197509765625
2017-10-13,,73.00493621826172,59.35610580444336
2017-10-16,,73.03910827636719,59.41545867919922
2017-10-17,,73.04766082763672,59.35610580444336
2017-10-18,,73.09891510009766,59.44939041137695
2017-10-19,,73.11598205566406,59.398521423339844
2017-10-20,,73.26122283935547,59.62746047973633
2017-10-23,,73.20143127441406,59.33915710449219
2017-10-24,,73.184326171875,59.373069763183594
2017-10-25,,72.79991149902344,59.16108322143555
2017-10-26,,72.91952514648438,59.14412307739258
2017-10-27,,73.184326171875,59.51723098754883
2017-10-30,,73.14163208007812,59.423954010009766
2017-10-31,,73.36372375488281,59.61051559448242
2017-11-01,,73.37226104736328,59.71226119995117
2017-11-02,,73.53458404541016,59.79704284667969
2017-11-03,,73.50895690917969,59.85639953613281
2017-11-06,,73.7908706665039,60.0259895324707
2017-11-07,,73.63710021972656,59.94968795776367
2017-11-08,,73.87628173828125,60.06838607788086
2017-11-09,,73.44914245605469,59.78009033203125
2017-11-10,,73.43208312988281,59.6783332824707
2017-11-13,,73.28684997558594,59.59353256225586
2017-11-14,,73.1245346069336,59.47482681274414
2017-11-15,,72.83409118652344,59.17803955078125
2017-11-16,,73.44914245605469,59.771610260009766
2017-11-17,,73.27830505371094,59.6783332824707
2017-11-20,,73.38935852050781,59.79704284667969
2017-11-21,,73.85065460205078,60.254920959472656
2017-11-22,,73.88482666015625,60.33125305175781
2017-11-24,,74.21798706054688,60.50083923339844
2017-11-27,,74.01295471191406,60.280372619628906
2017-11-28,,74.5767822265625,60.75523376464844
2017-11-29,,74.39739227294922,60.526275634765625
2017-11-30,,74.79888153076172,60.81458282470703
2017-12-01,,74.67076110839844,60.66196060180664
2017-12-04,,74.48280334472656,60.50932693481445
2017-12-05,,74.31195831298828,60.33125305175781
2017-12-06,,74.29486846923828,60.212547302246094
2017-12-07,,74.47427368164062,60.373634338378906
2017-12-08,,74.81596374511719,60.7213134765625
2017-12-11,,74.93556213378906,60.95023727416992
2017-12-12,,75.18330383300781,60.95023727416992
2017-12-13,,75.17475891113281,61.09440231323242
2017-12-14,,74.99536895751953,60.78064727783203
2017-12-15,,75.13204193115234,61.02656555175781
2017-12-18,,75.84961700439453,61.586212158203125
2017-12-19,,75.70735931396484,61.38850402832031
2017-12-20,,75.60387420654297,61.345706939697266
2017-12-21,,75.80219268798828,61.55111312866211
2017-12-22,,75.96601104736328,61.619590759277344
2017-12-26,,75.87980651855469,61.55111312866211
2017-12-27,,75.9832763671875,61.619590759277344
2017-12-28,,76.12124633789062,61.75651550292969
2017-12-29,,75.97463989257812,61.69660186767578
2018-01-02,,76.5523681640625,62.278564453125
2018-01-03,,77.0093765258789,62.595237731933594
2018-01-04,,77.35428619384766,63.03171157836914
2018-01-05,,77.96649932861328,63.4425048828125
2018-01-08,,77.77680206298828,63.502403259277344
2018-01-09,,77.95787048339844,63.57944107055664
2018-01-10,,77.77680206298828,63.43394088745117
2018-01-11,,78.32003021240234,63.87040710449219
2018-01-12,,79.02708435058594,64.35823822021484
2018-01-16,,78.88911437988281,64.24697875976562
2018-01-17,,79.36338806152344,64.75192260742188
2018-01-18,,79.21678924560547,64.66632843017578
2018-01-19,,79.57894134521484,64.97442626953125
2018-01-22,,80.13079071044922,65.44514465332031
2018-01-23,,80.38947296142578,65.6505355834961
2018-01-24,,80.54469299316406,65.71045684814453
2018-01-25,,80.43260192871094,65.6505355834961
2018-01-26,,81.11377716064453,66.3608627319336
2018-01-29,,80.59642028808594,65.7874755859375
2018-01-30,,79.77726745605469,65.14559173583984
2018-01-31,,79.91521453857422,65.21406555175781
2018-02-01,,79.9066162109375,65.17125701904297
2018-02-02,,78.22518157958984,63.75059509277344
2018-02-05,,74.93128967285156,61.217350006103516
2018-02-06,,76.32815551757812,62.51820755004883
2018-02-07,,75.7935562133789,61.79075241088867
2018-02-08,,73.31886291503906,59.762451171875
2018-02-09,,74.28461456298828,60.45565414428711
2018-02-12,,75.12963104248047,61.294376373291016
2018-02-13,,75.25897216796875,61.405635833740234
2018-02-14,,76.46614837646484,62.449737548828125
2018-02-15,,77.1645736694336,63.15151596069336
2018-02-16,,77.33705139160156,63.219970703125
2018-02-20,,76.74207305908203,62.689369201660156
2018-02-21,,76.26782989501953,62.415496826171875
2018-02-22,,76.47476959228516,62.54387664794922
2018-02-23,,77.5526123046875,63.32267761230469
2018-02-26,,78.28553771972656,63.99878692626953
2018-02-27,,77.14735412597656,63.02315139770508
2018-02-28,,76.43165588378906,62.295692443847656
2018-03-01,,75.42279052734375,61.51687240600586
2018-03-02,,75.66423797607422,61.799312591552734
2018-03-05,,76.44890594482422,62.287139892578125
2018-03-06,,76.65584564208984,62.61234664916992
2018-03-07,,76.68172454833984,62.56954574584961
2018-03-08,,76.95762634277344,62.80063247680664
2018-03-09,,77.84577941894531,63.613670349121094
2018-03-12,,77.92340087890625,63.639339447021484
2018-03-13,,77.38016510009766,63.211429595947266
2018-03-14,,77.25942993164062,63.08306121826172
2018-03-15,,77.18183135986328,63.057395935058594
2018-03-16,,77.19046020507812,63.03171157836914
2018-03-19,,76.33682250976562,62.36416244506836
2018-03-20,,76.3885498046875,62.449737548828125
2018-03-21,,76.3885498046875,62.50965118408203
2018-03-22,,74.68988037109375,61.02907180786133
2018-03-23,,73.49993133544922,59.984954833984375
2018-03-26,,75.15550231933594,61.38850402832031
2018-03-27,,74.01728820800781,60.50701904296875
2018-03-28,,74.12078094482422,60.54979705810547
2018-03-29,,75.12963104248047,61.36284255981445
2018-04-02,,73.54304504394531,60.130455017089844
2018-04-03,,74.25874328613281,60.7723274230957
2018-04-04,,74.81920623779297,61.20022964477539
2018-04-05,,75.42279052734375,61.63669204711914
2018-04-06,,74.29322814941406,60.609703063964844
2018-04-09,,74.71574401855469,60.92638397216797
2018-04-10,,75.7935562133789,61.87633514404297
2018-04-11,,75.42279052734375,61.60247039794922
2018-04-12,,75.90565490722656,61.944801330566406
2018-04-13,,75.70735931396484,61.8078727722168
2018-04-16,,76.1988525390625,62.10740280151367
2018-04-17,,76.9059066772461,62.56100845336914
2018-04-18,,77.078369140625,62.76638412475586
2018-04-19,,76.63861846923828,62.50107192993164
2018-04-20,,76.11262512207031,62.01327133178711
2018-04-23,,76.06088256835938,61.92768478393555
2018-04-24,,75.37107849121094,61.337154388427734
2018-04-25,,75.31932067871094,61.345706939697266
2018-04-26,,76.06088256835938,61.842105865478516
2018-04-27,,76.05226135253906,61.97047805786133
2018-04-30,,75.69010925292969,61.61103820800781
2018-05-01,,75.70735931396484,61.542564392089844
2018-05-02,,75.30208587646484,61.28582000732422
2018-05-03,,75.40555572509766,61.294376373291016
2018-05-04,,75.94878387451172,61.8078727722168
2018-05-07,,76.20748138427734,61.910552978515625
2018-05-08,,76.13849639892578,61.936248779296875
2018-05-09,,76.68172454833984,62.295692443847656
2018-05-10,,77.31116485595703,62.92899703979492
2018-05-11,,77.48361206054688,63.06593322753906
2018-05-14,,77.67333984375,63.16007614135742
2018-05-15,,77.078369140625,62.61234664916992
2018-05-16,,77.3198013305664,62.894779205322266
2018-05-17,,77.39739227294922,62.8177375793457
2018-05-18,,77.14735412597656,62.603797912597656
2018-05-21,,77.6043472290039,63.00602722167969
2018-05-22,,77.51812744140625,62.937557220458984
2018-05-23,,77.22494506835938,62.8091926574707
2018-05-24,,77.078369140625,62.578128814697266
2018-05-25,,76.85417938232422,62.39839172363281
2018-05-29,,75.7677230834961,61.44842529296875
2018-05-30,,76.73343658447266,62.25288772583008
2018-05-31,,76.19021606445312,61.90201187133789
2018-06-01,,77.01799774169922,62.54387664794922
2018-06-04,,77.29391479492188,62.91188430786133
2018-06-05,,77.2853012084961,62.84341049194336
2018-06-06,,77.99236297607422,63.4425048828125
2018-06-07,,77.7423095703125,63.16007614135742
2018-06-08,,78.02685546875,63.28844451904297
2018-06-11,,78.23380279541016,63.49384307861328
2018-06-12,,78.19931030273438,63.40825653076172
2018-06-13,,77.99236297607422,63.279884338378906
2018-06-14,,78.06135559082031,63.26277160644531
2018-06-15,,77.92340087890625,63.014583587646484
2018-06-18,,77.56983184814453,62.740718841552734
2018-06-19,,77.19730377197266,62.30979919433594
2018-06-20,,77.30201721191406,62.45690155029297
2018-06-21,,76.84830474853516,61.989654541015625
2018-06-22,,77.21475219726562,62.318450927734375
2018-06-25,,76.2026596069336,61.43585205078125
2018-06-26,,76.307373046875,61.52239990234375
2018-06-27,,75.64427947998047,60.925331115722656
2018-06-28,,76.05435180664062,61.2454833984375
2018-06-29,,76.307373046875,61.539703369140625
2018-07-02,,76.1590576171875,61.35797882080078
2018-07-03,,75.8624038696289,61.30606460571289
2018-07-05,,76.65636444091797,61.747371673583984
2018-07-06,,77.25837707519531,62.197296142578125
2018-07-09,,77.79059600830078,62.80302047729492
2018-07-10,,78.08722686767578,62.932796478271484
2018-07-11,,77.1187973022461,62.18866729736328
2018-07-12,,77.82549285888672,62.777069091796875
2018-07-13,,77.99126434326172,62.872249603271484
2018-07-16,,77.81678771972656,62.78570556640625
2018-07-17,,78.0610580444336,63.028011322021484
2018-07-18,,78.27919006347656,63.06261444091797
2018-07-19,,77.9127426147461,62.768409729003906
2018-07-20,,78.13958740234375,62.98473358154297
2018-07-23,,78.1483154296875,62.98473358154297
2018-07-24,,78.49729919433594,63.304901123046875
2018-07-25,,79.1080322265625,63.92790985107422
2018-07-26,,78.97716522216797,63.65966796875
2018-07-27,,78.58454895019531,63.469303131103516
2018-07-30,,78.34899139404297,63.26162338256836
2018-07-31,,78.60198974609375,63.42603302001953
2018-08-01,,78.3751449584961,63.28759002685547
2018-08-02,,78.54966735839844,63.25297927856445
2018-08-03,,78.76777648925781,63.48661422729492
2018-08-06,,78.84630584716797,63.47795486450195
2018-08-07,,79.16910552978516,63.772151947021484
2018-08-08,,79.21273803710938,63.78081130981445
2018-08-09,,78.9248275756836,63.61640167236328
2018-08-10,,78.0348892211914,62.86358642578125
2018-08-13,,77.7818603515625,62.49151611328125
2018-08-14,,78.0610580444336,62.777069091796875
2018-08-15,,77.3543472290039,62.03291702270508
2018-08-16,,77.89529418945312,62.50016784667969
2018-08-17,,78.17448425292969,62.78570556640625
2018-08-20,,78.50602722167969,63.019344329833984
2018-08-21,,78.87247467041016,63.313533782958984
2018-08-22,,78.97716522216797,63.408721923828125
2018-08-23,,78.7590560913086,63.105865478515625
2018-08-24,,79.14295959472656,63.59043502807617
2018-08-27,,79.8932876586914,64.20478820800781
2018-08-28,,79.83220672607422,64.23941802978516
2018-08-29,,80.26844787597656,64.6201400756836
2018-08-30,,79.88453674316406,64.06635284423828
2018-08-31,,79.50065612792969,63.86732864379883
2018-09-04,,79.18657684326172,63.5125617980957
2018-09-05,,78.79395294189453,63.16644287109375
2018-09-06,,78.63690948486328,62.941463470458984
2018-09-07,,78.24427795410156,62.681880950927734
2018-09-10,,78.45367431640625,62.78570556640625
2018-09-11,,78.7416000366211,62.97608184814453
2018-09-12,,78.9248275756836,63.09722137451172
2018-09-13,,79.4395980834961,63.52986526489258
2018-09-14,,79.49193572998047,63.5817985534668
2018-09-17,,79.21273803710938,63.374114990234375
2018-09-18,,79.65771484375,63.82406997680664
2018-09-19,,79.96306610107422,63.98845672607422
2018-09-20,,80.71340942382812,64.59418487548828
2018-09-21,,80.70468139648438,64.62879180908203
2018-09-24,,80.38186645507812,64.32594299316406
2018-09-25,,80.30333709716797,64.45574188232422
2018-09-26,,80.33824920654297,64.41246032714844
2018-09-27,,80.30333709716797,64.41246032714844
2018-09-28,,80.09394073486328,64.25670623779297
2018-10-01,,80.38186645507812,64.43841552734375
2018-10-02,,80.03287506103516,64.22209930419922
2018-10-03,,80.1724624633789,64.17884826660156
2018-10-04,,79.28253173828125,63.4952507019043
2018-10-05,,78.96845245361328,63.123172760009766
2018-10-08,,78.628173828125,63.019344329833984
2018-10-09,,78.48857116699219,62.898197174072266
2018-10-10,,76.46442413330078,61.07242965698242
2018-10-11,,74.9288558959961,60.04273223876953
2018-10-12,,75.76642608642578,60.769561767578125
2018-10-15,,75.32147216796875,60.44076919555664
2018-10-16,,76.83959197998047,61.66083908081055
2018-10-17,,76.64764404296875,61.49640655517578
2018-10-18,,75.55704498291016,60.509986877441406
2018-10-19,,75.66175842285156,60.63111877441406
2018-10-22,,75.478515625,60.475364685058594
2018-10-23,,74.85032653808594,60.00812911987305
2018-10-24,,72.66039276123047,58.34675979614258
2018-10-25,,73.82953643798828,59.17744445800781
2018-10-26,,72.8087158203125,58.381370544433594
2018-10-29,,72.46842193603516,58.00064468383789
2018-10-30,,73.5066909790039,58.831321716308594
2018-10-31,,74.37918090820312,59.48029327392578
2018-11-01,,75.09461975097656,60.31097412109375
2018-11-02,,74.84159088134766,60.19847869873047
2018-11-05,,75.18187713623047,60.38019943237305
2018-11-06,,75.5308609008789,60.63977813720703
2018-11-07,,76.90066528320312,61.747371673583984
2018-11-08,,76.41207122802734,61.2454833984375
2018-11-09,,75.975830078125,60.72630310058594
2018-11-12,,74.42280578613281,59.610076904296875
2018-11-13,,74.61474609375,59.696617126464844
2018-11-14,,74.16978454589844,59.48029327392578
2018-11-15,,74.7369155883789,60.0513916015625
2018-11-16,,74.9113998413086,60.207149505615234
2018-11-19,,73.95166015625,59.298583984375
2018-11-20,,72.62548828125,58.21696090698242
2018-11-21,,73.24494171142578,58.753448486328125
2018-11-23,,72.66039276123047,58.36405563354492
2018-11-26,,73.55034637451172,59.2207145690918
2018-11-27,,73.67247772216797,59.28992462158203
2018-11-28,,75.29529571533203,60.49267578125
2018-11-29,,75.06846618652344,60.241764068603516
2018-11-30,,75.2167739868164,60.42348098754883
2018-12-03,,76.21139526367188,61.20222854614258
2018-12-04,,73.89059448242188,59.48895263671875
2018-12-06,,73.65502166748047,59.22934341430664
2018-12-07,,72.33757781982422,58.0958251953125
2018-12-10,,72.18923950195312,57.92276382446289
2018-12-11,,72.1107177734375,58.00064468383789
2018-12-12,,72.8872299194336,58.61499786376953
2018-12-13,,72.73890686035156,58.56308364868164
2018-12-14,,71.49126434326172,57.619903564453125
2018-12-17,,70.37449645996094,56.74596405029297
2018-12-18,,70.40174102783203,56.718017578125
2018-12-19,,69.6096420288086,55.93208694458008
2018-12-20,,68.5975112915039,55.44307327270508
2018-12-21,,67.34771728515625,54.39515686035156
2018-12-24,,66.04512786865234,53.42584991455078
2018-12-26,,68.21024322509766,55.39939880371094
2018-12-27,,68.887939453125,55.661380767822266
2018-12-28,,68.99364471435547,55.79595184326172
2018-12-31,,69.46928405761719,56.06685256958008
2019-01-02,,69.47807312011719,56.04936599731445
2019-01-03,,68.31539916992188,55.09686279296875
2019-01-04,,70.39411926269531,56.85331726074219
2019-01-07,,70.72002410888672,57.20286178588867
2019-01-08,,71.41585540771484,57.622310638427734
2019-01-09,,71.90911102294922,58.15536880493164
2019-01-10,,72.23500061035156,58.426273345947266
2019-01-11,,72.02362060546875,58.21653747558594
2019-01-14,,71.75938415527344,57.88447952270508
2019-01-15,,72.41117095947266,58.40879440307617
2019-01-16,,72.48163604736328,58.574825286865234
2019-01-17,,73.00130462646484,59.003021240234375
2019-01-18,,73.8028564453125,59.623470306396484
2019-01-22,,72.7899169921875,58.836978912353516
2019-01-23,,72.957275390625,58.98554992675781
2019-01-24,,73.09821319580078,59.090396881103516
2019-01-25,,73.84689331054688,59.74580001831055
2019-01-28,,73.30078125,59.33509063720703
2019-01-29,,73.42411041259766,59.34383010864258
2019-01-30,,74.33131408691406,60.18273162841797
2019-01-31,,74.83340454101562,60.57597351074219
2019-02-01,,74.80696868896484,60.50605392456055
2019-02-04,,75.25617218017578,60.85559844970703
2019-02-05,,75.67015838623047,61.213890075683594
2019-02-06,,75.46757507324219,60.977928161621094
2019-02-07,,74.69245147705078,60.340030670166016
2019-02-08,,74.62200164794922,60.32254409790039
2019-02-11,,74.61318969726562,60.243900299072266
2019-02-12,,75.56446838378906,60.98667907714844
2019-02-13,,75.74061584472656,61.02163314819336
2019-02-14,,75.63491821289062,60.98667907714844
2019-02-15,,76.57740020751953,61.61585235595703
2019-02-19,,76.7623519897461,61.82558822631836
2019-02-20,,76.98255920410156,61.99162673950195
2019-02-21,,76.75355529785156,61.84305191040039
2019-02-22,,77.18515014648438,62.21881866455078
2019-02-25,,77.35250091552734,62.37611770629883
2019-02-26,,77.44056701660156,62.41980743408203
2019-02-27,,77.2468032836914,62.288734436035156
2019-02-28,,77.06182098388672,62.07026290893555
2019-03-01,,77.57270050048828,62.402339935302734
2019-03-04,,77.23799133300781,62.21881866455078
2019-03-05,,77.23799133300781,62.227569580078125
2019-03-06,,76.83282470703125,61.92171859741211
2019-03-07,,76.07533264160156,61.275062561035156
2019-03-08,,75.96083068847656,61.11776351928711
2019-03-11,,76.95613861083984,61.93044662475586
2019-03-12,,77.10588073730469,62.166385650634766
2019-03-13,,77.72245025634766,62.52467346191406
2019-03-14,,77.58149719238281,62.4635124206543
2019-03-15,,78.1716537475586,62.9703369140625
2019-03-18,,78.47992706298828,63.319889068603516
2019-03-19,,78.50635528564453,63.372310638427734
2019-03-20,,78.34781646728516,63.215023040771484
2019-03-21,,78.90270233154297,63.66069412231445
2019-03-22,,77.36131286621094,62.341163635253906
2019-03-25,,77.3700942993164,62.33243179321289
2019-03-26,,77.8897933959961,62.7606315612793
2019-03-27,,77.61673736572266,62.47224044799805
2019-03-28,,77.78409576416016,62.65575408935547
2019-03-29,,78.20687103271484,63.04898452758789
2019-04-01,,79.1141128540039,63.81801223754883
2019-04-02,,79.14054107666016,63.7917594909668
2019-04-03,,79.44881439208984,64.08887481689453
2019-04-04,,79.519287109375,64.18500518798828
2019-04-05,,79.8187484741211,64.42970275878906
2019-04-08,,79.9068374633789,64.50834655761719
2019-04-09,,79.44881439208984,64.16752624511719
2019-04-10,,79.73068237304688,64.43841552734375
2019-04-11,,79.69544219970703,64.2374496459961
2019-04-12,,80.2151107788086,64.69184112548828
2019-04-15,,80.19751739501953,64.66563415527344
2019-04-16,,80.25917053222656,64.73554229736328
2019-04-17,,80.2151107788086,64.76176452636719
2019-04-18,,80.33843994140625,64.77924346923828
2019-04-22,,80.34723663330078,64.7705078125
2019-04-23,,80.7700424194336,65.12002563476562
2019-04-24,,80.48817443847656,64.76176452636719
2019-04-25,,80.426513671875,64.7442626953125
2019-04-26,,80.79645538330078,64.98895263671875
2019-04-29,,80.9285659790039,65.14625549316406
2019-04-30,,81.1135482788086,65.20741271972656
2019-05-01,,80.426513671875,64.76176452636719
2019-05-02,,80.29439544677734,64.61318969726562
2019-05-03,,81.1487808227539,65.29481506347656
2019-05-06,,80.62910461425781,64.75301361083984
2019-05-07,,79.26383209228516,63.651947021484375
2019-05-08,,79.23743438720703,63.61698913574219
2019-05-09,,78.88510131835938,63.293678283691406
2019-05-10,,79.22860717773438,63.686893463134766
2019-05-13,,77.44940185546875,62.0877571105957
2019-05-14,,78.13643646240234,62.664466857910156
2019-05-15,,78.61204528808594,62.917903900146484
2019-05-16,,79.23743438720703,63.389793395996094
2019-05-17,,78.8322525024414,62.909175872802734
2019-05-20,,78.27735137939453,62.52467346191406
2019-05-21,,78.91152954101562,63.09268569946289
2019-05-22,,78.6824951171875,62.83926010131836
2019-05-23,,77.76649475097656,62.131446838378906
2019-05-24,,78.18927001953125,62.47224044799805
2019-05-28,,77.51985168457031,61.939170837402344
2019-05-29,,76.93851470947266,61.58089828491211
2019-05-30,,77.18515014648438,61.85179138183594
2019-05-31,,76.41886138916016,61.24883270263672
2019-06-03,,76.22505950927734,61.3624382019043
2019-06-04,,77.7488784790039,62.358642578125
2019-06-05,,78.1452407836914,62.57710266113281
2019-06-06,,78.47992706298828,62.909175872802734
2019-06-07,,79.4664306640625,63.573307037353516
2019-06-10,,79.87162017822266,63.84419250488281
2019-06-11,,79.7571029663086,64.02771759033203
2019-06-12,,79.58975219726562,63.66069412231445
2019-06-13,,79.72187805175781,63.87916564941406
2019-06-14,,79.49285888671875,63.599525451660156
2019-06-17,,79.46070861816406,63.65791320800781
2019-06-18,,80.37139892578125,64.48085021972656
2019-06-19,,80.72852325439453,64.69324493408203
2019-06-20,,81.4874038696289,65.42768096923828
2019-06-21,,81.2463607788086,65.25069427490234
2019-06-24,,81.27315521240234,65.17990112304688
2019-06-25,,80.60353088378906,64.65782928466797
2019-06-26,,80.60353088378906,64.70207214355469
2019-06-27,,80.82672119140625,64.94984436035156
2019-06-28,,81.26421356201172,65.2241439819336
2019-07-01,,81.82669067382812,65.73738098144531
2019-07-02,,82.08560943603516,65.89665985107422
2019-07-03,,82.65699768066406,66.31254577636719
2019-07-05,,82.45165252685547,66.00283813476562
2019-07-08,,82.04988861083984,65.6577377319336
2019-07-09,,81.96060180664062,65.62234497070312
2019-07-10,,82.36236572265625,65.95860290527344
2019-07-11,,82.54987335205078,66.03823852539062
2019-07-12,,82.79093170166016,66.23289489746094
2019-07-15,,82.74629211425781,66.28599548339844
2019-07-16,,82.49629974365234,66.03823852539062
2019-07-17,,82.20165252685547,65.7462158203125
2019-07-18,,82.35344696044922,66.0559310913086
2019-07-19,,82.02312469482422,65.67544555664062
2019-07-22,,82.26416015625,65.834716796875
2019-07-23,,82.79093170166016,66.19751739501953
2019-07-24,,83.07662200927734,66.4098892211914
2019-07-25,,82.45165252685547,65.91436004638672
2019-07-26,,83.07662200927734,66.24176788330078
2019-07-29,,82.98735046386719,66.19751739501953
2019-07-30,,82.45165252685547,65.87895202636719
2019-07-31,,82.0141830444336,65.2684097290039
2019-08-01,,81.1034927368164,64.73746490478516
2019-08-02,,80.46067810058594,64.16230773925781
2019-08-05,,78.39827728271484,62.26868438720703
2019-08-06,,79.08573150634766,62.97657012939453
2019-08-07,,79.52320861816406,63.197792053222656
2019-08-08,,80.63922882080078,64.12689971923828
2019-08-09,,80.20175170898438,63.693328857421875
2019-08-12,,79.18395233154297,62.97657012939453
2019-08-13,,80.27317810058594,63.89683151245117
2019-08-14,,78.03221893310547,62.07399368286133
2019-08-15,,78.21078491210938,62.189029693603516
2019-08-16,,79.01432037353516,63.038516998291016
2019-08-19,,79.8178482055664,63.569427490234375
2019-08-20,,79.38037109375,63.23318862915039
2019-08-21,,80.09461975097656,63.7552604675293
2019-08-22,,79.85357666015625,63.65791320800781
2019-08-23,,78.13933563232422,62.33060836791992
2019-08-26,,78.96074676513672,62.90577697753906
2019-08-27,,78.78218078613281,62.737667083740234
2019-08-28,,79.08573150634766,62.99425506591797
2019-08-29,,80.01426696777344,63.702171325683594
2019-08-30,,80.21067810058594,63.82603454589844
2019-09-03,,79.7196273803711,63.48095703125
2019-09-04,,80.66602325439453,64.3304214477539
2019-09-05,,81.57669830322266,65.02948760986328
2019-09-06,,81.71061706542969,65.1179428100586
2019-09-09,,81.7374038696289,65.19761657714844
2019-09-10,,81.94275665283203,65.20645904541016
2019-09-11,,82.21060943603516,65.7108383178711
2019-09-12,,82.6480712890625,65.99401092529297
2019-09-13,,82.63021087646484,66.06478118896484
2019-09-16,,82.3980941772461,65.79046630859375
2019-09-17,,82.67485809326172,65.89665985107422
2019-09-18,,82.72843170166016,65.86126708984375
2019-09-19,,82.8266372680664,65.93204498291016
2019-09-20,,82.47843170166016,65.68428039550781
2019-09-23,,82.33560180664062,65.5958023071289
2019-09-24,,81.84453582763672,65.20645904541016
2019-09-25,,82.07666778564453,65.38343048095703
2019-09-26,,82.12132263183594,65.3126449584961
2019-09-27,,81.7641830444336,64.94984436035156
2019-09-30,,81.94275665283203,65.2595443725586
2019-10-01,,81.08566284179688,64.50740814208984
2019-10-02,,79.47856903076172,63.42784881591797
2019-10-03,,80.26425170898438,63.95879364013672
2019-10-04,,81.0588607788086,64.63128662109375
2019-10-07,,81.01420593261719,64.37467193603516
2019-10-08,,79.85357666015625,63.52520751953125
2019-10-09,,80.33570098876953,64.0738296508789
2019-10-10,,81.04100799560547,64.57817840576172
2019-10-11,,82.09452056884766,65.45421600341797
2019-10-14,,81.95169067382812,65.27723693847656
2019-10-15,,82.7730712890625,65.93204498291016
2019-10-16,,82.5945053100586,65.94976043701172
2019-10-17,,83.08555603027344,66.10902404785156
2019-10-18,,82.71949768066406,65.88780975341797
2019-10-21,,83.21055603027344,66.36563873291016
2019-10-22,,82.8445053100586,66.15327453613281
2019-10-23,,83.24625396728516,66.39217376708984
2019-10-24,,83.4694595336914,66.5426254272461
2019-10-25,,83.67481231689453,66.72844696044922
2019-10-28,,84.01409912109375,67.12663269042969
2019-10-29,,84.11229705810547,67.04698181152344
2019-10-30,,84.4247817993164,67.20626831054688
2019-10-31,,84.03195190429688,67.04698181152344
2019-11-01,,84.91583251953125,67.72835540771484
2019-11-04,,85.1926040649414,68.0203628540039
2019-11-05,,85.21939086914062,68.0380630493164
2019-11-06,,85.24617767333984,68.00265502929688
2019-11-07,,85.4068832397461,68.28581237792969
2019-11-08,,85.49615478515625,68.28581237792969
2019-11-11,,85.44258880615234,68.12653350830078
2019-11-12,,85.57652282714844,68.08231353759766
2019-11-13,,85.53189086914062,68.0203628540039
2019-11-14,,85.41580200195312,68.0291976928711
2019-11-15,,86.13899993896484,68.48048400878906
2019-11-18,,86.05863189697266,68.54244232177734
2019-11-19,,86.13005828857422,68.46280670166016
2019-11-20,,85.71937561035156,68.17079162597656
2019-11-21,,85.50509643554688,68.14424896240234
2019-11-22,,85.68365478515625,68.20619201660156
2019-11-25,,86.3622055053711,68.7282485961914
2019-11-26,,86.43360900878906,68.7813491821289
2019-11-27,,86.9157485961914,69.03794860839844
2019-11-29,,86.38899993896484,68.61322021484375
2019-12-02,,85.8443603515625,68.17079162597656
2019-12-03,,85.36224365234375,67.82568359375
2019-12-04,,85.94256591796875,68.29466247558594
2019-12-05,,86.0497055053711,68.36546325683594
2019-12-06,,86.69254302978516,68.9052505493164
2019-12-09,,86.38005065917969,68.68402862548828
2019-12-10,,86.3443374633789,68.6397705078125
2019-12-11,,86.7371826171875,68.96717071533203
2019-12-12,,87.27285766601562,69.57772827148438
2019-12-13,,87.66571044921875,69.79894256591797
2019-12-16,,88.3731460571289,70.3121337890625
2019-12-17,,88.11180877685547,70.30316925048828
2019-12-18,,88.0577392578125,70.34794616699219
2019-12-19,,88.35513305664062,70.50914764404297
2019-12-20,,88.7787094116211,70.63455200195312
2019-12-23,,88.75167083740234,70.79573822021484
2019-12-24,,88.79673767089844,70.81364440917969
2019-12-26,,89.13017272949219,71.1987533569336
2019-12-27,,89.28338623046875,71.24353790283203
2019-12-30,,88.61649322509766,70.81364440917969
2019-12-31,,89.02203369140625,70.974853515625
2020-01-02,,89.69795227050781,71.70924377441406
2020-01-03,,88.94092559814453,71.09127807617188
2020-01-06,,89.44561004638672,71.25247955322266
2020-01-07,,89.21128845214844,71.07337951660156
2020-01-08,,89.46361541748047,71.42264556884766
2020-01-09,,89.97732543945312,71.82565307617188
2020-01-10,,89.61682891845703,71.66444396972656
2020-01-13,,90.19361114501953,72.20181274414062
2020-01-14,,90.01336669921875,72.13910675048828
2020-01-15,,90.13953399658203,72.09432983398438
2020-01-16,,90.86051177978516,72.62271118164062
2020-01-17,,91.16693878173828,72.81974792480469
2020-01-21,,90.68928527832031,72.42570495605469
2020-01-22,,90.85150146484375,72.47942352294922
2020-01-23,,90.77941131591797,72.4883804321289
2020-01-24,,90.17558288574219,71.88834381103516
2020-01-27,,88.63450622558594,70.55393981933594
2020-01-28,,89.45462036132812,71.21666717529297
2020-01-29,,89.4816665649414,71.20771026611328
2020-01-30,,89.61682891845703,71.20771026611328
2020-01-31,,88.07574462890625,69.9538803100586
2020-02-03,,88.55341339111328,70.42854309082031
2020-02-04,,90.13054656982422,71.6375732421875
2020-02-05,,90.96867370605469,72.3182373046875
2020-02-06,,91.2930908203125,72.46151733398438
2020-02-07,,90.68928527832031,71.98685455322266
2020-02-10,,91.1489028930664,72.34510040283203
2020-02-11,,91.57247924804688,72.71228790283203
2020-02-12,,92.03209686279297,73.1958999633789
2020-02-13,,91.73470306396484,72.86453247070312
2020-02-14,,91.85183715820312,72.9361801147461
2020-02-18,,91.59049224853516,72.64959716796875
2020-02-19,,91.95098876953125,72.95408630371094
2020-02-20,,91.56346893310547,72.53316497802734
2020-02-21,,90.92359924316406,71.96894073486328
2020-02-24,,87.76934051513672,69.49715423583984
2020-02-25,,85.41718292236328,67.71493530273438
2020-02-26,,85.16484832763672,67.77763366699219
2020-02-27,,81.98355102539062,65.40434265136719
2020-02-28,,80.81195831298828,64.71473693847656
2020-03-02,,84.02029418945312,66.85517120361328
2020-03-03,,82.12774658203125,65.26103210449219
2020-03-04,,85.25495910644531,67.93882751464844
2020-03-05,,82.66844940185547,65.861083984375
2020-03-06,,81.37973022460938,64.68788146972656
2020-03-09,,74.63863372802734,59.81590270996094
2020-03-10,,78.00017547607422,62.565345764160156
2020-03-11,,74.11593627929688,59.33229446411133
2020-03-12,,66.38350677490234,53.50205612182617
2020-03-13,,71.76376342773438,57.33514404296875
2020-03-16,,63.59874725341797,50.90487289428711
2020-03-17,,67.20362091064453,54.08418655395508
2020-03-18,,63.46356964111328,50.83320999145508
2020-03-19,,63.94122314453125,51.15563201904297
2020-03-20,,61.850406646728516,49.534629821777344
2020-03-23,,60.73288345336914,48.656959533691406
2020-03-24,,66.25733947753906,52.61542892456055
2020-03-25,,67.44694519042969,54.05731201171875
2020-03-26,,71.21401977539062,56.905269622802734
2020-03-27,,69.0511245727539,55.23948669433594
2020-03-30,,70.862548828125,56.457481384277344
2020-03-31,,70.23170471191406,56.036556243896484
2020-04-01,,67.0504150390625,53.46623611450195
2020-04-02,,68.42926788330078,54.540924072265625
2020-04-03,,67.38386535644531,53.725948333740234
2020-04-06,,71.6375961303711,57.03960418701172
2020-04-07,,71.76376342773438,57.102291107177734
2020-04-08,,73.47607421875,58.48148727416992
2020-04-09,,74.81887817382812,59.33229446411133
2020-04-13,,74.18803405761719,58.85763168334961
2020-04-14,,76.05352783203125,60.37116622924805
2020-04-15,,74.33222961425781,58.86659622192383
2020-04-16,,74.53050231933594,59.11735534667969
2020-04-17,,76.48613739013672,60.72939682006836
2020-04-20,,75.39566802978516,59.8427734375
2020-04-21,,73.3228759765625,58.00682830810547
2020-04-22,,74.7738265991211,59.36811065673828
2020-04-23,,74.73778533935547,59.3054313659668
2020-04-24,,75.56690216064453,59.914424896240234
2020-04-27,,76.70240783691406,60.890594482421875
2020-04-28,,76.74748229980469,60.89955139160156
2020-04-29,,78.77521514892578,62.5116081237793
2020-04-30,,77.82894134521484,61.54438400268555
2020-05-01,,75.81922912597656,59.923377990722656
2020-05-04,,75.97245025634766,60.12040328979492
2020-05-05,,76.38699340820312,60.54132080078125
2020-05-06,,75.88232421875,60.218910217285156
2020-05-07,,76.88265991210938,61.0159797668457
2020-05-08,,78.41474151611328,62.02799606323242
2020-05-11,,78.45980834960938,62.090694427490234
2020-05-12,,76.9908218383789,61.0428581237793
2020-05-13,,75.79220581054688,60.23683547973633
2020-05-14,,76.15267181396484,60.61297607421875
2020-05-15,,76.48613739013672,60.66670608520508
2020-05-18,,78.95545196533203,62.72654724121094
2020-05-19,,78.10832214355469,62.090694427490234
2020-05-20,,79.541259765625,63.12955856323242
2020-05-21,,78.80225372314453,62.57429885864258
2020-05-22,,78.82027435302734,62.50263977050781
2020-05-26,,80.28924560546875,63.675865173339844
2020-05-27,,81.45184326171875,64.47293853759766
2020-05-28,,81.60503387451172,64.52667236328125
2020-05-29,,81.7402114868164,64.67892456054688
2020-06-01,,82.60537719726562,65.50284576416016
2020-06-02,,83.34437561035156,66.21932220458984
2020-06-03,,84.6691665649414,67.30296325683594
2020-06-04,,84.34473419189453,66.9357681274414
2020-06-05,,86.27333068847656,68.46723175048828
2020-06-08,,87.32775115966797,69.26429748535156
2020-06-09,,86.51664733886719,68.65531158447266
2020-06-10,,86.20123291015625,68.46723175048828
2020-06-11,,81.30763244628906,64.61622619628906
2020-06-12,,82.48823547363281,65.54762268066406
2020-06-15,,83.15186309814453,65.99378204345703
2020-06-16,,84.5356216430664,67.08660888671875
2020-06-17,,84.45368194580078,67.05047607421875
2020-06-18,,84.38995361328125,66.96920013427734
2020-06-19,,83.96208953857422,66.58988189697266
2020-06-22,,84.65396118164062,67.25820922851562
2020-06-23,,85.0271987915039,67.57432556152344
2020-06-24,,82.833251953125,65.9847412109375
2020-06-25,,83.88015747070312,66.68922424316406
2020-06-26,,82.07765197753906,65.397705078125
2020-06-29,,83.06990814208984,66.14732360839844
2020-06-30,,83.88015747070312,66.58084869384766
2020-07-01,,84.35354614257812,67.07757568359375
2020-07-02,,84.99079132080078,67.70077514648438
2020-07-06,,86.30170440673828,69.00130462646484
2020-07-07,,85.40044403076172,68.19750213623047
2020-07-08,,86.12873077392578,68.90196990966797
2020-07-09,,85.55520629882812,68.47748565673828
2020-07-10,,86.42005920410156,69.02839660644531
2020-07-13,,85.64625549316406,68.42327880859375
2020-07-14,,86.82970428466797,69.27225494384766
2020-07-15,,87.74005126953125,69.95865631103516
2020-07-16,,87.33952331542969,69.53416442871094
2020-07-17,,87.62171173095703,69.77802276611328
2020-07-20,,88.30448150634766,70.39216613769531
2020-07-21,,88.47745513916016,70.60891723632812
2020-07-22,,88.90531158447266,70.83470916748047
2020-07-23,,87.90391540527344,70.10315704345703
2020-07-24,,87.35771179199219,69.6877212524414
2020-07-27,,88.19523620605469,70.46441650390625
2020-07-28,,87.62171173095703,69.98575592041016
2020-07-29,,88.64132690429688,70.81665802001953
2020-07-30,,88.11331176757812,70.35604858398438
2020-07-31,,87.9858627319336,70.14830780029297
2020-08-03,,88.93262481689453,70.88890075683594
2020-08-04,,89.35137939453125,71.25922393798828
2020-08-05,,89.89762115478516,71.74690246582031
2020-08-06,,90.2708511352539,71.99980163574219
2020-08-07,,89.98863983154297,71.67465209960938
2020-08-10,,90.25263214111328,71.85527801513672
2020-08-11,,89.87940216064453,71.60240173339844
2020-08-12,,91.34507751464844,72.73133850097656
2020-08-13,,91.25404357910156,72.57781982421875
2020-08-14,,91.00825500488281,72.41525268554688
2020-08-17,,91.61817169189453,72.93907928466797
2020-08-18,,91.73652648925781,73.0203628540039
2020-08-19,,91.31776428222656,72.62297058105469
2020-08-20,,91.5089340209961,72.6952133178711
2020-08-21,,91.57266998291016,72.81263732910156
2020-08-24,,92.4830093383789,73.58935546875
2020-08-25,,92.77433776855469,73.87836456298828
2020-08-26,,93.62095642089844,74.48348236083984
2020-08-27,,93.50261688232422,74.2576904296875
2020-08-28,,94.05792236328125,74.82669067382812
2020-08-31,,93.73020935058594,74.37509155273438
2020-09-01,,94.53132629394531,75.01634216308594
2020-09-02,,95.62374877929688,75.87432861328125
2020-09-03,,92.71061706542969,73.56224060058594
2020-09-04,,92.08245086669922,73.20098876953125
2020-09-08,,89.9431381225586,71.48500061035156
2020-09-09,,91.59086608886719,72.88487243652344
2020-09-10,,90.2435302734375,71.81014251708984
2020-09-11,,90.48023986816406,72.07203674316406
2020-09-14,,91.68189239501953,72.95713806152344
2020-09-15,,92.2281265258789,73.4448471069336
2020-09-16,,91.92770385742188,73.24614715576172
2020-09-17,,91.37239837646484,72.8487548828125
2020-09-18,,90.5894775390625,72.16236877441406
2020-09-21,,89.07828521728516,71.16889190673828
2020-09-22,,89.67913055419922,71.50303649902344
2020-09-23,,87.89482879638672,70.17539978027344
2020-09-24,,88.0950927734375,70.21151733398438
2020-09-25,,89.17842864990234,70.97920989990234
2020-09-28,,90.61679077148438,72.10816192626953
2020-09-29,,90.31637573242188,71.85527801513672
2020-09-30,,90.59857940673828,72.18041229248047
2020-10-01,,91.15389251708984,72.7223129272461
2020-10-02,,90.48934173583984,72.17138671875
2020-10-05,,92.10977935791016,73.36356353759766
2020-10-06,,91.00825500488281,72.57781982421875
2020-10-07,,92.27363586425781,73.57128143310547
2020-10-08,,92.95640563964844,74.16737365722656
2020-10-09,,93.67558288574219,74.7995834350586
2020-10-12,,94.85903930664062,75.67565155029297
2020-10-13,,94.28551483154297,75.16986846923828
2020-10-14,,93.7029037475586,74.80862426757812
2020-10-15,,93.31143188476562,74.42024993896484
2020-10-16,,93.42069244384766,74.46540832519531
2020-10-19,,92.30094909667969,73.7338638305664
2020-10-20,,92.71971130371094,74.08607482910156
2020-10-21,,92.34647369384766,73.90547180175781
2020-10-22,,92.71971130371094,74.14028930664062
2020-10-23,,93.1657943725586,74.45638275146484
2020-10-26,,91.45431518554688,73.20098876953125
2020-10-27,,90.99913787841797,72.95713806152344
2020-10-28,,88.02228546142578,70.62699127197266
2020-10-29,,88.77787017822266,71.18695831298828
2020-10-30,,87.87661743164062,70.57278442382812
2020-11-02,,88.90531158447266,71.34950256347656
2020-11-03,,90.80796813964844,72.65909576416016
2020-11-04,,92.51941680908203,74.19446563720703
2020-11-05,,94.47669219970703,75.70275115966797
2020-11-06,,94.6041488647461,75.80207824707031
2020-11-09,,96.03340148925781,76.90394592285156
2020-11-10,,96.25189208984375,76.84072875976562
2020-11-11,,96.925537109375,77.4819564819336
2020-11-12,,95.92416381835938,76.64202880859375
2020-11-13,,97.11671447753906,77.67162322998047
2020-11-16,,98.25467681884766,78.62896728515625
2020-11-17,,97.99066925048828,78.43932342529297
2020-11-18,,97.15313720703125,77.7800064086914
2020-11-19,,97.744873046875,78.17739868164062
2020-11-20,,97.46265411376953,77.98772430419922
2020-11-23,,97.82679748535156,78.27674102783203
2020-11-24,,99.37442016601562,79.44181060791016
2020-11-25,,99.29247283935547,79.36053466796875
2020-11-27,,99.7385482788086,79.84822845458984
2020-11-30,,99.17414093017578,78.87283325195312
2020-12-01,,100.24835968017578,79.99273681640625
2020-12-02,,100.34848022460938,80.15531921386719
2020-12-03,,100.43042755126953,80.29080200195312
2020-12-04,,101.43182373046875,80.99524688720703
2020-12-07,,101.05856323242188,80.80559539794922
2020-12-08,,101.38630676269531,81.0855712890625
2020-12-09,,100.7581558227539,80.5165786743164
2020-12-10,,100.84919738769531,80.73332977294922
2020-12-11,,100.56697082519531,80.5256118774414
2020-12-14,,100.56147766113281,80.28531646728516
2020-12-15,,101.65264129638672,81.30470275878906
2020-12-16,,101.89105224609375,81.50493621826172
2020-12-17,,102.67962646484375,82.08744812011719
2020-12-18,,102.36785125732422,81.71428680419922
2020-12-21,,101.67096710205078,81.19548797607422
2020-12-22,,101.59761810302734,81.05895233154297
2020-12-23,,101.90020751953125,81.44123077392578
2020-12-24,,102.18447875976562,81.5413589477539
2020-12-28,,102.78964233398438,82.07832336425781
2020-12-29,,102.82632446289062,82.2421646118164
2020-12-30,,102.96388244628906,82.51522827148438
2020-12-31,,103.07389831542969,82.56983947753906
2021-01-04,,102.35868835449219,82.11474609375
2021-01-05,,103.14725494384766,82.96119689941406
2021-01-06,,103.77079010009766,83.42538452148438
2021-01-07,,104.96282196044922,84.29914093017578
2021-01-08,,105.73304748535156,85.04547119140625
2021-01-11,,104.76109313964844,84.29914093017578
2021-01-12,,105.05450439453125,84.5994873046875
2021-01-13,,105.21956634521484,84.65410614013672
2021-01-14,,105.13703155517578,84.78152465820312
2021-01-15,,104.11922454833984,83.88955688476562
2021-01-19,,104.96282196044922,84.67230224609375
2021-01-20,,106.20068359375,85.72808837890625
2021-01-21,,106.18235778808594,85.74629974365234
2021-01-22,,105.76972961425781,85.34581756591797
2021-01-25,,106.01730346679688,85.62797546386719
2021-01-26,,105.87059783935547,85.36402130126953
2021-01-27,,103.33065032958984,83.26155853271484
2021-01-28,,104.04586029052734,83.96237182617188
2021-01-29,,102.23031616210938,82.31498718261719
2021-02-01,,103.77079010009766,83.71663665771484
2021-02-02,,105.0820083618164,84.78152465820312
2021-02-03,,105.21956634521484,84.9271469116211
2021-02-04,,106.1364974975586,85.5096435546875
2021-02-05,,106.54913330078125,86.00113677978516
2021-02-08,,107.38355255126953,86.64734649658203
2021-02-09,,107.6769790649414,86.82026672363281
2021-02-10,,107.56694030761719,86.83848571777344
2021-02-11,,107.93372344970703,87.26625061035156
2021-02-12,,108.45637512207031,87.68492889404297
2021-02-16,,108.7131118774414,87.8487548828125
2021-02-17,,108.52974700927734,87.67581939697266
2021-02-18,,107.96122741699219,87.06603240966797
2021-02-19,,107.96122741699219,87.22076416015625
2021-02-22,,107.25518798828125,86.31969451904297
2021-02-23,,107.24601745605469,86.3834228515625
2021-02-24,,108.09877014160156,86.87489318847656
2021-02-25,,105.7972412109375,84.95446014404297
2021-02-26,,104.77942657470703,84.19901275634766
2021-03-01,,107.17266082763672,86.13765716552734
2021-03-02,,106.7600326538086,85.58245086669922
2021-03-03,,105.28374481201172,84.6449966430664
2021-03-04,,104.01836395263672,83.4344711303711
2021-03-05,,105.4946517944336,84.60858917236328
2021-03-08,,104.97199249267578,83.86226654052734
2021-03-09,,106.60416412353516,85.29121398925781
2021-03-10,,107.2093276977539,85.67349243164062
2021-03-11,,108.20881652832031,86.78386688232422
2021-03-12,,108.30050659179688,86.62004852294922
2021-03-15,,108.77730560302734,87.084228515625
2021-03-16,,108.92401885986328,87.07512664794922
2021-03-17,,109.30914306640625,87.3299560546875
2021-03-18,,107.7870101928711,86.1558609008789
2021-03-19,,107.82367706298828,86.2195816040039
2021-03-22,,108.29134368896484,86.65644836425781
2021-03-23,,107.2826919555664,85.67349243164062
2021-03-24,,106.69584655761719,84.96355438232422
2021-03-25,,107.3101806640625,85.34581756591797
2021-03-26,,108.6581039428711,86.76567840576172
2021-03-29,,108.51139068603516,86.5654296875
2021-03-30,,108.27297973632812,86.42890930175781
2021-03-31,,108.64894104003906,86.60184478759766
2021-04-01,,109.83179473876953,87.73043060302734
2021-04-05,,111.33557891845703,88.70431518554688
2021-04-06,,111.06050872802734,88.60419464111328
2021-04-07,,111.12469482421875,88.45856475830078
2021-04-08,,111.89493560791016,89.00466918945312
2021-04-09,,112.38091278076172,89.4051513671875
2021-04-12,,112.30755615234375,89.1594009399414
2021-04-13,,112.88524627685547,89.57807159423828
2021-04-14,,112.50011444091797,89.52346801757812
2021-04-15,,113.71047973632812,90.36991119384766
2021-04-16,,114.10477447509766,90.7248764038086
2021-04-19,,113.63712310791016,90.3517074584961
2021-04-20,,112.51844787597656,89.3869400024414
2021-04-21,,113.49040222167969,90.17877197265625
2021-04-22,,112.71099853515625,89.63268280029297
2021-04-23,,113.9030532836914,90.60655975341797
2021-04-26,,114.12310791015625,90.79768371582031
2021-04-27,,114.04058074951172,90.76128387451172
2021-04-28,,114.11394500732422,90.90689849853516
2021-04-29,,114.480712890625,91.12533569335938
2021-04-30,,113.34370422363281,90.27890014648438
2021-05-03,,113.93971252441406,90.63386535644531
2021-05-04,,112.8393783569336,89.77830505371094
2021-05-05,,113.28868865966797,90.10597229003906
2021-05-06,,114.16895294189453,90.75218200683594
2021-05-07,,115.28762817382812,91.57131958007812
2021-05-10,,114.2606430053711,90.67027282714844
2021-05-11,,113.06861114501953,89.92394256591797
2021-05-12,,110.80376434326172,88.06719970703125
2021-05-13,,112.04164123535156,88.7771224975586
2021-05-14,,113.8388442993164,90.17877197265625
2021-05-17,,113.43537902832031,90.04225158691406
2021-05-18,,113.08697509765625,89.79650115966797
2021-05-19,,112.47260284423828,89.37783813476562
2021-05-20,,113.85719299316406,90.40630340576172
2021-05-21,,113.86637115478516,90.30621337890625
2021-05-24,,114.8933334350586,91.01612091064453
2021-05-25,,114.67327117919922,91.01612091064453
2021-05-26,,114.83831787109375,91.23455047607422
2021-05-27,,114.93917846679688,91.3346939086914
2021-05-28,,115.16842651367188,91.60773468017578
2021-06-01,,115.28762817382812,91.90808868408203
2021-06-02,,115.48934936523438,92.00819396972656
2021-06-03,,115.0125503540039,91.52581024169922
2021-06-04,,116.0670394897461,92.37226104736328
2021-06-07,,116.25959777832031,92.39956665039062
2021-06-08,,116.26876068115234,92.35405731201172
2021-06-09,,116.0670394897461,92.117431640625
2021-06-10,,116.52637481689453,92.5794448852539
2021-06-11,,116.85910034179688,92.75363159179688
2021-06-14,,117.06242370605469,92.99198150634766
2021-06-15,,116.83136749267578,92.80863952636719
2021-06-16,,116.21214294433594,92.21276092529297
2021-06-17,,116.01805114746094,92.03857421875
2021-06-18,,114.24354553222656,90.81934356689453
2021-06-21,,115.78697967529297,91.89190673828125
2021-06-22,,116.21214294433594,92.26776885986328
2021-06-23,,115.91637420654297,92.09358215332031
2021-06-24,,116.84062957763672,92.74446105957031
2021-06-25,,117.14561462402344,93.12031555175781
2021-06-28,,117.08090209960938,93.09281921386719
2021-06-29,,117.17333984375,93.12948608398438
2021-06-30,,116.97923278808594,92.76278686523438
2021-07-01,,117.43209838867188,93.14781188964844
2021-07-02,,118.15301513671875,93.57867431640625
2021-07-06,,117.8202896118164,93.1844711303711
2021-07-07,,118.25468444824219,93.38617706298828
2021-07-08,,116.93302917480469,92.35943603515625
2021-07-09,,118.50421142578125,93.57867431640625
2021-07-12,,119.01254272460938,93.85368347167969
2021-07-13,,118.39330291748047,93.53284454345703
2021-07-14,,118.67057037353516,93.66117095947266
2021-07-15,,118.02362060546875,93.26697540283203
2021-07-16,,117.1640853881836,92.56111145019531
2021-07-19,,115.36183166503906,91.15853881835938
2021-07-20,,116.83136749267578,92.16693115234375
2021-07-21,,118.10680389404297,93.1386489868164
2021-07-22,,118.2916488647461,93.29447174072266
2021-07-23,,119.40071105957031,93.8812026977539
2021-07-26,,119.47465515136719,93.82618713378906
2021-07-27,,119.05876159667969,93.19364929199219
2021-07-28,,119.27132415771484,93.62450408935547
2021-07-29,,119.89055633544922,94.13787078857422
2021-07-30,,119.0679931640625,93.60616302490234
2021-08-02,,119.25284576416016,93.65201568603516
2021-08-03,,120.03844451904297,94.32120513916016
2021-08-04,,119.65949249267578,94.12870025634766
2021-08-05,,120.3896255493164,94.53205871582031
2021-08-06,,120.19554901123047,94.376220703125
2021-08-09,,120.21402740478516,94.42204284667969
2021-08-10,,120.3526840209961,94.54122924804688
2021-08-11,,120.78704833984375,94.83457946777344
2021-08-12,,121.03659057617188,94.88041687011719
2021-08-13,,121.4062728881836,95.11875915527344
2021-08-16,,121.36932373046875,94.99042510986328
2021-08-17,,120.44511413574219,94.1103744506836
2021-08-18,,119.45616912841797,93.46868133544922
2021-08-19,,119.01254272460938,92.97364044189453
2021-08-20,,119.87207794189453,93.52366638183594
2021-08-23,,121.00886535644531,94.46788024902344
2021-08-24,,121.24916076660156,94.89874267578125
2021-08-25,,121.4432601928711,95.01792907714844
2021-08-26,,120.7962875366211,94.41288757324219
2021-08-27,,121.84066772460938,95.32044982910156
2021-08-30,,122.20112609863281,95.5771255493164
2021-08-31,,122.01628112792969,95.64128112792969
2021-09-01,,122.4136962890625,96.03546905517578
2021-09-02,,122.80186462402344,96.30132293701172
2021-09-03,,122.96825408935547,96.5213394165039
2021-09-07,,122.65400695800781,96.3746566772461
2021-09-08,,122.26581573486328,95.86128997802734
2021-09-09,,121.84989166259766,95.60462188720703
2021-09-10,,121.15675354003906,95.04541778564453
2021-09-13,,121.57263946533203,95.39376831054688
2021-09-14,,120.9903793334961,94.8254165649414
2021-09-15,,121.72050476074219,95.39376831054688
2021-09-16,,121.54491424560547,95.14625549316406
2021-09-17,,120.29722595214844,94.2020492553711
2021-09-20,,118.26392364501953,92.54277038574219
2021-09-21,,118.46724700927734,92.76278686523438
2021-09-22,,119.51162719726562,93.61534881591797
2021-09-23,,120.89796447753906,94.64205169677734
2021-09-24,,120.68540954589844,94.376220703125
2021-09-27,,120.43584442138672,94.27538299560547
2021-09-28,,117.86650085449219,92.41444396972656
2021-09-29,,117.85725402832031,92.25859069824219
2021-09-30,,116.87757110595703,91.59855651855469
2021-10-01,,117.82953643798828,92.36859893798828
2021-10-04,,116.46167755126953,91.23186492919922
2021-10-05,,117.39513397216797,92.02024841308594
2021-10-06,,117.62620544433594,92.09358215332031
2021-10-07,,118.61511993408203,93.10197448730469
2021-10-08,,118.4857406616211,93.00112915039062
2021-10-11,,117.85725402832031,92.45109558105469
2021-10-12,,117.65393829345703,92.33193969726562
2021-10-13,,118.31938171386719,93.02864837646484
2021-10-14,,120.20478057861328,94.22954559326172
2021-10-15,,121.07357788085938,94.99957275390625
2021-10-18,,121.24916076660156,95.0545883178711
2021-10-19,,122.0994644165039,95.86128997802734
2021-10-20,,122.47837829589844,96.14546966552734
2021-10-21,,122.5985336303711,96.163818359375
2021-10-22,,122.68171691894531,96.17298126220703
2021-10-25,,123.02368927001953,96.50301361083984
2021-10-26,,123.1900405883789,96.447998046875
2021-10-27,,122.5800552368164,95.97130584716797
2021-10-28,,123.71683502197266,96.8055191040039
2021-10-29,,123.69837951660156,96.53966522216797
2021-11-01,,124.22518157958984,97.0255355834961
2021-11-02,,124.48395538330078,97.0805435180664
2021-11-03,,125.34346771240234,97.70391845703125
2021-11-04,,125.62075805664062,97.91474151611328
2021-11-05,,126.02737426757812,98.10723876953125
2021-11-08,,126.110595703125,98.29060363769531
2021-11-09,,125.73167419433594,98.04308319091797
2021-11-10,,124.4931869506836,97.15387725830078
2021-11-11,,124.76122283935547,97.47472381591797
2021-11-12,,125.72240447998047,98.15309143066406
2021-11-15,,125.62075805664062,98.09810638427734
2021-11-16,,125.92574310302734,98.29976654052734
2021-11-17,,125.59303283691406,98.02476501464844
2021-11-18,,125.89802551269531,98.05226135253906
2021-11-19,,125.34346771240234,97.70391845703125
2021-11-22,,124.696533203125,97.1172103881836
2021-11-23,,124.70577239990234,97.08971405029297
2021-11-24,,124.79817962646484,97.12637329101562
2021-11-26,,121.99779510498047,94.76123809814453
2021-11-29,,123.06990051269531,95.61380004882812
2021-11-30,,121.16597747802734,94.31204223632812
2021-12-01,,119.73344421386719,93.26697540283203
2021-12-02,,121.43400573730469,94.61455535888672
2021-12-03,,120.5190200805664,93.80784606933594
2021-12-06,,121.76673126220703,94.7520751953125
2021-12-07,,124.308349609375,96.8055191040039
2021-12-08,,124.73350524902344,97.0805435180664
2021-12-09,,123.6613998413086,96.31049346923828
2021-12-10,,124.38228607177734,96.83302307128906
2021-12-13,,123.2978744506836,95.86758422851562
2021-12-14,,122.31118774414062,95.34923553466797
2021-12-15,,124.17285919189453,96.53404998779297
2021-12-16,,123.57711791992188,96.07122802734375
2021-12-17,,122.2646713256836,95.12708282470703
2021-12-20,,121.2407455444336,94.22923278808594
2021-12-21,,123.19548034667969,95.76576232910156
2021-12-22,,124.2845458984375,96.66363525390625
2021-12-23,,125.17813110351562,97.28379821777344
2021-12-27,,126.5558090209961,98.34827423095703
2021-12-28,,126.42548370361328,98.24646759033203
2021-12-29,,126.5092544555664,98.25572204589844
2021-12-30,,126.32949829101562,98.13622283935547
2021-12-31,,126.03146362304688,97.978759765625
2022-01-03,,126.71136474609375,98.49746704101562
2022-01-04,,126.71136474609375,98.41410064697266
2022-01-05,,124.58786010742188,96.81168365478516
2022-01-06,,124.35501098632812,96.60792541503906
2022-01-07,,124.04767608642578,96.58938598632812
2022-01-10,,123.5354232788086,96.31153106689453
2022-01-11,,124.82068634033203,97.4600830078125
2022-01-12,,125.37019348144531,98.05286407470703
2022-01-13,,123.8520736694336,96.73760223388672
2022-01-14,,123.87071228027344,96.765380859375
2022-01-18,,121.64476776123047,95.08888244628906
2022-01-19,,120.76927947998047,94.51459503173828
2022-01-20,,119.642333984375,93.77360534667969
2022-01-21,,117.52816009521484,92.18043518066406
2022-01-24,,117.44432067871094,92.03224182128906
2022-01-25,,116.2801284790039,91.10600280761719
2022-01-26,,115.879638671875,90.6521224975586
2022-01-27,,115.26495361328125,90.18900299072266
2022-01-28,,117.29531860351562,91.63395690917969
2022-01-31,,119.511962890625,93.52349853515625
2022-02-01,,120.48987579345703,94.24597930908203
2022-02-02,,121.49573516845703,94.84803771972656
2022-02-03,,118.87861633300781,93.03257751464844
2022-02-04,,119.41880798339844,93.44940185546875
2022-02-07,,119.26979064941406,93.2641372680664
2022-02-08,,120.12662506103516,93.98662567138672
2022-02-09,,121.96142578125,95.46862030029297
2022-02-10,,120.06146240234375,94.08851623535156
2022-02-11,,117.94725799560547,92.30085754394531
2022-02-14,,117.4536361694336,91.95813751220703
2022-02-15,,119.49332427978516,93.56980895996094
2022-02-16,,119.70753479003906,93.7828598022461
2022-02-17,,117.38845825195312,91.9674072265625
2022-02-18,,116.5129623413086,91.281982421875
2022-02-22,,115.12523651123047,90.2260513305664
2022-02-23,,113.45811462402344,88.94783782958984
2022-02-24,,114.01692199707031,89.3183364868164
2022-02-25,,116.68060302734375,91.30050659179688
2022-02-28,,116.0286636352539,90.66139221191406
2022-03-01,,114.14732360839844,89.12382507324219
2022-03-02,,116.0286636352539,90.40203857421875
2022-03-03,,114.7806396484375,89.48504638671875
2022-03-04,,113.24391174316406,88.16050720214844
2022-03-07,,109.853759765625,85.41880798339844
2022-03-08,,109.48121643066406,85.31692504882812
2022-03-09,,112.85272979736328,87.90116119384766
2022-03-10,,112.16352081298828,87.20647430419922
2022-03-11,,110.73854064941406,86.00234985351562
2022-03-14,,110.3008041381836,85.44659423828125
2022-03-15,,112.38704681396484,86.78040313720703
2022-03-16,,115.33015441894531,89.71662902832031
2022-03-17,,116.5409164428711,90.63359832763672
2022-03-18,,118.0404052734375,91.63395690917969
2022-03-21,,117.91932678222656,91.30976867675781
2022-03-22,,119.28841400146484,92.41200256347656
2022-03-23,,117.80755615234375,91.37461853027344
2022-03-24,,119.2604751586914,92.43052673339844
2022-03-25,,119.62371063232422,92.60651397705078
2022-03-28,,120.15457153320312,92.96775817871094
2022-03-29,,122.01729583740234,94.45901489257812
2022-03-30,,121.24427032470703,93.93106842041016
2022-03-31,,119.36294555664062,92.42127227783203
2022-04-01,,119.96830749511719,93.02333068847656
2022-04-04,,120.82515716552734,93.92179107666016
2022-04-05,,119.22321319580078,92.57872009277344
2022-04-06,,117.91932678222656,91.5135498046875
2022-04-07,,118.43157958984375,91.70806121826172
2022-04-08,,118.08696746826172,91.62468719482422
2022-04-11,,116.31737518310547,90.31868743896484
2022-04-12,,115.78651428222656,89.81849670410156
2022-04-13,,117.24873352050781,90.90221405029297
2022-04-14,,116.0566177368164,89.94818878173828
2022-04-18,,115.66542053222656,89.79998779296875
2022-04-19,,117.10904693603516,90.75401306152344
2022-04-20,,117.27667236328125,90.83738708496094
2022-04-21,,115.5257339477539,89.42948150634766
2022-04-22,,112.67577362060547,87.41950988769531
2022-04-25,,112.94585418701172,87.55845642089844
2022-04-26,,109.90962982177734,85.14093780517578
2022-04-27,,110.3194351196289,85.46513366699219
2022-04-28,,112.69439697265625,87.2527847290039
2022-04-29,,109.3601303100586,84.96495056152344
2022-05-02,,109.75130462646484,85.24283599853516
2022-05-03,,110.33807373046875,85.76152801513672
2022-05-04,,113.1880111694336,87.78074645996094
2022-05-05,,109.06210327148438,84.78895568847656
2022-05-06,,108.3542709350586,83.94607543945312
2022-05-09,,104.8430404663086,81.2877426147461
2022-05-10,,105.08519744873047,81.57487487792969
2022-05-11,,103.69747924804688,80.55601501464844
2022-05-12,,103.66022491455078,80.4448471069336
2022-05-13,,106.32391357421875,82.56596374511719
2022-05-16,,106.00724792480469,82.29734802246094
2022-05-17,,108.15867614746094,83.96460723876953
2022-05-18,,104.34941864013672,81.15807342529297
2022-05-19,,104.30284881591797,81.23214721679688
2022-05-20,,104.61021423339844,81.4637222290039
2022-05-23,,106.40773010253906,82.77899932861328
2022-05-24,,105.64401245117188,82.09355926513672
2022-05-25,,106.42634582519531,82.65858459472656
2022-05-26,,108.2890625,84.02017211914062
2022-05-27,,110.52433013916016,85.73373413085938
2022-05-31,,109.84442901611328,85.3447265625
2022-06-01,,108.97827911376953,84.7148666381836
2022-06-02,,111.18559265136719,86.4191665649414
2022-06-03,,109.35082244873047,84.98346710205078
2022-06-06,,109.74198913574219,85.28913116455078
2022-06-07,,110.65471649169922,85.9375228881836
2022-06-08,,109.38807678222656,85.13167572021484
2022-06-09,,106.8394546508789,83.14696502685547
2022-06-10,,103.80514526367188,80.98741912841797
2022-06-13,,99.8126449584961,77.98650360107422
2022-06-14,,99.31475830078125,77.7527847290039
2022-06-15,,100.95872497558594,78.9400634765625
2022-06-16,,97.93380737304688,76.63095092773438
2022-06-17,,98.01836395263672,76.59355926513672
2022-06-21,,100.05689239501953,78.3043441772461
2022-06-22,,99.72809600830078,77.8556137084961
2022-06-23,,100.34810638427734,78.3043441772461
2022-06-24,,103.39180755615234,80.6882553100586
2022-06-27,,103.13816833496094,80.45454406738281
2022-06-28,,101.39086151123047,79.26726531982422
2022-06-29,,101.21235656738281,79.05223846435547
2022-06-30,,100.40446472167969,78.42587280273438
2022-07-01,,101.23116302490234,78.97745513916016
2022-07-05,,100.79902648925781,78.5754623413086
2022-07-06,,101.04326629638672,78.68763732910156
2022-07-07,,102.59331512451172,79.94037628173828
2022-07-08,,102.6308822631836,79.88426971435547
2022-07-11,,101.1466064453125,78.75308227539062
2022-07-12,,100.62993621826172,78.2669448852539
2022-07-13,,100.3011245727539,77.94911193847656
2022-07-14,,99.56838989257812,77.41622924804688
2022-07-15,,101.25933074951172,78.7343978881836
2022-07-18,,100.93993377685547,78.51937866210938
2022-07-19,,103.68302917480469,80.5106430053711
2022-07-20,,103.96484375,80.76305389404297
2022-07-21,,105.0827407836914,81.58572387695312
2022-07-22,,104.2184829711914,80.8939208984375
2022-07-25,,104.5754623413086,81.14635467529297
2022-07-26,,103.18513488769531,80.16472625732422
2022-07-27,,105.84367370605469,82.12796020507812
2022-07-28,,107.00855255126953,82.91324615478516
2022-07-29,,108.5679702758789,83.96963500976562
2022-08-01,,108.38948059082031,83.69852447509766
2022-08-02,,107.44068908691406,83.04412841796875
2022-08-03,,108.80284118652344,84.10987091064453
2022-08-04,,108.97190856933594,84.2407455444336
2022-08-05,,108.63374328613281,83.97899627685547
2022-08-08,,108.59614562988281,84.01638793945312
2022-08-09,,108.0512924194336,83.61439514160156
2022-08-10,,110.4468002319336,85.36258697509766
2022-08-11,,110.47498321533203,85.43737030029297
2022-08-12,,112.0062255859375,86.61531066894531
2022-08-15,,112.12834930419922,86.59661102294922
2022-08-16,,112.35380554199219,86.66204833984375
2022-08-17,,111.47076416015625,86.03570556640625
2022-08-18,,111.48014831542969,86.00763702392578
2022-08-19,,109.98648834228516,84.85774993896484
2022-08-22,,107.77886962890625,83.25912475585938
2022-08-23,,107.77886962890625,83.24979400634766
2022-08-24,,108.0794906616211,83.46480560302734
2022-08-25,,109.48860168457031,84.6988296508789
2022-08-26,,106.06913757324219,82.17469787597656
2022-08-29,,105.47730255126953,81.66987609863281
2022-08-30,,104.40637969970703,80.82847595214844
2022-08-31,,103.59847259521484,80.30496978759766
2022-09-01,,103.29786682128906,80.10865020751953
2022-09-02,,102.37724304199219,79.4168472290039
2022-09-06,,101.93572235107422,78.97745513916016
2022-09-07,,103.50453186035156,80.15538787841797
2022-09-08,,104.04000854492188,80.52932739257812
2022-09-09,,106.05973815917969,82.0157699584961
2022-09-12,,107.2903823852539,83.0254135131836
2022-09-13,,102.9032974243164,79.74404907226562
2022-09-14,,103.3072738647461,80.06190490722656
2022-09-15,,102.25511932373047,79.22986602783203
2022-09-16,,101.46601867675781,78.51937866210938
2022-09-19,,102.0578384399414,79.0335464477539
2022-09-20,,100.80841064453125,78.06128692626953
2022-09-21,,99.192626953125,76.780517578125
2022-09-22,,98.36595153808594,76.21024322509766
2022-09-23,,96.18650817871094,74.61162567138672
2022-09-26,,95.02164459228516,73.72351837158203
2022-09-27,,94.76799011230469,73.48043823242188
2022-09-28,,96.71257019042969,74.98558044433594
2022-09-29,,95.04042053222656,73.57394409179688
2022-09-30,,93.89433288574219,72.76061248779297
2022-10-03,,96.1958999633789,74.4901123046875
2022-10-04,,99.47444915771484,77.03292846679688
2022-10-05,,99.09868621826172,76.68702697753906
2022-10-06,,97.87745666503906,75.79891204833984
2022-10-07,,95.39739990234375,73.87308502197266
2022-10-10,,94.79618835449219,73.28412628173828
2022-10-11,,93.98828887939453,72.6671142578125
2022-10-12,,93.69705963134766,72.47077941894531
2022-10-13,,96.11134338378906,74.10680389404297
2022-10-14,,93.90373992919922,72.53622436523438
2022-10-17,,96.31803131103516,74.41529846191406
2022-10-18,,97.35137176513672,75.11646270751953
2022-10-19,,96.52469635009766,74.34986114501953
2022-10-20,,95.89530181884766,73.99462127685547
2022-10-21,,97.96199798583984,75.56520080566406
2022-10-24,,98.70413208007812,75.78955841064453
2022-10-25,,100.57356262207031,77.12642669677734
2022-10-26,,100.3293228149414,77.13577270507812
2022-10-27,,99.8126449584961,76.66834259033203
2022-10-28,,101.71965026855469,77.89299774169922
2022-10-31,,100.91175842285156,77.37882995605469
2022-11-01,,100.93055725097656,77.45362854003906
2022-11-02,,98.61019134521484,75.86434936523438
2022-11-03,,97.6426010131836,75.20059967041016
2022-11-04,,99.6905288696289,76.9675064086914
2022-11-07,,100.45145416259766,77.45362854003906
2022-11-08,,101.17477416992188,77.99584197998047
2022-11-09,,99.2583999633789,76.55616760253906
2022-11-10,,104.73516082763672,80.66020965576172
2022-11-11,,106.17247009277344,81.88488006591797
2022-11-14,,105.11093139648438,81.14635467529297
2022-11-15,,106.02216339111328,81.93163299560547
2022-11-16,,105.33638763427734,81.31462860107422
2022-11-17,,105.06397247314453,81.11830139160156
2022-11-18,,105.45851135253906,81.27722930908203
2022-11-21,,104.82910919189453,80.82847595214844
2022-11-22,,106.32276916503906,81.83815002441406
2022-11-23,,107.14006805419922,82.4738540649414
2022-11-25,,107.28097534179688,82.539306640625
2022-11-28,,105.69337463378906,81.34268188476562
2022-11-29,,105.59943389892578,81.51094055175781
2022-11-30,,108.44584655761719,83.82941436767578
2022-12-01,,108.80284118652344,83.9509506225586
2022-12-02,,108.68069458007812,83.87615203857422
2022-12-05,,106.74551391601562,82.44580841064453
2022-12-06,,105.50547790527344,81.56702423095703
2022-12-07,,105.37396240234375,81.4174575805664
2022-12-08,,106.13489532470703,82.04381561279297
2022-12-09,,105.59003448486328,81.65116882324219
2022-12-12,,106.66095733642578,82.38037109375
2022-12-13,,107.74829864501953,83.13968658447266
2022-12-14,,107.24673461914062,82.81938934326172
2022-12-15,,104.50239562988281,80.78446197509766
2022-12-16,,103.4046630859375,80.00251770019531
2022-12-19,,102.6665267944336,79.51263427734375
2022-12-20,,102.92204284667969,79.6916275024414
2022-12-21,,104.34152221679688,80.73734283447266
2022-12-22,,103.04505920410156,79.76699829101562
2022-12-23,,103.56553649902344,80.13440704345703
2022-12-27,,103.31951141357422,80.10614776611328
2022-12-28,,102.0798110961914,79.06985473632812
2022-12-29,,103.84943389892578,80.4453125
2022-12-30,,103.3857421875,79.96484375
2023-01-03,,103.24378967285156,79.98368835449219
2023-01-04,,104.25635528564453,81.00113677978516
2023-01-05,,103.03559112548828,80.17210388183594
2023-01-06,,105.46763610839844,82.02803039550781
2023-01-09,,105.5906753540039,82.20703125
2023-01-10,,106.1679458618164,82.66864776611328
2023-01-11,,107.32244873046875,83.53538513183594
2023-01-12,,108.15520477294922,84.11946868896484
2023-01-13,,108.63783264160156,84.4963150024414
2023-01-17,,108.62837219238281,84.43978118896484
2023-01-18,,107.37921142578125,83.51652526855469
2023-01-19,,106.69786834716797,83.18679809570312
2023-01-20,,108.41071319580078,84.47745513916016
2023-01-23,,109.48951721191406,85.22171020507812
2023-01-24,,109.38541412353516,85.1086654663086
2023-01-25,,109.60308837890625,85.30650329589844
2023-01-26,,110.51154327392578,86.03191375732422
2023-01-27,,110.67241668701172,86.07902526855469
2023-01-30,,109.42327880859375,85.04271697998047
2023-01-31,,110.72920989990234,85.96598052978516
2023-02-01,,111.89318084716797,86.84211730957031
2023-02-02,,113.01930236816406,87.5486831665039
2023-02-03,,111.8269271850586,86.5406494140625
2023-02-06,,111.0036392211914,85.82466125488281
2023-02-07,,112.28117370605469,86.73848724365234
2023-02-08,,111.22128295898438,85.99423217773438
2023-02-09,,110.54939270019531,85.61739349365234
2023-02-10,,110.55886840820312,85.54202270507812
2023-02-13,,111.78909301757812,86.44644165039062
2023-02-14,,111.9310302734375,86.49353790283203
2023-02-15,,112.09191131591797,86.55006408691406
2023-02-16,,110.87115478515625,85.6739273071289
2023-02-17,,110.6061782836914,85.45724487304688
2023-02-21,,108.71353912353516,83.99700164794922
2023-02-22,,108.4675064086914,83.7708969116211
2023-02-23,,108.98796081542969,84.17599487304688
2023-02-24,,107.54956817626953,83.05491638183594
2023-02-27,,108.22144317626953,83.54479217529297
2023-02-28,,107.86184692382812,83.1114273071289
2023-03-01,,107.71990203857422,83.2904281616211
2023-03-02,,108.33501434326172,83.74263000488281
2023-03-03,,110.02891540527344,85.00504302978516
2023-03-06,,109.98162078857422,84.9485092163086
2023-03-07,,108.24037170410156,83.61073303222656
2023-03-08,,108.49589538574219,83.78974914550781
2023-03-09,,106.79249572753906,82.44254302978516
2023-03-10,,105.27838134765625,81.35914611816406
2023-03-13,,104.97555541992188,81.15187072753906
2023-03-14,,106.57484436035156,82.2729721069336
2023-03-15,,105.07965087890625,81.13304138183594
2023-03-16,,106.83036041259766,82.45195770263672
2023-03-17,,105.57173156738281,81.5569839477539
2023-03-20,,106.72627258300781,82.34835052490234
2023-03-21,,108.24983978271484,83.441162109375
2023-03-22,,106.84928131103516,82.54618835449219
2023-03-23,,107.01961517333984,82.76285552978516
2023-03-24,,107.3319091796875,82.960693359375
2023-03-27,,107.84292602539062,83.25275421142578
2023-03-28,,107.75775909423828,83.32810974121094
2023-03-29,,109.21510314941406,84.34556579589844
2023-03-30,,110.010009765625,85.0333023071289
2023-03-31,,111.35377502441406,85.88118743896484
2023-04-03,,111.8742446899414,86.38050079345703
2023-04-04,,111.44841003417969,86.07902526855469
2023-04-05,,110.96578216552734,85.63624572753906
2023-04-06,,111.36324310302734,85.97540283203125
2023-04-10,,111.46733856201172,86.03191375732422
2023-04-11,,111.6092758178711,86.20149230957031
2023-04-12,,111.5146484375,86.06017303466797
2023-04-13,,113.00983428955078,87.20954132080078
2023-04-14,,112.744873046875,86.95518493652344
2023-04-17,,112.9057388305664,87.1153335571289
2023-04-18,,113.1990966796875,87.27548217773438
2023-04-19,,113.02876281738281,87.09648132324219
2023-04-20,,112.58399963378906,86.77617645263672
2023-04-21,,112.8205795288086,86.83269500732422
2023-04-24,,112.95306396484375,86.8703842163086
2023-04-25,,111.18343353271484,85.47608184814453
2023-04-26,,110.82384490966797,85.25940704345703
2023-04-27,,112.78272247314453,86.71965026855469
2023-04-28,,113.35997772216797,87.22836303710938
2023-05-01,,113.24642181396484,87.1153335571289
2023-05-02,,112.01619720458984,86.13554382324219
2023-05-03,,111.53358459472656,85.82466125488281
2023-05-04,,110.99417114257812,85.5137710571289
2023-05-05,,112.943603515625,86.964599609375
2023-05-08,,112.99091339111328,87.00227355957031
2023-05-09,,112.52722930908203,86.63485717773438
2023-05-10,,112.80165100097656,86.85153198242188
2023-05-11,,112.53668212890625,86.63485717773438
2023-05-12,,112.37580108642578,86.38990783691406
2023-05-15,,113.04769897460938,86.98342895507812
2023-05-16,,112.07298278808594,86.28628540039062
2023-05-17,,113.14232635498047,87.09648132324219
2023-05-18,,113.8709945678711,87.52985382080078
2023-05-19,,113.92777252197266,87.58636474609375
2023-05-22,,114.00348663330078,87.71826171875
2023-05-23,,112.6407699584961,86.61602020263672
2023-05-24,,111.58089447021484,85.81523895263672
2023-05-25,,112.0540542602539,86.163818359375
2023-05-26,,113.47355651855469,87.29432678222656
2023-05-30,,113.1044692993164,86.93633270263672
2023-05-31,,112.23384857177734,86.3145523071289
2023-06-01,,113.58709716796875,87.3414306640625
2023-06-02,,115.29048156738281,88.64151763916016
2023-06-05,,114.9403305053711,88.40599060058594
2023-06-06,,115.43243408203125,88.8299331665039
2023-06-07,,114.81136322021484,88.35692596435547
2023-06-08,,115.56619262695312,88.99457550048828
2023-06-09,,115.69996643066406,89.11829376220703
2023-06-12,,116.5981216430664,89.76545715332031
2023-06-13,,117.4771728515625,90.46022033691406
2023-06-14,,117.69693756103516,90.67910766601562
2023-06-15,,119.14926147460938,91.70695495605469
2023-06-16,,118.75752258300781,91.44048309326172
2023-06-20,,117.75426483154297,90.60296630859375
2023-06-21,,117.43896484375,90.28890228271484
2023-06-22,,117.41983032226562,90.30793762207031
2023-06-23,,116.36881256103516,89.3752670288086
2023-06-26,,116.12992858886719,89.22298431396484
2023-06-27,,117.33385467529297,90.1651840209961
2023-06-28,,117.35296630859375,90.15567779541016
2023-06-29,,117.69693756103516,90.30793762207031
2023-06-30,,118.977294921875,91.30724334716797
2023-07-03,,119.24482727050781,91.52613067626953
2023-07-05,,118.63330841064453,91.0788345336914
2023-07-06,,117.30517578125,89.955810546875
2023-07-07,,117.40074157714844,90.13663482666016
2023-07-10,,117.7638168334961,90.36503601074219
2023-07-11,,118.65242004394531,91.0788345336914
2023-07-12,,119.94233703613281,92.17329406738281
2023-07-13,,121.32779693603516,93.22017669677734
2023-07-14,,121.00291442871094,92.96321105957031
2023-07-17,,121.27045440673828,93.2011489868164
2023-07-18,,122.2354965209961,93.72459411621094
2023-07-19,,122.39794158935547,93.83879089355469
2023-07-20,,121.66220092773438,93.21066284179688
2023-07-21,,121.72909545898438,93.25823974609375
2023-07-24,,121.91063690185547,93.59133911132812
2023-07-25,,122.22594451904297,93.89590454101562
2023-07-26,,122.31193542480469,94.01962280273438
2023-07-27,,121.5571060180664,93.42955017089844
2023-07-28,,122.7228012084961,94.40980529785156
2023-07-31,,122.81832885742188,94.59064483642578
2023-08-01,,122.21638488769531,93.93395233154297
2023-08-02,,120.29585266113281,92.3826675415039
2023-08-03,,119.9327621459961,92.16377258300781
2023-08-04,,119.6461410522461,91.97344207763672
2023-08-07,,120.66850280761719,92.59205627441406
2023-08-08,,120.05699920654297,92.05908966064453
2023-08-09,,119.44547271728516,91.66889190673828
2023-08-10,,119.59835815429688,91.8116455078125
2023-08-11,,119.31171417236328,91.46903228759766
2023-08-14,,119.59835815429688,91.64985656738281
2023-08-15,,118.17466735839844,90.52682495117188
2023-08-16,,117.23829650878906,89.83209228515625
2023-08-17,,116.42613983154297,89.24202728271484
2023-08-18,,116.39746856689453,89.20394897460938
2023-08-21,,117.11408233642578,89.67029571533203
2023-08-22,,116.77011108398438,89.47044372558594
2023-08-23,,118.01224517822266,90.52682495117188
2023-08-24,,116.44523620605469,89.3752670288086
2023-08-25,,117.23829650878906,89.9177474975586
2023-08-28,,118.1364517211914,90.61248779296875
2023-08-29,,119.818115234375,91.89729309082031
2023-08-30,,120.28630065917969,92.1257095336914
2023-08-31,,120.10476684570312,91.84019470214844
2023-09-01,,120.305419921875,92.09716033935547
2023-09-05,,119.63656616210938,91.56420135498047
2023-09-06,,118.91040802001953,91.03125
2023-09-07,,118.56641387939453,90.68862915039062
2023-09-08,,118.5950927734375,90.72669219970703
2023-09-11,,119.52191162109375,91.5071029663086
2023-09-12,,118.9390640258789,91.0693130493164
2023-09-13,,118.977294921875,91.09786987304688
2023-09-14,,120.12387084960938,91.93537139892578
2023-09-15,,119.07283782958984,91.19303131103516
2023-09-18,,118.977294921875,91.09786987304688
2023-09-19,,118.80530548095703,90.89800262451172
2023-09-20,,117.93580627441406,90.30793762207031
2023-09-21,,115.95794677734375,88.81375122070312
2023-09-22,,115.77639770507812,88.75665283203125
2023-09-25,,115.98661041259766,88.870849609375
2023-09-26,,114.34317779541016,87.57653045654297
2023-09-27,,114.2571792602539,87.6146011352539
2023-09-28,,115.15533447265625,88.15707397460938
2023-09-29,,114.82091522216797,87.90962982177734
2023-10-02,,114.19029235839844,87.51942443847656
2023-10-03,,112.69017791748047,86.34882354736328
2023-10-04,,113.34945678710938,86.71998596191406
2023-10-05,,113.58834075927734,86.93887329101562
2023-10-06,,114.89735412597656,88.01431274414062
2023-10-09,,115.413330078125,88.328369140625
2023-10-10,,116.3592529296875,89.07070922851562
2023-10-11,,116.87522888183594,89.47994995117188
2023-10-12,,115.97705078125,88.79472351074219
2023-10-13,,115.3082275390625,88.2903060913086
2023-10-16,,116.42613983154297,89.09927368164062
2023-10-17,,116.41658020019531,89.13734436035156
2023-10-18,,114.71580505371094,87.8620376586914
2023-10-19,,113.68389129638672,87.0721206665039
2023-10-20,,112.41309356689453,86.03475952148438
2023-10-23,,112.26976776123047,85.96813201904297
2023-10-24,,113.0341567993164,86.59626007080078
2023-10-25,,111.57225036621094,85.4922866821289
2023-10-26,,110.43522644042969,84.61671447753906
2023-10-27,,109.89060974121094,84.31214904785156
2023-10-30,,111.24739837646484,85.29241943359375
2023-10-31,,111.89712524414062,85.673095703125
2023-11-01,,113.05326080322266,86.5296401977539
2023-11-02,,115.346435546875,88.24272155761719
2023-11-03,,116.50257873535156,89.26106262207031
2023-11-06,,116.46436309814453,89.33719635009766
2023-11-07,,116.55990600585938,89.28961181640625
2023-11-08,,116.58856964111328,89.27058410644531
2023-11-09,,115.9101791381836,88.73761749267578
2023-11-10,,117.37206268310547,89.75593566894531
2023-11-13,,117.4102783203125,89.77498626708984
2023-11-14,,119.87545013427734,91.73551177978516
2023-11-15,,120.06653594970703,91.92584991455078
2023-11-16,,120.06653594970703,91.85923767089844
2023-11-17,,120.67805480957031,92.26847076416016
2023-11-20,,121.41378021240234,92.9156265258789
2023-11-21,,121.15579986572266,92.66818237304688
2023-11-22,,121.56666564941406,92.92515563964844
2023-11-24,,121.84374237060547,93.153564453125
2023-11-27,,121.64309692382812,92.90612030029297
2023-11-28,,121.73865509033203,93.0583724975586
2023-11-29,,121.75775146484375,93.04886627197266
2023-11-30,,122.0921859741211,93.28678894042969
2023-12-01,,123.02854919433594,93.98155212402344
2023-12-04,,122.34059143066406,93.40099334716797
2023-12-05,,122.14949798583984,93.22017669677734
2023-12-06,,121.86286163330078,93.03936004638672
2023-12-07,,122.74190521240234,93.63892364501953
2023-12-08,,123.1814193725586,93.94347381591797
2023-12-11,,123.64962005615234,94.27658081054688
2023-12-12,,123.9744873046875,94.58112335205078
2023-12-13,,125.80900573730469,95.88497161865234
2023-12-14,,126.46831512451172,96.50358581542969
2023-12-15,,126.07655334472656,96.0943603515625
2023-12-18,,126.65940856933594,96.52261352539062
2023-12-19,,127.53844451904297,97.21736907958984
2023-12-20,,125.84200286865234,95.86461639404297
2023-12-21,,127.31591796875,97.0655746459961
2023-12-22,,127.57599639892578,97.20968627929688
2023-12-26,,128.10586547851562,97.68045806884766
2023-12-27,,128.47193908691406,97.95907592773438
2023-12-28,,128.3948516845703,97.95907592773438
2023-12-29,,128.14439392089844,97.77652740478516
2024-01-02,,127.07508087158203,96.94066619873047
2024-01-03,,126.05393981933594,96.17205810546875
2024-01-04,,125.90943145751953,96.06637573242188
2024-01-05,,126.06356048583984,96.15284729003906
2024-01-08,,127.73017120361328,97.3057632446289
2024-01-09,,127.21956634521484,96.86381530761719
2024-01-10,,127.96134948730469,97.31537628173828
2024-01-11,,127.95172119140625,97.26732635498047
2024-01-12,,128.05770874023438,97.46908569335938
2024-01-16,,127.17140197753906,96.61400604248047
2024-01-17,,126.34293365478516,95.87422180175781
2024-01-18,,127.40263366699219,96.7100830078125
2024-01-19,,128.73204040527344,97.68045806884766
2024-01-22,,129.0306854248047,97.83417510986328
2024-01-23,,129.19444274902344,98.03593444824219
2024-01-24,,129.49305725097656,98.36258697509766
2024-01-25,,130.00364685058594,98.75650787353516
2024-01-26,,130.11927795410156,98.84297180175781
2024-01-29,,131.1211395263672,99.49628448486328
2024-01-30,,131.00555419921875,99.33296203613281
2024-01-31,,129.28114318847656,98.0455551147461
2024-02-01,,130.77432250976562,99.26570892333984
2024-02-02,,131.44866943359375,99.66922760009766
2024-02-05,,130.8610382080078,99.28492736816406
2024-02-06,,131.37159729003906,99.86138153076172
2024-02-07,,132.1230010986328,100.37059020996094
2024-02-08,,132.2000732421875,100.35136413574219
2024-02-09,,132.84552001953125,100.88939666748047
2024-02-12,,132.94186401367188,101.01428985595703
2024-02-13,,130.94773864746094,99.40982818603516
2024-02-14,,132.34458923339844,100.50509643554688
2024-02-15,,133.47169494628906,101.31211853027344
2024-02-16,,132.98037719726562,101.06233215332031
2024-02-20,,132.566162109375,100.77410888671875
2024-02-21,,132.65284729003906,100.80293273925781
2024-02-22,,135.04193115234375,102.54190826416016
2024-02-23,,135.18646240234375,102.58032989501953
2024-02-26,,134.666259765625,102.30171203613281
2024-02-27,,135.01303100585938,102.50347137451172
2024-02-28,,134.5891876220703,102.07112121582031
2024-02-29,,135.1383056640625,102.46504211425781
2024-03-01,,136.35211181640625,103.45462036132812
2024-03-04,,136.18832397460938,103.30091094970703
2024-03-05,,135.128662109375,102.46504211425781
2024-03-06,,136.1401824951172,103.26246643066406
2024-03-07,,137.6044464111328,104.33851623535156
2024-03-08,,136.87232971191406,103.8293228149414
2024-03-11,,136.4773406982422,103.61795806884766
2024-03-12,,137.91273498535156,104.6651840209961
2024-03-13,,137.78750610351562,104.53068542480469
2024-03-14,,137.1805877685547,104.11754608154297
2024-03-15,,136.54478454589844,103.5891342163086
2024-03-18,,136.95899963378906,104.01187133789062
2024-03-19,,137.63336181640625,104.376953125
2024-03-20,,138.92425537109375,105.43378448486328
2024-03-21,,139.36740112304688,105.66437530517578
2024-03-22,,139.10726928710938,105.4145736694336
2024-03-25,,138.72195434570312,105.20320892333984
2024-03-26,,138.5388946533203,105.05908966064453
2024-03-27,,139.5985870361328,105.82770538330078
2024-03-28,,139.5985870361328,105.80847930908203
2024-04-01,,139.20361328125,105.5586929321289
2024-04-02,,138.24026489257812,104.93419647216797
2024-04-03,,138.65452575683594,105.18399810791016
2024-04-04,,137.08425903320312,104.12715911865234
2024-04-05,,138.29808044433594,104.94380950927734
2024-04-08,,138.4521942138672,105.16477966308594
2024-04-09,,138.5581817626953,105.3185043334961
2024-04-10,,137.02647399902344,104.11754608154297
2024-04-11,,137.97052001953125,104.73243713378906
2024-04-12,,135.822265625,103.11836242675781
2024-04-15,,134.43505859375,102.11917114257812
2024-04-16,,133.88595581054688,101.58113861083984
2024-04-17,,133.44281005859375,101.2064437866211
2024-04-18,,133.04782104492188,101.06233215332031
2024-04-19,,132.2771453857422,100.43783569335938
2024-04-22,,133.4331512451172,101.45624542236328
2024-04-23,,134.92636108398438,102.58993530273438
2024-04-24,,134.8203887939453,102.53229522705078
2024-04-25,,134.33871459960938,102.21524810791016
2024-04-26,,135.6392364501953,103.16638946533203
2024-04-29,,136.05345153808594,103.61795806884766
2024-04-30,,134.0689697265625,102.05191040039062
2024-05-01,,133.51988220214844,101.78289794921875
2024-05-02,,134.9456329345703,103.05110931396484
2024-05-03,,136.58331298828125,104.1751937866211
2024-05-06,,137.92236328125,105.11673736572266
2024-05-07,,138.06686401367188,105.14556884765625
2024-05-08,,138.05723571777344,105.08792114257812
2024-05-09,,138.8568115234375,105.7220230102539
2024-05-10,,139.08802795410156,105.85652923583984
2024-05-13,,139.00131225585938,105.92378234863281
2024-05-14,,139.82015991210938,106.50984191894531
2024-05-15,,141.41932678222656,107.7300033569336
2024-05-16,,141.072509765625,107.509033203125
2024-05-17,,141.35189819335938,107.75884246826172
2024-05-20,,141.40005493164062,107.82608795166016
2024-05-21,,141.63125610351562,107.84529113769531
2024-05-22,,140.94728088378906,107.33610534667969
2024-05-23,,139.9742889404297,106.62513732910156
2024-05-24,,140.94728088378906,107.3168716430664
2024-05-28,,140.9761962890625,107.34571075439453
2024-05-29,,139.5118865966797,106.26004028320312
2024-05-30,,139.32884216308594,105.99102020263672
2024-05-31,,140.3692626953125,106.72120666503906
2024-06-03,,140.70645141601562,106.93257904052734
2024-06-04,,140.6775360107422,106.78846740722656
2024-06-05,,142.15145874023438,108.01823425292969
2024-06-06,,142.23814392089844,108.1239242553711
2024-06-07,,141.640869140625,107.58589935302734
2024-06-10,,141.9587860107422,107.90293884277344
2024-06-11,,141.7635955810547,107.6849594116211
2024-06-12,,143.0843963623047,108.72159576416016
2024-06-13,,142.7736053466797,108.38251495361328
2024-06-14,,142.3560028076172,108.17906188964844
2024-06-17,,143.22036743164062,108.86692810058594
2024-06-18,,143.6962432861328,109.31259155273438
2024-06-20,,143.46315002441406,109.08975219726562
2024-06-21,,142.9872589111328,108.65377807617188
2024-06-24,,143.02613830566406,108.75065612792969
2024-06-25,,143.52142333984375,109.08006286621094
2024-06-26,,143.4437255859375,108.95411682128906
2024-06-27,,143.4825897216797,109.10912322998047
2024-06-28,,143.2397918701172,108.89598846435547
2024-07-01,,143.55056762695312,109.08006286621094
2024-07-02,,144.29835510253906,109.66136169433594
2024-07-03,,145.27926635742188,110.45580291748047
2024-07-05,,146.1630401611328,111.08553314208984
2024-07-08,,146.00765991210938,111.08553314208984
2024-07-09,,146.0950469970703,111.05646514892578
2024-07-10,,147.6392364501953,112.18999481201172
2024-07-11,,146.91085815429688,111.75401306152344
2024-07-12,,148.00828552246094,112.56784057617188
2024-07-15,,148.0180206298828,112.45157623291016
2024-07-16,,148.88235473632812,113.05224609375
2024-07-17,,147.2313690185547,111.62808227539062
2024-07-18,,145.91053771972656,110.67862701416016
2024-07-19,,144.88107299804688,109.9520034790039
2024-07-22,,146.42526245117188,111.08553314208984
2024-07-23,,145.95907592773438,110.70767974853516
2024-07-24,,142.9872589111328,108.52782440185547
2024-07-25,,142.27830505371094,107.97560119628906
2024-07-26,,143.86134338378906,109.25444030761719
2024-07-29,,143.8127899169922,109.1575698852539
2024-07-30,,143.40489196777344,108.78942108154297
2024-07-31,,145.6483154296875,110.57205963134766
2024-08-01,,143.06495666503906,108.60533142089844
2024-08-02,,140.45245361328125,106.69674682617188
2024-08-05,,136.62603759765625,103.89684295654297
2024-08-06,,137.67489624023438,104.60408782958984
2024-08-07,,137.11160278320312,104.41032409667969
2024-08-08,,140.025146484375,106.60955810546875
2024-08-09,,140.8506622314453,107.08428192138672
2024-08-12,,140.7244110107422,107.16178894042969
2024-08-13,,143.17178344726562,108.80879974365234
2024-08-14,,143.60882568359375,109.09944152832031
2024-08-15,,145.7648468017578,110.8336410522461
2024-08-16,,146.36700439453125,111.22116088867188
2024-08-19,,147.83346557617188,112.33531951904297
2024-08-20,,147.6198272705078,112.05435943603516
2024-08-21,,148.46475219726562,112.63565063476562
2024-08-22,,147.12451171875,111.74433135986328
2024-08-23,,149.36795043945312,113.25569915771484
2024-08-26,,148.94061279296875,112.839111328125
2024-08-27,,149.16400146484375,113.06192779541016
2024-08-28,,148.4550323486328,112.44188690185547
2024-08-29,,148.55215454101562,112.53877258300781
2024-08-30,,149.7369842529297,113.33322143554688
2024-09-03,,146.65835571289062,111.16303253173828
2024-09-04,,146.376708984375,110.8239517211914
2024-09-05,,145.8619842529297,110.68830871582031
2024-09-06,,143.49229431152344,108.80879974365234
2024-09-09,,145.02676391601562,109.93262481689453
2024-09-10,,145.42494201660156,110.08763885498047
2024-09-11,,146.8525848388672,111.05646514892578
2024-09-12,,147.96945190429688,112.0252914428711
2024-09-13,,148.7269744873047,112.58720397949219
2024-09-16,,149.24169921875,112.97474670410156
2024-09-17,,148.9989013671875,112.85848236083984
2024-09-18,,148.6007080078125,112.53877258300781
2024-09-19,,151.17434692382812,114.54424285888672
2024-09-20,,150.64019775390625,114.08889770507812
2024-09-23,,151.09666442871094,114.52485656738281
2024-09-24,,151.5725555419922,115.30961608886719
2024-09-25,,151.1937713623047,114.82520294189453
2024-09-26,,152.57284545898438,116.10404205322266
2024-09-27,,152.10667419433594,115.83277893066406
2024-09-30,,152.38833618164062,115.82308959960938
2024-10-01,,151.12579345703125,115.08678436279297
2024-10-02,,151.1452178955078,115.3580551147461
2024-10-03,,150.57220458984375,114.78645324707031
2024-10-04,,151.83474731445312,115.75526428222656
2024-10-07,,150.5333709716797,115.02865600585938
2024-10-08,,151.5725555419922,115.32899475097656
2024-10-09,,152.37860107421875,115.80371856689453
2024-10-10,,152.12611389160156,115.68745422363281
2024-10-11,,153.0001678466797,116.41407775878906
2024-10-14,,153.97134399414062,117.0147476196289
2024-10-15,,152.44659423828125,115.79402923583984
2024-10-16,,153.0681610107422,116.2590560913086
2024-10-17,,153.15554809570312,116.21061706542969
2024-10-18,,153.83538818359375,116.88880157470703
2024-10-21,,153.165283203125,116.3268814086914
2024-10-22,,152.9224853515625,116.07498168945312
2024-10-23,,151.397705078125,115.04802703857422
2024-10-24,,151.8930206298828,115.31930541992188
2024-10-25,,151.65023803710938,115.1158447265625
2024-10-28,,152.32032775878906,115.71651458740234
2024-10-29,,152.32032775878906,115.64869689941406
2024-10-30,,151.76678466796875,115.13521575927734
2024-10-31,,149.29995727539062,113.4010238647461
2024-11-01,,149.90211486816406,113.83700561523438
2024-11-04,,149.69815063476562,113.81761932373047
2024-11-05,,151.4656982421875,115.14490509033203
2024-11-06,,153.79653930664062,116.52063751220703
2024-11-07,,155.3018798828125,117.82856750488281
2024-11-08,25.832700729370117,155.2727508544922,117.51853942871094
2024-11-11,25.80660057067871,155.632080078125,117.66385650634766
2024-11-12,25.56730079650879,154.5928955078125,116.79192352294922
2024-11-13,25.579999923706055,154.3889617919922,116.55939483642578
2024-11-14,25.614999771118164,153.7479705810547,116.01685333251953
2024-11-15,25.302499771118164,152.14553833007812,114.94145965576172
2024-11-18,25.372499465942383,152.8544921875,115.5130615234375
2024-11-19,25.4424991607666,153.30123901367188,115.83277893066406
2024-11-20,25.362499237060547,153.2138214111328,115.83277893066406
2024-11-21,25.6299991607666,154.00048828125,116.26876068115234
2024-11-22,25.709999084472656,154.6706085205078,116.68534851074219
2024-11-25,25.997499465942383,155.15618896484375,117.09225463867188
2024-11-26,25.975000381469727,155.43785095214844,117.26663970947266
2024-11-27,26.06999969482422,155.2436065673828,117.179443359375
2024-11-28,26.22249984741211,,
2024-11-29,26.360000610351562,156.49642944335938,117.97388458251953
2024-12-02,26.440000534057617,156.89462280273438,118.22576904296875
2024-12-03,26.487499237060547,157.05972290039062,118.43891906738281
2024-12-04,26.63249969482422,157.97264099121094,119.06865692138672
2024-12-05,26.727500915527344,157.98233032226562,119.136474609375
2024-12-06,26.787500381469727,158.2542724609375,119.28179931640625
2024-12-09,26.762500762939453,157.35107421875,119.00083923339844
2024-12-10,26.559999465942383,156.68096923828125,118.29359436035156
2024-12-11,26.645000457763672,157.90464782714844,119.136474609375
2024-12-12,26.565000534057617,156.8848876953125,118.3904800415039
2024-12-13,26.28499984741211,156.7003936767578,118.25483703613281
2024-12-16,26.334999084472656,157.04029846191406,118.4970474243164
2024-12-17,26.290000915527344,156.45651245117188,118.04356384277344
2024-12-18,26.227500915527344,151.9388427734375,114.53490447998047
2024-12-19,25.530000686645508,151.72372436523438,114.54466247558594
2024-12-20,25.372499465942383,152.89710998535156,115.44383239746094
2024-12-23,25.282499313354492,153.91409301757812,116.15727996826172
2024-12-24,25.454999923706055,155.25375366210938,117.13462829589844
2024-12-26,,155.53732299804688,117.23236083984375
2024-12-27,25.4424991607666,154.10968017578125,116.34298706054688
2024-12-30,25.209999084472656,152.66244506835938,115.15061950683594
2024-12-31,25.352500915527344,152.05616760253906,114.83788299560547
2025-01-02,25.170000076293945,151.7628173828125,114.61307525634766
2025-01-03,25.209999084472656,153.50340270996094,115.8054428100586
2025-01-06,25.575000762939453,154.26611328125,116.60685729980469
2025-01-07,25.315000534057617,152.94602966308594,115.48292541503906
2025-01-08,25.100000381469727,152.965576171875,115.4926986694336
2025-01-09,25.084999084472656,,
2025-01-10,24.725000381469727,150.83384704589844,113.73347473144531
2025-01-13,24.545000076293945,150.81430053710938,113.71392822265625
2025-01-14,24.782499313354492,151.00987243652344,114.03645324707031
2025-01-15,25.2549991607666,153.63050842285156,115.8934097290039
2025-01-16,25.40250015258789,153.65985107421875,115.9031753540039
2025-01-17,25.59749984741211,154.89195251464844,116.89029693603516
2025-01-20,25.717500686645508,,
2025-01-21,25.790000915527344,156.7205352783203,118.21947479248047
2025-01-22,25.997499465942383,157.32679748535156,118.6495132446289
2025-01-23,26.0,158.28509521484375,119.30432891845703
2025-01-24,26.184999465942383,158.15798950195312,119.2945556640625
2025-01-27,25.822500228881836,156.4369354248047,117.86764526367188
2025-01-28,25.864999771118164,157.3659210205078,118.6495132446289
2025-01-29,25.959999084472656,156.857421875,118.29766845703125
2025-01-30,26.049999237060547,157.97218322753906,119.20660400390625
2025-01-31,26.227500915527344,157.10189819335938,118.44427490234375
2025-02-03,25.799999237060547,155.84046936035156,117.4864730834961
2025-02-04,25.975000381469727,157.08233642578125,118.55178833007812
2025-02-05,26.077499389648438,157.97218322753906,119.12841033935547
2025-02-06,26.2549991607666,158.4709014892578,119.53889465332031
2025-02-07,26.0674991607666,157.04324340820312,118.58110046386719
2025-02-10,26.172500610351562,158.09930419921875,119.53889465332031
2025-02-11,26.047500610351562,158.38287353515625,119.55844116210938
2025-02-12,25.77750015258789,158.24598693847656,119.45093536376953
2025-02-13,26.247499465942383,159.92788696289062,120.8387680053711
2025-02-14,26.487499237060547,159.9376678466797,120.81922149658203
2025-02-17,26.502500534057617,,
2025-02-18,26.459999084472656,160.4559326171875,121.31765747070312
2025-02-19,26.297500610351562,160.39724731445312,121.17105865478516
2025-02-20,26.2450008392334,160.08436584472656,121.00491333007812
2025-02-21,26.239999771118164,157.7081756591797,119.36297607421875
2025-02-24,26.092500686645508,157.0725555419922,118.72769927978516
2025-02-25,25.917499542236328,156.857421875,118.54200744628906
2025-02-26,26.235000610351562,156.95521545410156,118.76678466796875
2025-02-27,26.052499771118164,154.55947875976562,116.95870971679688
2025-02-28,25.7549991607666,156.45651245117188,118.0924301147461
2025-03-03,26.147499084472656,154.7843780517578,116.8414306640625
2025-03-04,25.43000030517578,153.4838409423828,115.99114227294922
2025-03-05,25.635000228881836,155.71336364746094,117.82855224609375
2025-03-06,25.709999084472656,153.02426147460938,116.01068115234375
2025-03-07,25.454999923706055,154.14878845214844,116.79256439208984
2025-03-10,25.27750015258789,149.94400024414062,113.77257537841797
2025-03-11,24.93000030517578,149.0541534423828,113.1763916015625
2025-03-12,25.0625,149.80711364746094,113.85075378417969
2025-03-13,24.802499771118164,147.89051818847656,112.55088806152344
2025-03-14,25.09000015258789,151.0392303466797,114.78900909423828
2025-03-17,25.34749984741211,152.41796875,115.93250274658203
2025-03-18,25.22249984741211,151.10765075683594,115.10175323486328
2025-03-19,25.364999771118164,152.4766387939453,116.04000854492188
2025-03-20,25.450000762939453,151.8899383544922,115.55133819580078
2025-03-21,25.302499771118164,151.79214477539062,115.30699920654297
2025-03-24,25.565000534057617,153.93365478515625,116.997802734375
2025-03-25,25.674999237060547,154.28567504882812,117.05644226074219
2025-03-26,25.469999313354492,152.52554321289062,115.76634216308594
2025-03-27,25.337499618530273,152.13441467285156,115.60020446777344
2025-03-28,25.045000076293945,149.49420166015625,113.6064224243164
2025-03-31,24.837499618530273,149.7875518798828,113.75302124023438
2025-04-01,25.1875,150.19827270507812,114.15373229980469
2025-04-02,25.207500457763672,151.2054443359375,114.7401351928711
2025-04-03,24.735000610351562,144.99607849121094,110.35187530517578
2025-04-04,23.75,136.16604614257812,103.59841918945312
2025-04-07,22.737499237060547,134.95350646972656,102.59175872802734
2025-04-08,23.354999542236328,133.28140258789062,101.2430191040039
2025-04-09,22.63249969482422,145.19163513183594,110.14662170410156
2025-04-10,23.752500534057617,140.90866088867188,106.77479553222656
2025-04-11,23.59000015258789,143.6661834716797,108.58287048339844
2025-04-14,24.357500076293945,144.9862823486328,110.0977554321289
2025-04-15,24.485000610351562,145.1623077392578,110.16616821289062
2025-04-16,24.389999389648438,142.80567932128906,108.4167251586914
2025-04-17,24.212499618530273,143.42173767089844,108.87608337402344
2025-04-21,,140.7913055419922,107.11685180664062
2025-04-22,24.239999771118164,144.1160125732422,109.53089904785156
2025-04-23,24.702499389648438,145.91526794433594,110.86986541748047
2025-04-24,24.90999984741211,148.73147583007812,112.89295959472656
2025-04-25,25.040000915527344,149.66043090820312,113.54777526855469
2025-04-28,25.227500915527344,150.0515594482422,113.76280212402344
2025-04-29,25.43000030517578,150.76539611816406,114.33943176269531
2025-04-30,25.315000534057617,150.86318969726562,114.33943176269531
2025-05-01,25.670000076293945,151.3521270751953,114.75968170166016
2025-05-02,25.735000610351562,153.7283172607422,116.70460510253906
2025-05-05,,153.16114807128906,116.47003936767578
2025-05-06,25.614999771118164,152.2615203857422,115.7956771850586
2025-05-07,25.559999465942383,152.57443237304688,115.8934097290039
2025-05-08,25.75,153.1513671875,116.27456665039062
2025-05-09,25.625,153.30784606933594,116.43094635009766
2025-05-12,25.94499969482422,157.0725555419922,119.2652359008789
2025-05-13,26.155000686645508,158.04061889648438,119.9005126953125
2025-05-14,26.139999389648438,158.04061889648438,120.00802612304688
2025-05-15,26.235000610351562,158.91091918945312,120.65306854248047
2025-05-16,26.295000076293945,159.88877868652344,121.22969818115234
2025-05-19,26.38249969482422,160.29946899414062,121.6108627319336
2025-05-20,26.50749969482422,160.13323974609375,121.47403717041016
2025-05-21,26.514999389648438,158.03085327148438,119.96893310546875
2025-05-22,26.09000015258789,157.91351318359375,119.9005126953125
2025-05-23,26.020000457763672,157.395263671875,119.52912902832031
2025-05-27,26.4950008392334,160.20169067382812,121.53267669677734
2025-05-28,26.405000686645508,159.16517639160156,120.662841796875
2025-05-29,26.559999465942383,159.73233032226562,121.10264587402344
2025-05-30,26.524999618530273,159.69322204589844,120.84854125976562
2025-06-02,26.655000686645508,160.8079376220703,121.74768829345703
2025-06-03,26.697500228881836,161.26756286621094,122.02134704589844
2025-06-04,26.8799991607666,161.46311950683594,122.33409881591797
2025-06-05,26.9424991607666,160.79818725585938,121.97248077392578
2025-06-06,26.862499237060547,162.1769561767578,122.91073608398438
2025-06-09,26.877500534057617,162.2551727294922,123.06710815429688
2025-06-10,26.96500015258789,162.86146545410156,123.65351104736328
2025-06-11,27.104999542236328,162.48988342285156,123.48736572265625
2025-06-12,27.15250015258789,163.27215576171875,123.97603607177734
2025-06-13,27.00749969482422,161.3457794189453,122.54911041259766
2025-06-16,27.15999984741211,162.7460174560547,123.62362670898438
2025-06-17,26.93000030517578,161.24822998046875,122.37281799316406
2025-06-18,26.99250030517578,161.2876434326172,122.41221618652344
2025-06-19,26.59749984741211,,
2025-06-20,26.739999771118164,160.63729858398438,121.87052154541016
2025-06-23,26.825000762939453,162.0858154296875,122.96375274658203
2025-06-24,27.287500381469727,163.97775268554688,124.58882141113281
2025-06-25,27.290000915527344,163.6919708251953,124.50019073486328
2025-06-26,27.485000610351562,165.2489013671875,125.5441665649414
2025-06-27,27.684999465942383,166.12586975097656,126.10555267333984
2025-06-30,27.799999237060547,166.9043426513672,126.6571044921875
2025-07-01,27.767499923706055,166.6776885986328,126.5881576538086
2025-07-02,27.75,167.38717651367188,127.10029602050781
2025-07-03,27.959999084472656,168.37254333496094,127.82910919189453
2025-07-04,27.877500534057617,,
2025-07-07,27.829999923706055,166.99302673339844,126.71620178222656
2025-07-08,27.690000534057617,167.0817108154297,126.93286895751953
2025-07-09,27.80500030517578,168.2050323486328,127.6222915649414
2025-07-10,27.772499084472656,168.5302276611328,127.88822174072266
2025-07-11,27.639999389648438,167.6236572265625,127.24803161621094
2025-07-14,27.672500610351562,167.9685516357422,127.42532348632812
2025-07-15,27.639999389648438,166.99302673339844,126.89346313476562
2025-07-16,27.4325008392334,167.51527404785156,127.38591766357422
2025-07-17,27.61750030517578,168.45138549804688,127.8980712890625
2025-07-18,27.717500686645508,168.3134307861328,127.79956817626953
2025-07-21,27.84000015258789,168.71743774414062,128.1639862060547
2025-07-22,27.787500381469727,169.01304626464844,128.3806610107422
2025-07-23,28.094999313354492,170.9542694091797,129.90724182128906
2025-07-24,28.270000457763672,170.81631469726562,129.64132690429688
2025-07-25,28.22249984741211,171.21046447753906,129.88754272460938
2025-07-28,28.142499923706055,170.47142028808594,129.30645751953125
2025-07-29,28.092500686645508,170.10682678222656,129.07008361816406
2025-07-30,28.052499771118164,169.62400817871094,128.63671875
2025-07-31,27.924999237060547,168.5991973876953,127.99655151367188
2025-08-01,27.469999313354492,166.490478515625,126.38133239746094
2025-08-04,27.725000381469727,168.91452026367188,128.20338439941406
2025-08-05,28.03499984741211,168.34300231933594,127.84881591796875
2025-08-06,28.125,169.6732635498047,128.8041534423828
2025-08-07,28.25749969482422,169.8309326171875,129.10946655273438
2025-08-08,28.34749984741211,171.09222412109375,129.86785888671875
2025-08-11,28.360000610351562,170.56997680664062,129.52313232421875
2025-08-12,28.395000457763672,172.5604248046875,130.94137573242188
2025-08-13,28.547500610351562,173.20094299316406,131.5421600341797
2025-08-14,28.522499084472656,173.03343200683594,131.33534240722656
2025-08-15,28.602500915527344,173.15167236328125,131.36489868164062
2025-08-18,28.5625,172.95458984375,131.39443969726562
2025-08-19,28.545000076293945,172.23526000976562,130.6951446533203
2025-08-20,28.389999389648438,172.1170196533203,130.54742431640625
2025-08-21,28.3799991607666,171.4174041748047,130.0451202392578
2025-08-22,28.72249984741211,173.97938537597656,132.1921844482422
2025-08-25,,172.92503356933594,131.33534240722656
2025-08-26,28.479999542236328,173.3684539794922,131.61111450195312
2025-08-27,28.614999771118164,173.634521484375,131.66033935546875
2025-08-28,28.712499618530273,174.33413696289062,132.1921844482422
2025-08-29,28.602500915527344,173.309326171875,131.42398071289062
2025-09-01,28.662500381469727,,
2025-09-02,28.272499084472656,171.99876403808594,130.49818420410156
2025-09-03,28.540000915527344,172.63926696777344,131.04971313476562
2025-09-04,28.6875,174.07794189453125,131.92625427246094
2025-09-05,28.709999084472656,173.85128784179688,132.04446411132812
2025-09-08,28.917499542236328,174.66915893554688,132.6846466064453
2025-09-09,28.86750030517578,174.9647674560547,132.88160705566406
2025-09-10,29.037500381469727,175.26039123535156,133.1770782470703
2025-09-11,29.252500534057617,176.8468475341797,134.48699951171875
2025-09-12,29.3799991607666,176.63006591796875,134.29000854492188
2025-09-15,29.407499313354492,177.5464630126953,135.1665802001953
2025-09-16,29.4325008392334,177.3789520263672,135.0286865234375
2025-09-17,29.454999923706055,176.93553161621094,134.90065002441406
2025-09-18,29.559999465942383,177.86180114746094,135.46202087402344
2025-09-19,29.44499969482422,178.39390563964844,135.6787109375
2025-09-22,29.565000534057617,179.0541229248047,136.3188934326172
2025-09-23,29.594999313354492,178.32493591308594,135.80674743652344
2025-09-24,29.46500015258789,177.5267791748047,135.2256622314453
2025-09-25,29.229999542236328,176.71875,134.55592346191406
2025-09-26,29.217500686645508,177.66473388671875,135.26504516601562
2025-09-29,29.40999984741211,178.2855224609375,135.59991455078125
2025-09-30,29.440000534057617,178.90631103515625,136.15147399902344
2025-10-01,29.625,179.69461059570312,136.8408966064453
2025-10-02,29.719999313354492,179.97052001953125,137.15603637695312
2025-10-03,29.975000381469727,180.33511352539062,137.39242553710938
2025-10-06,30.0,180.9263458251953,137.93411254882812
2025-10-07,29.860000610351562,179.9508056640625,137.10679626464844
2025-10-08,29.899999618530273,180.83766174316406,137.91439819335938
2025-10-09,29.774999618530273,180.0000762939453,137.24468994140625
2025-10-10,29.485000610351562,175.5954132080078,133.65968322753906
2025-10-13,29.614999771118164,178.00961303710938,135.73780822753906
2025-10-14,29.575000762939453,178.1278533935547,135.59991455078125
2025-10-15,30.03499984741211,178.85702514648438,136.46661376953125
2025-10-16,29.9424991607666,178.23626708984375,135.99386596679688
2025-10-17,29.78499984741211,178.9851531982422,136.5355682373047
2025-10-20,30.102500915527344,180.56175231933594,137.90457153320312
2025-10-21,30.170000076293945,180.18731689453125,137.50076293945312
2025-10-22,30.03499984741211,179.3300323486328,136.95907592773438
2025-10-23,30.139999389648438,180.48292541503906,137.8356170654297
2025-10-24,30.02359962463379,181.59640502929688,138.73187255859375
2025-10-27,30.587499618530273,183.53759765625,140.1894989013672
2025-10-28,30.61750030517578,183.9120635986328,140.39633178710938
2025-10-29,30.704999923706055,183.4883575439453,140.40618896484375
2025-10-30,30.565000534057617,181.95114135742188,139.0371856689453
2025-10-31,30.415000915527344,182.32559204101562,139.27357482910156
2025-11-03,30.43000030517578,182.65077209472656,139.57888793945312
2025-11-04,30.1299991607666,180.4040985107422,137.7962188720703
2025-11-05,30.100000381469727,181.22195434570312,138.4364013671875
2025-11-06,29.93000030517578,179.5074005126953,137.23483276367188
2025-11-07,29.670000076293945,179.89169311523438,137.4318084716797
2025-11-10,30.100000381469727,182.4635467529297,139.4409942626953
2025-11-11,30.270000457763672,183.044921875,139.90390014648438
2025-11-12,30.350000381469727,183.51791381835938,140.17967224121094
2025-11-13,30.24250030517578,180.55191040039062,138.0325927734375
2025-11-14,30.24250030517578,180.5124969482422,137.96365356445312
2025-11-17,29.959999084472656,178.63040161132812,136.486328125
2025-11-18,29.627500534057617,177.14248657226562,135.31430053710938
2025-11-19,29.587499618530273,177.42823791503906,135.50143432617188
2025-11-20,29.84000015258789,174.7085723876953,133.45285034179688
2025-11-21,29.43000030517578,176.56109619140625,134.77259826660156
2025-11-24,30.0,178.5121612548828,136.26963806152344
2025-11-25,30.065000534057617,180.54205322265625,137.51060485839844
2025-11-26,30.520000457763672,182.0299835205078,138.6432342529297
2025-11-27,30.512500762939453,,
2025-11-28,30.61750030517578,182.94639587402344,139.33265686035156
2025-12-01,30.649999618530273,182.12852478027344,138.71217346191406
2025-12-02,30.520000457763672,182.5719451904297,139.01748657226562
2025-12-03,30.55500030517578,183.3405303955078,139.5394744873047
2025-12-04,30.702499389648438,183.52777099609375,139.82510375976562
2025-12-05,30.81999969482422,183.85293579101562,139.95315551757812
2025-12-08,30.542499542236328,183.19273376464844,139.61827087402344
2025-12-09,30.5575008392334,183.16317749023438,139.5099334716797
2025-12-10,30.552499771118164,184.39491271972656,140.642578125
2025-12-11,30.672500610351562,185.10438537597656,141.01681518554688
2025-12-12,30.424999237060547,183.37008666992188,139.6281280517578
2025-12-15,30.517499923706055,183.53759765625,139.65768432617188
2025-12-16,30.344999313354492,182.96644592285156,139.0863800048828
2025-12-17,30.174999237060547,181.0790557861328,137.6656036376953
2025-12-18,30.36750030517578,182.44989013671875,138.80819702148438
2025-12-19,30.700000762939453,183.94985961914062,140.0004425048828
2025-12-22,30.497499465942383,185.05247497558594,140.82508850097656
2025-12-23,30.415000915527344,185.9663848876953,141.5404510498047
2025-12-24,30.565000534057617,186.47299194335938,141.78883361816406
2025-12-26,,186.56239318847656,141.9775848388672
2025-12-29,30.764999389648438,185.85711669921875,141.4907684326172
2025-12-30,30.96500015258789,185.7677001953125,141.4907684326172
2025-12-31,30.627500534057617,184.53594970703125,140.5767059326172
2026-01-02,30.552499771118164,185.27102661132812,141.57025146484375
2026-01-05,30.787500381469727,186.7610626220703,142.75254821777344
2026-01-06,30.837499618530273,187.724609375,143.41824340820312
2026-01-07,30.907499313354492,186.96966552734375,142.8817138671875
2026-01-08,30.84749984741211,186.98953247070312,142.84197998046875
2026-01-09,30.99250030517578,188.27096557617188,143.81565856933594
2026-01-12,31.072500228881836,188.78750610351562,144.44158935546875
2026-01-13,30.96500015258789,188.27096557617188,143.9547576904297
2026-01-14,30.852500915527344,187.67494201660156,143.7759246826172
2026-01-15,31.047500610351562,187.99282836914062,144.0640411376953
2026-01-16,30.864999771118164,187.95309448242188,144.0640411376953
2026-01-19,30.672500610351562,,
2026-01-20,30.635000228881836,184.40679931640625,141.4410858154297
2026-01-21,30.59749984741211,186.41339111328125,143.08042907714844
2026-01-22,30.897499084472656,187.30740356445312,143.87525939941406
2026-01-23,30.895000457763672,187.6054229736328,144.22300720214844
2026-01-26,31.0575008392334,188.6484375,144.77938842773438
2026-01-27,31.4325008392334,190.01927185058594,146.11074829101562
2026-01-28,31.397499084472656,189.5225830078125,145.8921661376953
2026-01-29,30.912500381469727,189.53253173828125,145.75306701660156
2026-01-30,30.887500762939453,188.37030029296875,144.56082153320312
2026-02-02,31.02750015258789,189.39346313476562,145.36558532714844
2026-02-03,30.889999389648438,188.1815643310547,144.60055541992188
2026-02-04,30.797500610351562,187.724609375,144.05410766601562
2026-02-05,30.450000762939453,185.2213592529297,142.2855987548828
2026-02-06,30.774999618530273,188.97625732421875,145.33578491210938
2026-02-09,31.11750030517578,190.56561279296875,146.45849609375
2026-02-10,31.165000915527344,190.3272247314453,146.359130859375
2026-02-11,31.079999923706055,190.55569458007812,146.75656127929688
2026-02-12,30.950000762939453,187.7643585205078,144.7098388671875
2026-02-13,31.010000228881836,188.14181518554688,144.9979705810547
2026-02-16,31.052499771118164,,
2026-02-17,31.045000076293945,188.20143127441406,145.05758666992188
2026-02-18,31.239999771118164,189.14512634277344,145.6835174560547
2026-02-19,31.049999237060547,188.62857055664062,145.3953857421875
2026-02-20,31.030000686645508,189.91993713378906,146.67706298828125
2026-02-23,31.0625,188.2411651611328,145.31590270996094
2026-02-24,31.1924991607666,189.5027313232422,146.37899780273438
2026-02-25,31.38249969482422,191.0920867919922,147.6904754638672
2026-02-26,31.3125,190.40667724609375,146.9949951171875
2026-02-27,31.325000762939453,189.572265625,146.42868041992188
2026-03-02,31.075000762939453,188.91664123535156,145.60403442382812
2026-03-03,30.56999969482422,185.9663848876953,142.75254821777344
2026-03-04,30.8125,187.56568908691406,144.0640411376953
2026-03-05,30.517499923706055,185.84716796875,142.3948974609375
2026-03-06,30.272499084472656,183.75119018554688,140.7654571533203
2026-03-09,30.235000610351562,185.21142578125,142.1266326904297
2026-03-10,30.725000381469727,185.1220245361328,142.1266326904297
2026-03-11,30.337499618530273,184.78428649902344,142.017333984375
2026-03-12,30.092500686645508,181.93333435058594,139.5434112548828
2026-03-13,29.69499969482422,180.5426483154297,138.6392822265625
2026-03-16,29.924999237060547,182.8174285888672,140.56675720214844
2026-03-17,30.110000610351562,183.2644500732422,140.9641876220703
2026-03-18,30.040000915527344,180.56251525878906,138.80819702148438
2026-03-19,29.575000762939453,180.15524291992188,138.48031616210938
2026-03-20,29.28499984741211,176.8175506591797,135.6586456298828
2026-03-23,29.309999465942383,179.34068298339844,137.91400146484375
2026-03-24,29.287500381469727,178.6552734375,137.14895629882812
2026-03-25,29.415000915527344,179.9863739013672,138.44056701660156
2026-03-26,29.1924991607666,176.85728454589844,135.49969482421875
2026-03-27,29.22249984741211,174.25469970703125,133.68150329589844
2026-03-30,28.674999237060547,173.77789306640625,133.32382202148438
2026-03-31,28.985000610351562,178.8241424560547,137.47683715820312
2026-04-01,29.74250030517578,180.6022491455078,138.76844787597656
2026-04-02,29.725000381469727,180.51284790039062,138.53993225097656
2026-04-06,,181.3075408935547,139.24534606933594
2026-04-07,29.24250030517578,181.2578582763672,139.29502868652344
2026-04-08,30.204999923706055,186.41339111328125,143.68649291992188
2026-04-09,30.44499969482422,187.10873413085938,144.1335906982422
2026-04-10,30.635000228881836,187.12860107421875,144.10377502441406
2026-04-13,30.582500457763672,188.72792053222656,145.46495056152344
2026-04-14,31.09000015258789,190.72454833984375,147.15396118164062
2026-04-15,31.422500610351562,192.04571533203125,147.8395233154297
2026-04-16,31.52750015258789,192.09539794921875,147.93885803222656
2026-04-17,31.850000381469727,194.4893798828125,149.9259490966797
2026-04-20,31.639999389648438,194.2112274169922,149.43911743164062
2026-04-21,31.477500915527344,191.9960479736328,147.7799072265625
2026-04-22,31.475000381469727,193.62515258789062,149.20066833496094
2026-04-23,31.540000915527344,192.532470703125,148.28660583496094
2026-04-24,31.422500610351562,193.97283935546875,149.51861572265625
2026-04-27,31.424999237060547,194.15164184570312,149.53846740722656
2026-04-28,31.334999084472656,193.13841247558594,148.6542205810547
2026-04-29,31.217500686645508,192.58212280273438,148.1773223876953
2026-04-30,31.415000915527344,195.2443389892578,150.5618133544922
2026-05-01,31.8125,195.4529266357422,150.68106079101562
2026-05-04,,194.2609100341797,149.7272491455078
2026-05-05,31.707500457763672,195.7211456298828,151.36660766601562
2026-05-06,32.17250061035156,199.29722595214844,154.39691162109375
2026-05-07,32.29750061035156,197.79725646972656,152.93638610839844
2026-05-08,32.27750015258789,199.30715942382812,154.37704467773438
2026-05-11,32.474998474121094,199.5455780029297,154.5260772705078
2026-05-12,31.940000534057617,199.23764038085938,153.65174865722656
2026-05-13,32.1775016784668,200.29058837890625,154.87380981445312
2026-05-14,32.47999954223633,201.39321899414062,155.6388397216797
2026-05-15,32.09000015258789,198.59194946289062,153.08543395996094
2026-05-18,31.684999465942383,198.9197540283203,153.35369873046875
2026-05-19,31.752500534057617,197.64825439453125,152.1614227294922
2026-05-20,32.025001525878906,200.15151977539062,154.09884643554688
2026-05-21,32.10499954223633,200.72767639160156,154.68504333496094
2026-05-22,32.404998779296875,201.1945343017578,154.9831085205078
2026-05-26,32.630001068115234,202.64483642578125,156.82115173339844
2026-05-27,32.540000915527344,202.55543518066406,156.62245178222656
2026-05-28,32.834999084472656,203.4395294189453,157.228515625
2026-05-29,33.029998779296875,203.5686492919922,157.51663208007812
2026-06-01,32.95500183105469,203.9958038330078,158.07302856445312
2026-06-02,33.192501068115234,204.8103485107422,158.93740844726562
2026-06-03,33.04499816894531,203.29051208496094,157.6259307861328
2026-06-04,33.1150016784668,204.30374145507812,158.10284423828125
2026-06-05,32.837501525878906,199.04888916015625,153.3934326171875
2026-06-08,32.662498474121094,199.71444702148438,153.92001342773438
2026-06-09,32.14500045776367,199.04888916015625,153.60208129882812
2026-06-10,32.13249969482422,196.12841796875,151.25730895996094
2026-06-11,32.00749969482422,200.201171875,154.8241424560547
2026-06-12,32.685001373291016,200.97601318359375,155.4600067138672
2026-06-15,33.09749984741211,203.6300048828125,158.0399932861328
2026-06-16,33.220001220703125,203.10000610351562,157.33999633789062
2026-06-17,33.227500915527344,200.99000549316406,155.80999755859375
2026-06-18,33.11000061035156,202.72999572753906,157.74000549316406
2026-06-19,33.119998931884766,,
2026-06-22,33.13999938964844,202.3699951171875,157.58999633789062
2026-06-23,32.727500915527344,199.42999267578125,154.44000244140625
2026-06-24,32.79999923706055,199.0,154.22999572753906
2026-06-25,32.744998931884766,199.2899932861328,154.6999969482422
2026-06-26,32.709999084472656,197.36000061035156,154.27999877929688
2026-06-29,32.79499816894531,201.24000549316406,155.82000732421875
2026-06-30,33.084999084472656,202.63999938964844,156.97000122070312
2026-07-01,33.15250015258789,202.0800018310547,156.1199951171875
2026-07-02,33.3224983215332,202.64999389648438,156.14999389648438
2026-07-03,33.442501068115234,,
2026-07-06,33.48500061035156,204.44000244140625,157.97000122070312
2026-07-07,33.3224983215332,203.1300048828125,156.4600067138672
2026-07-08,32.98500061035156,202.2899932861328,155.89999389648438
2026-07-09,33.404998779296875,203.72999572753906,157.02000427246094
2026-07-10,33.51499938964844,204.6300048828125,157.67999267578125
2026-07-13,33.592498779296875,203.00999450683594,155.94000244140625
2026-07-14,33.60749816894531,203.97999572753906,156.94000244140625
2026-07-15,33.68000030517578,204.75,157.52000427246094
2026-07-16,33.625,203.5800018310547,156.36000061035156
2026-07-17,33.33000183105469,201.89999389648438,155.0
2026-07-20,33.29249954223633,201.10000610351562,154.47999572753906
2026-07-21,33.43000030517578,203.1300048828125,156.2899932861328
2026-07-22,33.459999084472656,203.10000610351562,156.19000244140625
2026-07-23,33.03499984741211,200.61000061035156,154.33999633789062
2026-07-24,33.150001525878906,200.8800048828125,154.3000030517578
2026-07-27,33.33000183105469,201.25999450683594,154.61000061035156
2026-07-28,33.17499923706055,201.8000030517578,154.5399932861328
2026-07-29,33.209999084472656,199.17999267578125,152.47000122070312
2026-07-30,33.33250045776367,202.97999572753906,155.66000366210938
2026-07-31,33.53499984741211,203.3699951171875,156.42999267578125
2026-08-03,33.9275016784668,205.85000610351562,157.94000244140625
2026-08-04,34.400001525878906,209.24000549316406,160.6300048828125
2026-08-05,34.165000915527344,209.14999389648438,160.5
2026-08-06,34.25,208.6300048828125,160.10000610351562
2026-08-07,34.3025016784668,210.47000122070312,161.44000244140625
2026-08-10,34.51499938964844,210.11000061035156,161.10000610351562
2026-08-11,34.540000915527344,209.69000244140625,160.88999938964844
2026-08-12,34.5099983215332,210.3800048828125,161.64999389648438
2026-08-13,34.65999984741211,211.50999450683594,162.47999572753906
2026-08-14,34.587501525878906,211.2100067138672,162.2899932861328
2026-08-17,34.5724983215332,210.42999267578125,161.8300018310547
2026-08-18,34.29499816894531,208.74000549316406,160.0800018310547
2026-08-19,34.407501220703125,209.22000122070312,160.6999969482422
2026-08-20,34.04999923706055,207.8300018310547,159.97000122070312
2026-08-21,34.13999938964844,209.07000732421875,160.80999755859375
2026-08-24,33.869998931884766,208.47999572753906,160.1999969482422
2026-08-25,33.99250030517578,209.3300018310547,161.0800018310547
2026-08-26,34.04249954223633,208.9600067138672,160.89999389648438
2026-08-27,34.04249954223633,209.92999267578125,161.52999877929688
2026-08-28,33.91999816894531,209.42999267578125,161.08999633789062
2026-08-31,,208.82000732421875,160.67999267578125
2026-09-01,33.26750183105469,207.02999877929688,159.4199981689453
2026-09-02,33.252498626708984,208.0,160.16000366210938
2026-09-03,33.32500076293945,210.33999633789062,161.94000244140625
2026-09-04,33.599998474121094,209.82000732421875,161.88999938964844
