Date,SSO
2006-06-21,3.6431567668914795
2006-06-22,3.604434013366699
2006-06-23,3.6039247512817383
2006-06-26,3.624812602996826
2006-06-27,3.5606138706207275
2006-06-28,3.592205286026001
2006-06-29,3.7445554733276367
2006-06-30,3.74251651763916
2006-07-03,3.793471097946167
2006-07-05,3.7430248260498047
2006-07-06,3.7547457218170166
2006-07-07,3.7114357948303223
2006-07-10,3.7180593013763428
2006-07-11,3.749650478363037
2006-07-12,3.675767421722412
2006-07-13,3.5646889209747314
2006-07-14,3.532588481903076
2006-07-17,3.529021739959717
2006-07-18,3.534627676010132
2006-07-19,3.6558966636657715
2006-07-20,3.6130950450897217
2006-07-21,3.55602765083313
2006-07-24,3.6686336994171143
2006-07-25,3.7150015830993652
2006-07-26,3.722135066986084
2006-07-27,3.686467409133911
2006-07-28,3.770540714263916
2006-07-31,3.7603490352630615
2006-08-01,3.7267203330993652
2006-08-02,3.7552542686462402
2006-08-03,3.774106979370117
2006-08-04,3.7730891704559326
2006-08-07,3.752197265625
2006-08-08,3.721625328063965
2006-08-09,3.693092107772827
2006-08-10,3.725700855255127
2006-08-11,3.6986968517303467
2006-08-14,3.7114357948303223
2006-08-15,3.802642345428467
2006-08-16,3.8663322925567627
2006-08-17,3.882127523422241
2006-08-18,3.8979241847991943
2006-08-21,3.879580497741699
2006-08-22,3.886204242706299
2006-08-23,3.851048469543457
2006-08-24,3.8653151988983154
2006-08-25,3.872446060180664
2006-08-28,3.905566692352295
2006-08-29,3.923907518386841
2006-08-30,3.9233996868133545
2006-08-31,3.920342445373535
2006-09-01,3.960087537765503
2006-09-05,3.9672188758850098
2006-09-06,3.8979241847991943
2006-09-07,3.858689069747925
2006-09-08,3.886204242706299
2006-09-11,3.8851869106292725
2006-09-12,3.9611079692840576
2006-09-13,3.999830961227417
2006-09-14,3.980468988418579
2006-09-15,4.014608860015869
2006-09-18,4.014095306396484
2006-09-19,3.988109827041626
2006-09-20,4.036516189575195
2006-09-21,3.9926984310150146
2006-09-22,3.9707863330841064
2006-09-25,4.044670581817627
2006-09-26,4.097659587860107
2006-09-27,4.107851028442383
2006-09-28,4.121099472045898
2006-09-29,4.104287624359131
2006-10-02,4.070147514343262
2006-10-03,4.084921360015869
2006-10-04,4.180713653564453
2006-10-05,4.200584888458252
2006-10-06,4.188356876373291
2006-10-09,4.192432880401611
2006-10-10,4.20517110824585
2006-10-11,4.188356876373291
2006-10-12,4.263259410858154
2006-10-13,4.283130168914795
2006-10-16,4.2963786125183105
2006-10-17,4.261729717254639
2006-10-18,4.273959159851074
2006-10-19,4.2816033363342285
2006-10-20,4.287717819213867
2006-10-23,4.327458381652832
2006-10-24,4.3468217849731445
2006-10-25,4.371277332305908
2006-10-26,4.4089860916137695
2006-10-27,4.350898265838623
2006-10-30,4.345292091369629
2006-10-31,4.331027984619141
2006-11-01,4.279562473297119
2006-11-02,4.275998115539551
2006-11-03,4.2495012283325195
2006-11-06,4.352937698364258
2006-11-07,4.375866889953613
2006-11-08,4.4043989181518555
2006-11-09,4.353953838348389
2006-11-10,4.361599922180176
2006-11-13,4.379432678222656
2006-11-14,4.441595077514648
2006-11-15,4.4731855392456055
2006-11-16,4.492549419403076
2006-11-17,4.49152946472168
2006-11-20,4.4889817237854
2006-11-21,4.5027384757995605
2006-11-22,4.522103309631348
2006-11-24,4.486434459686279
2006-11-27,4.366692543029785
2006-11-28,4.393701076507568
2006-11-29,4.472676753997803
2006-11-30,4.476241111755371
2006-12-01,4.455862045288086
2006-12-04,4.527195930480957
2006-12-05,4.56388521194458
2006-12-06,4.550635814666748
2006-12-07,4.518535137176514
2006-12-08,4.52770471572876
2006-12-11,4.551144599914551
2006-12-12,4.542989730834961
2006-12-13,4.565411567687988
2006-12-14,4.626555442810059
2006-12-15,4.6459197998046875
2006-12-18,4.616365432739258
2006-12-19,4.641330242156982
2006-12-20,4.623626232147217
2006-12-21,4.595980167388916
2006-12-22,4.53057861328125
2006-12-26,4.59066104888916
2006-12-27,4.654997825622559
2006-12-28,4.636387348175049
2006-12-29,4.588534832000732
2007-01-03,4.558757781982422
2007-01-04,4.582154750823975
2007-01-05,4.509843349456787
2007-01-08,4.547595024108887
2007-01-09,4.5358967781066895
2007-01-10,4.556630611419678
2007-01-11,4.611396789550781
2007-01-12,4.665631294250488
2007-01-16,4.658719539642334
2007-01-17,4.6565937995910645
2007-01-18,4.6177778244018555
2007-01-19,4.645427703857422
2007-01-22,4.595447540283203
2007-01-23,4.627879619598389
2007-01-24,4.70019006729126
2007-01-25,4.605550289154053
2007-01-26,4.5938520431518555
2007-01-29,4.580028533935547
2007-01-30,4.628410339355469
2007-01-31,4.685833930969238
2007-02-01,4.740599632263184
2007-02-02,4.756551265716553
2007-02-05,4.75016975402832
2007-02-06,4.75016975402832
2007-02-07,4.7666521072387695
2007-02-08,4.757081508636475
2007-02-09,4.700723648071289
2007-02-12,4.661376476287842
2007-02-13,4.733155727386475
2007-02-14,4.804935455322266
2007-02-15,4.803873062133789
2007-02-16,4.802807807922363
2007-02-20,4.8256731033325195
2007-02-21,4.8166327476501465
2007-02-22,4.808124542236328
2007-02-23,4.782072067260742
2007-02-26,4.769842624664307
2007-02-27,4.387022495269775
2007-02-28,4.471561908721924
2007-03-01,4.459866523742676
2007-03-02,4.333320140838623
2007-03-05,4.247718334197998
2007-03-06,4.394465446472168
2007-03-07,4.377452850341797
2007-03-08,4.429025650024414
2007-03-09,4.447635173797607
2007-03-12,4.471561908721924
2007-03-13,4.289189338684082
2007-03-14,4.354057788848877
2007-03-15,4.374261856079102
2007-03-16,4.3370442390441895
2007-03-19,4.4433817863464355
2007-03-20,4.4949564933776855
2007-03-21,4.643299579620361
2007-03-22,4.641174793243408
2007-03-23,4.642236709594727
2007-03-26,4.65180778503418
2007-03-27,4.605416774749756
2007-03-28,4.537697792053223
2007-03-29,4.559027671813965
2007-03-30,4.556360244750977
2007-04-02,4.567024230957031
2007-04-03,4.6571364402771
2007-04-04,4.663005352020264
2007-04-05,4.692863464355469
2007-04-09,4.70619535446167
2007-04-10,4.710992813110352
2007-04-11,4.658205509185791
2007-04-12,4.718991279602051
2007-04-13,4.753118991851807
2007-04-16,4.842698097229004
2007-04-17,4.865628242492676
2007-04-18,4.868827819824219
2007-04-19,4.872025966644287
2007-04-20,4.954674243927002
2007-04-23,4.930147171020508
2007-04-24,4.932281017303467
2007-04-25,5.017597675323486
2007-04-26,5.033592700958252
2007-04-27,5.016529560089111
2007-04-30,4.946678161621094
2007-05-01,4.958940029144287
2007-05-02,5.019193172454834
2007-05-03,5.064517974853516
2007-05-04,5.1002421379089355
2007-05-07,5.1034417152404785
2007-05-08,5.09757661819458
2007-05-09,5.131170272827148
2007-05-10,5.014930725097656
2007-05-11,5.09330940246582
2007-05-14,5.074650764465332
2007-05-15,5.060786247253418
2007-05-16,5.141834735870361
2007-05-17,5.129037857055664
2007-05-18,5.206354141235352
2007-05-21,5.198889255523682
2007-05-22,5.207953453063965
2007-05-23,5.20208740234375
2007-05-24,5.092247009277344
2007-05-25,5.132237911224365
2007-05-29,5.171697616577148
2007-05-30,5.257009983062744
2007-05-31,5.251675605773926
2007-06-01,5.292736053466797
2007-06-04,5.293269634246826
2007-06-05,5.251145839691162
2007-06-06,5.134370803833008
2007-06-07,4.960541248321533
2007-06-08,5.070918083190918
2007-06-11,5.1002421379089355
2007-06-12,4.974939346313477
2007-06-13,5.12957239151001
2007-06-14,5.185559272766113
2007-06-15,5.243680953979492
2007-06-18,5.2308831214904785
2007-06-19,5.253810405731201
2007-06-20,5.10930871963501
2007-06-21,5.170628547668457
2007-06-22,5.075181007385254
2007-06-25,5.023993492126465
2007-06-26,4.933244705200195
2007-06-27,5.0706787109375
2007-06-28,5.0594482421875
2007-06-29,5.0535664558410645
2007-07-02,5.153569221496582
2007-07-03,5.179773330688477
2007-07-05,5.167471885681152
2007-07-06,5.222019195556641
2007-07-09,5.223623275756836
2007-07-10,5.0647993087768555
2007-07-11,5.150894641876221
2007-07-12,5.324158668518066
2007-07-13,5.3562445640563965
2007-07-16,5.3471550941467285
2007-07-17,5.336996078491211
2007-07-18,5.322022438049316
2007-07-19,5.354642868041992
2007-07-20,5.240199089050293
2007-07-23,5.279240131378174
2007-07-24,5.103301525115967
2007-07-25,5.117738246917725
2007-07-26,4.874419212341309
2007-07-27,4.697411060333252
2007-07-30,4.823616981506348
2007-07-31,4.697944641113281
2007-08-01,4.761049270629883
2007-08-02,4.827360153198242
2007-08-03,4.556232452392578
2007-08-06,4.735379695892334
2007-08-07,4.823616981506348
2007-08-08,4.959982395172119
2007-08-09,4.676019668579102
2007-08-10,4.609710693359375
2007-08-13,4.655699729919434
2007-08-14,4.501149654388428
2007-08-15,4.389385223388672
2007-08-16,4.435911178588867
2007-08-17,4.618799686431885
2007-08-20,4.607035160064697
2007-08-21,4.624683380126953
2007-08-22,4.7246832847595215
2007-08-23,4.715590476989746
2007-08-24,4.823616981506348
2007-08-27,4.740726947784424
2007-08-28,4.544466495513916
2007-08-29,4.707035541534424
2007-08-30,4.681902885437012
2007-08-31,4.749819278717041
2007-09-04,4.872816562652588
2007-09-05,4.764793395996094
2007-09-06,4.812387466430664
2007-09-07,4.667999267578125
2007-09-10,4.636981964111328
2007-09-11,4.764793395996094
2007-09-12,4.786182880401611
2007-09-13,4.837520599365234
2007-09-14,4.845006942749023
2007-09-17,4.782973766326904
2007-09-18,5.0647993087768555
2007-09-19,5.132176876068115
2007-09-20,5.0642619132995605
2007-09-21,5.080306529998779
2007-09-24,5.069608211517334
2007-09-25,5.053203582763672
2007-09-26,5.090734481811523
2007-09-27,5.15239143371582
2007-09-28,5.119150161743164
2007-10-01,5.245682239532471
2007-10-02,5.231742858886719
2007-10-03,5.1947455406188965
2007-10-04,5.211367607116699
2007-10-05,5.336826801300049
2007-10-08,5.2816033363342285
2007-10-09,5.367389678955078
2007-10-10,5.344869136810303
2007-10-11,5.3051934242248535
2007-10-12,5.355591773986816
2007-10-15,5.272488594055176
2007-10-16,5.2097601890563965
2007-10-17,5.219409465789795
2007-10-18,5.188311576843262
2007-10-19,4.895037651062012
2007-10-22,4.96474027633667
2007-10-23,5.015673637390137
2007-10-24,5.023715019226074
2007-10-25,5.043553829193115
2007-10-26,5.161503791809082
2007-10-29,5.1834869384765625
2007-10-30,5.111108303070068
2007-10-31,5.226917743682861
2007-11-01,4.977071762084961
2007-11-02,4.988866806030273
2007-11-05,4.902010917663574
2007-11-06,5.046771049499512
2007-11-07,4.779232025146484
2007-11-08,4.717038631439209
2007-11-09,4.598013401031494
2007-11-12,4.519737720489502
2007-11-13,4.777087211608887
2007-11-14,4.725080966949463
2007-11-15,4.604982376098633
2007-11-16,4.606592655181885
2007-11-19,4.4714813232421875
2007-11-20,4.522953987121582
2007-11-21,4.352456569671631
2007-11-23,4.482206344604492
2007-11-26,4.310637474060059
2007-11-27,4.413578987121582
2007-11-28,4.666103839874268
2007-11-29,4.682188510894775
2007-11-30,4.782449245452881
2007-12-03,4.699345588684082
2007-12-04,4.632326602935791
2007-12-05,4.776550769805908
2007-12-06,4.91005277633667
2007-12-07,4.921847343444824
2007-12-10,4.981897830963135
2007-12-11,4.718111991882324
2007-12-12,4.80121374130249
2007-12-13,4.799604892730713
2007-12-14,4.660207748413086
2007-12-17,4.511691570281982
2007-12-18,4.569062232971191
2007-12-19,4.576030731201172
2007-12-20,4.620224475860596
2007-12-21,4.772008419036865
2007-12-24,4.847621917724609
2007-12-26,4.844821929931641
2007-12-27,4.718800067901611
2007-12-28,4.706476211547852
2007-12-31,4.637584209442139
2008-01-02,4.540689945220947
2008-01-03,4.539010047912598
2008-01-04,4.323934078216553
2008-01-07,4.31273078918457
2008-01-08,4.164306163787842
2008-01-09,4.257839679718018
2008-01-10,4.323934078216553
2008-01-11,4.243279457092285
2008-01-14,4.317771911621094
2008-01-15,4.114456653594971
2008-01-16,4.060128688812256
2008-01-17,3.834970712661743
2008-01-18,3.756556749343872
2008-01-22,3.675342321395874
2008-01-23,3.8629744052886963
2008-01-24,3.9206655025482178
2008-01-25,3.7957632541656494
2008-01-28,3.934666395187378
2008-01-29,3.9604313373565674
2008-01-30,3.9105827808380127
2008-01-31,4.041085243225098
2008-02-01,4.1715874671936035
2008-02-04,4.070209503173828
2008-02-05,3.85345196723938
2008-02-06,3.7834410667419434
2008-02-07,3.840571165084839
2008-02-08,3.7806410789489746
2008-02-11,3.8198482990264893
2008-02-12,3.903860569000244
2008-02-13,3.9772350788116455
2008-02-14,3.887059211730957
2008-02-15,3.903301954269409
2008-02-19,3.937467098236084
2008-02-20,3.9419467449188232
2008-02-21,3.873054265975952
2008-02-22,3.9318673610687256
2008-02-25,4.027082920074463
2008-02-26,4.0746893882751465
2008-02-27,4.067969799041748
2008-02-28,3.9817144870758057
2008-02-29,3.8220882415771484
2008-03-03,3.7812013626098633
2008-03-04,3.7660787105560303
2008-03-05,3.813687801361084
2008-03-06,3.651258707046509
2008-03-07,3.584047794342041
2008-03-10,3.479870319366455
2008-03-11,3.7408740520477295
2008-03-12,3.6719818115234375
2008-03-13,3.6854248046875
2008-03-14,3.5694854259490967
2008-03-17,3.491072416305542
2008-03-18,3.7800798416137695
2008-03-19,3.585167407989502
2008-03-20,3.7190299034118652
2008-03-24,3.878098487854004
2008-03-25,3.877816677093506
2008-03-26,3.7784578800201416
2008-03-27,3.755441904067993
2008-03-28,3.683027505874634
2008-03-31,3.7049202919006348
2008-04-01,3.9603354930877686
2008-04-02,3.9839141368865967
2008-04-03,4.004122257232666
2008-04-04,3.9906487464904785
2008-04-07,3.985596179962158
2008-04-08,3.9811058044433594
2008-04-09,3.9187967777252197
2008-04-10,3.9378819465637207
2008-04-11,3.7846333980560303
2008-04-14,3.749828577041626
2008-04-15,3.784071445465088
2008-04-16,3.9749319553375244
2008-04-17,3.9788613319396973
2008-04-18,4.07316780090332
2008-04-21,4.079904556274414
2008-04-22,4.038362503051758
2008-04-23,4.024329662322998
2008-04-24,4.056327819824219
2008-04-25,4.127617359161377
2008-04-28,4.1309895515441895
2008-04-29,4.093937397003174
2008-04-30,4.051274299621582
2008-05-01,4.214066982269287
2008-05-02,4.235397815704346
2008-05-05,4.206208229064941
2008-05-06,4.269642353057861
2008-05-07,4.114706039428711
2008-05-08,4.101796627044678
2008-05-09,4.079904556274414
2008-05-12,4.180387020111084
2008-05-13,4.1826300621032715
2008-05-14,4.204524993896484
2008-05-15,4.299393177032471
2008-05-16,4.3094964027404785
2008-05-19,4.322407245635986
2008-05-20,4.254485130310059
2008-05-21,4.109094619750977
2008-05-22,4.109094619750977
2008-05-23,4.007488250732422
2008-05-27,4.056887626647949
2008-05-28,4.104602813720703
2008-05-29,4.139406204223633
2008-05-30,4.1467061042785645
2008-06-02,4.059134483337402
2008-06-03,4.03050422668457
2008-06-04,4.015347957611084
2008-06-05,4.180387020111084
2008-06-06,3.914867877960205
2008-06-09,3.93900465965271
2008-06-10,3.889045000076294
2008-06-11,3.7778961658477783
2008-06-12,3.805964469909668
2008-06-13,3.900273323059082
2008-06-16,3.9064464569091797
2008-06-17,3.862097978591919
2008-06-18,3.776772975921631
2008-06-19,3.795297861099243
2008-06-20,3.6678719520568848
2008-06-23,3.656083583831787
2008-06-24,3.648422956466675
2008-06-25,3.683342933654785
2008-06-26,3.4738306999206543
2008-06-27,3.4417293071746826
2008-06-30,3.47157883644104
2008-07-01,3.4862217903137207
2008-07-02,3.3600635528564453
2008-07-03,3.3690755367279053
2008-07-07,3.298676013946533
2008-07-08,3.418637275695801
2008-07-09,3.282341480255127
2008-07-10,3.3262717723846436
2008-07-11,3.245171308517456
2008-07-14,3.1747703552246094
2008-07-15,3.0897271633148193
2008-07-16,3.272204637527466
2008-07-17,3.3014914989471436
2008-07-18,3.343730926513672
2008-07-21,3.3600635528564453
2008-07-22,3.4299023151397705
2008-07-23,3.4603142738342285
2008-07-24,3.3048715591430664
2008-07-25,3.317260980606079
2008-07-28,3.211378574371338
2008-07-29,3.3521790504455566
2008-07-30,3.4743947982788086
2008-07-31,3.383155584335327
2008-08-01,3.3476736545562744
2008-08-04,3.2885375022888184
2008-08-05,3.4574990272521973
2008-08-06,3.4839682579040527
2008-08-07,3.3842825889587402
2008-08-08,3.514944553375244
2008-08-11,3.5712649822235107
2008-08-12,3.5059337615966797
2008-08-13,3.464820146560669
2008-08-14,3.513256072998047
2008-08-15,3.5476109981536865
2008-08-18,3.4529929161071777
2008-08-19,3.378650188446045
2008-08-20,3.4068095684051514
2008-08-21,3.4163835048675537
2008-08-22,3.5019915103912354
2008-08-25,3.3747072219848633
2008-08-26,3.3921661376953125
2008-08-27,3.4473605155944824
2008-08-28,3.5340940952301025
2008-08-29,3.4591872692108154
2008-09-02,3.4203271865844727
2008-09-03,3.4135682582855225
2008-09-04,3.2108154296875
2008-09-05,3.2299647331237793
2008-09-08,3.363443613052368
2008-09-09,3.1539323329925537
2008-09-10,3.1820926666259766
2008-09-11,3.2738940715789795
2008-09-12,3.3037445545196533
2008-09-15,2.993420124053955
2008-09-16,3.0773372650146484
2008-09-17,2.816009998321533
2008-09-18,2.9945454597473145
2008-09-19,3.223769426345825
2008-09-22,3.068325996398926
2008-09-23,2.9297780990600586
2008-09-24,2.951404333114624
2008-09-25,3.023678779602051
2008-09-26,3.0456998348236084
2008-09-29,2.625602960586548
2008-09-30,2.78031587600708
2008-10-01,2.7808806896209717
2008-10-02,2.5527639389038086
2008-10-03,2.48274827003479
2008-10-06,2.2800400257110596
2008-10-07,2.0349833965301514
2008-10-08,1.9508512020111084
2008-10-09,1.676998496055603
2008-10-10,1.637473702430725
2008-10-13,2.0044937133789062
2008-10-14,1.976824402809143
2008-10-15,1.638602375984192
2008-10-16,1.745884895324707
2008-10-17,1.744755744934082
2008-10-20,1.8983391523361206
2008-10-21,1.7899278402328491
2008-10-22,1.610934853553772
2008-10-23,1.61262845993042
2008-10-24,1.4963120222091675
2008-10-27,1.396369218826294
2008-10-28,1.7052311897277832
2008-10-29,1.6634471416473389
2008-10-30,1.7413678169250488
2008-10-31,1.8091254234313965
2008-11-03,1.833970308303833
2008-11-04,1.933911681175232
2008-11-05,1.7537903785705566
2008-11-06,1.586654782295227
2008-11-07,1.6713521480560303
2008-11-10,1.601335883140564
2008-11-11,1.5522114038467407
2008-11-12,1.402580976486206
2008-11-13,1.586654782295227
2008-11-14,1.4358943700790405
2008-11-17,1.3805593252182007
2008-11-18,1.3907229900360107
2008-11-19,1.2523847818374634
2008-11-20,1.0733920335769653
2008-11-21,1.1976141929626465
2008-11-24,1.3353874683380127
2008-11-25,1.3760422468185425
2008-11-26,1.4686442613601685
2008-11-28,1.5019582509994507
2008-12-01,1.2422211170196533
2008-12-02,1.329741358757019
2008-12-03,1.4020153284072876
2008-12-04,1.3224010467529297
2008-12-05,1.4161312580108643
2008-12-08,1.516074538230896
2008-12-09,1.4601744413375854
2008-12-10,1.488406777381897
2008-12-11,1.4116142988204956
2008-12-12,1.426295518875122
2008-12-15,1.3935459852218628
2008-12-16,1.5318843126296997
2008-12-17,1.5042171478271484
2008-12-18,1.448317050933838
2008-12-19,1.4381529092788696
2008-12-22,1.3918520212173462
2008-12-23,1.3680239915847778
2008-12-24,1.3810418844223022
2008-12-26,1.3963242769241333
2008-12-29,1.3917962312698364
2008-12-30,1.4478304386138916
2008-12-31,1.4868836402893066
2009-01-02,1.578576683998108
2009-01-05,1.5768789052963257
2009-01-06,1.6023482084274292
2009-01-07,1.5106562376022339
2009-01-08,1.5208438634872437
2009-01-09,1.452924132347107
2009-01-12,1.3872679471969604
2009-01-13,1.3884005546569824
2009-01-14,1.3018016815185547
2009-01-15,1.3046318292617798
2009-01-16,1.321611762046814
2009-01-20,1.1829416751861572
2009-01-21,1.2836894989013672
2009-01-22,1.2463340759277344
2009-01-23,1.2570877075195312
2009-01-26,1.2695401906967163
2009-01-27,1.2972739934921265
2009-01-28,1.385003924369812
2009-01-29,1.3001035451889038
2009-01-30,1.2418055534362793
2009-02-02,1.2389758825302124
2009-02-03,1.2729359865188599
2009-02-04,1.261049509048462
2009-02-05,1.2938783168792725
2009-02-06,1.3674583435058594
2009-02-09,1.3731179237365723
2009-02-10,1.2474658489227295
2009-02-11,1.2661441564559937
2009-02-12,1.2684077024459839
2009-02-13,1.2361458539962769
2009-02-17,1.130303144454956
2009-02-18,1.1235116720199585
2009-02-19,1.1014370918273926
2009-02-20,1.077100157737732
2009-02-23,1.0018213987350464
2009-02-24,1.0776655673980713
2009-02-25,1.05842125415802
2009-02-26,1.0261595249176025
2009-02-27,0.979748010635376
2009-03-02,0.8914512395858765
2009-03-03,0.8733394742012024
2009-03-04,0.916355311870575
2009-03-05,0.8427752256393433
2009-03-06,0.841077446937561
2009-03-09,0.8229653835296631
2009-03-10,0.9231472015380859
2009-03-11,0.932203471660614
2009-03-12,1.0069159269332886
2009-03-13,1.0233296155929565
2009-03-16,1.0193676948547363
2009-03-17,1.0804953575134277
2009-03-18,1.1257755756378174
2009-03-19,1.099173665046692
2009-03-20,1.0538935661315918
2009-03-23,1.204450011253357
2009-03-24,1.1582562923431396
2009-03-25,1.177598237991333
2009-03-26,1.2299362421035767
2009-03-27,1.1844244003295898
2009-03-30,1.1025053262710571
2009-03-31,1.1224160194396973
2009-04-01,1.165651559829712
2009-04-02,1.2322113513946533
2009-04-03,1.2583801746368408
2009-04-06,1.2401763200759888
2009-04-07,1.1815803050994873
2009-04-08,1.2077497243881226
2009-04-09,1.3027533292770386
2009-04-13,1.3090115785598755
2009-04-14,1.2617937326431274
2009-04-15,1.287393569946289
2009-04-16,1.3272161483764648
2009-04-17,1.3403005599975586
2009-04-20,1.2276599407196045
2009-04-21,1.2765849828720093
2009-04-22,1.2617937326431274
2009-04-23,1.2845492362976074
2009-04-24,1.324371337890625
2009-04-27,1.2987713813781738
2009-04-28,1.2902377843856812
2009-04-29,1.3454203605651855
2009-04-30,1.350540041923523
2009-05-01,1.3636250495910645
2009-05-04,1.4546470642089844
2009-05-05,1.4421311616897583
2009-05-06,1.4910557270050049
2009-05-07,1.4557846784591675
2009-05-08,1.5206373929977417
2009-05-11,1.4637491703033447
2009-05-12,1.4500951766967773
2009-05-13,1.3841044902801514
2009-05-14,1.4034473896026611
2009-05-15,1.3795537948608398
2009-05-18,1.4609047174453735
2009-05-19,1.4552158117294312
2009-05-20,1.437011480331421
2009-05-21,1.39320707321167
2009-05-22,1.388655662536621
2009-05-26,1.4620420932769775
2009-05-27,1.4079973697662354
2009-05-28,1.446682095527649
2009-05-29,1.5018643140792847
2009-06-01,1.5701311826705933
2009-06-02,1.5769574642181396
2009-06-03,1.5331535339355469
2009-06-04,1.5615981817245483
2009-06-05,1.5633043050765991
2009-06-08,1.5507886409759521
2009-06-09,1.5627354383468628
2009-06-10,1.557616114616394
2009-06-11,1.571269154548645
2009-06-12,1.581508994102478
2009-06-15,1.5041401386260986
2009-06-16,1.4671624898910522
2009-06-17,1.4597669839859009
2009-06-18,1.4813848733901978
2009-06-19,1.4921932220458984
2009-06-22,1.4028780460357666
2009-06-23,1.4079973697662354
2009-06-24,1.428321361541748
2009-06-25,1.4922586679458618
2009-06-26,1.4854083061218262
2009-06-29,1.513381004333496
2009-06-30,1.4922586679458618
2009-07-01,1.4996798038482666
2009-07-02,1.4191875457763672
2009-07-06,1.4197582006454468
2009-07-07,1.3632413148880005
2009-07-08,1.3615293502807617
2009-07-09,1.3700920343399048
2009-07-10,1.3592453002929688
2009-07-13,1.427178978919983
2009-07-14,1.4437346458435059
2009-07-15,1.5247982740402222
2009-07-16,1.552200436592102
2009-07-17,1.554483413696289
2009-07-20,1.5853105783462524
2009-07-21,1.6012953519821167
2009-07-22,1.600724220275879
2009-07-23,1.6703704595565796
2009-07-24,1.688638687133789
2009-07-27,1.6972012519836426
2009-07-28,1.6874967813491821
2009-07-29,1.6709414720535278
2009-07-30,1.7057650089263916
2009-07-31,1.7080484628677368
2009-08-03,1.7662774324417114
2009-08-04,1.7765532732009888
2009-08-05,1.766848087310791
2009-08-06,1.749150276184082
2009-08-07,1.7925372123718262
2009-08-10,1.783974051475525
2009-08-11,1.7388747930526733
2009-08-12,1.777124047279358
2009-08-13,1.8056669235229492
2009-08-14,1.7799779176712036
2009-08-17,1.6874967813491821
2009-08-18,1.7188948392868042
2009-08-19,1.748579978942871
2009-08-20,1.785116195678711
2009-08-21,1.849624514579773
2009-08-24,1.8541916608810425
2009-08-25,1.8593287467956543
2009-08-26,1.8599003553390503
2009-08-27,1.8701757192611694
2009-08-28,1.8633248805999756
2009-08-31,1.834210991859436
2009-09-01,1.7525755167007446
2009-09-02,1.7394460439682007
2009-09-03,1.7674185037612915
2009-09-04,1.817655324935913
2009-09-08,1.8490532636642456
2009-09-09,1.8781683444976807
2009-09-10,1.9141324758529663
2009-09-11,1.9147030115127563
2009-09-14,1.9369680881500244
2009-09-15,1.9483859539031982
2009-09-16,2.0077555179595947
2009-09-17,2.0037596225738525
2009-09-18,2.0060434341430664
2009-09-21,1.998050570487976
2009-09-22,2.018601894378662
2009-09-23,1.9872045516967773
2009-09-24,1.9414160251617432
2009-09-25,1.9231013059616089
2009-09-28,1.9877766370773315
2009-09-29,1.976330041885376
2009-09-30,1.9643112421035767
2009-10-01,1.8664382696151733
2009-10-02,1.8492673635482788
2009-10-05,1.9013512134552002
2009-10-06,1.9562976360321045
2009-10-07,1.9683167934417725
2009-10-08,1.9992235898971558
2009-10-09,2.0204010009765625
2009-10-12,2.0392889976501465
2009-10-13,2.0318477153778076
2009-10-14,2.0993852615356445
2009-10-15,2.1119778156280518
2009-10-16,2.082214593887329
2009-10-19,2.117129325866699
2009-10-20,2.096524477005005
2009-10-21,2.0570313930511475
2009-10-22,2.0959513187408447
2009-10-23,2.053025007247925
2009-10-26,2.006092071533203
2009-10-27,1.9872050285339355
2009-10-28,1.9139437675476074
2009-10-29,1.9929276704788208
2009-10-30,1.8801743984222412
2009-11-02,1.9065033197402954
2009-11-03,1.9162334203720093
2009-11-04,1.9248181581497192
2009-11-05,1.9975074529647827
2009-11-06,2.008953809738159
2009-11-09,2.101101875305176
2009-11-10,2.101101875305176
2009-11-11,2.122279167175293
2009-11-12,2.0793533325195312
2009-11-13,2.1022472381591797
2009-11-16,2.162916421890259
2009-11-17,2.1674952507019043
2009-11-18,2.166351318359375
2009-11-19,2.1091153621673584
2009-11-20,2.0959513187408447
2009-11-23,2.1503241062164307
2009-11-24,2.1526145935058594
2009-11-25,2.1674952507019043
2009-11-27,2.098240375518799
2009-11-30,2.1119778156280518
2009-12-01,2.1600539684295654
2009-12-02,2.16348934173584
2009-12-03,2.129148483276367
2009-12-04,2.15204119682312
2009-12-07,2.144028663635254
2009-12-08,2.0993852615356445
2009-12-09,2.112549304962158
2009-12-10,2.1365883350372314
2009-12-11,2.156620740890503
2009-12-14,2.1846656799316406
2009-12-15,2.1640615463256836
2009-12-16,2.1715004444122314
2009-12-17,2.1194167137145996
2009-12-18,2.1423115730285645
2009-12-21,2.1829497814178467
2009-12-22,2.2006919384002686
2009-12-23,2.210366725921631
2009-12-24,2.23441219329834
2009-12-28,2.240708827972412
2009-12-29,2.236128568649292
2009-12-30,2.2304046154022217
2009-12-31,2.1891846656799316
2010-01-04,2.259601354598999
2010-01-05,2.2744855880737305
2010-01-06,2.2762017250061035
2010-01-07,2.2950949668884277
2010-01-08,2.311124563217163
2010-01-11,2.3185675144195557
2010-01-12,2.2750585079193115
2010-01-13,2.311697483062744
2010-01-14,2.324864625930786
2010-01-15,2.2739129066467285
2010-01-19,2.3300158977508545
2010-01-20,2.281355142593384
2010-01-21,2.1943371295928955
2010-01-22,2.098731756210327
2010-01-25,2.1164793968200684
2010-01-26,2.0993049144744873
2010-01-27,2.11934232711792
2010-01-28,2.0706799030303955
2010-01-29,2.024881601333618
2010-02-01,2.0867092609405518
2010-02-02,2.1382341384887695
2010-02-03,2.1176254749298096
2010-02-04,1.9882428646087646
2010-02-05,1.9985474348068237
2010-02-08,1.966488003730774
2010-02-09,2.0145769119262695
2010-02-10,2.0059900283813477
2010-02-11,2.047208309173584
2010-02-12,2.044346809387207
2010-02-16,2.109037399291992
2010-02-17,2.1290740966796875
2010-02-18,2.1548359394073486
2010-02-19,2.1662862300872803
2010-02-22,2.1639959812164307
2010-02-23,2.1130435466766357
2010-02-24,2.149111270904541
2010-02-25,2.1456761360168457
2010-02-26,2.14853835105896
2010-03-01,2.1914749145507812
2010-03-02,2.2023534774780273
2010-03-03,2.2075045108795166
2010-03-04,2.2195258140563965
2010-03-05,2.284790515899658
2010-03-08,2.285362958908081
2010-03-09,2.2922322750091553
2010-03-10,2.312269687652588
2010-03-11,2.3323066234588623
2010-03-12,2.3323066234588623
2010-03-15,2.33402419090271
2010-03-16,2.3712360858917236
2010-03-17,2.3992879390716553
2010-03-18,2.3969967365264893
2010-03-19,2.372953176498413
2010-03-22,2.3969967365264893
2010-03-23,2.4319190979003906
2010-03-24,2.408644437789917
2010-03-25,2.398298978805542
2010-03-26,2.40059757232666
2010-03-29,2.42588472366333
2010-03-30,2.4304826259613037
2010-03-31,2.414391040802002
2010-04-01,2.44657564163208
2010-04-05,2.4862303733825684
2010-04-06,2.4982988834381104
2010-04-07,2.471287727355957
2010-04-08,2.4862303733825684
2010-04-09,2.5189895629882812
2010-04-12,2.5281856060028076
2010-04-13,2.532207489013672
2010-04-14,2.5879557132720947
2010-04-15,2.593127965927124
2010-04-16,2.5120928287506104
2010-04-19,2.529910087585449
2010-04-20,2.5730130672454834
2010-04-21,2.5632426738739014
2010-04-22,2.5787596702575684
2010-04-23,2.6109440326690674
2010-04-26,2.592552900314331
2010-04-27,2.471287727355957
2010-04-28,2.505770683288574
2010-04-29,2.567265510559082
2010-04-30,2.4822068214416504
2010-05-03,2.549449920654297
2010-05-04,2.4276089668273926
2010-05-05,2.3960001468658447
2010-05-06,2.2356526851654053
2010-05-07,2.171285390853882
2010-05-10,2.362090826034546
2010-05-11,2.347722053527832
2010-05-12,2.414391040802002
2010-05-13,2.3546199798583984
2010-05-14,2.270136833190918
2010-05-17,2.271860361099243
2010-05-18,2.2103652954101562
2010-05-19,2.185652256011963
2010-05-20,2.0184104442596436
2010-05-21,2.077605962753296
2010-05-24,2.024156093597412
2010-05-25,2.028754949569702
2010-05-26,2.0017428398132324
2010-05-27,2.1379518508911133
2010-05-28,2.0827786922454834
2010-06-01,2.012662649154663
2010-06-02,2.116111993789673
2010-06-03,2.135652542114258
2010-06-04,1.986799955368042
2010-06-07,1.9322021007537842
2010-06-08,1.97243332862854
2010-06-09,1.9523171186447144
2010-06-10,2.0684092044830322
2010-06-11,2.087376594543457
2010-06-14,2.0833520889282227
2010-06-15,2.1764581203460693
2010-06-16,2.1741600036621094
2010-06-17,2.1804797649383545
2010-06-18,2.184502601623535
2010-06-21,2.1724343299865723
2010-06-22,2.1010735034942627
2010-06-23,2.0866751670837402
2010-06-24,2.0187132358551025
2010-06-25,2.0365688800811768
2010-06-28,2.021017551422119
2010-06-29,1.898339033126831
2010-06-30,1.8551422357559204
2010-07-01,1.8470795154571533
2010-07-02,1.82346510887146
2010-07-06,1.8470795154571533
2010-07-07,1.9634218215942383
2010-07-08,2.001434326171875
2010-07-09,2.030808210372925
2010-07-12,2.0354154109954834
2010-07-13,2.097618579864502
2010-07-14,2.0958902835845947
2010-07-15,2.097618579864502
2010-07-16,1.9801247119903564
2010-07-19,2.0048904418945312
2010-07-20,2.047511100769043
2010-07-21,1.9962512254714966
2010-07-22,2.084371566772461
2010-07-23,2.119504690170288
2010-07-26,2.1678853034973145
2010-07-27,2.1632778644561768
2010-07-28,2.136207342147827
2010-07-29,2.1148972511291504
2010-07-30,2.1160495281219482
2010-08-02,2.2087767124176025
2010-08-03,2.1886188983917236
2010-08-04,2.2174160480499268
2010-08-05,2.2133853435516357
2010-08-06,2.19437837600708
2010-08-09,2.2179923057556152
2010-08-10,2.1949551105499268
2010-08-11,2.074004650115967
2010-08-12,2.0480878353118896
2010-08-13,2.034839630126953
2010-08-16,2.034839630126953
2010-08-17,2.0820679664611816
2010-08-18,2.091860294342041
2010-08-19,2.019864082336426
2010-08-20,2.0054662227630615
2010-08-23,1.991066813468933
2010-08-24,1.9311686754226685
2010-08-25,1.9444150924682617
2010-08-26,1.9179205894470215
2010-08-27,1.9783962965011597
2010-08-30,1.9219532012939453
2010-08-31,1.9202256202697754
2010-09-01,2.0359909534454346
2010-09-02,2.0734293460845947
2010-09-03,2.1281447410583496
2010-09-07,2.0809152126312256
2010-09-08,2.1079864501953125
2010-09-09,2.128720760345459
2010-09-10,2.151181697845459
2010-09-13,2.1984097957611084
2010-09-14,2.19437837600708
2010-09-15,2.2110819816589355
2010-09-16,2.209352970123291
2010-09-17,2.2139599323272705
2010-09-20,2.279043197631836
2010-09-21,2.2702629566192627
2010-09-22,2.2500438690185547
2010-09-23,2.2107627391815186
2010-09-24,2.3003017902374268
2010-09-27,2.2806613445281982
2010-09-28,2.2974133491516113
2010-09-29,2.28643798828125
2010-09-30,2.274306058883667
2010-10-01,2.292792320251465
2010-10-04,2.257553815841675
2010-10-05,2.3494040966033936
2010-10-06,2.349982261657715
2010-10-07,2.3442060947418213
2010-10-08,2.369044780731201
2010-10-11,2.374243974685669
2010-10-12,2.3886866569519043
2010-10-13,2.4245026111602783
2010-10-14,2.4094831943511963
2010-10-15,2.416414499282837
2010-10-18,2.4418318271636963
2010-10-19,2.3736672401428223
2010-10-20,2.4216136932373047
2010-10-21,2.4314348697662354
2010-10-22,2.4424099922180176
2010-10-25,2.4539639949798584
2010-10-26,2.4551188945770264
2010-10-27,2.4418318271636963
2010-10-28,2.445298910140991
2010-10-29,2.4464540481567383
2010-11-01,2.4481871128082275
2010-11-02,2.4863133430480957
2010-11-03,2.5082647800445557
2010-11-04,2.603004217147827
2010-11-05,2.6237995624542236
2010-11-08,2.6151351928710938
2010-11-09,2.5752756595611572
2010-11-10,2.596071720123291
2010-11-11,2.575852632522583
2010-11-12,2.5146193504333496
2010-11-15,2.507110118865967
2010-11-16,2.4285454750061035
2010-11-17,2.4291229248046875
2010-11-18,2.504221200942993
2010-11-19,2.5163521766662598
2010-11-22,2.5128865242004395
2010-11-23,2.4400994777679443
2010-11-24,2.5117318630218506
2010-11-26,2.457429885864258
2010-11-29,2.4689838886260986
2010-11-30,2.436633348464966
2010-12-01,2.5423481464385986
2010-12-02,2.6087806224823
2010-12-03,2.6214897632598877
2010-12-06,2.615713119506836
2010-12-07,2.6197564601898193
2010-12-08,2.6405529975891113
2010-12-09,2.6590373516082764
2010-12-10,2.6919655799865723
2010-12-13,2.6931211948394775
2010-12-14,2.6983208656311035
2010-12-15,2.67521333694458
2010-12-16,2.702941656112671
2010-12-17,2.710451126098633
2010-12-20,2.7214274406433105
2010-12-21,2.755509853363037
2010-12-22,2.7734177112579346
2010-12-23,2.7670629024505615
2010-12-27,2.7705302238464355
2010-12-28,2.7757294178009033
2010-12-29,2.779773712158203
2010-12-30,2.772840738296509
2010-12-31,2.7763068675994873
2011-01-03,2.8294644355773926
2011-01-04,2.8254194259643555
2011-01-05,2.8548877239227295
2011-01-06,2.8444864749908447
2011-01-07,2.8335087299346924
2011-01-10,2.8259973526000977
2011-01-11,2.845064640045166
2011-01-12,2.897643804550171
2011-01-13,2.8912885189056396
2011-01-14,2.92826771736145
2011-01-18,2.9398233890533447
2011-01-19,2.881465435028076
2011-01-20,2.874532699584961
2011-01-21,2.886087417602539
2011-01-24,2.9219119548797607
2011-01-25,2.9207558631896973
2011-01-26,2.9432902336120605
2011-01-27,2.9600462913513184
2011-01-28,2.8560421466827393
2011-01-31,2.896489143371582
2011-02-01,2.9918243885040283
2011-02-02,2.9785354137420654
2011-02-03,2.992401599884033
2011-02-04,3.010313034057617
2011-02-07,3.0478708744049072
2011-02-08,3.075603723526001
2011-02-09,3.059427261352539
2011-02-10,3.0634706020355225
2011-02-11,3.099294424057007
2011-02-14,3.113739252090454
2011-02-15,3.0969839096069336
2011-02-16,3.131650924682617
2011-02-17,3.152451992034912
2011-02-18,3.165163040161133
2011-02-22,3.0386266708374023
2011-02-23,2.9987595081329346
2011-02-24,2.997025728225708
2011-02-25,3.059427261352539
2011-02-28,3.0975611209869385
2011-03-01,2.992980480194092
2011-03-02,3.0056917667388916
2011-03-03,3.108538866043091
2011-03-04,3.06404972076416
2011-03-07,3.0143587589263916
2011-03-08,3.0657830238342285
2011-03-09,3.058271884918213
2011-03-10,2.9450225830078125
2011-03-11,2.98604679107666
2011-03-14,2.950223445892334
2011-03-15,2.884354591369629
2011-03-16,2.775150775909424
2011-03-17,2.8444864749908447
2011-03-18,2.86759877204895
2011-03-21,2.955422878265381
2011-03-22,2.9346227645874023
2011-03-23,2.9534478187561035
2011-03-24,3.0084738731384277
2011-03-25,3.0275886058807373
2011-03-28,3.0131077766418457
2011-03-29,3.054811716079712
2011-03-30,3.0930399894714355
2011-03-31,3.0855109691619873
2011-04-01,3.110416889190674
2011-04-04,3.1179466247558594
2011-04-05,3.116208553314209
2011-04-06,3.134164571762085
2011-04-07,3.122001886367798
2011-04-08,3.0970959663391113
2011-04-11,3.0802972316741943
2011-04-12,3.032802104949951
2011-04-13,3.0310637950897217
2011-04-14,3.036276340484619
2011-04-15,3.0606043338775635
2011-04-18,2.988781213760376
2011-04-19,3.0223751068115234
2011-04-20,3.105203866958618
2011-04-21,3.1359033584594727
2011-04-25,3.133007049560547
2011-04-26,3.185715913772583
2011-04-27,3.226261854171753
2011-04-28,3.250009536743164
2011-04-29,3.2627511024475098
2011-05-02,3.2540643215179443
2011-05-03,3.227419853210449
2011-05-04,3.1845571994781494
2011-05-05,3.128951072692871
2011-05-06,3.154437780380249
2011-05-09,3.1799240112304688
2011-05-10,3.2349486351013184
2011-05-11,3.1683390140533447
2011-05-12,3.1961419582366943
2011-05-13,3.1463284492492676
2011-05-16,3.1057839393615723
2011-05-17,3.10636305809021
2011-05-18,3.1596505641937256
2011-05-19,3.17529034614563
2011-05-20,3.1266355514526367
2011-05-23,3.0530738830566406
2011-05-24,3.0484399795532227
2011-05-25,3.0663957595825195
2011-05-26,3.0936198234558105
2011-05-27,3.1173672676086426
2011-05-31,3.185136556625366
2011-06-01,3.039172649383545
2011-06-02,3.0333802700042725
2011-06-03,2.9737203121185303
2011-06-06,2.9111645221710205
2011-06-07,2.905372381210327
2011-06-08,2.8810455799102783
2011-06-09,2.924487590789795
2011-06-10,2.843975067138672
2011-06-13,2.8462917804718018
2011-06-14,2.91927433013916
2011-06-15,2.8167524337768555
2011-06-16,2.8271780014038086
2011-06-17,2.845712423324585
2011-06-20,2.8740949630737305
2011-06-21,2.950552225112915
2011-06-22,2.916465997695923
2011-06-23,2.901973009109497
2011-06-24,2.834148645401001
2011-06-27,2.8799450397491455
2011-06-28,2.9570441246032715
2011-06-29,3.010956287384033
2011-06-30,3.0660271644592285
2011-07-01,3.156460762023926
2011-07-05,3.1512434482574463
2011-07-06,3.15588116645813
2011-07-07,3.2271852493286133
2011-07-08,3.1790688037872314
2011-07-11,3.065448760986328
2011-07-12,3.0364623069763184
2011-07-13,3.056173324584961
2011-07-14,3.0161733627319336
2011-07-15,3.0492172241210938
2011-07-18,2.9976236820220947
2011-07-19,3.094433546066284
2011-07-20,3.0915348529815674
2011-07-21,3.1773297786712646
2011-07-22,3.1813876628875732
2011-07-25,3.1477646827697754
2011-07-26,3.1239986419677734
2011-07-27,2.9964637756347656
2011-07-28,2.9773342609405518
2011-07-29,2.936755418777466
2011-08-01,2.9089300632476807
2011-08-02,2.761106491088867
2011-08-03,2.792409658432007
2011-08-04,2.529226779937744
2011-08-05,2.5176327228546143
2011-08-08,2.1941609382629395
2011-08-09,2.3987953662872314
2011-08-10,2.177349805831909
2011-08-11,2.3790838718414307
2011-08-12,2.4127068519592285
2011-08-15,2.5135748386383057
2011-08-16,2.471256971359253
2011-08-17,2.4741554260253906
2011-08-18,2.259086847305298
2011-08-19,2.187203884124756
2011-08-22,2.1877834796905518
2011-08-23,2.3344478607177734
2011-08-24,2.3964760303497314
2011-08-25,2.32633113861084
2011-08-26,2.3929977416992188
2011-08-29,2.53096604347229
2011-08-30,2.540240526199341
2011-08-31,2.560530185699463
2011-09-01,2.514155149459839
2011-09-02,2.3819828033447266
2011-09-06,2.348361015319824
2011-09-07,2.481111526489258
2011-09-08,2.4283580780029297
2011-09-09,2.300245761871338
2011-09-12,2.332709312438965
2011-09-13,2.3744473457336426
2011-09-14,2.4387941360473633
2011-09-15,2.5234296321868896
2011-09-16,2.5547337532043457
2011-09-19,2.5031399726867676
2011-09-20,2.497922897338867
2011-09-21,2.3430187702178955
2011-09-22,2.197815179824829
2011-09-23,2.2181434631347656
2011-09-26,2.3290793895721436
2011-09-27,2.381352424621582
2011-09-28,2.282033920288086
2011-09-29,2.320368528366089
2011-09-30,2.2053661346435547
2011-10-03,2.08048939704895
2011-10-04,2.1623849868774414
2011-10-05,2.2506699562072754
2011-10-06,2.331402540206909
2011-10-07,2.3023626804351807
2011-10-10,2.453956127166748
2011-10-11,2.4562788009643555
2011-10-12,2.5004208087921143
2011-10-13,2.4911279678344727
2011-10-14,2.5776705741882324
2011-10-17,2.4789299964904785
2011-10-18,2.5770885944366455
2011-10-19,2.5131988525390625
2011-10-20,2.5341079235076904
2011-10-21,2.6293630599975586
2011-10-24,2.696155548095703
2011-10-25,2.5939321517944336
2011-10-26,2.6450438499450684
2011-10-27,2.827421188354492
2011-10-28,2.827421188354492
2011-10-31,2.686282157897949
2011-11-01,2.541659116744995
2011-11-02,2.6223933696746826
2011-11-03,2.718808889389038
2011-11-04,2.6839590072631836
2011-11-07,2.718228340148926
2011-11-08,2.7873458862304688
2011-11-09,2.5799925327301025
2011-11-10,2.6287829875946045
2011-11-11,2.7310051918029785
2011-11-14,2.6781513690948486
2011-11-15,2.706611394882202
2011-11-16,2.621811866760254
2011-11-17,2.5341079235076904
2011-11-18,2.5300424098968506
2011-11-21,2.4330456256866455
2011-11-22,2.412717342376709
2011-11-23,2.307589292526245
2011-11-25,2.2959728240966797
2011-11-28,2.429560899734497
2011-11-29,2.442919969558716
2011-11-30,2.6444640159606934
2011-12-01,2.645625591278076
2011-12-02,2.6421403884887695
2011-12-05,2.698479652404785
2011-12-06,2.7002227306365967
2011-12-07,2.71474289894104
2011-12-08,2.6014833450317383
2011-12-09,2.6868631839752197
2011-12-12,2.607872247695923
2011-12-13,2.56198787689209
2011-12-14,2.505648374557495
2011-12-15,2.5230722427368164
2011-12-16,2.52946138381958
2011-12-19,2.4771883487701416
2011-12-20,2.6247150897979736
2011-12-21,2.6357524394989014
2011-12-22,2.6857030391693115
2011-12-23,2.7303760051727295
2011-12-27,2.7338619232177734
2011-12-28,2.6682162284851074
2011-12-29,2.7158524990081787
2011-12-30,2.694939136505127
2012-01-03,2.778012275695801
2012-01-04,2.7849833965301514
2012-01-05,2.8024115562438965
2012-01-06,2.7907934188842773
2012-01-09,2.7977635860443115
2012-01-10,2.846561908721924
2012-01-11,2.8506288528442383
2012-01-12,2.8628275394439697
2012-01-13,2.84423828125
2012-01-17,2.852370500564575
2012-01-18,2.916274309158325
2012-01-19,2.948805332183838
2012-01-20,2.9528722763061523
2012-01-23,2.955777168273926
2012-01-24,2.9493865966796875
2012-01-25,2.998185157775879
2012-01-26,2.9668147563934326
2012-01-27,2.962747812271118
2012-01-30,2.94473934173584
2012-01-31,2.9366061687469482
2012-02-01,2.9888904094696045
2012-02-02,3.001089572906494
2012-02-03,3.087648630142212
2012-02-06,3.083000898361206
2012-02-07,3.0963618755340576
2012-02-08,3.1155333518981934
2012-02-09,3.1230857372283936
2012-02-10,3.080676555633545
2012-02-13,3.120180130004883
2012-02-14,3.117856979370117
2012-02-15,3.087067127227783
2012-02-16,3.1503894329071045
2012-02-17,3.168978691101074
2012-02-21,3.174788475036621
2012-02-22,3.1527130603790283
2012-02-23,3.1800174713134766
2012-02-24,3.1939587593078613
2012-02-27,3.2079010009765625
2012-02-28,3.2241671085357666
2012-02-29,3.184664487838745
2012-03-01,3.2340433597564697
2012-03-02,3.2142906188964844
2012-03-05,3.188730001449585
2012-03-06,3.0911338329315186
2012-03-07,3.133542537689209
2012-03-08,3.1957015991210938
2012-03-09,3.219519853591919
2012-03-12,3.2218434810638428
2012-03-13,3.339772939682007
2012-03-14,3.3316397666931152
2012-03-15,3.366495370864868
2012-03-16,3.3798563480377197
2012-03-19,3.4054176807403564
2012-03-20,3.385666608810425
2012-03-21,3.3726816177368164
2012-03-22,3.32493257522583
2012-03-23,3.346478223800659
2012-03-26,3.439063310623169
2012-03-27,3.4186832904815674
2012-03-28,3.3849093914031982
2012-03-29,3.3720993995666504
2012-03-30,3.3983023166656494
2012-04-02,3.4477977752685547
2012-04-03,3.4239237308502197
2012-04-04,3.34938907623291
2012-04-05,3.3499717712402344
2012-04-09,3.2777674198150635
2012-04-10,3.163053274154663
2012-04-11,3.2096376419067383
2012-04-12,3.3016409873962402
2012-04-13,3.218372106552124
2012-04-16,3.2125489711761475
2012-04-17,3.311539649963379
2012-04-18,3.2882473468780518
2012-04-19,3.2498157024383545
2012-04-20,3.257385730743408
2012-04-23,3.2003204822540283
2012-04-24,3.2265233993530273
2012-04-25,3.3173630237579346
2012-04-26,3.3610353469848633
2012-04-27,3.3744282722473145
2012-04-30,3.3435661792755127
2012-05-01,3.3854916095733643
2012-05-02,3.3668580055236816
2012-05-03,3.3161981105804443
2012-05-04,3.209054946899414
2012-05-07,3.2113845348358154
2012-05-08,3.1875107288360596
2012-05-09,3.1473307609558105
2012-05-10,3.1589763164520264
2012-05-11,3.1420907974243164
2012-05-14,3.0727968215942383
2012-05-15,3.0396063327789307
2012-05-16,3.015148162841797
2012-05-17,2.9237277507781982
2012-05-18,2.87190318107605
2012-05-21,2.9714765548706055
2012-05-22,2.9819581508636475
2012-05-23,2.987781286239624
2012-05-24,2.9994261264801025
2012-05-25,2.977299690246582
2012-05-29,3.0506696701049805
2012-05-30,2.9609951972961426
2012-05-31,2.9633240699768066
2012-06-01,2.7991161346435547
2012-06-04,2.7991161346435547
2012-06-05,2.835801124572754
2012-06-06,2.9674010276794434
2012-06-07,2.9674010276794434
2012-06-08,3.0174782276153564
2012-06-11,2.9423606395721436
2012-06-12,3.0093257427215576
2012-06-13,2.9691481590270996
2012-06-14,3.0308709144592285
2012-06-15,3.0920121669769287
2012-06-18,3.1048238277435303
2012-06-19,3.1677112579345703
2012-06-20,3.1571028232574463
2012-06-21,3.0142862796783447
2012-06-22,3.055673837661743
2012-06-25,2.96124005317688
2012-06-26,2.9909701347351074
2012-06-27,3.0445995330810547
2012-06-28,3.0282769203186035
2012-06-29,3.1786699295043945
2012-07-02,3.197324275970459
2012-07-03,3.2410426139831543
2012-07-05,3.2113146781921387
2012-07-06,3.148358106613159
2012-07-09,3.1390316486358643
2012-07-10,3.0894837379455566
2012-07-11,3.0889010429382324
2012-07-12,3.060337543487549
2012-07-13,3.1541874408721924
2012-07-16,3.1448607444763184
2012-07-17,3.1868317127227783
2012-07-18,3.232882261276245
2012-07-19,3.249204158782959
2012-07-20,3.191495418548584
2012-07-23,3.129122018814087
2012-07-24,3.079573392868042
2012-07-25,3.0731616020202637
2012-07-26,3.1705100536346436
2012-07-27,3.294088840484619
2012-07-30,3.2911739349365234
2012-07-31,3.2591135501861572
2012-08-01,3.2416253089904785
2012-08-02,3.1979072093963623
2012-08-03,3.321486234664917
2012-08-06,3.3331451416015625
2012-08-07,3.3652050495147705
2012-08-08,3.3756980895996094
2012-08-09,3.3832755088806152
2012-08-10,3.3931851387023926
2012-08-13,3.3931851387023926
2012-08-14,3.390270709991455
2012-08-15,3.393768787384033
2012-08-16,3.4468140602111816
2012-08-17,3.457890033721924
2012-08-20,3.457890033721924
2012-08-21,3.4351558685302734
2012-08-22,3.4369046688079834
2012-08-23,3.38269305229187
2012-08-24,3.423496961593628
2012-08-27,3.423496961593628
2012-08-28,3.4194176197052
2012-08-29,3.4217488765716553
2012-08-30,3.373948812484741
2012-08-31,3.4095072746276855
2012-09-04,3.3867735862731934
2012-09-05,3.3908538818359375
2012-09-06,3.529006004333496
2012-09-07,3.559900999069214
2012-09-10,3.5179309844970703
2012-09-11,3.5365848541259766
2012-09-12,3.559900999069214
2012-09-13,3.6724045276641846
2012-09-14,3.6998016834259033
2012-09-17,3.6782338619232178
2012-09-18,3.6741530895233154
2012-09-19,3.6741530895233154
2012-09-20,3.6759026050567627
2012-09-21,3.6700732707977295
2012-09-24,3.657831907272339
2012-09-25,3.5899689197540283
2012-09-26,3.5432469844818115
2012-09-27,3.6109933853149414
2012-09-28,3.5753681659698486
2012-10-01,3.595224142074585
2012-10-02,3.601064920425415
2012-10-03,3.6302664279937744
2012-10-04,3.687499523162842
2012-10-05,3.682828426361084
2012-10-08,3.6571314334869385
2012-10-09,3.587632656097412
2012-10-10,3.542078971862793
2012-10-11,3.5432469844818115
2012-10-12,3.520470142364502
2012-10-15,3.5753681659698486
2012-10-16,3.6483712196350098
2012-10-17,3.684580087661743
2012-10-18,3.6670596599578857
2012-10-19,3.5409116744995117
2012-10-22,3.542663097381592
2012-10-23,3.4439642429351807
2012-10-24,3.426443576812744
2012-10-25,3.442211389541626
2012-10-26,3.438123941421509
2012-10-31,3.4270272254943848
2012-11-01,3.5117111206054688
2012-11-02,3.44746732711792
2012-11-05,3.462068557739258
2012-11-06,3.513462543487549
2012-11-07,3.358696937561035
2012-11-08,3.2734310626983643
2012-11-09,3.2798540592193604
2012-11-12,3.2851109504699707
2012-11-13,3.2646701335906982
2012-11-14,3.175898790359497
2012-11-15,3.163635015487671
2012-11-16,3.1916680335998535
2012-11-19,3.321319818496704
2012-11-20,3.329496383666992
2012-11-21,3.3411765098571777
2012-11-23,3.4299473762512207
2012-11-26,3.4200186729431152
2012-11-27,3.3873138427734375
2012-11-28,3.432283639907837
2012-11-29,3.46907639503479
2012-11-30,3.4591476917266846
2012-12-03,3.432283639907837
2012-12-04,3.4223556518554688
2012-12-05,3.436955451965332
2012-12-06,3.455644130706787
2012-12-07,3.4813411235809326
2012-12-10,3.483677625656128
2012-12-11,3.5298147201538086
2012-12-12,3.5333192348480225
2012-12-13,3.494774103164673
2012-12-14,3.465573310852051
2012-12-17,3.544999122619629
2012-12-18,3.6267619132995605
2012-12-19,3.5701119899749756
2012-12-20,3.612745523452759
2012-12-21,3.5461673736572266
2012-12-24,3.523974895477295
2012-12-26,3.4913253784179688
2012-12-27,3.4883999824523926
2012-12-28,3.411165714263916
2012-12-31,3.5311124324798584
2013-01-02,3.703134536743164
2013-01-03,3.6849961280822754
2013-01-04,3.7171757221221924
2013-01-07,3.699622869491577
2013-01-08,3.677389621734619
2013-01-09,3.6978681087493896
2013-01-10,3.7522828578948975
2013-01-11,3.755209445953369
2013-01-14,3.746431589126587
2013-01-15,3.7528679370880127
2013-01-16,3.7516977787017822
2013-01-17,3.7990918159484863
2013-01-18,3.817814350128174
2013-01-22,3.857602596282959
2013-01-23,3.8687193393707275
2013-01-24,3.8716437816619873
2013-01-25,3.917283296585083
2013-01-28,3.9096765518188477
2013-01-29,3.937763214111328
2013-01-30,3.9079203605651855
2013-01-31,3.8938770294189453
2013-02-01,3.9640915393829346
2013-02-04,3.878666877746582
2013-02-05,3.957068920135498
2013-02-06,3.9617509841918945
2013-02-07,3.9535586833953857
2013-02-08,3.99334716796875
2013-02-11,3.992760181427002
2013-02-12,4.005631923675537
2013-02-13,4.013240337371826
2013-02-14,4.022017002105713
2013-02-15,4.012654781341553
2013-02-19,4.068826198577881
2013-02-20,3.9664316177368164
2013-02-21,3.920795440673828
2013-02-22,3.9951000213623047
2013-02-25,3.8482391834259033
2013-02-26,3.8968029022216797
2013-02-27,3.994516611099243
2013-02-28,3.978132963180542
2013-03-01,4.003878593444824
2013-03-04,4.0454206466674805
2013-03-05,4.119144916534424
2013-03-06,4.132600784301758
2013-03-07,4.150156021118164
2013-03-08,4.184675693511963
2013-03-11,4.213930130004883
2013-03-12,4.19462251663208
2013-03-13,4.20398473739624
2013-03-14,4.249037265777588
2013-03-15,4.237921237945557
2013-03-18,4.19345235824585
2013-03-19,4.172388076782227
2013-03-20,4.2263593673706055
2013-03-21,4.158457279205322
2013-03-22,4.221092224121094
2013-03-25,4.192408561706543
2013-03-26,4.256213665008545
2013-03-27,4.252115726470947
2013-03-28,4.272019386291504
2013-04-01,4.2456769943237305
2013-04-02,4.288994312286377
2013-04-03,4.20119047164917
2013-04-04,4.2357258796691895
2013-04-05,4.197091579437256
2013-04-08,4.255041599273682
2013-04-09,4.281970500946045
2013-04-10,4.390262603759766
2013-04-11,4.417774677276611
2013-04-12,4.3949456214904785
2013-04-15,4.192992210388184
2013-04-16,4.312407970428467
2013-04-17,4.185970306396484
2013-04-18,4.132700443267822
2013-04-19,4.20060396194458
2013-04-22,4.2456769943237305
2013-04-23,4.332309722900391
2013-04-24,4.3434343338012695
2013-04-25,4.373871803283691
2013-04-26,4.357482433319092
2013-04-29,4.412506580352783
2013-04-30,4.437092304229736
2013-05-01,4.35689640045166
2013-05-02,4.435336112976074
2013-05-03,4.521970748901367
2013-05-06,4.552994251251221
2013-05-07,4.596897602081299
2013-05-08,4.639044761657715
2013-05-09,4.616215229034424
2013-05-10,4.6448974609375
2013-05-13,4.650752544403076
2013-05-14,4.748507499694824
2013-05-15,4.798264026641846
2013-05-16,4.753191947937012
2013-05-17,4.846267223358154
2013-05-20,4.8433380126953125
2013-05-21,4.8603129386901855
2013-05-22,4.777192115783691
2013-05-23,4.760215759277344
2013-05-24,4.747339248657227
2013-05-28,4.800020694732666
2013-05-29,4.7438273429870605
2013-05-30,4.77660608291626
2013-05-31,4.639044761657715
2013-06-03,4.6882147789001465
2013-06-04,4.647826671600342
2013-06-05,4.513777256011963
2013-06-06,4.593385219573975
2013-06-07,4.707531452178955
2013-06-10,4.707531452178955
2013-06-11,4.615045070648193
2013-06-12,4.5407023429870605
2013-06-13,4.675337314605713
2013-06-14,4.616215229034424
2013-06-17,4.687043190002441
2013-06-18,4.757288455963135
2013-06-19,4.629678249359131
2013-06-20,4.400798797607422
2013-06-21,4.424799919128418
2013-06-24,4.315335750579834
2013-06-25,4.398457050323486
2013-06-26,4.481814861297607
2013-06-27,4.533949375152588
2013-06-28,4.494701862335205
2013-07-01,4.545078754425049
2013-07-02,4.533949375152588
2013-07-03,4.544493675231934
2013-07-05,4.644076824188232
2013-07-08,4.695041179656982
2013-07-09,4.764162540435791
2013-07-10,4.766504764556885
2013-07-11,4.897134304046631
2013-07-12,4.895962715148926
2013-07-15,4.942239761352539
2013-07-16,4.9006500244140625
2013-07-17,4.927008628845215
2013-07-18,4.979729652404785
2013-07-19,5.000818252563477
2013-07-22,5.018391132354736
2013-07-23,4.997302532196045
2013-07-24,4.959813117980957
2013-07-25,4.97914457321167
2013-07-26,4.989686489105225
2013-07-29,4.960986137390137
2013-07-30,4.962157726287842
2013-07-31,4.962740898132324
2013-08-01,5.082242965698242
2013-08-02,5.100399971008301
2013-08-05,5.086342811584473
2013-08-06,5.031866073608398
2013-08-07,4.997302532196045
2013-08-08,5.024834632873535
2013-08-09,4.998475074768066
2013-08-12,4.987930774688721
2013-08-13,5.019562721252441
2013-08-14,4.970357894897461
2013-08-15,4.822739601135254
2013-08-16,4.796967029571533
2013-08-19,4.7348737716674805
2013-08-20,4.778219699859619
2013-08-21,4.7196431159973145
2013-08-22,4.803995132446289
2013-08-23,4.835626602172852
2013-08-26,4.802823543548584
2013-08-27,4.645246982574463
2013-08-28,4.676880836486816
2013-08-29,4.6926960945129395
2013-08-30,4.661064147949219
2013-09-03,4.702654838562012
2013-09-04,4.782905578613281
2013-09-05,4.78876256942749
2013-09-06,4.79579496383667
2013-09-09,4.893032073974609
2013-09-10,4.963327884674072
2013-09-11,4.992617607116699
2013-09-12,4.971529006958008
2013-09-13,4.987930774688721
2013-09-16,5.049436569213867
2013-09-17,5.093369960784912
2013-09-18,5.2105278968811035
2013-09-19,5.194711685180664
2013-09-20,5.116217136383057
2013-09-23,5.075212478637695
2013-09-24,5.048268795013428
2013-09-25,5.023991107940674
2013-09-26,5.055653095245361
2013-09-27,5.0134358406066895
2013-09-30,4.963007926940918
2013-10-01,5.036891460418701
2013-10-02,5.020472526550293
2013-10-03,4.937209129333496
2013-10-04,5.005225658416748
2013-10-07,4.922549724578857
2013-10-08,4.807621002197266
2013-10-09,4.808207988739014
2013-10-10,5.015780925750732
2013-10-11,5.083215236663818
2013-10-14,5.126017093658447
2013-10-15,5.0521345138549805
2013-10-16,5.190518856048584
2013-10-17,5.260295867919922
2013-10-18,5.330074310302734
2013-10-21,5.330660343170166
2013-10-22,5.390469074249268
2013-10-23,5.3429741859436035
2013-10-24,5.380500793457031
2013-10-25,5.422720909118652
2013-10-28,5.443828582763672
2013-10-29,5.503052711486816
2013-10-30,5.446174621582031
2013-10-31,5.4133381843566895
2013-11-01,5.434446811676025
2013-11-04,5.476663112640381
2013-11-05,5.445589065551758
2013-11-06,5.497188568115234
2013-11-07,5.357046604156494
2013-11-08,5.499535083770752
2013-11-11,5.503052711486816
2013-11-12,5.4801836013793945
2013-11-13,5.569311618804932
2013-11-14,5.627361297607422
2013-11-15,5.674269676208496
2013-11-18,5.636158466339111
2013-11-19,5.6080121994018555
2013-11-20,5.576934814453125
2013-11-21,5.664889335632324
2013-11-22,5.717075347900391
2013-11-25,5.715317249298096
2013-11-26,5.711801052093506
2013-11-27,5.734665393829346
2013-11-29,5.72587251663208
2013-12-02,5.704174518585205
2013-12-03,5.658441066741943
2013-12-04,5.6467132568359375
2013-12-05,5.600388526916504
2013-12-06,5.726456642150879
2013-12-09,5.75108528137207
2013-12-10,5.710040092468262
2013-12-11,5.581625938415527
2013-12-12,5.548201560974121
2013-12-13,5.543511390686035
2013-12-16,5.6132893562316895
2013-12-17,5.571071147918701
2013-12-18,5.759881019592285
2013-12-19,5.758121490478516
2013-12-20,5.816173553466797
2013-12-23,5.881258010864258
2013-12-24,5.908490180969238
2013-12-26,5.968358039855957
2013-12-27,5.967771053314209
2013-12-30,5.961902141571045
2013-12-31,6.019416809082031
2014-01-02,5.9037957191467285
2014-01-03,5.896166801452637
2014-01-06,5.869167327880859
2014-01-07,5.93666410446167
2014-01-08,5.9390106201171875
2014-01-09,5.94840145111084
2014-01-10,5.9742255210876465
2014-01-13,5.820456027984619
2014-01-14,5.943706512451172
2014-01-15,6.012375831604004
2014-01-16,5.992421627044678
2014-01-17,5.9419474601745605
2014-01-21,5.9748125076293945
2014-01-22,5.986551761627197
2014-01-23,5.889710426330566
2014-01-24,5.636162281036377
2014-01-27,5.576297283172607
2014-01-28,5.643792629241943
2014-01-29,5.535799980163574
2014-01-30,5.654356479644775
2014-01-31,5.583925724029541
2014-02-03,5.328029632568359
2014-02-04,5.406091213226318
2014-02-05,5.393764019012451
2014-02-06,5.531103610992432
2014-02-07,5.67431116104126
2014-02-10,5.6913323402404785
2014-02-11,5.81634521484375
2014-02-12,5.825148105621338
2014-02-13,5.883254528045654
2014-02-14,5.947227954864502
2014-02-18,5.964249134063721
2014-02-19,5.88560152053833
2014-02-20,5.947815418243408
2014-02-21,5.93783712387085
2014-02-24,5.997117519378662
2014-02-25,5.998290061950684
2014-02-26,5.996528625488281
2014-02-27,6.061676502227783
2014-02-28,6.089847564697266
2014-03-03,6.00592041015625
2014-03-04,6.180234909057617
2014-03-05,6.1790595054626465
2014-03-06,6.21486234664917
2014-03-07,6.2166218757629395
2014-03-10,6.215449810028076
2014-03-11,6.151473522186279
2014-03-12,6.154409885406494
2014-03-13,6.015897274017334
2014-03-14,5.980683326721191
2014-03-17,6.085153102874756
2014-03-18,6.174952507019043
2014-03-19,6.115087032318115
2014-03-20,6.1767120361328125
2014-03-21,6.130934238433838
2014-03-24,6.081632614135742
2014-03-25,6.139737129211426
2014-03-26,6.048738479614258
2014-03-27,6.028778076171875
2014-03-28,6.079266548156738
2014-03-31,6.182594299316406
2014-04-01,6.261851787567139
2014-04-02,6.3047075271606445
2014-04-03,6.2906174659729
2014-04-04,6.142083644866943
2014-04-07,6.005293846130371
2014-04-08,6.05167293548584
2014-04-09,6.183181285858154
2014-04-10,5.920754909515381
2014-04-11,5.815665245056152
2014-04-14,5.906075954437256
2014-04-15,5.990616798400879
2014-04-16,6.108622074127197
2014-04-17,6.126821517944336
2014-04-21,6.173788070678711
2014-04-22,6.224277973175049
2014-04-23,6.201967716217041
2014-04-24,6.221927642822266
2014-04-25,6.123298168182373
2014-04-28,6.160285472869873
2014-04-29,6.213709354400635
2014-04-30,6.258915901184082
2014-05-01,6.252457141876221
2014-05-02,6.236020088195801
2014-05-05,6.260676383972168
2014-05-06,6.1532392501831055
2014-05-07,6.22251558303833
2014-05-08,6.20783805847168
2014-05-09,6.230147361755371
2014-05-12,6.348152160644531
2014-05-13,6.357545375823975
2014-05-14,6.3000102043151855
2014-05-15,6.187877655029297
2014-05-16,6.233671188354492
2014-05-19,6.277702331542969
2014-05-20,6.190814018249512
2014-05-21,6.297662258148193
2014-05-22,6.330540180206299
2014-05-23,6.3822021484375
2014-05-27,6.460873126983643
2014-05-28,6.449129581451416
2014-05-29,6.517233848571777
2014-05-30,6.534844398498535
2014-06-02,6.550697326660156
2014-06-03,6.5460004806518555
2014-06-04,6.573004722595215
2014-06-05,6.6551971435546875
2014-06-06,6.719776630401611
2014-06-09,6.734454154968262
2014-06-10,6.736802101135254
2014-06-11,6.689836025238037
2014-06-12,6.594727993011475
2014-06-13,6.633475303649902
2014-06-16,6.642281532287598
2014-06-17,6.677506923675537
2014-06-18,6.776136875152588
2014-06-19,6.794923782348633
2014-06-20,6.819581985473633
2014-06-23,6.817820072174072
2014-06-24,6.733279705047607
2014-06-25,6.7920942306518555
2014-06-26,6.78151798248291
2014-06-27,6.808544635772705
2014-06-30,6.802669525146484
2014-07-01,6.8925652503967285
2014-07-02,6.905491352081299
2014-07-03,6.978937149047852
2014-07-07,6.926642894744873
2014-07-08,6.834985733032227
2014-07-09,6.897853851318359
2014-07-10,6.8432111740112305
2014-07-11,6.860250473022461
2014-07-14,6.929582118988037
2014-07-15,6.905491352081299
2014-07-16,6.956607818603516
2014-07-17,6.796793460845947
2014-07-18,6.934281826019287
2014-07-21,6.905491352081299
2014-07-22,6.966007232666016
2014-07-23,6.998912811279297
2014-07-24,6.9971489906311035
2014-07-25,6.93251895904541
2014-07-28,6.936043739318848
2014-07-29,6.876701354980469
2014-07-30,6.881402969360352
2014-07-31,6.607015132904053
2014-08-01,6.567650318145752
2014-08-04,6.659307479858398
2014-08-05,6.530045032501221
2014-08-06,6.531808376312256
2014-08-07,6.460716724395752
2014-08-08,6.6111273765563965
2014-08-11,6.647557258605957
2014-08-12,6.62993049621582
2014-08-13,6.723350524902344
2014-08-14,6.783868312835693
2014-08-15,6.782104969024658
2014-08-18,6.894915580749512
2014-08-19,6.964832782745361
2014-08-20,7.003612041473389
2014-08-21,7.04180383682251
2014-08-22,7.020064353942871
2014-08-25,7.09291934967041
2014-08-26,7.104083061218262
2014-08-27,7.098208427429199
2014-08-28,7.087046146392822
2014-08-29,7.1269989013671875
2014-09-02,7.119359493255615
2014-09-03,7.114659786224365
2014-09-04,7.089395523071289
2014-09-05,7.155787467956543
2014-09-08,7.118185997009277
2014-09-09,7.03005313873291
2014-09-10,7.0811686515808105
2014-09-11,7.09291934967041
2014-09-12,7.012425899505615
2014-09-15,6.9994988441467285
2014-09-16,7.107609272003174
2014-09-17,7.123473167419434
2014-09-18,7.199267387390137
2014-09-19,7.185754299163818
2014-09-22,7.077056407928467
2014-09-23,6.9971489906311035
2014-09-24,7.106599807739258
2014-09-25,6.872064590454102
2014-09-26,6.985510349273682
2014-09-29,6.957883834838867
2014-09-30,6.917913913726807
2014-10-01,6.735692501068115
2014-10-02,6.735105514526367
2014-10-03,6.882643699645996
2014-10-06,6.865009307861328
2014-10-07,6.656927108764648
2014-10-08,6.886170864105225
2014-10-09,6.610490322113037
2014-10-10,6.462948799133301
2014-10-13,6.247812271118164
2014-10-14,6.2754387855529785
2014-10-15,6.177273750305176
2014-10-16,6.167282581329346
2014-10-17,6.317760944366455
2014-10-20,6.44061279296875
2014-10-21,6.695135116577148
2014-10-22,6.602258682250977
2014-10-23,6.751564025878906
2014-10-24,6.849726676940918
2014-10-27,6.789182662963867
2014-10-28,6.9908013343811035
2014-10-29,6.973754405975342
2014-10-30,7.06251335144043
2014-10-31,7.220634460449219
2014-11-03,7.22827672958374
2014-11-04,7.181839466094971
2014-11-05,7.2723612785339355
2014-11-06,7.331141948699951
2014-11-07,7.342310905456543
2014-11-10,7.386396884918213
2014-11-11,7.4005022048950195
2014-11-12,7.387571811676025
2014-11-13,7.398740291595459
2014-11-14,7.40520715713501
2014-11-17,7.414609909057617
2014-11-18,7.499256134033203
2014-11-19,7.472804069519043
2014-11-20,7.50160551071167
2014-11-21,7.576845169067383
2014-11-24,7.625633716583252
2014-11-25,7.617992877960205
2014-11-26,7.6520843505859375
2014-11-28,7.620342254638672
2014-12-01,7.513360977172852
2014-12-02,7.604471683502197
2014-12-03,7.667368412017822
2014-12-04,7.6462082862854
2014-12-05,7.676187038421631
2014-12-08,7.572144985198975
2014-12-09,7.558623313903809
2014-12-10,7.318797588348389
2014-12-11,7.385220050811768
2014-12-12,7.153037071228027
2014-12-15,7.0466413497924805
2014-12-16,6.935546875
2014-12-17,7.215932369232178
2014-12-18,7.570379257202148
2014-12-19,7.632102012634277
2014-12-22,7.6994733810424805
2014-12-23,7.724794387817383
2014-12-24,7.724206924438477
2014-12-26,7.7766194343566895
2014-12-29,7.79075288772583
2014-12-30,7.711249828338623
2014-12-31,7.556363582611084
2015-01-02,7.546352863311768
2015-01-05,7.271332263946533
2015-01-06,7.140591144561768
2015-01-07,7.318443298339844
2015-01-08,7.575799942016602
2015-01-09,7.4450602531433105
2015-01-12,7.330223560333252
2015-01-13,7.292532444000244
2015-01-14,7.201840877532959
2015-01-15,7.071098327636719
2015-01-16,7.251897811889648
2015-01-20,7.285463809967041
2015-01-21,7.3573126792907715
2015-01-22,7.576388835906982
2015-01-23,7.49099588394165
2015-01-26,7.527507781982422
2015-01-27,7.3296332359313965
2015-01-28,7.138823986053467
2015-01-29,7.275452613830566
2015-01-30,7.09171199798584
2015-02-02,7.260140419006348
2015-02-03,7.471563339233398
2015-02-04,7.41502571105957
2015-02-05,7.57167911529541
2015-02-06,7.523975849151611
2015-02-09,7.455660820007324
2015-02-10,7.611135959625244
2015-02-11,7.623500823974609
2015-02-12,7.768373966217041
2015-02-13,7.831976890563965
2015-02-17,7.862011432647705
2015-02-18,7.860245704650879
2015-02-19,7.851410865783691
2015-02-20,7.941515922546387
2015-02-23,7.9391584396362305
2015-02-24,7.985683917999268
2015-02-25,7.966838836669922
2015-02-26,7.949758529663086
2015-02-27,7.900291919708252
2015-03-02,7.995699405670166
2015-03-03,7.927971363067627
2015-03-04,7.864369869232178
2015-03-05,7.878501892089844
2015-03-06,7.658246994018555
2015-03-09,7.721261978149414
2015-03-10,7.468616962432861
2015-03-11,7.436224937438965
2015-03-12,7.622325897216797
2015-03-13,7.532808780670166
2015-03-16,7.731861114501953
2015-03-17,7.68180513381958
2015-03-18,7.864956855773926
2015-03-19,7.791932106018066
2015-03-20,7.929736614227295
2015-03-23,7.904415607452393
2015-03-24,7.808422088623047
2015-03-25,7.585162162780762
2015-03-26,7.550350666046143
2015-03-27,7.580440998077393
2015-03-30,7.766882419586182
2015-03-31,7.6288228034973145
2015-04-01,7.578670978546143
2015-04-02,7.623513698577881
2015-04-06,7.729714393615723
2015-04-07,7.6931328773498535
2015-04-08,7.739742755889893
2015-04-09,7.80995512008667
2015-04-10,7.890788555145264
2015-04-13,7.822936058044434
2015-04-14,7.850663661956787
2015-04-15,7.920286655426025
2015-04-16,7.914975643157959
2015-04-17,7.73325252532959
2015-04-20,7.874856472015381
2015-04-21,7.855388164520264
2015-04-22,7.931497573852539
2015-04-23,7.971027374267578
2015-04-24,8.007019996643066
2015-04-27,7.939758777618408
2015-04-28,7.991086483001709
2015-04-29,7.923234939575195
2015-04-30,7.7692437171936035
2015-05-01,7.932679176330566
2015-05-04,7.983418941497803
2015-05-05,7.7975640296936035
2015-05-06,7.730895042419434
2015-05-07,7.791665554046631
2015-05-08,7.99934720993042
2015-05-11,7.919105052947998
2015-05-12,7.8719072341918945
2015-05-13,7.876626491546631
2015-05-14,8.038878440856934
2015-05-15,8.056578636169434
2015-05-18,8.1043701171875
2015-05-19,8.097879409790039
2015-05-20,8.086668968200684
2015-05-21,8.136229515075684
2015-05-22,8.098466873168945
2015-05-26,7.926187992095947
2015-05-27,8.066607475280762
2015-05-28,8.052452087402344
2015-05-29,7.948606491088867
2015-06-01,7.9816460609436035
2015-06-02,7.969851016998291
2015-06-03,8.014689445495605
2015-06-04,7.88606595993042
2015-06-05,7.850663661956787
2015-06-08,7.749183654785156
2015-06-09,7.749183654785156
2015-06-10,7.9297261238098145
2015-06-11,7.979287624359131
2015-06-12,7.863646030426025
2015-06-15,7.789305686950684
2015-06-16,7.875442981719971
2015-06-17,7.9014081954956055
2015-06-18,8.059530258178711
2015-06-19,7.967487812042236
2015-06-22,8.079587936401367
2015-06-23,8.086668968200684
2015-06-24,7.968297958374023
2015-06-25,7.917500972747803
2015-06-26,7.918679714202881
2015-06-29,7.59616756439209
2015-06-30,7.623340129852295
2015-07-01,7.73675012588501
2015-07-02,7.7249345779418945
2015-07-06,7.678862571716309
2015-07-07,7.767466068267822
2015-07-08,7.51465368270874
2015-07-09,7.5370988845825195
2015-07-10,7.729662895202637
2015-07-13,7.899779319763184
2015-07-14,7.971844673156738
2015-07-15,7.964753150939941
2015-07-16,8.085253715515137
2015-07-17,8.101792335510254
2015-07-20,8.111244201660156
2015-07-21,8.043900489807129
2015-07-22,8.009644508361816
2015-07-23,7.928129196166992
2015-07-24,7.759194850921631
2015-07-27,7.669412612915039
2015-07-28,7.853705406188965
2015-07-29,7.963571071624756
2015-07-30,7.968297958374023
2015-07-31,7.944669246673584
2015-08-03,7.887965679168701
2015-08-04,7.854886531829834
2015-08-05,7.91395378112793
2015-08-06,7.793454647064209
2015-08-07,7.7544708251953125
2015-08-10,7.945849895477295
2015-08-11,7.7981791496276855
2015-08-12,7.815901756286621
2015-08-13,7.800543308258057
2015-08-14,7.854886531829834
2015-08-17,7.944669246673584
2015-08-18,7.896232604980469
2015-08-19,7.7710089683532715
2015-08-20,7.4484968185424805
2015-08-21,6.984221935272217
2015-08-24,6.406534194946289
2015-08-25,6.252956867218018
2015-08-26,6.737317085266113
2015-08-27,7.0645551681518555
2015-08-28,7.063371658325195
2015-08-31,6.953505039215088
2015-09-01,6.531759262084961
2015-09-02,6.784572124481201
2015-09-03,6.795204162597656
2015-09-04,6.589646339416504
2015-09-08,6.926335334777832
2015-09-09,6.733771800994873
2015-09-10,6.805834770202637
2015-09-11,6.866084098815918
2015-09-14,6.816468238830566
2015-09-15,6.986584186553955
2015-09-16,7.111807346343994
2015-09-17,7.076368808746338
2015-09-18,6.847182750701904
2015-09-21,6.912158012390137
2015-09-22,6.738496780395508
2015-09-23,6.708963394165039
2015-09-24,6.671159267425537
2015-09-25,6.661709785461426
2015-09-28,6.325022220611572
2015-09-29,6.333290100097656
2015-09-30,6.568380832672119
2015-10-01,6.606184959411621
2015-10-02,6.802292823791504
2015-10-05,7.042108058929443
2015-10-06,6.993672847747803
2015-10-07,7.108265399932861
2015-10-08,7.237033843994141
2015-10-09,7.244121074676514
2015-10-12,7.25711727142334
2015-10-13,7.168513774871826
2015-10-14,7.092906475067139
2015-10-15,7.315002918243408
2015-10-16,7.3740715980529785
2015-10-19,7.382340908050537
2015-10-20,7.36580228805542
2015-10-21,7.28074312210083
2015-10-22,7.517017841339111
2015-10-23,7.690677642822266
2015-10-26,7.652872085571289
2015-10-27,7.618613243103027
2015-10-28,7.792272090911865
2015-10-29,7.7863664627075195
2015-10-30,7.714304447174072
2015-11-02,7.893869400024414
2015-11-03,7.941125392913818
2015-11-04,7.896232604980469
2015-11-05,7.878513336181641
2015-11-06,7.872603893280029
2015-11-09,7.726116180419922
2015-11-10,7.752110004425049
2015-11-11,7.6977643966674805
2015-11-12,7.483938217163086
2015-11-13,7.313821792602539
2015-11-16,7.534735679626465
2015-11-17,7.518196105957031
2015-11-18,7.763922691345215
2015-11-19,7.7497429847717285
2015-11-20,7.806450843811035
2015-11-23,7.789913177490234
2015-11-24,7.807631015777588
2015-11-25,7.808811664581299
2015-11-27,7.821807384490967
2015-11-30,7.760376453399658
2015-12-01,7.906864166259766
2015-12-02,7.743837833404541
2015-12-03,7.522923946380615
2015-12-04,7.817083358764648
2015-12-07,7.72139310836792
2015-12-08,7.619795799255371
2015-12-09,7.499295711517334
2015-12-10,7.538280010223389
2015-12-11,7.23821496963501
2015-12-14,7.319728374481201
2015-12-15,7.475668430328369
2015-12-16,7.6883158683776855
2015-12-17,7.463855266571045
2015-12-18,7.1815080642700195
2015-12-21,7.303190231323242
2015-12-22,7.436391353607178
2015-12-23,7.617709636688232
2015-12-24,7.5868964195251465
2015-12-28,7.563197135925293
2015-12-29,7.71962833404541
2015-12-30,7.616525650024414
2015-12-31,7.466020107269287
2016-01-04,7.251520156860352
2016-01-05,7.283516883850098
2016-01-06,7.087977409362793
2016-01-07,6.75023078918457
2016-01-08,6.605649948120117
2016-01-11,6.609206199645996
2016-01-12,6.712307453155518
2016-01-13,6.382853031158447
2016-01-14,6.591428756713867
2016-01-15,6.305822372436523
2016-01-19,6.321230411529541
2016-01-20,6.171910285949707
2016-01-21,6.235903739929199
2016-01-22,6.4883270263671875
2016-01-25,6.29752779006958
2016-01-26,6.459884166717529
2016-01-27,6.323599815368652
2016-01-28,6.391149997711182
2016-01-29,6.692160606384277
2016-02-01,6.698085784912109
2016-02-02,6.446847438812256
2016-02-03,6.527433395385742
2016-02-04,6.546395778656006
2016-02-05,6.303454875946045
2016-02-08,6.1280622482299805
2016-02-09,6.12213659286499
2016-02-10,6.115025520324707
2016-02-11,5.9657063484191895
2016-02-12,6.202720642089844
2016-02-16,6.407742023468018
2016-02-17,6.619871616363525
2016-02-18,6.566542625427246
2016-02-19,6.5594305992126465
2016-02-22,6.747860908508301
2016-02-23,6.5878729820251465
2016-02-24,6.6435723304748535
2016-02-25,6.802372932434082
2016-02-26,6.770376682281494
2016-02-29,6.65068244934082
2016-03-01,6.978950500488281
2016-03-02,7.041760444641113
2016-03-03,7.090349197387695
2016-03-04,7.133011817932129
2016-03-07,7.154343128204346
2016-03-08,6.990801811218262
2016-03-09,7.061907768249512
2016-03-10,7.069018363952637
2016-03-11,7.303661823272705
2016-03-14,7.278777122497559
2016-03-15,7.263369560241699
2016-03-16,7.34632682800293
2016-03-17,7.435206413269043
2016-03-18,7.495646953582764
2016-03-21,7.514607906341553
2016-03-22,7.505127429962158
2016-03-23,7.394915580749512
2016-03-24,7.385433673858643
2016-03-28,7.391360282897949
2016-03-29,7.537125110626221
2016-03-30,7.597564697265625
2016-03-31,7.563197135925293
2016-04-01,7.660373210906982
2016-04-04,7.611784934997559
2016-04-05,7.461279392242432
2016-04-06,7.617709636688232
2016-04-07,7.435206413269043
2016-04-08,7.481424808502197
2016-04-11,7.441133975982666
2016-04-12,7.584527015686035
2016-04-13,7.731479167938232
2016-04-14,7.732661247253418
2016-04-15,7.711330890655518
2016-04-18,7.821544170379639
2016-04-19,7.867763042449951
2016-04-20,7.885538578033447
2016-04-21,7.7990288734436035
2016-04-22,7.8061394691467285
2016-04-25,7.77058744430542
2016-04-26,7.7990288734436035
2016-04-27,7.83220911026001
2016-04-28,7.693557262420654
2016-04-29,7.608229160308838
2016-05-02,7.721996784210205
2016-05-03,7.5880842208862305
2016-05-04,7.499202251434326
2016-05-05,7.505127429962158
2016-05-06,7.553717136383057
2016-05-09,7.5714921951293945
2016-05-10,7.75162410736084
2016-05-11,7.610601425170898
2016-05-12,7.615339279174805
2016-05-13,7.481424808502197
2016-05-16,7.626005172729492
2016-05-17,7.489721775054932
2016-05-18,7.492091655731201
2016-05-19,7.439947605133057
2016-05-20,7.525275230407715
2016-05-23,7.506312847137451
2016-05-24,7.6994805335998535
2016-05-25,7.800212383270264
2016-05-26,7.808509349822998
2016-05-27,7.872504234313965
2016-05-31,7.849986553192139
2016-06-01,7.881983757019043
2016-06-02,7.9282026290893555
2016-06-03,7.878429889678955
2016-06-06,7.962569713592529
2016-06-07,7.9827165603637695
2016-06-08,8.033673286437988
2016-06-09,8.01234245300293
2016-06-10,7.864206314086914
2016-06-13,7.740960121154785
2016-06-14,7.711330890655518
2016-06-15,7.686444282531738
2016-06-16,7.7350358963012695
2016-06-17,7.673410415649414
2016-06-20,7.77058744430542
2016-06-21,7.815619945526123
2016-06-22,7.78915548324585
2016-06-23,7.988514423370361
2016-06-24,7.408243179321289
2016-06-27,7.147180080413818
2016-06-28,7.403494834899902
2016-06-29,7.6621856689453125
2016-06-30,7.862728118896484
2016-07-01,7.8995184898376465
2016-07-05,7.787968635559082
2016-07-06,7.880532264709473
2016-07-07,7.86747407913208
2016-07-08,8.103619575500488
2016-07-11,8.164135932922363
2016-07-12,8.280426025390625
2016-07-13,8.275684356689453
2016-07-14,8.36705493927002
2016-07-15,8.349255561828613
2016-07-18,8.393159866333008
2016-07-19,8.372987747192383
2016-07-20,8.445371627807617
2016-07-21,8.376547813415527
2016-07-22,8.458425521850586
2016-07-25,8.413337707519531
2016-07-26,8.414522171020508
2016-07-27,8.396720886230469
2016-07-28,8.414522171020508
2016-07-29,8.444185256958008
2016-08-01,8.427572250366211
2016-08-02,8.323148727416992
2016-08-03,8.372987747192383
2016-08-04,8.3836669921875
2016-08-05,8.517754554748535
2016-08-08,8.514198303222656
2016-08-09,8.518946647644043
2016-08-10,8.482157707214355
2016-08-11,8.555731773376465
2016-08-12,8.54149341583252
2016-08-15,8.590144157409668
2016-08-16,8.504706382751465
2016-08-17,8.530811309814453
2016-08-18,8.57115650177002
2016-08-19,8.548612594604492
2016-08-22,8.545053482055664
2016-08-23,8.573532104492188
2016-08-24,8.495211601257324
2016-08-25,8.479783058166504
2016-08-26,8.445371627807617
2016-08-29,8.526067733764648
2016-08-30,8.496399879455566
2016-08-31,8.452492713928223
2016-09-01,8.450119018554688
2016-09-02,8.52487850189209
2016-09-06,8.578279495239258
2016-09-07,8.579465866088867
2016-09-08,8.539118766784668
2016-09-09,8.123791694641113
2016-09-12,8.359931945800781
2016-09-13,8.119043350219727
2016-09-14,8.10599422454834
2016-09-15,8.275684356689453
2016-09-16,8.20804500579834
2016-09-19,8.210418701171875
2016-09-20,8.212787628173828
2016-09-21,8.389873504638672
2016-09-22,8.50033187866211
2016-09-23,8.405315399169922
2016-09-26,8.271103858947754
2016-09-27,8.372057914733887
2016-09-28,8.45519733428955
2016-09-29,8.304360389709473
2016-09-30,8.429068565368652
2016-10-03,8.380372047424316
2016-10-04,8.30673885345459
2016-10-05,8.373244285583496
2016-10-06,8.38750171661377
2016-10-07,8.325740814208984
2016-10-10,8.408880233764648
2016-10-11,8.204597473144531
2016-10-12,8.222410202026367
2016-10-13,8.165399551391602
2016-10-14,8.173714637756348
2016-10-17,8.120271682739258
2016-10-18,8.211724281311035
2016-10-19,8.252103805541992
2016-10-20,8.228347778320312
2016-10-21,8.230721473693848
2016-10-24,8.298423767089844
2016-10-25,8.248537063598633
2016-10-26,8.212907791137695
2016-10-27,8.172525405883789
2016-10-28,8.12145709991455
2016-10-31,8.119081497192383
2016-11-01,8.007434844970703
2016-11-02,7.906484603881836
2016-11-03,7.834033966064453
2016-11-04,7.812655448913574
2016-11-07,8.152336120605469
2016-11-08,8.225972175598145
2016-11-09,8.410065650939941
2016-11-10,8.446884155273438
2016-11-11,8.408880233764648
2016-11-14,8.423129081726074
2016-11-15,8.551403999328613
2016-11-16,8.521708488464355
2016-11-17,8.609599113464355
2016-11-18,8.571593284606934
2016-11-21,8.692734718322754
2016-11-22,8.730745315551758
2016-11-23,8.740245819091797
2016-11-25,8.8043794631958
2016-11-28,8.72836685180664
2016-11-29,8.756874084472656
2016-11-30,8.705802917480469
2016-12-01,8.640480995178223
2016-12-02,8.654729843139648
2016-12-05,8.756874084472656
2016-12-06,8.813881874084473
2016-12-07,9.038357734680176
2016-12-08,9.090614318847656
2016-12-09,9.19394302368164
2016-12-12,9.173754692077637
2016-12-13,9.297273635864258
2016-12-14,9.146437644958496
2016-12-15,9.212946891784668
2016-12-16,9.18563175201416
2016-12-19,9.215325355529785
2016-12-20,9.28539752960205
2016-12-21,9.244253158569336
2016-12-22,9.210956573486328
2016-12-23,9.233551025390625
2016-12-27,9.277546882629395
2016-12-28,9.130096435546875
2016-12-29,9.120583534240723
2016-12-30,9.05399227142334
2017-01-03,9.187178611755371
2017-01-04,9.29538345336914
2017-01-05,9.278738021850586
2017-01-06,9.346516609191895
2017-01-09,9.284686088562012
2017-01-10,9.283495903015137
2017-01-11,9.334627151489258
2017-01-12,9.291817665100098
2017-01-13,9.331059455871582
2017-01-17,9.264469146728516
2017-01-18,9.3037109375
2017-01-19,9.239495277404785
2017-01-20,9.294197082519531
2017-01-23,9.253767013549805
2017-01-24,9.363165855407715
2017-01-25,9.52250862121582
2017-01-26,9.51180362701416
2017-01-27,9.486837387084961
2017-01-30,9.372678756713867
2017-01-31,9.367921829223633
2017-02-01,9.370298385620117
2017-02-02,9.375056266784668
2017-02-03,9.507047653198242
2017-02-06,9.473753929138184
2017-02-07,9.477320671081543
2017-02-08,9.502293586730957
2017-02-09,9.60336971282959
2017-02-10,9.678284645080566
2017-02-13,9.786492347717285
2017-02-14,9.869731903076172
2017-02-15,9.967240333557129
2017-02-16,9.955348014831543
2017-02-17,9.975565910339355
2017-02-21,10.09566879272461
2017-02-22,10.082585334777832
2017-02-23,10.100423812866211
2017-02-24,10.118258476257324
2017-02-27,10.155120849609375
2017-02-28,10.10161018371582
2017-03-01,10.369163513183594
2017-03-02,10.253820419311523
2017-03-03,10.259763717651367
2017-03-06,10.196741104125977
2017-03-07,10.140851974487305
2017-03-08,10.09566879272461
2017-03-09,10.121825218200684
2017-03-10,10.184850692749023
2017-03-13,10.200308799743652
2017-03-14,10.126585960388184
2017-03-15,10.293060302734375
2017-03-16,10.258573532104492
2017-03-17,10.219337463378906
2017-03-20,10.194364547729492
2017-03-21,9.932755470275879
2017-03-22,9.980253219604492
2017-03-23,9.956445693969727
2017-03-24,9.94454288482666
2017-03-27,9.918354034423828
2017-03-28,10.06000804901123
2017-03-29,10.08500862121582
2017-03-30,10.13976764678955
2017-03-31,10.09929084777832
2017-04-03,10.06239128112793
2017-04-04,10.079055786132812
2017-04-05,10.01477336883545
2017-04-06,10.061198234558105
2017-04-07,10.043344497680664
2017-04-10,10.055249214172363
2017-04-11,10.032631874084473
2017-04-12,9.94930362701416
2017-04-13,9.821929931640625
2017-04-17,9.9885835647583
2017-04-18,9.923115730285645
2017-04-19,9.889784812927246
2017-04-20,10.043344497680664
2017-04-21,9.987397193908691
2017-04-24,10.199287414550781
2017-04-25,10.315943717956543
2017-04-26,10.309991836547852
2017-04-27,10.32308578491211
2017-04-28,10.28618335723877
2017-05-01,10.329034805297852
2017-05-02,10.336180686950684
2017-05-03,10.311182022094727
2017-05-04,10.33141803741455
2017-05-05,10.420699119567871
2017-05-08,10.413556098937988
2017-05-09,10.392127990722656
2017-05-10,10.42426872253418
2017-05-11,10.384984016418457
2017-05-12,10.356416702270508
2017-05-15,10.45403003692627
2017-05-16,10.442124366760254
2017-05-17,10.075485229492188
2017-05-18,10.146904945373535
2017-05-19,10.281423568725586
2017-05-22,10.38260555267334
2017-05-23,10.427840232849121
2017-05-24,10.47426700592041
2017-05-25,10.568305969238281
2017-05-26,10.573067665100098
2017-05-30,10.552835464477539
2017-05-31,10.548069953918457
2017-06-01,10.706392288208008
2017-06-02,10.77662467956543
2017-06-05,10.768293380737305
2017-06-06,10.705201148986816
2017-06-07,10.73496150970459
2017-06-08,10.748058319091797
2017-06-09,10.71353530883789
2017-06-12,10.706392288208008
2017-06-13,10.807577133178711
2017-06-14,10.788530349731445
2017-06-15,10.742105484008789
2017-06-16,10.743294715881348
2017-06-19,10.917093276977539
2017-06-20,10.77662467956543
2017-06-21,10.766140937805176
2017-06-22,10.755417823791504
2017-06-23,10.78520393371582
2017-06-26,10.789970397949219
2017-06-27,10.624354362487793
2017-06-28,10.80188274383545
2017-06-29,10.624354362487793
2017-06-30,10.65771484375
2017-07-03,10.695842742919922
2017-07-05,10.735159873962402
2017-07-06,10.546911239624023
2017-07-07,10.679162979125977
2017-07-10,10.701800346374512
2017-07-11,10.679162979125977
2017-07-12,10.842394828796387
2017-07-13,10.874561309814453
2017-07-14,10.97226619720459
2017-07-17,10.97584056854248
2017-07-18,10.987754821777344
2017-07-19,11.102137565612793
2017-07-20,11.10809326171875
2017-07-21,11.094985961914062
2017-07-24,11.084264755249023
2017-07-25,11.131921768188477
2017-07-26,11.142648696899414
2017-07-27,11.120009422302246
2017-07-28,11.089028358459473
2017-07-31,11.07830810546875
2017-08-01,11.120009422302246
2017-08-02,11.130730628967285
2017-08-03,11.09617805480957
2017-08-04,11.130730628967285
2017-08-07,11.167667388916016
2017-08-08,11.120009422302246
2017-08-09,11.106901168823242
2017-08-10,10.803074836730957
2017-08-11,10.8245210647583
2017-08-14,11.042564392089844
2017-08-15,11.040178298950195
2017-08-16,11.07473087310791
2017-08-17,10.731590270996094
2017-08-18,10.694652557373047
2017-08-21,10.7125244140625
2017-08-22,10.925798416137695
2017-08-23,10.855499267578125
2017-08-24,10.806649208068848
2017-08-25,10.853116989135742
2017-08-28,10.857884407043457
2017-08-29,10.873370170593262
2017-08-30,10.978224754333496
2017-08-31,11.112857818603516
2017-09-01,11.147412300109863
2017-09-05,10.982991218566895
2017-09-06,11.054478645324707
2017-09-07,11.052093505859375
2017-09-08,11.021116256713867
2017-09-11,11.248687744140625
2017-09-12,11.329708099365234
2017-09-13,11.342811584472656
2017-09-14,11.33447551727295
2017-09-15,11.36783504486084
2017-09-18,11.411918640136719
2017-09-19,11.428598403930664
2017-09-20,11.438131332397461
2017-09-21,11.374982833862305
2017-09-22,11.379748344421387
2017-09-25,11.332090377807617
2017-09-26,11.344003677368164
2017-09-27,11.432256698608398
2017-09-28,11.458492279052734
2017-09-29,11.537203788757324
2017-10-02,11.630228996276855
2017-10-03,11.686278343200684
2017-10-04,11.714902877807617
2017-10-05,11.846088409423828
2017-10-06,11.823430061340332
2017-10-09,11.784071922302246
2017-10-10,11.842511177062988
2017-10-11,11.875903129577637
2017-10-12,11.837739944458008
2017-10-13,11.86874771118164
2017-10-16,11.902143478393555
2017-10-17,11.91883659362793
2017-10-18,11.934343338012695
2017-10-19,11.940302848815918
2017-10-20,12.064336776733398
2017-10-23,11.97131061553955
2017-10-24,12.008280754089355
2017-10-25,11.891407012939453
2017-10-26,11.91883659362793
2017-10-27,12.109652519226074
2017-10-30,12.023788452148438
2017-10-31,12.059565544128418
2017-11-01,12.091766357421875
2017-11-02,12.098920822143555
2017-11-03,12.175243377685547
2017-11-06,12.207443237304688
2017-11-07,12.203868865966797
2017-11-08,12.243223190307617
2017-11-09,12.150200843811035
2017-11-10,12.139467239379883
2017-11-13,12.159744262695312
2017-11-14,12.103689193725586
2017-11-15,11.980854034423828
2017-11-16,12.176438331604004
2017-11-17,12.109652519226074
2017-11-20,12.145430564880371
2017-11-21,12.3028564453125
2017-11-22,12.284966468811035
2017-11-24,12.338634490966797
2017-11-27,12.32909107208252
2017-11-28,12.568804740905762
2017-11-29,12.560452461242676
2017-11-30,12.767970085144043
2017-12-01,12.717879295349121
2017-12-04,12.686870574951172
2017-12-05,12.599812507629395
2017-12-06,12.601003646850586
2017-12-07,12.6785249710083
2017-12-08,12.813287734985352
2017-12-11,12.894383430480957
2017-12-12,12.940895080566406
2017-12-13,12.931352615356445
2017-12-14,12.826406478881836
2017-12-15,13.03987979888916
2017-12-18,13.198493003845215
2017-12-19,13.10785961151123
2017-12-20,13.087584495544434
2017-12-21,13.132904052734375
2017-12-22,13.12693977355957
2017-12-26,13.093620300292969
2017-12-27,13.109143257141113
2017-12-28,13.158112525939941
2017-12-29,13.069730758666992
2018-01-02,13.24649429321289
2018-01-03,13.405341148376465
2018-01-04,13.524772644042969
2018-01-05,13.694376945495605
2018-01-08,13.745731353759766
2018-01-09,13.807840347290039
2018-01-10,13.76364517211914
2018-01-11,13.955937385559082
2018-01-12,14.141060829162598
2018-01-16,14.043122291564941
2018-01-17,14.314240455627441
2018-01-18,14.264076232910156
2018-01-19,14.388288497924805
2018-01-22,14.61879825592041
2018-01-23,14.680906295776367
2018-01-24,14.672540664672852
2018-01-25,14.678518295288086
2018-01-26,15.01412582397461
2018-01-29,14.8134765625
2018-01-30,14.500557899475098
2018-01-31,14.529218673706055
2018-02-01,14.491003036499023
2018-02-02,13.861581802368164
2018-02-05,12.73531436920166
2018-02-06,13.196333885192871
2018-02-07,13.043455123901367
2018-02-08,12.079617500305176
2018-02-09,12.446284294128418
2018-02-12,12.784282684326172
2018-02-13,12.857133865356445
2018-02-14,13.205885887145996
2018-02-15,13.533136367797852
2018-02-16,13.541499137878418
2018-02-20,13.379067420959473
2018-02-21,13.23096752166748
2018-02-22,13.26082706451416
2018-02-23,13.688403129577637
2018-02-26,14.008485794067383
2018-02-27,13.654962539672852
2018-02-28,13.356375694274902
2018-03-01,12.994487762451172
2018-03-02,13.127059936523438
2018-03-05,13.425649642944336
2018-03-06,13.49252986907959
2018-03-07,13.47700023651123
2018-03-08,13.60360336303711
2018-03-09,14.070594787597656
2018-03-12,14.044318199157715
2018-03-13,13.865164756774902
2018-03-14,13.718262672424316
2018-03-15,13.689597129821777
2018-03-16,13.714675903320312
2018-03-19,13.346818923950195
2018-03-20,13.388619422912598
2018-03-21,13.328818321228027
2018-03-22,12.667404174804688
2018-03-23,12.122001647949219
2018-03-26,12.791790008544922
2018-03-27,12.33848762512207
2018-03-28,12.276290893554688
2018-03-29,12.615970611572266
2018-04-02,12.046649932861328
2018-04-03,12.345663070678711
2018-04-04,12.623149871826172
2018-04-05,12.804948806762695
2018-04-06,12.239213943481445
2018-04-09,12.339682579040527
2018-04-10,12.737968444824219
2018-04-11,12.611189842224121
2018-04-12,12.806142807006836
2018-04-13,12.737968444824219
2018-04-16,12.942492485046387
2018-04-17,13.215193748474121
2018-04-18,13.236723899841309
2018-04-19,13.08243179321289
2018-04-20,12.867144584655762
2018-04-23,12.858768463134766
2018-04-24,12.51669979095459
2018-04-25,12.571718215942383
2018-04-26,12.8204984664917
2018-04-27,12.849200248718262
2018-04-30,12.64108943939209
2018-05-01,12.69610595703125
2018-05-02,12.519089698791504
2018-05-03,12.461678504943848
2018-05-04,12.783417701721191
2018-05-07,12.858768463134766
2018-05-08,12.862356185913086
2018-05-09,13.115920066833496
2018-05-10,13.355133056640625
2018-05-11,13.410152435302734
2018-05-14,13.441246032714844
2018-05-15,13.257055282592773
2018-05-16,13.373072624206543
2018-05-17,13.349151611328125
2018-05-18,13.284564971923828
2018-05-21,13.474739074707031
2018-05-22,13.39819049835205
2018-05-23,13.475931167602539
2018-05-24,13.420912742614746
2018-05-25,13.351544380187988
2018-05-29,13.054922103881836
2018-05-30,13.385031700134277
2018-05-31,13.198448181152344
2018-06-01,13.475931167602539
2018-06-04,13.606300354003906
2018-06-05,13.639791488647461
2018-06-06,13.859865188598633
2018-06-07,13.843122482299805
2018-06-08,13.926844596862793
2018-06-11,13.96033763885498
2018-06-12,14.004587173461914
2018-06-13,13.894552230834961
2018-06-14,13.97468376159668
2018-06-15,13.93641471862793
2018-06-18,13.87780475616455
2018-06-19,13.770163536071777
2018-06-20,13.816764831542969
2018-06-21,13.638259887695312
2018-06-22,13.681386947631836
2018-06-25,13.310002326965332
2018-06-26,13.36391544342041
2018-06-27,13.138684272766113
2018-06-28,13.294428825378418
2018-06-29,13.33276653289795
2018-07-02,13.395061492919922
2018-07-03,13.28125
2018-07-05,13.501683235168457
2018-07-06,13.716132164001465
2018-07-09,13.970114707946777
2018-07-10,14.061161994934082
2018-07-11,13.867083549499512
2018-07-12,14.107885360717773
2018-07-13,14.129447937011719
2018-07-16,14.1030912399292
2018-07-17,14.227689743041992
2018-07-18,14.280397415161133
2018-07-19,14.173776626586914
2018-07-20,14.139033317565918
2018-07-23,14.189345359802246
2018-07-24,14.321130752563477
2018-07-25,14.582301139831543
2018-07-26,14.493647575378418
2018-07-27,14.300764083862305
2018-07-30,14.140230178833008
2018-07-31,14.27800464630127
2018-08-01,14.243260383605957
2018-08-02,14.37743854522705
2018-08-03,14.516408920288086
2018-08-06,14.620636940002441
2018-08-07,14.705695152282715
2018-08-08,14.69251823425293
2018-08-09,14.652981758117676
2018-08-10,14.449321746826172
2018-08-13,14.33670425415039
2018-08-14,14.524794578552246
2018-08-15,14.305560111999512
2018-08-16,14.53917121887207
2018-08-17,14.627823829650879
2018-08-20,14.69851016998291
2018-08-21,14.757211685180664
2018-08-22,14.746427536010742
2018-08-23,14.700904846191406
2018-08-24,14.877013206481934
2018-08-27,15.105834007263184
2018-08-28,15.123805046081543
2018-08-29,15.289133071899414
2018-08-30,15.15495491027832
2018-08-31,15.156149864196777
2018-09-04,15.111825942993164
2018-09-05,15.015985488891602
2018-09-06,14.930925369262695
2018-09-07,14.865036010742188
2018-09-10,14.915349006652832
2018-09-11,15.023171424865723
2018-09-12,15.027965545654297
2018-09-13,15.192089080810547
2018-09-14,15.200477600097656
2018-09-17,15.035150527954102
2018-09-18,15.196884155273438
2018-09-19,15.228033065795898
2018-09-20,15.465241432189941
2018-09-21,15.446072578430176
2018-09-24,15.344239234924316
2018-09-25,15.307103157043457
2018-09-26,15.211170196533203
2018-09-27,15.296308517456055
2018-09-28,15.291515350341797
2018-10-01,15.398239135742188
2018-10-02,15.381451606750488
2018-10-03,15.4042329788208
2018-10-04,15.160809516906738
2018-10-05,14.992925643920898
2018-10-08,14.972540855407715
2018-10-09,14.937767028808594
2018-10-10,13.978447914123535
2018-10-11,13.365684509277344
2018-10-12,13.742215156555176
2018-10-15,13.5911226272583
2018-10-16,14.172709465026855
2018-10-17,14.172709465026855
2018-10-18,13.769797325134277
2018-10-19,13.743415832519531
2018-10-22,13.619906425476074
2018-10-23,13.476007461547852
2018-10-24,12.66418170928955
2018-10-25,13.112667083740234
2018-10-26,12.6473970413208
2018-10-29,12.507096290588379
2018-10-30,12.87283706665039
2018-10-31,13.148640632629395
2018-11-01,13.412450790405273
2018-11-02,13.266156196594238
2018-11-05,13.40645694732666
2018-11-06,13.573137283325195
2018-11-07,14.146328926086426
2018-11-08,14.094764709472656
2018-11-09,13.83694839477539
2018-11-12,13.294934272766113
2018-11-13,13.25296401977539
2018-11-14,13.05990219116211
2018-11-15,13.334507942199707
2018-11-16,13.404058456420898
2018-11-19,12.950779914855957
2018-11-20,12.472321510314941
2018-11-21,12.550263404846191
2018-11-23,12.394376754760742
2018-11-26,12.77570629119873
2018-11-27,12.859646797180176
2018-11-28,13.438833236694336
2018-11-29,13.394464492797852
2018-11-30,13.56234359741211
2018-12-03,13.907699584960938
2018-12-04,13.02392864227295
2018-12-06,12.984355926513672
2018-12-07,12.364398002624512
2018-12-10,12.396774291992188
2018-12-11,12.40756607055664
2018-12-12,12.534674644470215
2018-12-13,12.525081634521484
2018-12-14,12.052619934082031
2018-12-17,11.56696605682373
2018-12-18,11.552574157714844
2018-12-19,11.201225280761719
2018-12-20,10.842681884765625
2018-12-21,10.383407592773438
2018-12-24,9.810215950012207
2018-12-26,10.802035331726074
2018-12-27,11.014877319335938
2018-12-28,10.960765838623047
2018-12-31,11.161581993103027
2019-01-02,11.174811363220215
2019-01-03,10.622861862182617
2019-01-04,11.355185508728027
2019-01-07,11.519926071166992
2019-01-08,11.731566429138184
2019-01-09,11.83979320526123
2019-01-10,11.931180953979492
2019-01-11,11.926371574401855
2019-01-14,11.79289436340332
2019-01-15,12.062254905700684
2019-01-16,12.109147071838379
2019-01-17,12.287121772766113
2019-01-18,12.611793518066406
2019-01-22,12.284717559814453
2019-01-23,12.317183494567871
2019-01-24,12.337623596191406
2019-01-25,12.540846824645996
2019-01-28,12.360469818115234
2019-01-29,12.315980911254883
2019-01-30,12.704384803771973
2019-01-31,12.917228698730469
2019-02-01,12.943687438964844
2019-02-04,13.125263214111328
2019-02-05,13.23108196258545
2019-02-06,13.1865873336792
2019-02-07,12.937673568725586
2019-02-08,12.964126586914062
2019-02-11,12.978556632995605
2019-02-12,13.316457748413086
2019-02-13,13.393418312072754
2019-02-14,13.328483581542969
2019-02-15,13.619488716125488
2019-02-19,13.669992446899414
2019-02-20,13.719294548034668
2019-02-21,13.619488716125488
2019-02-22,13.785432815551758
2019-02-25,13.833532333374023
2019-02-26,13.798662185668945
2019-02-27,13.789040565490723
2019-02-28,13.719294548034668
2019-03-01,13.91409969329834
2019-03-04,13.799861907958984
2019-03-05,13.760177612304688
2019-03-06,13.584615707397461
2019-03-07,13.360950469970703
2019-03-08,13.305636405944824
2019-03-11,13.697650909423828
2019-03-12,13.784229278564453
2019-03-13,13.97301959991455
2019-03-14,13.953782081604004
2019-03-15,14.08846378326416
2019-03-18,14.194280624389648
2019-03-19,14.19788932800293
2019-03-20,14.091872215270996
2019-03-21,14.41474437713623
2019-03-22,13.85815143585205
2019-03-25,13.842490196228027
2019-03-26,14.03765869140625
2019-03-27,13.89670181274414
2019-03-28,14.00994873046875
2019-03-29,14.19186782836914
2019-04-01,14.509915351867676
2019-04-02,14.520758628845215
2019-04-03,14.573768615722656
2019-04-04,14.641234397888184
2019-04-05,14.76652717590332
2019-04-08,14.800259590148926
2019-04-09,14.642436981201172
2019-04-10,14.737613677978516
2019-04-11,14.730382919311523
2019-04-12,14.92796516418457
2019-04-15,14.908686637878418
2019-04-16,14.92314624786377
2019-04-17,14.852066040039062
2019-04-18,14.902663230895996
2019-04-22,14.924347877502441
2019-04-23,15.19662094116211
2019-04-24,15.127947807312012
2019-04-25,15.101442337036133
2019-04-26,15.244810104370117
2019-04-29,15.283363342285156
2019-04-30,15.286975860595703
2019-05-01,15.076146125793457
2019-05-02,15.003864288330078
2019-05-03,15.28576946258545
2019-05-06,15.15927505493164
2019-05-07,14.654484748840332
2019-05-08,14.613526344299316
2019-05-09,14.517145156860352
2019-05-10,14.647258758544922
2019-05-13,13.925616264343262
2019-05-14,14.17500114440918
2019-05-15,14.329206466674805
2019-05-16,14.596657752990723
2019-05-17,14.413536071777344
2019-05-20,14.224392890930176
2019-05-21,14.468957901000977
2019-05-22,14.385831832885742
2019-05-23,14.031633377075195
2019-05-24,14.081029891967773
2019-05-28,13.819601058959961
2019-05-29,13.6412992477417
2019-05-30,13.70033073425293
2019-05-31,13.334089279174805
2019-06-03,13.259393692016602
2019-06-04,13.832852363586426
2019-06-05,14.071392059326172
2019-06-06,14.256918907165527
2019-06-07,14.5352201461792
2019-06-10,14.677376747131348
2019-06-11,14.666532516479492
2019-06-12,14.614729881286621
2019-06-13,14.742433547973633
2019-06-14,14.690629959106445
2019-06-17,14.713517189025879
2019-06-18,14.996634483337402
2019-06-19,15.0833740234375
2019-06-20,15.358057022094727
2019-06-21,15.319503784179688
2019-06-24,15.280951499938965
2019-06-25,14.975028991699219
2019-06-26,14.937605857849121
2019-06-27,15.052294731140137
2019-06-28,15.212862014770508
2019-07-01,15.465185165405273
2019-07-02,15.548483848571777
2019-07-03,15.788728713989258
2019-07-05,15.75009822845459
2019-07-08,15.575044631958008
2019-07-09,15.625750541687012
2019-07-10,15.758550643920898
2019-07-11,15.828575134277344
2019-07-12,15.975857734680176
2019-07-15,15.98430347442627
2019-07-16,15.875655174255371
2019-07-17,15.657142639160156
2019-07-18,15.771832466125488
2019-07-19,15.59194564819336
2019-07-22,15.666796684265137
2019-07-23,15.887730598449707
2019-07-24,16.032604217529297
2019-07-25,15.879278182983398
2019-07-26,16.090545654296875
2019-07-29,16.037429809570312
2019-07-30,15.957748413085938
2019-07-31,15.595565795898438
2019-08-01,15.317893981933594
2019-08-02,15.119903564453125
2019-08-05,14.212029457092285
2019-08-06,14.581456184387207
2019-08-07,14.5899076461792
2019-08-08,15.147669792175293
2019-08-09,14.952093124389648
2019-08-12,14.59232234954834
2019-08-13,15.030561447143555
2019-08-14,14.150460243225098
2019-08-15,14.226517677307129
2019-08-16,14.64302921295166
2019-08-19,14.996760368347168
2019-08-20,14.758929252624512
2019-08-21,14.991930961608887
2019-08-22,14.978650093078613
2019-08-23,14.2059965133667
2019-08-26,14.517472267150879
2019-08-27,14.40278148651123
2019-08-28,14.604394912719727
2019-08-29,14.979859352111816
2019-08-30,14.965371131896973
2019-09-03,14.790316581726074
2019-09-04,15.117485046386719
2019-09-05,15.513473510742188
2019-09-06,15.533995628356934
2019-09-09,15.544862747192383
2019-09-10,15.547276496887207
2019-09-11,15.759758949279785
2019-09-12,15.869617462158203
2019-09-13,15.841853141784668
2019-09-16,15.742852210998535
2019-09-17,15.817706108093262
2019-09-18,15.840646743774414
2019-09-19,15.830987930297852
2019-09-20,15.668004989624023
2019-09-23,15.671626091003418
2019-09-24,15.421720504760742
2019-09-25,15.595565795898438
2019-09-26,15.538825988769531
2019-09-27,15.36739444732666
2019-09-30,15.507436752319336
2019-10-01,15.1392183303833
2019-10-02,14.606810569763184
2019-10-03,14.830153465270996
2019-10-04,15.229763984680176
2019-10-07,15.105412483215332
2019-10-08,14.633370399475098
2019-10-09,14.898970603942871
2019-10-10,15.101794242858887
2019-10-11,15.420513153076172
2019-10-14,15.392745971679688
2019-10-15,15.689736366271973
2019-10-16,15.636617660522461
2019-10-17,15.71750545501709
2019-10-18,15.583495140075684
2019-10-21,15.804428100585938
2019-10-22,15.687322616577148
2019-10-23,15.780282020568848
2019-10-24,15.83460807800293
2019-10-25,15.963787078857422
2019-10-28,16.143667221069336
2019-10-29,16.125560760498047
2019-10-30,16.22697639465332
2019-10-31,16.127975463867188
2019-11-01,16.438251495361328
2019-11-04,16.55414390563965
2019-11-05,16.519128799438477
2019-11-06,16.529996871948242
2019-11-07,16.64227294921875
2019-11-08,16.723159790039062
2019-11-11,16.6579647064209
2019-11-12,16.71712875366211
2019-11-13,16.73040771484375
2019-11-14,16.77507209777832
2019-11-15,17.02014923095703
2019-11-18,17.038257598876953
2019-11-19,17.022571563720703
2019-11-20,16.904254913330078
2019-11-21,16.848716735839844
2019-11-22,16.917531967163086
2019-11-25,17.175893783569336
2019-11-26,17.255565643310547
2019-11-27,17.40406608581543
2019-11-29,17.267642974853516
2019-12-02,16.980310440063477
2019-12-03,16.74368667602539
2019-12-04,16.957372665405273
2019-12-05,17.01532554626465
2019-12-06,17.31835174560547
2019-12-09,17.215734481811523
2019-12-10,17.16864776611328
2019-12-11,17.266433715820312
2019-12-12,17.559804916381836
2019-12-13,17.58153533935547
2019-12-16,17.82177734375
2019-12-17,17.82781410217285
2019-12-18,17.83144187927246
2019-12-19,17.972692489624023
2019-12-20,18.154993057250977
2019-12-23,18.183961868286133
2019-12-24,18.186262130737305
2019-12-26,18.365257263183594
2019-12-27,18.358001708984375
2019-12-30,18.162073135375977
2019-12-31,18.243104934692383
2020-01-02,18.570863723754883
2020-01-03,18.295114517211914
2020-01-06,18.4329833984375
2020-01-07,18.325347900390625
2020-01-08,18.5116024017334
2020-01-09,18.765579223632812
2020-01-10,18.655519485473633
2020-01-13,18.909503936767578
2020-01-14,18.855077743530273
2020-01-15,18.932483673095703
2020-01-16,19.2445125579834
2020-01-17,19.37755584716797
2020-01-21,19.288053512573242
2020-01-22,19.300153732299805
2020-01-23,19.334016799926758
2020-01-24,18.97964859008789
2020-01-27,18.376140594482422
2020-01-28,18.75953483581543
2020-01-29,18.73050880432129
2020-01-30,18.836938858032227
2020-01-31,18.163280487060547
2020-02-03,18.434194564819336
2020-02-04,18.99053382873535
2020-02-05,19.427141189575195
2020-02-06,19.55896759033203
2020-02-07,19.34489631652832
2020-02-10,19.63637351989746
2020-02-11,19.696842193603516
2020-02-12,19.94841194152832
2020-02-13,19.90486717224121
2020-02-14,19.962919235229492
2020-02-18,19.85890769958496
2020-02-19,20.04274559020996
2020-02-20,19.881893157958984
2020-02-21,19.461008071899414
2020-02-24,18.141508102416992
2020-02-25,17.07358169555664
2020-02-26,16.94417381286621
2020-02-27,15.41666030883789
2020-02-28,15.354976654052734
2020-03-02,16.597064971923828
2020-03-03,15.663381576538086
2020-03-04,16.961105346679688
2020-03-05,15.827865600585938
2020-03-06,15.31264591217041
2020-03-09,12.928851127624512
2020-03-10,14.25439167022705
2020-03-11,12.83935546875
2020-03-12,10.387828826904297
2020-03-13,12.302366256713867
2020-03-16,9.428746223449707
2020-03-17,10.600689888000488
2020-03-18,9.513410568237305
2020-03-19,9.507362365722656
2020-03-20,8.645035743713379
2020-03-23,8.14916706085205
2020-03-24,9.688777923583984
2020-03-25,9.961332321166992
2020-03-26,11.134966850280762
2020-03-27,10.446304321289062
2020-03-30,11.126476287841797
2020-03-31,10.779723167419434
2020-04-01,9.809778213500977
2020-04-02,10.270500183105469
2020-04-03,9.977091789245605
2020-04-06,11.325318336486816
2020-04-07,11.336226463317871
2020-04-08,12.098847389221191
2020-04-09,12.458939552307129
2020-04-13,12.2285795211792
2020-04-14,12.959672927856445
2020-04-15,12.403167724609375
2020-04-16,12.530475616455078
2020-04-17,13.200947761535645
2020-04-20,12.734162330627441
2020-04-21,11.947293281555176
2020-04-22,12.489251136779785
2020-04-23,12.481974601745605
2020-04-24,12.839640617370605
2020-04-27,13.208221435546875
2020-04-28,13.079704284667969
2020-04-29,13.762299537658691
2020-04-30,13.494354248046875
2020-05-01,12.780234336853027
2020-05-04,12.862679481506348
2020-05-05,13.095465660095215
2020-05-06,12.916024208068848
2020-05-07,13.225196838378906
2020-05-08,13.662882804870605
2020-05-11,13.673794746398926
2020-05-12,13.111226081848145
2020-05-13,12.655352592468262
2020-05-14,12.962099075317383
2020-05-15,13.078492164611816
2020-05-18,13.877484321594238
2020-05-19,13.59377670288086
2020-05-20,14.049649238586426
2020-05-21,13.841110229492188
2020-05-22,13.89930534362793
2020-05-26,14.256974220275879
2020-05-27,14.66677474975586
2020-05-28,14.618279457092285
2020-05-29,14.72982120513916
2020-06-01,14.865614891052246
2020-06-02,15.111738204956055
2020-06-03,15.516691207885742
2020-06-04,15.420907974243164
2020-06-05,16.218687057495117
2020-06-08,16.623638153076172
2020-06-09,16.370243072509766
2020-06-10,16.17989158630371
2020-06-11,14.30789566040039
2020-06-12,14.661924362182617
2020-06-15,14.922597885131836
2020-06-16,15.498505592346191
2020-06-17,15.3687744140625
2020-06-18,15.3772611618042
2020-06-19,15.196609497070312
2020-06-22,15.409997940063477
2020-06-23,15.537301063537598
2020-06-24,14.75285816192627
2020-06-25,15.05354118347168
2020-06-26,14.351544380187988
2020-06-29,14.767409324645996
2020-06-30,15.165085792541504
2020-07-01,15.357861518859863
2020-07-02,15.519115447998047
2020-07-06,15.999238967895508
2020-07-07,15.664605140686035
2020-07-08,15.907095909118652
2020-07-09,15.727652549743652
2020-07-10,16.050161361694336
2020-07-13,15.778573989868164
2020-07-14,16.175039291381836
2020-07-15,16.484207153320312
2020-07-16,16.3714542388916
2020-07-17,16.453901290893555
2020-07-20,16.731542587280273
2020-07-21,16.788532257080078
2020-07-22,16.978878021240234
2020-07-23,16.583629608154297
2020-07-24,16.36660385131836
2020-07-27,16.596965789794922
2020-07-28,16.394487380981445
2020-07-29,16.788532257080078
2020-07-30,16.672136306762695
2020-07-31,16.93766212463379
2020-08-03,17.171655654907227
2020-08-04,17.29896354675293
2020-08-05,17.517202377319336
2020-08-06,17.75119972229004
2020-08-07,17.77181053161621
2020-08-10,17.87729263305664
2020-08-11,17.58631134033203
2020-08-12,18.070066452026367
2020-08-13,18.010658264160156
2020-08-14,18.009445190429688
2020-08-17,18.123414993286133
2020-08-18,18.19373321533203
2020-08-19,18.055517196655273
2020-08-20,18.162214279174805
2020-08-21,18.283458709716797
2020-08-24,18.661731719970703
2020-08-25,18.792680740356445
2020-08-26,19.166109085083008
2020-08-27,19.250974655151367
2020-08-28,19.491039276123047
2020-08-31,19.357675552368164
2020-09-01,19.7165470123291
2020-09-02,20.286396026611328
2020-09-03,18.894521713256836
2020-09-04,18.57686424255371
2020-09-08,17.563274383544922
2020-09-09,18.256786346435547
2020-09-10,17.61419677734375
2020-09-11,17.63117027282715
2020-09-14,18.089468002319336
2020-09-15,18.28103256225586
2020-09-16,18.133115768432617
2020-09-17,17.82515525817871
2020-09-18,17.405654907226562
2020-09-21,17.01767921447754
2020-09-22,17.362009048461914
2020-09-23,16.55453109741211
2020-09-24,16.641822814941406
2020-09-25,17.177717208862305
2020-09-28,17.75483512878418
2020-09-29,17.563274383544922
2020-09-30,17.81545639038086
2020-10-01,18.053089141845703
2020-10-02,17.70149040222168
2020-10-05,18.32952880859375
2020-10-06,17.80575942993164
2020-10-07,18.426523208618164
2020-10-08,18.749027252197266
2020-10-09,19.0909366607666
2020-10-12,19.70200538635254
2020-10-13,19.44011878967285
2020-10-14,19.20732879638672
2020-10-15,19.146705627441406
2020-10-16,19.127309799194336
2020-10-19,18.54049301147461
2020-10-20,18.683561325073242
2020-10-21,18.615663528442383
2020-10-22,18.824199676513672
2020-10-23,18.943023681640625
2020-10-26,18.25193214416504
2020-10-27,18.120990753173828
2020-10-28,16.8891658782959
2020-10-29,17.226215362548828
2020-10-30,16.857641220092773
2020-11-02,17.23834228515625
2020-11-03,17.842132568359375
2020-11-04,18.63991355895996
2020-11-05,19.369796752929688
2020-11-06,19.36737632751465
2020-11-09,19.85234832763672
2020-11-10,19.78687286376953
2020-11-11,20.07785415649414
2020-11-12,19.69472885131836
2020-11-13,20.23789405822754
2020-11-16,20.732568740844727
2020-11-17,20.521604537963867
2020-11-18,20.01480484008789
2020-11-19,20.17727279663086
2020-11-20,19.90568733215332
2020-11-23,20.150602340698242
2020-11-24,20.790761947631836
2020-11-25,20.73013687133789
2020-11-27,20.84410858154297
2020-11-30,20.65254783630371
2020-12-01,21.105995178222656
2020-12-02,21.190868377685547
2020-12-03,21.181167602539062
2020-12-04,21.542470932006836
2020-12-07,21.46245765686035
2020-12-08,21.576419830322266
2020-12-09,21.19329071044922
2020-12-10,21.181167602539062
2020-12-11,21.118120193481445
2020-12-14,20.933834075927734
2020-12-15,21.496402740478516
2020-12-16,21.566722869873047
2020-12-17,21.814056396484375
2020-12-18,21.661293029785156
2020-12-21,21.484275817871094
2020-12-22,21.40667724609375
2020-12-23,21.436777114868164
2020-12-24,21.601821899414062
2020-12-28,21.978036880493164
2020-12-29,21.90036964416504
2020-12-30,21.951335906982422
2020-12-31,22.172210693359375
2021-01-04,21.567840576171875
2021-01-05,21.85910415649414
2021-01-06,22.1236629486084
2021-01-07,22.774147033691406
2021-01-08,23.041135787963867
2021-01-11,22.72560691833496
2021-01-12,22.7280330657959
2021-01-13,22.856670379638672
2021-01-14,22.686767578125
2021-01-15,22.35667610168457
2021-01-19,22.711040496826172
2021-01-20,23.3323974609375
2021-01-21,23.378515243530273
2021-01-22,23.20861053466797
2021-01-25,23.38822364807129
2021-01-26,23.317832946777344
2021-01-27,22.172210693359375
2021-01-28,22.538707733154297
2021-01-29,21.662500381469727
2021-02-01,22.36395835876465
2021-02-02,22.999874114990234
2021-02-03,23.043563842773438
2021-02-04,23.56298065185547
2021-02-05,23.742591857910156
2021-02-08,24.08481788635254
2021-02-09,24.045989990234375
2021-02-10,24.03870391845703
2021-02-11,24.11394500732422
2021-02-12,24.354236602783203
2021-02-16,24.310546875
2021-02-17,24.32510757446289
2021-02-18,24.11152458190918
2021-02-19,24.00472068786621
2021-02-22,23.657638549804688
2021-02-23,23.708608627319336
2021-02-24,24.225597381591797
2021-02-25,23.062976837158203
2021-02-26,22.808128356933594
2021-03-01,23.917348861694336
2021-03-02,23.545989990234375
2021-03-03,22.92462921142578
2021-03-04,22.354246139526367
2021-03-05,23.17220687866211
2021-03-08,22.944049835205078
2021-03-09,23.592105865478516
2021-03-10,23.885793685913086
2021-03-11,24.37607765197754
2021-03-12,24.446470260620117
2021-03-15,24.740156173706055
2021-03-16,24.67947769165039
2021-03-17,24.820253372192383
2021-03-18,24.099384307861328
2021-03-19,24.00472068786621
2021-03-22,24.39550018310547
2021-03-23,24.01417350769043
2021-03-24,23.773706436157227
2021-03-25,24.031169891357422
2021-03-26,24.801115036010742
2021-03-29,24.776826858520508
2021-03-30,24.64566993713379
2021-03-31,24.849693298339844
2021-04-01,25.369474411010742
2021-04-05,26.098127365112305
2021-04-06,26.06898307800293
2021-04-07,26.132131576538086
2021-04-08,26.375017166137695
2021-04-09,26.7587833404541
2021-04-12,26.78306770324707
2021-04-13,26.931232452392578
2021-04-14,26.761205673217773
2021-04-15,27.324703216552734
2021-04-16,27.516584396362305
2021-04-19,27.24941062927246
2021-04-20,26.841360092163086
2021-04-21,27.34170913696289
2021-04-22,26.848649978637695
2021-04-23,27.424287796020508
2021-04-26,27.54087257385254
2021-04-27,27.523874282836914
2021-04-28,27.489871978759766
2021-04-29,27.846908569335938
2021-04-30,27.485010147094727
2021-05-03,27.59674072265625
2021-05-04,27.256696701049805
2021-05-05,27.268840789794922
2021-05-06,27.71332550048828
2021-05-07,28.099515914916992
2021-05-10,27.562734603881836
2021-05-11,27.074533462524414
2021-05-12,25.913537979125977
2021-05-13,26.52804183959961
2021-05-14,27.336849212646484
2021-05-17,27.208118438720703
2021-05-18,26.73206329345703
2021-05-19,26.59847640991211
2021-05-20,27.1595458984375
2021-05-21,27.12554168701172
2021-05-24,27.664749145507812
2021-05-25,27.550586700439453
2021-05-26,27.65260124206543
2021-05-27,27.66960334777832
2021-05-28,27.78376007080078
2021-06-01,27.72789764404297
2021-06-02,27.825050354003906
2021-06-03,27.61617088317871
2021-06-04,28.109228134155273
2021-06-07,28.065509796142578
2021-06-08,28.06793785095215
2021-06-09,27.97563934326172
2021-06-10,28.23310089111328
2021-06-11,28.33025360107422
2021-06-14,28.468704223632812
2021-06-15,28.356971740722656
2021-06-16,28.033935546875
2021-06-17,28.007217407226562
2021-06-18,27.259132385253906
2021-06-21,28.029071807861328
2021-06-22,28.324052810668945
2021-06-23,28.258445739746094
2021-06-24,28.58890151977539
2021-06-25,28.788143157958984
2021-06-28,28.907201766967773
2021-06-29,28.938791275024414
2021-06-30,28.99710464477539
2021-07-01,29.30568504333496
2021-07-02,29.75762939453125
2021-07-06,29.6409969329834
2021-07-07,29.849958419799805
2021-07-08,29.36643409729004
2021-07-09,29.97144889831543
2021-07-12,30.207136154174805
2021-07-13,29.998172760009766
2021-07-14,30.07349967956543
2021-07-15,29.871826171875
2021-07-16,29.400449752807617
2021-07-19,28.523292541503906
2021-07-20,29.34456443786621
2021-07-21,29.82323455810547
2021-07-22,29.956871032714844
2021-07-23,30.547311782836914
2021-07-26,30.70281410217285
2021-07-27,30.42095947265625
2021-07-28,30.39423370361328
2021-07-29,30.64450454711914
2021-07-30,30.350496292114258
2021-08-02,30.224149703979492
2021-08-03,30.712533950805664
2021-08-04,30.4088134765625
2021-08-05,30.795146942138672
2021-08-06,30.89234161376953
2021-08-09,30.846172332763672
2021-08-10,30.906923294067383
2021-08-11,31.064851760864258
2021-08-12,31.239803314208984
2021-08-13,31.361289978027344
2021-08-16,31.51194190979004
2021-08-17,31.10616111755371
2021-08-18,30.413667678833008
2021-08-19,30.488998413085938
2021-08-20,30.987102508544922
2021-08-23,31.533803939819336
2021-08-24,31.626144409179688
2021-08-25,31.767070770263672
2021-08-26,31.39044952392578
2021-08-27,31.94200325012207
2021-08-30,32.223854064941406
2021-08-31,32.148536682128906
2021-09-01,32.165550231933594
2021-09-02,32.35749816894531
2021-09-03,32.3453483581543
2021-09-07,32.112091064453125
2021-09-08,32.03676986694336
2021-09-09,31.75004768371582
2021-09-10,31.26166534423828
2021-09-13,31.39531135559082
2021-09-14,31.06728172302246
2021-09-15,31.572683334350586
2021-09-16,31.465774536132812
2021-09-17,30.868045806884766
2021-09-20,29.832950592041016
2021-09-21,29.789215087890625
2021-09-22,30.347753524780273
2021-09-23,31.093929290771484
2021-09-24,31.193580627441406
2021-09-27,31.021013259887695
2021-09-28,29.757131576538086
2021-09-29,29.854351043701172
2021-09-30,29.122760772705078
2021-10-01,29.81060791015625
2021-10-04,29.054702758789062
2021-10-05,29.64775848388672
2021-10-06,29.895675659179688
2021-10-07,30.40608787536621
2021-10-08,30.28942108154297
2021-10-11,29.859209060668945
2021-10-12,29.708518981933594
2021-10-13,29.91754722595215
2021-10-14,30.91650390625
2021-10-15,31.392887115478516
2021-10-18,31.59218978881836
2021-10-19,32.061283111572266
2021-10-20,32.3092041015625
2021-10-21,32.48905944824219
2021-10-22,32.416141510009766
2021-10-25,32.74669647216797
2021-10-26,32.82204818725586
2021-10-27,32.51579284667969
2021-10-28,33.14773941040039
2021-10-29,33.28141403198242
2021-11-01,33.400516510009766
2021-11-02,33.66543960571289
2021-11-03,34.085933685302734
2021-11-04,34.38731002807617
2021-11-05,34.62794494628906
2021-11-08,34.693565368652344
2021-11-09,34.467525482177734
2021-11-10,33.90363693237305
2021-11-11,33.92793655395508
2021-11-12,34.433494567871094
2021-11-15,34.44322204589844
2021-11-16,34.70814895629883
2021-11-17,34.5452995300293
2021-11-18,34.77619552612305
2021-11-19,34.652252197265625
2021-11-22,34.45536804199219
2021-11-23,34.567176818847656
2021-11-24,34.710575103759766
2021-11-26,33.20850372314453
2021-11-29,33.996002197265625
2021-11-30,32.710243225097656
2021-12-01,31.939762115478516
2021-12-02,32.89253616333008
2021-12-03,32.34809112548828
2021-12-06,33.1015625
2021-12-07,34.467525482177734
2021-12-08,34.64495086669922
2021-12-09,34.17585754394531
2021-12-10,34.815093994140625
2021-12-13,34.214752197265625
2021-12-14,33.72620391845703
2021-12-15,34.78592300415039
2021-12-16,34.1685676574707
2021-12-17,33.43940353393555
2021-12-20,32.717533111572266
2021-12-21,33.88905715942383
2021-12-22,34.55988311767578
2021-12-23,34.988948822021484
2021-12-27,35.97890090942383
2021-12-28,35.9229621887207
2021-12-29,36.010520935058594
2021-12-30,35.81106948852539
2021-12-31,35.601890563964844
2022-01-03,36.02268600463867
2022-01-04,36.00321960449219
2022-01-05,34.633827209472656
2022-01-06,34.55112838745117
2022-01-07,34.290863037109375
2022-01-10,34.19601058959961
2022-01-11,34.799232482910156
2022-01-12,34.99867630004883
2022-01-13,34.028175354003906
2022-01-14,34.047637939453125
2022-01-18,32.86065673828125
2022-01-19,32.16014862060547
2022-01-20,31.454782485961914
2022-01-21,30.19970703125
2022-01-24,30.457529067993164
2022-01-25,29.7083797454834
2022-01-26,29.586761474609375
2022-01-27,29.270557403564453
2022-01-28,30.72022247314453
2022-01-31,31.829364776611328
2022-02-01,32.26718521118164
2022-02-02,32.88985061645508
2022-02-03,31.342897415161133
2022-02-04,31.64936637878418
2022-02-07,31.430458068847656
2022-02-08,31.941247940063477
2022-02-09,32.85580062866211
2022-02-10,31.698013305664062
2022-02-11,30.428342819213867
2022-02-14,30.243486404418945
2022-02-15,31.206684112548828
2022-02-16,31.284521102905273
2022-02-17,29.951608657836914
2022-02-18,29.547840118408203
2022-02-22,28.925167083740234
2022-02-23,27.884136199951172
2022-02-24,28.711122512817383
2022-02-25,29.98079490661621
2022-02-28,29.829992294311523
2022-03-01,28.925167083740234
2022-03-02,29.966203689575195
2022-03-03,29.684051513671875
2022-03-04,29.197587966918945
2022-03-07,27.480371475219727
2022-03-08,27.057146072387695
2022-03-09,28.497081756591797
2022-03-10,28.248981475830078
2022-03-11,27.529020309448242
2022-03-14,27.120386123657227
2022-03-15,28.297626495361328
2022-03-16,29.56730079650879
2022-03-17,30.301864624023438
2022-03-18,30.9488582611084
2022-03-21,30.96345329284668
2022-03-22,31.663957595825195
2022-03-23,30.85106658935547
2022-03-24,31.775917053222656
2022-03-25,32.08257293701172
2022-03-28,32.5303955078125
2022-03-29,33.36276626586914
2022-03-30,32.95388412475586
2022-03-31,31.93655014038086
2022-04-01,32.08744812011719
2022-04-04,32.63749313354492
2022-04-05,31.829456329345703
2022-04-06,31.177202224731445
2022-04-07,31.488725662231445
2022-04-08,31.328094482421875
2022-04-11,30.252351760864258
2022-04-12,30.018701553344727
2022-04-13,30.714773178100586
2022-04-14,29.95542335510254
2022-04-18,29.965158462524414
2022-04-19,30.91434669494629
2022-04-20,30.87053680419922
2022-04-21,29.950557708740234
2022-04-22,28.3052921295166
2022-04-25,28.621688842773438
2022-04-26,26.971561431884766
2022-04-27,27.122459411621094
2022-04-28,28.495132446289062
2022-04-29,26.382579803466797
2022-05-02,26.698974609375
2022-05-03,26.95209312438965
2022-05-04,28.582748413085938
2022-05-05,26.567546844482422
2022-05-06,26.23168182373047
2022-05-09,24.562084197998047
2022-05-10,24.65943717956543
2022-05-11,23.870880126953125
2022-05-12,23.827072143554688
2022-05-13,24.956361770629883
2022-05-16,24.771390914916992
2022-05-17,25.759519577026367
2022-05-18,23.69564437866211
2022-05-19,23.384117126464844
2022-05-20,23.403583526611328
2022-05-23,24.28949546813965
2022-05-24,23.924427032470703
2022-05-25,24.35764503479004
2022-05-26,25.30683135986328
2022-05-27,26.55294418334961
2022-05-31,26.24628448486328
2022-06-01,25.827667236328125
2022-06-02,26.791460037231445
2022-06-03,25.925020217895508
2022-06-06,26.071048736572266
2022-06-07,26.562681198120117
2022-06-08,25.9931640625
2022-06-09,24.75191879272461
2022-06-10,23.306236267089844
2022-06-13,21.52954864501953
2022-06-14,21.393253326416016
2022-06-15,21.996843338012695
2022-06-16,20.58035659790039
2022-06-17,20.614429473876953
2022-06-21,21.66097068786621
2022-06-22,21.578224182128906
2022-06-23,22.011442184448242
2022-06-24,23.398717880249023
2022-06-27,23.233217239379883
2022-06-28,22.279163360595703
2022-06-29,22.22562026977539
2022-06-30,21.85567855834961
2022-07-01,22.313234329223633
2022-07-05,22.40085220336914
2022-07-06,22.561485290527344
2022-07-07,23.2137451171875
2022-07-08,23.17967414855957
2022-07-11,22.65884017944336
2022-07-12,22.249958038330078
2022-07-13,22.011442184448242
2022-07-14,21.889753341674805
2022-07-15,22.72698211669922
2022-07-18,22.352174758911133
2022-07-19,23.559350967407227
2022-07-20,23.86601448059082
2022-07-21,24.34303855895996
2022-07-22,23.895217895507812
2022-07-25,23.939023971557617
2022-07-26,23.364643096923828
2022-07-27,24.586423873901367
2022-07-28,25.194873809814453
2022-07-29,25.93962287902832
2022-08-01,25.774120330810547
2022-08-02,25.438257217407227
2022-08-03,26.22194480895996
2022-08-04,26.183006286621094
2022-08-05,26.071048736572266
2022-08-08,26.0321102142334
2022-08-09,25.813066482543945
2022-08-10,26.893678665161133
2022-08-11,26.89854621887207
2022-08-12,27.789325714111328
2022-08-15,28.02783966064453
2022-08-16,28.13005828857422
2022-08-17,27.735776901245117
2022-08-18,27.876941680908203
2022-08-19,27.127328872680664
2022-08-22,25.99803352355957
2022-08-23,25.856870651245117
2022-08-24,26.022375106811523
2022-08-25,26.752517700195312
2022-08-26,24.9368896484375
2022-08-29,24.59615707397461
2022-08-30,24.050981521606445
2022-08-31,23.6859073638916
2022-09-01,23.82219886779785
2022-09-02,23.320837020874023
2022-09-06,23.145599365234375
2022-09-07,23.97796630859375
2022-09-08,24.27975845336914
2022-09-09,25.034244537353516
2022-09-12,25.56481170654297
2022-09-13,23.35004425048828
2022-09-14,23.50580596923828
2022-09-15,22.975234985351562
2022-09-16,22.62963104248047
2022-09-19,22.965497970581055
2022-09-20,22.439794540405273
2022-09-21,21.6512393951416
2022-09-22,21.27155876159668
2022-09-23,20.556020736694336
2022-09-26,20.161741256713867
2022-09-27,20.044919967651367
2022-09-28,20.828603744506836
2022-09-29,19.9670352935791
2022-09-30,19.334245681762695
2022-10-03,20.36131477355957
2022-10-04,21.602563858032227
2022-10-05,21.514944076538086
2022-10-06,21.05251693725586
2022-10-07,19.879417419433594
2022-10-10,19.56789207458496
2022-10-11,19.309904098510742
2022-10-12,19.18821144104004
2022-10-13,20.195817947387695
2022-10-14,19.275835037231445
2022-10-17,20.254230499267578
2022-10-18,20.72151756286621
2022-10-19,20.444061279296875
2022-10-20,20.083858489990234
2022-10-21,21.05738639831543
2022-10-24,21.56848907470703
2022-10-25,22.249958038330078
2022-10-26,21.918956756591797
2022-10-27,21.665836334228516
2022-10-28,22.69778060913086
2022-10-31,22.376516342163086
2022-11-01,22.172073364257812
2022-11-02,21.047651290893555
2022-11-03,20.604698181152344
2022-11-04,21.19854736328125
2022-11-07,21.6074275970459
2022-11-08,21.836204528808594
2022-11-09,20.925960540771484
2022-11-10,23.21861457824707
2022-11-11,23.681039810180664
2022-11-14,23.277023315429688
2022-11-15,23.67617416381836
2022-11-16,23.306236267089844
2022-11-17,23.145599365234375
2022-11-18,23.34517478942871
2022-11-21,23.160202026367188
2022-11-22,23.778392791748047
2022-11-23,24.080188751220703
2022-11-25,24.060718536376953
2022-11-28,23.291627883911133
2022-11-29,23.2137451171875
2022-11-30,24.639965057373047
2022-12-01,24.630226135253906
2022-12-02,24.557214736938477
2022-12-05,23.67130470275879
2022-12-06,22.98983383178711
2022-12-07,22.897354125976562
2022-12-08,23.24295425415039
2022-12-09,22.9022216796875
2022-12-12,23.54961585998535
2022-12-13,23.9195556640625
2022-12-14,23.612892150878906
2022-12-15,22.439794540405273
2022-12-16,21.904356002807617
2022-12-19,21.514944076538086
2022-12-20,21.578224182128906
2022-12-21,22.230484008789062
2022-12-22,21.581005096435547
2022-12-23,21.820466995239258
2022-12-27,21.639646530151367
2022-12-28,21.10207748413086
2022-12-29,21.840015411376953
2022-12-30,21.722726821899414
2023-01-03,21.52724266052246
2023-01-04,21.86933708190918
2023-01-05,21.356201171875
2023-01-06,22.32871437072754
2023-01-09,22.309167861938477
2023-01-10,22.62193489074707
2023-01-11,23.17416763305664
2023-01-12,23.335439682006836
2023-01-13,23.521141052246094
2023-01-17,23.42829132080078
2023-01-18,22.69523811340332
2023-01-19,22.343374252319336
2023-01-20,23.169279098510742
2023-01-23,23.70684814453125
2023-01-24,23.653095245361328
2023-01-25,23.68730354309082
2023-01-26,24.19066619873047
2023-01-27,24.29817771911621
2023-01-30,23.682415008544922
2023-01-31,24.37636947631836
2023-02-01,24.894392013549805
2023-02-02,25.603004455566406
2023-02-03,25.060546875
2023-02-06,24.742891311645508
2023-02-07,25.39775276184082
2023-02-08,24.83574676513672
2023-02-09,24.386140823364258
2023-02-10,24.488771438598633
2023-02-13,25.06543731689453
2023-02-14,25.04100227355957
2023-02-15,25.2022762298584
2023-02-16,24.488771438598633
2023-02-17,24.356822967529297
2023-02-21,23.374534606933594
2023-02-22,23.320777893066406
2023-02-23,23.545576095581055
2023-02-24,23.027555465698242
2023-02-27,23.17416763305664
2023-02-28,23.003124237060547
2023-03-01,22.836963653564453
2023-03-02,23.17416763305664
2023-03-03,23.912105560302734
2023-03-06,23.936542510986328
2023-03-07,23.2034854888916
2023-03-08,23.271909713745117
2023-03-09,22.40201759338379
2023-03-10,21.747161865234375
2023-03-13,21.66408348083496
2023-03-14,22.39713478088379
2023-03-15,22.12346076965332
2023-03-16,22.861398696899414
2023-03-17,22.3531494140625
2023-03-20,22.758769989013672
2023-03-21,23.3549861907959
2023-03-22,22.56329345703125
2023-03-23,22.665918350219727
2023-03-24,22.959142684936523
2023-03-27,23.051990509033203
2023-03-28,22.949363708496094
2023-03-29,23.604219436645508
2023-03-30,23.86323356628418
2023-03-31,24.53275489807129
2023-04-03,24.713573455810547
2023-04-04,24.449676513671875
2023-04-05,24.29817771911621
2023-04-06,24.47411346435547
2023-04-10,24.527868270874023
2023-04-11,24.53763771057129
2023-04-12,24.342161178588867
2023-04-13,24.962810516357422
2023-04-14,24.845523834228516
2023-04-17,25.021455764770508
2023-04-18,25.045886993408203
2023-04-19,25.036115646362305
2023-04-20,24.747779846191406
2023-04-21,24.7673282623291
2023-04-24,24.82108497619629
2023-04-25,24.024507522583008
2023-04-26,23.824138641357422
2023-04-27,24.75755500793457
2023-04-28,25.163177490234375
2023-05-01,25.119197845458984
2023-05-02,24.547412872314453
2023-05-03,24.205322265625
2023-05-04,23.85346031188965
2023-05-05,24.72823143005371
2023-05-08,24.742891311645508
2023-05-09,24.527868270874023
2023-05-10,24.747779846191406
2023-05-11,24.650041580200195
2023-05-12,24.571847915649414
2023-05-15,24.733118057250977
2023-05-16,24.410579681396484
2023-05-17,24.992130279541016
2023-05-18,25.466171264648438
2023-05-19,25.38309097290039
2023-05-22,25.387975692749023
2023-05-23,24.830862045288086
2023-05-24,24.454561233520508
2023-05-25,24.869958877563477
2023-05-26,25.505266189575195
2023-05-30,25.51015281677246
2023-05-31,25.236480712890625
2023-06-01,25.69586181640625
2023-06-02,26.45334815979004
2023-06-05,26.326284408569336
2023-06-06,26.448453903198242
2023-06-07,26.26763916015625
2023-06-08,26.570632934570312
2023-06-09,26.648826599121094
2023-06-12,27.13752555847168
2023-06-13,27.4796142578125
2023-06-14,27.548032760620117
2023-06-15,28.20777702331543
2023-06-16,28.00252914428711
2023-06-20,27.72885513305664
2023-06-21,27.420970916748047
2023-06-22,27.616451263427734
2023-06-23,27.181509017944336
2023-06-26,26.96159553527832
2023-06-27,27.552919387817383
2023-06-28,27.58224105834961
2023-06-29,27.772838592529297
2023-06-30,28.417919158935547
2023-07-03,28.491226196289062
2023-07-05,28.383710861206055
2023-07-06,27.929218292236328
2023-07-07,27.787500381469727
2023-07-10,27.91944694519043
2023-07-11,28.276199340820312
2023-07-12,28.725801467895508
2023-07-13,29.146080017089844
2023-07-14,29.111875534057617
2023-07-17,29.307355880737305
2023-07-18,29.73252296447754
2023-07-19,29.85470199584961
2023-07-20,29.453964233398438
2023-07-21,29.458850860595703
2023-07-24,29.70808982849121
2023-07-25,29.874244689941406
2023-07-26,29.874244689941406
2023-07-27,29.463741302490234
2023-07-28,30.02086067199707
2023-07-31,30.147918701171875
2023-08-01,29.952442169189453
2023-08-02,29.136310577392578
2023-08-03,28.935943603515625
2023-08-04,28.68181610107422
2023-08-07,29.165630340576172
2023-08-08,28.911510467529297
2023-08-09,28.51565933227539
2023-08-10,28.525432586669922
2023-08-11,28.4814510345459
2023-08-14,28.794219970703125
2023-08-15,28.12470054626465
2023-08-16,27.679983139038086
2023-08-17,27.24504280090332
2023-08-18,27.264589309692383
2023-08-21,27.631114959716797
2023-08-22,27.469844818115234
2023-08-23,28.07094383239746
2023-08-24,27.293909072875977
2023-08-25,27.660436630249023
2023-08-28,28.012300491333008
2023-08-29,28.818655014038086
2023-08-30,29.04345703125
2023-08-31,28.935943603515625
2023-09-01,29.0483455657959
2023-09-05,28.78933334350586
2023-09-06,28.38859748840332
2023-09-07,28.20777702331543
2023-09-08,28.290857315063477
2023-09-11,28.652496337890625
2023-09-12,28.3299560546875
2023-09-13,28.39837646484375
2023-09-14,28.867525100708008
2023-09-15,28.163795471191406
2023-09-18,28.19800567626953
2023-09-19,28.080713272094727
2023-09-20,27.533374786376953
2023-09-21,26.639049530029297
2023-09-22,26.497331619262695
2023-09-25,26.712356567382812
2023-09-26,25.925546646118164
2023-09-27,25.945096969604492
2023-09-28,26.233430862426758
2023-09-29,26.08681869506836
2023-10-02,26.072158813476562
2023-10-03,25.378206253051758
2023-10-04,25.73495864868164
2023-10-05,25.69586181640625
2023-10-06,26.29207420349121
2023-10-09,26.624387741088867
2023-10-10,26.888290405273438
2023-10-11,27.117979049682617
2023-10-12,26.785661697387695
2023-10-13,26.51198959350586
2023-10-16,27.0593318939209
2023-10-17,27.049560546875
2023-10-18,26.3311710357666
2023-10-19,25.832693099975586
2023-10-20,25.2022762298584
2023-10-23,25.109418869018555
2023-10-24,25.480833053588867
2023-10-25,24.752668380737305
2023-10-26,24.14668083190918
2023-10-27,23.912105560302734
2023-10-30,24.488771438598633
2023-10-31,24.7819881439209
2023-11-01,25.300012588500977
2023-11-02,26.272525787353516
2023-11-03,26.73678970336914
2023-11-06,26.85407829284668
2023-11-07,26.995803833007812
2023-11-08,27.03489875793457
2023-11-09,26.599958419799805
2023-11-10,27.435632705688477
2023-11-13,27.376989364624023
2023-11-14,28.422807693481445
2023-11-15,28.549869537353516
2023-11-16,28.598739624023438
2023-11-17,28.667156219482422
2023-11-20,29.102102279663086
2023-11-21,28.960378646850586
2023-11-22,29.170516967773438
2023-11-24,29.19495964050293
2023-11-27,29.09232521057129
2023-11-28,29.136310577392578
2023-11-29,29.10698699951172
2023-11-30,29.307355880737305
2023-12-01,29.644556045532227
2023-12-04,29.326900482177734
2023-12-05,29.317129135131836
2023-12-06,29.072778701782227
2023-12-07,29.49795150756836
2023-12-08,29.742300033569336
2023-12-11,29.97687530517578
2023-12-12,30.25054931640625
2023-12-13,31.061786651611328
2023-12-14,31.26704216003418
2023-12-15,31.144866943359375
2023-12-18,31.50162124633789
2023-12-19,31.873035430908203
2023-12-20,30.927148818969727
2023-12-21,31.534242630004883
2023-12-22,31.661527633666992
2023-12-26,31.906326293945312
2023-12-27,32.02382278442383
2023-12-28,32.028717041015625
2023-12-29,31.85736083984375
2024-01-02,31.480382919311523
2024-01-03,30.956523895263672
2024-01-04,30.741106033325195
2024-01-05,30.819442749023438
2024-01-08,31.695796966552734
2024-01-09,31.583194732666016
2024-01-10,31.94059181213379
2024-01-11,31.89653205871582
2024-01-12,31.921010971069336
2024-01-16,31.681110382080078
2024-01-17,31.328611373901367
2024-01-18,31.867158889770508
2024-01-19,32.65049743652344
2024-01-22,32.787574768066406
2024-01-23,32.988304138183594
2024-01-24,33.032371520996094
2024-01-25,33.38976287841797
2024-01-26,33.301639556884766
2024-01-29,33.810813903808594
2024-01-30,33.74225997924805
2024-01-31,32.65049743652344
2024-02-01,33.4827880859375
2024-02-02,34.1731071472168
2024-02-05,33.92341613769531
2024-02-06,34.10456848144531
2024-02-07,34.662696838378906
2024-02-08,34.69207000732422
2024-02-09,35.08863067626953
2024-02-12,35.03478240966797
2024-02-13,34.0751838684082
2024-02-14,34.682273864746094
2024-02-15,35.13759231567383
2024-02-16,34.78019332885742
2024-02-20,34.3983154296875
2024-02-21,34.44237518310547
2024-02-22,35.857276916503906
2024-02-23,35.90134811401367
2024-02-26,35.632076263427734
2024-02-27,35.74467849731445
2024-02-28,35.636966705322266
2024-02-29,35.88175964355469
2024-03-01,36.552490234375
2024-03-04,36.45457458496094
2024-03-05,35.7299919128418
2024-03-06,36.08738327026367
2024-03-07,36.79728698730469
2024-03-08,36.351768493652344
2024-03-11,36.26853561401367
2024-03-12,37.04208755493164
2024-03-13,36.929473876953125
2024-03-14,36.743431091308594
2024-03-15,36.2342643737793
2024-03-18,36.67489242553711
2024-03-19,37.08124542236328
2024-03-20,37.732948303222656
2024-03-21,37.95377731323242
2024-03-22,37.840911865234375
2024-03-25,37.615169525146484
2024-03-26,37.443416595458984
2024-03-27,38.07155990600586
2024-03-28,38.0421142578125
2024-04-01,37.90961837768555
2024-04-02,37.40415573120117
2024-04-03,37.48757553100586
2024-04-04,36.53554153442383
2024-04-05,37.306007385253906
2024-04-08,37.330543518066406
2024-04-09,37.4090576171875
2024-04-10,36.66313552856445
2024-04-11,37.19804382324219
2024-04-12,36.147865295410156
2024-04-15,35.239994049072266
2024-04-16,35.11240005493164
2024-04-17,34.67564010620117
2024-04-18,34.51369857788086
2024-04-19,33.915000915527344
2024-04-22,34.51369857788086
2024-04-23,35.35285949707031
2024-04-24,35.30870056152344
2024-04-25,34.99953079223633
2024-04-26,35.68165969848633
2024-04-29,35.917213439941406
2024-04-30,34.7786979675293
2024-05-01,34.54314422607422
2024-05-02,35.16638946533203
2024-05-03,36.049713134765625
2024-05-06,36.78091049194336
2024-05-07,36.85452651977539
2024-05-08,36.85942840576172
2024-05-09,37.25202560424805
2024-05-10,37.359989166259766
2024-05-13,37.359989166259766
2024-05-14,37.67896270751953
2024-05-15,38.60646057128906
2024-05-16,38.42489242553711
2024-05-17,38.547576904296875
2024-05-20,38.621185302734375
2024-05-21,38.797855377197266
2024-05-22,38.55739212036133
2024-05-23,37.98322677612305
2024-05-24,38.48868942260742
2024-05-28,38.523040771484375
2024-05-29,37.973411560058594
2024-05-30,37.458133697509766
2024-05-31,38.11573028564453
2024-06-03,38.17461395263672
2024-06-04,38.248226165771484
2024-06-05,39.170814514160156
2024-06-06,39.15118408203125
2024-06-07,39.028507232666016
2024-06-10,39.264060974121094
2024-06-11,39.44071960449219
2024-06-12,40.09830856323242
2024-06-13,40.235713958740234
2024-06-14,40.265167236328125
2024-06-17,40.89821243286133
2024-06-18,41.09942626953125
2024-06-20,40.85895919799805
2024-06-21,40.68228530883789
2024-06-24,40.44673538208008
2024-06-25,40.78044128417969
2024-06-26,40.874385833740234
2024-06-27,40.98259735107422
2024-06-28,40.62845230102539
2024-07-01,40.80552673339844
2024-07-02,41.33674240112305
2024-07-03,41.68597412109375
2024-07-05,42.17292785644531
2024-07-08,42.246700286865234
2024-07-09,42.32048797607422
2024-07-10,43.1517448425293
2024-07-11,42.38443374633789
2024-07-12,42.9008903503418
2024-07-15,43.13207244873047
2024-07-16,43.648536682128906
2024-07-17,42.40410232543945
2024-07-18,41.744998931884766
2024-07-19,41.17442321777344
2024-07-22,42.02043914794922
2024-07-23,41.87288284301758
2024-07-24,39.954593658447266
2024-07-25,39.52666473388672
2024-07-26,40.38251495361328
2024-07-29,40.456295013427734
2024-07-30,40.02345275878906
2024-07-31,41.2580451965332
2024-08-01,40.14149856567383
2024-08-02,38.63146209716797
2024-08-05,36.3590202331543
2024-08-06,37.03780746459961
2024-08-07,36.51642608642578
2024-08-08,38.19861602783203
2024-08-09,38.523250579833984
2024-08-12,38.54784393310547
2024-08-13,39.82670593261719
2024-08-14,40.07263946533203
2024-08-15,41.440032958984375
2024-08-16,41.58267593383789
2024-08-19,42.37459182739258
2024-08-20,42.2319450378418
2024-08-21,42.53199005126953
2024-08-22,41.8433723449707
2024-08-23,42.69921875
2024-08-26,42.48771667480469
2024-08-27,42.60577392578125
2024-08-28,42.10898971557617
2024-08-29,42.08930587768555
2024-08-30,42.866458892822266
2024-09-03,41.10556411743164
2024-09-04,40.9088134765625
2024-09-05,40.71206283569336
2024-09-06,39.33975601196289
2024-09-09,40.19068908691406
2024-09-10,40.5399169921875
2024-09-11,41.34658432006836
2024-09-12,42.054874420166016
2024-09-13,42.46312713623047
2024-09-16,42.5959358215332
2024-09-17,42.62544250488281
2024-09-18,42.345069885253906
2024-09-19,43.791175842285156
2024-09-20,43.594425201416016
2024-09-23,43.820682525634766
2024-09-24,44.0715446472168
2024-09-25,43.871944427490234
2024-09-26,44.21200180053711
2024-09-27,44.05922317504883
2024-09-30,44.438697814941406
2024-10-01,43.610740661621094
2024-10-02,43.630455017089844
2024-10-03,43.46781921386719
2024-10-04,44.22677993774414
2024-10-07,43.44318389892578
2024-10-08,44.24156951904297
2024-10-09,44.837894439697266
2024-10-10,44.69004440307617
2024-10-11,45.177947998046875
2024-10-14,45.92212677001953
2024-10-15,45.20259094238281
2024-10-16,45.582069396972656
2024-10-17,45.5771484375
2024-10-18,45.91227340698242
2024-10-21,45.76934814453125
2024-10-22,45.70035171508789
2024-10-23,44.84775161743164
2024-10-24,45.035030364990234
2024-10-25,45.000526428222656
2024-10-28,45.25680160522461
2024-10-29,45.39479446411133
2024-10-30,45.108951568603516
2024-10-31,43.3298225402832
2024-11-01,43.67973709106445
2024-11-04,43.492462158203125
2024-11-05,44.5323371887207
2024-11-06,46.74022674560547
2024-11-07,47.454833984375
2024-11-08,47.84910202026367
2024-11-11,47.91810607910156
2024-11-12,47.612545013427734
2024-11-13,47.66182327270508
2024-11-14,47.031002044677734
2024-11-15,45.798919677734375
2024-11-18,46.183326721191406
2024-11-19,46.49381637573242
2024-11-20,46.52831268310547
2024-11-21,47.0063591003418
2024-11-22,47.27248001098633
2024-11-25,47.58297348022461
2024-11-26,48.100440979003906
2024-11-27,47.77024841308594
2024-11-29,48.33207702636719
2024-12-02,48.514427185058594
2024-12-03,48.539066314697266
2024-12-04,49.13539123535156
2024-12-05,48.97276306152344
2024-12-06,49.15018081665039
2024-12-09,48.62285232543945
2024-12-10,48.33207702636719
2024-12-11,49.056541442871094
2024-12-12,48.539066314697266
2024-12-13,48.50456619262695
2024-12-16,48.898834228515625
2024-12-17,48.47499465942383
2024-12-18,45.68063735961914
2024-12-19,45.55250549316406
2024-12-20,46.58745193481445
2024-12-23,47.17791748046875
2024-12-24,48.176021575927734
2024-12-26,48.185909271240234
2024-12-27,47.15815353393555
2024-12-30,46.07110595703125
2024-12-31,45.71039962768555
2025-01-02,45.468284606933594
2025-01-03,46.58498001098633
2025-01-06,47.138389587402344
2025-01-07,46.076045989990234
2025-01-08,46.1600456237793
2025-01-10,44.74687576293945
2025-01-13,44.88522720336914
2025-01-14,44.993934631347656
2025-01-15,46.61956787109375
2025-01-16,46.44168472290039
2025-01-17,47.32615280151367
2025-01-21,48.185909271240234
2025-01-22,48.70966720581055
2025-01-23,49.248252868652344
2025-01-24,48.94190216064453
2025-01-27,47.55344009399414
2025-01-28,48.353904724121094
2025-01-29,47.91908645629883
2025-01-30,48.413204193115234
2025-01-31,47.874610900878906
2025-02-03,47.22238540649414
2025-02-04,47.85485076904297
2025-02-05,48.230377197265625
2025-02-06,48.56143569946289
2025-02-07,47.65227127075195
2025-02-10,48.28472900390625
2025-02-11,48.339080810546875
2025-02-12,48.0426139831543
2025-02-13,49.04566192626953
2025-02-14,49.01601791381836
2025-02-18,49.27295684814453
2025-02-19,49.51507568359375
2025-02-20,49.09507369995117
2025-02-21,47.395320892333984
2025-02-24,46.94568634033203
2025-02-25,46.471336364746094
2025-02-26,46.491092681884766
2025-02-27,45.01864242553711
2025-02-28,46.38239288330078
2025-03-03,44.791351318359375
2025-03-04,43.69441604614258
2025-03-05,44.633235931396484
2025-03-06,43.05701446533203
2025-03-07,43.47700881958008
2025-03-10,41.179378509521484
2025-03-11,40.49750900268555
2025-03-12,40.902679443359375
2025-03-13,39.81068801879883
2025-03-14,41.41655349731445
2025-03-17,42.03914260864258
2025-03-18,41.14973449707031
2025-03-19,42.014434814453125
2025-03-20,41.80691146850586
2025-03-21,41.797019958496094
2025-03-24,43.26948165893555
2025-03-25,43.45724105834961
2025-03-26,42.4503173828125
2025-03-27,42.18794631958008
2025-03-28,40.49488067626953
2025-03-31,40.98002624511719
2025-04-01,41.242401123046875
2025-04-02,41.75230026245117
2025-04-03,37.77212142944336
2025-04-04,33.25233840942383
2025-04-07,33.118675231933594
2025-04-08,32.079078674316406
2025-04-09,38.09389877319336
2025-04-10,35.425594329833984
2025-04-11,36.638465881347656
2025-04-14,37.35132598876953
2025-04-15,37.1632080078125
2025-04-16,35.499855041503906
2025-04-17,35.569156646728516
2025-04-21,33.88104248046875
2025-04-22,35.593910217285156
2025-04-23,36.71766662597656
2025-04-24,38.24241256713867
2025-04-25,38.777069091796875
2025-04-28,38.82657241821289
2025-04-29,39.28201675415039
2025-04-30,39.29191589355469
2025-05-01,39.871124267578125
2025-05-02,41.01467514038086
2025-05-05,40.56913375854492
2025-05-06,39.88597106933594
2025-05-07,40.22755813598633
2025-05-08,40.7523078918457
2025-05-09,40.63844299316406
2025-05-12,43.30180358886719
2025-05-13,43.89091110229492
2025-05-14,43.98001480102539
2025-05-15,44.40575408935547
2025-05-16,44.95526123046875
2025-05-19,45.06416702270508
2025-05-20,44.727535247802734
2025-05-21,43.23249435424805
2025-05-22,43.23744201660156
2025-05-23,42.638431549072266
2025-05-27,44.39090347290039
2025-05-28,43.87605667114258
2025-05-29,44.20278549194336
2025-05-30,44.093875885009766
2025-06-02,44.574073791503906
2025-06-03,45.093868255615234
2025-06-04,45.049320220947266
2025-06-05,44.5839729309082
2025-06-06,45.4948616027832
2025-06-09,45.56416320800781
2025-06-10,46.08891296386719
2025-06-11,45.826541900634766
2025-06-12,46.16317367553711
2025-06-13,45.118621826171875
2025-06-16,45.98000717163086
2025-06-17,45.187931060791016
2025-06-18,45.158233642578125
2025-06-20,44.91070556640625
2025-06-23,45.79188919067383
2025-06-24,46.801788330078125
2025-06-25,46.853878021240234
2025-06-26,47.588138580322266
2025-06-27,47.99496078491211
2025-06-30,48.481163024902344
2025-07-01,48.416664123535156
2025-07-02,48.85325622558594
2025-07-03,49.582557678222656
2025-07-07,48.873104095458984
2025-07-08,48.788761138916016
2025-07-09,49.364261627197266
2025-07-10,49.64705276489258
2025-07-11,49.26007843017578
2025-07-14,49.4337158203125
2025-07-15,48.99713134765625
2025-07-16,49.329532623291016
2025-07-17,49.93976974487305
2025-07-18,49.84054183959961
2025-07-21,50.01914978027344
2025-07-22,50.0290641784668
2025-07-23,50.86751937866211
2025-07-24,50.91217041015625
2025-07-25,51.29418182373047
2025-07-28,51.2644157409668
2025-07-29,50.98162841796875
2025-07-30,50.86751937866211
2025-07-31,50.4458122253418
2025-08-01,48.77387237548828
2025-08-04,50.242401123046875
2025-08-05,49.75123977661133
2025-08-06,50.48054122924805
2025-08-07,50.41108322143555
2025-08-08,51.15030288696289
2025-08-11,50.94193649291992
2025-08-12,52.02348709106445
2025-08-13,52.38069534301758
2025-08-14,52.38069534301758
2025-08-15,52.12270736694336
2025-08-18,52.07805633544922
2025-08-19,51.49263000488281
2025-08-20,51.214805603027344
2025-08-21,50.80302429199219
2025-08-22,52.32612228393555
2025-08-25,51.86968994140625
2025-08-26,52.28642654418945
2025-08-27,52.52457046508789
2025-08-28,52.87681579589844
2025-08-29,52.23185348510742
2025-09-02,51.443023681640625
2025-09-03,51.968910217285156
2025-09-04,52.82720947265625
2025-09-05,52.51960754394531
2025-09-08,52.767669677734375
2025-09-09,53.01076889038086
2025-09-10,53.31340408325195
2025-09-11,54.176658630371094
2025-09-12,54.11216354370117
2025-09-15,54.68766403198242
2025-09-16,54.52394485473633
2025-09-17,54.385032653808594
2025-09-18,54.9010009765625
2025-09-19,55.39216613769531
2025-09-22,55.91804885864258
2025-09-23,55.32766342163086
2025-09-24,54.93407440185547
2025-09-25,54.422203063964844
2025-09-26,55.0185546875
2025-09-29,55.32170104980469
2025-09-30,55.7242431640625
2025-10-01,56.11684036254883
2025-10-02,56.21623229980469
2025-10-03,56.20132064819336
2025-10-06,56.588951110839844
2025-10-07,56.17150115966797
2025-10-08,56.8225212097168
2025-10-09,56.489559173583984
2025-10-10,53.418338775634766
2025-10-13,55.03843688964844
2025-10-14,54.89928436279297
2025-10-15,55.36145782470703
2025-10-16,54.62099075317383
2025-10-17,55.19746017456055
2025-10-20,56.35041046142578
2025-10-21,56.3255615234375
2025-10-22,55.754058837890625
2025-10-23,56.365318298339844
2025-10-24,57.26979064941406
2025-10-27,58.626495361328125
2025-10-28,58.92964172363281
2025-10-29,58.96442794799805
2025-10-30,57.697174072265625
2025-10-31,58.02517318725586
2025-11-03,58.25873947143555
2025-11-04,56.88216018676758
2025-11-05,57.21512222290039
2025-11-06,55.977691650390625
2025-11-07,56.072113037109375
2025-11-10,57.80650329589844
2025-11-11,58.06989669799805
2025-11-12,58.12953186035156
2025-11-13,56.20132064819336
2025-11-14,56.15162658691406
2025-11-17,55.09807205200195
2025-11-18,54.17372131347656
2025-11-19,54.56135177612305
2025-11-20,52.886592864990234
2025-11-21,53.93021011352539
2025-11-24,55.52048873901367
2025-11-25,56.55416488647461
2025-11-26,57.29961013793945
2025-11-28,57.90589904785156
2025-12-01,57.37911605834961
2025-12-02,57.57790756225586
2025-12-03,57.95559310913086
2025-12-04,58.054988861083984
2025-12-05,58.22395324707031
2025-12-08,57.87607955932617
2025-12-09,57.78662872314453
2025-12-10,58.51219177246094
2025-12-11,58.790489196777344
2025-12-12,57.48845291137695
2025-12-15,57.319480895996094
2025-12-16,56.99148941040039
2025-12-17,55.719268798828125
2025-12-18,56.55416488647461
2025-12-19,57.55802536010742
2025-12-22,58.27365493774414
2025-12-23,58.77061080932617
2025-12-24,59.17493438720703
2025-12-26,59.135101318359375
2025-12-29,58.71683120727539
2025-12-30,58.557491302490234
2025-12-31,57.681121826171875
2026-01-02,57.86037826538086
2026-01-05,58.63716125488281
2026-01-06,59.32431411743164
2026-01-07,58.9359245300293
2026-01-08,58.886131286621094
2026-01-09,59.652957916259766
2026-01-12,59.832218170166016
2026-01-13,59.57328414916992
2026-01-14,59.015594482421875
2026-01-15,59.29444122314453
2026-01-16,59.17493438720703
2026-01-20,56.75495910644531
2026-01-21,58.039634704589844
2026-01-22,58.63716125488281
2026-01-23,58.657081604003906
2026-01-26,59.26456069946289
2026-01-27,59.74258804321289
2026-01-28,59.70275115966797
2026-01-29,59.43386459350586
2026-01-30,59.04547119140625
2026-02-02,59.66291427612305
2026-02-03,58.627201080322266
2026-02-04,58.039634704589844
2026-02-05,56.57570266723633
2026-02-06,58.76662826538086
2026-02-09,59.284481048583984
2026-02-10,58.97576141357422
2026-02-11,58.94588088989258
2026-02-12,57.12343215942383
2026-02-13,57.13338851928711
2026-02-17,57.31264877319336
2026-02-18,57.8902587890625
2026-02-19,57.58153533935547
2026-02-20,58.39815139770508
2026-02-23,57.19314193725586
2026-02-24,58.02967834472656
2026-02-25,58.97576141357422
2026-02-26,58.3184814453125
2026-02-27,57.770751953125
2026-03-02,57.79066467285156
2026-03-03,56.76491928100586
2026-03-04,57.57157516479492
2026-03-05,56.924259185791016
2026-03-06,55.39060592651367
2026-03-09,56.3665657043457
2026-03-10,56.137516021728516
2026-03-11,56.018009185791016
2026-03-12,54.285186767578125
2026-03-13,53.65778732299805
2026-03-16,54.72337341308594
2026-03-17,55.022132873535156
2026-03-18,53.50840377807617
2026-03-19,53.19968032836914
2026-03-20,51.6461181640625
2026-03-23,52.7415771484375
2026-03-24,52.37310791015625
2026-03-25,52.93600082397461
2026-03-26,51.05968475341797
2026-03-27,49.28317642211914
2026-03-30,48.963802337646484
2026-03-31,51.77827453613281
2026-04-01,52.5467643737793
2026-04-02,52.63658905029297
2026-04-06,53.11564636230469
2026-04-07,53.14558792114258
2026-04-08,55.8303108215332
2026-04-09,56.47903823852539
2026-04-10,56.3692512512207
2026-04-13,57.467098236083984
2026-04-14,58.874332427978516
2026-04-15,59.78254699707031
2026-04-16,60.0620002746582
2026-04-17,61.49917221069336
2026-04-20,61.249664306640625
2026-04-21,60.46121597290039
2026-04-22,61.65885925292969
2026-04-23,61.18978500366211
2026-04-24,62.088016510009766
2026-04-27,62.297603607177734
2026-04-28,61.6788215637207
2026-04-29,61.66884231567383
2026-04-30,62.8365478515625
2026-05-01,63.18586349487305
2026-05-04,62.73674392700195
2026-05-05,63.70484161376953
2026-05-06,65.48135375976562
2026-05-07,65.05219268798828
2026-05-08,66.09015655517578
2026-05-11,66.37958526611328
2026-05-12,66.19994354248047
2026-05-13,66.92850494384766
2026-05-14,67.96646881103516
2026-05-15,66.29974365234375
2026-05-18,66.17997741699219
2026-05-19,65.32166290283203
2026-05-20,66.6590347290039
2026-05-21,66.89856719970703
2026-05-22,67.37762451171875
2026-05-26,68.25589752197266
2026-05-27,68.24591827392578
2026-05-28,68.9844741821289
2026-05-29,69.30384063720703
2026-06-01,69.64317321777344
2026-06-02,69.83280181884766
2026-06-03,68.85472106933594
2026-06-04,69.33378601074219
2026-06-05,65.7308578491211
2026-06-08,66.04025268554688
2026-06-09,65.66099548339844
2026-06-10,63.5451545715332
2026-06-11,65.70092010498047
2026-06-12,66.37958526611328
2026-06-15,68.68505859375
2026-06-16,67.90658569335938
2026-06-17,66.21990203857422
2026-06-18,67.47743225097656
2026-06-22,67.06822967529297
2026-06-23,65.1520004272461
2026-06-24,65.05999755859375
2026-06-25,65.05000305175781
2026-06-26,64.41999816894531
2026-06-29,66.3499984741211
2026-06-30,67.37999725341797
2026-07-01,67.20999908447266
2026-07-02,67.0
2026-07-06,68.16000366210938
2026-07-07,67.48999786376953
2026-07-08,67.02999877929688
2026-07-09,68.16999816894531
2026-07-10,68.72000122070312
2026-07-13,67.66999816894531
2026-07-14,68.1500015258789
2026-07-15,68.66000366210938
2026-07-16,67.94999694824219
2026-07-17,66.5199966430664
2026-07-20,66.33000183105469
2026-07-21,67.44000244140625
2026-07-22,67.2699966430664
2026-07-23,65.61000061035156
2026-07-24,65.66999816894531
2026-07-27,65.69999694824219
2026-07-28,65.9800033569336
2026-07-29,64.01000213623047
2026-07-30,66.0999984741211
2026-07-31,66.98999786376953
2026-08-03,68.94000244140625
2026-08-04,71.38999938964844
2026-08-05,71.12000274658203
2026-08-06,70.87999725341797
2026-08-07,71.68000030517578
2026-08-10,71.66000366210938
2026-08-11,71.16000366210938
2026-08-12,71.54000091552734
2026-08-13,72.5199966430664
2026-08-14,72.19999694824219
2026-08-17,71.5
2026-08-18,70.52999877929688
2026-08-19,70.80999755859375
2026-08-20,69.61000061035156
2026-08-21,70.1500015258789
2026-08-24,69.7300033569336
2026-08-25,70.1500015258789
2026-08-26,70.16000366210938
2026-08-27,71.06999969482422
2026-08-28,70.73999786376953
2026-08-31,70.29000091552734
2026-09-01,69.30999755859375
2026-09-02,69.93000030517578
2026-09-03,71.37000274658203
2026-09-04,70.80000305175781
2026-09-08,70.01000213623047
2026-09-09,69.3499984741211
2026-09-10,68.5
2026-09-11,69.62999725341797
2026-09-14,68.98999786376953
2026-09-15,68.37999725341797
2026-09-16,67.7699966430664
2026-09-17,69.29000091552734
2026-09-18,69.38999938964844
2026-09-21,71.55000305175781
2026-09-22,
