Date,DFSVX
1993-02-26,1.5864261388778687
1993-03-01,1.5864261388778687
1993-03-02,1.5864261388778687
1993-03-03,1.5864261388778687
1993-03-04,1.5848397016525269
1993-03-05,1.5784940719604492
1993-03-08,1.583253264427185
1993-03-09,1.5864261388778687
1993-03-10,1.5895990133285522
1993-03-11,1.5927717685699463
1993-03-12,1.5864261388778687
1993-03-15,1.5864261388778687
1993-03-16,1.5848397016525269
1993-03-17,1.5784940719604492
1993-03-18,1.583253264427185
1993-03-19,1.5800801515579224
1993-03-22,1.5753209590911865
1993-03-23,1.5737351179122925
1993-03-24,1.568975567817688
1993-03-25,1.5721479654312134
1993-03-26,1.5721479654312134
1993-03-29,1.568975567817688
1993-03-30,1.5642157793045044
1993-03-31,1.5737351179122925
1993-04-01,1.5769069194793701
1993-04-02,1.5658020973205566
1993-04-05,1.5626293420791626
1993-04-06,1.5562840700149536
1993-04-07,1.5562840700149536
1993-04-08,1.5562840700149536
1993-04-12,1.5642157793045044
1993-04-13,1.5721479654312134
1993-04-14,1.5737351179122925
1993-04-15,1.5753209590911865
1993-04-16,1.5784940719604492
1993-04-19,1.5737351179122925
1993-04-20,1.5642157793045044
1993-04-21,1.5594573020935059
1993-04-22,1.5562840700149536
1993-04-23,1.5499380826950073
1993-04-26,1.5261417627334595
1993-04-27,1.5213823318481445
1993-04-28,1.5293148756027222
1993-04-29,1.527727723121643
1993-04-30,1.540419340133667
1993-05-03,1.5451788902282715
1993-05-04,1.551524043083191
1993-05-05,1.5562840700149536
1993-05-06,1.5562840700149536
1993-05-07,1.5594573020935059
1993-05-10,1.5578709840774536
1993-05-11,1.5626293420791626
1993-05-12,1.568975567817688
1993-05-13,1.5642157793045044
1993-05-14,1.5626293420791626
1993-05-17,1.5610431432724
1993-05-18,1.5610431432724
1993-05-19,1.5626293420791626
1993-05-20,1.568975567817688
1993-05-21,1.5705618858337402
1993-05-24,1.567388892173767
1993-05-25,1.5705618858337402
1993-05-26,1.5769069194793701
1993-05-27,1.583253264427185
1993-05-28,1.5816664695739746
1993-06-01,1.583253264427185
1993-06-02,1.5895990133285522
1993-06-03,1.5911858081817627
1993-06-04,1.588012933731079
1993-06-07,1.583253264427185
1993-06-08,1.5737351179122925
1993-06-09,1.5737351179122925
1993-06-10,1.5721479654312134
1993-06-11,1.5769069194793701
1993-06-14,1.5784940719604492
1993-06-15,1.5784940719604492
1993-06-16,1.5800801515579224
1993-06-17,1.5769069194793701
1993-06-18,1.5705618858337402
1993-06-21,1.5658020973205566
1993-06-22,1.5626293420791626
1993-06-23,1.5610431432724
1993-06-24,1.5626293420791626
1993-06-25,1.5658020973205566
1993-06-28,1.5737351179122925
1993-06-29,1.5753209590911865
1993-06-30,1.5816664695739746
1993-07-01,1.5895990133285522
1993-07-02,1.5911858081817627
1993-07-06,1.5943580865859985
1993-07-07,1.5975313186645508
1993-07-08,1.6054627895355225
1993-07-09,1.6118086576461792
1993-07-12,1.614981770515442
1993-07-13,1.621327519416809
1993-07-14,1.6308457851409912
1993-07-15,1.6308457851409912
1993-07-16,1.6308457851409912
1993-07-19,1.6245001554489136
1993-07-20,1.6229132413864136
1993-07-21,1.6229132413864136
1993-07-22,1.6181541681289673
1993-07-23,1.6229132413864136
1993-07-26,1.6308457851409912
1993-07-27,1.6276729106903076
1993-07-28,1.629259705543518
1993-07-29,1.6308457851409912
1993-07-30,1.629259705543518
1993-08-02,1.6387789249420166
1993-08-03,1.6403640508651733
1993-08-04,1.641951084136963
1993-08-05,1.6403640508651733
1993-08-06,1.641951084136963
1993-08-09,1.641951084136963
1993-08-10,1.6451236009597778
1993-08-11,1.653056263923645
1993-08-12,1.6514701843261719
1993-08-13,1.649882435798645
1993-08-16,1.6514701843261719
1993-08-17,1.653056263923645
1993-08-18,1.6562286615371704
1993-08-19,1.654643177986145
1993-08-20,1.6594020128250122
1993-08-23,1.6578150987625122
1993-08-24,1.6641610860824585
1993-08-25,1.6673338413238525
1993-08-26,1.6689198017120361
1993-08-27,1.6705060005187988
1993-08-30,1.6752654314041138
1993-08-31,1.6816108226776123
1993-09-01,1.6863707304000854
1993-09-02,1.6927167177200317
1993-09-03,1.6974761486053467
1993-09-07,1.6879574060440063
1993-09-08,1.6705060005187988
1993-09-09,1.6800246238708496
1993-09-10,1.691130518913269
1993-09-13,1.6943023204803467
1993-09-14,1.6863707304000854
1993-09-15,1.6863707304000854
1993-09-16,1.691130518913269
1993-09-17,1.6927167177200317
1993-09-20,1.6974761486053467
1993-09-21,1.6863707304000854
1993-09-22,1.6974761486053467
1993-09-23,1.7022353410720825
1993-09-24,1.7101672887802124
1993-09-27,1.721272587776184
1993-09-28,1.7276191711425781
1993-09-29,1.730790376663208
1993-09-30,1.740309476852417
1993-10-01,1.7434816360473633
1993-10-04,1.745068907737732
1993-10-05,1.746654987335205
1993-10-06,1.7545870542526245
1993-10-07,1.7545870542526245
1993-10-08,1.7545870542526245
1993-10-11,1.7593458890914917
1993-10-12,1.7625192403793335
1993-10-13,1.7736245393753052
1993-10-14,1.7767975330352783
1993-10-15,1.784729242324829
1993-10-18,1.784729242324829
1993-10-19,1.7752103805541992
1993-10-20,1.7767975330352783
1993-10-21,1.7752103805541992
1993-10-22,1.7815561294555664
1993-10-25,1.7831435203552246
1993-10-26,1.7767975330352783
1993-10-27,1.7815561294555664
1993-10-28,1.787901759147644
1993-10-29,1.7990062236785889
1993-11-01,1.8005934953689575
1993-11-02,1.7990062236785889
1993-11-03,1.784729242324829
1993-11-04,1.7656916379928589
1993-11-05,1.7545870542526245
1993-11-08,1.7641056776046753
1993-11-09,1.7688652276992798
1993-11-10,1.7815561294555664
1993-11-11,1.784729242324829
1993-11-12,1.791075348854065
1993-11-15,1.7894878387451172
1993-11-16,1.7862871885299683
1993-11-17,1.7766832113265991
1993-11-18,1.7686799764633179
1993-11-19,1.765479564666748
1993-11-22,1.746272087097168
1993-11-23,1.7510744333267212
1993-11-24,1.759076476097107
1993-11-26,1.7622779607772827
1993-11-29,1.765479564666748
1993-11-30,1.7670795917510986
1993-12-01,1.773482084274292
1993-12-02,1.7782841920852661
1993-12-03,1.7814850807189941
1993-12-06,1.7814850807189941
1993-12-07,1.7814850807189941
1993-12-08,1.779884934425354
1993-12-09,1.7766832113265991
1993-12-10,1.773482084274292
1993-12-13,1.773482084274292
1993-12-14,1.7622779607772827
1993-12-15,1.757462978363037
1993-12-16,1.7590683698654175
1993-12-17,1.7703033685684204
1993-12-20,1.7654883861541748
1993-12-21,1.7606728076934814
1993-12-22,1.7606728076934814
1993-12-23,1.7670925855636597
1993-12-27,1.7703033685684204
1993-12-28,1.77672278881073
1993-12-29,1.787958025932312
1993-12-30,1.789563536643982
1993-12-31,1.8024026155471802
1994-01-03,1.799193024635315
1994-01-04,1.805612564086914
1994-01-05,1.8120325803756714
1994-01-06,1.815242886543274
1994-01-07,1.826476812362671
1994-01-10,1.8328975439071655
1994-01-11,1.8328975439071655
1994-01-12,1.8361082077026367
1994-01-13,1.8393176794052124
1994-01-14,1.8521583080291748
1994-01-17,1.858577013015747
1994-01-18,1.8633925914764404
1994-01-19,1.8633925914764404
1994-01-20,1.8714181184768677
1994-01-21,1.8762332201004028
1994-01-24,1.8762332201004028
1994-01-25,1.8682063817977905
1994-01-26,1.8714181184768677
1994-01-27,1.8762332201004028
1994-01-28,1.8842569589614868
1994-01-31,1.895492672920227
1994-02-01,1.8922826051712036
1994-02-02,1.9019126892089844
1994-02-03,1.9035170078277588
1994-02-04,1.8730218410491943
1994-02-07,1.8666025400161743
1994-02-08,1.8810471296310425
1994-02-09,1.8906774520874023
1994-02-10,1.8842569589614868
1994-02-11,1.8826520442962646
1994-02-14,1.8826520442962646
1994-02-15,1.8842569589614868
1994-02-16,1.8922826051712036
1994-02-17,1.8906774520874023
1994-02-18,1.8874669075012207
1994-02-22,1.8906774520874023
1994-02-23,1.8922826051712036
1994-02-24,1.8762332201004028
1994-02-25,1.8778376579284668
1994-02-28,1.8890714645385742
1994-03-01,1.8810471296310425
1994-03-02,1.8746263980865479
1994-03-03,1.8730218410491943
1994-03-04,1.8778376579284668
1994-03-07,1.8906774520874023
1994-03-08,1.8938871622085571
1994-03-09,1.895492672920227
1994-03-10,1.8922826051712036
1994-03-11,1.8938871622085571
1994-03-14,1.9035170078277588
1994-03-15,1.9067264795303345
1994-03-16,1.9195672273635864
1994-03-17,1.917961835861206
1994-03-18,1.9259876012802124
1994-03-21,1.9195672273635864
1994-03-22,1.9259876012802124
1994-03-23,1.9324074983596802
1994-03-24,1.9195672273635864
1994-03-25,1.9195672273635864
1994-03-28,1.9019126892089844
1994-03-29,1.8746263980865479
1994-03-30,1.8425261974334717
1994-03-31,1.826476812362671
1994-04-04,1.7943788766860962
1994-04-05,1.8280829191207886
1994-04-06,1.8328975439071655
1994-04-07,1.8441319465637207
1994-04-08,1.8409230709075928
1994-04-11,1.8441319465637207
1994-04-12,1.8377121686935425
1994-04-13,1.8280829191207886
1994-04-14,1.8280829191207886
1994-04-15,1.8312928676605225
1994-04-18,1.8200565576553345
1994-04-19,1.807218313217163
1994-04-20,1.7959827184677124
1994-04-21,1.805612564086914
1994-04-22,1.8120325803756714
1994-04-25,1.8232671022415161
1994-04-26,1.8312928676605225
1994-04-28,1.8361082077026367
1994-04-29,1.8393176794052124
1994-05-02,1.8489468097686768
1994-05-03,1.8473424911499023
1994-05-04,1.850551962852478
1994-05-05,1.8553669452667236
1994-05-06,1.8457369804382324
1994-05-09,1.8312928676605225
1994-05-10,1.8361082077026367
1994-05-11,1.8232671022415161
1994-05-12,1.826476812362671
1994-05-13,1.8248724937438965
1994-05-16,1.8184523582458496
1994-05-17,1.815242886543274
1994-05-18,1.8280829191207886
1994-05-19,1.8377121686935425
1994-05-20,1.8377121686935425
1994-05-23,1.8345026969909668
1994-05-24,1.8345026969909668
1994-05-25,1.8393176794052124
1994-05-26,1.8457369804382324
1994-05-27,1.8473424911499023
1994-05-31,1.8441319465637207
1994-06-01,1.8457369804382324
1994-06-02,1.8553669452667236
1994-06-03,1.858577013015747
1994-06-06,1.8633925914764404
1994-06-07,1.8617879152297974
1994-06-08,1.860182762145996
1994-06-09,1.860182762145996
1994-06-10,1.8666025400161743
1994-06-13,1.8649977445602417
1994-06-14,1.8714181184768677
1994-06-15,1.8730218410491943
1994-06-16,1.8778376579284668
1994-06-17,1.8714181184768677
1994-06-20,1.8553669452667236
1994-06-21,1.8409230709075928
1994-06-22,1.8473424911499023
1994-06-23,1.8345026969909668
1994-06-24,1.8136383295059204
1994-06-27,1.8120325803756714
1994-06-28,1.8040083646774292
1994-06-29,1.8120325803756714
1994-06-30,1.8104268312454224
1994-07-01,1.8184523582458496
1994-07-05,1.8200565576553345
1994-07-06,1.8216627836227417
1994-07-07,1.826476812362671
1994-07-08,1.8200565576553345
1994-07-11,1.8184523582458496
1994-07-12,1.8168470859527588
1994-07-13,1.8232671022415161
1994-07-14,1.8345026969909668
1994-07-15,1.8409230709075928
1994-07-18,1.8377121686935425
1994-07-19,1.8393176794052124
1994-07-20,1.8328975439071655
1994-07-21,1.8345026969909668
1994-07-22,1.8361082077026367
1994-07-25,1.8361082077026367
1994-07-26,1.8361082077026367
1994-07-27,1.8328975439071655
1994-07-28,1.8345026969909668
1994-07-29,1.8409230709075928
1994-08-01,1.8457369804382324
1994-08-02,1.8473424911499023
1994-08-03,1.8521583080291748
1994-08-04,1.850551962852478
1994-08-05,1.8457369804382324
1994-08-08,1.8473424911499023
1994-08-09,1.8457369804382324
1994-08-10,1.8521583080291748
1994-08-11,1.8489468097686768
1994-08-12,1.8553669452667236
1994-08-15,1.858577013015747
1994-08-16,1.858577013015747
1994-08-17,1.8617879152297974
1994-08-18,1.8633925914764404
1994-08-19,1.8682063817977905
1994-08-22,1.8633925914764404
1994-08-23,1.8714181184768677
1994-08-24,1.8810471296310425
1994-08-25,1.8826520442962646
1994-08-26,1.8890714645385742
1994-08-29,1.8906774520874023
1994-08-30,1.8987019062042236
1994-08-31,1.9035170078277588
1994-09-01,1.900307059288025
1994-09-02,1.9035170078277588
1994-09-06,1.9019126892089844
1994-09-07,1.9067264795303345
1994-09-08,1.91475248336792
1994-09-09,1.9067264795303345
1994-09-12,1.9019126892089844
1994-09-13,1.9083315134048462
1994-09-14,1.91475248336792
1994-09-15,1.929196834564209
1994-09-16,1.9275916814804077
1994-09-19,1.9259876012802124
1994-09-20,1.9083315134048462
1994-09-21,1.8987019062042236
1994-09-22,1.900307059288025
1994-09-23,1.8970967531204224
1994-09-26,1.8890714645385742
1994-09-27,1.885862112045288
1994-09-28,1.8922826051712036
1994-09-29,1.8874669075012207
1994-09-30,1.8970967531204224
1994-10-03,1.8922826051712036
1994-10-04,1.8746263980865479
1994-10-05,1.8569730520248413
1994-10-06,1.860182762145996
1994-10-07,1.8633925914764404
1994-10-10,1.8698132038116455
1994-10-11,1.8762332201004028
1994-10-12,1.8778376579284668
1994-10-13,1.8826520442962646
1994-10-14,1.8794419765472412
1994-10-17,1.8826520442962646
1994-10-18,1.8762332201004028
1994-10-19,1.8810471296310425
1994-10-20,1.8762332201004028
1994-10-21,1.8762332201004028
1994-10-24,1.8649977445602417
1994-10-25,1.8553669452667236
1994-10-26,1.8537622690200806
1994-10-27,1.858577013015747
1994-10-28,1.8698132038116455
1994-10-31,1.8698132038116455
1994-11-01,1.858577013015747
1994-11-02,1.8617879152297974
1994-11-03,1.8633925914764404
1994-11-04,1.8569730520248413
1994-11-07,1.850551962852478
1994-11-08,1.8537622690200806
1994-11-09,1.850551962852478
1994-11-10,1.8457369804382324
1994-11-11,1.8377121686935425
1994-11-14,1.8409230709075928
1994-11-15,1.8393176794052124
1994-11-16,1.8377121686935425
1994-11-17,1.8296877145767212
1994-11-18,1.8280829191207886
1994-11-21,1.8200565576553345
1994-11-22,1.7959827184677124
1994-11-23,1.7847479581832886
1994-11-25,1.7927730083465576
1994-11-28,1.7927730083465576
1994-11-29,1.7992621660232544
1994-11-30,1.8057529926300049
1994-12-01,1.7943952083587646
1994-12-02,1.7960188388824463
1994-12-05,1.7960188388824463
1994-12-06,1.7879055738449097
1994-12-07,1.7781715393066406
1994-12-08,1.752212643623352
1994-12-09,1.745722770690918
1994-12-12,1.7441006898880005
1994-12-13,1.7441006898880005
1994-12-14,1.7538341283798218
1994-12-15,1.7716816663742065
1994-12-16,1.779793381690979
1994-12-19,1.7781715393066406
1994-12-20,1.7781715393066406
1994-12-21,1.7911514043807983
1994-12-22,1.7943952083587646
1994-12-23,1.7992621660232544
1994-12-27,1.8041300773620605
1994-12-28,1.7986063957214355
1994-12-29,1.8034802675247192
1994-12-30,1.824601411819458
1995-01-03,1.8197274208068848
1995-01-04,1.824601411819458
1995-01-05,1.8294756412506104
1995-01-06,1.8343513011932373
1995-01-09,1.8408480882644653
1995-01-10,1.8424739837646484
1995-01-11,1.837599515914917
1995-01-12,1.837599515914917
1995-01-13,1.8489731550216675
1995-01-16,1.857096552848816
1995-01-17,1.8619709014892578
1995-01-18,1.8603460788726807
1995-01-19,1.853847622871399
1995-01-20,1.8457233905792236
1995-01-23,1.837599515914917
1995-01-24,1.8440980911254883
1995-01-25,1.8457233905792236
1995-01-26,1.8440980911254883
1995-01-27,1.8489731550216675
1995-01-30,1.839224100112915
1995-01-31,1.8424739837646484
1995-02-01,1.8457233905792236
1995-02-02,1.8489731550216675
1995-02-03,1.8619709014892578
1995-02-06,1.870095133781433
1995-02-07,1.8749690055847168
1995-02-08,1.8798434734344482
1995-02-09,1.8847178220748901
1995-02-10,1.8912166357040405
1995-02-13,1.8944659233093262
1995-02-14,1.8928418159484863
1995-02-15,1.9009654521942139
1995-02-16,1.8944659233093262
1995-02-17,1.8912166357040405
1995-02-21,1.8895920515060425
1995-02-22,1.8944659233093262
1995-02-23,1.9009654521942139
1995-02-24,1.9042147397994995
1995-02-27,1.8944659233093262
1995-02-28,1.9074627161026
1995-03-01,1.905839443206787
1995-03-02,1.905839443206787
1995-03-03,1.9090895652770996
1995-03-06,1.9042147397994995
1995-03-07,1.8895920515060425
1995-03-08,1.8912166357040405
1995-03-09,1.8895920515060425
1995-03-10,1.8960914611816406
1995-03-13,1.8977159261703491
1995-03-14,1.9042147397994995
1995-03-15,1.905839443206787
1995-03-16,1.910713791847229
1995-03-17,1.9042147397994995
1995-03-20,1.905839443206787
1995-03-21,1.9009654521942139
1995-03-22,1.8960914611816406
1995-03-23,1.8960914611816406
1995-03-24,1.905839443206787
1995-03-27,1.9123384952545166
1995-03-28,1.9172130823135376
1995-03-29,1.9188376665115356
1995-03-30,1.9253360033035278
1995-03-31,1.9302116632461548
1995-04-03,1.935085654258728
1995-04-04,1.939958930015564
1995-04-05,1.9415843486785889
1995-04-06,1.9513331651687622
1995-04-07,1.948083758354187
1995-04-10,1.9545817375183105
1995-04-11,1.9578325748443604
1995-04-12,1.9610815048217773
1995-04-13,1.969205379486084
1995-04-17,1.9724552631378174
1995-04-18,1.967579960823059
1995-04-19,1.9610815048217773
1995-04-20,1.9659560918807983
1995-04-21,1.9724552631378174
1995-04-24,1.9805785417556763
1995-04-25,1.9887020587921143
1995-04-26,1.9935766458511353
1995-04-27,1.9968266487121582
1995-04-28,1.998451590538025
1995-05-01,1.998451590538025
1995-05-02,1.9968266487121582
1995-05-03,2.000075578689575
1995-05-04,1.9968266487121582
1995-05-05,1.9952014684677124
1995-05-08,2.009824752807617
1995-05-09,2.0130743980407715
1995-05-10,2.0179476737976074
1995-05-11,2.0276951789855957
1995-05-12,2.0358195304870605
1995-05-15,2.040694236755371
1995-05-16,2.0488181114196777
1995-05-17,2.0536928176879883
1995-05-18,2.0439443588256836
1995-05-19,2.040694236755371
1995-05-22,2.052067518234253
1995-05-23,2.0634407997131348
1995-05-24,2.06506609916687
1995-05-25,2.0618162155151367
1995-05-26,2.0553181171417236
1995-05-30,2.0455679893493652
1995-05-31,2.0536928176879883
1995-06-01,2.0618162155151367
1995-06-02,2.0683157444000244
1995-06-05,2.078063488006592
1995-06-06,2.082937717437744
1995-06-07,2.082937717437744
1995-06-08,2.091062307357788
1995-06-09,2.086188554763794
1995-06-12,2.094311475753784
1995-06-13,2.1024343967437744
1995-06-14,2.104060649871826
1995-06-15,2.115433692932129
1995-06-16,2.120307683944702
1995-06-19,2.12355637550354
1995-06-20,2.1219322681427
1995-06-21,2.12355637550354
1995-06-22,2.1333060264587402
1995-06-23,2.130056142807007
1995-06-26,2.1186821460723877
1995-06-27,2.115433692932129
1995-06-28,2.1138081550598145
1995-06-29,2.1170573234558105
1995-06-30,2.134929895401001
1995-07-03,2.1381797790527344
1995-07-05,2.146303176879883
1995-07-06,2.1609268188476562
1995-07-07,2.180424451828003
1995-07-10,2.1950466632843018
1995-07-11,2.1982955932617188
1995-07-12,2.2145426273345947
1995-07-13,2.2210428714752197
1995-07-14,2.2210428714752197
1995-07-17,2.232415199279785
1995-07-18,2.2226669788360596
1995-07-19,2.1787989139556885
1995-07-20,2.1934218406677246
1995-07-21,2.199920654296875
1995-07-24,2.212918519973755
1995-07-25,2.2210428714752197
1995-07-26,2.2275407314300537
1995-07-27,2.2437891960144043
1995-07-28,2.245413303375244
1995-07-31,2.2502880096435547
1995-08-01,2.245413303375244
1995-08-02,2.2470386028289795
1995-08-03,2.242164134979248
1995-08-04,2.2470386028289795
1995-08-07,2.251913070678711
1995-08-08,2.253537893295288
1995-08-09,2.2616612911224365
1995-08-10,2.263286828994751
1995-08-11,2.2616612911224365
1995-08-14,2.2681612968444824
1995-08-15,2.274660587310791
1995-08-16,2.28603196144104
1995-08-17,2.294156074523926
1995-08-18,2.3006553649902344
1995-08-21,2.308778762817383
1995-08-22,2.307155132293701
1995-08-23,2.307155132293701
1995-08-24,2.3022806644439697
1995-08-25,2.305530309677124
1995-08-28,2.3022806644439697
1995-08-29,2.294156074523926
1995-08-30,2.307155132293701
1995-08-31,2.321777105331421
1995-09-01,2.3282768726348877
1995-09-05,2.3396501541137695
1995-09-06,2.352647304534912
1995-09-07,2.360771656036377
1995-09-08,2.378643751144409
1995-09-11,2.38026762008667
1995-09-12,2.3818933963775635
1995-09-13,2.3835179805755615
1995-09-14,2.3867669105529785
1995-09-15,2.3818933963775635
1995-09-18,2.372144937515259
1995-09-19,2.372144937515259
1995-09-20,2.378643751144409
1995-09-21,2.37052059173584
1995-09-22,2.359145402908325
1995-09-25,2.352647304534912
1995-09-26,2.347773313522339
1995-09-27,2.3266513347625732
1995-09-28,2.3380250930786133
1995-09-29,2.3510234355926514
1995-10-02,2.3380250930786133
1995-10-03,2.321777105331421
1995-10-04,2.305530309677124
1995-10-05,2.3022806644439697
1995-10-06,2.305530309677124
1995-10-09,2.277909517288208
1995-10-10,2.2616612911224365
1995-10-11,2.277909517288208
1995-10-12,2.2909064292907715
1995-10-13,2.3006553649902344
1995-10-16,2.2974061965942383
1995-10-17,2.299030065536499
1995-10-18,2.3022806644439697
1995-10-19,2.299030065536499
1995-10-20,2.2909064292907715
1995-10-23,2.2795348167419434
1995-10-24,2.277909517288208
1995-10-25,2.2567877769470215
1995-10-26,2.2275407314300537
1995-10-27,2.2307915687561035
1995-10-30,2.2372896671295166
1995-10-31,2.2356653213500977
1995-11-01,2.240539312362671
1995-11-02,2.258411407470703
1995-11-03,2.274660587310791
1995-11-06,2.274660587310791
1995-11-07,2.2714102268218994
1995-11-08,2.281157970428467
1995-11-09,2.2909064292907715
1995-11-10,2.292532205581665
1995-11-13,2.2909064292907715
1995-11-14,2.281157970428467
1995-11-15,2.282782793045044
1995-11-16,2.28928279876709
1995-11-17,2.2974061965942383
1995-11-20,2.295781373977661
1995-11-21,2.2909064292907715
1995-11-22,2.294156074523926
1995-11-24,2.299030065536499
1995-11-27,2.302337169647217
1995-11-28,2.308948278427124
1995-11-29,2.3155581951141357
1995-11-30,2.3188655376434326
1995-12-01,2.328781843185425
1995-12-04,2.34035062789917
1995-12-05,2.3453094959259033
1995-12-06,2.34861421585083
1995-12-07,2.343656539916992
1995-12-08,2.3453094959259033
1995-12-11,2.3469624519348145
1995-12-12,2.342003583908081
1995-12-13,2.3469624519348145
1995-12-14,2.3469624519348145
1995-12-15,2.3386971950531006
1995-12-18,2.297377586364746
1995-12-19,2.303989887237549
1995-12-20,2.3172121047973633
1995-12-21,2.3304336071014404
1995-12-22,2.343656539916992
1995-12-26,2.343656539916992
1995-12-27,2.347309112548828
1995-12-28,2.348968744277954
1995-12-29,2.358928918838501
1996-01-02,2.3688883781433105
1996-01-03,2.372209072113037
1996-01-04,2.348968744277954
1996-01-05,2.347309112548828
1996-01-08,2.3556079864501953
1996-01-09,2.3340277671813965
1996-01-10,2.304147243499756
1996-01-11,2.314107656478882
1996-01-12,2.310786008834839
1996-01-15,2.2975070476531982
1996-01-16,2.2892067432403564
1996-01-17,2.2892067432403564
1996-01-18,2.2975070476531982
1996-01-19,2.2991671562194824
1996-01-22,2.307466983795166
1996-01-23,2.310786008834839
1996-01-24,2.3257272243499756
1996-01-25,2.327388286590576
1996-01-26,2.327388286590576
1996-01-29,2.33070707321167
1996-01-30,2.3423280715942383
1996-01-31,2.35062837600708
1996-02-01,2.358928918838501
1996-02-02,2.358928918838501
1996-02-05,2.362248659133911
1996-02-06,2.3705503940582275
1996-02-07,2.3705503940582275
1996-02-08,2.3805088996887207
1996-02-09,2.3838281631469727
1996-02-12,2.3854894638061523
1996-02-13,2.3771896362304688
1996-02-14,2.382168769836426
1996-02-15,2.382168769836426
1996-02-16,2.3871493339538574
1996-02-20,2.3705503940582275
1996-02-21,2.3838281631469727
1996-02-22,2.4004294872283936
1996-02-23,2.403749465942383
1996-02-26,2.402090072631836
1996-02-27,2.3987693786621094
1996-02-28,2.402090072631836
1996-02-29,2.402090072631836
1996-03-01,2.4054110050201416
1996-03-04,2.4186909198760986
1996-03-05,2.423671245574951
1996-03-06,2.4303104877471924
1996-03-07,2.4303104877471924
1996-03-08,2.3771896362304688
1996-03-11,2.3888094425201416
1996-03-12,2.3854894638061523
1996-03-13,2.403749465942383
1996-03-14,2.417030096054077
1996-03-15,2.4203500747680664
1996-03-18,2.435290575027466
1996-03-19,2.4402709007263184
1996-03-20,2.4386110305786133
1996-03-21,2.4419310092926025
1996-03-22,2.4469106197357178
1996-03-25,2.4435911178588867
1996-03-26,2.4419310092926025
1996-03-27,2.4469106197357178
1996-03-28,2.4502315521240234
1996-03-29,2.468491554260254
1996-04-01,2.478452205657959
1996-04-02,2.4867517948150635
1996-04-03,2.4950520992279053
1996-04-04,2.500032663345337
1996-04-08,2.47347092628479
1996-04-09,2.488412380218506
1996-04-10,2.483431816101074
1996-04-11,2.481771945953369
1996-04-12,2.4950520992279053
1996-04-15,2.5066730976104736
1996-04-16,2.5149736404418945
1996-04-17,2.5133144855499268
1996-04-18,2.5249335765838623
1996-04-19,2.536553382873535
1996-04-22,2.5448548793792725
1996-04-23,2.5548148155212402
1996-04-24,2.5597951412200928
1996-04-25,2.5697550773620605
1996-04-26,2.584696054458618
1996-04-29,2.591334342956543
1996-04-30,2.596315383911133
1996-05-01,2.60959529876709
1996-05-02,2.589674949645996
1996-05-03,2.597975015640259
1996-05-06,2.599634885787964
1996-05-07,2.589674949645996
1996-05-08,2.5797159671783447
1996-05-09,2.599634885787964
1996-05-10,2.619555711746216
1996-05-13,2.6311776638031006
1996-05-14,2.651097297668457
1996-05-15,2.6577377319335938
1996-05-16,2.6643779277801514
1996-05-17,2.6776576042175293
1996-05-20,2.687619209289551
1996-05-21,2.6909384727478027
1996-05-22,2.6975769996643066
1996-05-23,2.6992385387420654
1996-05-24,2.705878973007202
1996-05-28,2.6925981044769287
1996-05-29,2.6809773445129395
1996-05-30,2.6892783641815186
1996-05-31,2.6975769996643066
1996-06-03,2.6992385387420654
1996-06-04,2.707538604736328
1996-06-05,2.717498779296875
1996-06-06,2.710858106613159
1996-06-07,2.6925981044769287
1996-06-10,2.695917844772339
1996-06-11,2.6975769996643066
1996-06-12,2.700899124145508
1996-06-13,2.695917844772339
1996-06-14,2.684298276901245
1996-06-17,2.6776576042175293
1996-06-18,2.662717342376709
1996-06-19,2.6527562141418457
1996-06-20,2.6311776638031006
1996-06-21,2.636157512664795
1996-06-24,2.642796516418457
1996-06-25,2.629516124725342
1996-06-26,2.6129150390625
1996-06-27,2.6129150390625
1996-06-28,2.6411354541778564
1996-07-01,2.6577377319335938
1996-07-02,2.6577377319335938
1996-07-03,2.6527562141418457
1996-07-05,2.6245365142822266
1996-07-08,2.604616165161133
1996-07-09,2.6029553413391113
1996-07-10,2.5830345153808594
1996-07-11,2.536553382873535
1996-07-12,2.5299136638641357
1996-07-15,2.483431816101074
1996-07-16,2.4469106197357178
1996-07-17,2.488412380218506
1996-07-18,2.5133144855499268
1996-07-19,2.5083329677581787
1996-07-22,2.4900729656219482
1996-07-23,2.4618518352508545
1996-07-24,2.42533016204834
1996-07-25,2.4435911178588867
1996-07-26,2.4618518352508545
1996-07-29,2.4585306644439697
1996-07-30,2.4618518352508545
1996-07-31,2.4767913818359375
1996-08-01,2.4950520992279053
1996-08-02,2.5182931423187256
1996-08-05,2.521613121032715
1996-08-06,2.523272752761841
1996-08-07,2.5332343578338623
1996-08-08,2.5332343578338623
1996-08-09,2.536553382873535
1996-08-12,2.538212776184082
1996-08-13,2.5282530784606934
1996-08-14,2.538212776184082
1996-08-15,2.546513319015503
1996-08-16,2.5581343173980713
1996-08-19,2.5614538192749023
1996-08-20,2.5664353370666504
1996-08-21,2.5631136894226074
1996-08-22,2.5730745792388916
1996-08-23,2.5763943195343018
1996-08-26,2.5763943195343018
1996-08-27,2.588015556335449
1996-08-28,2.596315383911133
1996-08-29,2.589674949645996
1996-08-30,2.589674949645996
1996-09-03,2.586355686187744
1996-09-04,2.6012959480285645
1996-09-05,2.592994213104248
1996-09-06,2.60959529876709
1996-09-09,2.6178970336914062
1996-09-10,2.621215343475342
1996-09-11,2.62619686126709
1996-09-12,2.63283634185791
1996-09-13,2.642796516418457
1996-09-16,2.6494364738464355
1996-09-17,2.6477768421173096
1996-09-18,2.6444573402404785
1996-09-19,2.6411354541778564
1996-09-20,2.6527562141418457
1996-09-23,2.6477768421173096
1996-09-24,2.6494364738464355
1996-09-25,2.6577377319335938
1996-09-26,2.6660382747650146
1996-09-27,2.667698383331299
1996-09-30,2.675997495651245
1996-10-01,2.6726772785186768
1996-10-02,2.687619209289551
1996-10-03,2.685957908630371
1996-10-04,2.6975769996643066
1996-10-07,2.700899124145508
1996-10-08,2.6925981044769287
1996-10-09,2.687619209289551
1996-10-10,2.6909384727478027
1996-10-11,2.700899124145508
1996-10-14,2.707538604736328
1996-10-15,2.705878973007202
1996-10-16,2.707538604736328
1996-10-17,2.7141783237457275
1996-10-18,2.7141783237457275
1996-10-21,2.710858106613159
1996-10-22,2.695917844772339
1996-10-23,2.6975769996643066
1996-10-24,2.700899124145508
1996-10-25,2.709198474884033
1996-10-28,2.6942577362060547
1996-10-29,2.687619209289551
1996-10-30,2.687619209289551
1996-10-31,2.695917844772339
1996-11-01,2.6909384727478027
1996-11-04,2.6925981044769287
1996-11-05,2.6975769996643066
1996-11-06,2.7125179767608643
1996-11-07,2.722480535507202
1996-11-08,2.7257986068725586
1996-11-11,2.7357592582702637
1996-11-12,2.7390801906585693
1996-11-13,2.7423996925354004
1996-11-14,2.7540199756622314
1996-11-15,2.7473793029785156
1996-11-18,2.755680799484253
1996-11-19,2.7623214721679688
1996-11-20,2.7673003673553467
1996-11-21,2.7722811698913574
1996-11-22,2.7888801097869873
1996-11-25,2.8054816722869873
1996-11-26,2.800502061843872
1996-11-27,2.8104617595672607
1996-11-29,2.823742628097534
1996-12-02,2.8337011337280273
1996-12-03,2.8469831943511963
1996-12-04,2.8519628047943115
1996-12-05,2.8569421768188477
1996-12-06,2.8303818702697754
1996-12-09,2.8635823726654053
1996-12-10,2.8785240650177
1996-12-11,2.855283260345459
1996-12-12,2.8503031730651855
1996-12-13,2.8386824131011963
1996-12-16,2.817101001739502
1996-12-17,2.817101001739502
1996-12-18,2.837021827697754
1996-12-19,2.8536217212677
1996-12-20,2.8669023513793945
1996-12-23,2.8569421768188477
1996-12-24,2.8602638244628906
1996-12-26,2.8702232837677
1996-12-27,2.877220630645752
1996-12-30,2.872101068496704
1996-12-31,2.8857529163360596
1997-01-02,2.872101068496704
1997-01-03,2.8959922790527344
1997-01-06,2.8976986408233643
1997-01-07,2.9079368114471436
1997-01-08,2.914763927459717
1997-01-09,2.9232969284057617
1997-01-10,2.9301233291625977
1997-01-13,2.9335358142852783
1997-01-14,2.943774461746216
1997-01-15,2.9454822540283203
1997-01-16,2.9454822540283203
1997-01-17,2.950601577758789
1997-01-20,2.957427740097046
1997-01-21,2.9591338634490967
1997-01-22,2.962545871734619
1997-01-23,2.962545871734619
1997-01-24,2.9454822540283203
1997-01-27,2.9318292140960693
1997-01-28,2.940361976623535
1997-01-29,2.942068576812744
1997-01-30,2.9557201862335205
1997-01-31,2.9591338634490967
1997-02-03,2.962545871734619
1997-02-04,2.9591338634490967
1997-02-05,2.9454822540283203
1997-02-06,2.940361976623535
1997-02-07,2.9488937854766846
1997-02-10,2.940361976623535
1997-02-11,2.935242176055908
1997-02-12,2.950601577758789
1997-02-13,2.969374418258667
1997-02-14,2.976198673248291
1997-02-18,2.9881463050842285
1997-02-19,2.9949724674224854
1997-02-20,2.976198673248291
1997-02-21,2.976198673248291
1997-02-24,2.9830267429351807
1997-02-25,2.9915578365325928
1997-02-26,2.9779069423675537
1997-02-27,2.969374418258667
1997-02-28,2.9591338634490967
1997-03-03,2.9591338634490967
1997-03-04,2.971079111099243
1997-03-05,2.984732151031494
1997-03-06,2.984732151031494
1997-03-07,2.9949724674224854
1997-03-10,3.0069172382354736
1997-03-11,3.0171549320220947
1997-03-12,3.0069172382354736
1997-03-13,2.9779069423675537
1997-03-14,2.976198673248291
1997-03-17,2.9608421325683594
1997-03-18,2.952308177947998
1997-03-19,2.9335358142852783
1997-03-20,2.9301233291625977
1997-03-21,2.9318292140960693
1997-03-24,2.9181761741638184
1997-03-25,2.921590805053711
1997-03-26,2.935242176055908
1997-03-27,2.9130570888519287
1997-03-31,2.8806328773498535
1997-04-01,2.872101068496704
1997-04-02,2.8550357818603516
1997-04-03,2.839677095413208
1997-04-04,2.856740951538086
1997-04-07,2.884047031402588
1997-04-08,2.892580032348633
1997-04-09,2.9011120796203613
1997-04-10,2.8976986408233643
1997-04-11,2.856740951538086
1997-04-14,2.8516221046447754
1997-04-15,2.8618619441986084
1997-04-16,2.863567352294922
1997-04-17,2.868687391281128
1997-04-18,2.877220630645752
1997-04-21,2.8516221046447754
1997-04-22,2.8499162197113037
1997-04-23,2.8413829803466797
1997-04-24,2.848210334777832
1997-04-25,2.829437017440796
1997-04-28,2.8311445713043213
1997-04-29,2.8533287048339844
1997-04-30,2.868687391281128
1997-05-01,2.889166831970215
1997-05-02,2.943774461746216
1997-05-05,2.986438751220703
1997-05-06,2.989851951599121
1997-05-07,2.984732151031494
1997-05-08,2.9881463050842285
1997-05-09,2.9983839988708496
1997-05-12,3.0171549320220947
1997-05-13,3.0188615322113037
1997-05-14,3.0273945331573486
1997-05-15,3.0325160026550293
1997-05-16,3.030808925628662
1997-05-19,3.0376336574554443
1997-05-20,3.0478744506835938
1997-05-21,3.056405544281006
1997-05-22,3.075178623199463
1997-05-23,3.1024832725524902
1997-05-27,3.107602596282959
1997-05-28,3.1178414821624756
1997-05-29,3.131492853164673
1997-05-30,3.1400249004364014
1997-06-02,3.160505771636963
1997-06-03,3.1656250953674316
1997-06-04,3.1741578578948975
1997-06-05,3.1878092288970947
1997-06-06,3.1878092288970947
1997-06-09,3.22023344039917
1997-06-10,3.2185275554656982
1997-06-11,3.2270615100860596
1997-06-12,3.2441258430480957
1997-06-13,3.259484052658081
1997-06-16,3.256070137023926
1997-06-17,3.266310691833496
1997-06-18,3.2697243690490723
1997-06-19,3.29361629486084
1997-06-20,3.283374309539795
1997-06-23,3.259484052658081
1997-06-24,3.2902021408081055
1997-06-25,3.2884950637817383
1997-06-26,3.2867894172668457
1997-06-27,3.3089730739593506
1997-06-30,3.336277961730957
1997-07-01,3.3413984775543213
1997-07-02,3.348226308822632
1997-07-03,3.361875534057617
1997-07-07,3.3601698875427246
1997-07-08,3.368704080581665
1997-07-09,3.3669955730438232
1997-07-10,3.380648612976074
1997-07-11,3.402832508087158
1997-07-14,3.4130735397338867
1997-07-15,3.426724910736084
1997-07-16,3.4506163597106934
1997-07-17,3.448911428451538
1997-07-18,3.435255289077759
1997-07-21,3.4198992252349854
1997-07-22,3.4403762817382812
1997-07-23,3.4574434757232666
1997-07-24,3.464268684387207
1997-07-25,3.472801446914673
1997-07-28,3.474508285522461
1997-07-29,3.484745979309082
1997-07-30,3.5171711444854736
1997-07-31,3.5359420776367188
1997-08-01,3.532531499862671
1997-08-04,3.5461814403533936
1997-08-05,3.5649526119232178
1997-08-06,3.5888471603393555
1997-08-07,3.5905518531799316
1997-08-08,3.553009033203125
1997-08-11,3.5478899478912354
1997-08-12,3.5513012409210205
1997-08-13,3.5495946407318115
1997-08-14,3.5513012409210205
1997-08-15,3.530823230743408
1997-08-18,3.5257036685943604
1997-08-19,3.55983304977417
1997-08-20,3.5973777770996094
1997-08-21,3.5871381759643555
1997-08-22,3.5717813968658447
1997-08-25,3.6024975776672363
1997-08-26,3.6093242168426514
1997-08-27,3.636629104614258
1997-08-28,3.645160436630249
1997-08-29,3.6605224609375
1997-09-02,3.6997721195220947
1997-09-03,3.711716413497925
1997-09-04,3.7253692150115967
1997-09-05,3.750966787338257
1997-09-08,3.7782723903656006
1997-09-09,3.803868532180786
1997-09-10,3.8021621704101562
1997-09-11,3.803868532180786
1997-09-12,3.8345868587493896
1997-09-15,3.839707136154175
1997-09-16,3.8721301555633545
1997-09-17,3.8772501945495605
1997-09-18,3.8772501945495605
1997-09-19,3.8789567947387695
1997-09-22,3.887488603591919
1997-09-23,3.8994357585906982
1997-09-24,3.904552698135376
1997-09-25,3.9028501510620117
1997-09-26,3.9182050228118896
1997-09-29,3.9284465312957764
1997-09-30,3.942099094390869
1997-10-01,3.9506301879882812
1997-10-02,3.976229190826416
1997-10-03,3.9932947158813477
1997-10-06,4.005241870880127
1997-10-07,4.01718807220459
1997-10-08,4.015478610992432
1997-10-09,4.027426242828369
1997-10-10,4.0308380126953125
1997-10-13,4.042784690856934
1997-10-14,4.041079998016357
1997-10-15,4.0308380126953125
1997-10-16,3.996708393096924
1997-10-17,3.9301517009735107
1997-10-20,3.9608707427978516
1997-10-21,3.9932947158813477
1997-10-22,3.9932947158813477
1997-10-23,3.9284465312957764
1997-10-24,3.926739454269409
1997-10-27,3.711716413497925
1997-10-28,3.7697389125823975
1997-10-29,3.8124024868011475
1997-10-30,3.7697389125823975
1997-10-31,3.8021621704101562
1997-11-03,3.8635969161987305
1997-11-04,3.8704237937927246
1997-11-05,3.887488603591919
1997-11-06,3.8789567947387695
1997-11-07,3.8192293643951416
1997-11-10,3.8277618885040283
1997-11-11,3.817523956298828
1997-11-12,3.7526729106903076
1997-11-13,3.744140148162842
1997-11-14,3.7646186351776123
1997-11-17,3.8072848320007324
1997-11-18,3.7936315536499023
1997-11-19,3.781684398651123
1997-11-20,3.8106939792633057
1997-11-21,3.803868532180786
1997-11-24,3.7526729106903076
1997-11-25,3.744140148162842
1997-11-26,3.7577924728393555
1997-11-28,3.7697389125823975
1997-12-01,3.797041654586792
1997-12-02,3.788511037826538
1997-12-03,3.788511037826538
1997-12-04,3.790217638015747
1997-12-05,3.8072848320007324
1997-12-08,3.8277618885040283
1997-12-09,3.808990001678467
1997-12-10,3.7714457511901855
1997-12-11,3.7168374061584473
1997-12-12,3.710010290145874
1997-12-15,3.7031824588775635
1997-12-16,3.7151308059692383
1997-12-17,3.720247507095337
1997-12-18,3.6895296573638916
1997-12-19,3.663933277130127
1997-12-22,3.678798198699951
1997-12-23,3.6734259128570557
1997-12-24,3.66805362701416
1997-12-26,3.6698434352874756
1997-12-29,3.6967103481292725
1997-12-30,3.739694356918335
1997-12-31,3.773723840713501
1998-01-02,3.7844700813293457
1998-01-05,3.7898454666137695
1998-01-06,3.766559362411499
1998-01-07,3.739694356918335
1998-01-08,3.716411828994751
1998-01-09,3.6232750415802
1998-01-12,3.601785182952881
1998-01-13,3.637603998184204
1998-01-14,3.66626238822937
1998-01-15,3.6644694805145264
1998-01-16,3.703874111175537
1998-01-20,3.7343223094940186
1998-01-21,3.72178316116333
1998-01-22,3.702082395553589
1998-01-23,3.6877524852752686
1998-01-26,3.671635150909424
1998-01-27,3.675215005874634
1998-01-28,3.7128288745880127
1998-01-29,3.7253639698028564
1998-01-30,3.7271552085876465
1998-02-02,3.746859550476074
1998-02-03,3.773723840713501
1998-02-04,3.7987990379333496
1998-02-05,3.8184995651245117
1998-02-06,3.836411476135254
1998-02-09,3.854321002960205
1998-02-10,3.8847692012786865
1998-02-11,3.890141248703003
1998-02-12,3.899099826812744
1998-02-13,3.913426399230957
1998-02-17,3.920590877532959
1998-02-18,3.9313368797302246
1998-02-19,3.9331271648406982
1998-02-20,3.9367101192474365
1998-02-23,3.951038122177124
1998-02-24,3.951038122177124
1998-02-25,3.977903127670288
1998-02-26,3.997607469558716
1998-02-27,4.008350849151611
1998-03-02,4.017307281494141
1998-03-03,4.022678852081299
1998-03-04,4.028050422668457
1998-03-05,3.990440607070923
1998-03-06,4.042379379272461
1998-03-09,4.035216331481934
1998-03-10,4.054919242858887
1998-03-11,4.071036338806152
1998-03-12,4.074618816375732
1998-03-13,4.087155818939209
1998-03-16,4.108649730682373
1998-03-17,4.110436916351318
1998-03-18,4.117605209350586
1998-03-19,4.133723258972168
1998-03-20,4.133723258972168
1998-03-23,4.119394779205322
1998-03-24,4.144468784332275
1998-03-25,4.144468784332275
1998-03-26,4.153425216674805
1998-03-27,4.157008647918701
1998-03-30,4.148050308227539
1998-03-31,4.1713337898254395
1998-04-01,4.201783180236816
1998-04-02,4.214321136474609
1998-04-03,4.208946704864502
1998-04-06,4.192829132080078
1998-04-07,4.1462602615356445
1998-04-08,4.157008647918701
1998-04-09,4.199992656707764
1998-04-13,4.199992656707764
1998-04-14,4.241186141967773
1998-04-15,4.266260623931885
1998-04-16,4.248349666595459
1998-04-17,4.269842624664307
1998-04-20,4.287752628326416
1998-04-21,4.312828540802002
1998-04-22,4.319991111755371
1998-04-23,4.282378196716309
1998-04-24,4.251932144165039
1998-04-27,4.16417121887207
1998-04-28,4.185664176940918
1998-04-29,4.217902660369873
1998-04-30,4.251932144165039
1998-05-01,4.268051624298096
1998-05-04,4.2752180099487305
1998-05-05,4.25730562210083
1998-05-06,4.244768142700195
1998-05-07,4.230441093444824
1998-05-08,4.241186141967773
1998-05-11,4.234023094177246
1998-05-12,4.2250657081604
1998-05-13,4.2393951416015625
1998-05-14,4.226857662200928
1998-05-15,4.207156658172607
1998-05-18,4.165963649749756
1998-05-19,4.180291652679443
1998-05-20,4.165963649749756
1998-05-21,4.1713337898254395
1998-05-22,4.1462602615356445
1998-05-26,4.094318866729736
1998-05-27,4.0370073318481445
1998-05-28,4.074618816375732
1998-05-29,4.088947772979736
1998-06-01,4.056709289550781
1998-06-02,4.0441718101501465
1998-06-03,4.038797855377197
1998-06-04,4.047754764556885
1998-06-05,4.0638747215271
1998-06-08,4.0728302001953125
1998-06-09,4.0638747215271
1998-06-10,4.028050422668457
1998-06-11,3.977903127670288
1998-06-12,3.9456663131713867
1998-06-15,3.8847692012786865
1998-06-16,3.913426399230957
1998-06-17,3.951038122177124
1998-06-18,3.9241726398468018
1998-06-19,3.911635398864746
1998-06-22,3.927753448486328
1998-06-23,3.9528274536132812
1998-06-24,3.9761130809783936
1998-06-25,3.974320888519287
1998-06-26,3.9814858436584473
1998-06-29,3.990440607070923
1998-06-30,4.008350849151611
1998-07-01,4.0370073318481445
1998-07-02,4.0334248542785645
1998-07-06,4.042379379272461
1998-07-07,4.035216331481934
1998-07-08,4.040588855743408
1998-07-09,4.045961856842041
1998-07-10,4.038797855377197
1998-07-13,4.028050422668457
1998-07-14,4.0370073318481445
1998-07-15,4.0441718101501465
1998-07-16,4.047754764556885
1998-07-17,4.042379379272461
1998-07-20,4.035216331481934
1998-07-21,3.9993937015533447
1998-07-22,3.956411123275757
1998-07-23,3.8937244415283203
1998-07-24,3.861485242843628
1998-07-27,3.8149173259735107
1998-07-28,3.7701425552368164
1998-07-29,3.7611875534057617
1998-07-30,3.7826805114746094
1998-07-31,3.7128288745880127
1998-08-03,3.6698434352874756
1998-08-04,3.574918270111084
1998-08-05,3.5588011741638184
1998-08-06,3.6268601417541504
1998-08-07,3.689544916152954
1998-08-10,3.6626806259155273
1998-08-11,3.5820839405059814
1998-08-12,3.6411869525909424
1998-08-13,3.614321231842041
1998-08-14,3.614321231842041
1998-08-17,3.6107401847839355
1998-08-18,3.644768714904785
1998-08-19,3.6071577072143555
1998-08-20,3.5767087936401367
1998-08-21,3.5247716903686523
1998-08-24,3.505067825317383
1998-08-25,3.4746198654174805
1998-08-26,3.390441656112671
1998-08-27,3.2632763385772705
1998-08-28,3.2023818492889404
1998-08-31,3.028651237487793
1998-09-01,3.0805909633636475
1998-09-02,3.11641263961792
1998-09-03,3.071636915206909
1998-09-04,3.069844961166382
1998-09-08,3.1522328853607178
1998-09-09,3.1074578762054443
1998-09-10,3.050142765045166
1998-09-11,3.0967113971710205
1998-09-14,3.1379051208496094
1998-09-15,3.139694929122925
1998-09-16,3.154024124145508
1998-09-17,3.1128296852111816
1998-09-18,3.1558163166046143
1998-09-21,3.141486644744873
1998-09-22,3.1629796028137207
1998-09-23,3.211336374282837
1998-09-24,3.177306652069092
1998-09-25,3.1665616035461426
1998-09-28,3.161187171936035
1998-09-29,3.1343228816986084
1998-09-30,3.114621162414551
1998-10-01,3.0358150005340576
1998-10-02,3.0376052856445312
1998-10-05,2.960592031478882
1998-10-06,2.9176065921783447
1998-10-07,2.8405916690826416
1998-10-08,2.7259654998779297
1998-10-09,2.7743234634399414
1998-10-12,2.819098949432373
1998-10-13,2.7868599891662598
1998-10-14,2.8065619468688965
1998-10-15,2.8710381984710693
1998-10-16,2.9229795932769775
1998-10-19,2.9910404682159424
1998-10-20,3.057307720184326
1998-10-21,3.0913374423980713
1998-10-22,3.139694929122925
1998-10-23,3.154024124145508
1998-10-26,3.184471368789673
1998-10-27,3.179098606109619
1998-10-28,3.184471368789673
1998-10-29,3.2185018062591553
1998-10-30,3.2471585273742676
1998-11-02,3.304471731185913
1998-11-03,3.3205904960632324
1998-11-04,3.367159128189087
1998-11-05,3.4047703742980957
1998-11-06,3.438797950744629
1998-11-09,3.4262630939483643
1998-11-10,3.411935329437256
1998-11-11,3.3993980884552
1998-11-12,3.386859893798828
1998-11-13,3.3725311756134033
1998-11-16,3.3635756969451904
1998-11-17,3.349247694015503
1998-11-18,3.3617851734161377
1998-11-19,3.3850677013397217
1998-11-20,3.3922324180603027
1998-11-23,3.4065606594085693
1998-11-24,3.390441656112671
1998-11-25,3.4137237071990967
1998-11-27,3.442383050918579
1998-11-30,3.419097900390625
1998-12-01,3.4208884239196777
1998-12-02,3.408350944519043
1998-12-03,3.3940229415893555
1998-12-04,3.4137237071990967
1998-12-07,3.422680616378784
1998-12-08,3.4155166149139404
1998-12-09,3.4173078536987305
1998-12-10,3.3761134147644043
1998-12-11,3.3599963188171387
1998-12-14,3.300889015197754
1998-12-15,3.295515537261963
1998-12-16,3.293726682662964
1998-12-17,3.3080520629882812
1998-12-18,3.334918260574341
1998-12-21,3.3534626960754395
1998-12-22,3.3378467559814453
1998-12-23,3.3729825019836426
1998-12-24,3.374934434890747
1998-12-28,3.374934434890747
1998-12-29,3.400310754776001
1998-12-30,3.421781301498413
1998-12-31,3.4998581409454346
1999-01-04,3.5193774700164795
1999-01-05,3.5369465351104736
1999-01-06,3.5896506309509277
1999-01-07,3.6013612747192383
1999-01-08,3.6286895275115967
1999-01-11,3.640399932861328
1999-01-12,3.59941029548645
1999-01-13,3.574033498764038
1999-01-14,3.5506105422973633
1999-01-15,3.6013612747192383
1999-01-19,3.6169755458831787
1999-01-20,3.620880365371704
1999-01-21,3.575984477996826
1999-01-22,3.566226005554199
1999-01-25,3.562323570251465
1999-01-26,3.5798892974853516
1999-01-27,3.542802095413208
1999-01-28,3.5330426692962646
1999-01-29,3.5545146465301514
1999-02-01,3.548659086227417
1999-02-02,3.5096187591552734
1999-02-03,3.515474796295166
1999-02-04,3.4881489276885986
1999-02-05,3.4569156169891357
1999-02-08,3.453012466430664
1999-02-09,3.4081177711486816
1999-02-10,3.3729825019836426
1999-02-11,3.4022605419158936
1999-02-12,3.3495593070983887
1999-02-16,3.3300390243530273
1999-02-17,3.279287338256836
1999-02-18,3.2890474796295166
1999-02-19,3.291001319885254
1999-02-22,3.320280075073242
1999-02-23,3.322230577468872
1999-02-24,3.292952537536621
1999-02-25,3.269529104232788
1999-02-26,3.261720657348633
1999-03-01,3.271479845046997
1999-03-02,3.257817029953003
1999-03-03,3.248058319091797
1999-03-04,3.2558650970458984
1999-03-05,3.2734322547912598
1999-03-08,3.2734322547912598
1999-03-09,3.269529104232788
1999-03-10,3.287097215652466
1999-03-11,3.291001319885254
1999-03-12,3.2890474796295166
1999-03-15,3.292952537536621
1999-03-16,3.2734322547912598
1999-03-17,3.267577886581421
1999-03-18,3.2753841876983643
1999-03-19,3.248058319091797
1999-03-22,3.224632740020752
1999-03-23,3.1719298362731934
1999-03-24,3.1641223430633545
1999-03-25,3.216825008392334
1999-03-26,3.2226812839508057
1999-03-29,3.253913640975952
1999-03-30,3.2441539764404297
1999-03-31,3.199259042739868
1999-04-01,3.2187774181365967
1999-04-05,3.224632740020752
1999-04-06,3.2070651054382324
1999-04-07,3.1953542232513428
1999-04-08,3.199259042739868
1999-04-09,3.2402501106262207
1999-04-12,3.257817029953003
1999-04-13,3.2831919193267822
1999-04-14,3.3261349201202393
1999-04-15,3.355414628982544
1999-04-16,3.4100687503814697
1999-04-19,3.413973331451416
1999-04-20,3.3964059352874756
1999-04-21,3.4549648761749268
1999-04-22,3.472531318664551
1999-04-23,3.4783875942230225
1999-04-26,3.482292413711548
1999-04-27,3.4998581409454346
1999-04-28,3.5232837200164795
1999-04-29,3.544754981994629
1999-04-30,3.540849447250366
1999-05-03,3.566226005554199
1999-05-04,3.574033498764038
1999-05-05,3.575984477996826
1999-05-06,3.5896506309509277
1999-05-07,3.6091675758361816
1999-05-10,3.6443042755126953
1999-05-11,3.6657755374908447
1999-05-12,3.6794402599334717
1999-05-13,3.7087197303771973
1999-05-14,3.6696813106536865
1999-05-17,3.659919261932373
1999-05-18,3.6638236045837402
1999-05-19,3.6852974891662598
1999-05-20,3.724334716796875
1999-05-21,3.7555651664733887
1999-05-24,3.7204296588897705
1999-05-25,3.6833438873291016
1999-05-26,3.6794402599334717
1999-05-27,3.6696813106536865
1999-05-28,3.7067670822143555
1999-06-01,3.7106707096099854
1999-06-02,3.6950550079345703
1999-06-03,3.7067670822143555
1999-06-04,3.7282378673553467
1999-06-07,3.757516384124756
1999-06-08,3.7438528537750244
1999-06-09,3.7497096061706543
1999-06-10,3.7360453605651855
1999-06-11,3.7204296588897705
1999-06-14,3.7087197303771973
1999-06-15,3.70481538772583
1999-06-16,3.730191946029663
1999-06-17,3.7497096061706543
1999-06-18,3.7711801528930664
1999-06-21,3.798508882522583
1999-06-22,3.7907018661499023
1999-06-23,3.7907018661499023
1999-06-24,3.786797523498535
1999-06-25,3.7926528453826904
1999-06-28,3.841453790664673
1999-06-29,3.8804914951324463
1999-06-30,3.933194398880005
1999-07-01,3.9292891025543213
1999-07-02,3.940999984741211
1999-07-06,3.9507617950439453
1999-07-07,3.9312427043914795
1999-07-08,3.9429538249969482
1999-07-09,3.972231864929199
1999-07-12,3.98394513130188
1999-07-13,3.976137161254883
1999-07-14,4.00151252746582
1999-07-15,4.0288405418396
1999-07-16,4.032742500305176
1999-07-19,4.0112738609313965
1999-07-20,3.962472915649414
1999-07-21,3.972231864929199
1999-07-22,3.948809862136841
1999-07-23,3.925387382507324
1999-07-26,3.8882994651794434
1999-07-27,3.905867576599121
1999-07-28,3.9195308685302734
1999-07-29,3.8922035694122314
1999-07-30,3.915626049041748
1999-08-02,3.9078190326690674
1999-08-03,3.8629233837127686
1999-08-04,3.829741954803467
1999-08-05,3.818027973175049
1999-08-06,3.814124345779419
1999-08-09,3.8004603385925293
1999-08-10,3.773134469985962
1999-08-11,3.812174081802368
1999-08-12,3.819979429244995
1999-08-13,3.857069492340088
1999-08-16,3.857069492340088
1999-08-17,3.8609726428985596
1999-08-18,3.8434038162231445
1999-08-19,3.8531651496887207
1999-08-20,3.8648765087127686
1999-08-23,3.8785407543182373
1999-08-24,3.8668272495269775
1999-08-25,3.8687801361083984
1999-08-26,3.851210355758667
1999-08-27,3.841453790664673
1999-08-30,3.808270215988159
1999-08-31,3.808270215988159
1999-09-01,3.8316922187805176
1999-09-02,3.8102219104766846
1999-09-03,3.8590199947357178
1999-09-07,3.8687801361083984
1999-09-08,3.8648765087127686
1999-09-09,3.882441759109497
1999-09-10,3.9000110626220703
1999-09-13,3.890251874923706
1999-09-14,3.8785407543182373
1999-09-15,3.870729684829712
1999-09-16,3.8316922187805176
1999-09-17,3.851210355758667
1999-09-20,3.8375487327575684
1999-09-21,3.7907018661499023
1999-09-22,3.7789885997772217
1999-09-23,3.718480110168457
1999-09-24,3.6813905239105225
1999-09-27,3.7145752906799316
1999-09-28,3.6852974891662598
1999-09-29,3.6931049823760986
1999-09-30,3.7067670822143555
1999-10-01,3.6852974891662598
1999-10-04,3.6950550079345703
1999-10-05,3.6852974891662598
1999-10-06,3.697007656097412
1999-10-07,3.6852974891662598
1999-10-08,3.6735849380493164
1999-10-11,3.687246799468994
1999-10-12,3.654064416885376
1999-10-13,3.615025281906128
1999-10-14,3.6072165966033936
1999-10-15,3.570128917694092
1999-10-18,3.5330426692962646
1999-10-19,3.540849447250366
1999-10-20,3.544754981994629
1999-10-21,3.534994602203369
1999-10-22,3.5603690147399902
1999-10-25,3.548659086227417
1999-10-26,3.5291388034820557
1999-10-27,3.5291388034820557
1999-10-28,3.5564656257629395
1999-10-29,3.5798892974853516
1999-11-01,3.593552827835083
1999-11-02,3.6072165966033936
1999-11-03,3.6423542499542236
1999-11-04,3.650160312652588
1999-11-05,3.656017780303955
1999-11-08,3.6638236045837402
1999-11-09,3.6774888038635254
1999-11-10,3.697007656097412
1999-11-11,3.6950550079345703
1999-11-12,3.7145752906799316
1999-11-15,3.7438528537750244
1999-11-16,3.767280101776123
1999-11-17,3.777036428451538
1999-11-18,3.8043644428253174
1999-11-19,3.794607639312744
1999-11-22,3.777036428451538
1999-11-23,3.7399508953094482
1999-11-24,3.7419016361236572
1999-11-26,3.769230842590332
1999-11-29,3.757516384124756
1999-11-30,3.7419016361236572
1999-12-01,3.7419016361236572
1999-12-02,3.7750866413116455
1999-12-03,3.773134469985962
1999-12-06,3.763374090194702
1999-12-07,3.7399508953094482
1999-12-08,3.7438528537750244
1999-12-09,3.7262866497039795
1999-12-10,3.7458059787750244
1999-12-13,3.765326976776123
1999-12-14,3.730191946029663
1999-12-15,3.7106707096099854
1999-12-16,3.7262866497039795
1999-12-17,3.7360453605651855
1999-12-20,3.737111806869507
1999-12-21,3.762678623199463
1999-12-22,3.7733302116394043
1999-12-23,3.798900842666626
1999-12-27,3.801029920578003
1999-12-28,3.8159446716308594
1999-12-29,3.875600814819336
1999-12-30,3.8841259479522705
1999-12-31,3.956566572189331
2000-01-03,3.9011688232421875
2000-01-04,3.8202052116394043
2000-01-05,3.837249517440796
2000-01-06,3.854296922683716
2000-01-07,3.9139537811279297
2000-01-10,3.956566572189331
2000-01-11,3.928868293762207
2000-01-12,3.9224753379821777
2000-01-13,3.9736106395721436
2000-01-14,4.020484924316406
2000-01-18,4.065225601196289
2000-01-19,4.090794563293457
2000-01-20,4.099316596984863
2000-01-21,4.118494033813477
2000-01-24,4.0758819580078125
2000-01-25,4.0737504959106445
2000-01-26,4.0737504959106445
2000-01-27,4.041791915893555
2000-01-28,3.9693498611450195
2000-01-31,3.9267356395721436
2000-02-01,3.956566572189331
2000-02-02,3.997049570083618
2000-02-03,4.052443504333496
2000-02-04,4.069489002227783
2000-02-07,4.090794563293457
2000-02-08,4.103579521179199
2000-02-09,4.090794563293457
2000-02-10,4.120623588562012
2000-02-11,4.099316596984863
2000-02-14,4.118494033813477
2000-02-15,4.12275505065918
2000-02-16,4.144061088562012
2000-02-17,4.1930670738220215
2000-02-18,4.148322105407715
2000-02-22,4.12275505065918
2000-02-23,4.144061088562012
2000-02-24,4.150452613830566
2000-02-25,4.150452613830566
2000-02-28,4.167497158050537
2000-02-29,4.291073799133301
2000-03-01,4.331554889678955
2000-03-02,4.3549933433532715
2000-03-03,4.397604942321777
2000-03-06,4.412518501281738
2000-03-07,4.3741679191589355
2000-03-08,4.3549933433532715
2000-03-09,4.4210405349731445
2000-03-10,4.416779041290283
2000-03-13,4.367775917053223
2000-03-14,4.291073799133301
2000-03-15,4.244198322296143
2000-03-16,4.329428195953369
2000-03-17,4.365645408630371
2000-03-20,4.295336723327637
2000-03-21,4.308117389678955
2000-03-22,4.3762993812561035
2000-03-23,4.406128883361816
2000-03-24,4.410387992858887
2000-03-27,4.397604942321777
2000-03-28,4.337946891784668
2000-03-29,4.299596309661865
2000-03-30,4.254851341247559
2000-03-31,4.303858757019043
2000-04-03,4.229285717010498
2000-04-04,4.124885082244873
2000-04-05,4.156844615936279
2000-04-06,4.220761775970459
2000-04-07,4.293203830718994
2000-04-10,4.195194721221924
2000-04-11,4.1653666496276855
2000-04-12,4.095057010650635
2000-04-13,4.052443504333496
2000-04-14,3.8457725048065186
2000-04-17,3.8436410427093506
2000-04-18,3.984264850616455
2000-04-19,4.007700443267822
2000-04-20,4.011961936950684
2000-04-24,3.954432487487793
2000-04-25,4.052443504333496
2000-04-26,4.060966491699219
2000-04-27,4.099316596984863
2000-04-28,4.152584075927734
2000-05-01,4.197326183319092
2000-05-02,4.139797687530518
2000-05-03,4.065225601196289
2000-05-04,4.103579521179199
2000-05-05,4.154713153839111
2000-05-08,4.12275505065918
2000-05-09,4.086531639099121
2000-05-10,3.9927878379821777
2000-05-11,4.065225601196289
2000-05-12,4.084402561187744
2000-05-15,4.116363048553467
2000-05-16,4.156844615936279
2000-05-17,4.133408069610596
2000-05-18,4.095057010650635
2000-05-19,4.037528991699219
2000-05-22,3.9800026416778564
2000-05-23,3.9459140300750732
2000-05-24,3.9203431606292725
2000-05-25,3.9096903800964355
2000-05-26,3.903298854827881
2000-05-30,3.9672181606292725
2000-05-31,3.9800026416778564
2000-06-01,4.0311384201049805
2000-06-02,4.107840538024902
2000-06-05,4.107840538024902
2000-06-06,4.099316596984863
2000-06-07,4.120623588562012
2000-06-08,4.116363048553467
2000-06-09,4.148322105407715
2000-06-12,4.131275653839111
2000-06-13,4.141931056976318
2000-06-14,4.152584075927734
2000-06-15,4.139797687530518
2000-06-16,4.133408069610596
2000-06-19,4.154713153839111
2000-06-20,4.141931056976318
2000-06-21,4.141931056976318
2000-06-22,4.086531639099121
2000-06-23,4.0780110359191895
2000-06-26,4.114231586456299
2000-06-27,4.103579521179199
2000-06-28,4.161107063293457
2000-06-29,4.150452613830566
2000-06-30,4.178149223327637
2000-07-03,4.214371204376221
2000-07-05,4.169628143310547
2000-07-06,4.188803195953369
2000-07-07,4.214371204376221
2000-07-10,4.235679626464844
2000-07-11,4.256983757019043
2000-07-12,4.310250282287598
2000-07-13,4.329428195953369
2000-07-14,4.346470832824707
2000-07-17,4.361383438110352
2000-07-18,4.348601341247559
2000-07-19,4.305988311767578
2000-07-20,4.3272929191589355
2000-07-21,4.280420780181885
2000-07-24,4.225022315979004
2000-07-25,4.225022315979004
2000-07-26,4.231415748596191
2000-07-27,4.184539794921875
2000-07-28,4.118494033813477
2000-07-31,4.173888683319092
2000-08-01,4.173888683319092
2000-08-02,4.197326183319092
2000-08-03,4.178149223327637
2000-08-04,4.2037177085876465
2000-08-07,4.233546733856201
2000-08-08,4.246331214904785
2000-08-09,4.267636775970459
2000-08-10,4.239939212799072
2000-08-11,4.2846808433532715
2000-08-14,4.33368444442749
2000-08-15,4.318771839141846
2000-08-16,4.340078353881836
2000-08-17,4.3635149002075195
2000-08-18,4.3635149002075195
2000-08-21,4.365645408630371
2000-08-22,4.365645408630371
2000-08-23,4.3741679191589355
2000-08-24,4.393344402313232
2000-08-25,4.406128883361816
2000-08-28,4.410387992858887
2000-08-29,4.427432537078857
2000-08-30,4.433825969696045
2000-08-31,4.482828617095947
2000-09-01,4.495614528656006
2000-09-05,4.484959125518799
2000-09-06,4.484959125518799
2000-09-07,4.527572154998779
2000-09-08,4.502004146575928
2000-09-11,4.4913530349731445
2000-09-12,4.487090587615967
2000-09-13,4.484959125518799
2000-09-14,4.519050598144531
2000-09-15,4.4913530349731445
2000-09-18,4.414649486541748
2000-09-19,4.431692600250244
2000-09-20,4.429563999176025
2000-09-21,4.395471096038818
2000-09-22,4.3741679191589355
2000-09-25,4.346470832824707
2000-09-26,4.3166422843933105
2000-09-27,4.3017258644104
2000-09-28,4.3784284591674805
2000-09-29,4.399734020233154
2000-10-02,4.350729465484619
2000-10-03,4.329428195953369
2000-10-04,4.329428195953369
2000-10-05,4.310250282287598
2000-10-06,4.254851341247559
2000-10-09,4.237806797027588
2000-10-10,4.190934181213379
2000-10-11,4.144061088562012
2000-10-12,4.080140590667725
2000-10-13,4.144061088562012
2000-10-16,4.124885082244873
2000-10-17,4.056705951690674
2000-10-18,4.029007434844971
2000-10-19,4.103579521179199
2000-10-20,4.127014636993408
2000-10-23,4.144061088562012
2000-10-24,4.135538101196289
2000-10-25,4.067357540130615
2000-10-26,4.086531639099121
2000-10-27,4.116363048553467
2000-10-30,4.148322105407715
2000-10-31,4.233546733856201
2000-11-01,4.220761775970459
2000-11-02,4.280420780181885
2000-11-03,4.299596309661865
2000-11-06,4.288942337036133
2000-11-07,4.299596309661865
2000-11-08,4.29746675491333
2000-11-09,4.263374328613281
2000-11-10,4.2037177085876465
2000-11-13,4.201588153839111
2000-11-14,4.252721309661865
2000-11-15,4.271897792816162
2000-11-16,4.225022315979004
2000-11-17,4.246331214904785
2000-11-20,4.184539794921875
2000-11-21,4.16323709487915
2000-11-22,4.127014636993408
2000-11-24,4.184539794921875
2000-11-27,4.180281639099121
2000-11-28,4.135538101196289
2000-11-29,4.095057010650635
2000-11-30,4.003441333770752
2000-12-01,4.067357540130615
2000-12-04,4.050313949584961
2000-12-05,4.131275653839111
2000-12-06,4.097187042236328
2000-12-07,4.082272529602051
2000-12-08,4.180281639099121
2000-12-11,4.24207067489624
2000-12-12,4.190934181213379
2000-12-13,4.161107063293457
2000-12-14,4.112102031707764
2000-12-15,4.084402561187744
2000-12-18,4.122132778167725
2000-12-19,4.101042747497559
2000-12-20,4.0026164054870605
2000-12-21,4.028392314910889
2000-12-22,4.110416889190674
2000-12-26,4.133849143981934
2000-12-27,4.211184024810791
2000-12-28,4.316638469696045
2000-12-29,4.316638469696045
2001-01-02,4.243992328643799
2001-01-03,4.361166477203369
2001-01-04,4.384600639343262
2001-01-05,4.3564772605896
2001-01-08,4.351790904998779
2001-01-09,4.372882843017578
2001-01-10,4.436154842376709
2001-01-11,4.490055561065674
2001-01-12,4.52286434173584
2001-01-16,4.609570503234863
2001-01-17,4.6142578125
2001-01-18,4.616600036621094
2001-01-19,4.588479042053223
2001-01-22,4.602538585662842
2001-01-23,4.672842979431152
2001-01-24,4.66815710067749
2001-01-25,4.672842979431152
2001-01-26,4.66815710067749
2001-01-29,4.722057342529297
2001-01-30,4.745492458343506
2001-01-31,4.761896133422852
2001-02-01,4.79470157623291
2001-02-02,4.780642986297607
2001-02-05,4.792363166809082
2001-02-06,4.815794944763184
2001-02-07,4.855632781982422
2001-02-08,4.839228630065918
2001-02-09,4.806421279907227
2001-02-12,4.867349624633789
2001-02-13,4.872038841247559
2001-02-14,4.867349624633789
2001-02-15,4.893129348754883
2001-02-16,4.839228630065918
2001-02-20,4.801734924316406
2001-02-21,4.7408037185668945
2001-02-22,4.684560775756836
2001-02-23,4.672842979431152
2001-02-26,4.752520561218262
2001-02-27,4.707998275756836
2001-02-28,4.670501232147217
2001-03-01,4.6517534255981445
2001-03-02,4.698622703552246
2001-03-05,4.71971321105957
2001-03-06,4.752520561218262
2001-03-07,4.804078102111816
2001-03-08,4.804078102111816
2001-03-09,4.764240264892578
2001-03-12,4.661126136779785
2001-03-13,4.665815830230713
2001-03-14,4.590823173522949
2001-03-15,4.5861358642578125
2001-03-16,4.50880241394043
2001-03-19,4.548642158508301
2001-03-20,4.5205206871032715
2001-03-21,4.450216770172119
2001-03-22,4.401005744934082
2001-03-23,4.457247257232666
2001-03-26,4.483025074005127
2001-03-27,4.513489246368408
2001-03-28,4.454904079437256
2001-03-29,4.447873115539551
2001-03-30,4.555673122406006
2001-04-02,4.450216770172119
2001-04-03,4.33773136138916
2001-04-04,4.326014995574951
2001-04-05,4.459590435028076
2001-04-06,4.384600639343262
2001-04-09,4.424438953399658
2001-04-10,4.490055561065674
2001-04-11,4.478339672088623
2001-04-12,4.515834808349609
2001-04-16,4.504117488861084
2001-04-17,4.541611671447754
2001-04-18,4.590823173522949
2001-04-19,4.637691974639893
2001-04-20,4.6119184494018555
2001-04-23,4.590823173522949
2001-04-24,4.616600036621094
2001-04-25,4.691591739654541
2001-04-26,4.7408037185668945
2001-04-27,4.797047138214111
2001-04-30,4.834540843963623
2001-05-01,4.883754253387451
2001-05-02,4.893129348754883
2001-05-03,4.8626627922058105
2001-05-04,4.923593997955322
2001-05-07,4.923593997955322
2001-05-08,4.942343235015869
2001-05-09,4.947027683258057
2001-05-10,4.975147724151611
2001-05-11,4.982177734375
2001-05-14,5.005614280700684
2001-05-15,5.036077976226807
2001-05-16,5.073575973510742
2001-05-17,5.1321611404418945
2001-05-18,5.153253555297852
2001-05-21,5.214181423187256
2001-05-22,5.235272407531738
2001-05-23,5.1696577072143555
2001-05-24,5.1837158203125
2001-05-25,5.1837158203125
2001-05-29,5.160281658172607
2001-05-30,5.115756988525391
2001-05-31,5.1321611404418945
2001-06-01,5.193089962005615
2001-06-04,5.242306232452393
2001-06-05,5.298545837402344
2001-06-06,5.263393878936768
2001-06-07,5.265736103057861
2001-06-08,5.244646072387695
2001-06-11,5.221214771270752
2001-06-12,5.2329277992248535
2001-06-13,5.228243350982666
2001-06-14,5.146223545074463
2001-06-15,5.118102550506592
2001-06-18,5.068888187408447
2001-06-19,5.047795295715332
2001-06-20,5.087635040283203
2001-06-21,5.129817008972168
2001-06-22,5.071231365203857
2001-06-25,5.047795295715332
2001-06-26,5.099353790283203
2001-06-27,5.125131130218506
2001-06-28,5.1649675369262695
2001-06-29,5.1649675369262695
2001-07-02,5.225899696350098
2001-07-03,5.225899696350098
2001-07-05,5.209495544433594
2001-07-06,5.139189720153809
2001-07-09,5.160281658172607
2001-07-10,5.125131130218506
2001-07-11,5.113414764404297
2001-07-12,5.211839199066162
2001-07-13,5.2329277992248535
2001-07-16,5.207150936126709
2001-07-17,5.272768020629883
2001-07-18,5.246991157531738
2001-07-19,5.277453899383545
2001-07-20,5.293859958648682
2001-07-23,5.258708477020264
2001-07-24,5.171996593475342
2001-07-25,5.186060905456543
2001-07-26,5.228243350982666
2001-07-27,5.216525554656982
2001-07-30,5.216525554656982
2001-07-31,5.237617492675781
2001-08-01,5.265736103057861
2001-08-02,5.258708477020264
2001-08-03,5.246991157531738
2001-08-06,5.207150936126709
2001-08-07,5.207150936126709
2001-08-08,5.150908470153809
2001-08-09,5.153253555297852
2001-08-10,5.171996593475342
2001-08-13,5.179030895233154
2001-08-14,5.216525554656982
2001-08-15,5.228243350982666
2001-08-16,5.261049270629883
2001-08-17,5.221214771270752
2001-08-20,5.242306232452393
2001-08-21,5.207150936126709
2001-08-22,5.235272407531738
2001-08-23,5.207150936126709
2001-08-24,5.254019260406494
2001-08-27,5.230586051940918
2001-08-28,5.1907453536987305
2001-08-29,5.197775363922119
2001-08-30,5.155595302581787
2001-08-31,5.1673150062561035
2001-09-04,5.179030895233154
2001-09-05,5.153253555297852
2001-09-06,5.082948207855225
2001-09-07,4.989209175109863
2001-09-10,4.928281784057617
2001-09-17,4.661126136779785
2001-09-18,4.581449508666992
2001-09-19,4.440840721130371
2001-09-20,4.248680114746094
2001-09-21,4.143222808837891
2001-09-24,4.276801109313965
2001-09-25,4.2955474853515625
2001-09-26,4.253365993499756
2001-09-27,4.272114276885986
2001-09-28,4.415065765380859
2001-10-01,4.342415809631348
2001-10-02,4.370538234710693
2001-10-03,4.459590435028076
2001-10-04,4.4806809425354
2001-10-05,4.459590435028076
2001-10-08,4.433813095092773
2001-10-09,4.40334939956665
2001-10-10,4.515834808349609
2001-10-11,4.581449508666992
2001-10-12,4.555673122406006
2001-10-15,4.567389488220215
2001-10-16,4.597854137420654
2001-10-17,4.52286434173584
2001-10-18,4.4994282722473145
2001-10-19,4.529892921447754
2001-10-22,4.562702178955078
2001-10-23,4.5439534187316895
2001-10-24,4.541611671447754
2001-10-25,4.602538585662842
2001-10-26,4.647065162658691
2001-10-29,4.583792686462402
2001-10-30,4.5322394371032715
2001-10-31,4.588479042053223
2001-11-01,4.644721508026123
2001-11-02,4.6259765625
2001-11-05,4.654096603393555
2001-11-06,4.6962785720825195
2001-11-07,4.682218074798584
2001-11-08,4.675187587738037
2001-11-09,4.677531719207764
2001-11-12,4.700964450836182
2001-11-13,4.76892614364624
2001-11-14,4.815794944763184
2001-11-15,4.799391269683838
2001-11-16,4.825169086456299
2001-11-19,4.867349624633789
2001-11-20,4.848604679107666
2001-11-21,4.834540843963623
2001-11-23,4.895471572875977
2001-11-26,4.902503967285156
2001-11-27,4.902503967285156
2001-11-28,4.857975006103516
2001-11-29,4.937653541564941
2001-11-30,4.947027683258057
2001-12-03,4.916563987731934
2001-12-04,4.9985833168029785
2001-12-05,5.106383323669434
2001-12-06,5.122786521911621
2001-12-07,5.125131130218506
2001-12-10,5.066542148590088
2001-12-11,5.066542148590088
2001-12-12,5.078262805938721
2001-12-13,5.029047012329102
2001-12-14,5.071231365203857
2001-12-17,5.160437107086182
2001-12-18,5.205606460571289
2001-12-19,5.177375793457031
2001-12-20,5.118093013763428
2001-12-21,5.211253643035889
2001-12-24,5.228191375732422
2001-12-26,5.276180267333984
2001-12-27,5.3072357177734375
2001-12-28,5.32135009765625
2001-12-31,5.310055255889893
2002-01-02,5.304411888122559
2002-01-03,5.3834547996521
2002-01-04,5.437091827392578
2002-01-07,5.406036853790283
2002-01-08,5.4483866691589355
2002-01-09,5.439917087554932
2002-01-10,5.434267044067383
2002-01-11,5.389101028442383
2002-01-14,5.315705299377441
2002-01-15,5.326995849609375
2002-01-16,5.276180267333984
2002-01-17,5.318528652191162
2002-01-18,5.264890193939209
2002-01-22,5.216896057128906
2002-01-23,5.293118000030518
2002-01-24,5.315705299377441
2002-01-25,5.32135009765625
2002-01-28,5.352400302886963
2002-01-29,5.298764228820801
2002-01-30,5.34111213684082
2002-01-31,5.391923904418945
2002-02-01,5.358049392700195
2002-02-04,5.279001712799072
2002-02-05,5.264890193939209
2002-02-06,5.211253643035889
2002-02-07,5.168905258178711
2002-02-08,5.2451300621032715
2002-02-11,5.290294647216797
2002-02-12,5.287473201751709
2002-02-13,5.329819679260254
2002-02-14,5.298764228820801
2002-02-15,5.298764228820801
2002-02-19,5.231010437011719
2002-02-20,5.3015875816345215
2002-02-21,5.239479064941406
2002-02-22,5.3015875816345215
2002-02-25,5.332640647888184
2002-02-26,5.360872268676758
2002-02-27,5.389101028442383
2002-02-28,5.3834547996521
2002-03-01,5.454030513763428
2002-03-04,5.541543483734131
2002-03-05,5.541543483734131
2002-03-06,5.637522220611572
2002-03-07,5.657286167144775
2002-03-08,5.710921287536621
2002-03-11,5.730682373046875
2002-03-12,5.727860450744629
2002-03-13,5.710921287536621
2002-03-14,5.733503341674805
2002-03-15,5.753267765045166
2002-03-18,5.798437118530273
2002-03-19,5.832311153411865
2002-03-20,5.7956085205078125
2002-03-21,5.852072238922119
2002-03-22,5.832311153411865
2002-03-25,5.784320831298828
2002-03-26,5.846426963806152
2002-03-27,5.905709266662598
2002-03-28,5.91417932510376
2002-04-01,5.897238731384277
2002-04-02,5.877477169036865
2002-04-03,5.852072238922119
2002-04-04,5.860540866851807
2002-04-05,5.8746562004089355
2002-04-08,5.9339375495910645
2002-04-09,5.962168216705322
2002-04-10,6.063798427581787
2002-04-11,6.024275302886963
2002-04-12,6.1371965408325195
2002-04-15,6.11743688583374
2002-04-16,6.2360005378723145
2002-04-17,6.213413238525391
2002-04-18,6.202125549316406
2002-04-19,6.204947471618652
2002-04-22,6.145666122436523
2002-04-23,6.151306629180908
2002-04-24,6.128726005554199
2002-04-25,6.145666122436523
2002-04-26,6.086381912231445
2002-04-29,6.066618919372559
2002-04-30,6.182364463806152
2002-05-01,6.190830707550049
2002-05-02,6.2388224601745605
2002-05-03,6.252935886383057
2002-05-06,6.156955718994141
2002-05-07,6.12590217590332
2002-05-08,6.202125549316406
2002-05-09,6.11743688583374
2002-05-10,6.035568714141846
2002-05-13,6.086381912231445
2002-05-14,6.210591793060303
2002-05-15,6.224710941314697
2002-05-16,6.159778594970703
2002-05-17,6.1795430183410645
2002-05-20,6.134371280670166
2002-05-21,6.058149814605713
2002-05-22,6.041209697723389
2002-05-23,6.108966827392578
2002-05-24,6.041209697723389
2002-05-28,6.010157585144043
2002-05-29,5.9791059494018555
2002-05-30,5.976284980773926
2002-05-31,5.987574577331543
2002-06-03,5.852072238922119
2002-06-04,5.8238396644592285
2002-06-05,5.843604564666748
2002-06-06,5.7391533851623535
2002-06-07,5.789966583251953
2002-06-10,5.781497478485107
2002-06-11,5.725037097930908
2002-06-12,5.722213268280029
2002-06-13,5.657286167144775
2002-06-14,5.668577194213867
2002-06-17,5.789966583251953
2002-06-18,5.801257610321045
2002-06-19,5.733503341674805
2002-06-20,5.733503341674805
2002-06-21,5.773029327392578
2002-06-24,5.753267765045166
2002-06-25,5.691162586212158
2002-06-26,5.696807384490967
2002-06-27,5.781497478485107
2002-06-28,5.863363742828369
2002-07-01,5.756091594696045
2002-07-02,5.578242301940918
2002-07-03,5.524604797363281
2002-07-05,5.645993232727051
2002-07-08,5.583888530731201
2002-07-09,5.550011157989502
2002-07-10,5.445563316345215
2002-07-11,5.374987602233887
2002-07-12,5.318528652191162
2002-07-15,5.231010437011719
2002-07-16,5.171726226806641
2002-07-17,5.183022975921631
2002-07-18,5.053164482116699
2002-07-19,4.923305511474609
2002-07-22,4.816031455993652
2002-07-23,4.626891136169434
2002-07-24,4.773685455322266
2002-07-25,4.779333114624023
2002-07-26,4.835793972015381
2002-07-29,5.053164482116699
2002-07-30,5.030579566955566
2002-07-31,4.948712348937988
2002-08-01,4.920482158660889
2002-08-02,4.762395858764648
2002-08-05,4.6664137840271
2002-08-06,4.804739952087402
2002-08-07,4.830148220062256
2002-08-08,4.8922529220581055
2002-08-09,4.886608600616455
2002-08-12,4.872489929199219
2002-08-13,4.776510238647461
2002-08-14,4.889430999755859
2002-08-15,4.912015914916992
2002-08-16,4.9600019454956055
2002-08-19,5.02775764465332
2002-08-20,4.985411643981934
2002-08-21,5.070103645324707
2002-08-22,5.103978157043457
2002-08-23,4.999527931213379
2002-08-26,5.081393718719482
2002-08-27,4.985411643981934
2002-08-28,4.883784770965576
2002-08-29,4.866847515106201
2002-08-30,4.886608600616455
2002-09-03,4.756750106811523
2002-09-04,4.872489929199219
2002-09-05,4.773685455322266
2002-09-06,4.886608600616455
2002-09-09,4.8922529220581055
2002-09-10,4.912015914916992
2002-09-11,4.90636682510376
2002-09-12,4.835793972015381
2002-09-13,4.861199378967285
2002-09-16,4.8245015144348145
2002-09-17,4.756750106811523
2002-09-18,4.717226505279541
2002-09-19,4.604308605194092
2002-09-20,4.618422985076904
2002-09-23,4.511147499084473
2002-09-24,4.471625804901123
2002-09-25,4.54784631729126
2002-09-26,4.632536888122559
2002-09-27,4.533730983734131
2002-09-30,4.530910015106201
2002-10-01,4.612775802612305
2002-10-02,4.519618034362793
2002-10-03,4.4913859367370605
2002-10-04,4.381292343139648
2002-10-07,4.268372058868408
2002-10-08,4.279663562774658
2002-10-09,4.113106727600098
2002-10-10,4.186504364013672
2002-10-11,4.282486915588379
2002-10-14,4.293777942657471
2002-10-15,4.463157653808594
2002-10-16,4.361530303955078
2002-10-17,4.494211673736572
2002-10-18,4.502677917480469
2002-10-21,4.556316375732422
2002-10-22,4.49703311920166
2002-10-23,4.570431709289551
2002-10-24,4.536555290222168
2002-10-25,4.598664283752441
2002-10-28,4.553493976593018
2002-10-29,4.550670146942139
2002-10-30,4.59583854675293
2002-10-31,4.604308605194092
2002-11-01,4.708758354187012
2002-11-04,4.751105785369873
2002-11-05,4.734166145324707
2002-11-06,4.816031455993652
2002-11-07,4.720049858093262
2002-11-08,4.674882888793945
2002-11-11,4.567610263824463
2002-11-12,4.62124490737915
2002-11-13,4.632536888122559
2002-11-14,4.736987113952637
2002-11-15,4.731341361999512
2002-11-18,4.694645404815674
2002-11-19,4.672059535980225
2002-11-20,4.762395858764648
2002-11-21,4.858377933502197
2002-11-22,4.880962371826172
2002-11-25,4.94306755065918
2002-11-26,4.883784770965576
2002-11-27,5.030579566955566
2002-11-29,5.030579566955566
2002-12-02,5.024933338165283
2002-12-03,4.951536178588867
2002-12-04,4.928951263427734
2002-12-05,4.895078182220459
2002-12-06,4.923305511474609
2002-12-09,4.804739952087402
2002-12-10,4.8922529220581055
2002-12-11,4.880962371826172
2002-12-12,4.903545379638672
2002-12-13,4.835793972015381
2002-12-16,4.927497386932373
2002-12-17,4.892951965332031
2002-12-18,4.817577838897705
2002-12-19,4.817577838897705
2002-12-20,4.845842361450195
2002-12-23,4.874107837677002
2002-12-24,4.855265140533447
2002-12-26,4.870967864990234
2002-12-27,4.817577838897705
2002-12-30,4.792452812194824
2002-12-31,4.826999664306641
2003-01-02,4.940057754516602
2003-01-03,4.905512809753418
2003-01-06,4.971465110778809
2003-01-07,4.946340560913086
2003-01-08,4.892951965332031
2003-01-09,4.968322277069092
2003-01-10,4.97460412979126
2003-01-13,4.97460412979126
2003-01-14,4.999729156494141
2003-01-15,4.968322277069092
2003-01-16,4.97460412979126
2003-01-17,4.905512809753418
2003-01-21,4.833282470703125
2003-01-22,4.786173343658447
2003-01-23,4.808156967163086
2003-01-24,4.7108001708984375
2003-01-27,4.638565540313721
2003-01-28,4.679394245147705
2003-01-29,4.691956520080566
2003-01-30,4.607161521911621
2003-01-31,4.660552501678467
2003-02-03,4.644847393035889
2003-02-04,4.619724273681641
2003-02-05,4.607161521911621
2003-02-06,4.5726165771484375
2003-02-07,4.497243404388428
2003-02-10,4.538069248199463
2003-02-11,4.500382900238037
2003-02-12,4.450136661529541
2003-02-13,4.431292533874512
2003-02-14,4.456417560577393
2003-02-18,4.528649806976318
2003-02-19,4.4752607345581055
2003-02-20,4.468977928161621
2003-02-21,4.519226551055908
2003-02-24,4.443854808807373
2003-02-25,4.468977928161621
2003-02-26,4.428151607513428
2003-02-27,4.468977928161621
2003-02-28,4.468977928161621
2003-03-03,4.453277111053467
2003-03-04,4.412450313568115
2003-03-05,4.406168460845947
2003-03-06,4.365340232849121
2003-03-07,4.365340232849121
2003-03-10,4.289969444274902
2003-03-11,4.277407169342041
2003-03-12,4.255422592163086
2003-03-13,4.349637031555176
2003-03-14,4.333937168121338
2003-03-17,4.456417560577393
2003-03-18,4.497243404388428
2003-03-19,4.503523826599121
2003-03-20,4.525508403778076
2003-03-21,4.5977396965026855
2003-03-24,4.48782205581665
2003-03-25,4.531790733337402
2003-03-26,4.4784016609191895
2003-03-27,4.4941020011901855
2003-03-28,4.49096155166626
2003-03-31,4.459558010101318
2003-04-01,4.512946128845215
2003-04-02,4.594600677490234
2003-04-03,4.582037448883057
2003-04-04,4.569474697113037
2003-04-07,4.619724273681641
2003-04-08,4.594600677490234
2003-04-09,4.585178375244141
2003-04-10,4.591458320617676
2003-04-11,4.578897476196289
2003-04-14,4.654272556304932
2003-04-15,4.676253318786621
2003-04-16,4.644847393035889
2003-04-17,4.720221042633057
2003-04-21,4.745345592498779
2003-04-22,4.817577838897705
2003-04-23,4.867825031280518
2003-04-24,4.842702865600586
2003-04-25,4.801872253417969
2003-04-28,4.889810085296631
2003-04-29,4.886669635772705
2003-04-30,4.93063497543335
2003-05-01,4.949479579925537
2003-05-02,5.056260108947754
2003-05-05,5.075100421905518
2003-05-06,5.125350475311279
2003-05-07,5.106508731842041
2003-05-08,5.0845232009887695
2003-05-09,5.159895420074463
2003-05-12,5.222707748413086
2003-05-13,5.238409042358398
2003-05-14,5.24468994140625
2003-05-15,5.272953510284424
2003-05-16,5.197580337524414
2003-05-19,5.112789154052734
2003-05-20,5.115929126739502
2003-05-21,5.141054630279541
2003-05-22,5.178738117218018
2003-05-23,5.216425895690918
2003-05-27,5.313781261444092
2003-05-28,5.354609489440918
2003-05-29,5.404856204986572
2003-05-30,5.50849723815918
2003-06-02,5.549320697784424
2003-06-03,5.561882019042969
2003-06-04,5.662379741668701
2003-06-05,5.725192070007324
2003-06-06,5.700068473815918
2003-06-09,5.602710723876953
2003-06-10,5.678083896636963
2003-06-11,5.7471747398376465
2003-06-12,5.76915979385376
2003-06-13,5.687506675720215
2003-06-16,5.778580188751221
2003-06-17,5.797424793243408
2003-06-18,5.79428243637085
2003-06-19,5.734615802764893
2003-06-20,5.7471747398376465
2003-06-23,5.615274906158447
2003-06-24,5.634115219116211
2003-06-25,5.6435370445251465
2003-06-26,5.712629318237305
2003-06-27,5.709488868713379
2003-06-30,5.709488868713379
2003-07-01,5.737755298614502
2003-07-02,5.866517066955566
2003-07-03,5.831970691680908
2003-07-07,5.948171138763428
2003-07-08,6.048664093017578
2003-07-09,6.102055549621582
2003-07-10,6.023540496826172
2003-07-11,6.086353778839111
2003-07-14,6.1491618156433105
2003-07-15,6.127179145812988
2003-07-16,6.0989155769348145
2003-07-17,5.9544501304626465
2003-07-18,6.001560211181641
2003-07-21,5.904202461242676
2003-07-22,5.979578495025635
2003-07-23,5.9858574867248535
2003-07-24,5.967014789581299
2003-07-25,6.017262935638428
2003-07-28,6.070649147033691
2003-07-29,6.076930522918701
2003-07-30,6.06751012802124
2003-07-31,6.111478805541992
2003-08-01,6.014120578765869
2003-08-04,5.970154285430908
2003-08-05,5.891643047332764
2003-08-06,5.853953838348389
2003-08-07,5.850814342498779
2003-08-08,5.863378047943115
2003-08-11,5.916767120361328
2003-08-12,6.010981559753418
2003-08-13,6.017262935638428
2003-08-14,6.076930522918701
2003-08-15,6.086353778839111
2003-08-18,6.186849117279053
2003-08-19,6.287346363067627
2003-08-20,6.306192398071289
2003-08-21,6.381565093994141
2003-08-22,6.274785041809082
2003-08-25,6.262223720550537
2003-08-26,6.287346363067627
2003-08-27,6.3375959396362305
2003-08-28,6.400407314300537
2003-08-29,6.425529956817627
2003-09-02,6.548011779785156
2003-09-03,6.598258018493652
2003-09-04,6.632806301116943
2003-09-05,6.585699081420898
2003-09-08,6.683053970336914
2003-09-09,6.642228126525879
2003-09-10,6.5009050369262695
2003-09-11,6.5762786865234375
2003-09-12,6.6139631271362305
2003-09-15,6.598258018493652
2003-09-16,6.692475318908691
2003-09-17,6.676773548126221
2003-09-18,6.736447811126709
2003-09-19,6.742724895477295
2003-09-22,6.667349338531494
2003-09-23,6.742724895477295
2003-09-24,6.626526355743408
2003-09-25,6.46635627746582
2003-09-26,6.343878269195557
2003-09-29,6.431813716888428
2003-09-30,6.3752827644348145
2003-10-01,6.554292678833008
2003-10-02,6.579419136047363
2003-10-03,6.679915428161621
2003-10-06,6.736447811126709
2003-10-07,6.792970657348633
2003-10-08,6.752145290374756
2003-10-09,6.840081214904785
2003-10-10,6.818096160888672
2003-10-13,6.9280171394348145
2003-10-14,6.984546661376953
2003-10-15,6.946859836578369
2003-10-16,6.968841552734375
2003-10-17,6.874629020690918
2003-10-20,6.896609783172607
2003-10-21,6.934299945831299
2003-10-22,6.796116352081299
2003-10-23,6.767850399017334
2003-10-24,6.717599391937256
2003-10-27,6.830658435821533
2003-10-28,6.953139781951904
2003-10-29,7.025376319885254
2003-10-30,7.031655311584473
2003-10-31,7.012807846069336
2003-11-03,7.122730255126953
2003-11-04,7.160416126251221
2003-11-05,7.160416126251221
2003-11-06,7.22951078414917
2003-11-07,7.238927364349365
2003-11-10,7.1195902824401855
2003-11-11,7.0630574226379395
2003-11-12,7.188679218292236
2003-11-13,7.185538291931152
2003-11-14,7.09760856628418
2003-11-17,7.003388404846191
2003-11-18,6.97198486328125
2003-11-19,7.019094467163086
2003-11-20,6.987685203552246
2003-11-21,7.037933349609375
2003-11-24,7.198099136352539
2003-11-25,7.260911464691162
2003-11-26,7.29545783996582
2003-11-28,7.304882049560547
2003-12-01,7.421082019805908
2003-12-02,7.411661148071289
2003-12-03,7.351988792419434
2003-12-04,7.342568874359131
2003-12-05,7.298598289489746
2003-12-08,7.380251884460449
2003-12-09,7.286036491394043
2003-12-10,7.216943740844727
2003-12-11,7.402233600616455
2003-12-12,7.4776105880737305
2003-12-15,7.342568874359131
2003-12-16,7.389673233032227
2003-12-17,7.414798736572266
2003-12-18,7.524721622467041
2003-12-19,7.540424346923828
2003-12-22,7.586450099945068
2003-12-23,7.653645038604736
2003-12-24,7.620047092437744
2003-12-26,7.663730621337891
2003-12-29,7.781318664550781
2003-12-30,7.808194160461426
2003-12-31,7.69732141494751
2004-01-02,7.764516353607178
2004-01-05,7.855233669281006
2004-01-06,7.8821120262146
2004-01-07,7.945949077606201
2004-01-08,8.019865036010742
2004-01-09,7.992984771728516
2004-01-12,8.083703994750977
2004-01-13,8.080340385437012
2004-01-14,8.15761947631836
2004-01-15,8.144176483154297
2004-01-16,8.187853813171387
2004-01-20,8.292006492614746
2004-01-21,8.305451393127441
2004-01-22,8.258407592773438
2004-01-23,8.305451393127441
2004-01-26,8.372647285461426
2004-01-27,8.295370101928711
2004-01-28,8.120657920837402
2004-01-29,8.070265769958496
2004-01-30,8.073619842529297
2004-02-02,8.060179710388184
2004-02-03,8.046741485595703
2004-02-04,7.861954689025879
2004-02-05,7.929149627685547
2004-02-06,8.124019622802734
2004-02-09,8.147539138793945
2004-02-10,8.244976997375488
2004-02-11,8.322246551513672
2004-02-12,8.281932830810547
2004-02-13,8.181137084960938
2004-02-17,8.305451393127441
2004-02-18,8.251689910888672
2004-02-19,8.134098052978516
2004-02-20,8.107218742370605
2004-02-23,7.989627838134766
2004-02-24,7.999703884124756
2004-02-25,8.070265769958496
2004-02-26,8.134098052978516
2004-02-27,8.187853813171387
2004-03-01,8.308810234069824
2004-03-02,8.255050659179688
2004-03-03,8.251689910888672
2004-03-04,8.359206199645996
2004-03-05,8.372647285461426
2004-03-08,8.30208683013916
2004-03-09,8.191214561462402
2004-03-10,8.033302307128906
2004-03-11,7.9493088722229
2004-03-12,8.134098052978516
2004-03-15,7.929149627685547
2004-03-16,7.905633926391602
2004-03-17,8.066905975341797
2004-03-18,8.023225784301758
2004-03-19,7.986267566680908
2004-03-22,7.841795921325684
2004-03-23,7.861954689025879
2004-03-24,7.81491756439209
2004-03-25,7.972829341888428
2004-03-26,8.023225784301758
2004-03-29,8.167694091796875
2004-03-30,8.244976997375488
2004-03-31,8.26513385772705
2004-04-01,8.318888664245605
2004-04-02,8.466718673706055
2004-04-05,8.513760566711426
2004-04-06,8.45328426361084
2004-04-07,8.476799011230469
2004-04-08,8.439836502075195
2004-04-12,8.503677368164062
2004-04-13,8.33568286895752
2004-04-14,8.288650512695312
2004-04-15,8.281932830810547
2004-04-16,8.362564086914062
2004-04-19,8.379363059997559
2004-04-20,8.255050659179688
2004-04-21,8.345769882202148
2004-04-22,8.476799011230469
2004-04-23,8.45328426361084
2004-04-26,8.406244277954102
2004-04-27,8.426403045654297
2004-04-28,8.241615295410156
2004-04-29,8.090420722961426
2004-04-30,8.003064155578613
2004-05-03,8.040022850036621
2004-05-04,8.097145080566406
2004-05-05,8.080340385437012
2004-05-06,7.992984771728516
2004-05-07,7.804838180541992
2004-05-10,7.643569469451904
2004-05-11,7.771239280700684
2004-05-12,7.771239280700684
2004-05-13,7.741003036499023
2004-05-14,7.704045295715332
2004-05-17,7.573009014129639
2004-05-18,7.673804759979248
2004-05-19,7.673804759979248
2004-05-20,7.6872429847717285
2004-05-21,7.744359493255615
2004-05-24,7.821638584136963
2004-05-25,7.999703884124756
2004-05-26,8.009786605834961
2004-05-27,8.029949188232422
2004-05-28,8.033302307128906
2004-06-01,8.113938331604004
2004-06-02,8.120657920837402
2004-06-03,7.986267566680908
2004-06-04,8.050105094909668
2004-06-07,8.218093872070312
2004-06-08,8.221455574035645
2004-06-09,8.127341270446777
2004-06-10,8.150870323181152
2004-06-14,8.013062477111816
2004-06-15,8.150870323181152
2004-06-16,8.201290130615234
2004-06-17,8.228172302246094
2004-06-18,8.251705169677734
2004-06-21,8.241621017456055
2004-06-22,8.275233268737793
2004-06-23,8.396238327026367
2004-06-24,8.382787704467773
2004-06-25,8.46682357788086
2004-06-28,8.443294525146484
2004-06-29,8.517241477966309
2004-06-30,8.571019172668457
2004-07-01,8.463459014892578
2004-07-02,8.47018051147461
2004-07-06,8.365985870361328
2004-07-07,8.369346618652344
2004-07-08,8.221455574035645
2004-07-09,8.255066871643066
2004-07-12,8.228172302246094
2004-07-13,8.248348236083984
2004-07-14,8.224813461303711
2004-07-15,8.255066871643066
2004-07-16,8.181121826171875
2004-07-19,8.16767406463623
2004-07-20,8.271872520446777
2004-07-21,8.066841125488281
2004-07-22,8.019786834716797
2004-07-23,7.935752868652344
2004-07-26,7.861807346343994
2004-07-27,8.009699821472168
2004-07-28,7.976090908050537
2004-07-29,8.093730926513672
2004-07-30,8.113897323608398
2004-08-02,8.107171058654785
2004-08-03,8.002976417541504
2004-08-04,7.976090908050537
2004-08-05,7.8315582275390625
2004-08-06,7.646693706512451
2004-08-09,7.636608123779297
2004-08-10,7.787858963012695
2004-08-11,7.727360248565674
2004-08-12,7.589553356170654
2004-08-13,7.619803428649902
2004-08-16,7.619803428649902
2004-08-17,7.771055221557617
2004-08-18,7.912223815917969
2004-08-19,7.875251770019531
2004-08-20,8.002976417541504
2004-08-23,7.925673961639404
2004-08-24,7.959283351898193
2004-08-25,8.006339073181152
2004-08-26,7.986170291900635
2004-08-27,8.036587715148926
2004-08-30,7.942483425140381
2004-08-31,7.992893218994141
2004-09-01,8.053397178649902
2004-09-02,8.160953521728516
2004-09-03,8.11725902557373
2004-09-07,8.204648971557617
2004-09-08,8.138092994689941
2004-09-09,8.262463569641113
2004-09-10,8.285995483398438
2004-09-13,8.319610595703125
2004-09-14,8.289358139038086
2004-09-15,8.25910758972168
2004-09-16,8.339778900146484
2004-09-17,8.333061218261719
2004-09-20,8.312884330749512
2004-09-21,8.400284767150879
2004-09-22,8.262463569641113
2004-09-23,8.262463569641113
2004-09-24,8.272553443908691
2004-09-27,8.17842960357666
2004-09-28,8.289358139038086
2004-09-29,8.538105010986328
2004-09-30,8.38684368133545
2004-10-01,8.568361282348633
2004-10-04,8.628867149353027
2004-10-05,8.622140884399414
2004-10-06,8.712903022766113
2004-10-07,8.581805229187012
2004-10-08,8.494405746459961
2004-10-11,8.491044044494629
2004-10-12,8.484321594238281
2004-10-13,8.346500396728516
2004-10-14,8.252379417419434
2004-10-15,8.312884330749512
2004-10-18,8.309526443481445
2004-10-19,8.205321311950684
2004-10-20,8.255738258361816
2004-10-21,8.370036125183105
2004-10-22,8.249021530151367
2004-10-25,8.319610595703125
2004-10-26,8.417092323303223
2004-10-27,8.507852554321289
2004-10-28,8.470879554748535
2004-10-29,8.46751594543457
2004-11-01,8.491044044494629
2004-11-02,8.47760009765625
2004-11-03,8.608697891235352
2004-11-04,8.702814102172852
2004-11-05,8.743156433105469
2004-11-08,8.716259956359863
2004-11-09,8.773407936096191
2004-11-10,8.827190399169922
2004-11-11,8.907864570617676
2004-11-12,8.981820106506348
2004-11-15,9.015432357788086
2004-11-16,8.958291053771973
2004-11-17,9.062498092651367
2004-11-18,9.062498092651367
2004-11-19,8.99526596069336
2004-11-22,9.106195449829102
2004-11-23,9.146530151367188
2004-11-24,9.230565071105957
2004-11-26,9.270906448364258
2004-11-29,9.334769248962402
2004-11-30,9.314600944519043
2004-12-01,9.425535202026367
2004-12-02,9.385193824768066
2004-12-03,9.391914367675781
2004-12-06,9.33141040802002
2004-12-07,9.16669750213623
2004-12-08,9.227204322814941
2004-12-09,9.207036018371582
2004-12-10,9.240649223327637
2004-12-13,9.311239242553711
2004-12-14,9.385193824768066
2004-12-15,9.479316711425781
2004-12-16,9.432254791259766
2004-12-17,9.438979148864746
2004-12-20,9.39769458770752
2004-12-21,9.526925086975098
2004-12-22,9.552048683166504
2004-12-23,9.57358455657959
2004-12-27,9.505385398864746
2004-12-28,9.648971557617188
2004-12-29,9.648971557617188
2004-12-30,9.634613990783691
2004-12-31,9.648971557617188
2005-01-03,9.465901374816895
2005-01-04,9.304363250732422
2005-01-05,9.153597831726074
2005-01-06,9.17513656616211
2005-01-07,9.092575073242188
2005-01-10,9.164369583129883
2005-01-11,9.088982582092285
2005-01-12,9.11770248413086
2005-01-13,9.074625968933105
2005-01-14,9.203856468200684
2005-01-18,9.293593406677246
2005-01-19,9.196673393249512
2005-01-20,9.103346824645996
2005-01-21,9.081807136535645
2005-01-24,8.995654106140137
2005-01-25,9.038732528686523
2005-01-26,9.164369583129883
2005-01-27,9.200263977050781
2005-01-28,9.139239311218262
2005-01-31,9.304363250732422
2005-02-01,9.358210563659668
2005-02-02,9.426408767700195
2005-02-03,9.390522003173828
2005-02-04,9.480257034301758
2005-02-07,9.48743724822998
2005-02-08,9.508973121643066
2005-02-09,9.351034164428711
2005-02-10,9.354620933532715
2005-02-11,9.44795036315918
2005-02-14,9.465901374816895
2005-02-15,9.462308883666992
2005-02-16,9.537690162658691
2005-02-17,9.444358825683594
2005-02-18,9.458720207214355
2005-02-22,9.282825469970703
2005-02-23,9.336675643920898
2005-02-24,9.429999351501465
2005-02-25,9.587942123413086
2005-02-28,9.55564022064209
2005-03-01,9.641794204711914
2005-03-02,9.61666488647461
2005-03-03,9.659741401672363
2005-03-04,9.753067016601562
2005-03-07,9.745891571044922
2005-03-08,9.656508445739746
2005-03-09,9.570354461669922
2005-03-10,9.484196662902832
2005-03-11,9.509323120117188
2005-03-14,9.552403450012207
2005-03-15,9.509323120117188
2005-03-16,9.455475807189941
2005-03-17,9.512917518615723
2005-03-18,9.477017402648926
2005-03-21,9.455475807189941
2005-03-22,9.437528610229492
2005-03-23,9.322654724121094
2005-03-24,9.362138748168945
2005-03-28,9.351375579833984
2005-03-29,9.207780838012695
2005-03-30,9.347783088684082
2005-03-31,9.3693208694458
2005-04-01,9.326245307922363
2005-04-04,9.362138748168945
2005-04-05,9.372913360595703
2005-04-06,9.394454956054688
2005-04-07,9.433938026428223
2005-04-08,9.31547737121582
2005-04-11,9.250858306884766
2005-04-12,9.31906509399414
2005-04-13,9.164704322814941
2005-04-14,8.995985984802246
2005-04-15,8.812907218933105
2005-04-18,8.870343208312988
2005-04-19,9.01034927368164
2005-04-20,8.859570503234863
2005-04-21,9.024709701538086
2005-04-22,8.884702682495117
2005-04-25,8.981627464294434
2005-04-26,8.852397918701172
2005-04-27,8.809317588806152
2005-04-28,8.633415222167969
2005-04-29,8.687264442443848
2005-05-02,8.773414611816406
2005-05-03,8.759061813354492
2005-05-04,8.924192428588867
2005-05-05,8.902655601501465
2005-05-06,8.931371688842773
2005-05-09,9.013936996459961
2005-05-10,8.917014122009277
2005-05-11,8.920598983764648
2005-05-12,8.773414611816406
2005-05-13,8.680087089538574
2005-05-16,8.809317588806152
2005-05-17,8.881113052368164
2005-05-18,9.060598373413086
2005-05-19,9.114448547363281
2005-05-20,9.114448547363281
2005-05-23,9.175477027893066
2005-05-24,9.164704322814941
2005-05-25,9.085731506347656
2005-05-26,9.218552589416504
2005-05-27,9.265220642089844
2005-05-31,9.265220642089844
2005-06-01,9.3693208694458
2005-06-02,9.412398338317871
2005-06-03,9.351375579833984
2005-06-06,9.394454956054688
2005-06-07,9.41957950592041
2005-06-08,9.38219165802002
2005-06-09,9.461277961730957
2005-06-10,9.479253768920898
2005-06-13,9.52598762512207
2005-06-14,9.644608497619629
2005-06-15,9.698530197143555
2005-06-16,9.77042293548584
2005-06-17,9.752450942993164
2005-06-20,9.70212173461914
2005-06-21,9.684155464172363
2005-06-22,9.716504096984863
2005-06-23,9.56552505493164
2005-06-24,9.468467712402344
2005-06-27,9.472063064575195
2005-06-28,9.655393600463867
2005-06-29,9.698530197143555
2005-06-30,9.651799201965332
2005-07-01,9.716504096984863
2005-07-05,9.863884925842285
2005-07-06,9.802774429321289
2005-07-07,9.802774429321289
2005-07-08,9.957353591918945
2005-07-11,10.10113525390625
2005-07-12,10.09754467010498
2005-07-13,10.07597541809082
2005-07-14,10.007673263549805
2005-07-15,10.014863967895508
2005-07-18,9.957353591918945
2005-07-19,10.129895210266113
2005-07-20,10.237740516662598
2005-07-21,10.111921310424805
2005-07-22,10.298845291137695
2005-07-25,10.198199272155762
2005-07-26,10.252115249633789
2005-07-27,10.262899398803711
2005-07-28,10.3815279006958
2005-07-29,10.338387489318848
2005-08-01,10.3815279006958
2005-08-02,10.474987983703613
2005-08-03,10.410284042358398
2005-08-04,10.25930404663086
2005-08-05,10.140681266784668
2005-08-08,10.12270736694336
2005-08-09,10.129895210266113
2005-08-10,10.129895210266113
2005-08-11,10.216172218322754
2005-08-12,10.119112014770508
2005-08-15,10.176627159118652
2005-08-16,10.014863967895508
2005-08-17,10.032835960388184
2005-08-18,9.968132972717285
2005-08-19,9.978918075561523
2005-08-22,10.05440616607666
2005-08-23,10.011273384094238
2005-08-24,10.00048828125
2005-08-25,10.040030479431152
2005-08-26,9.91062068939209
2005-08-29,10.011273384094238
2005-08-30,9.993295669555664
2005-08-31,10.165842056274414
2005-09-01,10.201789855957031
2005-09-02,10.129895210266113
2005-09-06,10.25930404663086
2005-09-07,10.29525375366211
2005-09-08,10.23574161529541
2005-09-09,10.325906753540039
2005-09-12,10.365583419799805
2005-09-13,10.271811485290527
2005-09-14,10.196073532104492
2005-09-15,10.188855171203613
2005-09-16,10.264595031738281
2005-09-19,10.22131633758545
2005-09-20,10.109513282775879
2005-09-21,9.979666709899902
2005-09-22,10.015737533569336
2005-09-23,10.084260940551758
2005-09-26,10.13836669921875
2005-09-27,10.127541542053223
2005-09-28,10.087868690490723
2005-09-29,10.206889152526855
2005-09-30,10.246562957763672
2005-10-03,10.282629013061523
2005-10-04,10.185249328613281
2005-10-05,9.900323867797852
2005-10-06,9.849827766418457
2005-10-07,9.93638801574707
2005-10-10,9.835399627685547
2005-10-11,9.727201461791992
2005-10-12,9.604570388793945
2005-10-13,9.611791610717773
2005-10-14,9.734411239624023
2005-10-17,9.738021850585938
2005-10-18,9.62621784210205
2005-10-19,9.813761711120605
2005-10-20,9.633427619934082
2005-10-21,9.709163665771484
2005-10-24,9.921963691711426
2005-10-25,9.846220970153809
2005-10-26,9.799331665039062
2005-10-27,9.590147018432617
2005-10-28,9.784906387329102
2005-10-31,9.784906387329102
2005-11-01,9.914748191833496
2005-11-02,10.102299690246582
2005-11-03,10.13475513458252
2005-11-04,10.13475513458252
2005-11-07,10.199673652648926
2005-11-08,10.113120079040527
2005-11-09,10.141966819763184
2005-11-10,10.199673652648926
2005-11-11,10.23214054107666
2005-11-14,10.192461967468262
2005-11-15,10.069833755493164
2005-11-16,10.062621116638184
2005-11-17,10.224922180175781
2005-11-18,10.282629013061523
2005-11-21,10.372793197631836
2005-11-22,10.416075706481934
2005-11-23,10.444931030273438
2005-11-25,10.444931030273438
2005-11-28,10.286234855651855
2005-11-29,10.329516410827637
2005-11-30,10.365583419799805
2005-12-01,10.56755542755127
2005-12-02,10.553128242492676
2005-12-05,10.520669937133789
2005-12-06,10.545915603637695
2005-12-07,10.499031066894531
2005-12-08,10.520669937133789
2005-12-09,10.563948631286621
2005-12-12,10.596412658691406
2005-12-13,10.56755542755127
2005-12-14,10.589197158813477
2005-12-15,10.484604835510254
2005-12-16,10.452144622802734
2005-12-19,10.310721397399902
2005-12-20,10.32247543334961
2005-12-21,10.412580490112305
2005-12-22,10.471336364746094
2005-12-23,10.514432907104492
2005-12-27,10.389068603515625
2005-12-28,10.455671310424805
2005-12-29,10.455671310424805
2005-12-30,10.389068603515625
2006-01-03,10.522263526916504
2006-01-04,10.608448028564453
2006-01-05,10.624123573303223
2006-01-06,10.710301399230957
2006-01-09,10.816076278686523
2006-01-10,10.878754615783691
2006-01-11,10.863080978393555
2006-01-12,10.792567253112793
2006-01-13,10.827825546264648
2006-01-17,10.757316589355469
2006-01-18,10.788651466369629
2006-01-19,10.933595657348633
2006-01-20,10.796490669250488
2006-01-23,10.878754615783691
2006-01-24,11.05112361907959
2006-01-25,11.031534194946289
2006-01-26,11.207822799682617
2006-01-27,11.262663841247559
2006-01-30,11.266578674316406
2006-01-31,11.305753707885742
2006-02-01,11.344928741455078
2006-02-02,11.219572067260742
2006-02-03,11.188228607177734
2006-02-06,11.250909805297852
2006-02-07,11.074630737304688
2006-02-08,11.1255521774292
2006-02-09,11.07854175567627
2006-02-10,11.055037498474121
2006-02-13,10.9531831741333
2006-02-14,11.109886169433594
2006-02-15,11.188228607177734
2006-02-16,11.270498275756836
2006-02-17,11.258746147155762
2006-02-21,11.211734771728516
2006-02-22,11.305753707885742
2006-02-23,11.301837921142578
2006-02-24,11.368433952331543
2006-02-27,11.419355392456055
2006-02-28,11.266578674316406
2006-03-01,11.435032844543457
2006-03-02,11.38802433013916
2006-03-03,11.384098052978516
2006-03-06,11.290085792541504
2006-03-07,11.149055480957031
2006-03-08,11.188286781311035
2006-03-09,11.145132064819336
2006-03-10,11.2745943069458
2006-03-13,11.298130989074707
2006-03-14,11.419743537902832
2006-03-15,11.529583930969238
2006-03-16,11.549198150634766
2006-03-17,11.584507942199707
2006-03-20,11.584507942199707
2006-03-21,11.443283081054688
2006-03-22,11.604117393493652
2006-03-23,11.643346786499023
2006-03-24,11.741422653198242
2006-03-27,11.78065299987793
2006-03-28,11.710042953491211
2006-03-29,11.929725646972656
2006-03-30,11.921879768371582
2006-03-31,11.953265190124512
2006-04-03,11.92580509185791
2006-04-04,11.984651565551758
2006-04-05,12.03564453125
2006-04-06,12.039566040039062
2006-04-07,11.89441967010498
2006-04-10,11.855192184448242
2006-04-11,11.706117630004883
2006-04-12,11.78065299987793
2006-04-13,11.827729225158691
2006-04-17,11.796345710754395
2006-04-18,12.06702709197998
2006-04-19,12.200414657592773
2006-04-20,12.16118049621582
2006-04-21,12.14156436920166
2006-04-24,12.082723617553711
2006-04-25,12.082723617553711
2006-04-26,12.114105224609375
2006-04-27,12.03172492980957
2006-04-28,12.070953369140625
2006-05-01,12.04349422454834
2006-05-02,12.180795669555664
2006-05-03,12.208259582519531
2006-05-04,12.314177513122559
2006-05-05,12.408329010009766
2006-05-08,12.412247657775879
2006-05-09,12.424015045166016
2006-05-10,12.36125373840332
2006-05-11,12.086639404296875
2006-05-12,11.855192184448242
2006-05-15,11.76496696472168
2006-05-16,11.76103401184082
2006-05-17,11.584507942199707
2006-05-18,11.486431121826172
2006-05-19,11.557042121887207
2006-05-22,11.447198867797852
2006-05-23,11.388358116149902
2006-05-24,11.407976150512695
2006-05-25,11.6198091506958
2006-05-26,11.651199340820312
2006-05-30,11.38443374633789
2006-05-31,11.541350364685059
2006-06-01,11.772805213928223
2006-06-02,11.784576416015625
2006-06-05,11.435432434082031
2006-06-06,11.388358116149902
2006-06-07,11.321667671203613
2006-06-08,11.318916320800781
2006-06-09,11.244220733642578
2006-06-12,10.969012260437012
2006-06-13,10.79602336883545
2006-06-14,10.851062774658203
2006-06-15,11.216697692871094
2006-06-16,11.090888023376465
2006-06-19,10.917896270751953
2006-06-20,10.882515907287598
2006-06-21,11.06729507446289
2006-06-22,11.043705940246582
2006-06-23,11.051570892333984
2006-06-26,11.17737865447998
2006-06-27,11.02011775970459
2006-06-28,11.047636985778809
2006-06-29,11.432933807373047
2006-06-30,11.546944618225098
2006-07-03,11.578398704528809
2006-07-05,11.440791130065918
2006-07-06,11.484041213989258
2006-07-07,11.326777458190918
2006-07-10,11.33857250213623
2006-07-11,11.3936128616333
2006-07-12,11.197035789489746
2006-07-13,10.96114444732666
2006-07-14,10.858927726745605
2006-07-17,10.780294418334961
2006-07-18,10.839264869689941
2006-07-19,11.153792381286621
2006-07-20,10.862854957580566
2006-07-21,10.689867973327637
2006-07-24,10.953285217285156
2006-07-25,11.043705940246582
2006-07-26,10.988665580749512
2006-07-27,10.882515907287598
2006-07-28,11.086953163146973
2006-07-31,11.11447525024414
2006-08-01,10.937557220458984
2006-08-02,11.035846710205078
2006-08-03,11.165586471557617
2006-08-04,11.110544204711914
2006-08-07,11.055506706237793
2006-08-08,10.898242950439453
2006-08-09,10.792088508605957
2006-08-10,10.854991912841797
2006-08-11,10.744913101196289
2006-08-14,10.772431373596191
2006-08-15,10.996525764465332
2006-08-16,11.165586471557617
2006-08-17,11.189169883728027
2006-08-18,11.208831787109375
2006-08-21,11.106613159179688
2006-08-22,11.134136199951172
2006-08-23,10.988665580749512
2006-08-24,10.984735488891602
2006-08-25,10.988665580749512
2006-08-28,11.09875202178955
2006-08-29,11.232419967651367
2006-08-30,11.311050415039062
2006-08-31,11.330706596374512
2006-09-01,11.38968563079834
2006-09-05,11.48010540008545
2006-09-06,11.263875007629395
2006-09-07,11.208831787109375
2006-09-08,11.233274459838867
2006-09-11,11.19384765625
2006-09-12,11.44619369506836
2006-09-13,11.56447982788086
2006-09-14,11.505332946777344
2006-09-15,11.513221740722656
2006-09-18,11.525053977966309
2006-09-19,11.473794937133789
2006-09-20,11.607851028442383
2006-09-21,11.48167610168457
2006-09-22,11.363390922546387
2006-09-25,11.485625267028809
2006-09-26,11.536884307861328
2006-09-27,11.5684232711792
2006-09-28,11.556594848632812
2006-09-29,11.465910911560059
2006-10-02,11.371278762817383
2006-10-03,11.375223159790039
2006-10-04,11.58419132232666
2006-10-05,11.714310646057129
2006-10-06,11.670938491821289
2006-10-09,11.75373649597168
2006-10-10,11.769509315490723
2006-10-11,11.70642375946045
2006-10-12,11.939051628112793
2006-10-13,12.021855354309082
2006-10-16,12.124367713928223
2006-10-17,12.057340621948242
2006-10-18,12.049454689025879
2006-10-19,12.108596801757812
2006-10-20,12.029740333557129
2006-10-23,12.057340621948242
2006-10-24,12.069170951843262
2006-10-25,12.132253646850586
2006-10-26,12.242653846740723
2006-10-27,12.08099365234375
2006-10-30,12.15196704864502
2006-10-31,12.088882446289062
2006-11-01,11.868082046508789
2006-11-02,11.84836483001709
2006-11-03,11.887795448303223
2006-11-06,12.061285972595215
2006-11-07,12.084941864013672
2006-11-08,12.191399574279785
2006-11-09,12.088882446289062
2006-11-10,12.1992826461792
2006-11-13,12.254485130310059
2006-11-14,12.435863494873047
2006-11-15,12.542314529418945
2006-11-16,12.522600173950195
2006-11-17,12.479227066040039
2006-11-20,12.494998931884766
2006-11-21,12.53049087524414
2006-11-22,12.550201416015625
2006-11-24,12.546256065368652
2006-11-27,12.254485130310059
2006-11-28,12.29391098022461
2006-11-29,12.424026489257812
2006-11-30,12.455574989318848
2006-12-01,12.360942840576172
2006-12-04,12.593575477600098
2006-12-05,12.633001327514648
2006-12-06,12.625117301940918
2006-12-07,12.581742286682129
2006-12-08,12.56991195678711
2006-12-11,12.61328411102295
2006-12-12,12.542314529418945
2006-12-13,12.554147720336914
2006-12-14,12.652717590332031
2006-12-15,12.660606384277344
2006-12-18,12.49106502532959
2006-12-19,12.503877639770508
2006-12-20,12.555121421813965
2006-12-21,12.529498100280762
2006-12-22,12.495338439941406
2006-12-26,12.640530586242676
2006-12-27,12.777180671691895
2006-12-28,12.730210304260254
2006-12-29,12.61490535736084
2007-01-03,12.64480209350586
2007-01-04,12.661883354187012
2007-01-05,12.431282043457031
2007-01-08,12.452629089355469
2007-01-09,12.503877639770508
2007-01-10,12.51241683959961
2007-01-11,12.674690246582031
2007-01-12,12.755836486816406
2007-01-16,12.743021965026855
2007-01-17,12.696041107177734
2007-01-18,12.54658317565918
2007-01-19,12.661883354187012
2007-01-22,12.54658317565918
2007-01-23,12.64907169342041
2007-01-24,12.789999008178711
2007-01-25,12.619179725646973
2007-01-26,12.683238983154297
2007-01-29,12.768643379211426
2007-01-30,12.845512390136719
2007-01-31,12.89249038696289
2007-02-01,12.990707397460938
2007-02-02,13.024871826171875
2007-02-05,13.016334533691406
2007-02-06,13.097471237182617
2007-02-07,13.170069694519043
2007-02-08,13.182879447937012
2007-02-09,13.046223640441895
2007-02-12,13.03768539428711
2007-02-13,13.127364158630371
2007-02-14,13.170069694519043
2007-02-15,13.204230308532715
2007-02-16,13.212766647338867
2007-02-20,13.332341194152832
2007-02-21,13.353696823120117
2007-02-22,13.392128944396973
2007-02-23,13.349421501159668
2007-02-26,13.31525707244873
2007-02-27,12.8284273147583
2007-02-28,12.862594604492188
2007-03-01,12.82415771484375
2007-03-02,12.602092742919922
2007-03-05,12.375761985778809
2007-03-06,12.657615661621094
2007-03-07,12.64907169342041
2007-03-08,12.728974342346191
2007-03-09,12.788797378540039
2007-03-12,12.857166290283203
2007-03-13,12.558055877685547
2007-03-14,12.647789001464844
2007-03-15,12.784517288208008
2007-03-16,12.694792747497559
2007-03-19,12.831521987915039
2007-03-20,12.934073448181152
2007-03-21,13.12208366394043
2007-03-22,13.109259605407715
2007-03-23,13.143448829650879
2007-03-26,13.130626678466797
2007-03-27,13.019532203674316
2007-03-28,12.942622184753418
2007-03-29,12.981081008911133
2007-03-30,13.002443313598633
2007-04-02,13.040904998779297
2007-04-03,13.181901931762695
2007-04-04,13.147720336914062
2007-04-05,13.190448760986328
2007-04-09,13.177630424499512
2007-04-10,13.24599552154541
2007-04-11,13.156268119812012
2007-04-12,13.258814811706543
2007-04-13,13.32290267944336
2007-04-16,13.515192031860352
2007-04-17,13.468186378479004
2007-04-18,13.425456047058105
2007-04-19,13.339997291564941
2007-04-20,13.502370834350586
2007-04-23,13.442546844482422
2007-04-24,13.416913032531738
2007-04-25,13.545101165771484
2007-04-26,13.562191009521484
2007-04-27,13.472461700439453
2007-04-30,13.237447738647461
2007-05-01,13.288727760314941
2007-05-02,13.472461700439453
2007-05-03,13.472461700439453
2007-05-04,13.515192031860352
2007-05-07,13.523733139038086
2007-05-08,13.519460678100586
2007-05-09,13.5750150680542
2007-05-10,13.365639686584473
2007-05-11,13.519460678100586
2007-05-14,13.412638664245605
2007-05-15,13.301541328430176
2007-05-16,13.404094696044922
2007-05-17,13.348544120788574
2007-05-18,13.455368995666504
2007-05-21,13.57928466796875
2007-05-22,13.677559852600098
2007-05-23,13.617743492126465
2007-05-24,13.412638664245605
2007-05-25,13.515192031860352
2007-05-29,13.6220121383667
2007-05-30,13.698925971984863
2007-05-31,13.720293045043945
2007-06-01,13.844196319580078
2007-06-04,13.895483016967773
2007-06-05,13.775835037231445
2007-06-06,13.6690092086792
2007-06-07,13.442546844482422
2007-06-08,13.589932441711426
2007-06-11,13.559943199157715
2007-06-12,13.380001068115234
2007-06-13,13.521382331848145
2007-06-14,13.594210624694824
2007-06-15,13.757022857666016
2007-06-18,13.73987865447998
2007-06-19,13.769872665405273
2007-06-20,13.602782249450684
2007-06-21,13.658479690551758
2007-06-22,13.551368713378906
2007-06-25,13.444266319274902
2007-06-26,13.388567924499512
2007-06-27,13.538520812988281
2007-06-28,13.585643768310547
2007-06-29,13.508527755737305
2007-07-02,13.671331405639648
2007-07-03,13.718461036682129
2007-07-05,13.735602378845215
2007-07-06,13.774153709411621
2007-07-09,13.81700325012207
2007-07-10,13.564229011535645
2007-07-11,13.611351013183594
2007-07-12,13.838424682617188
2007-07-13,13.829853057861328
2007-07-16,13.722744941711426
2007-07-17,13.748452186584473
2007-07-18,13.688471794128418
2007-07-19,13.752739906311035
2007-07-20,13.521382331848145
2007-07-23,13.525667190551758
2007-07-24,13.152929306030273
2007-07-25,13.131508827209473
2007-07-26,12.724493980407715
2007-07-27,12.488851547241211
2007-07-30,12.578825950622559
2007-07-31,12.47599983215332
2007-08-01,12.441727638244629
2007-08-02,12.48028564453125
2007-08-03,11.987588882446289
2007-08-06,12.051849365234375
2007-08-07,12.111836433410645
2007-08-08,12.330333709716797
2007-08-09,12.081847190856934
2007-08-10,12.300344467163086
2007-08-13,12.214654922485352
2007-08-14,11.970451354980469
2007-08-15,11.76480484008789
2007-08-16,12.026147842407227
2007-08-17,12.278922080993652
2007-08-20,12.278922080993652
2007-08-21,12.313196182250977
2007-08-22,12.48028564453125
2007-08-23,12.334624290466309
2007-08-24,12.493136405944824
2007-08-27,12.364609718322754
2007-08-28,12.01757526397705
2007-08-29,12.317483901977539
2007-08-30,12.227509498596191
2007-08-31,12.381749153137207
2007-09-04,12.493136405944824
2007-09-05,12.326050758361816
2007-09-06,12.360321998596191
2007-09-07,12.111836433410645
2007-09-10,12.00299072265625
2007-09-11,12.15356731414795
2007-09-12,12.076128005981445
2007-09-13,12.114847183227539
2007-09-14,12.157866477966309
2007-09-17,12.028802871704102
2007-09-18,12.532151222229004
2007-09-19,12.69133186340332
2007-09-20,12.55366325378418
2007-09-21,12.570874214172363
2007-09-24,12.390183448791504
2007-09-25,12.304137229919434
2007-09-26,12.381577491760254
2007-09-27,12.463321685791016
2007-09-28,12.347161293029785
2007-10-01,12.622498512268066
2007-10-02,12.73866081237793
2007-10-03,12.635406494140625
2007-10-04,12.656913757324219
2007-10-05,12.893533706665039
2007-10-08,12.803189277648926
2007-10-09,12.867717742919922
2007-10-10,12.824695587158203
2007-10-11,12.717142105102539
2007-10-12,12.798885345458984
2007-10-15,12.618194580078125
2007-10-16,12.519247055053711
2007-10-17,12.506340980529785
2007-10-18,12.484832763671875
2007-10-19,12.080427169799805
2007-10-22,12.248210906982422
2007-10-23,12.342860221862793
2007-10-24,12.235305786132812
2007-10-25,12.18367862701416
2007-10-26,12.403083801269531
2007-10-29,12.381577491760254
2007-10-30,12.325654029846191
2007-10-31,12.484832763671875
2007-11-01,11.96427059173584
2007-11-02,11.947061538696289
2007-11-05,11.843810081481934
2007-11-06,11.990077018737793
2007-11-07,11.581379890441895
2007-11-08,11.73625659942627
2007-11-09,11.645907402038574
2007-11-12,11.602886199951172
2007-11-13,11.925548553466797
2007-11-14,11.766366958618164
2007-11-15,11.607189178466797
2007-11-16,11.538359642028809
2007-11-19,11.237204551696777
2007-11-20,11.2156982421875
2007-11-21,11.086631774902344
2007-11-23,11.331846237182617
2007-11-26,10.996285438537598
2007-11-27,11.086631774902344
2007-11-28,11.448012351989746
2007-11-29,11.353360176086426
2007-11-30,11.39638900756836
2007-12-03,11.232903480529785
2007-12-04,11.125353813171387
2007-12-05,11.284530639648438
2007-12-06,11.611491203308105
2007-12-07,11.598584175109863
2007-12-10,11.693229675292969
2007-12-11,11.353360176086426
2007-12-12,11.413599967956543
2007-12-13,11.370575904846191
2007-12-14,11.10814380645752
2007-12-17,10.940361976623535
2007-12-18,11.151165008544922
2007-12-19,11.119528770446777
2007-12-20,11.284791946411133
2007-12-21,11.530311584472656
2007-12-24,11.662519454956055
2007-12-26,11.681410789489746
2007-12-27,11.350889205932617
2007-12-28,11.308390617370605
2007-12-31,11.256452560424805
2008-01-02,11.072312355041504
2008-01-03,10.8928861618042
2008-01-04,10.54820442199707
2008-01-07,10.609583854675293
2008-01-08,10.29796028137207
2008-01-09,10.387667655944824
2008-01-10,10.50571060180664
2008-01-11,10.2885103225708
2008-01-14,10.41127872467041
2008-01-15,10.212967872619629
2008-01-16,10.302682876586914
2008-01-17,10.028825759887695
2008-01-18,9.939105987548828
2008-01-22,9.958000183105469
2008-01-23,10.354619979858398
2008-01-24,10.359341621398926
2008-01-25,10.293240547180176
2008-01-28,10.55765151977539
2008-01-29,10.609583854675293
2008-01-30,10.491543769836426
2008-01-31,10.812617301940918
2008-02-01,11.043980598449707
2008-02-04,10.911776542663574
2008-02-05,10.62375259399414
2008-02-06,10.54348373413086
2008-02-07,10.699297904968262
2008-02-08,10.637922286987305
2008-02-11,10.670970916748047
2008-02-12,10.737072944641113
2008-02-13,10.97315788269043
2008-02-14,10.755958557128906
2008-02-15,10.694581031799316
2008-02-19,10.732349395751953
2008-02-20,10.864559173583984
2008-02-21,10.666251182556152
2008-02-22,10.666251182556152
2008-02-25,10.883444786071777
2008-02-26,11.010931968688965
2008-02-27,11.010931968688965
2008-02-28,10.807896614074707
2008-02-29,10.50571060180664
2008-03-03,10.45377254486084
2008-03-04,10.434883117675781
2008-03-05,10.467936515808105
2008-03-06,10.179923057556152
2008-03-07,10.170473098754883
2008-03-10,9.991778373718262
2008-03-11,10.408892631530762
2008-03-12,10.266694068908691
2008-03-13,10.47999382019043
2008-03-14,10.214552879333496
2008-03-17,10.053396224975586
2008-03-18,10.489466667175293
2008-03-19,10.224031448364258
2008-03-20,10.484734535217285
2008-03-24,10.759642601013184
2008-03-25,10.863924980163574
2008-03-26,10.788086891174316
2008-03-27,10.626928329467773
2008-03-28,10.503691673278809
2008-03-31,10.593749046325684
2008-04-01,10.901846885681152
2008-04-02,10.911324501037598
2008-04-03,10.911324501037598
2008-04-04,10.906579971313477
2008-04-07,10.911324501037598
2008-04-08,10.887621879577637
2008-04-09,10.664849281311035
2008-04-10,10.792823791503906
2008-04-11,10.513167381286621
2008-04-14,10.494213104248047
2008-04-15,10.598489761352539
2008-04-16,10.892369270324707
2008-04-17,10.807047843933105
2008-04-18,11.006124496459961
2008-04-21,10.911324501037598
2008-04-22,10.679070472717285
2008-04-23,10.636412620544434
2008-04-24,10.797567367553711
2008-04-25,10.844961166381836
2008-04-28,10.925543785095215
2008-04-29,10.840230941772461
2008-04-30,10.769125938415527
2008-05-01,10.9966402053833
2008-05-02,10.939764022827148
2008-05-05,10.911324501037598
2008-05-06,11.020342826843262
2008-05-07,10.83548355102539
2008-05-08,10.873406410217285
2008-05-09,10.873406410217285
2008-05-12,11.053525924682617
2008-05-13,11.119882583618164
2008-05-14,11.119882583618164
2008-05-15,11.233641624450684
2008-05-16,11.176759719848633
2008-05-19,11.157803535461426
2008-05-20,11.129364013671875
2008-05-21,10.9966402053833
2008-05-22,11.077224731445312
2008-05-23,10.916061401367188
2008-05-27,11.044045448303223
2008-05-28,11.081965446472168
2008-05-29,11.181503295898438
2008-05-30,11.214683532714844
2008-06-02,11.105668067932129
2008-06-03,11.096183776855469
2008-06-04,11.143587112426758
2008-06-05,11.413756370544434
2008-06-06,11.063002586364746
2008-06-09,10.982423782348633
2008-06-10,10.95489501953125
2008-06-11,10.731809616088867
2008-06-12,10.77927017211914
2008-06-13,10.93591022491455
2008-06-16,11.030839920043945
2008-06-17,10.940653800964355
2008-06-18,10.840975761413574
2008-06-19,10.91691780090332
2008-06-20,10.741301536560059
2008-06-23,10.6083984375
2008-06-24,10.44227409362793
2008-06-25,10.546696662902832
2008-06-26,10.280895233154297
2008-06-27,10.223934173583984
2008-06-30,10.081541061401367
2008-07-01,10.095782279968262
2008-07-02,9.810992240905762
2008-07-03,9.716058731079102
2008-07-07,9.587906837463379
2008-07-08,9.929657936096191
2008-07-09,9.67334270477295
2008-07-10,9.730301856994629
2008-07-11,9.749285697937012
2008-07-14,9.573665618896484
2008-07-15,9.473992347717285
2008-07-16,9.848962783813477
2008-07-17,10.057808876037598
2008-07-18,10.029329299926758
2008-07-21,10.110015869140625
2008-07-22,10.371077537536621
2008-07-23,10.390066146850586
2008-07-24,10.110015869140625
2008-07-25,10.21919059753418
2008-07-28,10.01508903503418
2008-07-29,10.318865776062012
2008-07-30,10.371077537536621
2008-07-31,10.290388107299805
2008-08-01,10.337850570678711
2008-08-04,10.162230491638184
2008-08-05,10.437528610229492
2008-08-06,10.456517219543457
2008-08-07,10.238174438476562
2008-08-08,10.579922676086426
2008-08-11,10.840975761413574
2008-08-12,10.769782066345215
2008-08-13,10.788763999938965
2008-08-14,10.888448715209961
2008-08-15,10.89793872833252
2008-08-18,10.712822914123535
2008-08-19,10.556188583374023
2008-08-20,10.575178146362305
2008-08-21,10.494490623474121
2008-08-22,10.684347152709961
2008-08-25,10.44227409362793
2008-08-26,10.499234199523926
2008-08-27,10.627387046813965
2008-08-28,10.821993827819824
2008-08-29,10.717570304870605
2008-09-02,10.741301536560059
2008-09-03,10.840975761413574
2008-09-04,10.546696662902832
2008-09-05,10.598907470703125
2008-09-08,10.845730781555176
2008-09-09,10.496784210205078
2008-09-10,10.653879165649414
2008-09-11,10.7014799118042
2008-09-12,10.696722984313965
2008-09-15,10.254000663757324
2008-09-16,10.539632797241211
2008-09-17,10.020737648010254
2008-09-18,10.696722984313965
2008-09-19,11.196571350097656
2008-09-22,10.672921180725098
2008-09-23,10.506305694580078
2008-09-24,10.315887451171875
2008-09-25,10.415858268737793
2008-09-26,10.382533073425293
2008-09-29,9.701789855957031
2008-09-30,9.977895736694336
2008-10-01,9.89220905303955
2008-10-02,9.401883125305176
2008-10-03,9.149578094482422
2008-10-06,8.854429244995117
2008-10-07,8.283178329467773
2008-10-08,8.054677963256836
2008-10-09,7.321568012237549
2008-10-10,7.62147331237793
2008-10-13,8.24033260345459
2008-10-14,8.059436798095703
2008-10-15,7.350128173828125
2008-10-16,7.783332347869873
2008-10-17,7.60719108581543
2008-10-20,7.840456008911133
2008-10-21,7.626236915588379
2008-10-22,7.22635555267334
2008-10-23,7.069263458251953
2008-10-24,6.84552001953125
2008-10-27,6.574176788330078
2008-10-28,6.983574867248535
2008-10-29,7.088302135467529
2008-10-30,7.412016868591309
2008-10-31,7.769047260284424
2008-11-03,7.783332347869873
2008-11-04,7.883299827575684
2008-11-05,7.450100421905518
2008-11-06,7.193036079406738
2008-11-07,7.288245677947998
2008-11-10,7.102585792541504
2008-11-11,6.96453332901001
2008-11-12,6.564657211303711
2008-11-13,7.088302135467529
2008-11-14,6.597979545593262
2008-11-17,6.49800968170166
2008-11-18,6.455165386199951
2008-11-19,5.960081100463867
2008-11-20,5.555440902709961
2008-11-21,5.79822301864624
2008-11-24,6.231424331665039
2008-11-25,6.312351703643799
2008-11-26,6.6931891441345215
2008-11-28,6.759835720062256
2008-12-01,5.974359512329102
2008-12-02,6.321874141693115
2008-12-03,6.517050266265869
2008-12-04,6.340914726257324
2008-12-05,6.612259387969971
2008-12-08,6.86932373046875
2008-12-09,6.650343418121338
2008-12-10,6.7692646980285645
2008-12-11,6.4226155281066895
2008-12-12,6.668157577514648
2008-12-15,6.441873550415039
2008-12-16,6.870368957519531
2008-12-17,6.918516635894775
2008-12-18,6.817408561706543
2008-12-19,6.91370153427124
2008-12-22,6.75000524520874
2008-12-23,6.634458065032959
2008-12-24,6.668157577514648
2008-12-26,6.754819393157959
2008-12-29,6.615196228027344
2008-12-30,6.8607401847839355
2008-12-31,7.115912914276123
2009-01-02,7.236276626586914
2009-01-05,7.1929450035095215
2009-01-06,7.380712985992432
2009-01-07,7.1255412101745605
2009-01-08,7.221832752227783
2009-01-09,6.904070854187012
2009-01-12,6.70186185836792
2009-01-13,6.764449596405029
2009-01-14,6.4370598793029785
2009-01-15,6.528535842895508
2009-01-16,6.552608489990234
2009-01-20,6.061522483825684
2009-01-21,6.369653701782227
2009-01-22,6.148186206817627
2009-01-23,6.157816410064697
2009-01-26,6.2348504066467285
2009-01-27,6.3215107917785645
2009-01-28,6.586310863494873
2009-01-29,6.26373291015625
2009-01-30,6.100041389465332
2009-02-02,6.162629127502441
2009-02-03,6.181888580322266
2009-02-04,6.128927230834961
2009-02-05,6.24447774887085
2009-02-06,6.5333476066589355
2009-02-09,6.485206127166748
2009-02-10,6.153000354766846
2009-02-11,6.181888580322266
2009-02-12,6.201147079467773
2009-02-13,6.157816410064697
2009-02-17,5.864126682281494
2009-02-18,5.782277584075928
2009-02-19,5.657101631164551
2009-02-20,5.555996417999268
2009-02-23,5.329712867736816
2009-02-24,5.599328994750977
2009-02-25,5.450074672698975
2009-02-26,5.387485027313232
2009-02-27,5.324899196624756
2009-03-02,5.324899196624756
2009-03-03,4.925289154052734
2009-03-04,5.050467014312744
2009-03-05,4.718263626098633
2009-03-06,4.732706546783447
2009-03-09,4.6267876625061035
2009-03-10,4.9975080490112305
2009-03-11,5.002322196960449
2009-03-12,5.34896993637085
2009-03-13,5.397115230560303
2009-03-16,5.334525108337402
2009-03-17,5.589696884155273
2009-03-18,5.820797920227051
2009-03-19,5.753394603729248
2009-03-20,5.594513416290283
2009-03-23,6.100041389465332
2009-03-24,5.840054988861084
2009-03-25,5.97967529296875
2009-03-26,6.268550872802734
2009-03-27,6.047079086303711
2009-03-30,5.79190731048584
2009-03-31,5.8785719871521
2009-04-01,6.023006439208984
2009-04-02,6.374470233917236
2009-04-03,6.475575923919678
2009-04-06,6.3407673835754395
2009-04-07,6.119297981262207
2009-04-08,6.273365020751953
2009-04-09,6.706675052642822
2009-04-13,6.730748176574707
2009-04-14,6.490020751953125
2009-04-15,6.615196228027344
2009-04-16,6.822223663330078
2009-04-17,6.923327445983887
2009-04-20,6.451502799987793
2009-04-21,6.754819393157959
2009-04-22,6.778892517089844
2009-04-23,6.70186185836792
2009-04-24,6.894443988800049
2009-04-27,6.725932598114014
2009-04-28,6.788521766662598
2009-04-29,7.082210063934326
2009-04-30,7.034063339233398
2009-05-01,7.043691635131836
2009-05-04,7.356640815734863
2009-05-05,7.308491230010986
2009-05-06,7.380712985992432
2009-05-07,7.168869495391846
2009-05-08,7.510705471038818
2009-05-11,7.322936058044434
2009-05-12,7.1929450035095215
2009-05-13,6.822223663330078
2009-05-14,6.966660022735596
2009-05-15,6.884812831878662
2009-05-18,7.202573299407959
2009-05-19,7.16405725479126
2009-05-20,7.091838836669922
2009-05-21,6.976290225982666
2009-05-22,6.918516635894775
2009-05-26,7.260347843170166
2009-05-27,7.096653938293457
2009-05-28,7.130352973937988
2009-05-29,7.260347843170166
2009-06-01,7.568478584289551
2009-06-02,7.616624355316162
2009-06-03,7.525149345397949
2009-06-04,7.684030532836914
2009-06-05,7.664770126342773
2009-06-08,7.592554092407227
2009-06-09,7.648044586181641
2009-06-10,7.59496545791626
2009-06-11,7.643218994140625
2009-06-12,7.619090557098389
2009-06-15,7.387478828430176
2009-06-16,7.252372741699219
2009-06-17,7.257197380065918
2009-06-18,7.276499271392822
2009-06-19,7.324748516082764
2009-06-22,6.9966325759887695
2009-06-23,6.948380947113037
2009-06-24,7.035232067108154
2009-06-25,7.247544288635254
2009-06-26,7.353702545166016
2009-06-29,7.33922815322876
2009-06-30,7.286147594451904
2009-07-01,7.469507217407227
2009-07-02,7.175169467926025
2009-07-06,7.112438201904297
2009-07-07,6.986981391906738
2009-07-08,6.933903694152832
2009-07-09,6.938727855682373
2009-07-10,6.967679977416992
2009-07-13,7.189641952514648
2009-07-14,7.252372741699219
2009-07-15,7.561192035675049
2009-07-16,7.662517070770264
2009-07-17,7.6335673332214355
2009-07-20,7.759026527404785
2009-07-21,7.70594596862793
2009-07-22,7.773499488830566
2009-07-23,8.029237747192383
2009-07-24,8.082315444946289
2009-07-27,8.140219688415527
2009-07-28,8.14504623413086
2009-07-29,8.087141036987305
2009-07-30,8.260852813720703
2009-07-31,8.26567554473877
2009-08-03,8.453861236572266
2009-08-04,8.540718078613281
2009-08-05,8.473161697387695
2009-08-06,8.367009162902832
2009-08-07,8.6130952835083
2009-08-10,8.632397651672363
2009-08-11,8.473161697387695
2009-08-12,8.627572059631348
2009-08-13,8.695127487182617
2009-08-14,8.51176643371582
2009-08-17,8.24637222290039
2009-08-18,8.41043472290039
2009-08-19,8.482813835144043
2009-08-20,8.588968276977539
2009-08-21,8.815756797790527
2009-08-24,8.806106567382812
2009-08-25,8.864007949829102
2009-08-26,8.864007949829102
2009-08-27,8.88813591003418
2009-08-28,8.84953498840332
2009-08-31,8.690299987792969
2009-09-01,8.439386367797852
2009-09-02,8.39596176147461
2009-09-03,8.521416664123535
2009-09-04,8.66617202758789
2009-09-08,8.753026962280273
2009-09-09,8.922097206115723
2009-09-10,9.081509590148926
2009-09-11,9.062185287475586
2009-09-14,9.153965950012207
2009-09-15,9.269902229309082
2009-09-16,9.487274169921875
2009-09-17,9.438973426818848
2009-09-18,9.463128089904785
2009-09-21,9.405158996582031
2009-09-22,9.511429786682129
2009-09-23,9.38583755493164
2009-09-24,9.187780380249023
2009-09-25,9.134647369384766
2009-09-28,9.38583755493164
2009-09-29,9.366511344909668
2009-09-30,9.24091911315918
2009-10-01,8.893115043640137
2009-10-02,8.820656776428223
2009-10-05,9.023539543151855
2009-10-06,9.221596717834473
2009-10-07,9.236087799072266
2009-10-08,9.361682891845703
2009-10-09,9.458291053771973
2009-10-12,9.45346450805664
2009-10-13,9.419650077819824
2009-10-14,9.646685600280762
2009-10-15,9.637027740478516
2009-10-16,9.487274169921875
2009-10-19,9.598381042480469
2009-10-20,9.472786903381348
2009-10-21,9.327866554260254
2009-10-22,9.482444763183594
2009-10-23,9.231257438659668
2009-10-26,9.076676368713379
2009-10-27,8.960744857788086
2009-10-28,8.637096405029297
2009-10-29,8.868962287902832
2009-10-30,8.54531192779541
2009-11-02,8.511497497558594
2009-11-03,8.651585578918457
2009-11-04,8.540478706359863
2009-11-05,8.839975357055664
2009-11-06,8.825489044189453
2009-11-09,9.04769515991211
2009-11-10,8.960744857788086
2009-11-11,9.057353019714355
2009-11-12,8.849637985229492
2009-11-13,8.931760787963867
2009-11-16,9.187780380249023
2009-11-17,9.192612648010254
2009-11-18,9.168458938598633
2009-11-19,8.931760787963867
2009-11-20,8.92693042755127
2009-11-23,9.071847915649414
2009-11-24,9.023539543151855
2009-11-25,9.023539543151855
2009-11-27,8.777182579040527
2009-11-30,8.810991287231445
2009-12-01,8.955911636352539
2009-12-02,9.042864799499512
2009-12-03,8.912436485290527
2009-12-04,9.149138450622559
2009-12-07,9.163627624511719
2009-12-08,9.071847915649414
2009-12-09,9.082502365112305
2009-12-10,9.029219627380371
2009-12-11,9.121254920959473
2009-12-14,9.261731147766113
2009-12-15,9.203604698181152
2009-12-16,9.300482749938965
2009-12-17,9.203604698181152
2009-12-18,9.29564094543457
2009-12-21,9.407051086425781
2009-12-22,9.494241714477539
2009-12-23,9.586277961730957
2009-12-24,9.63956356048584
2009-12-28,9.625031471252441
2009-12-29,9.620185852050781
2009-12-30,9.625031471252441
2009-12-31,9.50877571105957
2010-01-04,9.765509605407715
2010-01-05,9.755820274353027
2010-01-06,9.74128532409668
2010-01-07,9.847856521606445
2010-01-08,9.925360679626465
2010-01-11,9.896296501159668
2010-01-12,9.74128532409668
2010-01-13,9.867231369018555
2010-01-14,9.930207252502441
2010-01-15,9.789730072021484
2010-01-19,9.944735527038574
2010-01-20,9.80910587310791
2010-01-21,9.634720802307129
2010-01-22,9.445805549621582
2010-01-25,9.479713439941406
2010-01-26,9.402209281921387
2010-01-27,9.484551429748535
2010-01-28,9.31017017364502
2010-01-29,9.20844841003418
2010-02-01,9.353764533996582
2010-02-02,9.445805549621582
2010-02-03,9.382833480834961
2010-02-04,9.04859447479248
2010-02-05,9.097036361694336
2010-02-08,8.995309829711914
2010-02-09,9.169693946838379
2010-02-10,9.189071655273438
2010-02-11,9.348930358886719
2010-02-12,9.42642879486084
2010-02-16,9.61534309387207
2010-02-17,9.678313255310059
2010-02-18,9.765509605407715
2010-02-19,9.838166236877441
2010-02-22,9.857545852661133
2010-02-23,9.717066764831543
2010-02-24,9.799417495727539
2010-02-25,9.818791389465332
2010-02-26,9.77519702911377
2010-03-01,10.002862930297852
2010-03-02,10.090057373046875
2010-03-03,10.123966217041016
2010-03-04,10.182090759277344
2010-03-05,10.390387535095215
2010-03-08,10.414599418640137
2010-03-09,10.457250595092773
2010-03-10,10.544473648071289
2010-03-11,10.5735502243042
2010-03-12,10.554163932800293
2010-03-15,10.515397071838379
2010-03-16,10.617157936096191
2010-03-17,10.714077949523926
2010-03-18,10.670463562011719
2010-03-19,10.534780502319336
2010-03-22,10.680158615112305
2010-03-23,10.801301002502441
2010-03-24,10.723769187927246
2010-03-25,10.626847267150879
2010-03-26,10.636544227600098
2010-03-29,10.709230422973633
2010-03-30,10.728610038757324
2010-03-31,10.641389846801758
2010-04-01,10.757688522338867
2010-04-05,11.01935863494873
2010-04-06,11.092040061950684
2010-04-07,11.101739883422852
2010-04-08,11.125967979431152
2010-04-09,11.18411922454834
2010-04-12,11.237425804138184
2010-04-13,11.242265701293945
2010-04-14,11.537859916687012
2010-04-15,11.591165542602539
2010-04-16,11.402181625366211
2010-04-19,11.368257522583008
2010-04-20,11.547548294067383
2010-04-21,11.64447021484375
2010-04-22,11.833459854125977
2010-04-23,11.988519668579102
2010-04-26,11.95460033416748
2010-04-27,11.600858688354492
2010-04-28,11.63962459564209
2010-04-29,11.901298522949219
2010-04-30,11.50394058227539
2010-05-03,11.741382598876953
2010-05-04,11.295573234558105
2010-05-05,11.087203025817871
2010-05-06,10.636544227600098
2010-05-07,10.282794952392578
2010-05-10,10.922447204589844
2010-05-11,11.01451301574707
2010-05-12,11.348875999450684
2010-05-13,11.227727890014648
2010-05-14,10.961212158203125
2010-05-17,10.975748062133789
2010-05-18,10.738304138183594
2010-05-19,10.592931747436523
2010-05-20,9.992053985595703
2010-05-21,10.161650657653809
2010-05-24,9.996892929077148
2010-05-25,9.982359886169434
2010-05-26,10.025967597961426
2010-05-27,10.529936790466309
2010-05-28,10.365174293518066
2010-06-01,9.962974548339844
2010-06-02,10.25372314453125
2010-06-03,10.345794677734375
2010-06-04,9.803062438964844
2010-06-07,9.517156600952148
2010-06-08,9.49293327331543
2010-06-09,9.49293327331543
2010-06-10,9.861210823059082
2010-06-11,10.006585121154785
2010-06-14,10.069583892822266
2010-06-15,10.365174293518066
2010-06-16,10.311873435974121
2010-06-17,10.277955055236816
2010-06-18,10.311873435974121
2010-06-21,10.210108757019043
2010-06-22,9.972662925720215
2010-06-23,9.948434829711914
2010-06-24,9.749760627746582
2010-06-25,9.95812702178955
2010-06-28,9.885443687438965
2010-06-29,9.43962574005127
2010-06-30,9.313638687133789
2010-07-01,9.221569061279297
2010-07-02,9.114956855773926
2010-07-06,8.964739799499512
2010-07-07,9.318485260009766
2010-07-08,9.488081932067871
2010-07-09,9.648000717163086
2010-07-12,9.52685260772705
2010-07-13,9.899981498718262
2010-07-14,9.861210823059082
2010-07-15,9.773990631103516
2010-07-16,9.37178897857666
2010-07-19,9.415403366088867
2010-07-20,9.609225273132324
2010-07-21,9.444476127624512
2010-07-22,9.836984634399414
2010-07-23,10.084120750427246
2010-07-26,10.268261909484863
2010-07-27,10.23434066772461
2010-07-28,10.079270362854004
2010-07-29,10.132575988769531
2010-07-30,10.122885704040527
2010-08-02,10.307027816772461
2010-08-03,10.166497230529785
2010-08-04,10.302176475524902
2010-08-05,10.214960098266602
2010-08-06,10.14227294921875
2010-08-09,10.292488098144531
2010-08-10,10.069583892822266
2010-08-11,9.628612518310547
2010-08-12,9.575309753417969
2010-08-13,9.459010124206543
2010-08-16,9.541391372680664
2010-08-17,9.730378150939941
2010-08-18,9.759449005126953
2010-08-19,9.483238220214844
2010-08-20,9.473548889160156
2010-08-23,9.303943634033203
2010-08-24,9.17310905456543
2010-08-25,9.30879020690918
2010-08-26,9.221569061279297
2010-08-27,9.488081932067871
2010-08-30,9.25064468383789
2010-08-31,9.274869918823242
2010-09-01,9.652839660644531
2010-09-02,9.773990631103516
2010-09-03,9.967819213867188
2010-09-07,9.715840339660645
2010-09-08,9.790556907653809
2010-09-09,9.814811706542969
2010-09-10,9.853621482849121
2010-09-13,10.120460510253906
2010-09-14,10.071948051452637
2010-09-15,10.135018348693848
2010-09-16,10.037982940673828
2010-09-17,10.086503982543945
2010-09-20,10.3727445602417
2010-09-21,10.309678077697754
2010-09-22,10.15927505493164
2010-09-23,10.028280258178711
2010-09-24,10.387301445007324
2010-09-27,10.333930969238281
2010-09-28,10.455224990844727
2010-09-29,10.489185333251953
2010-09-30,10.474631309509277
2010-10-01,10.523149490356445
2010-10-04,10.348489761352539
2010-10-05,10.668697357177734
2010-10-06,10.644438743591309
2010-10-07,10.6201810836792
2010-10-08,10.799690246582031
2010-10-11,10.78998851776123
2010-10-12,10.828798294067383
2010-10-13,11.008308410644531
2010-10-14,10.998604774475098
2010-10-15,10.954944610595703
2010-10-18,11.08593463897705
2010-10-19,10.833645820617676
2010-10-20,10.984047889709473
2010-10-21,10.925827980041504
2010-10-22,10.959794998168945
2010-10-25,11.013161659240723
2010-10-26,11.013161659240723
2010-10-27,10.950089454650879
2010-10-28,10.882166862487793
2010-10-29,10.911275863647461
2010-11-01,10.85306167602539
2010-11-02,11.100485801696777
2010-11-03,11.15385913848877
2010-11-04,11.493474006652832
2010-11-05,11.566243171691895
2010-11-08,11.56138801574707
2010-11-09,11.396438598632812
2010-11-10,11.56138801574707
2010-11-11,11.508020401000977
2010-11-12,11.299407005310059
2010-11-15,11.318811416625977
2010-11-16,11.08107852935791
2010-11-17,11.11989688873291
2010-11-18,11.333366394042969
2010-11-19,11.406140327453613
2010-11-22,11.41584300994873
2010-11-23,11.270296096801758
2010-11-24,11.546835899353027
2010-11-26,11.46921443939209
2010-11-29,11.48376750946045
2010-11-30,11.401288986206055
2010-12-01,11.64387035369873
2010-12-02,11.808826446533203
2010-12-03,11.910707473754883
2010-12-06,11.983481407165527
2010-12-07,12.036849975585938
2010-12-08,12.05140495300293
2010-12-09,12.1361083984375
2010-12-10,12.287020683288574
2010-12-13,12.194531440734863
2010-12-14,12.189661026000977
2010-12-15,12.121504783630371
2010-12-16,12.248076438903809
2010-12-17,12.2578125
2010-12-20,12.316228866577148
2010-12-21,12.476875305175781
2010-12-22,12.515816688537598
2010-12-23,12.491479873657227
2010-12-27,12.540160179138184
2010-12-28,12.506085395812988
2010-12-29,12.530424118041992
2010-12-30,12.520686149597168
2010-12-31,12.447667121887207
2011-01-03,12.71054458618164
2011-01-04,12.510952949523926
2011-01-05,12.642387390136719
2011-01-06,12.569367408752441
2011-01-07,12.510952949523926
2011-01-10,12.569367408752441
2011-01-11,12.637523651123047
2011-01-12,12.754356384277344
2011-01-13,12.720279693603516
2011-01-14,12.846848487854004
2011-01-18,12.846848487854004
2011-01-19,12.48660945892334
2011-01-20,12.384380340576172
2011-01-21,12.306498527526855
2011-01-24,12.433062553405762
2011-01-25,12.462268829345703
2011-01-26,12.695938110351562
2011-01-27,12.74461841583252
2011-01-28,12.403852462768555
2011-01-31,12.48660945892334
2011-02-01,12.807905197143555
2011-02-02,12.749485969543457
2011-02-03,12.768959999084473
2011-02-04,12.783562660217285
2011-02-07,12.939342498779297
2011-02-08,13.046438217163086
2011-02-09,12.978287696838379
2011-02-10,13.017231941223145
2011-02-11,13.18761920928955
2011-02-14,13.260637283325195
2011-02-15,13.177876472473145
2011-02-16,13.358000755310059
2011-02-17,13.489433288574219
2011-02-18,13.479698181152344
2011-02-22,13.090253829956055
2011-02-23,12.880926132202148
2011-02-24,12.929603576660156
2011-02-25,13.23629379272461
2011-02-28,13.270369529724121
2011-03-01,13.00749397277832
2011-03-02,13.085382461547852
2011-03-03,13.3677339553833
2011-03-04,13.280111312866211
2011-03-07,13.061046600341797
2011-03-08,13.289844512939453
2011-03-09,13.2655029296875
2011-03-10,12.880926132202148
2011-03-11,12.929603576660156
2011-03-14,12.837116241455078
2011-03-15,12.715410232543945
2011-03-16,12.535292625427246
2011-03-17,12.627785682678223
2011-03-18,12.764091491699219
2011-03-21,13.099990844726562
2011-03-22,13.041568756103516
2011-03-23,13.075648307800293
2011-03-24,13.153535842895508
2011-03-25,13.270369529724121
2011-03-28,13.211955070495605
2011-03-29,13.338526725769043
2011-03-30,13.513777732849121
2011-03-31,13.54298210144043
2011-04-01,13.625733375549316
2011-04-04,13.654946327209473
2011-04-05,13.70849609375
2011-04-06,13.732836723327637
2011-04-07,13.674422264099121
2011-04-08,13.523512840270996
2011-04-11,13.377470016479492
2011-04-12,13.182748794555664
2011-04-13,13.153535842895508
2011-04-14,13.173011779785156
2011-04-15,13.299580574035645
2011-04-18,13.080516815185547
2011-04-19,13.109725952148438
2011-04-20,13.353130340576172
2011-04-21,13.4456205368042
2011-04-25,13.411541938781738
2011-04-26,13.567325592041016
2011-04-27,13.611133575439453
2011-04-28,13.645210266113281
2011-04-29,13.713370323181152
2011-05-02,13.54298210144043
2011-05-03,13.3677339553833
2011-05-04,13.197347640991211
2011-05-05,13.148669242858887
2011-05-06,13.197347640991211
2011-05-09,13.30445384979248
2011-05-10,13.523512840270996
2011-05-11,13.260637283325195
2011-05-12,13.343396186828613
2011-05-13,13.143799781799316
2011-05-16,12.949080467224121
2011-05-17,12.86632251739502
2011-05-18,13.070779800415039
2011-05-19,13.085382461547852
2011-05-20,12.978287696838379
2011-05-23,12.749485969543457
2011-05-24,12.695938110351562
2011-05-25,12.86632251739502
2011-05-26,12.992895126342773
2011-05-27,13.09511947631836
2011-05-31,13.28497314453125
2011-06-01,12.86632251739502
2011-06-02,12.86145305633545
2011-06-03,12.65212345123291
2011-06-06,12.462268829345703
2011-06-07,12.481740951538086
2011-06-08,12.342867851257324
2011-06-09,12.425705909729004
2011-06-10,12.25515365600586
2011-06-13,12.206427574157715
2011-06-14,12.49392318725586
2011-06-15,12.245415687561035
2011-06-16,12.27464771270752
2011-06-17,12.299013137817383
2011-06-20,12.4159574508667
2011-06-21,12.698582649230957
2011-06-22,12.610869407653809
2011-06-23,12.625494956970215
2011-06-24,12.513419151306152
2011-06-27,12.635238647460938
2011-06-28,12.839893341064453
2011-06-29,12.898366928100586
2011-06-30,13.04455852508545
2011-07-01,13.268704414367676
2011-07-05,13.249211311340332
2011-07-06,13.302813529968262
2011-07-07,13.54645824432373
2011-07-08,13.439252853393555
2011-07-11,13.132266998291016
2011-07-12,13.078662872314453
2011-07-13,13.210227966308594
2011-07-14,13.010443687438965
2011-07-15,13.112775802612305
2011-07-18,12.903241157531738
2011-07-19,13.176121711730957
2011-07-20,13.166374206542969
2011-07-21,13.356417655944824
2011-07-22,13.332053184509277
2011-07-25,13.20048713684082
2011-07-26,13.098152160644531
2011-07-27,12.718073844909668
2011-07-28,12.679092407226562
2011-07-29,12.669346809387207
2011-08-01,12.6011323928833
2011-08-02,12.172318458557129
2011-08-03,12.216171264648438
2011-08-04,11.485245704650879
2011-08-05,11.265971183776855
2011-08-08,10.203699111938477
2011-08-09,10.86640453338623
2011-08-10,10.286534309387207
2011-08-11,10.861526489257812
2011-08-12,10.832290649414062
2011-08-15,11.183134078979492
2011-08-16,10.95898723602295
2011-08-17,10.949240684509277
2011-08-18,10.31577205657959
2011-08-19,10.130606651306152
2011-08-22,10.096492767333984
2011-08-23,10.593523979187012
2011-08-24,10.768948554992676
2011-08-25,10.491193771362305
2011-08-26,10.744576454162598
2011-08-29,11.304952621459961
2011-08-30,11.339064598083496
2011-08-31,11.329317092895508
2011-09-01,11.017463684082031
2011-09-02,10.569162368774414
2011-09-06,10.515559196472168
2011-09-07,11.01258659362793
2011-09-08,10.768036842346191
2011-09-09,10.44587230682373
2011-09-12,10.538618087768555
2011-09-13,10.728985786437988
2011-09-14,10.924237251281738
2011-09-15,11.090197563171387
2011-09-16,11.080431938171387
2011-09-19,10.880302429199219
2011-09-20,10.655770301818848
2011-09-21,10.211570739746094
2011-09-22,9.865005493164062
2011-09-23,9.967506408691406
2011-09-26,10.206689834594727
2011-09-27,10.416585922241211
2011-09-28,9.977273941040039
2011-09-29,10.206689834594727
2011-09-30,9.904054641723633
2011-10-03,9.3524751663208
2011-10-04,9.952869415283203
2011-10-05,10.113945960998535
2011-10-06,10.367774963378906
2011-10-07,10.094426155090332
2011-10-10,10.567903518676758
2011-10-11,10.650887489318848
2011-10-12,10.860776901245117
2011-10-13,10.811969757080078
2011-10-14,11.041385650634766
2011-10-17,10.631363868713379
2011-10-18,11.002333641052246
2011-10-19,10.772918701171875
2011-10-20,10.811969757080078
2011-10-21,11.041385650634766
2011-10-24,11.412362098693848
2011-10-25,11.060909271240234
2011-10-26,11.290328979492188
2011-10-27,11.910246849060059
2011-10-28,11.82726001739502
2011-10-31,11.470937728881836
2011-11-01,11.026741981506348
2011-11-02,11.344022750854492
2011-11-03,11.651538848876953
2011-11-04,11.58808422088623
2011-11-07,11.583200454711914
2011-11-08,11.754047393798828
2011-11-09,11.178058624267578
2011-11-10,11.319616317749023
2011-11-11,11.583200454711914
2011-11-14,11.407479286193848
2011-11-15,11.539275169372559
2011-11-16,11.309849739074707
2011-11-17,11.114603996276855
2011-11-18,11.148773193359375
2011-11-21,10.880302429199219
2011-11-22,10.772918701171875
2011-11-23,10.416585922241211
2011-11-25,10.2896728515625
2011-11-28,10.75339412689209
2011-11-29,10.724106788635254
2011-11-30,11.392836570739746
2011-12-01,11.280563354492188
2011-12-02,11.368430137634277
2011-12-05,11.534395217895508
2011-12-06,11.534395217895508
2011-12-07,11.553915977478027
2011-12-08,11.16341781616211
2011-12-09,11.524629592895508
2011-12-12,11.319616317749023
2011-12-13,11.071271896362305
2011-12-14,10.961995124816895
2011-12-15,11.071271896362305
2011-12-16,11.165637969970703
2011-12-19,10.9172945022583
2011-12-20,11.389154434204102
2011-12-21,11.513324737548828
2011-12-22,11.602729797363281
2011-12-23,11.642467498779297
2011-12-27,11.667298316955566
2011-12-28,11.413990020751953
2011-12-29,11.577898025512695
2011-12-30,11.50339126586914
2012-01-03,11.731868743896484
2012-01-04,11.672270774841309
2012-01-05,11.726902961730957
2012-01-06,11.692132949829102
2012-01-09,11.726902961730957
2012-01-10,11.920610427856445
2012-01-11,11.960343360900879
2012-01-12,12.034847259521484
2012-01-13,11.940482139587402
2012-01-17,11.935517311096191
2012-01-18,12.188826560974121
2012-01-19,12.23353385925293
2012-01-20,12.293132781982422
2012-01-23,12.273265838623047
2012-01-24,12.36266803741455
2012-01-25,12.447105407714844
2012-01-26,12.36266803741455
2012-01-27,12.46200942993164
2012-01-30,12.377574920654297
2012-01-31,12.357705116271973
2012-02-01,12.630885124206543
2012-02-02,12.685519218444824
2012-02-03,12.96863842010498
2012-02-06,12.95373249053955
2012-02-07,12.928898811340332
2012-02-08,12.973603248596191
2012-02-09,12.933865547180176
2012-02-10,12.760025978088379
2012-02-13,12.918965339660645
2012-02-14,12.86432933807373
2012-02-15,12.755061149597168
2012-02-16,13.028236389160156
2012-02-17,13.048105239868164
2012-02-21,12.988504409790039
2012-02-22,12.859365463256836
2012-02-23,13.033205032348633
2012-02-24,12.978569030761719
2012-02-27,12.98353385925293
2012-02-28,12.948769569396973
2012-02-29,12.750088691711426
2012-03-01,12.809697151184082
2012-03-02,12.606050491333008
2012-03-05,12.601082801818848
2012-03-06,12.322935104370117
2012-03-07,12.46200942993164
2012-03-08,12.625919342041016
2012-03-09,12.799757957458496
2012-03-12,12.740154266357422
2012-03-13,13.048105239868164
2012-03-14,12.943798065185547
2012-03-15,13.097777366638184
2012-03-16,13.092804908752441
2012-03-19,13.202078819274902
2012-03-20,13.063008308410645
2012-03-21,13.053067207336426
2012-03-22,12.923932075500488
2012-03-23,13.063008308410645
2012-03-26,13.306387901306152
2012-03-27,13.187179565429688
2012-03-28,13.132545471191406
2012-03-29,13.107706069946289
2012-03-30,13.043135643005371
2012-04-02,13.212011337280273
2012-04-03,13.112672805786133
2012-04-04,12.89909553527832
2012-04-05,12.859365463256836
2012-04-09,12.650752067565918
2012-04-10,12.337834358215332
2012-04-11,12.531543731689453
2012-04-12,12.760025978088379
2012-04-13,12.516646385192871
2012-04-16,12.561347961425781
2012-04-17,12.77492618560791
2012-04-18,12.650752067565918
2012-04-19,12.581217765808105
2012-04-20,12.650752067565918
2012-04-23,12.466974258422852
2012-04-24,12.561347961425781
2012-04-25,12.750088691711426
2012-04-26,12.834524154663086
2012-04-27,12.963665008544922
2012-04-30,12.834524154663086
2012-05-01,12.834524154663086
2012-05-02,12.879232406616211
2012-05-03,12.675589561462402
2012-05-04,12.417302131652832
2012-05-07,12.46200942993164
2012-05-08,12.46200942993164
2012-05-09,12.377574920654297
2012-05-10,12.452075004577637
2012-05-11,12.387505531311035
2012-05-14,12.228559494018555
2012-05-15,12.203729629516602
2012-05-16,12.089488983154297
2012-05-17,11.841143608093262
2012-05-18,11.73684024810791
2012-05-21,11.995116233825684
2012-05-22,11.90074348449707
2012-05-23,11.980215072631836
2012-05-24,12.005050659179688
2012-05-25,11.995116233825684
2012-05-29,12.173925399780273
2012-05-30,11.920610427856445
2012-05-31,11.920610427856445
2012-06-01,11.543124198913574
2012-06-04,11.508356094360352
2012-06-05,11.622597694396973
2012-06-06,11.935517311096191
2012-06-07,11.875909805297852
2012-06-08,11.989981651306152
2012-06-11,11.711030006408691
2012-06-12,11.86545181274414
2012-06-13,11.701066017150879
2012-06-14,11.86545181274414
2012-06-15,12.009903907775879
2012-06-18,11.985000610351562
2012-06-19,12.249011039733887
2012-06-20,12.224102973937988
2012-06-21,11.890359878540039
2012-06-22,12.059718132019043
2012-06-25,11.830581665039062
2012-06-26,11.880396842956543
2012-06-27,12.054738998413086
2012-06-28,12.089606285095215
2012-06-29,12.443279266357422
2012-07-02,12.567811012268066
2012-07-03,12.752121925354004
2012-07-05,12.752121925354004
2012-07-06,12.62260627746582
2012-07-09,12.567811012268066
2012-07-10,12.443279266357422
2012-07-11,12.423355102539062
2012-07-12,12.363579750061035
2012-07-13,12.547890663146973
2012-07-16,12.468192100524902
2012-07-17,12.513014793395996
2012-07-18,12.597702980041504
2012-07-19,12.527961730957031
2012-07-20,12.373543739318848
2012-07-23,12.159347534179688
2012-07-24,11.980020523071289
2012-07-25,12.009903907775879
2012-07-26,12.179268836975098
2012-07-27,12.518003463745117
2012-07-30,12.483129501342773
2012-07-31,12.413395881652832
2012-08-01,12.199201583862305
2012-08-02,12.114516258239746
2012-08-03,12.468192100524902
2012-08-06,12.577774047851562
2012-08-07,12.702309608459473
2012-08-08,12.727212905883789
2012-08-09,12.796956062316895
2012-08-10,12.767062187194824
2012-08-13,12.74216365814209
2012-08-14,12.702309608459473
2012-08-15,12.821859359741211
2012-08-16,12.966317176818848
2012-08-17,13.07590389251709
2012-08-20,13.065939903259277
2012-08-21,13.05099868774414
2012-08-22,12.971301078796387
2012-08-23,12.861712455749512
2012-08-24,12.886617660522461
2012-08-27,12.891597747802734
2012-08-28,12.956354141235352
2012-08-29,13.001185417175293
2012-08-30,12.866693496704102
2012-08-31,12.936429023742676
2012-09-04,13.070924758911133
2012-09-05,13.060962677001953
2012-09-06,13.329954147338867
2012-09-07,13.434560775756836
2012-09-10,13.400134086608887
2012-09-11,13.464985847473145
2012-09-12,13.524862289428711
2012-09-13,13.724416732788086
2012-09-14,13.879069328308105
2012-09-17,13.744369506835938
2012-09-18,13.679511070251465
2012-09-19,13.699469566345215
2012-09-20,13.624631881713867
2012-09-21,13.684504508972168
2012-09-24,13.649580001831055
2012-09-25,13.425077438354492
2012-09-26,13.33527946472168
2012-09-27,13.489933967590332
2012-09-28,13.365216255187988
2012-10-01,13.460000991821289
2012-10-02,13.479962348937988
2012-10-03,13.445036888122559
2012-10-04,13.584723472595215
2012-10-05,13.604684829711914
2012-10-08,13.549805641174316
2012-10-09,13.400134086608887
2012-10-10,13.375192642211914
2012-10-11,13.420095443725586
2012-10-12,13.3003568649292
2012-10-15,13.390159606933594
2012-10-16,13.519872665405273
2012-10-17,13.674524307250977
2012-10-18,13.59470272064209
2012-10-19,13.345260620117188
2012-10-22,13.340271949768066
2012-10-23,13.245484352111816
2012-10-24,13.230517387390137
2012-10-25,13.265436172485352
2012-10-26,13.180624008178711
2012-10-31,13.255456924438477
2012-11-01,13.450023651123047
2012-11-02,13.260446548461914
2012-11-05,13.350242614746094
2012-11-06,13.469979286193848
2012-11-07,13.1107759475708
2012-11-08,12.941158294677734
2012-11-09,12.971092224121094
2012-11-12,12.966103553771973
2012-11-13,12.901249885559082
2012-11-14,12.651802062988281
2012-11-15,12.576969146728516
2012-11-16,12.66177749633789
2012-11-19,12.966103553771973
2012-11-20,12.961112022399902
2012-11-21,13.0359468460083
2012-11-23,13.200577735900879
2012-11-26,13.220536231994629
2012-11-27,13.210558891296387
2012-11-28,13.33527946472168
2012-11-29,13.479962348937988
2012-11-30,13.49991512298584
2012-12-03,13.489933967590332
2012-12-04,13.509888648986816
2012-12-05,13.49492073059082
2012-12-06,13.49991512298584
2012-12-07,13.524862289428711
2012-12-10,13.59470272064209
2012-12-11,13.714435577392578
2012-12-12,13.624631881713867
2012-12-13,13.531719207763672
2012-12-14,13.553075790405273
2012-12-17,13.739981651306152
2012-12-18,13.948244094848633
2012-12-19,13.974940299987793
2012-12-20,14.049701690673828
2012-12-21,13.953582763671875
2012-12-24,13.905523300170898
2012-12-26,13.809404373168945
2012-12-27,13.777362823486328
2012-12-28,13.681242942810059
2012-12-31,13.99630069732666
2013-01-02,14.402153015136719
2013-01-03,14.380789756774902
2013-01-04,14.503613471984863
2013-01-07,14.391469955444336
2013-01-08,14.391469955444336
2013-01-09,14.43952751159668
2013-01-10,14.492925643920898
2013-01-11,14.476914405822754
2013-01-14,14.455551147460938
2013-01-15,14.519630432128906
2013-01-16,14.49826717376709
2013-01-17,14.647794723510742
2013-01-18,14.685174942016602
2013-01-22,14.813333511352539
2013-01-23,14.781295776367188
2013-01-24,14.834694862365723
2013-01-25,14.877411842346191
2013-01-28,14.920138359069824
2013-01-29,14.968193054199219
2013-01-30,14.802653312683105
2013-01-31,14.914793968200684
2013-02-01,15.107037544250488
2013-02-04,14.8934326171875
2013-02-05,15.075002670288086
2013-02-06,15.144420623779297
2013-02-07,15.14976692199707
2013-02-08,15.219184875488281
2013-02-11,15.23520278930664
2013-02-12,15.336658477783203
2013-02-13,15.411420822143555
2013-02-14,15.480840682983398
2013-02-15,15.470160484313965
2013-02-19,15.614344596862793
2013-02-20,15.24588394165039
2013-02-21,15.128397941589355
2013-02-22,15.299278259277344
2013-02-25,14.914793968200684
2013-02-26,15.005576133728027
2013-02-27,15.176457405090332
2013-02-28,15.176457405090332
2013-03-01,15.203161239624023
2013-03-04,15.251219749450684
2013-03-05,15.438122749328613
2013-03-06,15.496864318847656
2013-03-07,15.576961517333984
2013-03-08,15.696598052978516
2013-03-11,15.71261978149414
2013-03-12,15.696598052978516
2013-03-13,15.78738784790039
2013-03-14,15.958301544189453
2013-03-15,15.96363353729248
2013-03-18,15.888863563537598
2013-03-19,15.888863563537598
2013-03-20,16.017051696777344
2013-03-21,15.85682487487793
2013-03-22,15.872844696044922
2013-03-25,15.872844696044922
2013-03-26,15.92091178894043
2013-03-27,15.93159294128418
2013-03-28,15.92091178894043
2013-04-01,15.71261978149414
2013-04-02,15.59512710571289
2013-04-03,15.333419799804688
2013-04-04,15.44558048248291
2013-04-05,15.434895515441895
2013-04-08,15.59512710571289
2013-04-09,15.568415641784668
2013-04-10,15.85682487487793
2013-04-11,15.867501258850098
2013-04-12,15.744664192199707
2013-04-15,15.061039924621582
2013-04-16,15.317399978637695
2013-04-17,14.996952056884766
2013-04-18,14.92752456665039
2013-04-19,15.098431587219238
2013-04-22,15.114450454711914
2013-04-23,15.376152038574219
2013-04-24,15.541712760925293
2013-04-25,15.616486549377441
2013-04-26,15.525691986083984
2013-04-29,15.664556503295898
2013-04-30,15.744664192199707
2013-05-01,15.360126495361328
2013-05-02,15.627165794372559
2013-05-03,15.926250457763672
2013-05-06,16.113178253173828
2013-05-07,16.25737953186035
2013-05-08,16.32147216796875
2013-05-09,16.252044677734375
2013-05-10,16.364192962646484
2013-05-13,16.2894229888916
2013-05-14,16.503063201904297
2013-05-15,16.567150115966797
2013-05-16,16.465669631958008
2013-05-17,16.631240844726562
2013-05-20,16.71668815612793
2013-05-21,16.711355209350586
2013-05-22,16.460330963134766
2013-05-23,16.50840187072754
2013-05-24,16.51374053955078
2013-05-28,16.780780792236328
2013-05-29,16.636579513549805
2013-05-30,16.75407600402832
2013-05-31,16.593847274780273
2013-06-03,16.71668815612793
2013-06-04,16.572484970092773
2013-06-05,16.326814651489258
2013-06-06,16.503063201904297
2013-06-07,16.657943725585938
2013-06-10,16.78790283203125
2013-06-11,16.568626403808594
2013-06-12,16.4295711517334
2013-06-13,16.734418869018555
2013-06-14,16.541889190673828
2013-06-17,16.670249938964844
2013-06-18,16.868127822875977
2013-06-19,16.65420150756836
2013-06-20,16.258432388305664
2013-06-21,16.253087997436523
2013-06-24,16.02846336364746
2013-06-25,16.226346969604492
2013-06-26,16.26378059387207
2013-06-27,16.515146255493164
2013-06-28,16.477705001831055
2013-07-01,16.745121002197266
2013-07-02,16.718372344970703
2013-07-03,16.739761352539062
2013-07-05,17.05531120300293
2013-07-08,17.119487762451172
2013-07-09,17.295976638793945
2013-07-10,17.3120174407959
2013-07-11,17.483165740966797
2013-07-12,17.552688598632812
2013-07-15,17.643606185913086
2013-07-16,17.579431533813477
2013-07-17,17.643606185913086
2013-07-18,17.793357849121094
2013-07-19,17.804058074951172
2013-07-22,17.862886428833008
2013-07-23,17.85753631591797
2013-07-24,17.745223999023438
2013-07-25,17.889619827270508
2013-07-26,17.771963119506836
2013-07-29,17.616867065429688
2013-07-30,17.638259887695312
2013-07-31,17.68639373779297
2013-08-01,17.98054313659668
2013-08-02,17.948457717895508
2013-08-05,17.969850540161133
2013-08-06,17.766611099243164
2013-08-07,17.632915496826172
2013-08-08,17.723833084106445
2013-08-09,17.659650802612305
2013-08-12,17.729183197021484
2013-08-13,17.718486785888672
2013-08-14,17.659650802612305
2013-08-15,17.381540298461914
2013-08-16,17.349456787109375
2013-08-19,17.151575088500977
2013-08-20,17.386898040771484
2013-08-21,17.23179817199707
2013-08-22,17.493854522705078
2013-08-23,17.493854522705078
2013-08-26,17.477813720703125
2013-08-27,17.023221969604492
2013-08-28,17.09274673461914
2013-08-29,17.253189086914062
2013-08-30,16.948347091674805
2013-09-03,17.05531120300293
2013-09-04,17.167619705200195
2013-09-05,17.247844696044922
2013-09-06,17.22645378112793
2013-09-09,17.477813720703125
2013-09-10,17.63899803161621
2013-09-11,17.660417556762695
2013-09-12,17.521190643310547
2013-09-13,17.612220764160156
2013-09-16,17.703256607055664
2013-09-17,17.84783935546875
2013-09-18,17.970998764038086
2013-09-19,17.91744613647461
2013-09-20,17.88532066345215
2013-09-23,17.83177375793457
2013-09-24,17.906742095947266
2013-09-25,17.906742095947266
2013-09-26,17.922807693481445
2013-09-27,17.853191375732422
2013-09-30,17.837127685546875
2013-10-01,18.035261154174805
2013-10-02,17.965648651123047
2013-10-03,17.788930892944336
2013-10-04,17.928165435791016
2013-10-07,17.713966369628906
2013-10-08,17.467641830444336
2013-10-09,17.43015480041504
2013-10-10,17.842485427856445
2013-10-11,18.104873657226562
2013-10-14,18.20661735534668
2013-10-15,18.05131721496582
2013-10-16,18.24945831298828
2013-10-17,18.3940372467041
2013-10-18,18.57074737548828
2013-10-21,18.5546875
2013-10-22,18.635007858276367
2013-10-23,18.533266067504883
2013-10-24,18.635007858276367
2013-10-25,18.667137145996094
2013-10-28,18.693912506103516
2013-10-29,18.75281524658203
2013-10-30,18.56003761291504
2013-10-31,18.463647842407227
2013-11-01,18.436874389648438
2013-11-04,18.661781311035156
2013-11-05,18.549325942993164
2013-11-06,18.522550582885742
2013-11-07,18.23339080810547
2013-11-08,18.613582611083984
2013-11-11,18.635007858276367
2013-11-12,18.629653930664062
2013-11-13,18.81707000732422
2013-11-14,18.865266799926758
2013-11-15,18.934873580932617
2013-11-18,18.80635643005371
2013-11-19,18.693912506103516
2013-11-20,18.688560485839844
2013-11-21,18.993785858154297
2013-11-22,19.090177536010742
2013-11-25,19.106239318847656
2013-11-26,19.245464324951172
2013-11-27,19.368623733520508
2013-11-29,19.400754928588867
2013-12-02,19.213340759277344
2013-12-03,19.143718719482422
2013-12-04,19.095531463623047
2013-12-05,19.100879669189453
2013-12-06,19.27223777770996
2013-12-09,19.27759552001953
2013-12-10,19.13300323486328
2013-12-11,18.87061882019043
2013-12-12,18.900453567504883
2013-12-13,18.973617553710938
2013-12-16,19.1818790435791
2013-12-17,19.125593185424805
2013-12-18,19.350727081298828
2013-12-19,19.255048751831055
2013-12-20,19.564607620239258
2013-12-23,19.7559871673584
2013-12-24,19.868558883666992
2013-12-26,19.87980842590332
2013-12-27,19.885438919067383
2013-12-30,19.851669311523438
2013-12-31,19.930465698242188
2014-01-02,19.694067001342773
2014-01-03,19.744726181030273
2014-01-06,19.587129592895508
2014-01-07,19.722211837768555
2014-01-08,19.671558380126953
2014-01-09,19.6546688079834
2014-01-10,19.727840423583984
2014-01-13,19.452043533325195
2014-01-14,19.677186965942383
2014-01-15,19.81790542602539
2014-01-16,19.806640625
2014-01-17,19.727840423583984
2014-01-21,19.846040725708008
2014-01-22,19.94172477722168
2014-01-23,19.76723289489746
2014-01-24,19.26067543029785
2014-01-27,19.041170120239258
2014-01-28,19.164993286132812
2014-01-29,18.90608024597168
2014-01-30,19.125593185424805
2014-01-31,18.90608024597168
2014-02-03,18.326345443725586
2014-02-04,18.47269058227539
2014-02-05,18.348859786987305
2014-02-06,18.54022979736328
2014-02-07,18.680944442749023
2014-02-10,18.680944442749023
2014-02-11,18.877941131591797
2014-02-12,18.934219360351562
2014-02-13,19.204391479492188
2014-02-14,19.243793487548828
2014-02-18,19.38450050354004
2014-02-19,19.1818790435791
2014-02-20,19.37887191772461
2014-02-21,19.423904418945312
2014-02-24,19.604022979736328
2014-02-25,19.58150291442871
2014-02-26,19.761613845825195
2014-02-27,19.896696090698242
2014-02-28,19.93608856201172
2014-03-03,19.829153060913086
2014-03-04,20.307575225830078
2014-03-05,20.262548446655273
2014-03-06,20.34134292602539
2014-03-07,20.363862991333008
2014-03-10,20.32445526123047
2014-03-11,20.065553665161133
2014-03-12,20.127466201782227
2014-03-13,19.862926483154297
2014-03-14,19.93608856201172
2014-03-17,20.065553665161133
2014-03-18,20.313201904296875
2014-03-19,20.228776931762695
2014-03-20,20.33008575439453
2014-03-21,20.33008575439453
2014-03-24,20.1668643951416
2014-03-25,20.18375015258789
2014-03-26,19.829153060913086
2014-03-27,19.722211837768555
2014-03-28,19.81790542602539
2014-03-31,20.172487258911133
2014-04-01,20.425771713256836
2014-04-02,20.543970108032227
2014-04-03,20.4314022064209
2014-04-04,20.014896392822266
2014-04-07,19.710956573486328
2014-04-08,19.868558883666992
2014-04-09,20.076805114746094
2014-04-10,19.63215446472168
2014-04-11,19.40138816833496
2014-04-14,19.485816955566406
2014-04-15,19.58150291442871
2014-04-16,19.761613845825195
2014-04-17,19.891061782836914
2014-04-21,19.93608856201172
2014-04-22,20.144351959228516
2014-04-23,20.082435607910156
2014-04-24,20.05429458618164
2014-04-25,19.76723289489746
2014-04-28,19.620901107788086
2014-04-29,19.660293579101562
2014-04-30,19.78412437438965
2014-05-01,19.727840423583984
2014-05-02,19.82352638244629
2014-05-05,19.76723289489746
2014-05-06,19.508329391479492
2014-05-07,19.587129592895508
2014-05-08,19.38450050354004
2014-05-09,19.53647232055664
2014-05-12,20.003644943237305
2014-05-13,19.862926483154297
2014-05-14,19.480188369750977
2014-05-15,19.31133460998535
2014-05-16,19.412643432617188
2014-05-19,19.609643936157227
2014-05-20,19.339481353759766
2014-05-21,19.46892738342285
2014-05-22,19.604022979736328
2014-05-23,19.77286720275879
2014-05-27,20.003644943237305
2014-05-28,19.93608856201172
2014-05-29,20.00926971435547
2014-05-30,19.94734764099121
2014-06-02,19.9135799407959
2014-06-03,19.87418556213379
2014-06-04,19.981121063232422
2014-06-05,20.33008575439453
2014-06-06,20.543970108032227
2014-06-09,20.714143753051758
2014-06-10,20.680335998535156
2014-06-11,20.539457321166992
2014-06-12,20.39295196533203
2014-06-13,20.426759719848633
2014-06-16,20.432397842407227
2014-06-17,20.6352596282959
2014-06-18,20.714143753051758
2014-06-19,20.719783782958984
2014-06-20,20.764860153198242
2014-06-23,20.685977935791016
2014-06-24,20.4605770111084
2014-06-25,20.6352596282959
2014-06-26,20.612714767456055
2014-06-27,20.736684799194336
2014-06-30,20.832475662231445
2014-07-01,21.080421447753906
2014-07-02,20.978992462158203
2014-07-03,21.15930938720703
2014-07-07,20.82684326171875
2014-07-08,20.612714767456055
2014-07-09,20.6352596282959
2014-07-10,20.421125411987305
2014-07-11,20.359149932861328
2014-07-14,20.47747802734375
2014-07-15,20.325336456298828
2014-07-16,20.319698333740234
2014-07-17,20.021045684814453
2014-07-18,20.29715919494629
2014-07-21,20.20136070251465
2014-07-22,20.364778518676758
2014-07-23,20.35350799560547
2014-07-24,20.33096694946289
2014-07-25,20.167556762695312
2014-07-28,20.071762084960938
2014-07-29,20.026691436767578
2014-07-30,20.083030700683594
2014-07-31,19.63223648071289
2014-08-01,19.564605712890625
2014-08-04,19.711118698120117
2014-08-05,19.69422149658203
2014-08-06,19.806913375854492
2014-08-07,19.69985008239746
2014-08-08,19.880170822143555
2014-08-11,20.0773983001709
2014-08-12,19.947792053222656
2014-08-13,20.08867073059082
2014-08-14,20.150650024414062
2014-08-15,20.13374137878418
2014-08-18,20.43804168701172
2014-08-19,20.505659103393555
2014-08-20,20.483110427856445
2014-08-21,20.584535598754883
2014-08-22,20.59018325805664
2014-08-25,20.646522521972656
2014-08-26,20.764860153198242
2014-08-27,20.742321014404297
2014-08-28,20.652162551879883
2014-08-29,20.776132583618164
2014-09-02,20.894460678100586
2014-09-03,20.77049446105957
2014-09-04,20.674694061279297
2014-09-05,20.702880859375
2014-09-08,20.65779685974121
2014-09-09,20.438228607177734
2014-09-10,20.51725196838379
2014-09-11,20.63013458251953
2014-09-12,20.466453552246094
2014-09-15,20.27454376220703
2014-09-16,20.364852905273438
2014-09-17,20.370494842529297
2014-09-18,20.466453552246094
2014-09-19,20.24068260192871
2014-09-22,19.9189510345459
2014-09-23,19.732685089111328
2014-09-24,19.817354202270508
2014-09-25,19.506912231445312
2014-09-26,19.670597076416016
2014-09-29,19.597217559814453
2014-09-30,19.326295852661133
2014-10-01,19.004558563232422
2014-10-02,19.134387969970703
2014-10-03,19.252912521362305
2014-10-06,19.117454528808594
2014-10-07,18.81265640258789
2014-10-08,19.11180305480957
2014-10-09,18.5699462890625
2014-10-10,18.304664611816406
2014-10-13,18.16355323791504
2014-10-14,18.34417152404785
2014-10-15,18.47963523864746
2014-10-16,18.756210327148438
2014-10-17,18.72234344482422
2014-10-20,18.891672134399414
2014-10-21,19.264202117919922
2014-10-22,18.965057373046875
2014-10-23,19.29806900024414
2014-10-24,19.315004348754883
2014-10-27,19.24726676940918
2014-10-28,19.817354202270508
2014-10-29,19.82299041748047
2014-10-30,19.879440307617188
2014-10-31,20.218103408813477
2014-11-03,20.161651611328125
2014-11-04,20.054412841796875
2014-11-05,20.133432388305664
2014-11-06,20.285829544067383
2014-11-07,20.3196964263916
2014-11-10,20.359207153320312
2014-11-11,20.359207153320312
2014-11-12,20.51725196838379
2014-11-13,20.314054489135742
2014-11-14,20.308412551879883
2014-11-17,20.16729736328125
2014-11-18,20.246320724487305
2014-11-19,20.076993942260742
2014-11-20,20.32534408569336
2014-11-21,20.35356330871582
2014-11-24,20.579343795776367
2014-11-25,20.584989547729492
2014-11-26,20.562408447265625
2014-11-28,20.161651611328125
2014-12-01,19.83992576599121
2014-12-02,20.037479400634766
2014-12-03,20.280189514160156
2014-12-04,20.189884185791016
2014-12-05,20.32534408569336
2014-12-08,20.043121337890625
2014-12-09,20.314054489135742
2014-12-10,19.83992576599121
2014-12-11,19.8963680267334
2014-12-12,19.55771255493164
2014-12-15,19.38273811340332
2014-12-16,19.348533630371094
2014-12-17,19.91465950012207
2014-12-18,20.209514617919922
2014-12-19,20.286178588867188
2014-12-22,20.38642692565918
2014-12-23,20.533857345581055
2014-12-24,20.586936950683594
2014-12-26,20.698984146118164
2014-12-29,20.799230575561523
2014-12-30,20.781538009643555
2014-12-31,20.622312545776367
2015-01-02,20.498472213745117
2015-01-05,20.07977867126465
2015-01-06,19.672876358032227
2015-01-07,19.84979820251465
2015-01-08,20.203617095947266
2015-01-09,19.979530334472656
2015-01-12,19.826200485229492
2015-01-13,19.855680465698242
2015-01-14,19.702362060546875
2015-01-15,19.383914947509766
2015-01-16,19.7259464263916
2015-01-20,19.57852554321289
2015-01-21,19.596210479736328
2015-01-22,20.073883056640625
2015-01-23,19.9736328125
2015-01-26,20.19182777404785
2015-01-27,20.06208610534668
2015-01-28,19.696460723876953
2015-01-29,19.94414520263672
2015-01-30,19.60211181640625
2015-02-02,19.873382568359375
2015-02-03,20.286178588867188
2015-02-04,20.180028915405273
2015-02-05,20.47488021850586
2015-02-06,20.52796173095703
2015-02-09,20.392330169677734
2015-02-10,20.42181396484375
2015-02-11,20.368736267089844
2015-02-12,20.60462760925293
2015-02-13,20.769742965698242
2015-02-17,20.746156692504883
2015-02-18,20.698984146118164
2015-02-19,20.704875946044922
2015-02-20,20.746156692504883
2015-02-23,20.704875946044922
2015-02-24,20.81692886352539
2015-02-25,20.781538009643555
2015-02-26,20.84050750732422
2015-02-27,20.75794792175293
2015-03-02,20.917173385620117
2015-03-03,20.781538009643555
2015-03-04,20.68128776550293
2015-03-05,20.693082809448242
2015-03-06,20.486682891845703
2015-03-09,20.578092575073242
2015-03-10,20.224220275878906
2015-03-11,20.3952693939209
2015-03-12,20.749135971069336
2015-03-13,20.690162658691406
2015-03-16,20.77863311767578
2015-03-17,20.837614059448242
2015-03-18,21.01455307006836
2015-03-19,20.955568313598633
2015-03-20,21.18560028076172
2015-03-23,21.209182739257812
2015-03-24,21.238672256469727
2015-03-25,20.867103576660156
2015-03-26,20.819913864135742
2015-03-27,20.908390045166016
2015-03-30,21.203290939331055
2015-03-31,21.12661361694336
2015-04-01,21.132516860961914
2015-04-02,21.220983505249023
2015-04-06,21.327144622802734
2015-04-07,21.197389602661133
2015-04-08,21.29175567626953
2015-04-09,21.274065017700195
2015-04-10,21.327144622802734
2015-04-13,21.344839096069336
2015-04-14,21.33893585205078
2015-04-15,21.55126953125
2015-04-16,21.462804794311523
2015-04-17,21.108922958374023
2015-04-20,21.31535530090332
2015-04-21,21.250471115112305
2015-04-22,21.297658920288086
2015-04-23,21.350732803344727
2015-04-24,21.26226806640625
2015-04-27,21.12661361694336
2015-04-28,21.321250915527344
2015-04-29,21.18560028076172
2015-04-30,20.843507766723633
2015-05-01,20.996854782104492
2015-05-04,21.073532104492188
2015-05-05,20.878902435302734
2015-05-06,20.908390045166016
2015-05-07,20.979164123535156
2015-05-08,21.156099319458008
2015-05-11,21.191495895385742
2015-05-12,21.132516860961914
2015-05-13,21.15020179748535
2015-05-14,21.321250915527344
2015-05-15,21.26226806640625
2015-05-18,21.468692779541016
2015-05-19,21.403823852539062
2015-05-20,21.415605545043945
2015-05-21,21.433311462402344
2015-05-22,21.33304214477539
2015-05-26,21.049942016601562
2015-05-27,21.268157958984375
2015-05-28,21.268157958984375
2015-05-29,21.12661361694336
2015-06-01,21.138410568237305
2015-06-02,21.256370544433594
2015-06-03,21.47459602355957
2015-06-04,21.220983505249023
2015-06-05,21.38022804260254
2015-06-08,21.207534790039062
2015-06-09,21.18979835510254
2015-06-10,21.520980834960938
2015-06-11,21.550554275512695
2015-06-12,21.467754364013672
2015-06-15,21.36130142211914
2015-06-16,21.503232955932617
2015-06-17,21.414525985717773
2015-06-18,21.591943740844727
2015-06-19,21.580121994018555
2015-06-22,21.722057342529297
2015-06-23,21.863988876342773
2015-06-24,21.67474365234375
2015-06-25,21.651092529296875
2015-06-26,21.63926124572754
2015-06-29,21.101093292236328
2015-06-30,21.13657569885254
2015-07-01,21.1661434173584
2015-07-02,21.0478572845459
2015-07-06,20.959150314331055
2015-07-07,20.93549919128418
2015-07-08,20.622051239013672
2015-07-09,20.6634521484375
2015-07-10,20.923667907714844
2015-07-13,21.101093292236328
2015-07-14,21.2311954498291
2015-07-15,21.030122756958008
2015-07-16,21.083351135253906
2015-07-17,20.905920028686523
2015-07-20,20.758073806762695
2015-07-21,20.68120002746582
2015-07-22,20.68120002746582
2015-07-23,20.450551986694336
2015-07-24,20.190336227416992
2015-07-27,19.959688186645508
2015-07-28,20.143024444580078
2015-07-29,20.32636070251465
2015-07-30,20.338180541992188
2015-07-31,20.361841201782227
2015-08-03,20.208070755004883
2015-08-04,20.21990203857422
2015-08-05,20.27312469482422
2015-08-06,20.208070755004883
2015-08-07,20.012916564941406
2015-08-10,20.409149169921875
2015-08-11,20.27312469482422
2015-08-12,20.208070755004883
2015-08-13,20.137104034423828
2015-08-14,20.31451988220215
2015-08-17,20.415063858032227
2015-08-18,20.27312469482422
2015-08-19,20.048404693603516
2015-08-20,19.61076545715332
2015-08-21,19.29140281677246
2015-08-24,18.55215835571289
2015-08-25,18.40431022644043
2015-08-26,18.84786033630371
2015-08-27,19.267751693725586
2015-08-28,19.445167541503906
2015-08-31,19.539794921875
2015-09-01,18.972055435180664
2015-09-02,19.22635269165039
2015-09-03,19.27958106994629
2015-09-04,19.096254348754883
2015-09-08,19.486576080322266
2015-09-09,19.26982307434082
2015-09-10,19.323265075683594
2015-09-11,19.335142135620117
2015-09-14,19.246068954467773
2015-09-15,19.4954776763916
2015-09-16,19.69738006591797
2015-09-17,19.685503005981445
2015-09-18,19.305450439453125
2015-09-21,19.37671661376953
2015-09-22,19.115427017211914
2015-09-23,19.038225173950195
2015-09-24,19.038225173950195
2015-09-25,18.93133544921875
2015-09-28,18.468149185180664
2015-09-29,18.432518005371094
2015-09-30,18.658180236816406
2015-10-01,18.592853546142578
2015-10-02,18.818510055541992
2015-10-05,19.36482810974121
2015-10-06,19.382644653320312
2015-10-07,19.667692184448242
2015-10-08,19.970544815063477
2015-10-09,19.9646053314209
2015-10-12,19.928977966308594
2015-10-13,19.727073669433594
2015-10-14,19.56673812866211
2015-10-15,19.863649368286133
2015-10-16,19.80426597595215
2015-10-19,19.768640518188477
2015-10-20,19.89928436279297
2015-10-21,19.596431732177734
2015-10-22,19.733007431030273
2015-10-23,19.869592666625977
2015-10-26,19.727073669433594
2015-10-27,19.382644653320312
2015-10-28,19.90522003173828
2015-10-29,19.74488639831543
2015-10-30,19.64393424987793
2015-11-02,20.006166458129883
2015-11-03,20.13681411743164
2015-11-04,20.071496963500977
2015-11-05,20.13088607788086
2015-11-06,20.314970016479492
2015-11-09,20.02992820739746
2015-11-10,20.10712242126465
2015-11-11,19.92303466796875
2015-11-12,19.4954776763916
2015-11-13,19.394527435302734
2015-11-16,19.602365493774414
2015-11-17,19.537046432495117
2015-11-18,19.869592666625977
2015-11-19,19.792396545410156
2015-11-20,19.91710090637207
2015-11-23,20.00023651123047
2015-11-24,20.166505813598633
2015-11-25,20.27339744567871
2015-11-27,20.32683753967285
2015-11-30,20.2674560546875
2015-12-01,20.409984588623047
2015-12-02,20.166505813598633
2015-12-03,19.881467819213867
2015-12-04,20.02992820739746
2015-12-07,19.679563522338867
2015-12-08,19.4954776763916
2015-12-09,19.299510955810547
2015-12-10,19.341079711914062
2015-12-11,18.91351890563965
2015-12-14,18.765064239501953
2015-12-15,19.032289505004883
2015-12-16,19.238142013549805
2015-12-17,18.963674545288086
2015-12-18,18.68919563293457
2015-12-21,18.820194244384766
2015-12-22,19.051006317138672
2015-12-23,19.356660842895508
2015-12-24,19.394094467163086
2015-12-28,19.213193893432617
2015-12-29,19.4252872467041
2015-12-30,19.225666046142578
2015-12-31,19.019817352294922
2016-01-04,18.65800666809082
2016-01-05,18.63929557800293
2016-01-06,18.35234832763672
2016-01-07,17.859535217285156
2016-01-08,17.547636032104492
2016-01-11,17.510208129882812
2016-01-12,17.528919219970703
2016-01-13,16.998689651489258
2016-01-14,17.241971969604492
2016-01-15,16.955018997192383
2016-01-19,16.705493927001953
2016-01-20,16.730449676513672
2016-01-21,16.755399703979492
2016-01-22,17.07978057861328
2016-01-25,16.636878967285156
2016-01-26,17.086021423339844
2016-01-27,16.93006706237793
2016-01-28,17.042348861694336
2016-01-29,17.653682708740234
2016-02-01,17.560110092163086
2016-02-02,17.135923385620117
2016-02-03,17.198307037353516
2016-02-04,17.35425567626953
2016-02-05,16.961254119873047
2016-02-08,16.792827606201172
2016-02-09,16.661823272705078
2016-02-10,16.636878967285156
2016-02-11,16.38735580444336
2016-02-12,16.755399703979492
2016-02-16,17.10472869873047
2016-02-17,17.35425567626953
2016-02-18,17.31058120727539
2016-02-19,17.329303741455078
2016-02-22,17.578826904296875
2016-02-23,17.410396575927734
2016-02-24,17.572586059570312
2016-02-25,17.716064453125
2016-02-26,17.840816497802734
2016-02-29,17.859535217285156
2016-03-01,18.227577209472656
2016-03-02,18.42719841003418
2016-03-03,18.70791244506836
2016-03-04,18.807720184326172
2016-03-07,19.075956344604492
2016-03-08,18.595623016357422
2016-03-09,18.732858657836914
2016-03-10,18.633058547973633
2016-03-11,19.044767379760742
2016-03-14,18.901288986206055
2016-03-15,18.676721572875977
2016-03-16,18.870101928710938
2016-03-17,19.18824577331543
2016-03-18,19.32547378540039
2016-03-21,19.288049697875977
2016-03-22,19.238142013549805
2016-03-23,18.863861083984375
2016-03-24,18.932479858398438
2016-03-28,18.95743179321289
2016-03-29,19.337953567504883
2016-03-30,19.387971878051758
2016-03-31,19.42548370361328
2016-04-01,19.400474548339844
2016-04-04,19.137889862060547
2016-04-05,18.925308227539062
2016-04-06,19.06285858154297
2016-04-07,18.76275062561035
2016-04-08,18.91280746459961
2016-04-11,18.90655517578125
2016-04-12,19.1816463470459
2016-04-13,19.6130428314209
2016-04-14,19.556779861450195
2016-04-15,19.563032150268555
2016-04-18,19.67556381225586
2016-04-19,19.83812713623047
2016-04-20,19.913150787353516
2016-04-21,19.74434471130371
2016-04-22,19.950668334960938
2016-04-25,19.750595092773438
2016-04-26,20.038196563720703
2016-04-27,20.181989669799805
2016-04-28,19.906902313232422
2016-04-29,19.775604248046875
2016-05-02,19.88188934326172
2016-05-03,19.519268035888672
2016-05-04,19.356708526611328
2016-05-05,19.25667381286621
2016-05-06,19.42548370361328
2016-05-09,19.300439834594727
2016-05-10,19.556779861450195
2016-05-11,19.381723403930664
2016-05-12,19.262929916381836
2016-05-13,19.06285858154297
2016-05-16,19.269174575805664
2016-05-17,19.056604385375977
2016-05-18,19.125377655029297
2016-05-19,18.98783302307129
2016-05-20,19.275432586669922
2016-05-23,19.22541618347168
2016-05-24,19.58803367614746
2016-05-25,19.756847381591797
2016-05-26,19.67556381225586
2016-05-27,19.81311798095703
2016-05-31,19.8693904876709
2016-06-01,19.96316909790039
2016-06-02,20.0131893157959
2016-06-03,19.894392013549805
2016-06-06,20.207002639770508
2016-06-07,20.30704116821289
2016-06-08,20.43833351135254
2016-06-09,20.28828239440918
2016-06-10,19.969423294067383
2016-06-13,19.706830978393555
2016-06-14,19.619298934936523
2016-06-15,19.631805419921875
2016-06-16,19.556779861450195
2016-06-17,19.625553131103516
2016-06-20,19.86313247680664
2016-06-21,19.844377517700195
2016-06-22,19.756847381591797
2016-06-23,20.181989669799805
2016-06-24,19.262929916381836
2016-06-27,18.556432723999023
2016-06-28,18.85028839111328
2016-06-29,19.257755279541016
2016-06-30,19.640151977539062
2016-07-01,19.759262084960938
2016-07-05,19.36432456970215
2016-07-06,19.495973587036133
2016-07-07,19.521047592163086
2016-07-08,20.010007858276367
2016-07-11,20.210613250732422
2016-07-12,20.586740493774414
2016-07-13,20.536588668823242
2016-07-14,20.59300994873047
2016-07-15,20.624359130859375
2016-07-18,20.643156051635742
2016-07-19,20.51779556274414
2016-07-20,20.611818313598633
2016-07-21,20.498979568481445
2016-07-22,20.59300994873047
2016-07-25,20.4864444732666
2016-07-26,20.64942741394043
2016-07-27,20.6306209564209
2016-07-28,20.55539894104004
2016-07-29,20.59300994873047
2016-08-01,20.455101013183594
2016-08-02,20.19180679321289
2016-08-03,20.398677825927734
2016-08-04,20.386140823364258
2016-08-05,20.730926513671875
2016-08-08,20.78107452392578
2016-08-09,20.756000518798828
2016-08-10,20.624359130859375
2016-08-11,20.730926513671875
2016-08-12,20.68077278137207
2016-08-15,20.944067001342773
2016-08-16,20.818687438964844
2016-08-17,20.756000518798828
2016-08-18,20.962873458862305
2016-08-19,20.962873458862305
2016-08-22,20.93153190612793
2016-08-23,21.069438934326172
2016-08-24,20.93153190612793
2016-08-25,20.99421501159668
2016-08-26,20.937793731689453
2016-08-29,21.056900024414062
2016-08-30,21.063173294067383
2016-08-31,20.950332641601562
2016-09-01,20.918991088867188
2016-09-02,21.13840103149414
2016-09-06,21.119586944580078
2016-09-07,21.263771057128906
2016-09-08,21.27004051208496
2016-09-09,20.643156051635742
2016-09-12,20.86256980895996
2016-09-13,20.442556381225586
2016-09-14,20.310916900634766
2016-09-15,20.549129486083984
2016-09-16,20.467636108398438
2016-09-19,20.59300994873047
2016-09-20,20.467636108398438
2016-09-21,20.78107452392578
2016-09-22,21.107053756713867
2016-09-23,20.893918991088867
2016-09-26,20.674503326416016
2016-09-27,20.743459701538086
2016-09-28,21.081981658935547
2016-09-29,20.920806884765625
2016-09-30,21.203012466430664
2016-10-03,21.115209579467773
2016-10-04,21.09639549255371
2016-10-05,21.397422790527344
2016-10-06,21.403690338134766
2016-10-07,21.24063491821289
2016-10-10,21.4538631439209
2016-10-11,21.12148666381836
2016-10-12,21.15284538269043
2016-10-13,20.88945198059082
2016-10-14,20.908267974853516
2016-10-17,20.864364624023438
2016-10-18,20.964702606201172
2016-10-19,21.115209579467773
2016-10-20,21.02741241455078
2016-10-21,20.977245330810547
2016-10-24,21.09639549255371
2016-10-25,20.8831787109375
2016-10-26,20.770296096801758
2016-10-27,20.594703674316406
2016-10-28,20.500633239746094
2016-10-31,20.53826332092285
2016-11-01,20.362668991088867
2016-11-02,20.161983489990234
2016-11-03,20.161983489990234
2016-11-04,20.21843147277832
2016-11-07,20.67622947692871
2016-11-08,20.707582473754883
2016-11-09,21.44758415222168
2016-11-10,21.867759704589844
2016-11-11,22.363189697265625
2016-11-14,22.720645904541016
2016-11-15,22.852344512939453
2016-11-16,22.858619689941406
2016-11-17,22.990314483642578
2016-11-18,23.090646743774414
2016-11-21,23.259973526000977
2016-11-22,23.510820388793945
2016-11-23,23.67387580871582
2016-11-25,23.705228805541992
2016-11-28,23.41675567626953
2016-11-29,23.372854232788086
2016-11-30,23.592348098754883
2016-12-01,23.636241912841797
2016-12-02,23.62997817993164
2016-12-05,24.050138473510742
2016-12-06,24.338623046875
2016-12-07,24.595752716064453
2016-12-08,24.990829467773438
2016-12-09,25.05982208251953
2016-12-12,24.802696228027344
2016-12-13,24.815231323242188
2016-12-14,24.451501846313477
2016-12-15,24.673437118530273
2016-12-16,24.575531005859375
2016-12-19,24.719125747680664
2016-12-20,25.00633430480957
2016-12-21,24.888843536376953
2016-12-22,24.673437118530273
2016-12-23,24.751766204833984
2016-12-27,24.875789642333984
2016-12-28,24.59511947631836
2016-12-29,24.575531005859375
2016-12-30,24.405811309814453
2017-01-03,24.64733123779297
2017-01-04,25.01937484741211
2017-01-05,24.673437118530273
2017-01-06,24.575531005859375
2017-01-09,24.275264739990234
2017-01-10,24.56899642944336
2017-01-11,24.706077575683594
2017-01-12,24.347064971923828
2017-01-13,24.49067497253418
2017-01-17,24.15777015686035
2017-01-18,24.275264739990234
2017-01-19,24.05986213684082
2017-01-20,24.203466415405273
2017-01-23,24.085981369018555
2017-01-24,24.52330780029297
2017-01-25,24.830101013183594
2017-01-26,24.686491012573242
2017-01-27,24.562463760375977
2017-01-30,24.18387794494629
2017-01-31,24.275264739990234
2017-02-01,24.268735885620117
2017-02-02,24.190406799316406
2017-02-03,24.58857536315918
2017-02-06,24.334014892578125
2017-02-07,24.18387794494629
2017-02-08,24.105558395385742
2017-02-09,24.43844985961914
2017-02-10,24.65385627746582
2017-02-13,24.738712310791016
2017-02-14,24.875789642333984
2017-02-15,24.954113006591797
2017-02-16,24.84314727783203
2017-02-17,24.79745864868164
2017-02-21,24.999805450439453
2017-02-22,24.888843536376953
2017-02-23,24.725656509399414
2017-02-24,24.614694595336914
2017-02-27,24.76481819152832
2017-02-28,24.353599548339844
2017-03-01,24.928001403808594
2017-03-02,24.47761344909668
2017-03-03,24.43844985961914
2017-03-06,24.43844985961914
2017-03-07,24.079444885253906
2017-03-08,23.87709617614746
2017-03-09,23.746562957763672
2017-03-10,23.824871063232422
2017-03-13,23.87709617614746
2017-03-14,23.753084182739258
2017-03-15,24.092500686645508
2017-03-16,24.18387794494629
2017-03-17,24.249155044555664
2017-03-20,24.040281295776367
2017-03-21,23.367965698242188
2017-03-22,23.27658462524414
2017-03-23,23.446292877197266
2017-03-24,23.374488830566406
2017-03-27,23.407119750976562
2017-03-28,23.642114639282227
2017-03-29,23.766138076782227
2017-03-30,24.02472496032715
2017-03-31,24.076976776123047
2017-04-03,23.74393653869629
2017-04-04,23.74393653869629
2017-04-05,23.450071334838867
2017-04-06,23.730871200561523
2017-04-07,23.68515968322754
2017-04-10,23.802701950073242
2017-04-11,23.972492218017578
2017-04-12,23.554553985595703
2017-04-13,23.214982986450195
2017-04-17,23.49577522277832
2017-04-18,23.482717514038086
2017-04-19,23.521900177001953
2017-04-20,23.887588500976562
2017-04-21,23.841888427734375
2017-04-24,24.207576751708984
2017-04-25,24.423080444335938
2017-04-26,24.605924606323242
2017-04-27,24.494897842407227
2017-04-28,24.187990188598633
2017-05-01,24.25981903076172
2017-05-02,24.14227867126465
2017-05-03,24.01166343688965
2017-05-04,23.939838409423828
2017-05-05,24.103092193603516
2017-05-08,24.076976776123047
2017-05-09,24.076976776123047
2017-05-10,24.18145179748535
2017-05-11,23.979021072387695
2017-05-12,23.74393653869629
2017-05-15,23.95290184020996
2017-05-16,23.91371726989746
2017-05-17,23.234577178955078
2017-05-18,23.267223358154297
2017-05-19,23.46965980529785
2017-05-22,23.619850158691406
2017-05-23,23.68515968322754
2017-05-24,23.626384735107422
2017-05-25,23.521900177001953
2017-05-26,23.52843475341797
2017-05-30,23.371706008911133
2017-05-31,23.339052200317383
2017-06-01,23.78310775756836
2017-06-02,23.83534812927246
2017-06-05,23.68515968322754
2017-06-06,23.593732833862305
2017-06-07,23.52843475341797
2017-06-08,23.91371726989746
2017-06-09,24.207576751708984
2017-06-12,24.207576751708984
2017-06-13,24.351245880126953
2017-06-14,24.1226863861084
2017-06-15,23.926774978637695
2017-06-16,23.828821182250977
2017-06-19,23.946369171142578
2017-06-20,23.587202072143555
2017-06-21,23.325998306274414
2017-06-22,23.417415618896484
2017-06-23,23.619850158691406
2017-06-26,23.730871200561523
2017-06-27,23.606794357299805
2017-06-28,24.005144119262695
2017-06-29,23.94952392578125
2017-06-30,23.942975997924805
2017-07-03,24.23744010925293
2017-07-05,24.014949798583984
2017-07-06,23.700868606567383
2017-07-07,23.936424255371094
2017-07-10,23.877538681030273
2017-07-11,23.910255432128906
2017-07-12,24.021503448486328
2017-07-13,24.132736206054688
2017-07-14,24.152368545532227
2017-07-17,24.23744010925293
2017-07-18,24.132736206054688
2017-07-19,24.440284729003906
2017-07-20,24.41411781311035
2017-07-21,24.224355697631836
2017-07-24,24.191635131835938
2017-07-25,24.499177932739258
2017-07-26,24.28324317932129
2017-07-27,24.217802047729492
2017-07-28,24.204721450805664
2017-07-31,24.12619972229004
2017-08-01,24.158920288085938
2017-08-02,23.929889678955078
2017-08-03,23.785930633544922
2017-08-04,23.94952392578125
2017-08-07,23.89716911315918
2017-08-08,23.84482765197754
2017-08-09,23.602710723876953
2017-08-10,23.229721069335938
2017-08-11,23.210092544555664
2017-08-14,23.517642974853516
2017-08-15,23.295166015625
2017-08-16,23.255905151367188
2017-08-17,22.77821922302246
2017-08-18,22.791303634643555
2017-08-21,22.725872039794922
2017-08-22,22.967985153198242
2017-08-23,22.954893112182617
2017-08-24,23.026880264282227
2017-08-25,23.183923721313477
2017-08-28,23.177379608154297
2017-08-29,23.197011947631836
2017-08-30,23.308246612548828
2017-08-31,23.511098861694336
2017-09-01,23.668140411376953
2017-09-05,23.308246612548828
2017-09-06,23.3606014251709
2017-09-07,23.197011947631836
2017-09-08,23.242809295654297
2017-09-11,23.569990158081055
2017-09-12,23.857906341552734
2017-09-13,23.99532699584961
2017-09-14,23.910255432128906
2017-09-15,24.060752868652344
2017-09-18,24.23744010925293
2017-09-19,24.289785385131836
2017-09-20,24.44683265686035
2017-09-21,24.41411781311035
2017-09-22,24.616966247558594
2017-09-25,24.728200912475586
2017-09-26,24.852527618408203
2017-09-27,25.2974910736084
2017-09-28,25.36634063720703
2017-09-29,25.37289047241211
2017-10-02,25.694150924682617
2017-10-03,25.746601104736328
2017-10-04,25.60893440246582
2017-10-05,25.707271575927734
2017-10-06,25.622039794921875
2017-10-09,25.530250549316406
2017-10-10,25.64170265197754
2017-10-11,25.622039794921875
2017-10-12,25.55647850036621
2017-10-13,25.55647850036621
2017-10-16,25.576135635375977
2017-10-17,25.458139419555664
2017-10-18,25.59581184387207
2017-10-19,25.56302833557129
2017-10-20,25.707271575927734
2017-10-23,25.523691177368164
2017-10-24,25.628589630126953
2017-10-25,25.536802291870117
2017-10-26,25.68103790283203
2017-10-27,25.733491897583008
2017-10-30,25.412229537963867
2017-10-31,25.615482330322266
2017-11-01,25.5040283203125
2017-11-02,25.569583892822266
2017-11-03,25.445018768310547
2017-11-06,25.55647850036621
2017-11-07,25.130308151245117
2017-11-08,25.090978622436523
2017-11-09,24.992631912231445
2017-11-10,24.946733474731445
2017-11-13,24.887733459472656
2017-11-14,24.81561851501465
2017-11-15,24.67792510986328
2017-11-16,25.031967163085938
2017-11-17,25.215543746948242
2017-11-20,25.399118423461914
2017-11-21,25.615482330322266
2017-11-22,25.589252471923828
2017-11-24,25.549909591674805
2017-11-27,25.47780418395996
2017-11-28,25.96951675415039
2017-11-29,26.192434310913086
2017-11-30,26.15965461730957
2017-12-01,26.074420928955078
2017-12-04,26.179323196411133
2017-12-05,25.88428497314453
2017-12-06,25.687597274780273
2017-12-07,25.8187198638916
2017-12-08,25.81217384338379
2017-12-11,25.766271591186523
2017-12-12,25.74004554748535
2017-12-13,25.753158569335938
2017-12-14,25.438453674316406
2017-12-15,25.886009216308594
2017-12-18,26.286590576171875
2017-12-19,26.113937377929688
2017-12-20,26.224437713623047
2017-12-21,26.424724578857422
2017-12-22,26.328031539916992
2017-12-26,26.376375198364258
2017-12-27,26.30731201171875
2017-12-28,26.397104263305664
2017-12-29,26.189899444580078
2018-01-02,26.45926284790039
2018-01-03,26.48688507080078
2018-01-04,26.604293823242188
2018-01-05,26.638832092285156
2018-01-08,26.735515594482422
2018-01-09,26.666452407836914
2018-01-10,26.69408416748047
2018-01-11,27.26043128967285
2018-01-12,27.384742736816406
2018-01-16,27.05322265625
2018-01-17,27.281150817871094
2018-01-18,27.039417266845703
2018-01-19,27.419275283813477
2018-01-22,27.45380973815918
2018-01-23,27.412368774414062
2018-01-24,27.253511428833008
2018-01-25,27.19826316833496
2018-01-26,27.294963836669922
2018-01-29,27.05322265625
2018-01-30,26.756237030029297
2018-01-31,26.583574295043945
2018-02-01,26.72861099243164
2018-02-02,26.120840072631836
2018-02-05,25.160812377929688
2018-02-06,25.437074661254883
2018-02-07,25.43016815185547
2018-02-08,24.718791961669922
2018-02-09,24.91217613220215
2018-02-12,25.098657608032227
2018-02-13,25.133188247680664
2018-02-14,25.664993286132812
2018-02-15,25.851484298706055
2018-02-16,25.98270034790039
2018-02-20,25.68570899963379
2018-02-21,25.768598556518555
2018-02-22,25.727157592773438
2018-02-23,26.00341796875
2018-02-26,26.14846420288086
2018-02-27,25.796218872070312
2018-02-28,25.340377807617188
2018-03-01,25.292037963867188
2018-03-02,25.637367248535156
2018-03-05,25.851484298706055
2018-03-06,26.155364990234375
2018-03-07,26.286590576171875
2018-03-08,26.162277221679688
2018-03-09,26.59739112854004
2018-03-12,26.666452407836914
2018-03-13,26.555946350097656
2018-03-14,26.36947250366211
2018-03-15,26.286590576171875
2018-03-16,26.54214096069336
2018-03-19,26.2520694732666
2018-03-20,26.203716278076172
2018-03-21,26.431636810302734
2018-03-22,25.754783630371094
2018-03-23,25.216064453125
2018-03-26,25.740966796875
2018-03-27,25.264406204223633
2018-03-28,25.313457489013672
2018-03-29,25.57590675354004
2018-04-02,25.00264549255371
2018-04-03,25.389429092407227
2018-04-04,25.686418533325195
2018-04-05,25.976499557495117
2018-04-06,25.46539878845215
2018-04-09,25.41014289855957
2018-04-10,25.935060501098633
2018-04-11,25.98341178894043
2018-04-12,26.121549606323242
2018-04-13,26.045568466186523
2018-04-16,26.32874870300293
2018-04-17,26.459978103637695
2018-04-18,26.598121643066406
2018-04-19,26.473793029785156
2018-04-20,26.301132202148438
2018-04-23,26.34947395324707
2018-04-24,26.294218063354492
2018-04-25,26.266592025756836
2018-04-26,26.245872497558594
2018-04-27,26.16299057006836
2018-04-30,25.914348602294922
2018-05-01,25.94887351989746
2018-05-02,26.024852752685547
2018-05-03,25.866003036499023
2018-05-04,26.218242645263672
2018-05-07,26.390913009643555
2018-05-08,26.584308624267578
2018-05-09,26.798412322998047
2018-05-10,26.908920288085938
2018-05-11,26.92963981628418
2018-05-14,26.888200759887695
2018-05-15,26.92963981628418
2018-05-16,27.226638793945312
2018-05-17,27.48218536376953
2018-05-18,27.447660446166992
2018-05-21,27.751554489135742
2018-05-22,27.523639678955078
2018-05-23,27.496004104614258
2018-05-24,27.523639678955078
2018-05-25,27.468368530273438
2018-05-29,27.399303436279297
2018-05-30,27.84825325012207
2018-05-31,27.544353485107422
2018-06-01,27.744647979736328
2018-06-04,27.8620662689209
2018-06-05,28.062355041503906
2018-06-06,28.24193572998047
2018-06-07,28.29718780517578
2018-06-08,28.317909240722656
2018-06-11,28.36626434326172
2018-06-12,28.283384323120117
2018-06-13,28.13142967224121
2018-06-14,28.13142967224121
2018-06-15,28.0761775970459
2018-06-18,28.221221923828125
2018-06-19,28.262653350830078
2018-06-20,28.428417205810547
2018-06-21,28.13833999633789
2018-06-22,28.269569396972656
2018-06-25,27.834430694580078
2018-06-26,28.000192642211914
2018-06-27,27.606515884399414
2018-06-28,27.596128463745117
2018-06-29,27.561527252197266
2018-07-02,27.68611717224121
2018-07-03,27.74148941040039
2018-07-05,28.004497528076172
2018-07-06,28.219064712524414
2018-07-09,28.57206153869629
2018-07-10,28.426712036132812
2018-07-11,28.094482421875
2018-07-12,28.080625534057617
2018-07-13,28.06678581237793
2018-07-16,27.935277938842773
2018-07-17,28.046031951904297
2018-07-18,28.17061424255371
2018-07-19,28.246749877929688
2018-07-20,28.15677833557129
2018-07-23,28.19831085205078
2018-07-24,27.990652084350586
2018-07-25,27.969892501831055
2018-07-26,28.2329158782959
2018-07-27,27.83837890625
2018-07-30,27.852222442626953
2018-07-31,28.004497528076172
2018-08-01,27.935277938842773
2018-08-02,28.108320236206055
2018-08-03,28.06678581237793
2018-08-06,28.225994110107422
2018-08-07,28.350563049316406
2018-08-08,28.34365463256836
2018-08-09,28.34365463256836
2018-08-10,28.2329158782959
2018-08-13,28.011425018310547
2018-08-14,28.336734771728516
2018-08-15,27.87299156188965
2018-08-16,28.129085540771484
2018-08-17,28.2329158782959
2018-08-20,28.405946731567383
2018-08-21,28.793546676635742
2018-08-22,28.842002868652344
2018-08-23,28.72433853149414
2018-08-24,28.807403564453125
2018-08-27,28.842002868652344
2018-08-28,28.793546676635742
2018-08-29,28.835081100463867
2018-08-30,28.72433853149414
2018-08-31,28.80047607421875
2018-09-04,28.641279220581055
2018-09-05,28.578994750976562
2018-09-06,28.30904769897461
2018-09-07,28.20522117614746
2018-09-10,28.239835739135742
2018-09-11,28.2329158782959
2018-09-12,28.219064712524414
2018-09-13,28.17061424255371
2018-09-14,28.32981300354004
2018-09-17,28.108320236206055
2018-09-18,28.163692474365234
2018-09-19,28.17754554748535
2018-09-20,28.41979217529297
2018-09-21,28.350563049316406
2018-09-24,28.15677833557129
2018-09-25,28.136003494262695
2018-09-26,27.866060256958008
2018-09-27,27.825803756713867
2018-09-28,27.881338119506836
2018-10-01,27.610645294189453
2018-10-02,27.423240661621094
2018-10-03,27.75640296936035
2018-10-04,27.464887619018555
2018-10-05,27.22196388244629
2018-10-08,27.284420013427734
2018-10-09,27.235841751098633
2018-10-10,26.56951904296875
2018-10-11,26.03507423400879
2018-10-12,25.94484519958496
2018-10-15,26.118370056152344
2018-10-16,26.64586639404297
2018-10-17,26.479286193847656
2018-10-18,25.94484519958496
2018-10-19,25.708858489990234
2018-10-22,25.62557029724121
2018-10-23,25.396520614624023
2018-10-24,24.39704132080078
2018-10-25,24.917604446411133
2018-10-26,24.709379196166992
2018-10-29,24.646909713745117
2018-10-30,25.18134880065918
2018-10-31,25.257699966430664
2018-11-01,25.764389038085938
2018-11-02,25.896265029907227
2018-11-05,25.99342918395996
2018-11-06,26.125303268432617
2018-11-07,26.47234344482422
2018-11-08,26.319644927978516
2018-11-09,25.917085647583008
2018-11-12,25.465923309326172
2018-11-13,25.396520614624023
2018-11-14,25.18830108642578
2018-11-15,25.5075740814209
2018-11-16,25.51451301574707
2018-11-19,25.22992706298828
2018-11-20,24.667728424072266
2018-11-21,24.980070114135742
2018-11-23,24.896780014038086
2018-11-26,25.125822067260742
2018-11-27,24.931480407714844
2018-11-28,25.465923309326172
2018-11-29,25.403461456298828
2018-11-30,25.486753463745117
2018-12-03,25.681093215942383
2018-12-04,24.52197265625
2018-12-06,24.334577560424805
2018-12-07,23.959768295288086
2018-12-10,23.668245315551758
2018-12-11,23.605783462524414
2018-12-12,23.869539260864258
2018-12-13,23.4322566986084
2018-12-14,23.0435733795166
2018-12-17,22.67571449279785
2018-12-18,22.663854598999023
2018-12-19,22.174869537353516
2018-12-20,21.930376052856445
2018-12-21,21.419158935546875
2018-12-24,20.982030868530273
2018-12-26,21.974828720092773
2018-12-27,21.997053146362305
2018-12-28,22.108190536499023
2018-12-31,22.226728439331055
2019-01-02,22.545316696166992
2019-01-03,22.234142303466797
2019-01-04,23.04170799255371
2019-01-07,23.397342681884766
2019-01-08,23.686288833618164
2019-01-09,23.960418701171875
2019-01-10,24.041915893554688
2019-01-11,24.108592987060547
2019-01-14,23.990049362182617
2019-01-15,24.064138412475586
2019-01-16,24.249366760253906
2019-01-17,24.44200325012207
2019-01-18,24.738351821899414
2019-01-22,24.293821334838867
2019-01-23,24.197500228881836
2019-01-24,24.360502243041992
2019-01-25,24.66426658630371
2019-01-28,24.545717239379883
2019-01-29,24.55312728881836
2019-01-30,24.805030822753906
2019-01-31,24.893945693969727
2019-02-01,24.96803092956543
2019-02-04,25.168073654174805
2019-02-05,25.219934463500977
2019-02-06,25.153249740600586
2019-02-07,24.90875816345215
2019-02-08,24.76058006286621
2019-02-11,24.990257263183594
2019-02-12,25.338470458984375
2019-02-13,25.44960594177246
2019-02-14,25.47184181213379
2019-02-15,25.90155029296875
2019-02-19,26.034915924072266
2019-02-20,26.24977684020996
2019-02-21,26.034915924072266
2019-02-22,26.131237030029297
2019-02-25,26.057138442993164
2019-02-26,25.834869384765625
2019-02-27,25.834869384765625
2019-02-28,25.708927154541016
2019-03-01,25.923784255981445
2019-03-04,25.78300666809082
2019-03-05,25.61260223388672
2019-03-06,25.086572647094727
2019-03-07,24.76798439025879
2019-03-08,24.656856536865234
2019-03-11,25.034706115722656
2019-03-12,25.064350128173828
2019-03-13,25.20511245727539
2019-03-14,25.116209030151367
2019-03-15,25.123619079589844
2019-03-18,25.375518798828125
2019-03-19,25.116209030151367
2019-03-20,24.916162490844727
2019-03-21,25.145835876464844
2019-03-22,24.204914093017578
2019-03-25,24.301231384277344
2019-03-26,24.590177536010742
2019-03-27,24.619808197021484
2019-03-28,24.790477752685547
2019-03-29,24.768220901489258
2019-04-01,25.22825050354004
2019-04-02,25.10211753845215
2019-04-03,25.1540584564209
2019-04-04,25.4656982421875
2019-04-05,25.725400924682617
2019-04-08,25.725400924682617
2019-04-09,25.37665557861328
2019-04-10,25.717981338500977
2019-04-11,25.70313835144043
2019-04-12,25.888639450073242
2019-04-15,25.717981338500977
2019-04-16,25.93316650390625
2019-04-17,25.844125747680664
2019-04-18,25.740243911743164
2019-04-22,25.58441734313965
2019-04-23,25.93316650390625
2019-04-24,25.91832733154297
2019-04-25,25.58441734313965
2019-04-26,25.77733612060547
2019-04-29,25.91832733154297
2019-04-30,25.769920349121094
2019-05-01,25.49538230895996
2019-05-02,25.480545043945312
2019-05-03,25.97768783569336
2019-05-06,25.925737380981445
2019-05-07,25.450855255126953
2019-05-08,25.280195236206055
2019-05-09,25.22825050354004
2019-05-10,25.22825050354004
2019-05-13,24.367528915405273
2019-05-14,24.731111526489258
2019-05-15,24.760787963867188
2019-05-16,24.857254028320312
2019-05-17,24.456567764282227
2019-05-20,24.293325424194336
2019-05-21,24.567867279052734
2019-05-22,24.18202018737793
2019-05-23,23.5661563873291
2019-05-24,23.729402542114258
2019-05-28,23.499378204345703
2019-05-29,23.41033172607422
2019-05-30,23.232257843017578
2019-05-31,22.801889419555664
2019-06-03,23.054174423217773
2019-06-04,23.751659393310547
2019-06-05,23.48453712463379
2019-06-06,23.440019607543945
2019-06-07,23.536479949951172
2019-06-10,23.670040130615234
2019-06-11,23.69972038269043
2019-06-12,23.506799697875977
2019-06-13,23.81844139099121
2019-06-14,23.580995559692383
2019-06-17,23.5661563873291
2019-06-18,23.966838836669922
2019-06-19,23.95942497253418
2019-06-20,24.159767150878906
2019-06-21,23.97426414489746
2019-06-24,23.71455955505371
2019-06-25,23.662620544433594
2019-06-26,23.788761138916016
2019-06-27,24.172151565551758
2019-06-28,24.574153900146484
2019-07-01,24.626262664794922
2019-07-02,24.358259201049805
2019-07-03,24.507152557373047
2019-07-05,24.670928955078125
2019-07-08,24.41781997680664
2019-07-09,24.335926055908203
2019-07-10,24.358259201049805
2019-07-11,24.239152908325195
2019-07-12,24.507152557373047
2019-07-15,24.246597290039062
2019-07-16,24.313594818115234
2019-07-17,24.008373260498047
2019-07-18,24.05303955078125
2019-07-19,24.08281898498535
2019-07-22,23.986040115356445
2019-07-23,24.261478424072266
2019-07-24,24.737930297851562
2019-07-25,24.440155029296875
2019-07-26,24.670928955078125
2019-07-29,24.455039978027344
2019-07-30,24.834707260131836
2019-07-31,24.670928955078125
2019-08-01,23.971145629882812
2019-08-02,23.651039123535156
2019-08-05,22.921480178833008
2019-08-06,23.06292724609375
2019-08-07,22.928924560546875
2019-08-08,23.39048194885254
2019-08-09,23.055482864379883
2019-08-12,22.735374450683594
2019-08-13,22.943815231323242
2019-08-14,22.229145050048828
2019-08-15,22.04303741455078
2019-08-16,22.579036712646484
2019-08-19,22.89170265197754
2019-08-20,22.72047996520996
2019-08-21,22.89170265197754
2019-08-22,22.876813888549805
2019-08-23,22.087703704833984
2019-08-26,22.29615020751953
2019-08-27,21.923927307128906
2019-08-28,22.258922576904297
2019-08-29,22.72047996520996
2019-08-30,22.698150634765625
2019-09-03,22.318483352661133
2019-09-04,22.59392547607422
2019-09-05,23.137374877929688
2019-09-06,23.070369720458984
2019-09-09,23.695707321166992
2019-09-10,24.090259552001953
2019-09-11,24.58904457092285
2019-09-12,24.55926513671875
2019-09-13,24.678373336791992
2019-09-16,24.849605560302734
2019-09-17,24.58159637451172
2019-09-18,24.43270492553711
2019-09-19,24.268932342529297
2019-09-20,24.20193099975586
2019-09-23,24.2838191986084
2019-09-24,23.956262588500977
2019-09-25,24.350814819335938
2019-09-26,24.090259552001953
2019-09-27,23.997644424438477
2019-09-30,24.049924850463867
2019-10-01,23.564443588256836
2019-10-02,23.250757217407227
2019-10-03,23.235816955566406
2019-10-04,23.474817276000977
2019-10-07,23.385196685791016
2019-10-08,22.974407196044922
2019-10-09,23.101375579833984
2019-10-10,23.243284225463867
2019-10-11,23.69888687133789
2019-10-14,23.601797103881836
2019-10-15,23.848270416259766
2019-10-16,23.91548728942871
2019-10-17,24.139554977416992
2019-10-18,24.0872745513916
2019-10-21,24.333744049072266
2019-10-22,24.438310623168945
2019-10-23,24.527942657470703
2019-10-24,24.46072006225586
2019-10-25,24.639976501464844
2019-10-28,24.804292678833008
2019-10-29,24.938732147216797
2019-10-30,24.6922607421875
2019-10-31,24.490598678588867
2019-11-01,24.490598678588867
2019-11-04,25.30470848083496
2019-11-05,25.43915557861328
2019-11-06,25.312177658081055
2019-11-07,25.424213409423828
2019-11-08,25.431678771972656
2019-11-11,25.356990814208984
2019-11-12,25.364459991455078
2019-11-13,25.200143814086914
2019-11-14,25.20760726928711
2019-11-15,25.289772033691406
2019-11-18,25.147863388061523
2019-11-19,25.117982864379883
2019-11-20,24.968605041503906
2019-11-21,24.893918991088867
2019-11-22,24.961137771606445
2019-11-25,25.394330978393555
2019-11-26,25.327116012573242
2019-11-27,25.45408821105957
2019-11-29,25.267364501953125
2019-12-02,25.0955810546875
2019-12-03,24.87898063659668
2019-12-04,25.088109970092773
2019-12-05,25.185205459594727
2019-12-06,25.543712615966797
2019-12-09,25.53624153137207
2019-12-10,25.53624153137207
2019-12-11,25.633338928222656
2019-12-12,26.014257431030273
2019-12-13,25.80512046813965
2019-12-16,25.96197509765625
2019-12-17,26.22429084777832
2019-12-18,26.270044326782227
2019-12-19,26.308177947998047
2019-12-20,26.308177947998047
2019-12-23,26.285293579101562
2019-12-24,26.3310489654541
2019-12-26,26.32342529296875
2019-12-27,26.170913696289062
2019-12-30,26.18617057800293
2019-12-31,26.26241683959961
2020-01-02,26.26241683959961
2020-01-03,26.170913696289062
2020-01-06,26.148038864135742
2020-01-07,26.071775436401367
2020-01-08,26.07940101623535
2020-01-09,26.01840591430664
2020-01-10,25.865894317626953
2020-01-13,26.04128074645996
2020-01-14,26.087032318115234
2020-01-15,26.071775436401367
2020-01-16,26.376794815063477
2020-01-17,26.277673721313477
2020-01-21,25.92689323425293
2020-01-22,25.87350845336914
2020-01-23,25.91164207458496
2020-01-24,25.49223518371582
2020-01-27,25.095705032348633
2020-01-28,25.28635025024414
2020-01-29,25.065204620361328
2020-01-30,25.088083267211914
2020-01-31,24.455162048339844
2020-02-03,24.645801544189453
2020-02-04,24.8821964263916
2020-02-05,25.46173858642578
2020-02-06,25.24059295654297
2020-02-07,24.935571670532227
2020-02-10,24.912694931030273
2020-02-11,25.17196273803711
2020-02-12,25.3397274017334
2020-02-13,25.393102645874023
2020-02-14,25.24059295654297
2020-02-18,25.080455780029297
2020-02-19,25.225345611572266
2020-02-20,25.362600326538086
2020-02-21,25.065204620361328
2020-02-24,24.226394653320312
2020-02-25,23.280826568603516
2020-02-26,22.838544845581055
2020-02-27,22.060731887817383
2020-02-28,21.81671905517578
2020-03-02,22.342880249023438
2020-03-03,21.740467071533203
2020-03-04,22.281875610351562
2020-03-05,21.29056167602539
2020-03-06,20.72626495361328
2020-03-09,18.354717254638672
2020-03-10,19.002885818481445
2020-03-11,17.820924758911133
2020-03-12,17.820924758911133
2020-03-13,17.363391876220703
2020-03-16,15.098603248596191
2020-03-17,15.838285446166992
2020-03-18,13.840386390686035
2020-03-19,14.755452156066895
2020-03-20,14.183537483215332
2020-03-23,13.80988597869873
2020-03-24,15.266364097595215
2020-03-25,15.617141723632812
2020-03-26,16.532211303710938
2020-03-27,15.762022972106934
2020-03-30,16.022830963134766
2020-03-31,16.015186309814453
2020-04-01,14.99033260345459
2020-04-02,15.15093994140625
2020-04-03,14.615572929382324
2020-04-06,15.854564666748047
2020-04-07,16.099306106567383
2020-04-08,16.86412239074707
2020-04-09,17.73600959777832
2020-04-13,17.116514205932617
2020-04-14,17.231233596801758
2020-04-15,16.344051361083984
2020-04-16,16.099306106567383
2020-04-17,16.978843688964844
2020-04-20,16.649972915649414
2020-04-21,16.26757049560547
2020-04-22,16.305810928344727
2020-04-23,16.57349395751953
2020-04-24,16.848825454711914
2020-04-27,17.720712661743164
2020-04-28,18.164302825927734
2020-04-29,19.227392196655273
2020-04-30,18.546709060668945
2020-05-01,17.743661880493164
2020-05-04,17.66717529296875
2020-05-05,17.552452087402344
2020-05-06,17.101215362548828
2020-05-07,17.437728881835938
2020-05-08,18.34021759033203
2020-05-11,17.866029739379883
2020-05-12,17.101215362548828
2020-05-13,16.35934066772461
2020-05-14,16.504657745361328
2020-05-15,16.66526985168457
2020-05-18,18.06488037109375
2020-05-19,17.590694427490234
2020-05-20,18.1872501373291
2020-05-21,18.21784210205078
2020-05-22,18.225488662719727
2020-05-26,19.120319366455078
2020-05-27,20.045743942260742
2020-05-28,19.38035774230957
2020-05-29,19.074430465698242
2020-06-01,19.265634536743164
2020-06-02,19.51801872253418
2020-06-03,20.26753807067871
2020-06-04,20.62700080871582
2020-06-05,21.644203186035156
2020-06-08,22.30194091796875
2020-06-09,21.674793243408203
2020-06-10,20.68818473815918
2020-06-11,18.88323211669922
2020-06-12,19.44919204711914
2020-06-15,19.770408630371094
2020-06-16,20.328725814819336
2020-06-17,19.77806282043457
2020-06-18,19.747467041015625
2020-06-19,19.502729415893555
2020-06-22,19.58685874938965
2020-06-23,19.617448806762695
2020-06-24,18.791454315185547
2020-06-25,19.089723587036133
2020-06-26,18.51611328125
2020-06-29,19.290494918823242
2020-06-30,19.581850051879883
2020-07-01,19.083484649658203
2020-07-02,19.18315887451172
2020-07-06,19.45917510986328
2020-07-07,18.95314598083496
2020-07-08,19.091156005859375
2020-07-09,18.485450744628906
2020-07-10,19.075822830200195
2020-07-13,18.968481063842773
2020-07-14,19.282827377319336
2020-07-15,20.103212356567383
2020-07-16,20.07254409790039
2020-07-17,19.949867248535156
2020-07-20,19.673858642578125
2020-07-21,20.24122428894043
2020-07-22,20.264225006103516
2020-07-23,20.463563919067383
2020-07-24,20.24122428894043
2020-07-27,20.363895416259766
2020-07-28,20.17222023010254
2020-07-29,20.708921432495117
2020-07-30,20.425233840942383
2020-07-31,20.210552215576172
2020-08-03,20.494237899780273
2020-08-04,20.586240768432617
2020-08-05,21.04627227783203
2020-08-06,20.93893051147461
2020-08-07,21.444961547851562
2020-08-10,21.87432289123535
2020-08-11,21.94332504272461
2020-08-12,22.012331008911133
2020-08-13,21.805315017700195
2020-08-14,21.95099449157715
2020-08-17,21.851322174072266
2020-08-18,21.498632431030273
2020-08-19,21.51396369934082
2020-08-20,21.268619537353516
2020-08-21,21.11527442932129
2020-08-24,21.659643173217773
2020-08-25,21.636634826660156
2020-08-26,21.41429328918457
2020-08-27,21.575302124023438
2020-08-28,21.736310958862305
2020-08-31,21.337617874145508
2020-09-01,21.605968475341797
2020-09-02,21.743980407714844
2020-09-03,21.299285888671875
2020-09-04,21.42196273803711
2020-09-08,20.846927642822266
2020-09-09,21.015600204467773
2020-09-10,20.701250076293945
2020-09-11,20.724254608154297
2020-09-14,21.076936721801758
2020-09-15,20.93893051147461
2020-09-16,21.184276580810547
2020-09-17,21.11527442932129
2020-09-18,20.961933135986328
2020-09-21,20.08788299560547
2020-09-22,20.118547439575195
2020-09-23,19.535844802856445
2020-09-24,19.62784767150879
2020-09-25,19.758193969726562
2020-09-28,20.363895416259766
2020-09-29,20.164560317993164
2020-09-30,20.241519927978516
2020-10-01,20.518592834472656
2020-10-02,20.90341567993164
2020-10-05,21.48834228515625
2020-10-06,21.36520004272461
2020-10-07,21.850069046020508
2020-10-08,22.211803436279297
2020-10-09,22.227197647094727
2020-10-12,22.434995651245117
2020-10-13,22.065574645996094
2020-10-14,21.988601684570312
2020-10-15,22.327245712280273
2020-10-16,22.211803436279297
2020-10-19,21.942434310913086
2020-10-20,22.15023422241211
2020-10-21,22.042482376098633
2020-10-22,22.427295684814453
2020-10-23,22.558137893676758
2020-10-26,22.003999710083008
2020-10-27,21.534515380859375
2020-10-28,20.864931106567383
2020-10-29,21.134302139282227
2020-10-30,21.041948318481445
2020-11-02,21.565303802490234
2020-11-03,22.134836196899414
2020-11-04,21.61148452758789
2020-11-05,22.3503360748291
2020-11-06,22.065574645996094
2020-11-09,23.443222045898438
2020-11-10,24.0974178314209
2020-11-11,23.85883140563965
2020-11-12,23.34317398071289
2020-11-13,23.989667892456055
2020-11-16,24.782392501831055
2020-11-17,24.805484771728516
2020-11-18,24.574594497680664
2020-11-19,24.659255981445312
2020-11-20,24.528417587280273
2020-11-23,25.1903076171875
2020-11-24,25.99073028564453
2020-11-25,25.675180435180664
2020-11-27,25.567432403564453
2020-11-30,24.805484771728516
2020-12-01,25.167219161987305
2020-12-02,25.32114601135254
2020-12-03,25.49816131591797
2020-12-04,26.198535919189453
2020-12-07,26.075395584106445
2020-12-08,26.221620559692383
2020-12-09,26.252408981323242
2020-12-10,26.390947341918945
2020-12-11,26.18313980102539
2020-12-14,25.975337982177734
2020-12-15,26.644927978515625
2020-12-16,26.484270095825195
2020-12-17,26.726036071777344
2020-12-18,26.4998722076416
2020-12-21,26.336095809936523
2020-12-22,26.258113861083984
2020-12-23,26.757226943969727
2020-12-24,26.765018463134766
2020-12-28,26.866411209106445
2020-12-29,26.507675170898438
2020-12-30,26.83521270751953
2020-12-31,26.850805282592773
2021-01-04,26.57005500793457
2021-01-05,27.162755966186523
2021-01-06,28.66790008544922
2021-01-07,29.042236328125
2021-01-08,28.652297973632812
2021-01-11,28.878463745117188
2021-01-12,29.478965759277344
2021-01-13,29.128019332885742
2021-01-14,29.72071647644043
2021-01-15,29.23720359802246
2021-01-19,29.486766815185547
2021-01-20,29.65053367614746
2021-01-21,29.28399085998535
2021-01-22,29.588132858276367
2021-01-25,29.45555877685547
2021-01-26,29.346385955810547
2021-01-27,29.011043548583984
2021-01-28,28.956443786621094
2021-01-29,28.35595703125
2021-02-01,29.09682273864746
2021-02-02,29.408775329589844
2021-02-03,29.64273452758789
2021-02-04,30.21983528137207
2021-02-05,30.477188110351562
2021-02-08,31.288249969482422
2021-02-09,31.311655044555664
2021-02-10,31.225858688354492
2021-02-11,31.288249969482422
2021-02-12,31.47540855407715
2021-02-16,31.576797485351562
2021-02-17,31.43643569946289
2021-02-18,30.968509674072266
2021-02-19,31.678178787231445
2021-02-22,32.14610290527344
2021-02-23,32.2006950378418
2021-02-24,32.964962005615234
2021-02-25,31.958934783935547
2021-02-26,31.80296516418457
2021-03-01,32.78559494018555
2021-03-02,32.45025634765625
2021-03-03,32.74659729003906
2021-03-04,32.32548141479492
2021-03-05,33.331504821777344
2021-03-08,34.064579010009766
2021-03-09,34.00998306274414
2021-03-10,34.79764938354492
2021-03-11,35.22657775878906
2021-03-12,35.600914001464844
2021-03-15,35.5229377746582
2021-03-16,34.97703170776367
2021-03-17,35.31235885620117
2021-03-18,34.72745895385742
2021-03-19,34.78985595703125
2021-03-22,34.15036392211914
2021-03-23,32.79339599609375
2021-03-24,32.590641021728516
2021-03-25,33.43288803100586
2021-03-26,34.32973098754883
2021-03-29,33.4562873840332
2021-03-30,34.05406951904297
2021-03-31,33.96810531616211
2021-04-01,34.44477844238281
2021-04-05,34.655757904052734
2021-04-06,34.56979751586914
2021-04-07,34.233787536621094
2021-04-08,34.32756042480469
2021-04-09,34.49946212768555
2021-04-12,34.57761001586914
2021-04-13,34.147830963134766
2021-04-14,34.60886764526367
2021-04-15,34.694828033447266
2021-04-16,34.93706130981445
2021-04-19,34.679195404052734
2021-04-20,33.678985595703125
2021-04-21,34.37443923950195
2021-04-22,34.06188201904297
2021-04-23,34.86673355102539
2021-04-26,34.983951568603516
2021-04-27,35.10116195678711
2021-04-28,35.16366958618164
2021-04-29,35.24962615966797
2021-04-30,34.74170684814453
2021-05-03,35.44498062133789
2021-05-04,35.50748825073242
2021-05-05,35.74192428588867
2021-05-06,36.02322769165039
2021-05-07,36.4295654296875
2021-05-10,35.99197769165039
2021-05-11,35.73410415649414
2021-05-12,34.710453033447266
2021-05-13,35.58564376831055
2021-05-14,36.3983039855957
2021-05-17,36.64053726196289
2021-05-18,36.070125579833984
2021-05-19,35.74192428588867
2021-05-20,35.66378402709961
2021-05-21,35.9294548034668
2021-05-24,35.97634506225586
2021-05-25,35.2965087890625
2021-05-26,35.9216423034668
2021-05-27,36.3826789855957
2021-05-28,36.343605041503906
2021-06-01,36.94530487060547
2021-06-02,36.71869659423828
2021-06-03,36.63273620605469
2021-06-04,36.687435150146484
2021-06-07,36.78120040893555
2021-06-08,37.0859489440918
2021-06-09,36.67180252075195
2021-06-10,36.28890609741211
2021-06-11,36.63273620605469
2021-06-14,36.163883209228516
2021-06-15,36.4295654296875
2021-06-16,36.327980041503906
2021-06-17,35.2105598449707
2021-06-18,34.31193161010742
2021-06-21,35.2730712890625
2021-06-22,35.280887603759766
2021-06-23,35.32777404785156
2021-06-24,35.835693359375
2021-06-25,35.9060173034668
2021-06-28,35.32777404785156
2021-06-29,35.14133071899414
2021-06-30,35.32933807373047
2021-07-01,35.6896858215332
2021-07-02,35.3371696472168
2021-07-06,34.53031539916992
2021-07-07,34.43631362915039
2021-07-08,33.9741325378418
2021-07-09,34.95332336425781
2021-07-12,35.10216522216797
2021-07-13,34.46764373779297
2021-07-14,34.22480010986328
2021-07-15,34.162139892578125
2021-07-16,33.449283599853516
2021-07-19,32.61109924316406
2021-07-20,33.53546142578125
2021-07-21,34.232635498046875
2021-07-22,33.645118713378906
2021-07-23,33.89579772949219
2021-07-26,34.24047088623047
2021-07-27,33.98196029663086
2021-07-28,34.342308044433594
2021-07-29,34.77315902709961
2021-07-30,34.59298324584961
2021-08-02,34.287471771240234
2021-08-03,34.66348648071289
2021-08-04,33.942806243896484
2021-08-05,34.43631362915039
2021-08-06,34.94550323486328
2021-08-09,34.749656677246094
2021-08-10,35.274505615234375
2021-08-11,35.705352783203125
2021-08-12,35.54084396362305
2021-08-13,35.274505615234375
2021-08-16,35.07865905761719
2021-08-17,34.53814697265625
2021-08-18,34.18563461303711
2021-08-19,33.707794189453125
2021-08-20,34.16996765136719
2021-08-23,34.59298324584961
2021-08-24,34.94550323486328
2021-08-25,35.13349914550781
2021-08-26,34.73398208618164
2021-08-27,35.72885513305664
2021-08-30,35.345008850097656
2021-08-31,35.35283660888672
2021-09-01,35.376338958740234
2021-09-02,35.517337799072266
2021-09-03,35.32933807373047
2021-09-07,35.039493560791016
2021-09-08,34.66348648071289
2021-09-09,34.6556510925293
2021-09-10,34.373634338378906
2021-09-13,34.76531982421875
2021-09-14,34.18563461303711
2021-09-15,34.726158142089844
2021-09-16,34.522483825683594
2021-09-17,34.404972076416016
2021-09-20,33.72346115112305
2021-09-21,33.60594940185547
2021-09-22,34.16996765136719
2021-09-23,34.89848709106445
2021-09-24,35.000335693359375
2021-09-27,35.9246940612793
2021-09-28,35.509517669677734
2021-09-29,35.617156982421875
2021-09-30,35.05928039550781
2021-10-01,35.71144485473633
2021-10-04,35.77429962158203
2021-10-05,35.95501708984375
2021-10-06,35.65644454956055
2021-10-07,36.175018310546875
2021-10-08,36.11216735839844
2021-10-11,35.86073303222656
2021-10-12,35.892154693603516
2021-10-13,35.790016174316406
2021-10-14,36.2457389831543
2021-10-15,36.2457389831543
2021-10-18,36.355735778808594
2021-10-19,36.340030670166016
2021-10-20,36.795745849609375
2021-10-21,36.732887268066406
2021-10-22,36.842891693115234
2021-10-25,37.29075622558594
2021-10-26,36.85860824584961
2021-10-27,35.96287155151367
2021-10-28,36.53644943237305
2021-10-29,36.40288162231445
2021-11-01,37.377193450927734
2021-11-02,37.30647659301758
2021-11-03,38.037200927734375
2021-11-04,37.7857666015625
2021-11-05,38.626502990722656
2021-11-08,38.65793228149414
2021-11-09,38.626502990722656
2021-11-10,38.2572021484375
2021-11-11,38.65007019042969
2021-11-12,38.673641204833984
2021-11-15,38.65007019042969
2021-11-16,38.673641204833984
2021-11-17,38.21792221069336
2021-11-18,38.131492614746094
2021-11-19,37.636478424072266
2021-11-22,38.052913665771484
2021-11-23,38.320068359375
2021-11-24,38.131492614746094
2021-11-26,36.677894592285156
2021-11-29,36.52073669433594
2021-11-30,35.56215286254883
2021-12-01,35.07499694824219
2021-12-02,36.135738372802734
2021-12-03,35.76643753051758
2021-12-06,36.56003189086914
2021-12-07,37.00004577636719
2021-12-08,37.11790084838867
2021-12-09,36.74860763549805
2021-12-10,36.882179260253906
2021-12-13,36.135738372802734
2021-12-14,36.05716323852539
2021-12-15,36.425479888916016
2021-12-16,36.148807525634766
2021-12-17,35.94129943847656
2021-12-20,35.2928581237793
2021-12-21,36.39089584350586
2021-12-22,36.76266860961914
2021-12-23,37.03070068359375
2021-12-27,37.59268569946289
2021-12-28,37.57539367675781
2021-12-29,37.722373962402344
2021-12-30,37.50621795654297
2021-12-31,37.58403778076172
2022-01-03,38.050926208496094
2022-01-04,38.68208312988281
2022-01-05,38.07685852050781
2022-01-06,38.5091552734375
2022-01-07,38.31894302368164
2022-01-10,38.163326263427734
2022-01-11,38.48322296142578
2022-01-12,38.465919494628906
2022-01-13,38.65614318847656
2022-01-14,38.90687942504883
2022-01-18,38.12873840332031
2022-01-19,37.4630012512207
2022-01-20,36.63298416137695
2022-01-21,36.05370330810547
2022-01-24,36.82318878173828
2022-01-25,36.64162826538086
2022-01-26,36.20933532714844
2022-01-27,35.6559944152832
2022-01-28,35.96723937988281
2022-01-31,36.49464797973633
2022-02-01,36.97881317138672
2022-02-02,36.90964889526367
2022-02-03,36.49464797973633
2022-02-04,36.46006774902344
2022-02-07,36.52058410644531
2022-02-08,37.177677154541016
2022-02-09,37.454349517822266
2022-02-10,37.05663299560547
2022-02-11,36.88372039794922
2022-02-14,36.728092193603516
2022-02-15,37.64456558227539
2022-02-16,37.78289794921875
2022-02-17,37.07393264770508
2022-02-18,36.97018051147461
2022-02-22,36.399539947509766
2022-02-23,35.949947357177734
2022-02-24,36.18339157104492
2022-02-25,37.18632125854492
2022-02-28,37.23820114135742
2022-03-01,36.39089584350586
2022-03-02,37.63591003417969
2022-03-03,37.50621795654297
2022-03-04,36.98747253417969
2022-03-07,35.96723937988281
2022-03-08,36.15745162963867
2022-03-09,36.88372039794922
2022-03-10,37.0479850769043
2022-03-11,36.840492248535156
2022-03-14,36.5984001159668
2022-03-15,36.86642837524414
2022-03-16,37.722373962402344
2022-03-17,38.042274475097656
2022-03-18,38.111446380615234
2022-03-21,38.12009048461914
2022-03-22,38.29301071166992
2022-03-23,37.705081939697266
2022-03-24,38.050926208496094
2022-03-25,38.48322296142578
2022-03-28,38.137386322021484
2022-03-29,38.72530746459961
2022-03-30,38.081947326660156
2022-03-31,37.55376052856445
2022-04-01,37.7442512512207
2022-04-04,37.519126892089844
2022-04-05,36.76578903198242
2022-04-06,36.38481140136719
2022-04-07,36.29820251464844
2022-04-08,36.35017013549805
2022-04-11,36.23759841918945
2022-04-12,36.402122497558594
2022-04-13,37.09484100341797
2022-04-14,37.03421401977539
2022-04-18,37.15544891357422
2022-04-19,37.85681915283203
2022-04-20,38.159881591796875
2022-04-21,37.42387771606445
2022-04-22,36.38481140136719
2022-04-25,36.393455505371094
2022-04-26,35.4929313659668
2022-04-27,35.518917083740234
2022-04-28,36.29820251464844
2022-04-29,35.397682189941406
2022-05-02,35.6228141784668
2022-05-03,36.11637878417969
2022-05-04,37.164100646972656
2022-05-05,36.11637878417969
2022-05-06,35.78733825683594
2022-05-09,34.826202392578125
2022-05-10,34.601070404052734
2022-05-11,34.13348388671875
2022-05-12,34.30665588378906
2022-05-13,35.00802993774414
2022-05-16,35.07729721069336
2022-05-17,36.21162033081055
2022-05-18,35.05998611450195
2022-05-19,34.86082077026367
2022-05-20,34.678993225097656
2022-05-23,35.20718765258789
2022-05-24,34.878150939941406
2022-05-25,35.640132904052734
2022-05-26,36.402122497558594
2022-05-27,37.0775146484375
2022-05-31,36.78311538696289
2022-06-01,36.757137298583984
2022-06-02,37.38923645019531
2022-06-03,37.10348892211914
2022-06-06,37.49314880371094
2022-06-07,37.908775329589844
2022-06-08,37.1987419128418
2022-06-09,36.50602340698242
2022-06-10,35.518917083740234
2022-06-13,33.960304260253906
2022-06-14,33.98628234863281
2022-06-15,34.22007751464844
2022-06-16,32.47962951660156
2022-06-17,32.41035461425781
2022-06-21,32.96452713012695
2022-06-22,32.63549041748047
2022-06-23,32.41035461425781
2022-06-24,33.50138473510742
2022-06-27,33.804443359375
2022-06-28,33.45808792114258
2022-06-29,33.05424880981445
2022-06-30,32.81106948852539
2022-07-01,33.09767150878906
2022-07-05,32.73290252685547
2022-07-06,32.37682342529297
2022-07-07,33.04556655883789
2022-07-08,33.00213623046875
2022-07-11,32.6807975769043
2022-07-12,32.672115325927734
2022-07-13,32.5592155456543
2022-07-14,32.17708206176758
2022-07-15,32.90660858154297
2022-07-18,33.071617126464844
2022-07-19,34.209312438964844
2022-07-20,34.5740852355957
2022-07-21,34.49591064453125
2022-07-22,34.26142883300781
2022-07-25,34.686981201171875
2022-07-26,34.539337158203125
2022-07-27,35.329654693603516
2022-07-28,35.63361358642578
2022-07-29,36.06785583496094
2022-08-01,36.15471267700195
2022-08-02,35.70309829711914
2022-08-03,35.98969650268555
2022-08-04,35.7117805480957
2022-08-05,35.928897857666016
2022-08-08,36.1373405456543
2022-08-09,35.9549560546875
2022-08-10,36.701847076416016
2022-08-11,37.19688034057617
2022-08-12,37.77006912231445
2022-08-15,37.71796798706055
2022-08-16,38.03062438964844
2022-08-17,37.57032775878906
2022-08-18,38.01325225830078
2022-08-19,37.440059661865234
2022-08-22,36.727901458740234
2022-08-23,36.762638092041016
2022-08-24,36.866859436035156
2022-08-25,37.54426193237305
2022-08-26,36.52814865112305
2022-08-29,36.232872009277344
2022-08-30,35.624935150146484
2022-08-31,35.286231994628906
2022-09-01,34.84330749511719
2022-09-02,34.730411529541016
2022-09-06,34.313533782958984
2022-09-07,34.782508850097656
2022-09-08,34.93015670776367
2022-09-09,35.642303466796875
2022-09-12,36.06785583496094
2022-09-13,34.74777603149414
2022-09-14,34.773826599121094
2022-09-15,34.626182556152344
2022-09-16,34.296165466308594
2022-09-19,34.82593536376953
2022-09-20,34.40906524658203
2022-09-21,33.974822998046875
2022-09-22,33.34952926635742
2022-09-23,32.40288162231445
2022-09-26,31.916540145874023
2022-09-27,31.933908462524414
2022-09-28,32.776329040527344
2022-09-29,32.15965270996094
2022-09-30,31.959041595458984
2022-10-03,32.97956848144531
2022-10-04,34.27920913696289
2022-10-05,34.17453384399414
2022-10-06,34.017539978027344
2022-10-07,33.31973648071289
2022-10-10,33.31973648071289
2022-10-11,33.337188720703125
2022-10-12,33.2935676574707
2022-10-13,34.31410217285156
2022-10-14,33.59013748168945
2022-10-17,34.392601013183594
2022-10-18,34.86361312866211
2022-10-19,34.54960632324219
2022-10-20,34.043704986572266
2022-10-21,34.83743667602539
2022-10-24,35.16889953613281
2022-10-25,35.770751953125
2022-10-26,35.814353942871094
2022-10-27,35.91031265258789
2022-10-28,36.59938430786133
2022-10-31,36.64299774169922
2022-11-01,36.82615661621094
2022-11-02,35.8492546081543
2022-11-03,35.753299713134766
2022-11-04,36.44236755371094
2022-11-07,36.87849807739258
2022-11-08,36.82615661621094
2022-11-09,36.01497268676758
2022-11-10,37.76818084716797
2022-11-11,37.90774154663086
2022-11-14,37.619911193847656
2022-11-15,38.10835647583008
2022-11-16,37.5588493347168
2022-11-17,37.46290588378906
2022-11-18,37.65479278564453
2022-11-21,37.61117935180664
2022-11-22,38.18686294555664
2022-11-23,38.15198516845703
2022-11-25,38.29153060913086
2022-11-28,37.576297760009766
2022-11-29,37.81179428100586
2022-11-30,38.51831817626953
2022-12-01,38.39619827270508
2022-12-02,38.492156982421875
2022-12-05,37.35823059082031
2022-12-06,37.140167236328125
2022-12-07,36.939544677734375
2022-12-08,37.00060272216797
2022-12-09,36.62554168701172
2022-12-12,37.0180549621582
2022-12-13,37.07910919189453
2022-12-14,36.81621170043945
2022-12-15,36.10589599609375
2022-12-16,35.84760284423828
2022-12-19,35.61698532104492
2022-12-20,35.82915115356445
2022-12-21,36.447208404541016
2022-12-22,35.94908142089844
2022-12-23,36.31806945800781
2022-12-27,36.373416900634766
2022-12-28,35.65388488769531
2022-12-29,36.38263702392578
2022-12-30,36.24427032470703
2023-01-03,36.0966682434082
2023-01-04,36.474891662597656
2023-01-05,36.29039764404297
2023-01-06,37.203651428222656
2023-01-09,37.1483039855957
2023-01-10,37.572635650634766
2023-01-11,37.89551544189453
2023-01-12,38.329071044921875
2023-01-13,38.51356506347656
2023-01-17,38.329071044921875
2023-01-18,37.655662536621094
2023-01-19,37.461944580078125
2023-01-20,38.070777893066406
2023-01-23,38.38441467285156
2023-01-24,38.31062316894531
2023-01-25,38.50434494018555
2023-01-26,38.79954528808594
2023-01-27,38.78108596801758
2023-01-30,38.412105560302734
2023-01-31,39.371482849121094
2023-02-01,39.85117721557617
2023-02-02,40.41388702392578
2023-02-03,40.32163619995117
2023-02-06,39.85117721557617
2023-02-07,40.192481994628906
2023-02-08,39.68512725830078
2023-02-09,39.21465301513672
2023-02-10,39.380699157714844
2023-02-13,39.83272171020508
2023-02-14,39.777366638183594
2023-02-15,40.07256317138672
2023-02-16,39.8696174621582
2023-02-17,39.8696174621582
2023-02-21,38.74419403076172
2023-02-22,38.817989349365234
2023-02-23,39.057838439941406
2023-02-24,38.93790817260742
2023-02-27,39.057838439941406
2023-02-28,39.00248718261719
2023-03-01,39.16853332519531
2023-03-02,39.24232864379883
2023-03-03,39.64822769165039
2023-03-06,38.965579986572266
2023-03-07,38.495121002197266
2023-03-08,38.532020568847656
2023-03-09,37.471160888671875
2023-03-10,36.58559036254883
2023-03-13,35.36791229248047
2023-03-14,35.94908142089844
2023-03-15,35.08193588256836
2023-03-16,35.663108825683594
2023-03-17,34.59303283691406
2023-03-20,35.05426788330078
2023-03-21,35.86605453491211
2023-03-22,34.962013244628906
2023-03-23,34.60225296020508
2023-03-24,34.98969268798828
2023-03-27,35.36791229248047
2023-03-28,35.46937942504883
2023-03-29,35.718448638916016
2023-03-30,35.63046646118164
2023-03-31,36.22322463989258
2023-04-03,36.2787971496582
2023-04-04,35.49153518676758
2023-04-05,35.269256591796875
2023-04-06,35.1859016418457
2023-04-10,35.639732360839844
2023-04-11,35.95463180541992
2023-04-12,35.84348678588867
2023-04-13,36.102821350097656
2023-04-14,35.88980484008789
2023-04-17,36.167659759521484
2023-04-18,36.065773010253906
2023-04-19,36.15838623046875
2023-04-20,35.96389389038086
2023-04-21,35.73234939575195
2023-04-24,35.80644226074219
2023-04-25,34.917293548583984
2023-04-26,34.593135833740234
2023-04-27,35.158111572265625
2023-04-28,35.556365966796875
2023-05-01,35.41744613647461
2023-05-02,34.63018798828125
2023-05-03,34.463462829589844
2023-05-04,33.80588150024414
2023-05-05,34.68575668334961
2023-05-08,34.50051498413086
2023-05-09,34.34306335449219
2023-05-10,34.2967529296875
2023-05-11,34.13929748535156
2023-05-12,34.10225296020508
2023-05-15,34.481990814208984
2023-05-16,34.02815628051758
2023-05-17,34.98213195800781
2023-05-18,35.287776947021484
2023-05-19,34.92656707763672
2023-05-22,35.195159912109375
2023-05-23,35.13958740234375
2023-05-24,34.79689407348633
2023-05-25,34.77836990356445
2023-05-26,35.121055603027344
2023-05-30,34.954345703125
2023-05-31,34.2967529296875
2023-06-01,34.6579704284668
2023-06-02,36.12134552001953
2023-06-05,35.454490661621094
2023-06-06,36.584442138671875
2023-06-07,37.50136947631836
2023-06-08,37.297603607177734
2023-06-09,37.01974868774414
2023-06-12,37.0753173828125
2023-06-13,37.519893646240234
2023-06-14,37.112361907958984
2023-06-15,37.51062774658203
2023-06-16,37.204978942871094
2023-06-20,36.99195861816406
2023-06-21,37.0104866027832
2023-06-22,36.714111328125
2023-06-23,36.30659484863281
2023-06-26,36.51961135864258
2023-06-27,37.16794204711914
2023-06-28,37.23277282714844
2023-06-29,37.774261474609375
2023-06-30,37.858001708984375
2023-07-03,38.10921096801758
2023-07-05,37.60679244995117
2023-07-06,37.04854965209961
2023-07-07,37.60679244995117
2023-07-10,37.98826217651367
2023-07-11,38.360416412353516
2023-07-12,38.74188995361328
2023-07-13,38.965179443359375
2023-07-14,38.55580520629883
2023-07-17,38.77909851074219
2023-07-18,39.4396858215332
2023-07-19,39.756019592285156
2023-07-20,39.5327262878418
2023-07-21,39.2722053527832
2023-07-24,39.616458892822266
2023-07-25,39.62576675415039
2023-07-26,39.98862075805664
2023-07-27,39.728111267089844
2023-07-28,40.13747787475586
2023-07-31,40.444522857666016
2023-08-01,40.40730285644531
2023-08-02,40.07236099243164
2023-08-03,39.91419219970703
2023-08-04,39.997920989990234
2023-08-07,40.30495834350586
2023-08-08,40.09095764160156
2023-08-09,39.886268615722656
2023-08-10,39.64436721801758
2023-08-11,39.71879577636719
2023-08-14,39.64436721801758
2023-08-15,39.08612823486328
2023-08-16,38.74188995361328
2023-08-17,38.518592834472656
2023-08-18,38.68606185913086
2023-08-21,38.518592834472656
2023-08-22,38.192955017089844
2023-08-23,38.499977111816406
2023-08-24,38.248775482177734
2023-08-25,38.30459976196289
2023-08-28,38.648841857910156
2023-08-29,39.09543991088867
2023-08-30,39.188472747802734
2023-08-31,39.20708084106445
2023-09-01,39.756019592285156
2023-09-05,38.66745376586914
2023-09-06,38.4627685546875
2023-09-07,38.07199478149414
2023-09-08,38.07199478149414
2023-09-11,38.07199478149414
2023-09-12,38.174339294433594
2023-09-13,37.932430267333984
2023-09-14,38.574405670166016
2023-09-15,38.174339294433594
2023-09-18,38.04408264160156
2023-09-19,37.951045989990234
2023-09-20,37.69983673095703
2023-09-21,37.346282958984375
2023-09-22,37.24393844604492
2023-09-25,37.560272216796875
2023-09-26,37.03925323486328
2023-09-27,37.37419128417969
2023-09-28,37.748878479003906
2023-09-29,37.54331970214844
2023-10-02,37.0294075012207
2023-10-03,36.43140411376953
2023-10-04,36.422061920166016
2023-10-05,36.46879196166992
2023-10-06,36.665000915527344
2023-10-09,37.01072311401367
2023-10-10,37.31906509399414
2023-10-11,37.47791290283203
2023-10-12,36.85187911987305
2023-10-13,36.4968147277832
2023-10-16,37.048095703125
2023-10-17,37.468563079833984
2023-10-18,36.74909591674805
2023-10-19,36.27255630493164
2023-10-20,35.852088928222656
2023-10-23,35.618499755859375
2023-10-24,35.68390655517578
2023-10-25,35.32884979248047
2023-10-26,35.56243896484375
2023-10-27,35.26343536376953
2023-10-30,35.52505874633789
2023-10-31,35.721282958984375
2023-11-01,36.029624938964844
2023-11-02,36.954654693603516
2023-11-03,37.8049430847168
2023-11-06,37.42184066772461
2023-11-07,37.057437896728516
2023-11-08,36.76777648925781
2023-11-09,36.394039154052734
2023-11-10,36.81450653076172
2023-11-13,36.786476135253906
2023-11-14,38.49638366699219
2023-11-15,38.60850143432617
2023-11-16,38.07591247558594
2023-11-17,38.59916687011719
2023-11-20,38.72063064575195
2023-11-21,38.318851470947266
2023-11-22,38.49638366699219
2023-11-24,38.71128463745117
2023-11-27,38.58047103881836
2023-11-28,38.34688186645508
2023-11-29,38.58047103881836
2023-11-30,38.739315032958984
2023-12-01,39.82319259643555
2023-12-04,40.159576416015625
2023-12-05,39.5522346496582
2023-12-06,39.39338684082031
2023-12-07,39.81385040283203
2023-12-08,40.05678939819336
2023-12-11,40.215641021728516
2023-12-12,39.99138259887695
2023-12-13,41.31610870361328
2023-12-14,42.4776496887207
2023-12-15,42.17046356201172
2023-12-18,42.24726104736328
2023-12-19,43.04402160644531
2023-12-20,42.45845413208008
2023-12-21,43.05362319946289
2023-12-22,43.28400421142578
2023-12-26,43.70637130737305
2023-12-27,43.70637130737305
2023-12-28,43.60078430175781
2023-12-29,43.140010833740234
2024-01-02,42.98642349243164
2024-01-03,42.01688003540039
2024-01-04,41.94968032836914
2024-01-05,42.01688003540039
2024-01-08,42.448856353759766
2024-01-09,41.94968032836914
2024-01-10,42.00727081298828
2024-01-11,41.85367965698242
2024-01-12,41.738487243652344
2024-01-16,41.24891662597656
2024-01-17,40.9897346496582
2024-01-18,41.46010208129883
2024-01-19,41.930477142333984
2024-01-22,42.64084243774414
2024-01-23,42.30485916137695
2024-01-24,42.2376594543457
2024-01-25,42.63124465942383
2024-01-26,42.74643325805664
2024-01-29,43.08242416381836
2024-01-30,43.1112174987793
2024-01-31,41.930477142333984
2024-02-01,42.19926452636719
2024-02-02,42.03607940673828
2024-02-05,41.49850845336914
2024-02-06,41.58489990234375
2024-02-07,41.565704345703125
2024-02-08,41.99767303466797
2024-02-09,42.410457611083984
2024-02-12,43.1112174987793
2024-02-13,41.61369705200195
2024-02-14,42.343265533447266
2024-02-15,43.255210876464844
2024-02-16,42.775238037109375
2024-02-20,42.30485916137695
2024-02-21,42.40085220336914
2024-02-22,42.573638916015625
2024-02-23,42.679237365722656
2024-02-26,42.688838958740234
2024-02-27,42.861629486083984
2024-02-28,42.5832405090332
2024-02-29,43.015220642089844
2024-03-01,43.23600769042969
2024-03-04,43.08242416381836
2024-03-05,43.08242416381836
2024-03-06,43.13041305541992
2024-03-07,43.523990631103516
2024-03-08,43.44719314575195
2024-03-11,43.30320739746094
2024-03-12,43.264808654785156
2024-03-13,43.3799934387207
2024-03-14,42.71763610839844
2024-03-15,42.928829193115234
2024-03-18,42.71763610839844
2024-03-19,43.13041305541992
2024-03-20,44.04236602783203
2024-03-21,44.54153823852539
2024-03-22,44.03276824951172
2024-03-25,44.10955810546875
2024-03-26,43.99436950683594
2024-03-27,44.96337127685547
2024-03-28,45.290870666503906
2024-04-01,44.886314392089844
2024-04-02,44.2216911315918
2024-04-03,44.491390228271484
2024-04-04,44.067569732666016
2024-04-05,44.27947998046875
2024-04-08,44.4432258605957
2024-04-09,44.54917907714844
2024-04-10,43.44147491455078
2024-04-11,43.56669616699219
2024-04-12,42.91170883178711
2024-04-15,42.55531311035156
2024-04-16,42.2567024230957
2024-04-17,41.9292106628418
2024-04-18,41.95811080932617
2024-04-19,42.458984375
2024-04-22,42.78648376464844
2024-04-23,43.46073532104492
2024-04-24,43.42221450805664
2024-04-25,43.2006721496582
2024-04-26,43.45111083984375
2024-04-29,43.605220794677734
2024-04-30,42.64199447631836
2024-05-01,42.738319396972656
2024-05-02,43.43184280395508
2024-05-03,43.817134857177734
2024-05-06,44.30837631225586
2024-05-07,44.29874801635742
2024-05-08,44.452857971191406
2024-05-09,44.9537353515625
2024-05-10,44.80925750732422
2024-05-13,44.78999710083008
2024-05-14,45.194541931152344
2024-05-15,45.4931526184082
2024-05-16,45.290870666503906
2024-05-17,45.36792755126953
2024-05-20,45.21380615234375
2024-05-21,45.22344207763672
2024-05-22,44.84778594970703
2024-05-23,44.21205520629883
2024-05-24,44.616607666015625
2024-05-28,44.48176193237305
2024-05-29,43.807498931884766
2024-05-30,44.385440826416016
2024-05-31,44.9537353515625
2024-06-03,44.645503997802734
2024-06-04,43.8267707824707
2024-06-05,44.17353057861328
2024-06-06,43.971248626708984
2024-06-07,43.62448501586914
2024-06-10,43.6148567199707
2024-06-11,43.30662536621094
2024-06-12,43.95198059082031
2024-06-13,43.42221450805664
2024-06-14,42.70941925048828
2024-06-17,43.1910400390625
2024-06-18,43.30662536621094
2024-06-20,43.27772521972656
2024-06-21,43.325889587402344
2024-06-24,43.653385162353516
2024-06-25,43.268089294433594
2024-06-26,43.31625747680664
2024-06-27,43.36171340942383
2024-06-28,43.86468505859375
2024-07-01,43.4390983581543
2024-07-02,43.61320114135742
2024-07-03,43.651893615722656
2024-07-05,43.10055923461914
2024-07-08,43.23596954345703
2024-07-09,43.06187057495117
2024-07-10,43.59385681152344
2024-07-11,45.11243438720703
2024-07-12,45.42195129394531
2024-07-15,46.060340881347656
2024-07-16,47.65630340576172
2024-07-17,47.50153732299805
2024-07-18,46.814788818359375
2024-07-19,46.47624969482422
2024-07-22,47.13397979736328
2024-07-23,47.46284866333008
2024-07-24,46.601993560791016
2024-07-25,47.414485931396484
2024-07-26,48.20762634277344
2024-07-29,47.8497428894043
2024-07-30,48.03352355957031
2024-07-31,48.333370208740234
2024-08-01,46.843814849853516
2024-08-02,45.09309005737305
2024-08-05,43.61320114135742
2024-08-06,44.00977325439453
2024-08-07,43.497135162353516
2024-08-08,44.454708099365234
2024-08-09,44.35798645019531
2024-08-12,43.97107696533203
2024-08-13,44.63848114013672
2024-08-14,44.435359954833984
2024-08-15,45.42195129394531
2024-08-16,45.62507247924805
2024-08-19,46.060340881347656
2024-08-20,45.383262634277344
2024-08-21,45.857215881347656
2024-08-22,45.5960578918457
2024-08-23,47.10497283935547
2024-08-26,46.998565673828125
2024-08-27,46.77610397338867
2024-08-28,46.66969680786133
2024-08-29,46.9018440246582
2024-08-30,47.1920166015625
2024-09-03,45.866886138916016
2024-09-04,45.62507247924805
2024-09-05,45.30588150024414
2024-09-06,44.52240753173828
2024-09-09,44.416011810302734
2024-09-10,44.21289825439453
2024-09-11,44.17420196533203
2024-09-12,44.65782928466797
2024-09-13,45.79917907714844
2024-09-16,46.07968521118164
2024-09-17,46.447235107421875
2024-09-18,46.52461242675781
2024-09-19,47.57891845703125
2024-09-20,46.93085861206055
2024-09-23,46.92118835449219
2024-09-24,46.882503509521484
2024-09-25,46.253787994384766
2024-09-26,46.7374153137207
2024-09-27,47.05297088623047
2024-09-30,47.20832824707031
2024-10-01,46.53836441040039
2024-10-02,46.38301467895508
2024-10-03,46.2082405090332
2024-10-04,46.79081344604492
2024-10-07,46.50923156738281
2024-10-08,46.32474899291992
2024-10-09,46.53836441040039
2024-10-10,46.38301467895508
2024-10-11,47.27629852294922
2024-10-14,47.460777282714844
2024-10-15,47.344261169433594
2024-10-16,48.10161590576172
2024-10-17,48.25697326660156
2024-10-18,48.043357849121094
2024-10-21,47.043270111083984
2024-10-22,46.878204345703125
2024-10-23,46.635459899902344
2024-10-24,46.81023406982422
2024-10-25,46.53836441040039
2024-10-28,47.218040466308594
2024-10-29,47.014129638671875
2024-10-30,47.169490814208984
2024-10-31,46.50923156738281
2024-11-01,46.51894760131836
2024-11-04,46.62574768066406
2024-11-05,47.43164825439453
2024-11-06,50.752349853515625
2024-11-07,50.208614349365234
2024-11-08,50.266868591308594
2024-11-11,51.00480270385742
2024-11-12,50.344547271728516
2024-11-13,50.101806640625
2024-11-14,49.79109573364258
2024-11-15,49.41242218017578
2024-11-18,49.41242218017578
2024-11-19,49.295902252197266
2024-11-20,49.37358474731445
2024-11-21,50.179481506347656
2024-11-22,51.05335998535156
2024-11-25,51.83983612060547
2024-11-26,51.315513610839844
2024-11-27,51.237831115722656
2024-11-29,51.32522201538086
2024-12-02,51.45145034790039
2024-12-03,51.06306076049805
2024-12-04,51.01451110839844
2024-12-05,50.509613037109375
2024-12-06,50.32512664794922
2024-12-09,50.29600143432617
2024-12-10,50.169769287109375
2024-12-11,50.499900817871094
2024-12-12,50.04355239868164
2024-12-13,49.63914108276367
2024-12-16,49.55144500732422
2024-12-17,48.869319915771484
2024-12-18,46.94963455200195
2024-12-19,46.676780700683594
2024-12-20,46.95936584472656
2024-12-23,47.09579849243164
2024-12-24,47.524559020996094
2024-12-26,47.73894500732422
2024-12-27,47.1932487487793
2024-12-30,47.02758026123047
2024-12-31,47.27119827270508
2025-01-02,47.056819915771484
2025-01-03,47.38814163208008
2025-01-06,47.35890197753906
2025-01-07,47.13477325439453
2025-01-08,47.056819915771484
2025-01-10,46.26750564575195
2025-01-13,46.83269500732422
2025-01-14,47.651241302490234
2025-01-15,48.469791412353516
2025-01-16,48.440555572509766
2025-01-17,48.66468048095703
2025-01-21,49.19089126586914
2025-01-22,48.801109313964844
2025-01-23,48.957027435302734
2025-01-24,48.927791595458984
2025-01-27,48.820594787597656
2025-01-28,48.77186965942383
2025-01-29,48.752384185791016
2025-01-30,49.20063781738281
2025-01-31,48.65494155883789
2025-02-03,47.69996643066406
2025-02-04,48.41132354736328
2025-02-05,48.74264144897461
2025-02-06,48.723148345947266
2025-02-07,48.07025909423828
2025-02-10,48.17744827270508
2025-02-11,48.401580810546875
2025-02-12,47.69021987915039
2025-02-13,48.07025909423828
2025-02-14,48.12872314453125
2025-02-18,48.36260223388672
2025-02-19,48.08974838256836
2025-02-20,47.651241302490234
2025-02-21,46.540348052978516
2025-02-24,46.34546661376953
2025-02-25,46.37470245361328
2025-02-26,46.2382698059082
2025-02-27,45.74129104614258
2025-02-28,46.092098236083984
2025-03-03,44.95197677612305
2025-03-04,44.026241302490234
2025-03-05,44.39653396606445
2025-03-06,44.05547332763672
2025-03-07,44.308834075927734
2025-03-10,43.1687126159668
2025-03-11,43.042030334472656
2025-03-12,42.96407699584961
2025-03-13,42.38914489746094
2025-03-14,43.412322998046875
2025-03-17,43.899559020996094
2025-03-18,43.753395080566406
2025-03-19,44.31857681274414
2025-03-20,44.10419464111328
2025-03-21,43.743648529052734
2025-03-24,44.776580810546875
2025-03-25,44.49398422241211
2025-03-26,44.44525909423828
2025-03-27,44.308834075927734
2025-03-28,43.34623718261719
2025-03-31,43.39514923095703
2025-04-01,43.52231979370117
2025-04-02,44.158180236816406
2025-04-03,40.558223724365234
2025-04-04,38.86585235595703
2025-04-07,38.523468017578125
2025-04-08,37.48651885986328
2025-04-09,40.7734375
2025-04-10,38.699554443359375
2025-04-11,39.169105529785156
2025-04-14,39.52128219604492
2025-04-15,39.48215103149414
2025-04-16,39.23759078979492
2025-04-17,39.70714569091797
2025-04-21,38.944114685058594
2025-04-22,39.97127914428711
2025-04-23,40.43105697631836
2025-04-24,41.22343444824219
2025-04-25,41.07669448852539
2025-04-28,41.22343444824219
2025-04-29,41.458213806152344
2025-04-30,41.086483001708984
2025-05-01,41.409305572509766
2025-05-02,42.38755416870117
2025-05-05,42.1234245300293
2025-05-06,41.8299446105957
2025-05-07,41.927772521972656
2025-05-08,42.896240234375
2025-05-09,42.945152282714844
2025-05-12,44.61796188354492
2025-05-13,45.00925827026367
2025-05-14,44.63752365112305
2025-05-15,44.735347747802734
2025-05-16,44.930999755859375
2025-05-19,44.666873931884766
2025-05-20,44.54948043823242
2025-05-21,43.248409271240234
2025-05-22,43.21906280517578
2025-05-23,43.09188461303711
2025-05-27,44.216880798339844
2025-05-28,43.639713287353516
2025-05-29,43.854923248291016
2025-05-30,43.571231842041016
2025-06-02,43.40492630004883
2025-06-03,44.158180236816406
2025-06-04,43.864707946777344
2025-06-05,43.766883850097656
2025-06-06,44.3831787109375
2025-06-09,44.72556686401367
2025-06-10,45.244041442871094
2025-06-11,45.03860855102539
2025-06-12,44.930999755859375
2025-06-13,44.216880798339844
2025-06-16,44.71578598022461
2025-06-17,44.216880798339844
2025-06-18,44.422306060791016
2025-06-20,44.45165252685547
2025-06-23,44.89187240600586
2025-06-24,45.29294967651367
2025-06-25,44.862525939941406
2025-06-26,45.61577224731445
2025-06-27,45.69245147705078
2025-06-30,45.63346862792969
2025-07-01,46.744319915771484
2025-07-02,47.53076171875
2025-07-03,47.77653121948242
2025-07-07,47.0294075012207
2025-07-08,47.520938873291016
2025-07-09,47.70771789550781
2025-07-10,48.1599235534668
2025-07-11,47.688053131103516
2025-07-14,47.6978874206543
2025-07-15,46.47890090942383
2025-07-16,46.63618469238281
2025-07-17,47.216190338134766
2025-07-18,46.99991989135742
2025-07-21,46.89178466796875
2025-07-22,47.66839599609375
2025-07-23,48.23857116699219
2025-07-24,47.47178649902344
2025-07-25,47.6978874206543
2025-07-28,47.66839599609375
2025-07-29,47.461952209472656
2025-07-30,46.79347229003906
2025-07-31,46.25279235839844
2025-08-01,45.38770294189453
2025-08-04,46.00702667236328
2025-08-05,46.35110092163086
2025-08-06,46.223297119140625
2025-08-07,46.15449142456055
2025-08-08,46.35110092163086
2025-08-11,46.24296569824219
2025-08-12,47.737213134765625
2025-08-13,48.90704345703125
2025-08-14,48.4155158996582
2025-08-15,47.973140716552734
2025-08-18,48.08127975463867
2025-08-19,48.189414978027344
2025-08-20,47.94364929199219
2025-08-21,47.923988342285156
2025-08-22,49.988407135009766
2025-08-25,49.72298049926758
2025-08-26,49.8212890625
2025-08-27,50.21451187133789
2025-08-28,50.16535186767578
2025-08-29,50.08671569824219
2025-09-02,49.752471923828125
2025-09-03,49.62467956542969
2025-09-04,50.37179946899414
2025-09-05,50.4701042175293
2025-09-08,50.37179946899414
2025-09-09,49.8606071472168
2025-09-10,49.8606071472168
2025-09-11,50.676544189453125
2025-09-12,50.03756332397461
2025-09-15,49.94908905029297
2025-09-16,49.90976333618164
2025-09-17,49.87044143676758
2025-09-18,50.73552703857422
2025-09-19,50.02772521972656
2025-09-22,49.91958999633789
2025-09-23,49.89010238647461
2025-09-24,49.83111572265625
2025-09-25,49.41823196411133
2025-09-26,49.94908905029297
2025-09-29,49.6181640625
2025-09-30,49.558895111083984
2025-10-01,49.82560729980469
2025-10-02,49.805850982666016
2025-10-03,50.24049377441406
2025-10-06,50.22073745727539
2025-10-07,49.56877899169922
2025-10-08,49.805850982666016
2025-10-09,49.22303771972656
2025-10-10,47.44496536254883
2025-10-13,48.40314483642578
2025-10-14,49.22303771972656
2025-10-15,49.22303771972656
2025-10-16,48.245094299316406
2025-10-17,48.44266128540039
2025-10-20,49.262550354003906
2025-10-21,49.371212005615234
2025-10-22,49.09462356567383
2025-10-23,49.54901885986328
2025-10-24,49.815731048583984
2025-10-27,49.73670196533203
2025-10-28,49.460113525390625
2025-10-29,48.857547760009766
2025-10-30,48.53156661987305
2025-10-31,48.729129791259766
2025-11-03,48.83778762817383
2025-11-04,48.393272399902344
2025-11-05,48.827911376953125
2025-11-06,48.30436325073242
2025-11-07,48.76864242553711
2025-11-10,49.074867248535156
2025-11-11,49.34157943725586
2025-11-12,49.4798698425293
2025-11-13,48.88718032836914
2025-11-14,48.798274993896484
2025-11-17,47.563507080078125
2025-11-18,47.85984802246094
2025-11-19,47.820335388183594
2025-11-20,47.22764587402344
2025-11-21,48.73900604248047
2025-11-24,49.09462356567383
2025-11-25,50.28988265991211
2025-11-26,50.546714782714844
2025-11-28,50.66525650024414
2025-12-01,50.72452163696289
2025-12-02,50.62574005126953
2025-12-03,51.485145568847656
2025-12-04,51.34684753417969
2025-12-05,51.356727600097656
2025-12-08,51.09001922607422
2025-12-09,51.16904067993164
2025-12-10,52.502601623535156
2025-12-11,52.927364349365234
2025-12-12,52.43345260620117
2025-12-15,52.3401985168457
2025-12-16,51.84417724609375
2025-12-17,51.90370178222656
2025-12-18,51.963226318359375
2025-12-19,51.943382263183594
2025-12-22,52.17155456542969
2025-12-23,51.9334602355957
2025-12-24,52.06242752075195
2025-12-26,52.04258728027344
2025-12-29,51.84417724609375
2025-12-30,51.695369720458984
2025-12-31,51.22911071777344
2026-01-02,51.75489044189453
2026-01-05,52.50885009765625
2026-01-06,53.193355560302734
2026-01-07,52.677494049072266
2026-01-08,53.649696350097656
2026-01-09,53.927467346191406
2026-01-12,53.73897933959961
2026-01-13,53.81834411621094
2026-01-14,54.18539810180664
2026-01-15,54.82030487060547
2026-01-16,54.47309494018555
2026-01-20,53.7092170715332
2026-01-21,55.44529342651367
2026-01-22,55.57426452636719
2026-01-23,54.67150115966797
2026-01-26,54.64173889160156
2026-01-27,54.65166091918945
2026-01-28,54.42348861694336
2026-01-29,55.00879669189453
2026-01-30,54.77070617675781
2026-02-02,55.504817962646484
2026-02-03,56.060359954833984
2026-02-04,57.042484283447266
2026-02-05,56.49686050415039
2026-02-06,58.014686584472656
2026-02-09,57.9254035949707
2026-02-10,57.88572311401367
2026-02-11,58.15357208251953
2026-02-12,57.171451568603516
2026-02-13,57.66747283935547
2026-02-17,57.419464111328125
2026-02-18,57.75675582885742
2026-02-19,57.61787033081055
2026-02-20,57.99484634399414
2026-02-23,56.57622146606445
2026-02-24,57.002803802490234
2026-02-25,57.14168930053711
2026-02-26,57.38969802856445
2026-02-27,56.62582778930664
2026-03-02,56.86391830444336
2026-03-03,56.10996627807617
2026-03-04,56.37781524658203
2026-03-05,55.53458023071289
2026-03-06,54.324283599853516
2026-03-09,54.36396789550781
2026-03-10,54.03659439086914
2026-03-11,53.98698806762695
2026-03-12,53.193355560302734
2026-03-13,53.05447006225586
2026-03-16,53.26279830932617
2026-03-17,53.67945861816406
2026-03-18,53.05447006225586
2026-03-19,53.26279830932617
2026-03-20,52.57828903198242
2026-03-23,53.71914291381836
2026-03-24,54.43341064453125
2026-03-25,54.87983322143555
2026-03-26,54.66157913208008
2026-03-27,53.9373893737793
2026-03-30,53.635704040527344
2026-03-31,54.73092269897461
2026-04-01,54.87031555175781
2026-04-02,55.01966094970703
2026-04-06,55.34822463989258
2026-04-07,55.38805389404297
2026-04-08,56.58283615112305
2026-04-09,56.891483306884766
2026-04-10,56.59278869628906
2026-04-13,57.14039611816406
2026-04-14,56.98109436035156
2026-04-15,56.74213790893555
2026-04-16,57.001007080078125
2026-04-17,57.946876525878906
2026-04-20,58.26548385620117
2026-04-21,57.99665832519531
2026-04-22,58.06635284423828
2026-04-23,58.285396575927734
2026-04-24,58.1957893371582
2026-04-27,58.47456741333008
2026-04-28,58.46461486816406
2026-04-29,58.00661087036133
2026-04-30,58.89274597167969
2026-05-01,58.80313491821289
2026-05-04,58.13604736328125
2026-05-05,58.9026985168457
2026-05-06,59.2412223815918
2026-05-07,58.633872985839844
2026-05-08,58.87282943725586
2026-05-11,58.27543640136719
2026-05-12,57.78757095336914
2026-05-13,57.52870178222656
2026-05-14,57.9170036315918
2026-05-15,57.04083251953125
2026-05-18,57.538658142089844
2026-05-19,57.070701599121094
2026-05-20,58.185829162597656
2026-05-21,58.1957893371582
2026-05-22,58.59404754638672
2026-05-26,59.22130584716797
2026-05-27,59.16156768798828
2026-05-28,59.35074234008789
2026-05-29,59.02217483520508
2026-06-01,59.02217483520508
2026-06-02,59.589698791503906
2026-06-03,59.07196044921875
2026-06-04,59.659393310546875
2026-06-05,58.9026985168457
2026-06-08,59.26113510131836
2026-06-09,59.69921875
2026-06-10,59.37065505981445
2026-06-11,60.33643341064453
2026-06-12,60.98360824584961
2026-06-15,60.396175384521484
2026-06-16,60.18708801269531
2026-06-17,59.151611328125
2026-06-18,59.71913146972656
2026-06-22,59.848567962646484
2026-06-23,59.778873443603516
2026-06-24,60.246826171875
2026-06-25,60.75461196899414
2026-06-26,61.12300109863281
2026-06-29,60.84000015258789
2026-06-30,60.77000045776367
2026-07-01,60.7400016784668
2026-07-02,60.58000183105469
2026-07-06,60.720001220703125
2026-07-07,60.40999984741211
2026-07-08,59.86000061035156
2026-07-09,60.400001525878906
2026-07-10,60.779998779296875
2026-07-13,60.93000030517578
2026-07-14,61.0099983215332
2026-07-15,61.43000030517578
2026-07-16,62.41999816894531
2026-07-17,61.93000030517578
2026-07-20,61.380001068115234
2026-07-21,62.0
2026-07-22,62.09000015258789
2026-07-23,61.5099983215332
2026-07-24,61.90999984741211
2026-07-27,62.040000915527344
2026-07-28,62.66999816894531
2026-07-29,62.2400016784668
2026-07-30,62.189998626708984
2026-07-31,62.15999984741211
2026-08-03,62.880001068115234
2026-08-04,63.66999816894531
2026-08-05,63.15999984741211
2026-08-06,62.779998779296875
2026-08-07,62.97999954223633
2026-08-10,62.9900016784668
2026-08-11,63.130001068115234
2026-08-12,63.290000915527344
2026-08-13,63.599998474121094
2026-08-14,63.880001068115234
2026-08-17,63.63999938964844
2026-08-18,63.029998779296875
2026-08-19,62.9900016784668
2026-08-20,62.560001373291016
2026-08-21,63.029998779296875
2026-08-24,62.630001068115234
2026-08-25,62.54999923706055
2026-08-26,62.68000030517578
2026-08-27,62.689998626708984
2026-08-28,62.560001373291016
2026-08-31,62.29999923706055
2026-09-01,61.880001068115234
2026-09-02,62.79999923706055
2026-09-03,63.029998779296875
2026-09-04,63.38999938964844
2026-09-08,62.63999938964844
2026-09-09,62.18000030517578
2026-09-10,61.95000076293945
2026-09-11,62.310001373291016
2026-09-14,62.0099983215332
2026-09-15,62.099998474121094
2026-09-16,61.400001525878906
2026-09-17,61.5
2026-09-18,61.04999923706055
2026-09-21,60.79999923706055
