Date,VT
2008-06-26,33.787479400634766
2008-06-27,33.73295593261719
2008-06-30,33.76021957397461
2008-07-01,33.46036911010742
2008-07-02,32.96970748901367
2008-07-03,33.058292388916016
2008-07-07,32.990150451660156
2008-07-08,33.051490783691406
2008-07-09,32.669857025146484
2008-07-10,32.61534881591797
2008-07-11,32.47222900390625
2008-07-14,32.36320495605469
2008-07-15,31.86571502685547
2008-07-16,32.51993942260742
2008-07-17,32.93564224243164
2008-07-18,32.90155029296875
2008-07-21,33.00376892089844
2008-07-22,33.18778991699219
2008-07-23,33.446746826171875
2008-07-24,32.71075439453125
2008-07-25,32.85385513305664
2008-07-28,32.32912063598633
2008-07-29,32.64259719848633
2008-07-30,33.18778991699219
2008-07-31,32.85385513305664
2008-08-01,32.66304397583008
2008-08-04,32.1860237121582
2008-08-05,32.97651672363281
2008-08-06,33.19458770751953
2008-08-07,32.438167572021484
2008-08-08,32.86749267578125
2008-08-11,33.06511306762695
2008-08-12,32.608524322509766
2008-08-13,32.247352600097656
2008-08-14,32.39045715332031
2008-08-15,32.36320495605469
2008-08-18,31.824838638305664
2008-08-19,31.552244186401367
2008-08-20,31.838457107543945
2008-08-21,32.083778381347656
2008-08-22,32.2541618347168
2008-08-25,31.661270141601562
2008-08-26,31.824838638305664
2008-08-27,31.86571502685547
2008-08-28,32.54037094116211
2008-08-29,32.247352600097656
2008-09-02,31.34779930114746
2008-09-03,31.456830978393555
2008-09-04,30.2983341217041
2008-09-05,30.100696563720703
2008-09-08,30.95252799987793
2008-09-09,30.182485580444336
2008-09-10,30.427818298339844
2008-09-11,30.4073543548584
2008-09-12,30.748104095458984
2008-09-15,29.487375259399414
2008-09-16,29.978036880493164
2008-09-17,28.356128692626953
2008-09-18,29.848554611206055
2008-09-19,31.62721061706543
2008-09-22,30.48232650756836
2008-09-23,30.679946899414062
2008-09-24,29.712255477905273
2008-09-25,30.55727767944336
2008-09-26,30.85032081604004
2008-09-29,28.894489288330078
2008-09-30,29.3101863861084
2008-10-01,28.880855560302734
2008-10-02,27.32710075378418
2008-10-03,27.08858299255371
2008-10-06,25.793781280517578
2008-10-07,24.608015060424805
2008-10-08,24.22640609741211
2008-10-09,23.067888259887695
2008-10-10,22.33871841430664
2008-10-13,25.344018936157227
2008-10-14,25.882375717163086
2008-10-15,22.740785598754883
2008-10-16,23.279144287109375
2008-10-17,23.05426597595215
2008-10-20,24.669361114501953
2008-10-21,23.14284896850586
2008-10-22,21.445980072021484
2008-10-23,21.39828109741211
2008-10-24,21.24154281616211
2008-10-27,20.0557804107666
2008-10-28,21.261985778808594
2008-10-29,22.829374313354492
2008-10-30,23.027002334594727
2008-10-31,23.027002334594727
2008-11-03,23.040630340576172
2008-11-04,24.28091049194336
2008-11-05,23.00655746459961
2008-11-06,21.650428771972656
2008-11-07,22.706714630126953
2008-11-10,22.495452880859375
2008-11-11,21.602724075317383
2008-11-12,20.614593505859375
2008-11-13,22.15471649169922
2008-11-14,20.83266258239746
2008-11-17,20.655475616455078
2008-11-18,20.80539894104004
2008-11-19,19.428821563720703
2008-11-20,18.140840530395508
2008-11-21,19.565120697021484
2008-11-24,20.58051300048828
2008-11-25,20.791765213012695
2008-11-26,21.296052932739258
2008-11-28,21.459613800048828
2008-12-01,19.694589614868164
2008-12-02,20.635034561157227
2008-12-03,21.05072784423828
2008-12-04,20.267030715942383
2008-12-05,20.9144287109375
2008-12-08,21.779909133911133
2008-12-09,21.4664249420166
2008-12-10,21.902563095092773
2008-12-11,21.575469970703125
2008-12-12,21.773088455200195
2008-12-15,21.602724075317383
2008-12-16,22.78167724609375
2008-12-17,22.672639846801758
2008-12-18,21.97071647644043
2008-12-19,21.88894271850586
2008-12-22,21.650428771972656
2008-12-23,21.452800750732422
2008-12-24,21.592039108276367
2008-12-26,21.777231216430664
2008-12-29,21.763511657714844
2008-12-30,22.332809448242188
2008-12-31,22.62088394165039
2009-01-02,23.2313289642334
2009-01-05,23.299917221069336
2009-01-06,23.21761131286621
2009-01-07,22.70319175720215
2009-01-08,22.627742767333984
2009-01-09,22.079029083251953
2009-01-12,21.51659393310547
2009-01-13,21.33139419555664
2009-01-14,20.58376693725586
2009-01-15,20.823837280273438
2009-01-16,21.077611923217773
2009-01-20,19.52748680114746
2009-01-21,20.576904296875
2009-01-22,20.179086685180664
2009-01-23,20.206518173217773
2009-01-26,20.343706130981445
2009-01-27,20.734664916992188
2009-01-28,21.372549057006836
2009-01-29,20.460309982299805
2009-01-30,20.165372848510742
2009-02-02,20.13107681274414
2009-02-03,20.528898239135742
2009-02-04,20.38486099243164
2009-02-05,21.276525497436523
2009-02-06,21.399982452392578
2009-02-09,21.338254928588867
2009-02-10,20.343706130981445
2009-02-11,20.487749099731445
2009-02-12,20.43972396850586
2009-02-13,20.364280700683594
2009-02-17,19.27370262145996
2009-02-18,19.15709686279297
2009-02-19,19.102237701416016
2009-02-20,18.51921844482422
2009-02-23,18.224285125732422
2009-02-24,18.937612533569336
2009-02-25,18.663249969482422
2009-02-26,18.53293800354004
2009-02-27,18.24485969543457
2009-03-02,17.312040328979492
2009-03-03,17.16800308227539
2009-03-04,17.895050048828125
2009-03-05,17.161142349243164
2009-03-06,17.099407196044922
2009-03-09,16.804481506347656
2009-03-10,17.997926712036133
2009-03-11,18.011655807495117
2009-03-12,18.676971435546875
2009-03-13,19.20511817932129
2009-03-16,18.786712646484375
2009-03-17,19.3422908782959
2009-03-18,19.794986724853516
2009-03-19,19.69209861755371
2009-03-20,19.335432052612305
2009-03-23,20.8306884765625
2009-03-24,20.233957290649414
2009-03-25,20.515174865722656
2009-03-26,20.864986419677734
2009-03-27,20.288835525512695
2009-03-30,19.452035903930664
2009-03-31,19.85671615600586
2009-04-01,20.275114059448242
2009-04-02,21.13248634338379
2009-04-03,21.228515625
2009-04-06,21.009031295776367
2009-04-07,20.528898239135742
2009-04-08,20.85126495361328
2009-04-09,21.578323364257812
2009-04-13,21.70863914489746
2009-04-14,21.413707733154297
2009-04-15,21.674345016479492
2009-04-16,21.92812156677246
2009-04-17,21.8869686126709
2009-04-20,20.885560989379883
2009-04-21,21.351974487304688
2009-04-22,21.228515625
2009-04-23,21.674345016479492
2009-04-24,21.914405822753906
2009-04-27,21.667484283447266
2009-04-28,21.489152908325195
2009-04-29,22.051589965820312
2009-04-30,22.250490188598633
2009-05-01,22.511138916015625
2009-05-04,23.3753719329834
2009-05-05,23.23818588256836
2009-05-06,23.60856819152832
2009-05-07,23.34107208251953
2009-05-08,24.171009063720703
2009-05-11,23.471391677856445
2009-05-12,23.60171127319336
2009-05-13,22.915815353393555
2009-05-14,23.087299346923828
2009-05-15,22.963829040527344
2009-05-18,23.85549545288086
2009-05-19,23.951519012451172
2009-05-20,23.93780517578125
2009-05-21,23.71831703186035
2009-05-22,23.80062484741211
2009-05-26,24.294469833374023
2009-05-27,23.882923126220703
2009-05-28,24.26703453063965
2009-05-29,24.609981536865234
2009-06-01,25.337038040161133
2009-06-02,25.29588508605957
2009-06-03,24.767724990844727
2009-06-04,25.007797241210938
2009-06-05,24.884334564208984
2009-06-08,24.767724990844727
2009-06-09,24.98722267150879
2009-06-10,24.911771774291992
2009-06-11,25.289026260375977
2009-06-12,25.220430374145508
2009-06-15,24.45222282409668
2009-06-16,24.12299919128418
2009-06-17,24.020112991333008
2009-06-18,24.074975967407227
2009-06-19,24.14357566833496
2009-06-22,23.40279197692871
2009-06-23,23.656585693359375
2009-06-24,23.876073837280273
2009-06-25,24.383642196655273
2009-06-26,24.397354125976562
2009-06-29,24.596261978149414
2009-06-30,24.18472671508789
2009-07-01,24.61684226989746
2009-07-02,23.88979148864746
2009-07-06,23.85549545288086
2009-07-07,23.3753719329834
2009-07-08,23.313634872436523
2009-07-09,23.5194091796875
2009-07-10,23.4096736907959
2009-07-13,23.86235809326172
2009-07-14,24.020112991333008
2009-07-15,24.843189239501953
2009-07-16,24.95979118347168
2009-07-17,25.014663696289062
2009-07-20,25.48792266845703
2009-07-21,25.48792266845703
2009-07-22,25.56338119506836
2009-07-23,26.132675170898438
2009-07-24,26.201263427734375
2009-07-27,26.297290802001953
2009-07-28,26.187557220458984
2009-07-29,25.90632438659668
2009-07-30,26.43446922302246
2009-07-31,26.63337516784668
2009-08-03,27.20953369140625
2009-08-04,27.120370864868164
2009-08-05,27.09292984008789
2009-08-06,26.91459846496582
2009-08-07,27.106639862060547
2009-08-10,26.935176849365234
2009-08-11,26.6470947265625
2009-08-12,26.942033767700195
2009-08-13,27.278118133544922
2009-08-14,26.996896743774414
2009-08-17,26.19440269470215
2009-08-18,26.551067352294922
2009-08-19,26.660812377929688
2009-08-20,26.96946907043457
2009-08-21,27.5181827545166
2009-08-24,27.5524845123291
2009-08-25,27.62793731689453
2009-08-26,27.538774490356445
2009-08-27,27.621065139770508
2009-08-28,27.614229202270508
2009-08-31,27.346715927124023
2009-09-01,26.749982833862305
2009-09-02,26.797998428344727
2009-09-03,27.09292984008789
2009-09-04,27.435869216918945
2009-09-08,27.936582565307617
2009-09-09,28.19036865234375
2009-09-10,28.485309600830078
2009-09-11,28.451005935668945
2009-09-14,28.540164947509766
2009-09-15,28.66363525390625
2009-09-16,29.15747833251953
2009-09-17,29.109474182128906
2009-09-18,29.123184204101562
2009-09-21,28.883113861083984
2009-09-22,29.294660568237305
2009-09-23,28.924274444580078
2009-09-24,28.499032974243164
2009-09-25,28.43043327331543
2009-09-28,28.85568618774414
2009-09-29,28.81452178955078
2009-09-30,28.780242919921875
2009-10-01,28.032604217529297
2009-10-02,27.895437240600586
2009-10-05,28.279529571533203
2009-10-06,28.629343032836914
2009-10-07,28.766515731811523
2009-10-08,29.16433334350586
2009-10-09,29.205490112304688
2009-10-12,29.356399536132812
2009-10-13,29.294660568237305
2009-10-14,29.980541229248047
2009-10-15,30.01485252380371
2009-10-16,29.671903610229492
2009-10-19,30.090299606323242
2009-10-20,29.781641006469727
2009-10-21,29.665050506591797
2009-10-22,29.966838836669922
2009-10-23,29.555309295654297
2009-10-26,29.15747833251953
2009-10-27,28.910558700561523
2009-10-28,28.10118865966797
2009-10-29,29.0820255279541
2009-10-30,28.053178787231445
2009-11-02,28.23838996887207
2009-11-03,28.300100326538086
2009-11-04,28.485309600830078
2009-11-05,28.951709747314453
2009-11-06,28.951709747314453
2009-11-09,29.815937042236328
2009-11-10,29.76105499267578
2009-11-11,29.93939781188965
2009-11-12,29.507291793823242
2009-11-13,29.809085845947266
2009-11-16,30.27549171447754
2009-11-17,30.206899642944336
2009-11-18,30.460681915283203
2009-11-19,29.713058471679688
2009-11-20,29.514141082763672
2009-11-23,30.007991790771484
2009-11-24,29.843379974365234
2009-11-25,30.20003318786621
2009-11-27,29.41812515258789
2009-11-30,29.54843521118164
2009-12-01,30.172611236572266
2009-12-02,30.227489471435547
2009-12-03,30.021717071533203
2009-12-04,30.076581954956055
2009-12-07,29.9188175201416
2009-12-08,29.521005630493164
2009-12-09,29.57587432861328
2009-12-10,29.713058471679688
2009-12-11,29.76105499267578
2009-12-14,29.99427032470703
2009-12-15,29.767932891845703
2009-12-16,29.946260452270508
2009-12-17,29.356399536132812
2009-12-18,29.49357032775879
2009-12-21,29.65132713317871
2009-12-22,29.822797775268555
2009-12-23,29.987411499023438
2009-12-24,30.16988754272461
2009-12-28,30.23952865600586
2009-12-29,30.225603103637695
2009-12-30,30.162919998168945
2009-12-31,30.00970458984375
2010-01-04,30.71311378479004
2010-01-05,30.803640365600586
2010-01-06,30.95685577392578
2010-01-07,30.83846664428711
2010-01-08,31.04044532775879
2010-01-11,31.137941360473633
2010-01-12,30.78971290588379
2010-01-13,31.026504516601562
2010-01-14,31.110088348388672
2010-01-15,30.768831253051758
2010-01-19,31.13096046447754
2010-01-20,30.51114273071289
2010-01-21,29.835596084594727
2010-01-22,29.222719192504883
2010-01-25,29.44559669494629
2010-01-26,29.29932975769043
2010-01-27,29.194854736328125
2010-01-28,28.763071060180664
2010-01-29,28.477529525756836
2010-02-01,29.055574417114258
2010-02-02,29.501293182373047
2010-02-03,29.25058937072754
2010-02-04,28.212879180908203
2010-02-05,27.96912956237793
2010-02-08,27.788055419921875
2010-02-09,28.386991500854492
2010-02-10,28.23377227783203
2010-02-11,28.60288429260254
2010-02-12,28.428773880004883
2010-02-16,29.01378631591797
2010-02-17,29.125221252441406
2010-02-18,29.292367935180664
2010-02-19,29.222719192504883
2010-02-22,29.25058937072754
2010-02-23,28.72128677368164
2010-02-24,28.96504020690918
2010-02-25,28.902368545532227
2010-02-26,29.069499969482422
2010-03-01,29.327190399169922
2010-03-02,29.577913284301758
2010-03-03,29.67540168762207
2010-03-04,29.731122970581055
2010-03-05,30.260425567626953
2010-03-08,30.295242309570312
2010-03-09,30.295242309570312
2010-03-10,30.434537887573242
2010-03-11,30.490243911743164
2010-03-12,30.545969009399414
2010-03-15,30.420595169067383
2010-03-16,30.761865615844727
2010-03-17,30.89417839050293
2010-03-18,30.775789260864258
2010-03-19,30.545969009399414
2010-03-22,30.629531860351562
2010-03-23,30.901140213012695
2010-03-24,30.650421142578125
2010-03-25,30.552927017211914
2010-03-26,30.67131233215332
2010-03-29,30.95685577392578
2010-03-30,31.033475875854492
2010-03-31,31.00560760498047
2010-04-01,31.388647079467773
2010-04-05,31.62545394897461
2010-04-06,31.63241195678711
2010-04-07,31.388647079467773
2010-04-08,31.437402725219727
2010-04-09,31.74384117126465
2010-04-12,31.806514739990234
2010-04-13,31.778654098510742
2010-04-14,32.16170883178711
2010-04-15,32.12688446044922
2010-04-16,31.500099182128906
2010-04-19,31.465269088745117
2010-04-20,31.702062606811523
2010-04-21,31.590635299682617
2010-04-22,31.493125915527344
2010-04-23,31.750795364379883
2010-04-26,31.695087432861328
2010-04-27,30.71311378479004
2010-04-28,30.761865615844727
2010-04-29,31.277223587036133
2010-04-30,30.8663272857666
2010-05-03,31.151866912841797
2010-05-04,30.10719871520996
2010-05-05,29.717199325561523
2010-05-06,28.575021743774414
2010-05-07,28.3660888671875
2010-05-10,29.98184585571289
2010-05-11,29.619699478149414
2010-05-12,29.98184585571289
2010-05-13,29.647550582885742
2010-05-14,28.951114654541016
2010-05-17,29.00681495666504
2010-05-18,28.519319534301758
2010-05-19,28.331268310546875
2010-05-20,27.258752822875977
2010-05-21,27.857690811157227
2010-05-24,27.432872772216797
2010-05-25,27.24481773376465
2010-05-26,27.077682495117188
2010-05-27,28.34520149230957
2010-05-28,27.815908432006836
2010-06-01,27.474651336669922
2010-06-02,28.247692108154297
2010-06-03,28.275564193725586
2010-06-04,27.21000862121582
2010-06-07,26.875707626342773
2010-06-08,27.258752822875977
2010-06-09,27.189117431640625
2010-06-10,28.05269432067871
2010-06-11,28.171098709106445
2010-06-14,28.157142639160156
2010-06-15,29.00681495666504
2010-06-16,28.930213928222656
2010-06-17,28.94415283203125
2010-06-18,28.97895622253418
2010-06-21,29.041643142700195
2010-06-22,28.575021743774414
2010-06-23,28.616823196411133
2010-06-24,28.1084041595459
2010-06-25,28.296457290649414
2010-06-28,28.157142639160156
2010-06-29,27.23785972595215
2010-06-30,27.03589630126953
2010-07-01,27.11250114440918
2010-07-02,27.077682495117188
2010-07-06,27.425899505615234
2010-07-07,28.240739822387695
2010-07-08,28.477529525756836
2010-07-09,28.672529220581055
2010-07-12,28.54716682434082
2010-07-13,29.01378631591797
2010-07-14,29.020755767822266
2010-07-15,29.06254005432129
2010-07-16,28.212879180908203
2010-07-19,28.40091896057129
2010-07-20,28.73520278930664
2010-07-21,28.324316024780273
2010-07-22,29.104333877563477
2010-07-23,29.362009048461914
2010-07-26,29.584869384765625
2010-07-27,29.605764389038086
2010-07-28,29.473440170288086
2010-07-29,29.46647071838379
2010-07-30,29.522201538085938
2010-08-02,30.330068588256836
2010-08-03,30.176837921142578
2010-08-04,30.316125869750977
2010-08-05,30.295242309570312
2010-08-06,30.2186279296875
2010-08-09,30.34400177001953
2010-08-10,30.135066986083984
2010-08-11,29.06254005432129
2010-08-12,28.96504020690918
2010-08-13,28.874500274658203
2010-08-16,28.992904663085938
2010-08-17,29.40379524230957
2010-08-18,29.44559669494629
2010-08-19,28.992904663085938
2010-08-20,28.811813354492188
2010-08-23,28.69342613220215
2010-08-24,28.247692108154297
2010-08-25,28.296457290649414
2010-08-26,28.171098709106445
2010-08-27,28.73520278930664
2010-08-30,28.310394287109375
2010-08-31,28.34520149230957
2010-09-01,29.257537841796875
2010-09-02,29.44559669494629
2010-09-03,29.779870986938477
2010-09-07,29.43861198425293
2010-09-08,29.668439865112305
2010-09-09,29.863454818725586
2010-09-10,29.98881721496582
2010-09-13,30.455427169799805
2010-09-14,30.545969009399414
2010-09-15,30.57381820678711
2010-09-16,30.497209548950195
2010-09-17,30.413631439208984
2010-09-20,30.8802490234375
2010-09-21,30.85936164855957
2010-09-22,30.824539184570312
2010-09-23,30.50417137145996
2010-09-24,31.228464126586914
2010-09-27,31.110088348388672
2010-09-28,31.305082321166992
2010-09-29,31.277223587036133
2010-09-30,31.19365692138672
2010-10-01,31.451330184936523
2010-10-04,31.165794372558594
2010-10-05,31.897071838378906
2010-10-06,31.966716766357422
2010-10-07,31.890079498291016
2010-10-08,32.07813262939453
2010-10-11,32.050270080566406
2010-10-12,32.09206771850586
2010-10-13,32.440284729003906
2010-10-14,32.4542236328125
2010-10-15,32.42635726928711
2010-10-18,32.50297546386719
2010-10-19,31.813488006591797
2010-10-20,32.34278106689453
2010-10-21,32.30099868774414
2010-10-22,32.37063980102539
2010-10-25,32.51689147949219
2010-10-26,32.38457107543945
2010-10-27,32.13383865356445
2010-10-28,32.34278106689453
2010-10-29,32.37760543823242
2010-11-01,32.35672378540039
2010-11-02,32.746726989746094
2010-11-03,32.92083740234375
2010-11-04,33.617271423339844
2010-11-05,33.61030960083008
2010-11-08,33.498870849609375
2010-11-09,33.199398040771484
2010-11-10,33.2760124206543
2010-11-11,33.1297607421875
2010-11-12,32.691001892089844
2010-11-15,32.663150787353516
2010-11-16,32.001529693603516
2010-11-17,32.09206771850586
2010-11-18,32.746726989746094
2010-11-19,32.746726989746094
2010-11-22,32.62831497192383
2010-11-23,31.85527992248535
2010-11-24,32.34973907470703
2010-11-26,31.987585067749023
2010-11-29,31.813488006591797
2010-11-30,31.520978927612305
2010-12-01,32.328857421875
2010-12-02,32.92083740234375
2010-12-03,33.08100891113281
2010-12-06,32.9904670715332
2010-12-07,32.95564651489258
2010-12-08,33.0113639831543
2010-12-09,33.10190963745117
2010-12-10,33.24119186401367
2010-12-13,33.45707702636719
2010-12-14,33.498870849609375
2010-12-15,33.178524017333984
2010-12-16,33.366554260253906
2010-12-17,33.269046783447266
2010-12-20,33.31083297729492
2010-12-21,33.596378326416016
2010-12-22,33.687255859375
2010-12-23,33.623355865478516
2010-12-27,33.64464569091797
2010-12-28,33.623355865478516
2010-12-29,33.85765075683594
2010-12-30,33.82925033569336
2010-12-31,33.935726165771484
2011-01-03,34.24101638793945
2011-01-04,34.18421173095703
2011-01-05,34.19841766357422
2011-01-06,33.957035064697266
2011-01-07,33.84343719482422
2011-01-10,33.70145797729492
2011-01-11,33.999629974365234
2011-01-12,34.51789474487305
2011-01-13,34.49658966064453
2011-01-14,34.70248794555664
2011-01-18,34.808982849121094
2011-01-19,34.503692626953125
2011-01-20,34.31910705566406
2011-01-21,34.4043083190918
2011-01-24,34.631500244140625
2011-01-25,34.53208541870117
2011-01-26,34.745086669921875
2011-01-27,34.85158157348633
2011-01-28,34.0919189453125
2011-01-31,34.41141128540039
2011-02-01,35.07875061035156
2011-02-02,35.00067138671875
2011-02-03,35.04325866699219
2011-02-04,35.08585739135742
2011-02-07,35.17814636230469
2011-02-08,35.35564041137695
2011-02-09,35.128448486328125
2011-02-10,34.936771392822266
2011-02-11,35.14263916015625
2011-02-14,35.227840423583984
2011-02-15,35.149757385253906
2011-02-16,35.41244125366211
2011-02-17,35.61122131347656
2011-02-18,35.724822998046875
2011-02-22,34.816078186035156
2011-02-23,34.71668243408203
2011-02-24,34.76639175415039
2011-02-25,35.13555908203125
2011-02-28,35.4195442199707
2011-03-01,34.94387435913086
2011-03-02,35.13555908203125
2011-03-03,35.66802215576172
2011-03-04,35.39823913574219
2011-03-07,35.149757385253906
2011-03-08,35.3414421081543
2011-03-09,35.28465270996094
2011-03-10,34.48240280151367
2011-03-11,34.61021041870117
2011-03-14,34.31203079223633
2011-03-15,33.687255859375
2011-03-16,32.906307220458984
2011-03-17,33.637550354003906
2011-03-18,33.90734100341797
2011-03-21,34.58179473876953
2011-03-22,34.510799407958984
2011-03-23,34.560489654541016
2011-03-24,35.00777053833008
2011-03-25,34.94387435913086
2011-03-28,34.84449005126953
2011-03-29,35.092960357666016
2011-03-30,35.440834045410156
2011-03-31,35.39823913574219
2011-04-01,35.68931198120117
2011-04-04,35.74611282348633
2011-04-05,35.74611282348633
2011-04-06,35.92360305786133
2011-04-07,35.80290603637695
2011-04-08,35.838417053222656
2011-04-11,35.731910705566406
2011-04-12,35.36983871459961
2011-04-13,35.426658630371094
2011-04-14,35.54732894897461
2011-04-15,35.56154251098633
2011-04-18,34.94387435913086
2011-04-19,35.25624465942383
2011-04-20,35.93071746826172
2011-04-21,36.179195404052734
2011-04-25,36.14369201660156
2011-04-26,36.39217758178711
2011-04-27,36.69744873046875
2011-04-28,36.78264617919922
2011-04-29,36.93883514404297
2011-05-02,36.83234405517578
2011-05-03,36.55546569824219
2011-05-04,36.20048522949219
2011-05-05,35.68931198120117
2011-05-06,35.85260772705078
2011-05-09,36.04429244995117
2011-05-10,36.43477249145508
2011-05-11,35.79581069946289
2011-05-12,35.8242073059082
2011-05-13,35.40534973144531
2011-05-16,35.28465270996094
2011-05-17,35.39112854003906
2011-05-18,35.696414947509766
2011-05-19,35.77451705932617
2011-05-20,35.39823913574219
2011-05-23,34.787681579589844
2011-05-24,34.901268005371094
2011-05-25,35.100067138671875
2011-05-26,35.35564041137695
2011-05-27,35.58993148803711
2011-05-31,36.10108947753906
2011-06-01,35.3414421081543
2011-06-02,35.384037017822266
2011-06-03,35.27045440673828
2011-06-06,34.787681579589844
2011-06-07,34.94387435913086
2011-06-08,34.73088073730469
2011-06-09,35.014854431152344
2011-06-10,34.31203079223633
2011-06-13,34.38300323486328
2011-06-14,34.90837860107422
2011-06-15,34.03512191772461
2011-06-16,33.9144401550293
2011-06-17,34.1274299621582
2011-06-20,34.155818939208984
2011-06-21,34.773475646972656
2011-06-22,34.5391845703125
2011-06-23,34.3546028137207
2011-06-24,34.0067253112793
2011-06-27,34.28360366821289
2011-06-28,34.75218200683594
2011-06-29,35.199459075927734
2011-06-30,35.618309020996094
2011-07-01,36.023006439208984
2011-07-05,35.94489669799805
2011-07-06,35.845516204833984
2011-07-07,36.186283111572266
2011-07-08,35.8313102722168
2011-07-11,34.99357604980469
2011-07-12,34.73088073730469
2011-07-13,35.07875061035156
2011-07-14,34.816078186035156
2011-07-15,35.029056549072266
2011-07-18,34.58889389038086
2011-07-19,35.1639518737793
2011-07-20,35.384037017822266
2011-07-21,35.959102630615234
2011-07-22,35.9661865234375
2011-07-25,35.68931198120117
2011-07-26,35.74611282348633
2011-07-27,34.972259521484375
2011-07-28,34.91546630859375
2011-07-29,34.85158157348633
2011-08-01,34.58889389038086
2011-08-02,33.722747802734375
2011-08-03,33.85765075683594
2011-08-04,31.855571746826172
2011-08-05,31.990459442138672
2011-08-08,29.633424758911133
2011-08-09,31.301816940307617
2011-08-10,29.775407791137695
2011-08-11,31.216623306274414
2011-08-12,31.500595092773438
2011-08-15,32.203460693359375
2011-08-16,31.86978530883789
2011-08-17,32.01176452636719
2011-08-18,30.584760665893555
2011-08-19,30.123289108276367
2011-08-22,30.144577026367188
2011-08-23,31.188217163085938
2011-08-24,31.330202102661133
2011-08-25,30.66286277770996
2011-08-26,31.14562225341797
2011-08-29,31.990459442138672
2011-08-30,32.02595901489258
2011-08-31,32.324134826660156
2011-09-01,32.096954345703125
2011-09-02,31.316017150878906
2011-09-06,30.7480525970459
2011-09-07,31.599985122680664
2011-09-08,31.103029251098633
2011-09-09,30.20138931274414
2011-09-12,30.165895462036133
2011-09-13,30.44986915588379
2011-09-14,30.790651321411133
2011-09-15,31.30891227722168
2011-09-16,31.379898071289062
2011-09-19,30.776451110839844
2011-09-20,30.769350051879883
2011-09-21,29.82509422302246
2011-09-22,28.582698822021484
2011-09-23,28.845375061035156
2011-09-26,29.455934524536133
2011-09-27,30.023887634277344
2011-09-28,29.370737075805664
2011-09-29,29.782516479492188
2011-09-30,28.859582901000977
2011-10-03,28.135427474975586
2011-10-04,28.689184188842773
2011-10-05,29.221643447875977
2011-10-06,29.931610107421875
2011-10-07,29.6760196685791
2011-10-10,30.776451110839844
2011-10-11,30.655757904052734
2011-10-12,31.259206771850586
2011-10-13,31.08882713317871
2011-10-14,31.614181518554688
2011-10-17,30.847444534301758
2011-10-18,31.450899124145508
2011-10-19,30.982328414916992
2011-10-20,30.939746856689453
2011-10-21,31.6781005859375
2011-10-24,32.160850524902344
2011-10-25,31.58579444885254
2011-10-26,32.0330696105957
2011-10-27,33.445858001708984
2011-10-28,33.339385986328125
2011-10-31,32.11116409301758
2011-11-01,31.188217163085938
2011-11-02,31.741987228393555
2011-11-03,32.388038635253906
2011-11-04,32.11825942993164
2011-11-07,32.26734924316406
2011-11-08,32.6649284362793
2011-11-09,31.15982437133789
2011-11-10,31.486379623413086
2011-11-11,32.182151794433594
2011-11-14,31.69938087463379
2011-11-15,31.713598251342773
2011-11-16,31.230804443359375
2011-11-17,30.719646453857422
2011-11-18,30.7480525970459
2011-11-21,30.045188903808594
2011-11-22,30.002607345581055
2011-11-23,29.21455955505371
2011-11-25,29.12226104736328
2011-11-28,30.2155818939209
2011-11-29,30.322078704833984
2011-11-30,31.713598251342773
2011-12-01,31.571613311767578
2011-12-02,31.55738639831543
2011-12-05,31.933671951293945
2011-12-06,31.855571746826172
2011-12-07,31.962064743041992
2011-12-08,31.095930099487305
2011-12-09,31.6781005859375
2011-12-12,30.939746856689453
2011-12-13,30.613157272338867
2011-12-14,30.236881256103516
2011-12-15,30.35047721862793
2011-12-16,30.400161743164062
2011-12-19,30.030982971191406
2011-12-20,30.99653434753418
2011-12-21,30.922399520874023
2011-12-22,31.2785701751709
2011-12-23,31.467571258544922
2011-12-27,31.423938751220703
2011-12-28,30.951478958129883
2011-12-29,31.31491470336914
2011-12-30,31.38759994506836
2012-01-03,31.976390838623047
2012-01-04,31.976390838623047
2012-01-05,31.809221267700195
2012-01-06,31.56932830810547
2012-01-09,31.678363800048828
2012-01-10,32.165382385253906
2012-01-11,32.12177276611328
2012-01-12,32.22354507446289
2012-01-13,31.940052032470703
2012-01-17,32.209007263183594
2012-01-18,32.63787078857422
2012-01-19,32.92863082885742
2012-01-20,33.001338958740234
2012-01-23,33.03767395019531
2012-01-24,32.914100646972656
2012-01-25,33.31388854980469
2012-01-26,33.190311431884766
2012-01-27,33.23393249511719
2012-01-30,33.03041076660156
2012-01-31,33.10308837890625
2012-02-01,33.56104278564453
2012-02-02,33.6918830871582
2012-02-03,34.16437530517578
2012-02-06,34.0771484375
2012-02-07,34.19345474243164
2012-02-08,34.32429504394531
2012-02-09,34.36790466308594
2012-02-10,33.909950256347656
2012-02-13,34.20798873901367
2012-02-14,34.06985855102539
2012-02-15,34.00443649291992
2012-02-16,34.469669342041016
2012-02-17,34.56416320800781
2012-02-21,34.578712463378906
2012-02-22,34.47695541381836
2012-02-23,34.600502014160156
2012-02-24,34.796783447265625
2012-02-27,34.70954132080078
2012-02-28,34.90580368041992
2012-02-29,34.680477142333984
2012-03-01,35.01483917236328
2012-03-02,34.76042175292969
2012-03-05,34.5423583984375
2012-03-06,33.6918830871582
2012-03-07,34.0626106262207
2012-03-08,34.62957763671875
2012-03-09,34.600502014160156
2012-03-12,34.5423583984375
2012-03-13,35.152957916259766
2012-03-14,35.022117614746094
2012-03-15,35.23292541503906
2012-03-16,35.34922790527344
2012-03-19,35.45098876953125
2012-03-20,35.17475509643555
2012-03-21,35.109336853027344
2012-03-22,34.69500732421875
2012-03-23,34.96396255493164
2012-03-26,35.48006057739258
2012-03-27,35.26927185058594
2012-03-28,35.007572174072266
2012-03-29,34.949432373046875
2012-03-30,35.087528228759766
2012-04-02,35.45098876953125
2012-04-03,35.116615295410156
2012-04-04,34.578712463378906
2012-04-05,34.506011962890625
2012-04-09,34.20798873901367
2012-04-10,33.524696350097656
2012-04-11,33.909950256347656
2012-04-12,34.498748779296875
2012-04-13,33.93175506591797
2012-04-16,34.048065185546875
2012-04-17,34.57142639160156
2012-04-18,34.36063766479492
2012-04-19,34.20798873901367
2012-04-20,34.31702423095703
2012-04-23,33.87361145019531
2012-04-24,33.99717712402344
2012-04-25,34.45512771606445
2012-04-26,34.74589538574219
2012-04-27,34.81858444213867
2012-04-30,34.673187255859375
2012-05-01,34.847652435302734
2012-05-02,34.71681213378906
2012-05-03,34.426048278808594
2012-05-04,33.81544876098633
2012-05-07,33.96084213256836
2012-05-08,33.61920928955078
2012-05-09,33.29935073852539
2012-05-10,33.38657760620117
2012-05-11,33.27754592895508
2012-05-14,32.73237991333008
2012-05-15,32.456153869628906
2012-05-16,32.20174026489258
2012-05-17,31.75832176208496
2012-05-18,31.4893741607666
2012-05-21,32.078163146972656
2012-05-22,32.020015716552734
2012-05-23,31.910974502563477
2012-05-24,31.816476821899414
2012-05-25,31.75106430053711
2012-05-29,32.18720245361328
2012-05-30,31.554800033569336
2012-05-31,31.576608657836914
2012-06-01,30.856975555419922
2012-06-04,30.936922073364258
2012-06-05,31.09685516357422
2012-06-06,31.94731330871582
2012-06-07,31.94731330871582
2012-06-08,31.99093246459961
2012-06-11,31.576608657836914
2012-06-12,32.04181671142578
2012-06-13,31.780134201049805
2012-06-14,32.00546646118164
2012-06-15,32.4052619934082
2012-06-18,32.43434524536133
2012-06-19,32.8995475769043
2012-06-20,32.950443267822266
2012-06-21,32.09269714355469
2012-06-22,32.398006439208984
2012-06-25,31.75832176208496
2012-06-26,31.940052032470703
2012-06-27,32.25261688232422
2012-06-28,32.15811538696289
2012-06-29,33.19758605957031
2012-07-02,33.32115936279297
2012-07-03,33.67734909057617
2012-07-05,33.357513427734375
2012-07-06,32.99406814575195
2012-07-09,32.906822204589844
2012-07-10,32.6451416015625
2012-07-11,32.7105712890625
2012-07-12,32.383460998535156
2012-07-13,32.8995475769043
2012-07-16,32.89228820800781
2012-07-17,33.09583282470703
2012-07-18,33.27029800415039
2012-07-19,33.47381591796875
2012-07-20,32.99406814575195
2012-07-23,32.52886199951172
2012-07-24,32.165382385253906
2012-07-25,32.274436950683594
2012-07-26,32.97224044799805
2012-07-27,33.64099884033203
2012-07-30,33.56104278564453
2012-07-31,33.43746566772461
2012-08-01,33.335693359375
2012-08-02,33.001338958740234
2012-08-03,33.82999801635742
2012-08-06,33.99717712402344
2012-08-07,34.237083435058594
2012-08-08,34.20798873901367
2012-08-09,34.280670166015625
2012-08-10,34.34608840942383
2012-08-13,34.266117095947266
2012-08-14,34.280670166015625
2012-08-15,34.30248260498047
2012-08-16,34.644126892089844
2012-08-17,34.673187255859375
2012-08-20,34.62957763671875
2012-08-21,34.63684844970703
2012-08-22,34.6077880859375
2012-08-23,34.37517166137695
2012-08-24,34.433311462402344
2012-08-27,34.41878128051758
2012-08-28,34.426048278808594
2012-08-29,34.36790466308594
2012-08-30,34.02625274658203
2012-08-31,34.266117095947266
2012-09-04,34.22977828979492
2012-09-05,34.17890548706055
2012-09-06,34.96396255493164
2012-09-07,35.29833984375
2012-09-10,35.04391860961914
2012-09-11,35.26198959350586
2012-09-12,35.40737533569336
2012-09-13,36.025245666503906
2012-09-14,36.30144500732422
2012-09-17,36.119728088378906
2012-09-18,36.00342559814453
2012-09-19,36.07612609863281
2012-09-20,35.89439010620117
2012-09-21,35.89439010620117
2012-09-24,35.80906677246094
2012-09-25,35.51482391357422
2012-09-26,35.242652893066406
2012-09-27,35.68401336669922
2012-09-28,35.33091735839844
2012-10-01,35.50747299194336
2012-10-02,35.64723587036133
2012-10-03,35.603092193603516
2012-10-04,35.91941452026367
2012-10-05,35.934120178222656
2012-10-08,35.772274017333984
2012-10-09,35.367713928222656
2012-10-10,35.183807373046875
2012-10-11,35.352989196777344
2012-10-12,35.205875396728516
2012-10-15,35.52217483520508
2012-10-16,35.97825241088867
2012-10-17,36.19157409667969
2012-10-18,36.11801528930664
2012-10-19,35.558963775634766
2012-10-22,35.706077575683594
2012-10-23,35.08081817626953
2012-10-24,35.044036865234375
2012-10-25,35.26472473144531
2012-10-26,35.154380798339844
2012-10-31,35.11759567260742
2012-11-01,35.6398811340332
2012-11-02,35.26472473144531
2012-11-05,35.31621170043945
2012-11-06,35.61046600341797
2012-11-07,34.948421478271484
2012-11-08,34.59532165527344
2012-11-09,34.61003112792969
2012-11-12,34.639469146728516
2012-11-13,34.42613220214844
2012-11-14,34.021549224853516
2012-11-15,33.97005844116211
2012-11-16,34.08041763305664
2012-11-19,34.801307678222656
2012-11-20,34.75716018676758
2012-11-21,34.874855041503906
2012-11-23,35.433902740478516
2012-11-26,35.34563446044922
2012-11-27,35.1323127746582
2012-11-28,35.433902740478516
2012-11-29,35.62516403198242
2012-11-30,35.654605865478516
2012-12-03,35.56631088256836
2012-12-04,35.61046600341797
2012-12-05,35.713436126708984
2012-12-06,35.853206634521484
2012-12-07,35.926761627197266
2012-12-10,35.941463470458984
2012-12-11,36.221012115478516
2012-12-12,36.287193298339844
2012-12-13,36.059173583984375
2012-12-14,36.08124542236328
2012-12-17,36.38283920288086
2012-12-18,36.7432746887207
2012-12-19,36.66969680786133
2012-12-20,36.904052734375
2012-12-21,36.591609954833984
2012-12-24,36.53208923339844
2012-12-26,36.47260284423828
2012-12-27,36.50978088378906
2012-12-28,36.286617279052734
2012-12-31,36.762699127197266
2013-01-02,37.56609344482422
2013-01-03,37.357810974121094
2013-01-04,37.536346435546875
2013-01-07,37.342933654785156
2013-01-08,37.20159149169922
2013-01-09,37.36525344848633
2013-01-10,37.75950622558594
2013-01-11,37.737178802490234
2013-01-14,37.75950622558594
2013-01-15,37.722312927246094
2013-01-16,37.64793395996094
2013-01-17,37.89341354370117
2013-01-18,37.93059539794922
2013-01-22,38.07938003540039
2013-01-23,38.04961395263672
2013-01-24,38.12399673461914
2013-01-25,38.33229064941406
2013-01-28,38.183528900146484
2013-01-29,38.39181137084961
2013-01-30,38.33972930908203
2013-01-31,38.2355842590332
2013-02-01,38.5926513671875
2013-02-04,38.04961395263672
2013-02-05,38.30998229980469
2013-02-06,38.3471794128418
2013-02-07,38.146331787109375
2013-02-08,38.37693786621094
2013-02-11,38.32485580444336
2013-02-12,38.443870544433594
2013-02-13,38.51826095581055
2013-02-14,38.458763122558594
2013-02-15,38.362037658691406
2013-02-19,38.69679260253906
2013-02-20,38.25791931152344
2013-02-21,37.8636360168457
2013-02-22,38.250465393066406
2013-02-25,37.536346435546875
2013-02-26,37.774383544921875
2013-02-27,38.19097137451172
2013-02-28,38.11656188964844
2013-03-01,38.213260650634766
2013-03-04,38.302547454833984
2013-03-05,38.65959548950195
2013-03-06,38.7191047668457
2013-03-07,38.860450744628906
2013-03-08,39.01666259765625
2013-03-11,39.12825012207031
2013-03-12,38.92740249633789
2013-03-13,38.90507888793945
2013-03-14,39.18031311035156
2013-03-15,39.0687370300293
2013-03-18,38.8158073425293
2013-03-19,38.54801940917969
2013-03-20,38.88277053833008
2013-03-21,38.57776641845703
2013-03-22,38.84194564819336
2013-03-25,38.61061096191406
2013-03-26,38.901649475097656
2013-03-27,38.85689163208008
2013-03-28,39.013587951660156
2013-04-01,38.67778015136719
2013-04-02,38.90911102294922
2013-04-03,38.483741760253906
2013-04-04,38.70014953613281
2013-04-05,38.57330322265625
2013-04-08,38.759864807128906
2013-04-09,38.87925720214844
2013-04-10,39.409080505371094
2013-04-11,39.60313415527344
2013-04-12,39.43147277832031
2013-04-15,38.453895568847656
2013-04-16,39.080745697021484
2013-04-17,38.38672637939453
2013-04-18,38.20764923095703
2013-04-19,38.63301086425781
2013-04-22,38.759864807128906
2013-04-23,39.19267654418945
2013-04-24,39.35685348510742
2013-04-25,39.580726623535156
2013-04-26,39.47625732421875
2013-04-29,39.86429977416992
2013-04-30,40.058326721191406
2013-05-01,39.670265197753906
2013-05-02,39.976226806640625
2013-05-03,40.40906524658203
2013-05-06,40.453826904296875
2013-05-07,40.625457763671875
2013-05-08,40.90904998779297
2013-05-09,40.70753479003906
2013-05-10,40.72249221801758
2013-05-13,40.692623138427734
2013-05-14,40.953819274902344
2013-05-15,41.11052703857422
2013-05-16,40.89411544799805
2013-05-17,41.22993850708008
2013-05-20,41.27470016479492
2013-05-21,41.33439636230469
2013-05-22,40.9164924621582
2013-05-23,40.729942321777344
2013-05-24,40.48369216918945
2013-05-28,40.64038848876953
2013-05-29,40.33443069458008
2013-05-30,40.52845764160156
2013-05-31,39.834449768066406
2013-06-03,40.08070755004883
2013-06-04,39.931461334228516
2013-06-05,39.25984573364258
2013-06-06,39.58819580078125
2013-06-07,39.94639587402344
2013-06-10,39.968780517578125
2013-06-11,39.43894958496094
2013-06-12,39.22254180908203
2013-06-13,39.804603576660156
2013-06-14,39.46132278442383
2013-06-17,39.87176513671875
2013-06-18,40.17027282714844
2013-06-19,39.46132278442383
2013-06-20,38.2598876953125
2013-06-21,38.33449935913086
2013-06-24,37.73160171508789
2013-06-25,38.23590850830078
2013-06-26,38.52946090698242
2013-06-27,38.92835235595703
2013-06-28,38.770294189453125
2013-07-01,39.093955993652344
2013-07-02,38.87567138671875
2013-07-03,38.93588638305664
2013-07-05,39.21437454223633
2013-07-08,39.364906311035156
2013-07-09,39.62836837768555
2013-07-10,39.681053161621094
2013-07-11,40.55414581298828
2013-07-12,40.456295013427734
2013-07-15,40.66703796386719
2013-07-16,40.5466194152832
2013-07-17,40.71219253540039
2013-07-18,40.9229621887207
2013-07-19,40.9229621887207
2013-07-22,41.11111068725586
2013-07-23,41.13370895385742
2013-07-24,40.99822235107422
2013-07-25,41.08101272583008
2013-07-26,40.97562789916992
2013-07-29,40.75736999511719
2013-07-30,40.72726058959961
2013-07-31,40.77241516113281
2013-08-01,41.314353942871094
2013-08-02,41.43476486206055
2013-08-05,41.34444808959961
2013-08-06,41.14875030517578
2013-08-07,40.91542053222656
2013-08-08,41.28424072265625
2013-08-09,41.254127502441406
2013-08-12,41.231544494628906
2013-08-13,41.42725372314453
2013-08-14,41.336917877197266
2013-08-15,40.85520935058594
2013-08-16,40.80251693725586
2013-08-19,40.471336364746094
2013-08-20,40.59930419921875
2013-08-21,40.17780303955078
2013-08-22,40.53908157348633
2013-08-23,40.80251693725586
2013-08-26,40.61433792114258
2013-08-27,39.89930725097656
2013-08-28,39.95952224731445
2013-08-29,39.98210525512695
2013-08-30,39.7713508605957
2013-09-03,40.132625579833984
2013-09-04,40.5466194152832
2013-09-05,40.6294059753418
2013-09-06,40.73478317260742
2013-09-09,41.29176712036133
2013-09-10,41.690677642822266
2013-09-11,41.81110763549805
2013-09-12,41.59284210205078
2013-09-13,41.72832489013672
2013-09-16,42.0218620300293
2013-09-17,42.11970138549805
2013-09-18,42.94764709472656
2013-09-19,42.812171936035156
2013-09-20,42.428306579589844
2013-09-23,42.364051818847656
2013-09-24,42.288455963134766
2013-09-25,42.25065612792969
2013-09-26,42.38673400878906
2013-09-27,42.25065612792969
2013-09-30,41.993629455566406
2013-10-01,42.32624816894531
2013-10-02,42.265777587890625
2013-10-03,42.01630783081055
2013-10-04,42.1901741027832
2013-10-07,41.84999465942383
2013-10-08,41.40397644042969
2013-10-09,41.48713302612305
2013-10-10,42.34136199951172
2013-10-11,42.63619613647461
2013-10-14,42.74203109741211
2013-10-15,42.44721603393555
2013-10-16,42.9159049987793
2013-10-17,43.3392333984375
2013-10-18,43.59627151489258
2013-10-21,43.64161682128906
2013-10-22,43.951568603515625
2013-10-23,43.56602478027344
2013-10-24,43.800384521484375
2013-10-25,43.8457145690918
2013-10-28,43.838165283203125
2013-10-29,43.94401168823242
2013-10-30,43.7776985168457
2013-10-31,43.550907135009766
2013-11-01,43.528236389160156
2013-11-04,43.7776985168457
2013-11-05,43.45262145996094
2013-11-06,43.656742095947266
2013-11-07,43.04441833496094
2013-11-08,43.42238235473633
2013-11-11,43.45262145996094
2013-11-12,43.33168411254883
2013-11-13,43.57358932495117
2013-11-14,43.7776985168457
2013-11-15,44.09519577026367
2013-11-18,44.072509765625
2013-11-19,43.92888641357422
2013-11-20,43.71722412109375
2013-11-21,44.01204299926758
2013-11-22,44.17835235595703
2013-11-25,44.01204299926758
2013-11-26,44.027164459228516
2013-11-27,44.193485260009766
2013-11-29,44.223697662353516
2013-12-02,43.921321868896484
2013-12-03,43.686973571777344
2013-12-04,43.528236389160156
2013-12-05,43.36945724487305
2013-12-06,43.891082763671875
2013-12-09,43.92888641357422
2013-12-10,43.860862731933594
2013-12-11,43.354347229003906
2013-12-12,43.150245666503906
2013-12-13,43.13512420654297
2013-12-16,43.4601936340332
2013-12-17,43.286312103271484
2013-12-18,43.8835334777832
2013-12-19,43.891082763671875
2013-12-20,44.137611389160156
2013-12-23,44.48760986328125
2013-12-24,44.59413528442383
2013-12-26,44.75389099121094
2013-12-27,44.89085388183594
2013-12-30,45.01259994506836
2013-12-31,45.1952018737793
2014-01-02,44.52564239501953
2014-01-03,44.571292877197266
2014-01-06,44.44956588745117
2014-01-07,44.654998779296875
2014-01-08,44.66260528564453
2014-01-09,44.654998779296875
2014-01-10,44.959346771240234
2014-01-13,44.45717239379883
2014-01-14,44.86042404174805
2014-01-15,44.99738693237305
2014-01-16,45.01259994506836
2014-01-17,44.8452033996582
2014-01-21,44.96694564819336
2014-01-22,45.08106994628906
2014-01-23,44.67021942138672
2014-01-24,43.51369857788086
2014-01-27,43.285430908203125
2014-01-28,43.64303970336914
2014-01-29,43.20173645019531
2014-01-30,43.63542938232422
2014-01-31,43.18651580810547
2014-02-03,42.326751708984375
2014-02-04,42.6767463684082
2014-02-05,42.64630889892578
2014-02-06,43.308265686035156
2014-02-07,43.79521942138672
2014-02-10,43.76478576660156
2014-02-11,44.343040466308594
2014-02-12,44.42673110961914
2014-02-13,44.586509704589844
2014-02-14,44.807167053222656
2014-02-18,45.0049934387207
2014-02-19,44.71584701538086
2014-02-20,44.96694564819336
2014-02-21,44.97456741333008
2014-02-24,45.25607681274414
2014-02-25,45.14194107055664
2014-02-26,45.14955139160156
2014-02-27,45.31694793701172
2014-02-28,45.43866729736328
2014-03-03,44.822383880615234
2014-03-04,45.58324432373047
2014-03-05,45.60606384277344
2014-03-06,45.81150436401367
2014-03-07,45.66693115234375
2014-03-10,45.46150207519531
2014-03-11,45.225624084472656
2014-03-12,45.179988861083984
2014-03-13,44.571292877197266
2014-03-14,44.52564239501953
2014-03-17,44.90608596801758
2014-03-18,45.24845886230469
2014-03-19,44.807167053222656
2014-03-20,44.89085388183594
2014-03-21,44.81476974487305
2014-03-24,44.7767219543457
2014-03-25,45.05527114868164
2014-03-26,44.87161636352539
2014-03-27,44.98640823364258
2014-03-28,45.2695198059082
2014-03-31,45.65977096557617
2014-04-01,45.9964714050293
2014-04-02,46.06534194946289
2014-04-03,45.965850830078125
2014-04-04,45.567962646484375
2014-04-07,45.25421905517578
2014-04-08,45.422569274902344
2014-04-09,45.95820236206055
2014-04-10,45.10883331298828
2014-04-11,44.756839752197266
2014-04-14,45.0016975402832
2014-04-15,44.99403762817383
2014-04-16,45.468482971191406
2014-04-17,45.65213394165039
2014-04-21,45.72099304199219
2014-04-22,45.889339447021484
2014-04-23,45.7974967956543
2014-04-24,45.82046890258789
2014-04-25,45.460838317871094
2014-04-28,45.598548889160156
2014-04-29,45.828128814697266
2014-04-30,45.9964714050293
2014-05-01,46.08829116821289
2014-05-02,46.103607177734375
2014-05-05,46.11125564575195
2014-05-06,45.90465545654297
2014-05-07,46.0959358215332
2014-05-08,46.02708053588867
2014-05-09,46.04237747192383
2014-05-12,46.44794845581055
2014-05-13,46.42499542236328
2014-05-14,46.31018829345703
2014-05-15,45.98116683959961
2014-05-16,46.18776321411133
2014-05-19,46.23367691040039
2014-05-20,45.92759704589844
2014-05-21,46.241336822509766
2014-05-22,46.42499542236328
2014-05-23,46.623931884765625
2014-05-27,46.83818817138672
2014-05-28,46.7540168762207
2014-05-29,47.03715133666992
2014-05-30,46.93766403198242
2014-06-02,47.121299743652344
2014-06-03,47.052459716796875
2014-06-04,47.098358154296875
2014-06-05,47.450347900390625
2014-06-06,47.71052551269531
2014-06-09,47.76408767700195
2014-06-10,47.725830078125
2014-06-11,47.55747985839844
2014-06-12,47.373836517333984
2014-06-13,47.50392150878906
2014-06-16,47.47331619262695
2014-06-17,47.56513977050781
2014-06-18,47.84061813354492
2014-06-19,47.92478561401367
2014-06-20,48.00130081176758
2014-06-23,47.92478561401367
2014-06-24,47.68812561035156
2014-06-25,47.77291488647461
2014-06-26,47.76519775390625
2014-06-27,47.927101135253906
2014-06-30,47.97333526611328
2014-07-01,48.381927490234375
2014-07-02,48.42048263549805
2014-07-03,48.636322021484375
2014-07-07,48.32796859741211
2014-07-08,47.94252395629883
2014-07-09,48.14295196533203
2014-07-10,47.826881408691406
2014-07-11,47.84230422973633
2014-07-14,48.127525329589844
2014-07-15,47.98106002807617
2014-07-16,48.18920135498047
2014-07-17,47.595611572265625
2014-07-18,48.09669494628906
2014-07-21,47.988765716552734
2014-07-22,48.22775650024414
2014-07-23,48.35109329223633
2014-07-24,48.38962936401367
2014-07-25,48.18920135498047
2014-07-28,48.18920135498047
2014-07-29,47.97333526611328
2014-07-30,47.996490478515625
2014-07-31,47.133056640625
2014-08-01,46.97117233276367
2014-08-04,47.27183151245117
2014-08-05,46.79386520385742
2014-08-06,46.73990249633789
2014-08-07,46.45466613769531
2014-08-08,46.80158615112305
2014-08-11,47.02513122558594
2014-08-12,46.97117233276367
2014-08-13,47.24870300292969
2014-08-14,47.472251892089844
2014-08-15,47.449134826660156
2014-08-18,47.85771942138672
2014-08-19,47.98106002807617
2014-08-20,48.01959991455078
2014-08-21,48.11982727050781
2014-08-22,48.07356262207031
2014-08-25,48.297142028808594
2014-08-26,48.343387603759766
2014-08-27,48.42818832397461
2014-08-28,48.26629638671875
2014-08-29,48.381927490234375
2014-09-02,48.459007263183594
2014-09-03,48.559234619140625
2014-09-04,48.40504837036133
2014-09-05,48.51298904418945
2014-09-08,48.22003936767578
2014-09-09,47.96564483642578
2014-09-10,48.127525329589844
2014-09-11,48.02730941772461
2014-09-12,47.7883415222168
2014-09-15,47.68812561035156
2014-09-16,48.00419616699219
2014-09-17,47.826881408691406
2014-09-18,48.065853118896484
2014-09-19,47.87311935424805
2014-09-22,47.51852035522461
2014-09-23,47.19474792480469
2014-09-24,47.5734977722168
2014-09-25,46.79894256591797
2014-09-26,47.07004165649414
2014-09-29,46.8376579284668
2014-09-30,46.76796340942383
2014-10-01,46.07085418701172
2014-10-02,45.931427001953125
2014-10-03,46.26449966430664
2014-10-06,46.31096267700195
2014-10-07,45.66033935546875
2014-10-08,46.372928619384766
2014-10-09,45.31177520751953
2014-10-10,44.66114807128906
2014-10-13,44.35133361816406
2014-10-14,44.41328811645508
2014-10-15,44.118953704833984
2014-10-16,44.06473159790039
2014-10-17,44.614681243896484
2014-10-20,45.001953125
2014-10-21,45.652584075927734
2014-10-22,45.24981689453125
2014-10-23,45.73004150390625
2014-10-24,45.97015380859375
2014-10-27,45.90819549560547
2014-10-28,46.50460433959961
2014-10-29,46.341957092285156
2014-10-30,46.59755325317383
2014-10-31,47.2094612121582
2014-11-03,47.03904724121094
2014-11-04,46.8686408996582
2014-11-05,46.97708511352539
2014-11-06,47.0080680847168
2014-11-07,47.03904724121094
2014-11-10,47.178470611572266
2014-11-11,47.302398681640625
2014-11-12,47.18621826171875
2014-11-13,47.17072677612305
2014-11-14,47.294654846191406
2014-11-17,47.2094612121582
2014-11-18,47.519287109375
2014-11-19,47.47281265258789
2014-11-20,47.41084671020508
2014-11-21,47.81360626220703
2014-11-24,47.90656661987305
2014-11-25,47.95303726196289
2014-11-26,48.07695388793945
2014-11-28,47.80586624145508
2014-12-01,47.44956970214844
2014-12-02,47.61997985839844
2014-12-03,47.80586624145508
2014-12-04,47.68193054199219
2014-12-05,47.75165557861328
2014-12-08,47.348876953125
2014-12-09,47.201717376708984
2014-12-10,46.52009963989258
2014-12-11,46.5278434753418
2014-12-12,45.75327682495117
2014-12-15,45.25755310058594
2014-12-16,45.18011474609375
2014-12-17,46.04761505126953
2014-12-18,46.8531494140625
2014-12-19,47.0080680847168
2014-12-22,47.279300689697266
2014-12-23,47.25592041015625
2014-12-24,47.388427734375
2014-12-26,47.59886169433594
2014-12-29,47.47417068481445
2014-12-30,47.2247428894043
2014-12-31,46.85841751098633
2015-01-02,46.73371505737305
2015-01-05,45.82958984375
2015-01-06,45.36974334716797
2015-01-07,45.95429611206055
2015-01-08,46.64797592163086
2015-01-09,46.336212158203125
2015-01-12,46.0946044921875
2015-01-13,46.12577438354492
2015-01-14,45.91533279418945
2015-01-15,45.767250061035156
2015-01-16,46.32841491699219
2015-01-20,46.414146423339844
2015-01-21,46.757102966308594
2015-01-22,47.29488754272461
2015-01-23,46.944156646728516
2015-01-26,47.263736724853516
2015-01-27,46.967533111572266
2015-01-28,46.37519073486328
2015-01-29,46.76490020751953
2015-01-30,46.0946044921875
2015-02-02,46.710330963134766
2015-02-03,47.388427734375
2015-02-04,47.177978515625
2015-02-05,47.73916244506836
2015-02-06,47.29488754272461
2015-02-09,47.17018127441406
2015-02-10,47.567684173583984
2015-02-11,47.45857238769531
2015-02-12,48.05873489379883
2015-02-13,48.362693786621094
2015-02-17,48.41725158691406
2015-02-18,48.5731315612793
2015-02-19,48.51078414916992
2015-02-20,48.900489807128906
2015-02-23,48.77577209472656
2015-02-24,48.94724655151367
2015-02-25,48.9394645690918
2015-02-26,48.86152267456055
2015-02-27,48.83812713623047
2015-03-02,49.00961685180664
2015-03-03,48.75239181518555
2015-03-04,48.47180938720703
2015-03-05,48.541969299316406
2015-03-06,47.941810607910156
2015-03-09,48.03535079956055
2015-03-10,47.16239547729492
2015-03-11,47.18577194213867
2015-03-12,47.76254653930664
2015-03-13,47.45857238769531
2015-03-16,48.03535079956055
2015-03-17,47.95738220214844
2015-03-18,48.76019287109375
2015-03-19,48.386085510253906
2015-03-20,49.05636978149414
2015-03-23,49.110923767089844
2015-03-24,48.95504379272461
2015-03-25,48.31584548950195
2015-03-26,48.10435104370117
2015-03-27,48.25319290161133
2015-03-30,48.59001541137695
2015-03-31,48.245361328125
2015-04-01,48.276695251464844
2015-04-02,48.59784698486328
2015-04-06,49.020843505859375
2015-04-07,48.92685317993164
2015-04-08,49.208839416503906
2015-04-09,49.33417510986328
2015-04-10,49.569175720214844
2015-04-13,49.318511962890625
2015-04-14,49.53000259399414
2015-04-15,49.812015533447266
2015-04-16,49.8590087890625
2015-04-17,49.255859375
2015-04-20,49.51435852050781
2015-04-21,49.639671325683594
2015-04-22,49.84333801269531
2015-04-23,50.05485534667969
2015-04-24,50.188011169433594
2015-04-27,50.180171966552734
2015-04-28,50.30550765991211
2015-04-29,49.9921760559082
2015-04-30,49.47517013549805
2015-05-01,49.96867370605469
2015-05-04,50.007843017578125
2015-05-05,49.420345306396484
2015-05-06,49.31068801879883
2015-05-07,49.365516662597656
2015-05-08,50.101837158203125
2015-05-11,49.80419158935547
2015-05-12,49.757179260253906
2015-05-13,49.88251876831055
2015-05-14,50.37600326538086
2015-05-15,50.47001647949219
2015-05-18,50.44651794433594
2015-05-19,50.38383865356445
2015-05-20,50.368194580078125
2015-05-21,50.556190490722656
2015-05-22,50.36033248901367
2015-05-26,49.73366928100586
2015-05-27,50.16451644897461
2015-05-28,49.9921760559082
2015-05-29,49.639671325683594
2015-06-01,49.639671325683594
2015-06-02,49.71800994873047
2015-06-03,49.90601348876953
2015-06-04,49.420345306396484
2015-06-05,49.11486053466797
2015-06-08,48.90335464477539
2015-06-09,48.78586196899414
2015-06-10,49.57701110839844
2015-06-11,49.663185119628906
2015-06-12,49.34202194213867
2015-06-15,49.06785583496094
2015-06-16,49.201011657714844
2015-06-17,49.201011657714844
2015-06-18,49.71017837524414
2015-06-19,49.47517013549805
2015-06-22,50.03135681152344
2015-06-23,50.10968017578125
2015-06-24,49.77285385131836
2015-06-25,49.63185119628906
2015-06-26,49.67366027832031
2015-06-29,48.41130447387695
2015-06-30,48.53754806518555
2015-07-01,48.79789733886719
2015-07-02,48.8057975769043
2015-07-06,48.285072326660156
2015-07-07,48.29296112060547
2015-07-08,47.275203704833984
2015-07-09,47.6460075378418
2015-07-10,48.62434768676758
2015-07-13,48.96358871459961
2015-07-14,49.25550842285156
2015-07-15,49.113502502441406
2015-07-16,49.50798416137695
2015-07-17,49.42908477783203
2015-07-20,49.41330337524414
2015-07-21,49.27130126953125
2015-07-22,49.03459930419922
2015-07-23,48.82156753540039
2015-07-24,48.23773956298828
2015-07-27,47.84326934814453
2015-07-28,48.371849060058594
2015-07-29,48.6795654296875
2015-07-30,48.734798431396484
2015-07-31,48.78213882446289
2015-08-03,48.576988220214844
2015-08-04,48.584877014160156
2015-08-05,48.703216552734375
2015-08-06,48.395538330078125
2015-08-07,48.34819412231445
2015-08-10,48.9556999206543
2015-08-11,48.33241271972656
2015-08-12,48.214073181152344
2015-08-13,48.150943756103516
2015-08-14,48.29296112060547
2015-08-17,48.363975524902344
2015-08-18,48.119384765625
2015-08-19,47.69334411621094
2015-08-20,46.65189743041992
2015-08-21,45.36588668823242
2015-08-24,43.574920654296875
2015-08-25,43.574920654296875
2015-08-26,44.8530387878418
2015-08-27,45.839256286621094
2015-08-28,45.839256286621094
2015-08-31,45.547340393066406
2015-09-01,44.11930465698242
2015-09-02,44.860931396484375
2015-09-03,44.924041748046875
2015-09-04,44.056190490722656
2015-09-08,45.2396354675293
2015-09-09,44.81359100341797
2015-09-10,45.09762191772461
2015-09-11,45.192298889160156
2015-09-14,44.97138595581055
2015-09-15,45.43689727783203
2015-09-16,46.01283645629883
2015-09-17,46.01283645629883
2015-09-18,45.121299743652344
2015-09-21,45.17652893066406
2015-09-22,44.395442962646484
2015-09-23,44.19820785522461
2015-09-24,44.064056396484375
2015-09-25,44.095001220703125
2015-09-28,43.072105407714844
2015-09-29,43.10382843017578
2015-09-30,43.85713195800781
2015-10-01,44.04742431640625
2015-10-02,44.776920318603516
2015-10-05,45.672935485839844
2015-10-06,45.60950469970703
2015-10-07,46.1804084777832
2015-10-08,46.576873779296875
2015-10-09,46.64824676513672
2015-10-12,46.56895446777344
2015-10-13,46.10111999511719
2015-10-14,46.077335357666016
2015-10-15,46.806827545166016
2015-10-16,46.870269775390625
2015-10-19,46.75926208496094
2015-10-20,46.70375442504883
2015-10-21,46.41828155517578
2015-10-22,47.04470443725586
2015-10-23,47.48081970214844
2015-10-26,47.338104248046875
2015-10-27,47.04470443725586
2015-10-28,47.441192626953125
2015-10-29,47.219146728515625
2015-10-30,47.05263137817383
2015-11-02,47.6473388671875
2015-11-03,47.8059196472168
2015-11-04,47.58391189575195
2015-11-05,47.52045822143555
2015-11-06,47.36188888549805
2015-11-09,46.909908294677734
2015-11-10,46.88612365722656
2015-11-11,46.854400634765625
2015-11-12,46.29935073852539
2015-11-13,45.7839469909668
2015-11-16,46.38657760620117
2015-11-17,46.3707160949707
2015-11-18,46.973350524902344
2015-11-19,47.131935119628906
2015-11-20,47.219146728515625
2015-11-23,47.02885818481445
2015-11-24,47.139862060546875
2015-11-25,47.155723571777344
2015-11-27,47.124000549316406
2015-11-30,47.012996673583984
2015-12-01,47.512550354003906
2015-12-02,47.00505828857422
2015-12-03,46.47379684448242
2015-12-04,47.155723571777344
2015-12-07,46.743404388427734
2015-12-08,46.26763153076172
2015-12-09,46.029754638671875
2015-12-10,45.974239349365234
2015-12-11,45.0465202331543
2015-12-14,45.189247131347656
2015-12-15,45.65705871582031
2015-12-16,46.37864685058594
2015-12-17,45.72842788696289
2015-12-18,45.11788558959961
2015-12-21,45.467445373535156
2015-12-22,45.866485595703125
2015-12-23,46.504981994628906
2015-12-24,46.40919494628906
2015-12-28,46.30544662475586
2015-12-29,46.72843551635742
2015-12-30,46.385250091552734
2015-12-31,45.98621368408203
2016-01-04,45.21205520629883
2016-01-05,45.220035552978516
2016-01-06,44.54963302612305
2016-01-07,43.51212692260742
2016-01-08,43.0013313293457
2016-01-11,43.02528762817383
2016-01-12,43.264705657958984
2016-01-13,42.29899978637695
2016-01-14,42.985374450683594
2016-01-15,41.78025817871094
2016-01-19,41.907936096191406
2016-01-20,41.237552642822266
2016-01-21,41.47698211669922
2016-01-22,42.514495849609375
2016-01-25,41.85207748413086
2016-01-26,42.554412841796875
2016-01-27,42.17129898071289
2016-01-28,42.314964294433594
2016-01-29,43.28865051269531
2016-02-01,43.344512939453125
2016-02-02,42.314964294433594
2016-02-03,42.698055267333984
2016-02-04,42.785850524902344
2016-02-05,42.05160903930664
2016-02-08,41.37321090698242
2016-02-09,41.07792663574219
2016-02-10,41.101871490478516
2016-02-11,40.551185607910156
2016-02-12,41.26947021484375
2016-02-16,42.02766418457031
2016-02-17,42.84969711303711
2016-02-18,42.666133880615234
2016-02-19,42.610260009765625
2016-02-22,43.2567253112793
2016-02-23,42.650177001953125
2016-02-24,42.682106018066406
2016-02-25,43.144989013671875
2016-02-26,43.0891227722168
2016-02-29,42.80978012084961
2016-03-01,43.89519500732422
2016-03-02,44.18252182006836
2016-03-03,44.54963302612305
2016-03-04,44.852909088134766
2016-03-07,44.852909088134766
2016-03-08,44.27030563354492
2016-03-09,44.50973129272461
2016-03-10,44.46184539794922
2016-03-11,45.41956329345703
2016-03-14,45.31580352783203
2016-03-15,44.97288131713867
2016-03-16,45.44560623168945
2016-03-17,45.86224365234375
2016-03-18,45.94236755371094
2016-03-21,45.94236755371094
2016-03-22,45.86224365234375
2016-03-23,45.405540466308594
2016-03-24,45.30938720703125
2016-03-28,45.46965026855469
2016-03-29,45.96641159057617
2016-03-30,46.246826171875
2016-03-31,46.22278594970703
2016-04-01,46.14267349243164
2016-04-04,45.958396911621094
2016-04-05,45.349456787109375
2016-04-06,45.87826156616211
2016-04-07,45.197235107421875
2016-04-08,45.62188720703125
2016-04-11,45.669952392578125
2016-04-12,46.21479034423828
2016-04-13,46.84775161743164
2016-04-14,46.80769729614258
2016-04-15,46.743595123291016
2016-04-18,47.05607223510742
2016-04-19,47.54481887817383
2016-04-20,47.56084442138672
2016-04-21,47.28842544555664
2016-04-22,47.26438903808594
2016-04-25,47.11216354370117
2016-04-26,47.28041458129883
2016-04-27,47.33649444580078
2016-04-28,46.97594451904297
2016-04-29,46.6875
2016-05-02,47.01599884033203
2016-05-03,46.407073974609375
2016-05-04,46.006473541259766
2016-05-05,45.998443603515625
2016-05-06,46.150691986083984
2016-05-09,45.974422454833984
2016-05-10,46.639442443847656
2016-05-11,46.310935974121094
2016-05-12,46.230812072753906
2016-05-13,45.78211975097656
2016-05-16,46.29491424560547
2016-05-17,45.91032409667969
2016-05-18,45.88628005981445
2016-05-19,45.63789367675781
2016-05-20,46.0224723815918
2016-05-23,45.87826156616211
2016-05-24,46.54329299926758
2016-05-25,46.89582443237305
2016-05-26,46.9519157409668
2016-05-27,47.02402877807617
2016-05-31,46.99197006225586
2016-06-01,47.08010482788086
2016-06-02,47.19227981567383
2016-06-03,47.328487396240234
2016-06-06,47.60091018676758
2016-06-07,47.89735794067383
2016-06-08,48.02554702758789
2016-06-09,47.71308517456055
2016-06-10,46.82371139526367
2016-06-13,46.367008209228516
2016-06-14,46.032615661621094
2016-06-15,46.23455047607422
2016-06-16,46.25878143310547
2016-06-17,46.34763717651367
2016-06-20,46.98573684692383
2016-06-21,47.18767547607422
2016-06-22,47.10689163208008
2016-06-23,48.05194091796875
2016-06-24,45.49951171875
2016-06-27,44.52215576171875
2016-06-28,45.49143981933594
2016-06-29,46.31532287597656
2016-06-30,46.90497589111328
2016-07-01,47.12305450439453
2016-07-05,46.484947204589844
2016-07-06,46.606109619140625
2016-07-07,46.46880340576172
2016-07-08,47.21190643310547
2016-07-11,47.639991760253906
2016-07-12,48.076171875
2016-07-13,48.05194091796875
2016-07-14,48.41541290283203
2016-07-15,48.310420989990234
2016-07-18,48.423500061035156
2016-07-19,48.165035247802734
2016-07-20,48.431583404541016
2016-07-21,48.270023345947266
2016-07-22,48.4558219909668
2016-07-25,48.310420989990234
2016-07-26,48.504268646240234
2016-07-27,48.52043533325195
2016-07-28,48.56889343261719
2016-07-29,48.85159683227539
2016-08-01,48.665828704833984
2016-08-02,48.35887908935547
2016-08-03,48.46389389038086
2016-08-04,48.54467010498047
2016-08-05,48.92428970336914
2016-08-08,48.98891830444336
2016-08-09,49.18275833129883
2016-08-10,49.15852737426758
2016-08-11,49.52202224731445
2016-08-12,49.41701889038086
2016-08-15,49.65126037597656
2016-08-16,49.457401275634766
2016-08-17,49.44124221801758
2016-08-18,49.64318084716797
2016-08-19,49.46548080444336
2016-08-22,49.39277648925781
2016-08-23,49.5462532043457
2016-08-24,49.279693603515625
2016-08-25,49.2635383605957
2016-08-26,49.02930450439453
2016-08-29,49.31201171875
2016-08-30,49.2150764465332
2016-08-31,49.02122116088867
2016-09-01,49.19084930419922
2016-09-02,49.635101318359375
2016-09-06,49.94203567504883
2016-09-07,50.01471710205078
2016-09-08,49.80472183227539
2016-09-09,48.59312438964844
2016-09-12,49.1666259765625
2016-09-13,48.241886138916016
2016-09-14,48.22565841674805
2016-09-15,48.78583908081055
2016-09-16,48.38801193237305
2016-09-19,48.55851745605469
2016-09-20,48.680301666259766
2016-09-21,49.41098403930664
2016-09-22,49.743858337402344
2016-09-23,49.37852096557617
2016-09-26,48.931983947753906
2016-09-27,49.24050521850586
2016-09-28,49.56525421142578
2016-09-29,49.0619010925293
2016-09-30,49.40287780761719
2016-10-03,49.32168197631836
2016-10-04,49.126834869384766
2016-10-05,49.435340881347656
2016-10-06,49.28921127319336
2016-10-07,49.102474212646484
2016-10-10,49.31357955932617
2016-10-11,48.56664276123047
2016-10-12,48.631595611572266
2016-10-13,48.39613723754883
2016-10-14,48.428627014160156
2016-10-17,48.28249740600586
2016-10-18,48.70466232299805
2016-10-19,48.91575241088867
2016-10-20,48.89137649536133
2016-10-21,48.78583908081055
2016-10-24,48.948219299316406
2016-10-25,48.81831741333008
2016-10-26,48.60721969604492
2016-10-27,48.51791000366211
2016-10-28,48.37179946899414
2016-10-31,48.428627014160156
2016-11-01,48.1363410949707
2016-11-02,47.80345916748047
2016-11-03,47.673580169677734
2016-11-04,47.42189025878906
2016-11-07,48.37179946899414
2016-11-08,48.58287048339844
2016-11-09,48.680301666259766
2016-11-10,48.542274475097656
2016-11-11,48.274349212646484
2016-11-14,48.25812911987305
2016-11-15,48.71277618408203
2016-11-16,48.452972412109375
2016-11-17,48.72088623046875
2016-11-18,48.477325439453125
2016-11-21,48.923866271972656
2016-11-22,49.03752136230469
2016-11-23,48.9969367980957
2016-11-25,49.17552947998047
2016-11-28,48.98069763183594
2016-11-29,49.07811737060547
2016-11-30,49.00505828857422
2016-12-01,48.78583908081055
2016-12-02,48.89137649536133
2016-12-05,49.24861526489258
2016-12-06,49.49217987060547
2016-12-07,50.174163818359375
2016-12-08,50.31218338012695
2016-12-09,50.45831298828125
2016-12-12,50.3040657043457
2016-12-13,50.709991455078125
2016-12-14,50.0523796081543
2016-12-15,50.141685485839844
2016-12-16,50.09297561645508
2016-12-19,50.13356018066406
2016-12-20,50.327415466308594
2016-12-21,50.2456169128418
2016-12-22,50.049320220947266
2016-12-23,50.13111877441406
2016-12-27,50.229248046875
2016-12-28,49.934810638427734
2016-12-29,49.99205780029297
2016-12-30,49.8939094543457
2017-01-03,50.30287551879883
2017-01-04,50.760921478271484
2017-01-05,50.924495697021484
2017-01-06,50.932682037353516
2017-01-09,50.79363250732422
2017-01-10,50.84272384643555
2017-01-11,51.12079620361328
2017-01-12,51.022666931152344
2017-01-13,51.19441604614258
2017-01-17,51.03902053833008
2017-01-18,50.98176193237305
2017-01-19,50.85905838012695
2017-01-20,51.03083419799805
2017-01-23,51.03083419799805
2017-01-24,51.38254928588867
2017-01-25,51.8405876159668
2017-01-26,51.73426055908203
2017-01-27,51.66881561279297
2017-01-30,51.300758361816406
2017-01-31,51.39072799682617
2017-02-01,51.46433639526367
2017-02-02,51.5625
2017-02-03,51.82423782348633
2017-02-06,51.644287109375
2017-02-07,51.611568450927734
2017-02-08,51.67699432373047
2017-02-09,51.93874740600586
2017-02-10,52.200477600097656
2017-02-13,52.46221923828125
2017-02-14,52.568546295166016
2017-02-15,52.87117385864258
2017-02-16,52.887550354003906
2017-02-17,52.86299133300781
2017-02-21,53.14111328125
2017-02-22,53.13291931152344
2017-02-23,53.13291931152344
2017-02-24,53.018428802490234
2017-02-27,52.977516174316406
2017-02-28,52.77303695678711
2017-03-01,53.419193267822266
2017-03-02,53.02658462524414
2017-03-03,53.22289276123047
2017-03-06,53.07565689086914
2017-03-07,52.90391159057617
2017-03-08,52.748497009277344
2017-03-09,52.77303695678711
2017-03-10,53.06747817993164
2017-03-13,53.271968841552734
2017-03-14,52.98569107055664
2017-03-15,53.631858825683594
2017-03-16,53.71366500854492
2017-03-17,53.730018615722656
2017-03-20,53.65640640258789
2017-03-21,53.1247444152832
2017-03-22,53.206546783447266
2017-03-23,53.17381286621094
2017-03-24,53.271968841552734
2017-03-27,53.329219818115234
2017-03-28,53.631858825683594
2017-03-29,53.70823287963867
2017-03-30,53.68359375
2017-03-31,53.552215576171875
2017-04-03,53.50295639038086
2017-04-04,53.53579330444336
2017-04-05,53.33051300048828
2017-04-06,53.412628173828125
2017-04-07,53.346946716308594
2017-04-10,53.3715705871582
2017-04-11,53.42082977294922
2017-04-12,53.29766845703125
2017-04-13,52.96103286743164
2017-04-17,53.412628173828125
2017-04-18,53.1252326965332
2017-04-19,53.01850128173828
2017-04-20,53.46189880371094
2017-04-21,53.37977981567383
2017-04-24,54.217315673828125
2017-04-25,54.545745849609375
2017-04-26,54.51292037963867
2017-04-27,54.537540435791016
2017-04-28,54.422584533691406
2017-05-01,54.537540435791016
2017-05-02,54.75102233886719
2017-05-03,54.562156677246094
2017-05-04,54.685325622558594
2017-05-05,55.0794677734375
2017-05-08,54.88240051269531
2017-05-09,54.923465728759766
2017-05-10,55.02198791503906
2017-05-11,54.939876556396484
2017-05-12,54.90703201293945
2017-05-15,55.27653503417969
2017-05-16,55.38327407836914
2017-05-17,54.52932357788086
2017-05-18,54.562156677246094
2017-05-19,55.11231994628906
2017-05-22,55.3339958190918
2017-05-23,55.32578659057617
2017-05-24,55.43253707885742
2017-05-25,55.62138366699219
2017-05-26,55.56390380859375
2017-05-30,55.506439208984375
2017-05-31,55.48180389404297
2017-06-01,55.89234161376953
2017-06-02,56.22901916503906
2017-06-05,56.105831146240234
2017-06-06,55.98268508911133
2017-06-07,55.98268508911133
2017-06-08,55.96625900268555
2017-06-09,55.86772155761719
2017-06-12,55.78562545776367
2017-06-13,56.14689254760742
2017-06-14,56.00730514526367
2017-06-15,55.662471771240234
2017-06-16,55.90877151489258
2017-06-19,56.26184844970703
2017-06-20,55.76919174194336
2017-06-21,55.76919174194336
2017-06-22,55.7938117980957
2017-06-23,55.89234161376953
2017-06-26,56.06476593017578
2017-06-27,55.76919174194336
2017-06-28,56.23713684082031
2017-06-29,55.69974136352539
2017-06-30,55.83203125
2017-07-03,55.9229621887207
2017-07-05,55.9229621887207
2017-07-06,55.45171356201172
2017-07-07,55.69974136352539
2017-07-10,55.8237419128418
2017-07-11,55.87335968017578
2017-07-12,56.361148834228516
2017-07-13,56.526512145996094
2017-07-14,56.865501403808594
2017-07-17,56.82417678833008
2017-07-18,56.873756408691406
2017-07-19,57.17967224121094
2017-07-20,57.27887725830078
2017-07-21,57.17967224121094
2017-07-24,57.17967224121094
2017-07-25,57.29541015625
2017-07-26,57.469024658203125
2017-07-27,57.32847595214844
2017-07-28,57.30368423461914
2017-07-31,57.311954498291016
2017-08-01,57.55998229980469
2017-08-02,57.51035690307617
2017-08-03,57.43596267700195
2017-08-04,57.54344177246094
2017-08-07,57.68399429321289
2017-08-08,57.50212097167969
2017-08-09,57.36981964111328
2017-08-10,56.49343490600586
2017-08-11,56.51824188232422
2017-08-14,57.03911590576172
2017-08-15,56.981239318847656
2017-08-16,57.26233673095703
2017-08-17,56.45208740234375
2017-08-18,56.51824188232422
2017-08-21,56.56783676147461
2017-08-22,57.022579193115234
2017-08-23,56.95643615722656
2017-08-24,56.865501403808594
2017-08-25,57.08871078491211
2017-08-28,57.080440521240234
2017-08-29,57.030853271484375
2017-08-30,57.19620895385742
2017-08-31,57.55171585083008
2017-09-01,57.72533416748047
2017-09-05,57.33674621582031
2017-09-06,57.55171585083008
2017-09-07,57.77496337890625
2017-09-08,57.708797454833984
2017-09-11,58.26275634765625
2017-09-12,58.41984939575195
2017-09-13,58.270992279052734
2017-09-14,58.28753662109375
2017-09-15,58.3950080871582
2017-09-18,58.593441009521484
2017-09-19,58.68437576293945
2017-09-20,58.68437576293945
2017-09-21,58.52729797363281
2017-09-22,58.568634033203125
2017-09-25,58.312320709228516
2017-09-26,58.25445556640625
2017-09-27,58.365821838378906
2017-09-28,58.440608978271484
2017-09-29,58.764678955078125
2017-10-02,58.89763259887695
2017-10-03,59.15523147583008
2017-10-04,59.180152893066406
2017-10-05,59.354644775390625
2017-10-06,59.27985763549805
2017-10-09,59.196773529052734
2017-10-10,59.52085494995117
2017-10-11,59.687049865722656
2017-10-12,59.65379333496094
2017-10-13,59.81997299194336
2017-10-16,59.84489822387695
2017-10-17,59.81997299194336
2017-10-18,59.86152267456055
2017-10-19,59.78673553466797
2017-10-20,59.928016662597656
2017-10-23,59.69533920288086
2017-10-24,59.79505920410156
2017-10-25,59.554073333740234
2017-10-26,59.57068634033203
2017-10-27,59.886451721191406
2017-10-30,59.811676025390625
2017-10-31,60.00278091430664
2017-11-01,60.135746002197266
2017-11-02,60.20222091674805
2017-11-03,60.25205993652344
2017-11-06,60.4099235534668
2017-11-07,60.285282135009766
2017-11-08,60.41826629638672
2017-11-09,60.08586883544922
2017-11-10,60.0360107421875
2017-11-13,59.94461441040039
2017-11-14,59.853206634521484
2017-11-15,59.50422668457031
2017-11-16,60.077571868896484
2017-11-17,59.994476318359375
2017-11-20,60.08586883544922
2017-11-21,60.55953598022461
2017-11-22,60.642616271972656
2017-11-24,60.866973876953125
2017-11-27,60.625980377197266
2017-11-28,61.09130859375
2017-11-29,60.90019989013672
2017-11-30,61.14120101928711
2017-12-01,61.00825119018555
2017-12-04,60.90019989013672
2017-12-05,60.70909881591797
2017-12-06,60.517982482910156
2017-12-07,60.70909881591797
2017-12-08,61.06639862060547
2017-12-11,61.21596145629883
2017-12-12,61.23259353637695
2017-12-13,61.36554718017578
2017-12-14,61.09964370727539
2017-12-15,61.382179260253906
2017-12-18,61.955501556396484
2017-12-19,61.739715576171875
2017-12-20,61.6978874206543
2017-12-21,61.8735237121582
2017-12-22,61.982269287109375
2017-12-26,61.990638732910156
2017-12-27,62.03250503540039
2017-12-28,62.21648406982422
2017-12-29,62.11611557006836
2018-01-02,62.65985107421875
2018-01-03,63.08639907836914
2018-01-04,63.46283721923828
2018-01-05,63.83086013793945
2018-01-08,63.897796630859375
2018-01-09,64.00650787353516
2018-01-10,63.797420501708984
2018-01-11,64.26583862304688
2018-01-12,64.77606964111328
2018-01-16,64.62552642822266
2018-01-17,65.13578033447266
2018-01-18,65.00193786621094
2018-01-19,65.34487915039062
2018-01-22,65.82169342041016
2018-01-23,66.00569152832031
2018-01-24,66.11444091796875
2018-01-25,66.01405334472656
2018-01-26,66.69161224365234
2018-01-29,66.13954162597656
2018-01-30,65.46200561523438
2018-01-31,65.52053833007812
2018-02-01,65.47036743164062
2018-02-02,64.03999328613281
2018-02-05,61.580787658691406
2018-02-06,62.86894607543945
2018-02-07,62.06593704223633
2018-02-08,60.100215911865234
2018-02-09,60.735939025878906
2018-02-12,61.63931655883789
2018-02-13,61.68116760253906
2018-02-14,62.65985107421875
2018-02-15,63.35407638549805
2018-02-16,63.404293060302734
2018-02-20,62.92750930786133
2018-02-21,62.69327926635742
2018-02-22,62.80201721191406
2018-02-23,63.646846771240234
2018-02-26,64.24076080322266
2018-02-27,63.34571838378906
2018-02-28,62.60963821411133
2018-03-01,61.865177154541016
2018-03-02,62.15793228149414
2018-03-05,62.65985107421875
2018-03-06,63.027870178222656
2018-03-07,62.95260238647461
2018-03-08,63.19515609741211
2018-03-09,63.989810943603516
2018-03-12,64.05672454833984
2018-03-13,63.613407135009766
2018-03-14,63.54648208618164
2018-03-15,63.446067810058594
2018-03-16,63.45446014404297
2018-03-19,62.78528594970703
2018-03-20,62.93585205078125
2018-03-21,62.986045837402344
2018-03-22,61.51385498046875
2018-03-23,60.476646423339844
2018-03-26,61.90119552612305
2018-03-27,61.07853317260742
2018-03-28,61.0533447265625
2018-03-29,61.80885696411133
2018-04-02,60.583248138427734
2018-04-03,61.22125244140625
2018-04-04,61.7081298828125
2018-04-05,62.03550720214844
2018-04-06,61.03655242919922
2018-04-09,61.40591049194336
2018-04-10,62.31252670288086
2018-04-11,62.02708435058594
2018-04-12,62.396453857421875
2018-04-13,62.22855758666992
2018-04-16,62.54757308959961
2018-04-17,63.05125427246094
2018-04-18,63.2946891784668
2018-04-19,62.883358001708984
2018-04-20,62.47200393676758
2018-04-23,62.396453857421875
2018-04-24,61.88439178466797
2018-04-25,61.859214782714844
2018-04-26,62.37968063354492
2018-04-27,62.488826751708984
2018-04-30,62.069091796875
2018-05-01,62.03550720214844
2018-05-02,61.800453186035156
2018-05-03,61.77527618408203
2018-05-04,62.304115295410156
2018-05-07,62.396453857421875
2018-05-08,62.40484619140625
2018-05-09,62.7826042175293
2018-05-10,63.36184310913086
2018-05-11,63.496150970458984
2018-05-14,63.588497161865234
2018-05-15,63.017677307128906
2018-05-16,63.33666229248047
2018-05-17,63.31986999511719
2018-05-18,63.11000442504883
2018-05-21,63.470947265625
2018-05-22,63.41221618652344
2018-05-23,63.22751998901367
2018-05-24,63.11840057373047
2018-05-25,62.908538818359375
2018-05-29,61.934783935546875
2018-05-30,62.740638732910156
2018-05-31,62.4216423034668
2018-06-01,63.026058197021484
2018-06-04,63.345035552978516
2018-06-05,63.32826232910156
2018-06-06,63.88229751586914
2018-06-07,63.66402816772461
2018-06-08,63.80674362182617
2018-06-11,63.966243743896484
2018-06-12,63.899085998535156
2018-06-13,63.705997467041016
2018-06-14,63.77318572998047
2018-06-15,63.50455856323242
2018-06-18,63.202335357666016
2018-06-19,62.77423095703125
2018-06-20,62.992469787597656
2018-06-21,62.47200393676758
2018-06-22,62.84498596191406
2018-06-25,61.948509216308594
2018-06-26,62.01616668701172
2018-06-27,61.43263626098633
2018-06-28,61.74553680419922
2018-06-29,62.04999923706055
2018-07-02,61.83010482788086
2018-07-03,61.76245880126953
2018-07-05,62.25296401977539
2018-07-06,62.65046310424805
2018-07-09,63.27631378173828
2018-07-10,63.386226654052734
2018-07-11,62.684288024902344
2018-07-12,63.17481231689453
2018-07-13,63.25090789794922
2018-07-16,63.16635513305664
2018-07-17,63.41160202026367
2018-07-18,63.45390319824219
2018-07-19,63.217098236083984
2018-07-20,63.335514068603516
2018-07-23,63.335514068603516
2018-07-24,63.61457443237305
2018-07-25,64.27421569824219
2018-07-26,64.00360107421875
2018-07-27,63.80910110473633
2018-07-30,63.589210510253906
2018-07-31,63.83445358276367
2018-08-01,63.60612487792969
2018-08-02,63.61457443237305
2018-08-03,63.83445358276367
2018-08-06,63.83445358276367
2018-08-07,64.07970428466797
2018-08-08,64.03744506835938
2018-08-09,63.89365005493164
2018-08-10,63.17481231689453
2018-08-13,62.836517333984375
2018-08-14,63.13251876831055
2018-08-15,62.43056869506836
2018-08-16,62.904170989990234
2018-08-17,63.18326950073242
2018-08-20,63.42853927612305
2018-08-21,63.6822395324707
2018-08-22,63.85137939453125
2018-08-23,63.55540084838867
2018-08-24,64.01206970214844
2018-08-27,64.68862915039062
2018-08-28,64.6379165649414
2018-08-29,64.94234466552734
2018-08-30,64.40107727050781
2018-08-31,64.38414764404297
2018-09-04,63.978233337402344
2018-09-05,63.55540084838867
2018-09-06,63.42006301879883
2018-09-07,63.13251876831055
2018-09-10,63.28474426269531
2018-09-11,63.41160202026367
2018-09-12,63.529991149902344
2018-09-13,63.927467346191406
2018-09-14,63.96976852416992
2018-09-17,63.74143981933594
2018-09-18,64.1896743774414
2018-09-19,64.35034942626953
2018-09-20,64.95081329345703
2018-09-21,64.93388366699219
2018-09-24,64.64636993408203
2018-09-25,64.73091125488281
2018-09-26,64.6221694946289
2018-09-27,64.67314910888672
2018-09-28,64.43519592285156
2018-10-01,64.63914489746094
2018-10-02,64.33323669433594
2018-10-03,64.33323669433594
2018-10-04,63.62798309326172
2018-10-05,63.24559020996094
2018-10-08,63.109622955322266
2018-10-09,62.956668853759766
2018-10-10,61.172245025634766
2018-10-11,60.10157012939453
2018-10-12,60.781375885009766
2018-10-15,60.52644348144531
2018-10-16,61.72456741333008
2018-10-17,61.47816848754883
2018-10-18,60.52644348144531
2018-10-19,60.58592224121094
2018-10-22,60.41596984863281
2018-10-23,59.99961853027344
2018-10-24,58.164180755615234
2018-10-25,59.132877349853516
2018-10-26,58.41061019897461
2018-10-29,58.0112190246582
2018-10-30,58.86094284057617
2018-10-31,59.39629364013672
2018-11-01,60.33101272583008
2018-11-02,60.20354080200195
2018-11-05,60.364986419677734
2018-11-06,60.670894622802734
2018-11-07,61.71608352661133
2018-11-08,61.2232551574707
2018-11-09,60.7388801574707
2018-11-12,59.668216705322266
2018-11-13,59.761680603027344
2018-11-14,59.5577507019043
2018-11-15,60.08458709716797
2018-11-16,60.20354080200195
2018-11-19,59.37931442260742
2018-11-20,58.29163360595703
2018-11-21,58.835479736328125
2018-11-23,58.46158981323242
2018-11-26,59.31133270263672
2018-11-27,59.319820404052734
2018-11-28,60.45845413208008
2018-11-29,60.30551528930664
2018-11-30,60.42449951171875
2018-12-03,61.24870300292969
2018-12-04,59.44727325439453
2018-12-06,59.14137268066406
2018-12-07,58.05371856689453
2018-12-10,57.92626190185547
2018-12-11,57.951744079589844
2018-12-12,58.5805549621582
2018-12-13,58.470096588134766
2018-12-14,57.55238723754883
2018-12-17,56.600677490234375
2018-12-18,56.67715072631836
2018-12-19,55.946380615234375
2018-12-20,55.3515739440918
2018-12-21,54.39137649536133
2018-12-24,53.371551513671875
2018-12-26,55.358116149902344
2018-12-27,55.66636276245117
2018-12-28,55.72629928588867
2018-12-31,56.051700592041016
2019-01-02,55.983192443847656
2019-01-03,55.10979080200195
2019-01-04,56.89939498901367
2019-01-07,57.25046157836914
2019-01-08,57.712867736816406
2019-01-09,58.252315521240234
2019-01-10,58.51774978637695
2019-01-11,58.29513931274414
2019-01-14,57.97831344604492
2019-01-15,58.500633239746094
2019-01-16,58.69756317138672
2019-01-17,59.03151321411133
2019-01-18,59.67372131347656
2019-01-22,58.82601547241211
2019-01-23,58.96302032470703
2019-01-24,59.14282989501953
2019-01-25,59.74223327636719
2019-01-28,59.35691452026367
2019-01-29,59.391143798828125
2019-01-30,60.23029708862305
2019-01-31,60.5300178527832
2019-02-01,60.5385627746582
2019-02-04,60.85537338256836
2019-02-05,61.27495574951172
2019-02-06,61.01807403564453
2019-02-07,60.427249908447266
2019-02-08,60.31593704223633
2019-02-11,60.31593704223633
2019-02-12,61.052330017089844
2019-02-13,61.07801818847656
2019-02-14,61.06944274902344
2019-02-15,61.737342834472656
2019-02-19,61.8914680480957
2019-02-20,62.12266540527344
2019-02-21,61.8914680480957
2019-02-22,62.28536605834961
2019-02-25,62.44804763793945
2019-02-26,62.51654815673828
2019-02-27,62.439491271972656
2019-02-28,62.233978271484375
2019-03-01,62.55083084106445
2019-03-04,62.36241912841797
2019-03-05,62.44804763793945
2019-03-06,62.071285247802734
2019-03-07,61.41196060180664
2019-03-08,61.24928283691406
2019-03-11,62.071285247802734
2019-03-12,62.22542953491211
2019-03-13,62.585044860839844
2019-03-14,62.50801467895508
2019-03-15,62.99605941772461
2019-03-18,63.27861785888672
2019-03-19,63.287200927734375
2019-03-20,63.1844482421875
2019-03-21,63.561214447021484
2019-03-22,62.26823806762695
2019-03-25,62.251914978027344
2019-03-26,62.62152099609375
2019-03-27,62.38945007324219
2019-03-28,62.56134796142578
2019-03-29,62.8965950012207
2019-04-01,63.704627990722656
2019-04-02,63.696022033691406
2019-04-03,63.96249771118164
2019-04-04,64.0484619140625
2019-04-05,64.30634307861328
2019-04-08,64.3836898803711
2019-04-09,64.03987884521484
2019-04-10,64.30634307861328
2019-04-11,64.194580078125
2019-04-12,64.6501693725586
2019-04-15,64.54701232910156
2019-04-16,64.69316101074219
2019-04-17,64.61578369140625
2019-04-18,64.66736602783203
2019-04-22,64.6072006225586
2019-04-23,65.01982116699219
2019-04-24,64.66736602783203
2019-04-25,64.6243896484375
2019-04-26,64.93384552001953
2019-04-29,65.01982116699219
2019-04-30,65.0799560546875
2019-05-01,64.65876007080078
2019-05-02,64.5642318725586
2019-05-03,65.18311309814453
2019-05-06,64.72754669189453
2019-05-07,63.653038024902344
2019-05-08,63.644439697265625
2019-05-09,63.274803161621094
2019-05-10,63.58428192138672
2019-05-13,61.98541259765625
2019-05-14,62.6301383972168
2019-05-15,62.92238998413086
2019-05-16,63.386566162109375
2019-05-17,62.8794059753418
2019-05-20,62.526973724365234
2019-05-21,63.07709884643555
2019-05-22,62.79345703125
2019-05-23,62.088565826416016
2019-05-24,62.37226486206055
2019-05-28,61.88227081298828
2019-05-29,61.57281494140625
2019-05-30,61.7877197265625
2019-05-31,61.19459915161133
2019-06-03,61.289154052734375
2019-06-04,62.33786392211914
2019-06-05,62.55274963378906
2019-06-06,62.845008850097656
2019-06-07,63.481136322021484
2019-06-10,63.747596740722656
2019-06-11,63.92811965942383
2019-06-12,63.61866760253906
2019-06-13,63.79917526245117
2019-06-14,63.49831008911133
2019-06-17,63.58578109741211
2019-06-18,64.36524200439453
2019-06-19,64.66836547851562
2019-06-20,65.30057525634766
2019-06-21,65.06672668457031
2019-06-24,65.04076385498047
2019-06-25,64.47783660888672
2019-06-26,64.51245880126953
2019-06-27,64.79828643798828
2019-06-28,65.09274291992188
2019-07-01,65.65564727783203
2019-07-02,65.75092315673828
2019-07-03,66.17530822753906
2019-07-05,65.91548919677734
2019-07-08,65.60369110107422
2019-07-09,65.49974822998047
2019-07-10,65.8202133178711
2019-07-11,65.8548583984375
2019-07-12,66.08001708984375
2019-07-15,66.09735107421875
2019-07-16,65.8721694946289
2019-07-17,65.56038665771484
2019-07-18,65.8288803100586
2019-07-19,65.56903839111328
2019-07-22,65.63833618164062
2019-07-23,66.06269073486328
2019-07-24,66.27921295166016
2019-07-25,65.80289459228516
2019-07-26,66.1319808959961
2019-07-29,66.07136535644531
2019-07-30,65.6902847290039
2019-07-31,65.09274291992188
2019-08-01,64.57308197021484
2019-08-02,63.97550582885742
2019-08-05,62.19143295288086
2019-08-06,62.8842658996582
2019-08-07,63.066162109375
2019-08-08,64.04476928710938
2019-08-09,63.551124572753906
2019-08-12,62.8842658996582
2019-08-13,63.68106460571289
2019-08-14,61.81901550292969
2019-08-15,62.04420852661133
2019-08-16,62.90160369873047
2019-08-19,63.438568115234375
2019-08-20,63.092132568359375
2019-08-21,63.620445251464844
2019-08-22,63.490535736083984
2019-08-23,62.182777404785156
2019-08-26,62.78901672363281
2019-08-27,62.58981704711914
2019-08-28,62.9102783203125
2019-08-29,63.611751556396484
2019-08-30,63.724365234375
2019-09-03,63.38658142089844
2019-09-04,64.16605377197266
2019-09-05,64.89352416992188
2019-09-06,65.00611114501953
2019-09-09,65.05809783935547
2019-09-10,65.08405303955078
2019-09-11,65.5430679321289
2019-09-12,65.83753967285156
2019-09-13,65.96744537353516
2019-09-16,65.72494506835938
2019-09-17,65.8548583984375
2019-09-18,65.80289459228516
2019-09-19,65.84618377685547
2019-09-20,65.62968444824219
2019-09-23,65.61236572265625
2019-09-24,65.18119049072266
2019-09-25,65.3205337524414
2019-09-26,65.34667205810547
2019-09-27,64.93728637695312
2019-09-30,65.17249298095703
2019-10-01,64.47563171386719
2019-10-02,63.41294860839844
2019-10-03,63.90074157714844
2019-10-04,64.58015441894531
2019-10-07,64.37110137939453
2019-10-08,63.52616882324219
2019-10-09,64.05753326416016
2019-10-10,64.50176239013672
2019-10-11,65.36412048339844
2019-10-14,65.19860076904297
2019-10-15,65.87804412841797
2019-10-16,65.84317779541016
2019-10-17,66.0261001586914
2019-10-18,65.82577514648438
2019-10-21,66.28742980957031
2019-10-22,66.1045150756836
2019-10-23,66.29613494873047
2019-10-24,66.43549346923828
2019-10-25,66.6881103515625
2019-10-28,67.04524993896484
2019-10-29,66.98426818847656
2019-10-30,67.19331359863281
2019-10-31,66.99299621582031
2019-11-01,67.65498352050781
2019-11-04,67.977294921875
2019-11-05,67.98597717285156
2019-11-06,67.977294921875
2019-11-07,68.19506072998047
2019-11-08,68.247314453125
2019-11-11,68.07308197021484
2019-11-12,68.12535095214844
2019-11-13,68.00343322753906
2019-11-14,68.02082061767578
2019-11-15,68.49990844726562
2019-11-18,68.52603912353516
2019-11-19,68.54346466064453
2019-11-20,68.20376586914062
2019-11-21,68.12535095214844
2019-11-22,68.2734146118164
2019-11-25,68.79605865478516
2019-11-26,68.85702514648438
2019-11-27,69.13578033447266
2019-11-29,68.7089614868164
2019-12-02,68.22119140625
2019-12-03,67.86405181884766
2019-12-04,68.37796020507812
2019-12-05,68.43895721435547
2019-12-06,69.0486831665039
2019-12-09,68.8134994506836
2019-12-10,68.75251770019531
2019-12-11,69.0486831665039
2019-12-12,69.68453979492188
2019-12-13,69.80650329589844
2019-12-16,70.39881134033203
2019-12-17,70.3726806640625
2019-12-18,70.39881134033203
2019-12-19,70.58172607421875
2019-12-20,70.7907943725586
2019-12-23,70.8882064819336
2019-12-24,70.86187744140625
2019-12-26,71.18660736083984
2019-12-27,71.27436065673828
2019-12-30,70.85309600830078
2019-12-31,71.08129119873047
2020-01-02,71.80097961425781
2020-01-03,71.1514892578125
2020-01-06,71.41481018066406
2020-01-07,71.19540405273438
2020-01-08,71.4850082397461
2020-01-09,71.83606719970703
2020-01-10,71.6868896484375
2020-01-13,72.1959228515625
2020-01-14,72.16958618164062
2020-01-15,72.17835235595703
2020-01-16,72.6961669921875
2020-01-17,72.91559600830078
2020-01-21,72.4504623413086
2020-01-22,72.54696655273438
2020-01-23,72.46797943115234
2020-01-24,71.89752197265625
2020-01-27,70.56349182128906
2020-01-28,71.25682830810547
2020-01-29,71.18660736083984
2020-01-30,71.18660736083984
2020-01-31,69.97544860839844
2020-02-03,70.36161804199219
2020-02-04,71.5201187133789
2020-02-05,72.16958618164062
2020-02-06,72.39779663085938
2020-02-07,71.80976104736328
2020-02-10,72.1871109008789
2020-02-11,72.54696655273438
2020-02-12,72.99459838867188
2020-02-13,72.73130798339844
2020-02-14,72.78397369384766
2020-02-18,72.46797943115234
2020-02-19,72.85416412353516
2020-02-20,72.4504623413086
2020-02-21,71.8624267578125
2020-02-24,69.39619445800781
2020-02-25,67.7462158203125
2020-02-26,67.63212585449219
2020-02-27,65.13079833984375
2020-02-28,64.92015075683594
2020-03-02,66.7018051147461
2020-03-03,65.41163635253906
2020-03-04,67.59699249267578
2020-03-05,65.66616821289062
2020-03-06,64.50764465332031
2020-03-09,59.41725540161133
2020-03-10,62.11166000366211
2020-03-11,59.03986740112305
2020-03-12,53.00160598754883
2020-03-13,57.223106384277344
2020-03-16,50.56172180175781
2020-03-17,53.466758728027344
2020-03-18,50.06145477294922
2020-03-19,50.55295181274414
2020-03-20,49.17502212524414
2020-03-23,48.00399398803711
2020-03-24,52.39202880859375
2020-03-25,53.590370178222656
2020-03-26,56.30425262451172
2020-03-27,54.42743682861328
2020-03-30,55.872501373291016
2020-03-31,55.33501052856445
2020-04-01,52.89427185058594
2020-04-02,53.97807312011719
2020-04-03,53.03525161743164
2020-04-06,56.286624908447266
2020-04-07,56.498104095458984
2020-04-08,57.85504913330078
2020-04-09,58.930023193359375
2020-04-13,58.401344299316406
2020-04-14,59.80235290527344
2020-04-15,58.242733001708984
2020-04-16,58.471832275390625
2020-04-17,60.013816833496094
2020-04-20,59.11503982543945
2020-04-21,57.44091796875
2020-04-22,58.70092010498047
2020-04-23,58.6568717956543
2020-04-24,59.30010223388672
2020-04-27,60.30459213256836
2020-04-28,60.30459213256836
2020-04-29,62.022789001464844
2020-04-30,61.071163177490234
2020-05-01,59.485145568847656
2020-05-04,59.66134262084961
2020-05-05,60.08430099487305
2020-05-06,59.73186492919922
2020-05-07,60.5424919128418
2020-05-08,61.6086540222168
2020-05-11,61.59983444213867
2020-05-12,60.5424919128418
2020-05-13,59.69660568237305
2020-05-14,59.969757080078125
2020-05-15,60.08430099487305
2020-05-18,62.199012756347656
2020-05-19,61.57340621948242
2020-05-20,62.63957595825195
2020-05-21,62.102088928222656
2020-05-22,62.0404167175293
2020-05-26,63.22111892700195
2020-05-27,64.07582092285156
2020-05-28,64.11106872558594
2020-05-29,64.2520523071289
2020-06-01,65.08032989501953
2020-06-02,65.80282592773438
2020-06-03,66.97474670410156
2020-06-04,66.64872741699219
2020-06-05,68.25238037109375
2020-06-08,69.10706329345703
2020-06-09,68.38455963134766
2020-06-10,68.18190002441406
2020-06-11,64.29609680175781
2020-06-12,65.26533508300781
2020-06-15,65.66184997558594
2020-06-16,66.78089141845703
2020-06-17,66.6839828491211
2020-06-18,66.62230682373047
2020-06-19,66.31389617919922
2020-06-22,66.8982162475586
2020-06-23,67.1727066040039
2020-06-24,65.56133270263672
2020-06-25,66.2961654663086
2020-06-26,65.0212631225586
2020-06-29,65.80037689208984
2020-06-30,66.22538757324219
2020-07-01,66.66804504394531
2020-07-02,67.27009582519531
2020-07-06,68.50959014892578
2020-07-07,67.70394897460938
2020-07-08,68.37679290771484
2020-07-09,67.94297790527344
2020-07-10,68.49188995361328
2020-07-13,67.94297790527344
2020-07-14,68.73979949951172
2020-07-15,69.4657974243164
2020-07-16,69.07623291015625
2020-07-17,69.32412719726562
2020-07-20,69.88190460205078
2020-07-21,70.14752197265625
2020-07-22,70.43085479736328
2020-07-23,69.68712615966797
2020-07-24,69.3153076171875
2020-07-27,70.0589828491211
2020-07-28,69.58090209960938
2020-07-29,70.46624755859375
2020-07-30,70.00587463378906
2020-07-31,69.73140716552734
2020-08-03,70.54594421386719
2020-08-04,70.90010070800781
2020-08-05,71.37820434570312
2020-08-06,71.68807220458984
2020-08-07,71.4401626586914
2020-08-10,71.63494110107422
2020-08-11,71.41358947753906
2020-08-12,72.48490905761719
2020-08-13,72.29011535644531
2020-08-14,72.15729522705078
2020-08-17,72.59998321533203
2020-08-18,72.6619644165039
2020-08-19,72.2989730834961
2020-08-20,72.31665802001953
2020-08-21,72.38751220703125
2020-08-24,73.14006042480469
2020-08-25,73.3968276977539
2020-08-26,73.97233581542969
2020-08-27,73.80410766601562
2020-08-28,74.34416198730469
2020-08-31,73.919189453125
2020-09-01,74.47695922851562
2020-09-02,75.31805419921875
2020-09-03,73.06037902832031
2020-09-04,72.78590393066406
2020-09-08,71.10372161865234
2020-09-09,72.40520477294922
2020-09-10,71.38703155517578
2020-09-11,71.67034912109375
2020-09-14,72.57342529296875
2020-09-15,72.99839782714844
2020-09-16,72.87445831298828
2020-09-17,72.48490905761719
2020-09-18,71.8474349975586
2020-09-21,70.8001480102539
2020-09-22,71.12937927246094
2020-09-23,69.75911712646484
2020-09-24,69.79472351074219
2020-09-25,70.55990600585938
2020-09-28,71.67216491699219
2020-09-29,71.41412353515625
2020-09-30,71.7522201538086
2020-10-01,72.33060455322266
2020-10-02,71.86788940429688
2020-10-05,73.05131530761719
2020-10-06,72.30390167236328
2020-10-07,73.32713317871094
2020-10-08,73.93220520019531
2020-10-09,74.49278259277344
2020-10-12,75.31136322021484
2020-10-13,74.82198333740234
2020-10-14,74.49278259277344
2020-10-15,74.13685607910156
2020-10-16,74.17245483398438
2020-10-19,73.46949768066406
2020-10-20,73.8165283203125
2020-10-21,73.62968444824219
2020-10-22,73.91439819335938
2020-10-23,74.25251007080078
2020-10-26,72.93563079833984
2020-10-27,72.62422180175781
2020-10-28,70.3730697631836
2020-10-29,70.98699951171875
2020-10-30,70.28407287597656
2020-11-02,71.15605926513672
2020-11-03,72.49964141845703
2020-11-04,73.86101531982422
2020-11-05,75.42704010009766
2020-11-06,75.51600646972656
2020-11-09,76.72613525390625
2020-11-10,76.7795181274414
2020-11-11,77.2688980102539
2020-11-12,76.45027923583984
2020-11-13,77.52693176269531
2020-11-16,78.51458740234375
2020-11-17,78.35443115234375
2020-11-18,77.67818450927734
2020-11-19,78.15866088867188
2020-11-20,78.03409576416016
2020-11-23,78.41673278808594
2020-11-24,79.60903930664062
2020-11-25,79.48445129394531
2020-11-27,79.8759536743164
2020-11-30,78.97728729248047
2020-12-01,80.15178680419922
2020-12-02,80.20518493652344
2020-12-03,80.47211456298828
2020-12-04,81.24624633789062
2020-12-07,80.98816680908203
2020-12-08,81.24624633789062
2020-12-09,80.74795532226562
2020-12-10,80.97930145263672
2020-12-11,80.76573181152344
2020-12-14,80.58777618408203
2020-12-15,81.62882995605469
2020-12-16,81.8245849609375
2020-12-17,82.34956359863281
2020-12-18,82.09151458740234
2020-12-21,81.50251007080078
2020-12-22,81.42196655273438
2020-12-23,81.79790496826172
2020-12-24,81.98590850830078
2020-12-28,82.3618392944336
2020-12-29,82.52297973632812
2020-12-30,82.8094253540039
2020-12-31,82.8720932006836
2021-01-04,82.39767456054688
2021-01-05,83.30175018310547
2021-01-06,83.89256286621094
2021-01-07,84.74292755126953
2021-01-08,85.51274108886719
2021-01-11,84.74292755126953
2021-01-12,85.06517791748047
2021-01-13,85.13678741455078
2021-01-14,85.28002166748047
2021-01-15,84.39384460449219
2021-01-19,85.1278305053711
2021-01-20,86.15726470947266
2021-01-21,86.18411254882812
2021-01-22,85.78129577636719
2021-01-25,85.9692611694336
2021-01-26,85.71863555908203
2021-01-27,83.65982055664062
2021-01-28,84.34011840820312
2021-01-29,82.6841049194336
2021-02-01,84.09842681884766
2021-02-02,85.26210021972656
2021-02-03,85.3963851928711
2021-02-04,85.98717498779297
2021-02-05,86.51531219482422
2021-02-08,87.11504364013672
2021-02-09,87.38360595703125
2021-02-10,87.37464141845703
2021-02-11,87.82219696044922
2021-02-12,88.242919921875
2021-02-16,88.35929107666016
2021-02-17,88.0728530883789
2021-02-18,87.59844207763672
2021-02-19,87.82219696044922
2021-02-22,86.8823013305664
2021-02-23,87.04342651367188
2021-02-24,87.59844207763672
2021-02-25,85.6022720336914
2021-02-26,84.89510345458984
2021-03-01,86.90917205810547
2021-03-02,86.3452377319336
2021-03-03,85.43218994140625
2021-03-04,84.18795776367188
2021-03-05,85.34266662597656
2021-03-08,84.7339859008789
2021-03-09,86.04984283447266
2021-03-10,86.45264434814453
2021-03-11,87.56262969970703
2021-03-12,87.57158660888672
2021-03-15,87.93859100341797
2021-03-16,87.86697387695312
2021-03-17,88.242919921875
2021-03-18,86.95393371582031
2021-03-19,87.04342651367188
2021-03-22,87.43203735351562
2021-03-23,86.34609985351562
2021-03-24,85.655029296875
2021-03-25,86.14866638183594
2021-03-26,87.4948501586914
2021-03-29,87.16280364990234
2021-03-30,87.14485168457031
2021-03-31,87.31536865234375
2021-04-01,88.4641342163086
2021-04-05,89.478271484375
2021-04-06,89.28980255126953
2021-04-07,89.15518951416016
2021-04-08,89.72062683105469
2021-04-09,90.05267333984375
2021-04-12,89.86419677734375
2021-04-13,90.20523071289062
2021-04-14,90.16935729980469
2021-04-15,91.0398941040039
2021-04-16,91.389892578125
2021-04-19,90.97708892822266
2021-04-20,89.9539566040039
2021-04-21,90.86936950683594
2021-04-22,90.29498291015625
2021-04-23,91.34503936767578
2021-04-26,91.61427307128906
2021-04-27,91.51557159423828
2021-04-28,91.68608856201172
2021-04-29,91.89249420166016
2021-04-30,90.9232177734375
2021-05-03,91.34503936767578
2021-05-04,90.45653533935547
2021-05-05,90.86039733886719
2021-05-06,91.46170806884766
2021-05-07,92.32329559326172
2021-05-10,91.389892578125
2021-05-11,90.59115600585938
2021-05-12,88.6346664428711
2021-05-13,89.46034240722656
2021-05-14,90.9052505493164
2021-05-17,90.72576904296875
2021-05-18,90.56424713134766
2021-05-19,90.08857727050781
2021-05-20,91.12067413330078
2021-05-21,90.99501037597656
2021-05-24,91.72197723388672
2021-05-25,91.73992156982422
2021-05-26,91.96429443359375
2021-05-27,92.09892272949219
2021-05-28,92.35919189453125
2021-06-01,92.7092056274414
2021-06-02,92.84381866455078
2021-06-03,92.3322525024414
2021-06-04,93.2117691040039
2021-06-07,93.27460479736328
2021-06-08,93.24768829345703
2021-06-09,93.00537109375
2021-06-10,93.46308898925781
2021-06-11,93.63360595703125
2021-06-14,93.79512786865234
2021-06-15,93.606689453125
2021-06-16,92.99639129638672
2021-06-17,92.75405883789062
2021-06-18,91.38094329833984
2021-06-21,92.63916015625
2021-06-22,92.87366485595703
2021-06-23,92.7383804321289
2021-06-24,93.41483306884766
2021-06-25,93.78465270996094
2021-06-28,93.68543243408203
2021-06-29,93.70346069335938
2021-06-30,93.45092010498047
2021-07-01,93.79366302490234
2021-07-02,94.19052124023438
2021-07-06,93.71247100830078
2021-07-07,93.94697570800781
2021-07-08,92.87366485595703
2021-07-09,94.24461364746094
2021-07-12,94.47012329101562
2021-07-13,94.02816009521484
2021-07-14,94.10031127929688
2021-07-15,93.69444274902344
2021-07-16,92.97288513183594
2021-07-19,91.56584167480469
2021-07-20,92.66622161865234
2021-07-21,93.6132583618164
2021-07-22,93.71247100830078
2021-07-23,94.3258056640625
2021-07-26,94.21756744384766
2021-07-27,93.60425567626953
2021-07-28,94.10031127929688
2021-07-29,94.56031036376953
2021-07-30,94.02816009521484
2021-08-02,94.10031127929688
2021-08-03,94.79483032226562
2021-08-04,94.48815155029297
2021-08-05,94.95714569091797
2021-08-06,94.87599182128906
2021-08-09,94.83090209960938
2021-08-10,94.9030532836914
2021-08-11,95.28185272216797
2021-08-12,95.28185272216797
2021-08-13,95.49832916259766
2021-08-16,95.28185272216797
2021-08-17,94.38894653320312
2021-08-18,93.75758361816406
2021-08-19,93.2705307006836
2021-08-20,93.83876037597656
2021-08-23,94.8218765258789
2021-08-24,95.33597564697266
2021-08-25,95.50736236572266
2021-08-26,94.87599182128906
2021-08-27,95.88616180419922
2021-08-30,96.11165618896484
2021-08-31,96.1567611694336
2021-09-01,96.6257553100586
2021-09-02,96.92341613769531
2021-09-03,97.09478759765625
2021-09-07,96.83322143554688
2021-09-08,96.3461685180664
2021-09-09,96.09361267089844
2021-09-10,95.6065673828125
2021-09-13,95.94931030273438
2021-09-14,95.3810806274414
2021-09-15,95.95832824707031
2021-09-16,95.74185943603516
2021-09-17,94.79483032226562
2021-09-20,93.08525085449219
2021-09-21,93.37499237060547
2021-09-22,94.2714614868164
2021-09-23,95.33086395263672
2021-09-24,94.98678588867188
2021-09-27,94.92339324951172
2021-09-28,92.94940185546875
2021-09-29,92.84075927734375
2021-09-30,92.20690155029297
2021-10-01,92.94940185546875
2021-10-04,91.86280822753906
2021-10-05,92.57816314697266
2021-10-06,92.57816314697266
2021-10-07,93.49272918701172
2021-10-08,93.40217590332031
2021-10-11,92.9131851196289
2021-10-12,92.84075927734375
2021-10-13,93.50175476074219
2021-10-14,94.79663848876953
2021-10-15,95.46670532226562
2021-10-18,95.55723571777344
2021-10-19,96.24542999267578
2021-10-20,96.59857177734375
2021-10-21,96.55329132080078
2021-10-22,96.60762786865234
2021-10-25,96.9245376586914
2021-10-26,96.8792724609375
2021-10-27,96.3088150024414
2021-10-28,97.1781005859375
2021-10-29,96.95171356201172
2021-11-01,97.54933166503906
2021-11-02,97.56745910644531
2021-11-03,98.21941375732422
2021-11-04,98.38238525390625
2021-11-05,98.6993179321289
2021-11-08,98.90760803222656
2021-11-09,98.63594818115234
2021-11-10,97.68516540527344
2021-11-11,97.99304962158203
2021-11-12,98.64501953125
2021-11-15,98.5906753540039
2021-11-16,98.76271057128906
2021-11-17,98.4005126953125
2021-11-18,98.43672943115234
2021-11-19,97.99304962158203
2021-11-22,97.43162536621094
2021-11-23,97.41351318359375
2021-11-24,97.46786499023438
2021-11-26,95.01395416259766
2021-11-29,95.8560562133789
2021-11-30,94.41632843017578
2021-12-01,93.42024230957031
2021-12-02,94.86001586914062
2021-12-03,93.98168182373047
2021-12-06,95.01395416259766
2021-12-07,96.97886657714844
2021-12-08,97.34109497070312
2021-12-09,96.47179412841797
2021-12-10,96.96076965332031
2021-12-13,95.98282623291016
2021-12-14,95.38520812988281
2021-12-15,96.58952331542969
2021-12-16,96.04620361328125
2021-12-17,95.16787719726562
2021-12-20,94.29661560058594
2021-12-21,95.8931655883789
2021-12-22,96.77812194824219
2021-12-23,97.39848327636719
2021-12-27,98.42938995361328
2021-12-28,98.3199234008789
2021-12-29,98.35641479492188
2021-12-30,98.27430725097656
2021-12-31,98.00972747802734
2022-01-03,98.57535552978516
2022-01-04,98.61186218261719
2022-01-05,96.9332046508789
2022-01-06,96.84196472167969
2022-01-07,96.70512390136719
2022-01-10,96.38580322265625
2022-01-11,97.49885559082031
2022-01-12,98.0370864868164
2022-01-13,96.82371520996094
2022-01-14,96.8145980834961
2022-01-18,95.1541976928711
2022-01-19,94.61592102050781
2022-01-20,93.84046173095703
2022-01-21,92.24391174316406
2022-01-24,92.12531280517578
2022-01-25,91.21299743652344
2022-01-26,90.8024673461914
2022-01-27,90.11822509765625
2022-01-28,91.60529327392578
2022-01-31,93.52117156982422
2022-02-01,94.26013946533203
2022-02-02,94.81664276123047
2022-02-03,92.9828872680664
2022-02-04,93.3934326171875
2022-02-07,93.2839584350586
2022-02-08,93.99553680419922
2022-02-09,95.52823638916016
2022-02-10,94.15064239501953
2022-02-11,92.51760864257812
2022-02-14,92.05233001708984
2022-02-15,93.66712188720703
2022-02-16,93.949951171875
2022-02-17,92.13443756103516
2022-02-18,91.48670196533203
2022-02-22,90.40106964111328
2022-02-23,89.14204406738281
2022-02-24,89.51610565185547
2022-02-25,91.49581146240234
2022-02-28,90.93018341064453
2022-03-01,89.41574096679688
2022-03-02,90.74772644042969
2022-03-03,89.7989273071289
2022-03-04,88.48518371582031
2022-03-07,85.6661376953125
2022-03-08,85.57491302490234
2022-03-09,88.15675354003906
2022-03-10,87.47251892089844
2022-03-11,86.35948944091797
2022-03-14,85.82124328613281
2022-03-15,87.18058776855469
2022-03-16,89.94490051269531
2022-03-17,90.88455963134766
2022-03-18,91.85161590576172
2022-03-21,91.62023162841797
2022-03-22,92.66290283203125
2022-03-23,91.52875518798828
2022-03-24,92.56230926513672
2022-03-25,92.77267456054688
2022-03-28,93.07449340820312
2022-03-29,94.58367156982422
2022-03-30,94.06231689453125
2022-03-31,92.6446304321289
2022-04-01,93.2391357421875
2022-04-04,93.998291015625
2022-04-05,92.6446304321289
2022-04-06,91.61106872558594
2022-04-07,91.8214340209961
2022-04-08,91.60192108154297
2022-04-11,90.32141876220703
2022-04-12,89.94640350341797
2022-04-13,91.05313873291016
2022-04-14,90.1842269897461
2022-04-18,89.92813873291016
2022-04-19,90.95252227783203
2022-04-20,91.02569580078125
2022-04-21,89.63542938232422
2022-04-22,87.60492706298828
2022-04-25,87.70551300048828
2022-04-26,85.30915832519531
2022-04-27,85.62926483154297
2022-04-28,87.4036865234375
2022-04-29,85.14451599121094
2022-05-02,85.41891479492188
2022-05-03,85.87622833251953
2022-05-04,87.93418884277344
2022-05-05,84.93414306640625
2022-05-06,84.0926742553711
2022-05-09,81.30299377441406
2022-05-10,81.58654022216797
2022-05-11,80.5438461303711
2022-05-12,80.42494201660156
2022-05-13,82.64752197265625
2022-05-16,82.38227844238281
2022-05-17,84.0835189819336
2022-05-18,81.28471374511719
2022-05-19,81.49507141113281
2022-05-20,81.72373962402344
2022-05-23,83.00422668457031
2022-05-24,82.29996490478516
2022-05-25,82.88534545898438
2022-05-26,84.28475189208984
2022-05-27,85.98599243164062
2022-05-31,85.56526947021484
2022-06-01,84.92500305175781
2022-06-02,86.64454650878906
2022-06-03,85.25425720214844
2022-06-06,85.58354949951172
2022-06-07,86.21465301513672
2022-06-08,85.36402130126953
2022-06-09,83.43412780761719
2022-06-10,81.24812316894531
2022-06-13,78.22064208984375
2022-06-14,77.97367858886719
2022-06-15,79.20845031738281
2022-06-16,76.72061157226562
2022-06-17,76.80293273925781
2022-06-21,78.4132080078125
2022-06-22,77.97100830078125
2022-06-23,78.44084167480469
2022-06-24,80.79914093017578
2022-06-27,80.5964584350586
2022-06-28,79.45414733886719
2022-06-29,79.21466064453125
2022-06-30,78.61585998535156
2022-07-01,79.10411071777344
2022-07-05,78.68955993652344
2022-07-06,78.7356185913086
2022-07-07,79.98846435546875
2022-07-08,79.96083068847656
2022-07-11,78.77246856689453
2022-07-12,78.32107543945312
2022-07-13,78.04470825195312
2022-07-14,77.44593048095703
2022-07-15,78.74483489990234
2022-07-18,78.60665893554688
2022-07-19,80.61488342285156
2022-07-20,80.88204956054688
2022-07-21,81.73876953125
2022-07-22,81.03862762451172
2022-07-25,81.3426284790039
2022-07-26,80.35694885253906
2022-07-27,82.30070495605469
2022-07-28,83.1021499633789
2022-07-29,84.10625457763672
2022-08-01,83.90360260009766
2022-08-02,83.24954986572266
2022-08-03,84.23523712158203
2022-08-04,84.37340545654297
2022-08-05,84.17996215820312
2022-08-08,84.29972076416016
2022-08-09,83.84832000732422
2022-08-10,85.6999740600586
2022-08-11,85.7552261352539
2022-08-12,86.91594696044922
2022-08-15,86.93437957763672
2022-08-16,87.03570556640625
2022-08-17,86.34481811523438
2022-08-18,86.35400390625
2022-08-19,85.14722442626953
2022-08-22,83.57196807861328
2022-08-23,83.53511047363281
2022-08-24,83.81148529052734
2022-08-25,85.02747344970703
2022-08-26,82.50335693359375
2022-08-29,82.05195617675781
2022-08-30,81.22286987304688
2022-08-31,80.69779968261719
2022-09-01,80.40299987792969
2022-09-02,79.7213134765625
2022-09-06,79.33441925048828
2022-09-07,80.48590850830078
2022-09-08,80.86361694335938
2022-09-09,82.40203094482422
2022-09-12,83.37850952148438
2022-09-13,80.10823059082031
2022-09-14,80.43984985351562
2022-09-15,79.6199722290039
2022-09-16,78.95671844482422
2022-09-19,79.4407730102539
2022-09-20,78.40416717529297
2022-09-21,77.16392517089844
2022-09-22,76.56229400634766
2022-09-23,74.81299591064453
2022-09-26,73.91519927978516
2022-09-27,73.66529083251953
2022-09-28,75.20170593261719
2022-09-29,73.78559875488281
2022-09-30,73.00814056396484
2022-10-03,74.81299591064453
2022-10-04,77.34902954101562
2022-10-05,76.9787826538086
2022-10-06,76.11801147460938
2022-10-07,74.27615356445312
2022-10-10,73.64677429199219
2022-10-11,72.99889373779297
2022-10-12,72.81377410888672
2022-10-13,74.37798309326172
2022-10-14,72.82303619384766
2022-10-17,74.73894500732422
2022-10-18,75.46086883544922
2022-10-19,74.6648941040039
2022-10-20,74.31317138671875
2022-10-21,75.8588638305664
2022-10-24,76.00695037841797
2022-10-25,77.404541015625
2022-10-26,77.42305755615234
2022-10-27,76.988037109375
2022-10-28,78.21905517578125
2022-10-31,77.66371154785156
2022-11-01,77.8210678100586
2022-11-02,76.18282318115234
2022-11-03,75.59971618652344
2022-11-04,77.36751556396484
2022-11-07,77.8765869140625
2022-11-08,78.43193054199219
2022-11-09,76.92325592041016
2022-11-10,81.08829498291016
2022-11-11,82.27298736572266
2022-11-14,81.47699737548828
2022-11-15,82.30077362060547
2022-11-16,81.60658264160156
2022-11-17,81.41222381591797
2022-11-18,81.60658264160156
2022-11-21,81.12530517578125
2022-11-22,82.17118835449219
2022-11-23,82.80056762695312
2022-11-25,82.89311218261719
2022-11-28,81.69913482666016
2022-11-29,81.86576080322266
2022-11-30,84.09635162353516
2022-12-01,84.29071807861328
2022-12-02,84.24443054199219
2022-12-05,82.79129791259766
2022-12-06,81.91204071044922
2022-12-07,81.773193359375
2022-12-08,82.39331817626953
2022-12-09,81.9675521850586
2022-12-12,82.72653198242188
2022-12-13,83.49474334716797
2022-12-14,83.15226745605469
2022-12-15,81.0975341796875
2022-12-16,80.33856964111328
2022-12-19,79.85185241699219
2022-12-20,80.03833770751953
2022-12-21,81.08263397216797
2022-12-22,80.1036148071289
2022-12-23,80.47657012939453
2022-12-27,80.46724700927734
2022-12-28,79.46023559570312
2022-12-29,80.83087921142578
2022-12-30,80.36466979980469
2023-01-03,80.41130828857422
2023-01-04,81.39966583251953
2023-01-05,80.56048583984375
2023-01-06,82.40666198730469
2023-01-09,82.60247039794922
2023-01-10,83.0500259399414
2023-01-11,83.88919830322266
2023-01-12,84.4859390258789
2023-01-13,84.92418670654297
2023-01-17,84.9055404663086
2023-01-18,83.99176788330078
2023-01-19,83.61880493164062
2023-01-20,84.91484832763672
2023-01-23,85.71672821044922
2023-01-24,85.63279724121094
2023-01-25,85.79131317138672
2023-01-26,86.51860809326172
2023-01-27,86.57454681396484
2023-01-30,85.52091979980469
2023-01-31,86.50927734375
2023-02-01,87.45100402832031
2023-02-02,88.15965270996094
2023-02-03,87.18061828613281
2023-02-06,86.39740753173828
2023-02-07,87.32048034667969
2023-02-08,86.6025161743164
2023-02-09,86.17361450195312
2023-02-10,86.01510620117188
2023-02-13,86.96617889404297
2023-02-14,87.0221176147461
2023-02-15,87.0687255859375
2023-02-16,86.2388687133789
2023-02-17,86.04307556152344
2023-02-21,84.5885238647461
2023-02-22,84.30877685546875
2023-02-23,84.75636291503906
2023-02-24,83.65611267089844
2023-02-27,84.122314453125
2023-02-28,83.75865936279297
2023-03-01,83.92649841308594
2023-03-02,84.36474609375
2023-03-03,85.5768814086914
2023-03-06,85.44632720947266
2023-03-07,84.14093780517578
2023-03-08,84.36474609375
2023-03-09,82.9754409790039
2023-03-10,81.82857513427734
2023-03-13,81.5675048828125
2023-03-14,82.64909362792969
2023-03-15,81.38101196289062
2023-03-16,82.73301696777344
2023-03-17,81.75398254394531
2023-03-20,82.63796997070312
2023-03-21,83.72309112548828
2023-03-22,82.75959777832031
2023-03-23,82.95602416992188
2023-03-24,83.16182708740234
2023-03-27,83.4798812866211
2023-03-28,83.56407928466797
2023-03-29,84.59308624267578
2023-03-30,85.24788665771484
2023-03-31,86.14593505859375
2023-04-03,86.54817962646484
2023-04-04,86.18335723876953
2023-04-05,85.76240539550781
2023-04-06,86.04303741455078
2023-04-10,86.14593505859375
2023-04-11,86.35172271728516
2023-04-12,86.23011779785156
2023-04-13,87.36203002929688
2023-04-14,87.09072875976562
2023-04-17,87.29654693603516
2023-04-18,87.44622039794922
2023-04-19,87.24040985107422
2023-04-20,86.92236328125
2023-04-21,86.9504165649414
2023-04-24,87.04397583007812
2023-04-25,85.62207794189453
2023-04-26,85.43498992919922
2023-04-27,86.85688018798828
2023-04-28,87.37137603759766
2023-05-01,87.26847076416016
2023-05-02,86.2862548828125
2023-05-03,85.98690032958984
2023-05-04,85.68757629394531
2023-05-05,87.1468734741211
2023-05-08,87.19364929199219
2023-05-09,86.83817291259766
2023-05-10,87.01589965820312
2023-05-11,86.81011199951172
2023-05-12,86.56687927246094
2023-05-15,87.15621948242188
2023-05-16,86.40784454345703
2023-05-17,87.2217025756836
2023-05-18,87.68942260742188
2023-05-19,87.69877624511719
2023-05-22,87.83911895751953
2023-05-23,86.73527526855469
2023-05-24,85.95884704589844
2023-05-25,86.22075653076172
2023-05-26,87.26847076416016
2023-05-30,86.95977783203125
2023-05-31,86.31429290771484
2023-06-01,87.39007568359375
2023-06-02,88.75584411621094
2023-06-05,88.45649719238281
2023-06-06,88.98036193847656
2023-06-07,88.59680938720703
2023-06-08,89.13938903808594
2023-06-09,89.24227142333984
2023-06-12,89.84097290039062
2023-06-13,90.54254913330078
2023-06-14,90.68289947509766
2023-06-15,91.73058319091797
2023-06-16,91.46866607666016
2023-06-20,90.56460571289062
2023-06-21,90.2821044921875
2023-06-22,90.24444580078125
2023-06-23,89.2556381225586
2023-06-26,89.19914245605469
2023-06-27,90.11260223388672
2023-06-28,90.15968322753906
2023-06-29,90.32919311523438
2023-06-30,91.3274154663086
2023-07-03,91.61934661865234
2023-07-05,91.10139465332031
2023-07-06,89.98075103759766
2023-07-07,90.21620178222656
2023-07-10,90.49869537353516
2023-07-11,91.28031921386719
2023-07-12,92.34444427490234
2023-07-13,93.4085922241211
2023-07-14,93.069580078125
2023-07-17,93.33325958251953
2023-07-18,93.89830017089844
2023-07-19,93.9830322265625
2023-07-20,93.3426742553711
2023-07-21,93.3803482055664
2023-07-24,93.7193603515625
2023-07-25,94.00188446044922
2023-07-26,94.17138671875
2023-07-27,93.54985809326172
2023-07-28,94.51982116699219
2023-07-31,94.72698974609375
2023-08-01,94.15255737304688
2023-08-02,92.57988739013672
2023-08-03,92.38211822509766
2023-08-04,92.21260833740234
2023-08-07,92.8906478881836
2023-08-08,92.31620788574219
2023-08-09,91.93951416015625
2023-08-10,92.08078002929688
2023-08-11,91.75116729736328
2023-08-14,91.8265151977539
2023-08-15,90.7435302734375
2023-08-16,90.05607604980469
2023-08-17,89.46281433105469
2023-08-18,89.40631866455078
2023-08-21,89.84892272949219
2023-08-22,89.66056823730469
2023-08-23,90.68705749511719
2023-08-24,89.5569839477539
2023-08-25,90.07492065429688
2023-08-28,90.81889343261719
2023-08-29,92.04310607910156
2023-08-30,92.26913452148438
2023-08-31,92.03369903564453
2023-09-01,92.3538818359375
2023-09-05,91.77001190185547
2023-09-06,91.24266052246094
2023-09-07,90.86595153808594
2023-09-08,90.90363311767578
2023-09-11,91.6381607055664
2023-09-12,91.25205993652344
2023-09-13,91.14847564697266
2023-09-14,92.07136535644531
2023-09-15,91.30858612060547
2023-09-18,91.20077514648438
2023-09-19,91.0305404663086
2023-09-20,90.40640258789062
2023-09-21,88.92168426513672
2023-09-22,88.90277862548828
2023-09-25,88.99735260009766
2023-09-26,87.74906921386719
2023-09-27,87.75852966308594
2023-09-28,88.36375427246094
2023-09-29,88.11786651611328
2023-10-02,87.64502716064453
2023-10-03,86.45347595214844
2023-10-04,86.81282806396484
2023-10-05,87.0208969116211
2023-10-06,87.98548126220703
2023-10-09,88.25028228759766
2023-10-10,89.0351791381836
2023-10-11,89.44181823730469
2023-10-12,88.64744567871094
2023-10-13,88.06112670898438
2023-10-16,88.95952606201172
2023-10-17,88.95952606201172
2023-10-18,87.6072006225586
2023-10-19,86.85066223144531
2023-10-20,85.85770416259766
2023-10-23,85.69694519042969
2023-10-24,86.34945678710938
2023-10-25,85.22411346435547
2023-10-26,84.5053939819336
2023-10-27,84.1365966796875
2023-10-30,85.12953186035156
2023-10-31,85.54563903808594
2023-11-01,86.38728332519531
2023-11-02,88.14624786376953
2023-11-03,89.22430419921875
2023-11-06,89.21485900878906
2023-11-07,89.15811157226562
2023-11-08,89.10137176513672
2023-11-09,88.53396606445312
2023-11-10,89.57421875
2023-11-13,89.56475067138672
2023-11-14,91.6357650756836
2023-11-15,91.81546020507812
2023-11-16,91.64522552490234
2023-11-17,92.15589141845703
2023-11-20,92.76112365722656
2023-11-21,92.51525115966797
2023-11-22,92.74222564697266
2023-11-24,92.98809814453125
2023-11-27,92.80841064453125
2023-11-28,92.959716796875
2023-11-29,92.9786376953125
2023-11-30,93.25287628173828
2023-12-01,94.05670928955078
2023-12-04,93.47984313964844
2023-12-05,93.27176666259766
2023-12-06,93.1015625
2023-12-07,93.72571563720703
2023-12-08,93.99049377441406
2023-12-11,94.34039306640625
2023-12-12,94.57682800292969
2023-12-13,95.97640228271484
2023-12-14,96.7235107421875
2023-12-15,96.27903747558594
2023-12-18,96.66127014160156
2023-12-19,97.38565826416016
2023-12-20,96.05122375488281
2023-12-21,97.29035186767578
2023-12-22,97.43331146240234
2023-12-26,97.91944122314453
2023-12-27,98.20539093017578
2023-12-28,98.2721176147461
2023-12-29,98.06240844726562
2024-01-02,97.23316955566406
2024-01-03,96.39435577392578
2024-01-04,96.27999114990234
2024-01-05,96.39435577392578
2024-01-08,97.55723571777344
2024-01-09,97.08065032958984
2024-01-10,97.55723571777344
2024-01-11,97.51909637451172
2024-01-12,97.67162322998047
2024-01-16,96.72798156738281
2024-01-17,95.96544647216797
2024-01-18,96.78516387939453
2024-01-19,97.66207885742188
2024-01-22,97.8908462524414
2024-01-23,98.04335021972656
2024-01-24,98.30071258544922
2024-01-25,98.7296371459961
2024-01-26,98.79634857177734
2024-01-29,99.501708984375
2024-01-30,99.27293395996094
2024-01-31,98.06240844726562
2024-02-01,99.20623016357422
2024-02-02,99.57795715332031
2024-02-05,99.10136413574219
2024-02-06,99.65421295166016
2024-02-07,100.1594009399414
2024-02-08,100.1975326538086
2024-02-09,100.7503662109375
2024-02-12,100.88380432128906
2024-02-13,99.29199981689453
2024-02-14,100.39768981933594
2024-02-15,101.25555419921875
2024-02-16,101.01726531982422
2024-02-20,100.74083709716797
2024-02-21,100.7694320678711
2024-02-22,102.40888214111328
2024-02-23,102.48513793945312
2024-02-26,102.2182388305664
2024-02-27,102.43749237060547
2024-02-28,102.04668426513672
2024-02-29,102.46607208251953
2024-03-01,103.38111877441406
2024-03-04,103.2190933227539
2024-03-05,102.4279556274414
2024-03-06,103.24768829345703
2024-03-07,104.30570220947266
2024-03-08,103.81005096435547
2024-03-11,103.57176971435547
2024-03-12,104.57258605957031
2024-03-13,104.4010009765625
2024-03-14,103.9339599609375
2024-03-15,103.4756088256836
2024-03-18,103.85836029052734
2024-03-19,104.22195434570312
2024-03-20,105.2553939819336
2024-03-21,105.57117462158203
2024-03-22,105.24583435058594
2024-03-25,105.03532409667969
2024-03-26,104.91092681884766
2024-03-27,105.69554901123047
2024-03-28,105.73383331298828
2024-04-01,105.45632934570312
2024-04-02,104.84394073486328
2024-04-03,105.11186218261719
2024-04-04,104.03060913085938
2024-04-05,104.88221740722656
2024-04-08,105.11186218261719
2024-04-09,105.27452850341797
2024-04-10,104.06887817382812
2024-04-11,104.6621322631836
2024-04-12,102.9684829711914
2024-04-15,102.00204467773438
2024-04-16,101.4183349609375
2024-04-17,101.0356216430664
2024-04-18,100.88251495361328
2024-04-19,100.41364288330078
2024-04-22,101.35136413574219
2024-04-23,102.50919342041016
2024-04-24,102.48046875
2024-04-25,102.1551513671875
2024-04-26,103.07373046875
2024-04-29,103.52346801757812
2024-04-30,101.94463348388672
2024-05-01,101.75326538085938
2024-05-02,102.99718475341797
2024-05-03,104.09759521484375
2024-05-06,105.02574920654297
2024-05-07,105.05445861816406
2024-05-08,104.98748016357422
2024-05-09,105.63814544677734
2024-05-10,105.81039428710938
2024-05-13,105.79125213623047
2024-05-14,106.44190216064453
2024-05-15,107.67626953125
2024-05-16,107.33180236816406
2024-05-17,107.62843322753906
2024-05-20,107.69540405273438
2024-05-21,107.68583679199219
2024-05-22,107.14041900634766
2024-05-23,106.37493896484375
2024-05-24,107.15956115722656
2024-05-28,107.07344055175781
2024-05-29,105.90606689453125
2024-05-30,105.8390884399414
2024-05-31,106.63328552246094
2024-06-03,106.73854064941406
2024-06-04,106.52803802490234
2024-06-05,107.62843322753906
2024-06-06,107.70497131347656
2024-06-07,107.17869567871094
2024-06-10,107.42748260498047
2024-06-11,107.24568176269531
2024-06-12,108.28865814208984
2024-06-13,107.90591430664062
2024-06-14,107.56144714355469
2024-06-17,108.25994873046875
2024-06-18,108.61400604248047
2024-06-20,108.42262268066406
2024-06-21,108.13215637207031
2024-06-24,108.24757385253906
2024-06-25,108.45915985107422
2024-06-26,108.295654296875
2024-06-27,108.49764251708984
2024-06-28,108.32452392578125
2024-07-01,108.46878051757812
2024-07-02,108.97853088378906
2024-07-03,109.81526947021484
2024-07-05,110.32500457763672
2024-07-08,110.2961654663086
2024-07-09,110.27692413330078
2024-07-10,111.44066619873047
2024-07-11,111.21944427490234
2024-07-12,111.96963500976562
2024-07-15,111.94078063964844
2024-07-16,112.7679214477539
2024-07-17,111.37335205078125
2024-07-18,110.43080139160156
2024-07-19,109.69985961914062
2024-07-22,110.79627227783203
2024-07-23,110.45003509521484
2024-07-24,108.32452392578125
2024-07-25,107.95905303955078
2024-07-26,109.19974517822266
2024-07-29,109.05546569824219
2024-07-30,108.77655029296875
2024-07-31,110.46927642822266
2024-08-01,108.46878051757812
2024-08-02,106.47792053222656
2024-08-05,103.60220336914062
2024-08-06,104.3812484741211
2024-08-07,104.11195373535156
2024-08-08,106.33366394042969
2024-08-09,106.77606201171875
2024-08-12,106.7953109741211
2024-08-13,108.45915985107422
2024-08-14,108.72846221923828
2024-08-15,110.33462524414062
2024-08-16,110.76741027832031
2024-08-19,111.90232849121094
2024-08-20,111.59455108642578
2024-08-21,112.23895263671875
2024-08-22,111.29639434814453
2024-08-23,112.91218566894531
2024-08-26,112.392822265625
2024-08-27,112.71981811523438
2024-08-28,112.06581115722656
2024-08-29,112.22933197021484
2024-08-30,113.04682922363281
2024-09-03,110.82513427734375
2024-09-04,110.58468627929688
2024-09-05,110.392333984375
2024-09-06,108.51687622070312
2024-09-09,109.63253784179688
2024-09-10,109.7479476928711
2024-09-11,110.64238739013672
2024-09-12,111.59455108642578
2024-09-13,112.18122100830078
2024-09-16,112.61402130126953
2024-09-17,112.54671478271484
2024-09-18,112.22933197021484
2024-09-19,114.22018432617188
2024-09-20,113.7926254272461
2024-09-23,114.15939331054688
2024-09-24,114.9315185546875
2024-09-25,114.36207580566406
2024-09-26,115.78085327148438
2024-09-27,115.44305419921875
2024-09-30,115.52992248535156
2024-10-01,114.79639434814453
2024-10-02,114.97012329101562
2024-10-03,114.33312225341797
2024-10-04,115.34654998779297
2024-10-07,114.65162658691406
2024-10-08,114.84464263916016
2024-10-09,115.29828643798828
2024-10-10,115.11490631103516
2024-10-11,115.90634155273438
2024-10-14,116.48542022705078
2024-10-15,115.28863525390625
2024-10-16,115.85807037353516
2024-10-17,115.8001708984375
2024-10-18,116.36961364746094
2024-10-21,115.77119445800781
2024-10-22,115.4913101196289
2024-10-23,114.48754119873047
2024-10-24,114.7867431640625
2024-10-25,114.59371185302734
2024-10-28,115.19210815429688
2024-10-29,115.09559631347656
2024-10-30,114.67092895507812
2024-10-31,113.0108413696289
2024-11-01,113.46446228027344
2024-11-04,113.40656280517578
2024-11-05,114.77709197998047
2024-11-06,116.28275299072266
2024-11-07,117.50849914550781
2024-11-08,117.18035125732422
2024-11-11,117.31547546386719
2024-11-12,116.3792724609375
2024-11-13,116.13796997070312
2024-11-14,115.53956604003906
2024-11-15,114.3910140991211
2024-11-18,115.06664276123047
2024-11-19,115.3658447265625
2024-11-20,115.3368911743164
2024-11-21,115.88702392578125
2024-11-22,116.388916015625
2024-11-25,116.88113403320312
2024-11-26,116.95835876464844
2024-11-27,116.81358337402344
2024-11-29,117.69187927246094
2024-12-02,117.94282531738281
2024-12-03,118.1358642578125
2024-12-04,118.61843872070312
2024-12-05,118.63773345947266
2024-12-06,118.78251647949219
2024-12-09,118.54121398925781
2024-12-10,117.78839874267578
2024-12-11,118.68599700927734
2024-12-12,117.88490295410156
2024-12-13,117.74979400634766
2024-12-16,117.90422058105469
2024-12-17,117.4119873046875
2024-12-18,113.94705200195312
2024-12-19,113.92774963378906
2024-12-20,114.84860229492188
2024-12-23,115.48064422607422
2024-12-24,116.39469146728516
2024-12-26,116.53082275390625
2024-12-27,115.61677551269531
2024-12-30,114.49853515625
2024-12-31,114.23600006103516
2025-01-02,114.00262451171875
2025-01-03,115.17920684814453
2025-01-06,115.88904571533203
2025-01-07,114.75135040283203
2025-01-08,114.79025268554688
2025-01-10,112.95245361328125
2025-01-13,112.99134063720703
2025-01-14,113.38029479980469
2025-01-15,115.11114501953125
2025-01-16,115.21810150146484
2025-01-17,116.18077087402344
2025-01-21,117.59073638916016
2025-01-22,117.89216613769531
2025-01-23,118.52422332763672
2025-01-24,118.533935546875
2025-01-27,117.18232727050781
2025-01-28,117.9407958984375
2025-01-29,117.58100891113281
2025-01-30,118.57283782958984
2025-01-31,117.72686004638672
2025-02-03,116.8031005859375
2025-02-04,117.89216613769531
2025-02-05,118.51449584960938
2025-02-06,118.90345001220703
2025-02-07,117.9407958984375
2025-02-10,118.71869659423828
2025-02-11,118.7867660522461
2025-02-12,118.67008209228516
2025-02-13,119.95362091064453
2025-02-14,120.08003997802734
2025-02-18,120.54678344726562
2025-02-19,120.40092468261719
2025-02-20,120.2356185913086
2025-02-21,118.54367065429688
2025-02-24,117.96023559570312
2025-02-25,117.8240966796875
2025-02-26,117.99913024902344
2025-02-27,116.21965026855469
2025-02-28,117.24066925048828
2025-03-03,115.99600219726562
2025-03-04,115.15003967285156
2025-03-05,117.05591583251953
2025-03-06,115.31534576416016
2025-03-07,116.04463195800781
2025-03-10,113.08857727050781
2025-03-11,112.63156127929688
2025-03-12,113.24415588378906
2025-03-13,111.90225982666016
2025-03-14,114.22627258300781
2025-03-17,115.36396026611328
2025-03-18,114.53744506835938
2025-03-19,115.48064422607422
2025-03-20,114.98473358154297
2025-03-21,114.72620391845703
2025-03-24,116.17979431152344
2025-03-25,116.40416717529297
2025-03-26,115.13593292236328
2025-03-27,115.00911712646484
2025-03-28,112.98970031738281
2025-03-31,113.11652374267578
2025-04-01,113.48723602294922
2025-04-02,114.16036987304688
2025-04-03,109.65328216552734
2025-04-04,103.11699676513672
2025-04-07,101.87803649902344
2025-04-08,100.63907623291016
2025-04-09,109.24353790283203
2025-04-10,106.19978332519531
2025-04-11,108.3947982788086
2025-04-14,109.41914367675781
2025-04-15,109.52644348144531
2025-04-16,107.89726257324219
2025-04-17,108.46308898925781
2025-04-21,106.78511047363281
2025-04-22,109.11670684814453
2025-04-23,110.51177215576172
2025-04-24,112.43362426757812
2025-04-25,112.9701919555664
2025-04-28,113.29212188720703
2025-04-29,113.8091812133789
2025-04-30,113.75064086914062
2025-05-01,114.16036987304688
2025-05-02,116.15052795410156
2025-05-05,115.89688873291016
2025-05-06,115.24324798583984
2025-05-07,115.3212890625
2025-05-08,115.72128295898438
2025-05-09,115.88712310791016
2025-05-12,118.75527954101562
2025-05-13,119.34061431884766
2025-05-14,119.34061431884766
2025-05-15,120.01374816894531
2025-05-16,120.5990982055664
2025-05-19,120.93077850341797
2025-05-20,120.80396270751953
2025-05-21,119.29183197021484
2025-05-22,119.20404052734375
2025-05-23,118.9308853149414
2025-05-27,120.86249542236328
2025-05-28,120.03327178955078
2025-05-29,120.52104187011719
2025-05-30,120.3552017211914
2025-06-02,121.15516662597656
2025-06-03,121.46733856201172
2025-06-04,121.7502670288086
2025-06-05,121.41856384277344
2025-06-06,122.36486053466797
2025-06-09,122.5697250366211
2025-06-10,123.15506744384766
2025-06-11,122.92093658447266
2025-06-12,123.4477310180664
2025-06-13,121.8965835571289
2025-06-16,122.95995330810547
2025-06-17,121.76000213623047
2025-06-18,121.82830810546875
2025-06-20,121.29407501220703
2025-06-23,122.45073699951172
2025-06-24,123.98971557617188
2025-06-25,123.77406311035156
2025-06-26,124.93074798583984
2025-06-27,125.46986389160156
2025-06-30,125.97958374023438
2025-07-01,125.9893798828125
2025-07-02,126.55792999267578
2025-07-03,127.22447967529297
2025-07-07,126.06781005859375
2025-07-08,126.33248138427734
2025-07-09,127.08722686767578
2025-07-10,127.32251739501953
2025-07-11,126.68534851074219
2025-07-14,126.91081237792969
2025-07-15,126.26384735107422
2025-07-16,126.76377868652344
2025-07-17,127.41072082519531
2025-07-18,127.3028793334961
2025-07-21,127.6165771484375
2025-07-22,127.96945190429688
2025-07-23,129.43980407714844
2025-07-24,129.09671020507812
2025-07-25,129.37120056152344
2025-07-28,128.7242431640625
2025-07-29,128.48899841308594
2025-07-30,128.0380859375
2025-07-31,127.36170959472656
2025-08-01,125.87176513671875
2025-08-04,127.63618469238281
2025-08-05,127.3813247680664
2025-08-06,128.2145233154297
2025-08-07,128.44976806640625
2025-08-08,129.20455932617188
2025-08-11,128.86148071289062
2025-08-12,130.4004364013672
2025-08-13,131.05718994140625
2025-08-14,130.74351501464844
2025-08-15,130.74351501464844
2025-08-18,130.81211853027344
2025-08-19,130.21420288085938
2025-08-20,130.04754638671875
2025-08-21,129.57704162597656
2025-08-22,131.7923583984375
2025-08-25,130.9297637939453
2025-08-26,131.27284240722656
2025-08-27,131.3316650390625
2025-08-28,131.85116577148438
2025-08-29,131.12583923339844
2025-09-02,130.18479919433594
2025-09-03,130.6650848388672
2025-09-04,131.59632873535156
2025-09-05,131.72377014160156
2025-09-08,132.4393310546875
2025-09-09,132.56675720214844
2025-09-10,132.8510284423828
2025-09-11,134.16453552246094
2025-09-12,133.89987182617188
2025-09-15,134.65464782714844
2025-09-16,134.60565185546875
2025-09-17,134.40957641601562
2025-09-18,135.03692626953125
2025-09-19,135.22186279296875
2025-09-22,135.772705078125
2025-09-23,135.26121520996094
2025-09-24,134.65138244628906
2025-09-25,133.89395141601562
2025-09-26,134.62185668945312
2025-09-29,135.1333465576172
2025-09-30,135.54647827148438
2025-10-01,136.24485778808594
2025-10-02,136.4416046142578
2025-10-03,136.8055419921875
2025-10-06,137.29737854003906
2025-10-07,136.451416015625
2025-10-08,137.18917846679688
2025-10-09,136.47109985351562
2025-10-10,132.9496612548828
2025-10-13,135.07432556152344
2025-10-14,135.00547790527344
2025-10-15,135.7628936767578
2025-10-16,135.39892578125
2025-10-17,135.82191467285156
2025-10-20,137.16949462890625
2025-10-21,136.8153839111328
2025-10-22,136.22518920898438
2025-10-23,137.1203155517578
2025-10-24,137.9859161376953
2025-10-27,139.36302185058594
2025-10-28,139.4613800048828
2025-10-29,139.2744903564453
2025-10-30,138.04493713378906
2025-10-31,138.2908477783203
2025-11-03,138.45806884765625
2025-11-04,136.71701049804688
2025-11-05,137.46458435058594
2025-11-06,136.2350311279297
2025-11-07,136.5596466064453
2025-11-10,138.46791076660156
2025-11-11,138.8416748046875
2025-11-12,139.17613220214844
2025-11-13,137.01210021972656
2025-11-14,136.9629364013672
2025-11-17,135.45794677734375
2025-11-18,134.44479370117188
2025-11-19,134.58250427246094
2025-11-20,132.52667236328125
2025-11-21,133.9234619140625
2025-11-24,135.54647827148438
2025-11-25,136.8055419921875
2025-11-26,137.92689514160156
2025-11-28,138.5859375
2025-12-01,137.92689514160156
2025-12-02,138.18264770507812
2025-12-03,138.75314331054688
2025-12-04,138.96957397460938
2025-12-05,139.24497985839844
2025-12-08,138.82203674316406
2025-12-09,138.66464233398438
2025-12-10,139.8450164794922
2025-12-11,140.22860717773438
2025-12-12,138.91055297851562
2025-12-15,138.91055297851562
2025-12-16,138.37936401367188
2025-12-17,137.1104736328125
2025-12-18,138.14329528808594
2025-12-19,139.30833435058594
2025-12-22,140.14120483398438
2025-12-23,140.80552673339844
2025-12-24,141.15257263183594
2025-12-26,141.29136657714844
2025-12-29,140.80552673339844
2025-12-30,140.77578735351562
2025-12-31,139.8635711669922
2026-01-02,140.894775390625
2026-01-05,142.08457946777344
2026-01-06,142.91746520996094
2026-01-07,142.3225555419922
2026-01-08,142.42169189453125
2026-01-09,143.36363220214844
2026-01-12,144.0081329345703
2026-01-13,143.47271728515625
2026-01-14,143.37356567382812
2026-01-15,143.7007598876953
2026-01-16,143.7007598876953
2026-01-20,141.24179077148438
2026-01-21,142.89761352539062
2026-01-22,143.6908416748047
2026-01-23,143.9684600830078
2026-01-26,144.60305786132812
2026-01-27,145.8027801513672
2026-01-28,145.55490112304688
2026-01-29,145.4755859375
2026-01-30,144.21633911132812
2026-02-02,144.91041564941406
2026-02-03,144.375
2026-02-04,143.89907836914062
2026-02-05,142.15399169921875
2026-02-06,145.21778869628906
2026-02-09,146.41751098632812
2026-02-10,146.32827758789062
2026-02-11,146.72488403320312
2026-02-12,144.72201538085938
2026-02-13,145.0988006591797
2026-02-17,145.04922485351562
2026-02-18,145.7631072998047
2026-02-19,145.4359130859375
2026-02-20,146.6951446533203
2026-02-23,145.4061737060547
2026-02-24,146.447265625
2026-02-25,147.64700317382812
2026-02-26,147.14132690429688
2026-02-27,146.58607482910156
2026-03-02,145.70362854003906
2026-03-03,142.81829833984375
2026-03-04,144.0279541015625
2026-03-05,142.35231018066406
2026-03-06,140.7261962890625
2026-03-09,142.02508544921875
2026-03-10,142.00527954101562
2026-03-11,141.82679748535156
2026-03-12,139.35791015625
2026-03-13,138.33665466308594
2026-03-16,140.28994750976562
2026-03-17,140.81546020507812
2026-03-18,138.6341094970703
2026-03-19,138.3664093017578
2026-03-20,135.48126220703125
2026-03-23,137.74722290039062
2026-03-24,137.05152893066406
2026-03-25,138.313720703125
2026-03-26,135.6005096435547
2026-03-27,133.79171752929688
2026-03-30,133.36436462402344
2026-03-31,137.4689483642578
2026-04-01,138.8305206298828
2026-04-02,138.51248168945312
2026-04-06,139.20819091796875
2026-04-07,139.26780700683594
2026-04-08,143.6904296875
2026-04-09,144.0581512451172
2026-04-10,144.0879669189453
2026-04-13,145.49923706054688
2026-04-14,147.1788330078125
2026-04-15,147.70558166503906
2026-04-16,147.87452697753906
2026-04-17,149.9119110107422
2026-04-20,149.5541229248047
2026-04-21,147.84471130371094
2026-04-22,149.1764678955078
2026-04-23,148.23231506347656
2026-04-24,149.4149932861328
2026-04-27,149.39512634277344
2026-04-28,148.54042053222656
2026-04-29,148.0236053466797
2026-04-30,150.2696990966797
2026-05-01,150.5082244873047
2026-05-04,149.63363647460938
2026-05-05,151.1840362548828
2026-05-06,154.10594177246094
2026-05-07,152.77420043945312
2026-05-08,154.22520446777344
2026-05-11,154.36436462402344
2026-05-12,153.4003143310547
2026-05-13,154.44384765625
2026-05-14,155.06004333496094
2026-05-15,152.575439453125
2026-05-18,152.76426696777344
2026-05-19,151.69090270996094
2026-05-20,153.6785888671875
2026-05-21,154.25503540039062
2026-05-22,154.61282348632812
2026-05-26,156.41168212890625
2026-05-27,156.1930389404297
2026-05-28,156.89865112304688
2026-05-29,157.14710998535156
2026-06-01,157.62417602539062
2026-06-02,158.36956787109375
2026-06-03,156.97816467285156
2026-06-04,157.5645294189453
2026-06-05,152.73443603515625
2026-06-08,153.52952575683594
2026-06-09,153.3506317138672
2026-06-10,150.9852752685547
2026-06-11,154.65257263183594
2026-06-12,155.32838439941406
2026-06-15,157.74343872070312
2026-06-16,157.01792907714844
2026-06-17,155.44766235351562
2026-06-18,157.25601196289062
2026-06-22,157.15625
2026-06-23,153.93453979492188
2026-06-24,153.86471557617188
2026-06-25,154.4532012939453
2026-06-26,153.55551147460938
2026-06-29,155.43069458007812
2026-06-30,156.54782104492188
2026-07-01,155.71994018554688
2026-07-02,155.7698211669922
2026-07-06,157.40560913085938
2026-07-07,155.9393768310547
2026-07-08,155.41073608398438
2026-07-09,156.59768676757812
2026-07-10,157.22608947753906
2026-07-13,155.41073608398438
2026-07-14,156.3782501220703
2026-07-15,156.88694763183594
2026-07-16,155.7299346923828
2026-07-17,154.3833770751953
2026-07-20,153.89463806152344
2026-07-21,155.73989868164062
2026-07-22,155.62020874023438
2026-07-23,153.91458129882812
2026-07-24,153.80487060546875
2026-07-27,154.05422973632812
2026-07-28,153.95448303222656
2026-07-29,151.82994079589844
2026-07-30,155.05166625976562
2026-07-31,155.4606170654297
2026-08-03,157.2061309814453
2026-08-04,160.03884887695312
2026-08-05,159.7595672607422
2026-08-06,159.5102081298828
2026-08-07,160.8866729736328
2026-08-10,160.55752563476562
2026-08-11,160.4079132080078
2026-08-12,161.1160888671875
2026-08-13,161.973876953125
2026-08-14,161.83424377441406
2026-08-17,161.41531372070312
2026-08-18,159.6498565673828
2026-08-19,160.2882080078125
2026-08-20,159.52017211914062
2026-08-21,160.3580322265625
2026-08-24,159.68975830078125
2026-08-25,160.5774688720703
2026-08-26,160.45777893066406
2026-08-27,161.15599060058594
2026-08-28,160.597412109375
2026-08-31,160.1385955810547
2026-09-01,158.90176391601562
2026-09-02,159.69972229003906
2026-09-03,161.34548950195312
2026-09-04,161.31556701660156
2026-09-08,160.5076446533203
2026-09-09,159.48028564453125
2026-09-10,158.12376403808594
2026-09-11,159.53016662597656
2026-09-14,158.32325744628906
2026-09-15,157.6250457763672
2026-09-16,157.00665283203125
2026-09-17,158.81201171875
2026-09-18,158.5500030517578
2026-09-21,160.88999938964844
2026-09-22,
