Date,EEM
2003-04-14,7.199280738830566
2003-04-15,7.284818172454834
2003-04-16,7.3689284324646
2003-04-17,7.421678066253662
2003-04-21,7.418822765350342
2003-04-22,7.443774223327637
2003-04-23,7.478701114654541
2003-04-24,7.331153392791748
2003-04-25,7.2099738121032715
2003-04-28,7.329014778137207
2003-04-29,7.53786563873291
2003-04-30,7.516480445861816
2003-05-01,7.487256050109863
2003-05-02,7.602015018463135
2003-05-05,7.683987617492676
2003-05-06,7.723191261291504
2003-05-07,7.708935260772705
2003-05-08,7.641219615936279
2003-05-09,7.731033802032471
2003-05-12,7.8386664390563965
2003-05-13,7.794471740722656
2003-05-14,7.7552666664123535
2003-05-15,7.770950794219971
2003-05-16,7.776651382446289
2003-05-19,7.59132194519043
2003-05-20,7.629100322723389
2003-05-21,7.63551664352417
2003-05-22,7.704658031463623
2003-05-23,7.783778190612793
2003-05-27,8.062482833862305
2003-05-28,8.097411155700684
2003-05-29,8.108104705810547
2003-05-30,8.202193260192871
2003-06-02,8.261357307434082
2003-06-03,8.198627471923828
2003-06-04,8.30412483215332
2003-06-05,8.312678337097168
2003-06-06,8.390371322631836
2003-06-09,8.318381309509277
2003-06-10,8.403914451599121
2003-06-11,8.411044120788574
2003-06-12,8.47448444366455
2003-06-13,8.471634864807129
2003-06-16,8.562871932983398
2003-06-17,8.738931655883789
2003-06-18,8.706855773925781
2003-06-19,8.706855773925781
2003-06-20,8.706855773925781
2003-06-23,8.493016242980957
2003-06-24,8.430292129516602
2003-06-25,8.500142097473145
2003-06-26,8.592097282409668
2003-06-27,8.552176475524902
2003-06-30,8.546479225158691
2003-07-01,8.639139175415039
2003-07-02,8.84228801727295
2003-07-03,8.867237091064453
2003-07-07,9.08677864074707
2003-07-08,9.11244010925293
2003-07-09,9.091054916381836
2003-07-10,8.931387901306152
2003-07-11,9.006231307983398
2003-07-14,9.164475440979004
2003-07-15,9.048999786376953
2003-07-16,9.056127548217773
2003-07-17,8.819478988647461
2003-07-18,8.937091827392578
2003-07-21,8.818766593933105
2003-07-22,8.924262046813965
2003-07-23,8.867237091064453
2003-07-24,8.910004615783691
2003-07-25,9.056127548217773
2003-07-28,9.1060209274292
2003-07-29,9.05470085144043
2003-07-30,8.988411903381348
2003-07-31,9.03117847442627
2003-08-01,9.051136016845703
2003-08-04,9.011220932006836
2003-08-05,8.914281845092773
2003-08-06,8.874364852905273
2003-08-07,8.939228057861328
2003-08-08,8.999102592468262
2003-08-11,9.038309097290039
2003-08-12,9.07394790649414
2003-08-13,9.202250480651855
2003-08-14,9.323424339294434
2003-08-15,9.230764389038086
2003-08-18,9.427495002746582
2003-08-19,9.473828315734863
2003-08-20,9.475255966186523
2003-08-21,9.649177551269531
2003-08-22,9.69836139678955
2003-08-25,9.622804641723633
2003-08-26,9.505192756652832
2003-08-27,9.615675926208496
2003-08-28,9.682680130004883
2003-08-29,9.752532958984375
2003-09-02,9.897233009338379
2003-09-03,9.975638389587402
2003-09-04,10.011279106140137
2003-09-05,10.002013206481934
2003-09-08,10.191619873046875
2003-09-09,10.014843940734863
2003-09-10,9.848051071166992
2003-09-11,9.836644172668457
2003-09-12,9.906496047973633
2003-09-15,9.76037311553955
2003-09-16,9.961384773254395
2003-09-17,9.918615341186523
2003-09-18,10.032665252685547
2003-09-19,9.986334800720215
2003-09-22,9.823100090026855
2003-09-23,9.847333908081055
2003-09-24,9.865155220031738
2003-09-25,9.719032287597656
2003-09-26,9.651317596435547
2003-09-29,9.719747543334961
2003-09-30,9.689094543457031
2003-10-01,9.943564414978027
2003-10-02,10.086126327514648
2003-10-03,10.185914039611816
2003-10-06,10.225119590759277
2003-10-07,10.21442699432373
2003-10-08,10.29069995880127
2003-10-09,10.463910102844238
2003-10-10,10.592212677001953
2003-10-13,10.752591133117676
2003-10-14,10.547303199768066
2003-10-15,10.674897193908691
2003-10-16,10.672046661376953
2003-10-17,10.60718059539795
2003-10-20,10.666340827941895
2003-10-21,10.719803810119629
2003-10-22,10.562275886535645
2003-10-23,10.406883239746094
2003-10-24,10.351998329162598
2003-10-27,10.471033096313477
2003-10-28,10.614307403564453
2003-10-29,10.702692985534668
2003-10-30,10.664205551147461
2003-10-31,10.5786714553833
2003-11-03,10.831002235412598
2003-11-04,10.86093807220459
2003-11-05,10.875195503234863
2003-11-06,10.79749870300293
2003-11-07,10.808904647827148
2003-11-10,10.659927368164062
2003-11-11,10.523072242736816
2003-11-12,10.710536003112793
2003-11-13,10.793222427368164
2003-11-14,10.738338470458984
2003-11-17,10.528772354125977
2003-11-18,10.549444198608398
2003-11-19,10.4810152053833
2003-11-20,10.34558391571045
2003-11-21,10.435394287109375
2003-11-24,10.548733711242676
2003-11-25,10.5850830078125
2003-11-26,10.682024955749512
2003-11-28,10.777539253234863
2003-12-01,11.086181640625
2003-12-02,11.037001609802246
2003-12-03,10.998507499694824
2003-12-04,10.922951698303223
2003-12-05,10.902281761169434
2003-12-08,10.923666000366211
2003-12-09,10.878046035766602
2003-12-10,10.834564208984375
2003-12-11,11.032008171081543
2003-12-12,11.08261775970459
2003-12-15,11.091174125671387
2003-12-16,11.044843673706055
2003-12-17,10.916537284851074
2003-12-18,11.092597007751465
2003-12-19,11.1196870803833
2003-12-22,11.276701927185059
2003-12-23,11.307489395141602
2003-12-24,11.344002723693848
2003-12-26,11.37264347076416
2003-12-29,11.544480323791504
2003-12-30,11.599605560302734
2003-12-31,11.745848655700684
2004-01-02,12.007379531860352
2004-01-05,12.428686141967773
2004-01-06,12.288251876831055
2004-01-07,12.316908836364746
2004-01-08,12.363483428955078
2004-01-09,12.341275215148926
2004-01-12,12.330524444580078
2004-01-13,12.260305404663086
2004-01-14,12.279653549194336
2004-01-15,12.028873443603516
2004-01-16,12.080459594726562
2004-01-20,12.431550979614258
2004-01-21,12.44803237915039
2004-01-22,12.416508674621582
2004-01-23,12.395727157592773
2004-01-26,12.478126525878906
2004-01-27,12.415075302124023
2004-01-28,12.239527702331543
2004-01-29,12.046786308288574
2004-01-30,12.030301094055176
2004-02-02,12.033173561096191
2004-02-03,11.965822219848633
2004-02-04,11.858341217041016
2004-02-05,11.854758262634277
2004-02-06,12.124886512756348
2004-02-09,12.299715042114258
2004-02-10,12.288965225219727
2004-02-11,12.479557037353516
2004-02-12,12.47311019897461
2004-02-13,12.481711387634277
2004-02-17,12.732488632202148
2004-02-18,12.55909538269043
2004-02-19,12.44946575164795
2004-02-20,12.309741020202637
2004-02-23,12.202269554138184
2004-02-24,12.137781143188477
2004-02-25,12.27033805847168
2004-02-26,12.331239700317383
2004-02-27,12.506072044372559
2004-03-01,12.791247367858887
2004-03-02,12.689501762390137
2004-03-03,12.610682487487793
2004-03-04,12.696661949157715
2004-03-05,12.74323844909668
2004-03-08,12.621434211730957
2004-03-09,12.539032936096191
2004-03-10,12.252423286437988
2004-03-11,11.98731517791748
2004-03-12,12.087629318237305
2004-03-15,11.86192512512207
2004-03-16,12.008808135986328
2004-03-17,12.173604011535645
2004-03-18,12.245257377624512
2004-03-19,12.084046363830566
2004-03-22,11.890580177307129
2004-03-23,12.010242462158203
2004-03-24,12.019556045532227
2004-03-25,12.137065887451172
2004-03-26,12.11485481262207
2004-03-29,12.27033805847168
2004-03-30,12.420804977416992
2004-03-31,12.574857711791992
2004-04-01,12.677318572998047
2004-04-02,12.804143905639648
2004-04-05,12.893709182739258
2004-04-06,12.965360641479492
2004-04-07,12.918787002563477
2004-04-08,12.929534912109375
2004-04-12,13.029129981994629
2004-04-13,12.877226829528809
2004-04-14,12.687349319458008
2004-04-15,12.582021713256836
2004-04-16,12.675167083740234
2004-04-19,12.696661949157715
2004-04-20,12.585602760314941
2004-04-21,12.49245834350586
2004-04-22,12.488872528076172
2004-04-23,12.582021713256836
2004-04-26,12.40289306640625
2004-04-27,12.336973190307617
2004-04-28,11.983731269836426
2004-04-29,11.58892822265625
2004-04-30,11.342448234558105
2004-05-03,11.456377029418945
2004-05-04,11.680647850036621
2004-05-05,11.709305763244629
2004-05-06,11.466407775878906
2004-05-07,11.20845890045166
2004-05-10,10.66749095916748
2004-05-11,10.984195709228516
2004-05-12,10.987774848937988
2004-05-13,10.959117889404297
2004-05-14,10.670355796813965
2004-05-17,10.24331283569336
2004-05-18,10.547831535339355
2004-05-19,10.839457511901855
2004-05-20,10.772821426391602
2004-05-21,10.949799537658691
2004-05-24,11.120328903198242
2004-05-25,11.365375518798828
2004-05-26,11.320951461791992
2004-05-27,11.500083923339844
2004-05-28,11.475000381469727
2004-06-01,11.395471572875977
2004-06-02,11.395471572875977
2004-06-03,11.142541885375977
2004-06-04,11.306623458862305
2004-06-07,11.697125434875488
2004-06-08,11.534475326538086
2004-06-09,11.273661613464355
2004-06-10,11.286559104919434
2004-06-14,10.851635932922363
2004-06-15,11.061577796936035
2004-06-16,10.913256645202637
2004-06-17,10.967711448669434
2004-06-18,10.905376434326172
2004-06-21,10.955528259277344
2004-06-22,11.071602821350098
2004-06-23,11.268649101257324
2004-06-24,11.313789367675781
2004-06-25,11.428428649902344
2004-06-28,11.330982208251953
2004-06-29,11.417686462402344
2004-06-30,11.581048965454102
2004-07-01,11.436309814453125
2004-07-02,11.435595512390137
2004-07-06,11.31307315826416
2004-07-07,11.460676193237305
2004-07-08,11.297307968139648
2004-07-09,11.357498168945312
2004-07-12,11.328121185302734
2004-07-13,11.379707336425781
2004-07-14,11.270798683166504
2004-07-15,11.212044715881348
2004-07-16,11.335284233093262
2004-07-19,11.31808853149414
2004-07-20,11.366093635559082
2004-07-21,11.234970092773438
2004-07-22,11.234970092773438
2004-07-23,11.041512489318848
2004-07-26,10.93904972076416
2004-07-27,11.147558212280273
2004-07-28,11.14397144317627
2004-07-29,11.213479042053223
2004-07-30,11.159738540649414
2004-08-02,11.103850364685059
2004-08-03,11.116745948791504
2004-08-04,11.127493858337402
2004-08-05,11.055843353271484
2004-08-06,10.975592613220215
2004-08-09,11.067306518554688
2004-08-10,11.191983222961426
2004-08-11,11.088086128234863
2004-08-12,10.964127540588379
2004-08-13,10.981322288513184
2004-08-16,11.13107681274414
2004-08-17,11.205597877502441
2004-08-18,11.338151931762695
2004-08-19,11.350329399108887
2004-08-20,11.406938552856445
2004-08-23,11.468557357788086
2004-08-24,11.435595512390137
2004-08-25,11.571738243103027
2004-08-26,11.587502479553223
2004-08-27,11.56600284576416
2004-08-30,11.503665924072266
2004-08-31,11.553821563720703
2004-09-01,11.649120330810547
2004-09-02,11.793855667114258
2004-09-03,11.668465614318848
2004-09-07,11.758028984069824
2004-09-08,11.750861167907715
2004-09-09,11.786687850952148
2004-09-10,11.898467063903809
2004-09-13,12.007379531860352
2004-09-14,12.00307559967041
2004-09-15,11.950054168701172
2004-09-16,12.099807739257812
2004-09-17,12.180776596069336
2004-09-20,12.192955017089844
2004-09-21,12.320494651794434
2004-09-22,12.134200096130371
2004-09-23,12.187939643859863
2004-09-24,12.153543472290039
2004-09-27,12.08117961883545
2004-09-28,12.230927467346191
2004-09-29,12.295417785644531
2004-09-30,12.359906196594238
2004-10-01,12.596351623535156
2004-10-04,12.81130599975586
2004-10-05,12.716723442077637
2004-10-06,12.863614082336426
2004-10-07,12.753986358642578
2004-10-08,12.660839080810547
2004-10-11,12.726760864257812
2004-10-12,12.526134490966797
2004-10-13,12.356317520141602
2004-10-14,12.187939643859863
2004-10-15,12.350586891174316
2004-10-18,12.481711387634277
2004-10-19,12.421521186828613
2004-10-20,12.343419075012207
2004-10-21,12.521121978759766
2004-10-22,12.431550979614258
2004-10-25,12.465228080749512
2004-10-26,12.510371208190918
2004-10-27,12.725329399108887
2004-10-28,12.662275314331055
2004-10-29,12.711711883544922
2004-11-01,12.806288719177246
2004-11-02,12.835672378540039
2004-11-03,13.022683143615723
2004-11-04,13.219718933105469
2004-11-05,13.269878387451172
2004-11-08,13.120129585266113
2004-11-09,13.204675674438477
2004-11-10,13.219718933105469
2004-11-11,13.370192527770996
2004-11-12,13.595895767211914
2004-11-15,13.608784675598145
2004-11-16,13.453306198120117
2004-11-17,13.75710391998291
2004-11-18,13.78218936920166
2004-11-19,13.585147857666016
2004-11-22,13.638167381286621
2004-11-23,13.66181468963623
2004-11-24,13.807262420654297
2004-11-26,14.036548614501953
2004-11-29,13.950566291809082
2004-11-30,13.976360321044922
2004-12-01,14.083121299743652
2004-12-02,14.062345504760742
2004-12-03,14.126112937927246
2004-12-06,14.106049537658691
2004-12-07,13.889665603637695
2004-12-08,13.81657886505127
2004-12-09,13.591594696044922
2004-12-10,13.577980041503906
2004-12-13,13.784337043762207
2004-12-14,13.91115951538086
2004-12-15,14.103894233703613
2004-12-16,14.032971382141113
2004-12-17,14.000727653503418
2004-12-20,14.183435440063477
2004-12-21,14.319575309753418
2004-12-22,14.315990447998047
2004-12-23,14.413395881652832
2004-12-27,14.40251350402832
2004-12-28,14.477219581604004
2004-12-29,14.557001113891602
2004-12-30,14.520011901855469
2004-12-31,14.639678955078125
2005-01-03,14.487371444702148
2005-01-04,14.041329383850098
2005-01-05,13.869438171386719
2005-01-06,13.860011100769043
2005-01-07,13.886844635009766
2005-01-10,13.904254913330078
2005-01-11,13.878144264221191
2005-01-12,14.048584938049316
2005-01-13,13.990559577941895
2005-01-14,14.2407808303833
2005-01-18,14.215392112731934
2005-01-19,14.019572257995605
2005-01-20,13.845507621765137
2005-01-21,14.034077644348145
2005-01-24,14.012320518493652
2005-01-25,14.139238357543945
2005-01-26,14.34595012664795
2005-01-27,14.359729766845703
2005-01-28,14.37277889251709
2005-01-31,14.562076568603516
2005-02-01,14.686823844909668
2005-02-02,14.733245849609375
2005-02-03,14.718008041381836
2005-02-04,14.947920799255371
2005-02-07,14.995063781738281
2005-02-08,15.024080276489258
2005-02-09,14.975485801696777
2005-02-10,15.048011779785156
2005-02-11,15.194520950317383
2005-02-14,15.303314208984375
2005-02-15,15.339574813842773
2005-02-16,15.292430877685547
2005-02-17,15.267050743103027
2005-02-18,15.454888343811035
2005-02-22,15.398320198059082
2005-02-23,15.46939754486084
2005-02-24,15.70945930480957
2005-02-25,15.998848915100098
2005-02-28,15.972009658813477
2005-03-01,16.016977310180664
2005-03-02,15.752973556518555
2005-03-03,15.796501159667969
2005-03-04,15.985063552856445
2005-03-07,16.090232849121094
2005-03-08,15.967660903930664
2005-03-09,15.876275062561035
2005-03-10,15.723966598510742
2005-03-11,15.635477066040039
2005-03-14,15.515813827514648
2005-03-15,15.129237174987793
2005-03-16,15.000870704650879
2005-03-17,15.274300575256348
2005-03-18,15.205397605895996
2005-03-21,14.985633850097656
2005-03-22,14.708582878112793
2005-03-23,14.522186279296875
2005-03-24,14.506230354309082
2005-03-28,14.6063232421875
2005-03-29,14.22845458984375
2005-03-30,14.55264663696289
2005-03-31,14.708582878112793
2005-04-01,14.795616149902344
2005-04-04,14.828258514404297
2005-04-05,14.824625015258789
2005-04-06,15.027708053588867
2005-04-07,15.179289817810059
2005-04-08,15.107481002807617
2005-04-11,14.962434768676758
2005-04-12,15.151001930236816
2005-04-13,14.849287033081055
2005-04-14,14.46924114227295
2005-04-15,14.164632797241211
2005-04-18,14.33216381072998
2005-04-19,14.57223129272461
2005-04-20,14.22845458984375
2005-04-21,14.638228416442871
2005-04-22,14.476491928100586
2005-04-25,14.750646591186523
2005-04-26,14.599790573120117
2005-04-27,14.46778678894043
2005-04-28,14.237154006958008
2005-04-29,14.52508544921875
2005-05-02,14.621553421020508
2005-05-03,14.607770919799805
2005-05-04,15.005945205688477
2005-05-05,15.085000991821289
2005-05-06,15.12561321258545
2005-05-09,15.139402389526367
2005-05-10,14.799241065979004
2005-05-11,14.868144989013672
2005-05-12,14.614298820495605
2005-05-13,14.464162826538086
2005-05-16,14.636054039001465
2005-05-17,14.639678955078125
2005-05-18,14.931245803833008
2005-05-19,14.985633850097656
2005-05-20,14.947920799255371
2005-05-23,14.997244834899902
2005-05-24,14.953726768493652
2005-05-25,14.846390724182129
2005-05-26,15.01319694519043
2005-05-27,15.114737510681152
2005-05-31,14.984186172485352
2005-06-01,15.161155700683594
2005-06-02,15.276473999023438
2005-06-03,15.19741439819336
2005-06-06,15.350448608398438
2005-06-07,15.274300575256348
2005-06-08,15.21627140045166
2005-06-09,15.296051979064941
2005-06-10,15.339574813842773
2005-06-13,15.400496482849121
2005-06-14,15.463598251342773
2005-06-15,15.578912734985352
2005-06-16,15.718164443969727
2005-06-17,15.907466888427734
2005-06-20,15.76385498046875
2005-06-21,15.687701225280762
2005-06-22,15.835655212402344
2005-06-23,15.557154655456543
2005-06-24,15.50275993347168
2005-06-27,15.600671768188477
2005-06-28,15.718164443969727
2005-06-29,15.626785278320312
2005-06-30,15.578912734985352
2005-07-01,15.635477066040039
2005-07-05,15.705105781555176
2005-07-06,15.62895679473877
2005-07-07,15.674649238586426
2005-07-08,15.837837219238281
2005-07-11,16.07935333251953
2005-07-12,16.27082633972168
2005-07-13,16.259944915771484
2005-07-14,16.35350799560547
2005-07-15,16.264301300048828
2005-07-18,16.21425437927246
2005-07-19,16.399202346801758
2005-07-20,16.401376724243164
2005-07-21,16.579788208007812
2005-07-22,16.540630340576172
2005-07-25,16.397022247314453
2005-07-26,16.490585327148438
2005-07-27,16.579788208007812
2005-07-28,16.786495208740234
2005-07-29,16.775615692138672
2005-08-01,17.04977035522461
2005-08-02,17.352210998535156
2005-08-03,17.308696746826172
2005-08-04,17.15638542175293
2005-08-05,16.840896606445312
2005-08-08,16.956209182739258
2005-08-09,17.297813415527344
2005-08-10,17.482763290405273
2005-08-11,17.384843826293945
2005-08-12,17.199905395507812
2005-08-15,17.3195743560791
2005-08-16,17.019311904907227
2005-08-17,17.030195236206055
2005-08-18,16.716869354248047
2005-08-19,16.651594161987305
2005-08-22,16.858304977416992
2005-08-23,16.699460983276367
2005-08-24,16.481884002685547
2005-08-25,16.666824340820312
2005-08-26,16.64506721496582
2005-08-29,16.827835083007812
2005-08-30,16.651594161987305
2005-08-31,16.997549057006836
2005-09-01,17.2325382232666
2005-09-02,17.384843826293945
2005-09-06,17.602436065673828
2005-09-07,17.624187469482422
2005-09-08,17.595903396606445
2005-09-09,17.854829788208008
2005-09-12,17.82871437072754
2005-09-13,17.628541946411133
2005-09-14,17.56544303894043
2005-09-15,17.667701721191406
2005-09-16,17.93968391418457
2005-09-19,17.913578033447266
2005-09-20,17.96143913269043
2005-09-21,18.13115692138672
2005-09-22,17.950559616088867
2005-09-23,17.935331344604492
2005-09-26,18.094167709350586
2005-09-27,17.974502563476562
2005-09-28,18.179019927978516
2005-09-29,18.498868942260742
2005-09-30,18.468416213989258
2005-10-03,18.585899353027344
2005-10-04,18.411842346191406
2005-10-05,17.85264778137207
2005-10-06,17.228191375732422
2005-10-07,17.654647827148438
2005-10-10,17.595903396606445
2005-10-11,17.672056198120117
2005-10-12,17.130277633666992
2005-10-13,17.023656845092773
2005-10-14,16.95838737487793
2005-10-17,17.145511627197266
2005-10-18,16.710346221923828
2005-10-19,17.036720275878906
2005-10-20,16.35132598876953
2005-10-21,16.786495208740234
2005-10-24,17.239065170288086
2005-10-25,16.899639129638672
2005-10-26,16.96056365966797
2005-10-27,16.558032989501953
2005-10-28,16.993202209472656
2005-10-31,17.297813415527344
2005-11-01,17.602436065673828
2005-11-02,17.87441635131836
2005-11-03,17.89398956298828
2005-11-04,17.857006072998047
2005-11-07,17.870058059692383
2005-11-08,17.702524185180664
2005-11-09,17.967967987060547
2005-11-10,17.996253967285156
2005-11-11,18.035419464111328
2005-11-14,17.9875545501709
2005-11-15,17.885286331176758
2005-11-16,18.037599563598633
2005-11-17,18.303049087524414
2005-11-18,18.353092193603516
2005-11-21,18.363969802856445
2005-11-22,18.35526466369629
2005-11-23,18.54891586303711
2005-11-25,18.53586196899414
2005-11-28,18.418371200561523
2005-11-29,18.25518035888672
2005-11-30,18.298696517944336
2005-12-01,18.77737045288086
2005-12-02,18.755617141723633
2005-12-05,18.907930374145508
2005-12-06,19.081995010375977
2005-12-07,18.901397705078125
2005-12-08,18.759965896606445
2005-12-09,18.951444625854492
2005-12-12,19.06023597717285
2005-12-13,19.310455322265625
2005-12-14,19.182085037231445
2005-12-15,19.1037540435791
2005-12-16,19.038469314575195
2005-12-19,18.994958877563477
2005-12-20,19.158145904541016
2005-12-21,19.469287872314453
2005-12-22,19.473644256591797
2005-12-23,19.589807510375977
2005-12-27,19.371994018554688
2005-12-28,19.424795150756836
2005-12-29,19.4269962310791
2005-12-30,19.415996551513672
2006-01-03,20.14203453063965
2006-01-04,20.324644088745117
2006-01-05,20.428050994873047
2006-01-06,20.85487937927246
2006-01-09,21.059484481811523
2006-01-10,20.806468963623047
2006-01-11,21.050682067871094
2006-01-12,20.758068084716797
2006-01-13,20.780065536499023
2006-01-17,20.417043685913086
2006-01-18,20.406051635742188
2006-01-19,21.066082000732422
2006-01-20,20.439048767089844
2006-01-23,21.033077239990234
2006-01-24,21.363096237182617
2006-01-25,21.374095916748047
2006-01-26,21.880125045776367
2006-01-27,22.130939483642578
2006-01-30,22.02753448486328
2006-01-31,22.17274284362793
2006-02-01,22.161739349365234
2006-02-02,21.591907501220703
2006-02-03,21.297094345092773
2006-02-06,21.803119659423828
2006-02-07,21.231088638305664
2006-02-08,21.297094345092773
2006-02-09,21.352094650268555
2006-02-10,21.319093704223633
2006-02-13,20.793270111083984
2006-02-14,21.319093704223633
2006-02-15,21.20908546447754
2006-02-16,21.759113311767578
2006-02-17,21.73051643371582
2006-02-21,21.539106369018555
2006-02-22,21.655712127685547
2006-02-23,21.649112701416016
2006-02-24,21.69091033935547
2006-02-27,21.888919830322266
2006-02-28,21.319093704223633
2006-03-01,21.908727645874023
2006-03-02,21.926321029663086
2006-03-03,21.561115264892578
2006-03-06,21.231088638305664
2006-03-07,20.483055114746094
2006-03-08,20.604063034057617
2006-03-09,20.395051956176758
2006-03-10,20.824073791503906
2006-03-13,20.80207061767578
2006-03-14,21.45110321044922
2006-03-15,21.69970703125
2006-03-16,21.506103515625
2006-03-17,21.657913208007812
2006-03-20,21.78112030029297
2006-03-21,21.34109878540039
2006-03-22,21.576507568359375
2006-03-23,21.376296997070312
2006-03-24,21.561115264892578
2006-03-27,21.693119049072266
2006-03-28,21.297094345092773
2006-03-29,21.704116821289062
2006-03-30,21.81412124633789
2006-03-31,21.78112030029297
2006-04-03,22.39715003967285
2006-04-04,22.529155731201172
2006-04-05,22.760169982910156
2006-04-06,22.643564224243164
2006-04-07,22.29814338684082
2006-04-10,22.22114372253418
2006-04-11,22.03192710876465
2006-04-12,22.159543991088867
2006-04-13,22.2651424407959
2006-04-17,22.529155731201172
2006-04-18,23.27720069885254
2006-04-19,23.42020606994629
2006-04-20,23.336605072021484
2006-04-21,23.519208908081055
2006-04-24,23.21118927001953
2006-04-25,22.892173767089844
2006-04-26,23.343198776245117
2006-04-27,22.975786209106445
2006-04-28,23.2001953125
2006-05-01,23.193584442138672
2006-05-02,23.60280418395996
2006-05-03,23.629213333129883
2006-05-04,23.8602237701416
2006-05-05,24.24524688720703
2006-05-08,24.421253204345703
2006-05-09,24.44325828552246
2006-05-10,24.17923355102539
2006-05-11,23.56321144104004
2006-05-12,22.94717788696289
2006-05-15,22.39715003967285
2006-05-16,22.509361267089844
2006-05-17,21.73711585998535
2006-05-18,21.319093704223633
2006-05-19,21.778921127319336
2006-05-22,20.753660202026367
2006-05-23,20.527055740356445
2006-05-24,20.38404655456543
2006-05-25,21.25089454650879
2006-05-26,21.187088012695312
2006-05-30,20.274044036865234
2006-05-31,20.61505889892578
2006-06-01,21.0374813079834
2006-06-02,21.253097534179688
2006-06-05,20.351049423217773
2006-06-06,20.20143699645996
2006-06-07,19.757009506225586
2006-06-08,19.404998779296875
2006-06-09,19.15198516845703
2006-06-12,18.43914794921875
2006-06-13,18.029922485351562
2006-06-14,18.54695701599121
2006-06-15,19.62721061706543
2006-06-16,19.5150089263916
2006-06-19,18.788969039916992
2006-06-20,19.019977569580078
2006-06-21,19.636005401611328
2006-06-22,19.283987045288086
2006-06-23,19.250988006591797
2006-06-26,19.250988006591797
2006-06-27,18.887969970703125
2006-06-28,19.479799270629883
2006-06-29,20.637062072753906
2006-06-30,20.65906524658203
2006-07-03,21.116687774658203
2006-07-05,20.461057662963867
2006-07-06,20.87906837463379
2006-07-07,20.483055114746094
2006-07-10,20.64806365966797
2006-07-11,20.7470645904541
2006-07-12,20.285045623779297
2006-07-13,19.481998443603516
2006-07-14,19.581010818481445
2006-07-17,19.272993087768555
2006-07-18,19.541404724121094
2006-07-19,20.7470645904541
2006-07-20,20.150836944580078
2006-07-21,19.759214401245117
2006-07-24,20.64806365966797
2006-07-25,20.703062057495117
2006-07-26,20.61505889892578
2006-07-27,20.898876190185547
2006-07-28,21.347700119018555
2006-07-31,21.143083572387695
2006-08-01,20.80207061767578
2006-08-02,21.07708168029785
2006-08-03,21.055082321166992
2006-08-04,21.099084854125977
2006-08-07,20.96708106994629
2006-08-08,20.96708106994629
2006-08-09,21.04628562927246
2006-08-10,21.26189613342285
2006-08-11,21.00447654724121
2006-08-14,21.088083267211914
2006-08-15,21.605106353759766
2006-08-16,21.81632423400879
2006-08-17,21.847118377685547
2006-08-18,21.640316009521484
2006-08-21,21.528106689453125
2006-08-22,21.521501541137695
2006-08-23,21.13208770751953
2006-08-24,21.07488441467285
2006-08-25,21.134288787841797
2006-08-28,21.374095916748047
2006-08-29,21.446701049804688
2006-08-30,21.539106369018555
2006-08-31,21.47750473022461
2006-09-01,21.717321395874023
2006-09-05,21.836122512817383
2006-09-06,21.20908546447754
2006-09-07,20.96708106994629
2006-09-08,21.138687133789062
2006-09-11,20.68326759338379
2006-09-12,21.0374813079834
2006-09-13,21.352094650268555
2006-09-14,21.176090240478516
2006-09-15,21.301498413085938
2006-09-18,21.54130744934082
2006-09-19,21.20908546447754
2006-09-20,21.644712448120117
2006-09-21,21.116687774658203
2006-09-22,20.8482666015625
2006-09-25,21.090280532836914
2006-09-26,21.338899612426758
2006-09-27,21.290494918823242
2006-09-28,21.462106704711914
2006-09-29,21.290494918823242
2006-10-02,21.25529670715332
2006-10-03,20.96708106994629
2006-10-04,21.528106689453125
2006-10-05,21.81412124633789
2006-10-06,21.759113311767578
2006-10-09,21.677719116210938
2006-10-10,21.8735294342041
2006-10-11,21.756914138793945
2006-10-12,22.28714370727539
2006-10-13,22.419147491455078
2006-10-16,22.480756759643555
2006-10-17,22.185935974121094
2006-10-18,22.40375328063965
2006-10-19,22.502756118774414
2006-10-20,22.39715003967285
2006-10-23,22.377349853515625
2006-10-24,22.504959106445312
2006-10-25,22.76677131652832
2006-10-26,22.82177734375
2006-10-27,22.441152572631836
2006-10-30,22.364151000976562
2006-10-31,22.793174743652344
2006-11-01,22.564361572265625
2006-11-02,22.6347599029541
2006-11-03,22.705167770385742
2006-11-06,23.24419403076172
2006-11-07,23.14518928527832
2006-11-08,23.2045955657959
2006-11-09,23.283796310424805
2006-11-10,23.316797256469727
2006-11-13,23.395999908447266
2006-11-14,23.76122283935547
2006-11-15,23.805219650268555
2006-11-16,23.565418243408203
2006-11-17,23.539011001586914
2006-11-20,23.44660758972168
2006-11-21,23.820619583129883
2006-11-22,23.98784065246582
2006-11-24,23.983436584472656
2006-11-27,23.53021240234375
2006-11-28,23.666614532470703
2006-11-29,24.049436569213867
2006-11-30,24.157243728637695
2006-12-01,24.0582332611084
2006-12-04,24.559860229492188
2006-12-05,24.988895416259766
2006-12-06,24.817272186279297
2006-12-07,24.729276657104492
2006-12-08,24.6192626953125
2006-12-11,24.630258560180664
2006-12-12,24.333251953125
2006-12-13,24.465251922607422
2006-12-14,24.883275985717773
2006-12-15,24.9932804107666
2006-12-18,24.819475173950195
2006-12-19,24.663267135620117
2006-12-20,24.93617057800293
2006-12-21,24.891542434692383
2006-12-22,24.980792999267578
2006-12-26,25.212873458862305
2006-12-27,25.57213020324707
2006-12-28,25.523040771484375
2006-12-29,25.476173400878906
2007-01-03,25.69261932373047
2007-01-04,25.33782386779785
2007-01-05,24.59699821472168
2007-01-08,24.77550506591797
2007-01-09,24.222124099731445
2007-01-10,24.16632843017578
2007-01-11,24.4720401763916
2007-01-12,24.969640731811523
2007-01-16,25.058902740478516
2007-01-17,24.954021453857422
2007-01-18,24.690710067749023
2007-01-19,25.134769439697266
2007-01-22,25.105756759643555
2007-01-23,25.677005767822266
2007-01-24,25.900144577026367
2007-01-25,25.103530883789062
2007-01-26,25.257490158081055
2007-01-29,24.92278480529785
2007-01-30,25.308818817138672
2007-01-31,25.50517463684082
2007-02-01,25.81758689880371
2007-02-02,25.73947525024414
2007-02-05,25.764020919799805
2007-02-06,26.018415451049805
2007-02-07,25.918001174926758
2007-02-08,25.779645919799805
2007-02-09,25.471710205078125
2007-02-12,25.29766082763672
2007-02-13,25.699325561523438
2007-02-14,26.252717971801758
2007-02-15,26.268335342407227
2007-02-16,26.328582763671875
2007-02-20,26.397750854492188
2007-02-21,26.47585678100586
2007-02-22,26.408906936645508
2007-02-23,26.219240188598633
2007-02-26,26.208086013793945
2007-02-27,24.077075958251953
2007-02-28,24.679555892944336
2007-03-01,24.324764251708984
2007-03-02,24.09939193725586
2007-03-05,23.481281280517578
2007-03-06,24.51220703125
2007-03-07,24.362695693969727
2007-03-08,24.991962432861328
2007-03-09,25.03658676147461
2007-03-12,25.159313201904297
2007-03-13,24.42740821838379
2007-03-14,24.62823486328125
2007-03-15,24.829059600830078
2007-03-16,24.617084503173828
2007-03-19,25.157079696655273
2007-03-20,25.322206497192383
2007-03-21,26.080896377563477
2007-03-22,25.96932029724121
2007-03-23,26.089811325073242
2007-03-26,26.074201583862305
2007-03-27,25.95816993713379
2007-03-28,25.49403190612793
2007-03-29,26.000560760498047
2007-03-30,25.996097564697266
2007-04-02,26.174604415893555
2007-04-03,26.60303497314453
2007-04-04,26.77039909362793
2007-04-05,26.79494857788086
2007-04-09,26.94891357421875
2007-04-10,27.076107025146484
2007-04-11,26.826190948486328
2007-04-12,27.274707794189453
2007-04-13,27.408586502075195
2007-04-16,27.734373092651367
2007-04-17,27.584869384765625
2007-04-18,27.379579544067383
2007-04-19,27.158672332763672
2007-04-20,27.482223510742188
2007-04-23,27.37288475036621
2007-04-24,27.368423461914062
2007-04-25,27.707592010498047
2007-04-26,27.63397216796875
2007-04-27,27.495615005493164
2007-04-30,26.964529037475586
2007-05-01,27.071636199951172
2007-05-02,27.609420776367188
2007-05-03,27.84148597717285
2007-05-04,27.832571029663086
2007-05-07,28.013303756713867
2007-05-08,27.64959144592285
2007-05-09,28.095869064331055
2007-05-10,27.408586502075195
2007-05-11,28.104793548583984
2007-05-14,27.82586097717285
2007-05-15,27.859346389770508
2007-05-16,28.263229370117188
2007-05-17,28.160581588745117
2007-05-18,28.30562400817871
2007-05-21,28.356945037841797
2007-05-22,28.361413955688477
2007-05-23,28.31678009033203
2007-05-24,27.63619613647461
2007-05-25,28.060161590576172
2007-05-29,27.964221954345703
2007-05-30,28.249832153320312
2007-05-31,28.33016014099121
2007-06-01,29.037540435791016
2007-06-04,28.908103942871094
2007-06-05,28.80769157409668
2007-06-06,28.082481384277344
2007-06-07,27.64959144592285
2007-06-08,28.138259887695312
2007-06-11,28.379255294799805
2007-06-12,27.88611602783203
2007-06-13,28.4439640045166
2007-06-14,28.8902587890625
2007-06-15,29.548524856567383
2007-06-18,29.57530975341797
2007-06-19,29.608779907226562
2007-06-20,29.356613159179688
2007-06-21,29.72257423400879
2007-06-22,29.329845428466797
2007-06-25,29.106698989868164
2007-06-26,28.852325439453125
2007-06-27,29.26290512084961
2007-06-28,29.26959800720215
2007-06-29,29.37224578857422
2007-07-02,29.968034744262695
2007-07-03,30.206790924072266
2007-07-05,30.340686798095703
2007-07-06,30.860599517822266
2007-07-09,31.159603118896484
2007-07-10,30.545969009399414
2007-07-11,30.798133850097656
2007-07-12,31.4742431640625
2007-07-13,31.864742279052734
2007-07-16,31.552349090576172
2007-07-17,31.527801513671875
2007-07-18,31.141761779785156
2007-07-19,31.45193099975586
2007-07-20,31.23548698425293
2007-07-23,32.13920211791992
2007-07-24,31.039119720458984
2007-07-25,31.217636108398438
2007-07-26,29.626623153686523
2007-07-27,29.242822647094727
2007-07-30,30.20010757446289
2007-07-31,29.581998825073242
2007-08-01,29.465972900390625
2007-08-02,29.79175567626953
2007-08-03,28.50644874572754
2007-08-06,29.015213012695312
2007-08-07,29.231672286987305
2007-08-08,30.213491439819336
2007-08-09,28.963899612426758
2007-08-10,28.46181869506836
2007-08-13,28.74298858642578
2007-08-14,27.999916076660156
2007-08-15,26.89982795715332
2007-08-16,26.4423770904541
2007-08-17,27.2791690826416
2007-08-20,27.334957122802734
2007-08-21,27.234542846679688
2007-08-22,28.406038284301758
2007-08-23,28.55107879638672
2007-08-24,29.231672286987305
2007-08-27,29.365556716918945
2007-08-28,28.1717472076416
2007-08-29,29.28744888305664
2007-08-30,29.137948989868164
2007-08-31,29.889938354492188
2007-09-04,30.39423370361328
2007-09-05,29.934566497802734
2007-09-06,30.168869018554688
2007-09-07,29.48827362060547
2007-09-10,29.510587692260742
2007-09-11,30.106388092041016
2007-09-12,30.213491439819336
2007-09-13,30.54819107055664
2007-09-14,30.60845375061035
2007-09-17,30.414316177368164
2007-09-18,31.887067794799805
2007-09-19,32.032100677490234
2007-09-20,31.93169593811035
2007-09-21,32.355655670166016
2007-09-24,32.757320404052734
2007-09-25,32.63459014892578
2007-09-26,33.069705963134766
2007-09-27,33.56062698364258
2007-09-28,33.34864807128906
2007-10-01,34.39741516113281
2007-10-02,34.631710052490234
2007-10-03,33.582950592041016
2007-10-04,33.91765594482422
2007-10-05,35.048988342285156
2007-10-08,34.67634201049805
2007-10-09,35.21633529663086
2007-10-10,35.26321029663086
2007-10-11,34.95304489135742
2007-10-12,35.591224670410156
2007-10-15,35.15609359741211
2007-10-16,34.5045166015625
2007-10-17,35.301143646240234
2007-10-18,35.47964859008789
2007-10-19,33.9622802734375
2007-10-22,34.207733154296875
2007-10-23,35.15609359741211
2007-10-24,34.92626190185547
2007-10-25,35.37031555175781
2007-10-26,36.372215270996094
2007-10-29,37.20900344848633
2007-10-30,36.506103515625
2007-10-31,37.307193756103516
2007-11-01,35.80097961425781
2007-11-02,36.00403594970703
2007-11-05,34.752220153808594
2007-11-06,36.07097244262695
2007-11-07,34.92179870605469
2007-11-08,35.10031509399414
2007-11-09,34.274688720703125
2007-11-12,32.37797927856445
2007-11-13,34.665184020996094
2007-11-14,34.69865036010742
2007-11-15,33.899803161621094
2007-11-16,34.319313049316406
2007-11-19,32.73723602294922
2007-11-20,33.636497497558594
2007-11-21,31.942846298217773
2007-11-23,32.88673782348633
2007-11-26,31.581348419189453
2007-11-27,32.79078674316406
2007-11-28,34.58708190917969
2007-11-29,34.163108825683594
2007-11-30,34.45319747924805
2007-12-03,34.15418243408203
2007-12-04,34.0649299621582
2007-12-05,35.57783508300781
2007-12-06,36.1379280090332
2007-12-07,35.70948791503906
2007-12-10,35.720645904541016
2007-12-11,34.207733154296875
2007-12-12,35.23419189453125
2007-12-13,34.26576232910156
2007-12-14,33.449058532714844
2007-12-17,32.023189544677734
2007-12-18,32.90235900878906
2007-12-19,33.11656951904297
2007-12-20,33.297325134277344
2007-12-21,34.30145263671875
2007-12-24,34.88160705566406
2007-12-26,35.06241989135742
2007-12-27,34.25331497192383
2007-12-28,34.382144927978516
2007-12-31,33.96854019165039
2008-01-02,33.40806198120117
2008-01-03,33.70864486694336
2008-01-04,32.69614791870117
2008-01-07,32.935707092285156
2008-01-08,32.680320739746094
2008-01-09,33.75157928466797
2008-01-10,34.14936065673828
2008-01-11,33.18883514404297
2008-01-14,33.6770133972168
2008-01-15,32.15373611450195
2008-01-16,30.815786361694336
2008-01-17,29.91853904724121
2008-01-18,30.6010799407959
2008-01-22,29.832660675048828
2008-01-23,30.022504806518555
2008-01-24,30.605606079101562
2008-01-25,30.140029907226562
2008-01-28,30.885848999023438
2008-01-29,30.734420776367188
2008-01-30,30.329877853393555
2008-01-31,30.937824249267578
2008-02-01,31.55482292175293
2008-02-04,31.651988983154297
2008-02-05,29.947925567626953
2008-02-06,29.457494735717773
2008-02-07,29.95697021484375
2008-02-08,29.900470733642578
2008-02-11,30.27111053466797
2008-02-12,30.7592716217041
2008-02-13,31.450855255126953
2008-02-14,31.04631233215332
2008-02-15,31.267791748046875
2008-02-19,31.676860809326172
2008-02-20,31.941293716430664
2008-02-21,31.49379539489746
2008-02-22,31.916439056396484
2008-02-25,32.51082229614258
2008-02-26,32.94023513793945
2008-02-27,33.218204498291016
2008-02-28,32.86112594604492
2008-02-29,31.55482292175293
2008-03-03,31.726585388183594
2008-03-04,30.98980712890625
2008-03-05,31.640705108642578
2008-03-06,30.555883407592773
2008-03-07,30.133249282836914
2008-03-10,29.60439682006836
2008-03-11,31.59550666809082
2008-03-12,31.01015853881836
2008-03-13,30.727651596069336
2008-03-14,29.63829803466797
2008-03-17,28.906044006347656
2008-03-18,30.408971786499023
2008-03-19,28.58285903930664
2008-03-20,29.064247131347656
2008-03-24,30.178442001342773
2008-03-25,30.64175796508789
2008-03-26,30.39316749572754
2008-03-27,30.246253967285156
2008-03-28,30.192012786865234
2008-03-31,30.370555877685547
2008-04-01,31.536746978759766
2008-04-02,31.55933380126953
2008-04-03,31.943546295166016
2008-04-04,31.814725875854492
2008-04-07,32.23735427856445
2008-04-08,32.061073303222656
2008-04-09,31.561599731445312
2008-04-10,32.013614654541016
2008-04-11,31.49154281616211
2008-04-14,31.416959762573242
2008-04-15,31.785350799560547
2008-04-16,32.72551727294922
2008-04-17,32.488216400146484
2008-04-18,32.97865676879883
2008-04-21,33.14590072631836
2008-04-22,32.83853530883789
2008-04-23,33.310890197753906
2008-04-24,32.88372802734375
2008-04-25,33.12556076049805
2008-04-28,33.06228256225586
2008-04-29,32.476924896240234
2008-04-30,33.14590072631836
2008-05-01,33.49845504760742
2008-05-02,33.81938552856445
2008-05-05,33.79454040527344
2008-05-06,34.17196273803711
2008-05-07,33.15494155883789
2008-05-08,33.4962043762207
2008-05-09,33.22273254394531
2008-05-12,33.64989471435547
2008-05-13,33.81035614013672
2008-05-14,33.8917121887207
2008-05-15,34.612667083740234
2008-05-16,35.05338668823242
2008-05-19,35.060150146484375
2008-05-20,34.45219421386719
2008-05-21,34.10190200805664
2008-05-22,34.201332092285156
2008-05-23,33.60468292236328
2008-05-27,33.55044174194336
2008-05-28,34.00245666503906
2008-05-29,34.07703399658203
2008-05-30,34.19456100463867
2008-06-02,33.787750244140625
2008-06-03,33.17753982543945
2008-06-04,32.888248443603516
2008-06-05,33.93464279174805
2008-06-06,32.7051887512207
2008-06-09,32.621559143066406
2008-06-10,31.868959426879883
2008-06-11,31.392107009887695
2008-06-12,31.57516860961914
2008-06-13,31.916439056396484
2008-06-16,32.02490997314453
2008-06-17,32.1605224609375
2008-06-18,32.00457763671875
2008-06-19,32.054290771484375
2008-06-20,31.007890701293945
2008-06-23,31.098285675048828
2008-06-24,30.960430145263672
2008-06-25,31.580364227294922
2008-06-26,30.49683380126953
2008-06-27,30.791728973388672
2008-06-30,31.024890899658203
2008-07-01,30.4716854095459
2008-07-02,29.60303497314453
2008-07-03,29.518451690673828
2008-07-07,29.413297653198242
2008-07-08,29.774473190307617
2008-07-09,29.173276901245117
2008-07-10,29.701324462890625
2008-07-11,29.502458572387695
2008-07-14,29.46587371826172
2008-07-15,28.97439956665039
2008-07-16,29.811050415039062
2008-07-17,29.95049476623535
2008-07-18,29.69217872619629
2008-07-21,30.060218811035156
2008-07-22,30.078510284423828
2008-07-23,30.1219539642334
2008-07-24,29.008689880371094
2008-07-25,29.207563400268555
2008-07-28,28.713794708251953
2008-07-29,30.304819107055664
2008-07-30,29.989355087280273
2008-07-31,29.317291259765625
2008-08-01,29.118423461914062
2008-08-04,28.226886749267578
2008-08-05,28.590354919433594
2008-08-06,29.159555435180664
2008-08-07,28.158308029174805
2008-08-08,28.226886749267578
2008-08-11,27.932004928588867
2008-08-12,27.69883155822754
2008-08-13,27.691972732543945
2008-08-14,28.055437088012695
2008-08-15,27.616544723510742
2008-08-18,27.150203704833984
2008-08-19,26.923891067504883
2008-08-20,27.60967445373535
2008-08-21,27.568544387817383
2008-08-22,27.547958374023438
2008-08-25,26.97876739501953
2008-08-26,27.026771545410156
2008-08-27,27.602827072143555
2008-08-28,27.794851303100586
2008-08-29,27.465673446655273
2008-09-02,26.6358699798584
2008-09-03,26.196971893310547
2008-09-04,24.989986419677734
2008-09-05,25.346593856811523
2008-09-08,25.662059783935547
2008-09-09,24.22191047668457
2008-09-10,24.612804412841797
2008-09-11,24.249343872070312
2008-09-12,25.058568954467773
2008-09-15,23.090360641479492
2008-09-16,23.28923797607422
2008-09-17,21.636497497558594
2008-09-18,23.460689544677734
2008-09-19,26.38214111328125
2008-09-22,24.660812377929688
2008-09-23,23.892732620239258
2008-09-24,24.16704750061035
2008-09-25,25.408321380615234
2008-09-26,24.544227600097656
2008-09-29,21.677644729614258
2008-09-30,23.43326187133789
2008-10-01,23.714427947998047
2008-10-02,21.636497497558594
2008-10-03,21.067304611206055
2008-10-06,19.483142852783203
2008-10-07,17.967552185058594
2008-10-08,17.967552185058594
2008-10-09,16.64398956298828
2008-10-10,16.836008071899414
2008-10-13,20.669544219970703
2008-10-14,19.640869140625
2008-10-15,16.465682983398438
2008-10-16,17.274913787841797
2008-10-17,16.733144760131836
2008-10-20,17.90583610534668
2008-10-21,16.479400634765625
2008-10-22,14.744368553161621
2008-10-23,15.155838012695312
2008-10-24,13.59225082397461
2008-10-27,13.235642433166504
2008-10-28,16.006216049194336
2008-10-29,15.498729705810547
2008-10-30,17.590373992919922
2008-10-31,17.439496994018555
2008-11-03,17.281768798828125
2008-11-04,18.85907554626465
2008-11-05,16.45882797241211
2008-11-06,15.629032135009766
2008-11-07,16.897733688354492
2008-11-10,17.055458068847656
2008-11-11,15.9924955368042
2008-11-12,14.806085586547852
2008-11-13,16.85658836364746
2008-11-14,15.238131523132324
2008-11-17,14.984389305114746
2008-11-18,14.764938354492188
2008-11-19,13.489383697509766
2008-11-20,12.52242660522461
2008-11-21,14.32603931427002
2008-11-24,15.196982383728027
2008-11-25,14.908951759338379
2008-11-26,16.047361373901367
2008-11-28,15.738755226135254
2008-12-01,14.223170280456543
2008-12-02,15.12154483795166
2008-12-03,15.244990348815918
2008-12-04,14.593497276306152
2008-12-05,15.457582473754883
2008-12-08,16.445104598999023
2008-12-09,16.218799591064453
2008-12-10,17.185758590698242
2008-12-11,16.746858596801758
2008-12-12,16.98002052307129
2008-12-15,16.75371551513672
2008-12-16,18.09099578857422
2008-12-17,17.775537490844727
2008-12-18,17.38463592529297
2008-12-19,17.446353912353516
2008-12-22,16.794862747192383
2008-12-23,16.65577507019043
2008-12-24,16.774005889892578
2008-12-26,16.718368530273438
2008-12-29,16.690542221069336
2008-12-30,17.135629653930664
2008-12-31,17.365123748779297
2009-01-02,18.19269561767578
2009-01-05,18.42914390563965
2009-01-06,18.84640884399414
2009-01-07,17.761524200439453
2009-01-08,17.685026168823242
2009-01-09,17.302528381347656
2009-01-12,16.57232093811035
2009-01-13,16.621000289916992
2009-01-14,15.814291000366211
2009-01-15,15.995107650756836
2009-01-16,16.168970108032227
2009-01-20,14.96585750579834
2009-01-21,15.779519081115723
2009-01-22,15.257941246032715
2009-01-23,15.452664375305176
2009-01-26,15.633481979370117
2009-01-27,15.911654472351074
2009-01-28,16.718368530273438
2009-01-29,15.869927406311035
2009-01-30,15.751701354980469
2009-02-02,15.591751098632812
2009-02-03,16.057697296142578
2009-02-04,16.175920486450195
2009-02-05,16.516681671142578
2009-02-06,17.344261169433594
2009-02-09,17.253854751586914
2009-02-10,16.2106990814209
2009-02-11,16.697500228881836
2009-02-12,16.593185424804688
2009-02-13,16.676631927490234
2009-02-17,15.612619400024414
2009-02-18,15.501349449157715
2009-02-19,15.355298042297363
2009-02-20,14.96585750579834
2009-02-23,14.597278594970703
2009-02-24,15.397025108337402
2009-02-25,15.132763862609863
2009-02-26,15.000629425048828
2009-02-27,14.764180183410645
2009-03-02,13.867061614990234
2009-03-03,14.061788558959961
2009-03-04,15.049309730529785
2009-03-05,14.43037223815918
2009-03-06,14.673776626586914
2009-03-09,14.388642311096191
2009-03-10,15.55698013305664
2009-03-11,15.55698013305664
2009-03-12,16.155057907104492
2009-03-13,16.245466232299805
2009-03-16,16.25937271118164
2009-03-17,16.614051818847656
2009-03-18,16.961767196655273
2009-03-19,16.850492477416992
2009-03-20,16.621000289916992
2009-03-23,18.15792465209961
2009-03-24,17.59461784362793
2009-03-25,17.858884811401367
2009-03-26,18.345691680908203
2009-03-27,17.803251266479492
2009-03-30,16.885272979736328
2009-03-31,17.253854751586914
2009-04-01,17.824111938476562
2009-04-02,18.790773391723633
2009-04-03,19.02027130126953
2009-04-06,18.783817291259766
2009-04-07,18.35264778137207
2009-04-08,18.623865127563477
2009-04-09,19.437532424926758
2009-04-13,19.55576515197754
2009-04-14,19.242816925048828
2009-04-15,19.52098846435547
2009-04-16,19.687889099121094
2009-04-17,19.548805236816406
2009-04-20,18.596052169799805
2009-04-21,18.992450714111328
2009-04-22,18.83249855041504
2009-04-23,19.12458610534668
2009-04-24,19.48621368408203
2009-04-27,18.83249855041504
2009-04-28,18.76991081237793
2009-04-29,19.757434844970703
2009-04-30,19.938247680664062
2009-05-01,20.230331420898438
2009-05-04,21.6281681060791
2009-05-05,21.43344497680664
2009-05-06,21.802024841308594
2009-05-07,21.259584426879883
2009-05-08,21.968935012817383
2009-05-11,21.454307556152344
2009-05-12,21.6073055267334
2009-05-13,20.814504623413086
2009-05-14,21.11354637145996
2009-05-15,20.9188175201416
2009-05-18,22.0802001953125
2009-05-19,22.330562591552734
2009-05-20,22.400102615356445
2009-05-21,21.98284149169922
2009-05-22,22.0802001953125
2009-05-26,22.34446907043457
2009-05-27,22.087154388427734
2009-05-28,22.76869010925293
2009-05-29,23.116405487060547
2009-06-01,24.090023040771484
2009-06-02,23.742307662963867
2009-06-03,22.90082359313965
2009-06-04,23.325035095214844
2009-06-05,23.37372398376465
2009-06-08,23.012096405029297
2009-06-09,23.053817749023438
2009-06-10,23.345901489257812
2009-06-11,23.846616744995117
2009-06-12,23.464130401611328
2009-06-15,22.622642517089844
2009-06-16,22.281883239746094
2009-06-17,22.031522750854492
2009-06-18,21.968935012817383
2009-06-19,22.0802001953125
2009-06-22,21.280447006225586
2009-06-23,21.418563842773438
2009-06-24,21.888294219970703
2009-06-25,22.54031753540039
2009-06-26,22.65950584411621
2009-06-29,22.827770233154297
2009-06-30,22.596405029296875
2009-07-01,23.01005744934082
2009-07-02,22.37906837463379
2009-07-06,22.32999610900879
2009-07-07,21.804168701171875
2009-07-08,21.551769256591797
2009-07-09,21.937376022338867
2009-07-10,21.677968978881836
2009-07-13,21.832210540771484
2009-07-14,22.070585250854492
2009-07-15,23.255443572998047
2009-07-16,23.297510147094727
2009-07-17,23.535879135131836
2009-07-20,24.3772029876709
2009-07-21,24.307090759277344
2009-07-22,24.251005172729492
2009-07-23,24.93807601928711
2009-07-24,24.818899154663086
2009-07-27,25.036231994628906
2009-07-28,24.924060821533203
2009-07-29,24.36318016052246
2009-07-30,24.966121673583984
2009-07-31,25.085311889648438
2009-08-03,26.024784088134766
2009-08-04,25.786405563354492
2009-08-05,25.56907081604004
2009-08-06,25.35873794555664
2009-08-07,25.611135482788086
2009-08-10,25.323680877685547
2009-08-11,24.84693717956543
2009-08-12,25.07128143310547
2009-08-13,25.50597381591797
2009-08-14,25.043243408203125
2009-08-17,24.061708450317383
2009-08-18,24.587535858154297
2009-08-19,24.650630950927734
2009-08-20,25.078296661376953
2009-08-21,25.456884384155273
2009-08-24,25.56907081604004
2009-08-25,25.51297950744629
2009-08-26,25.43585968017578
2009-08-27,25.386777877807617
2009-08-28,25.253578186035156
2009-08-31,24.755796432495117
2009-09-01,24.28605842590332
2009-09-02,24.54546356201172
2009-09-03,25.036231994628906
2009-09-04,25.519987106323242
2009-09-08,26.045822143554688
2009-09-09,26.186031341552734
2009-09-10,26.52956771850586
2009-09-11,26.543596267700195
2009-09-14,26.4454402923584
2009-09-15,26.760934829711914
2009-09-16,27.43398094177246
2009-09-17,27.286758422851562
2009-09-18,27.363882064819336
2009-09-21,27.125511169433594
2009-09-22,27.539152145385742
2009-09-23,27.125511169433594
2009-09-24,26.592676162719727
2009-09-25,26.70485496520996
2009-09-28,27.048383712768555
2009-09-29,27.111494064331055
2009-09-30,27.279743194580078
2009-10-01,26.53658676147461
2009-10-02,26.543596267700195
2009-10-05,27.160566329956055
2009-10-06,27.609264373779297
2009-10-07,27.581226348876953
2009-10-08,27.91774559020996
2009-10-09,27.93878173828125
2009-10-12,28.170143127441406
2009-10-13,28.219219207763672
2009-10-14,29.130657196044922
2009-10-15,28.969396591186523
2009-10-16,28.56978416442871
2009-10-19,29.116626739501953
2009-10-20,28.731029510498047
2009-10-21,28.576772689819336
2009-10-22,28.815162658691406
2009-10-23,28.576772689819336
2009-10-26,28.219219207763672
2009-10-27,27.728456497192383
2009-10-28,26.459470748901367
2009-10-29,27.630298614501953
2009-10-30,26.34027862548828
2009-11-02,26.732887268066406
2009-11-03,26.774961471557617
2009-11-04,27.272735595703125
2009-11-05,27.833621978759766
2009-11-06,27.798566818237305
2009-11-09,28.822166442871094
2009-11-10,28.68895149230957
2009-11-11,28.934343338012695
2009-11-12,28.289329528808594
2009-11-13,28.77308464050293
2009-11-16,29.495216369628906
2009-11-17,29.390050888061523
2009-11-18,29.158700942993164
2009-11-19,28.618846893310547
2009-11-20,28.499662399291992
2009-11-23,29.095600128173828
2009-11-24,28.934343338012695
2009-11-25,29.270872116088867
2009-11-27,28.135087966918945
2009-11-30,28.40851593017578
2009-12-01,29.2217960357666
2009-12-02,29.34098243713379
2009-12-03,29.067543029785156
2009-12-04,29.333969116210938
2009-12-07,29.08157730102539
2009-12-08,28.54172706604004
2009-12-09,28.716999053955078
2009-12-10,28.885263442993164
2009-12-11,28.99042510986328
2009-12-14,29.186742782592773
2009-12-15,28.885263442993164
2009-12-16,29.053524017333984
2009-12-17,28.219219207763672
2009-12-18,28.296337127685547
2009-12-21,28.26129150390625
2009-12-22,28.546112060546875
2009-12-23,28.82881736755371
2009-12-24,29.118593215942383
2009-12-28,29.217531204223633
2009-12-29,29.112911224365234
2009-12-30,29.24015998840332
2009-12-31,29.339136123657227
2010-01-04,30.194557189941406
2010-01-05,30.413724899291992
2010-01-06,30.477352142333984
2010-01-07,30.300609588623047
2010-01-08,30.540985107421875
2010-01-11,30.477352142333984
2010-01-12,29.989540100097656
2010-01-13,30.081443786621094
2010-01-14,30.003692626953125
2010-01-15,29.657272338867188
2010-01-19,30.258193969726562
2010-01-20,29.53001594543457
2010-01-21,28.639240264892578
2010-01-22,28.002967834472656
2010-01-25,28.20798110961914
2010-01-26,27.6212100982666
2010-01-27,27.550508499145508
2010-01-28,27.359621047973633
2010-01-29,27.062694549560547
2010-02-01,27.790882110595703
2010-02-02,28.017107009887695
2010-02-03,27.85450553894043
2010-02-04,26.59610366821289
2010-02-05,26.299182891845703
2010-02-08,26.037599563598633
2010-02-09,26.885957717895508
2010-02-10,26.815256118774414
2010-02-11,27.52223014831543
2010-02-12,27.175806045532227
2010-02-16,27.875713348388672
2010-02-17,27.974681854248047
2010-02-18,28.08072280883789
2010-02-19,27.840360641479492
2010-02-22,27.875713348388672
2010-02-23,27.23236846923828
2010-02-24,27.49394989013672
2010-02-25,27.26772689819336
2010-02-26,27.543439865112305
2010-03-01,28.01003646850586
2010-03-02,28.328168869018555
2010-03-03,28.363515853881836
2010-03-04,28.215055465698242
2010-03-05,28.95030403137207
2010-03-08,28.971515655517578
2010-03-09,29.134111404418945
2010-03-10,29.339136123657227
2010-03-11,29.34620475769043
2010-03-12,29.24722671508789
2010-03-15,29.035137176513672
2010-03-16,29.409835815429688
2010-03-17,29.72796630859375
2010-03-18,29.501737594604492
2010-03-19,29.119976043701172
2010-03-22,29.226015090942383
2010-03-23,29.431047439575195
2010-03-24,28.99271583557129
2010-03-25,28.914949417114258
2010-03-26,29.056350708007812
2010-03-29,29.579500198364258
2010-03-30,29.6926212310791
2010-03-31,29.777448654174805
2010-04-01,30.555116653442383
2010-04-05,30.830829620361328
2010-04-06,30.92273712158203
2010-04-07,30.654094696044922
2010-04-08,30.76014518737793
2010-04-09,30.951007843017578
2010-04-12,30.703582763671875
2010-04-13,30.63995361328125
2010-04-14,31.092411041259766
2010-04-15,30.92273712158203
2010-04-16,30.0178165435791
2010-04-19,29.897640228271484
2010-04-20,30.251127243041992
2010-04-21,30.152149200439453
2010-04-22,30.279401779174805
2010-04-23,30.442005157470703
2010-04-26,30.442005157470703
2010-04-27,29.353267669677734
2010-04-28,29.60072135925293
2010-04-29,30.088516235351562
2010-04-30,29.72796630859375
2010-05-03,29.890567779541016
2010-05-04,28.519044876098633
2010-05-05,28.002967834472656
2010-05-06,26.857683181762695
2010-05-07,26.999074935913086
2010-05-10,28.94322395324707
2010-05-11,28.42008399963379
2010-05-12,28.7735652923584
2010-05-13,28.504915237426758
2010-05-14,27.918140411376953
2010-05-17,27.748462677001953
2010-05-18,27.168746948242188
2010-05-19,26.90715980529785
2010-05-20,25.570999145507812
2010-05-21,26.398151397705078
2010-05-24,26.1224365234375
2010-05-25,25.839651107788086
2010-05-26,25.825515747070312
2010-05-27,27.387908935546875
2010-05-28,26.935441970825195
2010-06-01,26.440574645996094
2010-06-02,27.366687774658203
2010-06-03,27.26772689819336
2010-06-04,26.299182891845703
2010-06-07,25.889135360717773
2010-06-08,26.482980728149414
2010-06-09,26.34159278869629
2010-06-10,27.260650634765625
2010-06-11,27.40204429626465
2010-06-14,27.409114837646484
2010-06-15,28.236270904541016
2010-06-16,28.236270904541016
2010-06-17,28.094871520996094
2010-06-18,28.22212028503418
2010-06-21,28.70993423461914
2010-06-22,28.15850257873535
2010-06-23,28.2310791015625
2010-06-24,27.732933044433594
2010-06-25,28.060298919677734
2010-06-28,27.868146896362305
2010-06-29,26.736621856689453
2010-06-30,26.558713912963867
2010-07-01,26.7508602142334
2010-07-02,26.864727020263672
2010-07-06,27.362876892089844
2010-07-07,27.96778678894043
2010-07-08,28.102994918823242
2010-07-09,28.444581985473633
2010-07-12,28.21685791015625
2010-07-13,28.544221878051758
2010-07-14,28.487281799316406
2010-07-15,28.352066040039062
2010-07-16,27.505207061767578
2010-07-19,27.868146896362305
2010-07-20,28.52286720275879
2010-07-21,28.2310791015625
2010-07-22,29.085067749023438
2010-07-23,29.28432273864746
2010-07-26,29.48359489440918
2010-07-27,29.43377685546875
2010-07-28,29.270095825195312
2010-07-29,29.31991195678711
2010-07-30,29.462236404418945
2010-08-02,30.223703384399414
2010-08-03,30.081371307373047
2010-08-04,30.12407875061035
2010-08-05,29.988862991333008
2010-08-06,29.9461669921875
2010-08-09,30.102720260620117
2010-08-10,29.689966201782227
2010-08-11,28.743473052978516
2010-08-12,28.793283462524414
2010-08-13,28.94985580444336
2010-08-16,29.220272064208984
2010-08-17,29.52629280090332
2010-08-18,29.504940032958984
2010-08-19,29.277210235595703
2010-08-20,29.191804885864258
2010-08-23,28.928503036499023
2010-08-24,28.558441162109375
2010-08-25,28.3734130859375
2010-08-26,28.19550323486328
2010-08-27,28.81464195251465
2010-08-30,28.33783531188965
2010-08-31,28.50863265991211
2010-09-01,29.512048721313477
2010-09-02,29.56186866760254
2010-09-03,29.910573959350586
2010-09-07,29.476470947265625
2010-09-08,29.79672622680664
2010-09-09,29.96751594543457
2010-09-10,30.074256896972656
2010-09-13,30.793018341064453
2010-09-14,30.778789520263672
2010-09-15,30.821495056152344
2010-09-16,30.6649227142334
2010-09-17,30.615114212036133
2010-09-20,31.099021911621094
2010-09-21,31.006515502929688
2010-09-22,31.027860641479492
2010-09-23,30.828611373901367
2010-09-24,31.39792251586914
2010-09-27,31.341001510620117
2010-09-28,31.568714141845703
2010-09-29,31.675474166870117
2010-09-30,31.860492706298828
2010-10-01,32.330177307128906
2010-10-04,32.23054885864258
2010-10-05,32.81409454345703
2010-10-06,32.79986572265625
2010-10-07,32.508094787597656
2010-10-08,32.89950942993164
2010-10-11,32.87815856933594
2010-10-12,32.74293899536133
2010-10-13,33.347843170166016
2010-10-14,33.29090881347656
2010-10-15,33.248207092285156
2010-10-18,33.26243209838867
2010-10-19,32.209197998046875
2010-10-20,32.72158432006836
2010-10-21,32.72158432006836
2010-10-22,32.757164001464844
2010-10-25,33.113006591796875
2010-10-26,33.084529876708984
2010-10-27,32.5223274230957
2010-10-28,32.728702545166016
2010-10-29,32.82122802734375
2010-11-01,33.18415451049805
2010-11-02,33.596920013427734
2010-11-03,33.80329132080078
2010-11-04,34.571868896484375
2010-11-05,34.5078239440918
2010-11-08,34.36549758911133
2010-11-09,33.931396484375
2010-11-10,34.18046569824219
2010-11-11,33.84598922729492
2010-11-12,33.027591705322266
2010-11-15,33.01335906982422
2010-11-16,32.1451530456543
2010-11-17,32.30883026123047
2010-11-18,33.07741928100586
2010-11-19,33.098751068115234
2010-11-22,32.99912643432617
2010-11-23,31.953004837036133
2010-11-24,32.693119049072266
2010-11-26,31.881832122802734
2010-11-29,32.13092041015625
2010-11-30,31.867605209350586
2010-12-01,32.778526306152344
2010-12-02,33.42612075805664
2010-12-03,33.54709243774414
2010-12-06,33.49016571044922
2010-12-07,33.33361053466797
2010-12-08,33.12010955810547
2010-12-09,33.006248474121094
2010-12-10,33.15569305419922
2010-12-13,33.36918640136719
2010-12-14,33.41900634765625
2010-12-15,32.87815856933594
2010-12-16,32.970664978027344
2010-12-17,33.02048110961914
2010-12-20,32.87104034423828
2010-12-21,33.35085678100586
2010-12-22,33.465614318847656
2010-12-23,33.42975616455078
2010-12-27,33.32217025756836
2010-12-28,33.35085678100586
2010-12-29,33.77783203125
2010-12-30,33.9500617980957
2010-12-31,34.18687057495117
2011-01-03,34.5169677734375
2011-01-04,34.674842834472656
2011-01-05,34.5887336730957
2011-01-06,34.222747802734375
2011-01-07,33.90699768066406
2011-01-10,33.55537033081055
2011-01-11,33.914188385009766
2011-01-12,34.59590530395508
2011-01-13,34.29450988769531
2011-01-14,34.394981384277344
2011-01-18,34.34474563598633
2011-01-19,34.07923126220703
2011-01-20,33.706085205078125
2011-01-21,33.354461669921875
2011-01-24,33.61277770996094
2011-01-25,33.411865234375
2011-01-26,33.706085205078125
2011-01-27,33.59126281738281
2011-01-28,32.52919387817383
2011-01-31,32.8736572265625
2011-02-01,33.670188903808594
2011-02-02,33.41902542114258
2011-02-03,33.3759651184082
2011-02-04,33.36879348754883
2011-02-07,33.411865234375
2011-02-08,33.426212310791016
2011-02-09,32.658363342285156
2011-02-10,32.34979248046875
2011-02-11,32.74447250366211
2011-02-14,32.579429626464844
2011-02-15,32.644012451171875
2011-02-16,32.91670227050781
2011-02-17,33.031517028808594
2011-02-18,33.232452392578125
2011-02-22,32.17039108276367
2011-02-23,32.199100494384766
2011-02-24,32.278038024902344
2011-02-25,32.6655387878418
2011-02-28,32.85929489135742
2011-03-01,32.52201461791992
2011-03-02,32.96694564819336
2011-03-03,33.61995315551758
2011-03-04,33.65583801269531
2011-03-07,33.18222427368164
2011-03-08,33.62714385986328
2011-03-09,33.69172286987305
2011-03-10,32.69424819946289
2011-03-11,33.031517028808594
2011-03-14,33.225276947021484
2011-03-15,32.6727180480957
2011-03-16,32.00533676147461
2011-03-17,32.400020599365234
2011-03-18,32.457427978515625
2011-03-21,33.08174514770508
2011-03-22,33.18222427368164
2011-03-23,33.61995315551758
2011-03-24,34.00746154785156
2011-03-25,33.97159957885742
2011-03-28,33.79936599731445
2011-03-29,34.18687057495117
2011-03-30,34.62461853027344
2011-03-31,34.926002502441406
2011-04-01,35.485740661621094
2011-04-04,35.78714370727539
2011-04-05,35.71538543701172
2011-04-06,35.90913391113281
2011-04-07,35.873252868652344
2011-04-08,35.90913391113281
2011-04-11,35.485740661621094
2011-04-12,34.8183708190918
2011-04-13,35.105411529541016
2011-04-14,35.21304702758789
2011-04-15,35.256107330322266
2011-04-18,34.373443603515625
2011-04-19,34.86860275268555
2011-04-20,35.693843841552734
2011-04-21,36.00959396362305
2011-04-25,35.71538543701172
2011-04-26,36.02394485473633
2011-04-27,35.95935821533203
2011-04-28,35.665138244628906
2011-04-29,35.88042068481445
2011-05-02,35.88759994506836
2011-05-03,35.091060638427734
2011-05-04,34.509796142578125
2011-05-05,34.1796989440918
2011-05-06,34.62461853027344
2011-05-09,34.689208984375
2011-05-10,35.09823226928711
2011-05-11,34.32322311401367
2011-05-12,34.42367935180664
2011-05-13,33.670188903808594
2011-05-16,33.61995315551758
2011-05-17,33.727603912353516
2011-05-18,34.27299118041992
2011-05-19,34.0505256652832
2011-05-20,33.77783203125
2011-05-23,33.07456970214844
2011-05-24,33.40467071533203
2011-05-25,33.476436614990234
2011-05-26,33.90699768066406
2011-05-27,34.265811920166016
2011-05-31,34.82554626464844
2011-06-01,34.20122146606445
2011-06-02,34.524147033691406
2011-06-03,34.3519172668457
2011-06-06,33.79936599731445
2011-06-07,34.064876556396484
2011-06-08,33.82088851928711
2011-06-09,34.08640670776367
2011-06-10,33.34726333618164
2011-06-13,33.28984451293945
2011-06-14,33.79218673706055
2011-06-15,33.067405700683594
2011-06-16,32.81623077392578
2011-06-17,32.85929489135742
2011-06-20,32.80906295776367
2011-06-21,33.411865234375
2011-06-22,33.07918167114258
2011-06-23,33.03569030761719
2011-06-24,32.97770690917969
2011-06-27,33.36185073852539
2011-06-28,33.81846237182617
2011-06-29,34.13011169433594
2011-06-30,34.499752044677734
2011-07-01,34.9056396484375
2011-07-05,34.89113998413086
2011-07-06,34.659210205078125
2011-07-07,35.1375617980957
2011-07-08,34.73893356323242
2011-07-11,33.76771926879883
2011-07-12,33.42707061767578
2011-07-13,33.970664978027344
2011-07-14,33.60826873779297
2011-07-15,33.81846237182617
2011-07-18,33.42707061767578
2011-07-19,33.91267395019531
2011-07-20,34.014156341552734
2011-07-21,34.557735443115234
2011-07-22,34.5359992980957
2011-07-25,34.46351623535156
2011-07-26,34.5794792175293
2011-07-27,33.970664978027344
2011-07-28,33.999656677246094
2011-07-29,34.14461135864258
2011-08-01,34.115623474121094
2011-08-02,33.064674377441406
2011-08-03,32.9487190246582
2011-08-04,31.064273834228516
2011-08-05,30.861330032348633
2011-08-08,28.288349151611328
2011-08-09,29.94810676574707
2011-08-10,28.360820770263672
2011-08-11,29.926361083984375
2011-08-12,29.911869049072266
2011-08-15,30.6076717376709
2011-08-16,30.346744537353516
2011-08-17,30.564165115356445
2011-08-18,29.121850967407227
2011-08-19,28.759464263916016
2011-08-22,28.730472564697266
2011-08-23,29.737924575805664
2011-08-24,29.448007583618164
2011-08-25,28.875429153442383
2011-08-26,29.368276596069336
2011-08-29,30.317747116088867
2011-08-30,30.361242294311523
2011-08-31,30.984546661376953
2011-09-01,30.81785011291504
2011-09-02,30.12206268310547
2011-09-06,29.81041145324707
2011-09-07,30.69463539123535
2011-09-08,30.013330459594727
2011-09-09,28.998641967773438
2011-09-12,28.940654754638672
2011-09-13,28.98415184020996
2011-09-14,28.9044246673584
2011-09-15,29.324790954589844
2011-09-16,29.37552261352539
2011-09-19,28.505788803100586
2011-09-20,28.295591354370117
2011-09-21,27.244657516479492
2011-09-22,25.331233978271484
2011-09-23,26.005281448364258
2011-09-26,26.396663665771484
2011-09-27,27.237417221069336
2011-09-28,26.41840362548828
2011-09-29,26.780799865722656
2011-09-30,25.439943313598633
2011-10-03,24.903608322143555
2011-10-04,25.28774070739746
2011-10-05,25.87481689453125
2011-10-06,26.730064392089844
2011-10-07,26.41115379333496
2011-10-10,27.592565536499023
2011-10-11,27.607053756713867
2011-10-12,28.38257598876953
2011-10-13,28.128904342651367
2011-10-14,28.694225311279297
2011-10-17,27.723012924194336
2011-10-18,28.462308883666992
2011-10-19,27.918716430664062
2011-10-20,27.382369995117188
2011-10-21,28.165142059326172
2011-10-24,29.266815185546875
2011-10-25,28.686975479125977
2011-10-26,29.216073989868164
2011-10-27,30.99178695678711
2011-10-28,30.730880737304688
2011-10-31,29.578475952148438
2011-11-01,28.86092758178711
2011-11-02,29.745174407958984
2011-11-03,30.049575805664062
2011-11-04,29.853885650634766
2011-11-07,30.107561111450195
2011-11-08,30.46270179748535
2011-11-09,28.67973518371582
2011-11-10,28.868183135986328
2011-11-11,29.56397247314453
2011-11-14,29.15809440612793
2011-11-15,29.339284896850586
2011-11-16,28.549274444580078
2011-11-17,27.824487686157227
2011-11-18,27.933208465576172
2011-11-21,27.034473419189453
2011-11-22,27.128692626953125
2011-11-23,26.2517032623291
2011-11-25,26.16472625732422
2011-11-28,27.41860580444336
2011-11-29,27.295394897460938
2011-11-30,28.998641967773438
2011-12-01,28.911663055419922
2011-12-02,28.824691772460938
2011-12-05,29.29580307006836
2011-12-06,28.897171020507812
2011-12-07,29.013139724731445
2011-12-08,27.969449996948242
2011-12-09,28.534774780273438
2011-12-12,27.462099075317383
2011-12-13,27.208425521850586
2011-12-14,26.817033767700195
2011-12-15,26.990985870361328
2011-12-16,27.193927764892578
2011-12-19,26.490882873535156
2011-12-20,27.60091781616211
2011-12-21,27.6887264251709
2011-12-22,28.05459976196289
2011-12-23,28.16436004638672
2011-12-27,27.89361000061035
2011-12-28,27.425302505493164
2011-12-29,27.73994255065918
2011-12-30,27.761903762817383
2012-01-03,28.61071014404297
2012-01-04,28.449735641479492
2012-01-05,28.325328826904297
2012-01-06,27.9667911529541
2012-01-09,28.259479522705078
2012-01-10,28.874128341674805
2012-01-11,28.89609718322754
2012-01-12,29.01317024230957
2012-01-13,28.749744415283203
2012-01-17,29.298545837402344
2012-01-18,30.037586212158203
2012-01-19,30.301000595092773
2012-01-20,30.2790584564209
2012-01-23,30.57175636291504
2012-01-24,30.61564826965332
2012-01-25,30.959566116333008
2012-01-26,30.835176467895508
2012-01-27,30.996158599853516
2012-01-30,30.54979705810547
2012-01-31,30.813228607177734
2012-02-01,31.49373435974121
2012-02-02,31.581539154052734
2012-02-03,32.10839080810547
2012-02-06,31.837646484375
2012-02-07,31.90349769592285
2012-02-08,32.13033676147461
2012-02-09,32.11570739746094
2012-02-10,31.405929565429688
2012-02-13,31.918142318725586
2012-02-14,31.654708862304688
2012-02-15,31.742521286010742
2012-02-16,32.0864372253418
2012-02-17,32.14497375488281
2012-02-21,32.01325607299805
2012-02-22,32.07180404663086
2012-02-23,32.01325607299805
2012-02-24,32.33522415161133
2012-02-27,32.01325607299805
2012-02-28,32.45961380004883
2012-02-29,32.43767166137695
2012-03-01,32.7449836730957
2012-03-02,32.66450119018555
2012-03-05,32.10106658935547
2012-03-06,31.02543067932129
2012-03-07,31.39860725402832
2012-03-08,32.05716323852539
2012-03-09,32.04253005981445
2012-03-12,31.691303253173828
2012-03-13,32.55474853515625
2012-03-14,32.04253005981445
2012-03-15,32.298641204833984
2012-03-16,32.262054443359375
2012-03-19,32.137657165527344
2012-03-20,31.581539154052734
2012-03-21,31.64008903503418
2012-03-22,31.15713119506836
2012-03-23,31.39129066467285
2012-03-26,31.940101623535156
2012-03-27,31.771787643432617
2012-03-28,31.237625122070312
2012-03-29,31.2010440826416
2012-03-30,31.427881240844727
2012-04-02,31.859615325927734
2012-04-03,31.67666244506836
2012-04-04,31.105913162231445
2012-04-05,31.27422332763672
2012-04-09,30.813228607177734
2012-04-10,30.213199615478516
2012-04-11,30.5424861907959
2012-04-12,31.3254337310791
2012-04-13,30.849809646606445
2012-04-16,30.696142196655273
2012-04-17,31.047382354736328
2012-04-18,30.901039123535156
2012-04-19,30.761999130249023
2012-04-20,30.974214553833008
2012-04-23,30.38150405883789
2012-04-24,30.447357177734375
2012-04-25,30.72541046142578
2012-04-26,30.915668487548828
2012-04-27,30.959566116333008
2012-04-30,30.893718719482422
2012-05-01,31.098600387573242
2012-05-02,31.040063858032227
2012-05-03,30.805906295776367
2012-05-04,30.26441192626953
2012-05-07,30.37417984008789
2012-05-08,29.891246795654297
2012-05-09,29.50342559814453
2012-05-10,29.627819061279297
2012-05-11,29.247318267822266
2012-05-14,28.58144760131836
2012-05-15,28.332658767700195
2012-05-16,27.930204391479492
2012-05-17,27.54969596862793
2012-05-18,27.28627586364746
2012-05-21,27.93752098083496
2012-05-22,27.64482307434082
2012-05-23,27.454574584960938
2012-05-24,27.315549850463867
2012-05-25,27.183835983276367
2012-05-29,27.952146530151367
2012-05-30,27.469213485717773
2012-05-31,27.586292266845703
2012-06-01,26.847230911254883
2012-06-04,26.96430778503418
2012-06-05,27.037490844726562
2012-06-06,27.827754974365234
2012-06-07,27.99605941772461
2012-06-08,27.75458335876465
2012-06-11,27.352134704589844
2012-06-12,27.922883987426758
2012-06-13,27.8204345703125
2012-06-14,28.018009185791016
2012-06-15,28.53021812438965
2012-06-18,28.588756561279297
2012-06-19,29.049755096435547
2012-06-20,28.95462417602539
2012-06-21,27.89424705505371
2012-06-22,27.983104705810547
2012-06-25,27.464763641357422
2012-06-26,27.701719284057617
2012-06-27,27.879430770874023
2012-06-28,27.74614906311035
2012-06-29,28.975351333618164
2012-07-02,28.975351333618164
2012-07-03,29.55294418334961
2012-07-05,29.241945266723633
2012-07-06,28.708786010742188
2012-07-09,28.60512351989746
2012-07-10,28.286699295043945
2012-07-11,28.434804916381836
2012-07-12,27.960887908935547
2012-07-13,28.50145149230957
2012-07-16,28.434804916381836
2012-07-17,28.81244659423828
2012-07-18,28.7384090423584
2012-07-19,29.004972457885742
2012-07-20,28.57550048828125
2012-07-23,27.82760238647461
2012-07-24,27.709129333496094
2012-07-25,27.842416763305664
2012-07-26,28.471830368041992
2012-07-27,29.27155876159668
2012-07-30,29.101245880126953
2012-07-31,28.96794891357422
2012-08-01,29.01978874206543
2012-08-02,28.67916488647461
2012-08-03,29.5677490234375
2012-08-06,29.75286865234375
2012-08-07,29.834325790405273
2012-08-08,29.893558502197266
2012-08-09,30.019451141357422
2012-08-10,30.160152435302734
2012-08-13,29.893558502197266
2012-08-14,29.886167526245117
2012-08-15,29.841726303100586
2012-08-16,30.115707397460938
2012-08-17,29.96761703491211
2012-08-20,29.952808380126953
2012-08-21,29.908382415771484
2012-08-22,29.92318344116211
2012-08-23,29.649211883544922
2012-08-24,29.6566104888916
2012-08-27,29.353010177612305
2012-08-28,29.293771743774414
2012-08-29,29.153074264526367
2012-08-30,28.81244659423828
2012-08-31,29.0864315032959
2012-09-04,28.92353057861328
2012-09-05,28.775432586669922
2012-09-06,29.412248611450195
2012-09-07,30.0935001373291
2012-09-10,29.708438873291016
2012-09-11,30.06387710571289
2012-09-12,30.197158813476562
2012-09-13,31.01171112060547
2012-09-14,31.374547958374023
2012-09-17,31.033910751342773
2012-09-18,31.04873275756836
2012-09-19,31.04873275756836
2012-09-20,30.863605499267578
2012-09-21,30.93766212463379
2012-09-24,30.908042907714844
2012-09-25,30.44893455505371
2012-09-26,30.30824089050293
2012-09-27,30.78955841064453
2012-09-28,30.604429244995117
2012-10-01,30.908042907714844
2012-10-02,30.952457427978516
2012-10-03,30.745132446289062
2012-10-04,31.063535690307617
2012-10-05,31.063535690307617
2012-10-08,30.78955841064453
2012-10-09,30.560009002685547
2012-10-10,30.3748836517334
2012-10-11,30.656274795532227
2012-10-12,30.560009002685547
2012-10-15,30.73771858215332
2012-10-16,31.056133270263672
2012-10-17,31.30050277709961
2012-10-18,31.211641311645508
2012-10-19,30.73033332824707
2012-10-22,31.02652359008789
2012-10-23,30.389699935913086
2012-10-24,30.419321060180664
2012-10-25,30.752527236938477
2012-10-26,30.515586853027344
2012-10-31,30.471155166625977
2012-11-01,30.967269897460938
2012-11-02,30.804365158081055
2012-11-05,30.952457427978516
2012-11-06,31.196821212768555
2012-11-07,30.68589210510254
2012-11-08,30.300827026367188
2012-11-09,30.36008644104004
2012-11-12,30.471155166625977
2012-11-13,30.197158813476562
2012-11-14,29.73065948486328
2012-11-15,29.834325790405273
2012-11-16,29.92318344116211
2012-11-19,30.44893455505371
2012-11-20,30.389699935913086
2012-11-21,30.330455780029297
2012-11-23,30.826589584350586
2012-11-26,30.826589584350586
2012-11-27,30.567413330078125
2012-11-28,30.73771858215332
2012-11-29,30.95987319946289
2012-11-30,30.94506072998047
2012-12-03,30.930252075195312
2012-12-04,31.019121170043945
2012-12-05,31.35232925415039
2012-12-06,31.58928871154785
2012-12-07,31.6855525970459
2012-12-10,31.86326789855957
2012-12-11,32.026180267333984
2012-12-12,32.1224365234375
2012-12-13,31.98175048828125
2012-12-14,32.1224365234375
2012-12-17,32.203895568847656
2012-12-18,32.42887878417969
2012-12-19,32.413978576660156
2012-12-20,32.607669830322266
2012-12-21,32.235191345214844
2012-12-24,32.16813278198242
2012-12-26,32.264984130859375
2012-12-27,32.44682312011719
2012-12-28,32.566043853759766
2012-12-31,33.05043029785156
2013-01-02,33.69878005981445
2013-01-03,33.46030807495117
2013-01-04,33.527381896972656
2013-01-07,33.27401351928711
2013-01-08,32.975921630859375
2013-01-09,33.11750793457031
2013-01-10,33.40814971923828
2013-01-11,33.139862060546875
2013-01-14,33.28145980834961
2013-01-15,33.139862060546875
2013-01-16,33.11005401611328
2013-01-17,33.296363830566406
2013-01-18,33.370887756347656
2013-01-22,33.318729400634766
2013-01-23,33.139862060546875
2013-01-24,33.020633697509766
2013-01-25,32.90884780883789
2013-01-28,32.677825927734375
2013-01-29,33.042991638183594
2013-01-30,32.88650131225586
2013-01-31,32.95357131958008
2013-02-01,33.169673919677734
2013-02-04,32.72999572753906
2013-02-05,32.76725387573242
2013-02-06,32.72999572753906
2013-02-07,32.439361572265625
2013-02-08,32.677825927734375
2013-02-11,32.66292953491211
2013-02-12,32.75235366821289
2013-02-13,32.916297912597656
2013-02-14,32.901397705078125
2013-02-15,32.782169342041016
2013-02-19,32.84923553466797
2013-02-20,32.55860900878906
2013-02-21,32.1114616394043
2013-02-22,32.25305938720703
2013-02-25,31.820829391479492
2013-02-26,31.999677658081055
2013-02-27,32.34994125366211
2013-02-28,32.20089340209961
2013-03-01,32.27541732788086
2013-03-04,31.96986961364746
2013-03-05,32.35738754272461
2013-03-06,32.513877868652344
2013-03-07,32.60330581665039
2013-03-08,32.88650131225586
2013-03-11,32.7076416015625
2013-03-12,32.33503341674805
2013-03-13,32.02949142456055
2013-03-14,32.163631439208984
2013-03-15,31.873004913330078
2013-03-18,31.515296936035156
2013-03-19,31.29172134399414
2013-03-20,31.470582962036133
2013-03-21,31.15013313293457
2013-03-22,31.269371032714844
2013-03-25,31.23956298828125
2013-03-26,31.686697006225586
2013-03-27,31.80592155456543
2013-03-28,31.873004913330078
2013-04-01,31.530195236206055
2013-04-02,31.545106887817383
2013-04-03,31.172487258911133
2013-04-04,31.08306312561035
2013-04-05,31.008544921875
2013-04-08,31.06070899963379
2013-04-09,31.366249084472656
2013-04-10,31.664335250854492
2013-04-11,31.694141387939453
2013-04-12,31.20975685119629
2013-04-15,30.449626922607422
2013-04-16,31.075611114501953
2013-04-17,30.58378028869629
2013-04-18,30.58378028869629
2013-04-19,31.030895233154297
2013-04-22,31.179941177368164
2013-04-23,31.32899284362793
2013-04-24,31.515296936035156
2013-04-25,31.79846954345703
2013-04-26,31.478031158447266
2013-04-29,31.80592155456543
2013-04-30,32.26050567626953
2013-05-01,31.910245895385742
2013-05-02,32.163631439208984
2013-05-03,32.431907653808594
2013-05-06,32.47662353515625
2013-05-07,32.7076416015625
2013-05-08,32.96101760864258
2013-05-09,32.7225456237793
2013-05-10,32.46916961669922
2013-05-13,32.171085357666016
2013-05-14,32.32012939453125
2013-05-15,32.327579498291016
2013-05-16,32.21579360961914
2013-05-17,32.35738754272461
2013-05-20,32.439361572265625
2013-05-21,32.37229919433594
2013-05-22,32.01459503173828
2013-05-23,31.776123046875
2013-05-24,31.50038719177246
2013-05-28,31.67178726196289
2013-05-29,31.269371032714844
2013-05-30,31.269371032714844
2013-05-31,30.703001022338867
2013-06-03,31.1575927734375
2013-06-04,30.77752685546875
2013-06-05,30.226058959960938
2013-06-06,30.479434967041016
2013-06-07,30.32294273376465
2013-06-10,29.91307258605957
2013-06-11,29.34670066833496
2013-06-12,29.145496368408203
2013-06-13,29.7640323638916
2013-06-14,29.29454231262207
2013-06-17,29.562808990478516
2013-06-18,29.68950653076172
2013-06-19,28.772878646850586
2013-06-20,27.483661651611328
2013-06-21,27.87862777709961
2013-06-24,27.312265396118164
2013-06-25,27.893531799316406
2013-06-26,28.333206176757812
2013-06-27,28.901729583740234
2013-06-28,29.067825317382812
2013-07-01,29.15843391418457
2013-07-02,28.637475967407227
2013-07-03,28.373226165771484
2013-07-05,28.192020416259766
2013-07-08,28.229782104492188
2013-07-09,28.599720001220703
2013-07-10,28.327922821044922
2013-07-11,29.71713638305664
2013-07-12,29.400039672851562
2013-07-15,29.70204734802246
2013-07-16,29.822845458984375
2013-07-17,30.09463882446289
2013-07-18,29.739791870117188
2013-07-19,29.65673828125
2013-07-22,29.951181411743164
2013-07-23,30.275846481323242
2013-07-24,29.966297149658203
2013-07-25,30.13994598388672
2013-07-26,30.072002410888672
2013-07-29,29.694496154785156
2013-07-30,29.62653923034668
2013-07-31,29.452877044677734
2013-08-01,29.98894500732422
2013-08-02,29.981393814086914
2013-08-05,29.792638778686523
2013-08-06,29.415136337280273
2013-08-07,29.098037719726562
2013-08-08,29.65673828125
2013-08-09,29.71713638305664
2013-08-12,29.996496200561523
2013-08-13,30.177696228027344
2013-08-14,30.275846481323242
2013-08-15,29.928550720214844
2013-08-16,29.671842575073242
2013-08-19,29.113134384155273
2013-08-20,29.060287475585938
2013-08-21,28.380769729614258
2013-08-22,28.841325759887695
2013-08-23,29.181079864501953
2013-08-26,28.86397361755371
2013-08-27,28.199575424194336
2013-08-28,28.259971618652344
2013-08-29,28.48647689819336
2013-08-30,28.705421447753906
2013-09-03,28.886632919311523
2013-09-04,29.400039672851562
2013-09-05,29.747339248657227
2013-09-06,30.185243606567383
2013-09-09,30.97800636291504
2013-09-10,31.212053298950195
2013-09-11,31.234704971313477
2013-09-12,30.872304916381836
2013-09-13,31.076156616210938
2013-09-16,31.423446655273438
2013-09-17,31.355510711669922
2013-09-18,32.669219970703125
2013-09-19,32.495574951171875
2013-09-20,31.77075958251953
2013-09-23,31.88401985168457
2013-09-24,31.61220932006836
2013-09-25,31.370603561401367
2013-09-26,31.49895668029785
2013-09-27,31.129011154174805
2013-09-30,30.774152755737305
2013-10-01,31.38570785522461
2013-10-02,31.506498336791992
2013-10-03,31.38570785522461
2013-10-04,31.793415069580078
2013-10-07,31.5216064453125
2013-10-08,31.219600677490234
2013-10-09,31.453651428222656
2013-10-10,32.193572998046875
2013-10-11,32.33702087402344
2013-10-14,32.52576446533203
2013-10-15,32.20866394042969
2013-10-16,32.465362548828125
2013-10-17,32.669219970703125
2013-10-18,32.69942855834961
2013-10-21,32.646583557128906
2013-10-22,32.96368408203125
2013-10-23,32.193572998046875
2013-10-24,32.12561798095703
2013-10-25,32.276615142822266
2013-10-28,32.465362548828125
2013-10-29,32.57107162475586
2013-10-30,32.389869689941406
2013-10-31,32.05767059326172
2013-11-01,32.07277297973633
2013-11-04,32.26906967163086
2013-11-05,31.619760513305664
2013-11-06,31.717918395996094
2013-11-07,31.14410972595215
2013-11-08,31.076156616210938
2013-11-11,30.9176025390625
2013-11-12,30.751506805419922
2013-11-13,30.804357528686523
2013-11-14,31.30265235900879
2013-11-15,31.899118423461914
2013-11-18,32.18601989746094
2013-11-19,31.98971939086914
2013-11-20,31.551809310913086
2013-11-21,31.5216064453125
2013-11-22,31.74812126159668
2013-11-25,31.340402603149414
2013-11-26,31.44611358642578
2013-11-27,31.64996337890625
2013-11-29,31.974620819091797
2013-12-02,31.30265235900879
2013-12-03,31.196956634521484
2013-12-04,31.15921401977539
2013-12-05,30.97800636291504
2013-12-06,31.66506004333496
2013-12-09,31.710372924804688
2013-12-10,31.7254581451416
2013-12-11,31.02330780029297
2013-12-12,30.84210968017578
2013-12-13,30.9176025390625
2013-12-16,31.121458053588867
2013-12-17,30.84965705871582
2013-12-18,31.463695526123047
2013-12-19,30.884693145751953
2013-12-20,30.8389835357666
2013-12-23,31.067529678344727
2013-12-24,31.25037384033203
2013-12-26,30.983726501464844
2013-12-27,31.463695526123047
2013-12-30,31.60081672668457
2013-12-31,31.844602584838867
2014-01-02,30.618045806884766
2014-01-03,30.56472396850586
2014-01-06,30.27523422241211
2014-01-07,30.40474510192871
2014-01-08,30.305702209472656
2014-01-09,30.145723342895508
2014-01-10,30.678997039794922
2014-01-13,30.313323974609375
2014-01-14,30.640907287597656
2014-01-15,30.633289337158203
2014-01-16,30.465696334838867
2014-01-17,30.313323974609375
2014-01-21,30.267614364624023
2014-01-22,30.671377182006836
2014-01-23,29.91717529296875
2014-01-24,29.13248062133789
2014-01-27,29.01820945739746
2014-01-28,29.2010440826416
2014-01-29,28.78203773498535
2014-01-30,29.048683166503906
2014-01-31,29.09439468383789
2014-02-03,28.271604537963867
2014-02-04,28.84298324584961
2014-02-05,28.736326217651367
2014-02-06,29.338176727294922
2014-02-07,29.505775451660156
2014-02-10,29.178190231323242
2014-02-11,29.810501098632812
2014-02-12,29.818134307861328
2014-02-13,29.84859848022461
2014-02-14,30.214279174804688
2014-02-18,29.93240737915039
2014-02-19,29.726701736450195
2014-02-20,29.8333683013916
2014-02-21,30.0390625
2014-02-24,30.0390625
2014-02-25,29.69623565673828
2014-02-26,29.71908187866211
2014-02-27,30.282852172851562
2014-02-28,30.077152252197266
2014-03-03,29.543865203857422
2014-03-04,30.04667854309082
2014-03-05,30.06952476501465
2014-03-06,30.49616241455078
2014-03-07,30.107622146606445
2014-03-10,29.901935577392578
2014-03-11,29.566730499267578
2014-03-12,29.627670288085938
2014-03-13,29.09439468383789
2014-03-14,29.254377365112305
2014-03-17,29.61244010925293
2014-03-18,30.023826599121094
2014-03-19,29.38388442993164
2014-03-20,29.513404846191406
2014-03-21,29.69623565673828
2014-03-24,29.98573112487793
2014-03-25,30.32855224609375
2014-03-26,30.39712142944336
2014-03-27,30.793275833129883
2014-03-28,31.037059783935547
2014-03-31,31.242753982543945
2014-04-01,31.60843849182129
2014-04-02,31.669376373291016
2014-04-03,31.547483444213867
2014-04-04,31.463695526123047
2014-04-07,31.60081672668457
2014-04-08,31.966493606567383
2014-04-09,32.21027755737305
2014-04-10,31.867456436157227
2014-04-11,31.867456436157227
2014-04-14,31.798900604248047
2014-04-15,31.318939208984375
2014-04-16,31.715099334716797
2014-04-17,32.00458908081055
2014-04-21,31.80651092529297
2014-04-22,31.72270965576172
2014-04-23,31.494163513183594
2014-04-24,31.52463150024414
2014-04-25,31.098012924194336
2014-04-28,31.25037384033203
2014-04-29,31.547483444213867
2014-04-30,31.486541748046875
2014-05-01,31.52463150024414
2014-05-02,31.699859619140625
2014-05-05,31.52463150024414
2014-05-06,31.669376373291016
2014-05-07,31.836984634399414
2014-05-08,31.760801315307617
2014-05-09,31.707462310791016
2014-05-12,32.240753173828125
2014-05-13,32.36265563964844
2014-05-14,32.591209411621094
2014-05-15,32.28647232055664
2014-05-16,32.71308517456055
2014-05-19,32.71308517456055
2014-05-20,32.44645309448242
2014-05-21,32.69785690307617
2014-05-22,32.92639923095703
2014-05-23,32.86545944213867
2014-05-27,32.58359146118164
2014-05-28,32.774044036865234
2014-05-29,32.86545944213867
2014-05-30,32.415977478027344
2014-06-02,32.5150146484375
2014-06-03,32.69785690307617
2014-06-04,32.5150146484375
2014-06-05,32.857845306396484
2014-06-06,33.1854248046875
2014-06-09,33.30732727050781
2014-06-10,33.482540130615234
2014-06-11,33.368263244628906
2014-06-12,33.20827865600586
2014-06-13,33.22352981567383
2014-06-16,33.07115936279297
2014-06-17,33.07876205444336
2014-06-18,33.444454193115234
2014-06-19,33.25400161743164
2014-06-20,33.1854248046875
2014-06-23,33.11687088012695
2014-06-24,33.10163116455078
2014-06-25,33.171504974365234
2014-06-26,33.20989227294922
2014-06-27,33.286685943603516
2014-06-30,33.19453811645508
2014-07-01,33.50936508178711
2014-07-02,33.709007263183594
2014-07-03,33.90864562988281
2014-07-07,33.8856086730957
2014-07-08,33.7320442199707
2014-07-09,33.924007415771484
2014-07-10,33.739715576171875
2014-07-11,33.701316833496094
2014-07-14,33.9623908996582
2014-07-15,33.93936538696289
2014-07-16,34.02383804321289
2014-07-17,33.38648986816406
2014-07-18,33.90864562988281
2014-07-21,34.02383804321289
2014-07-22,34.33864974975586
2014-07-23,34.369361877441406
2014-07-24,34.52293014526367
2014-07-25,34.38471984863281
2014-07-28,34.62275695800781
2014-07-29,34.41543960571289
2014-07-30,34.246498107910156
2014-07-31,33.64757537841797
2014-08-01,33.83185577392578
2014-08-04,34.14668273925781
2014-08-05,33.62454605102539
2014-08-06,33.39418411254883
2014-08-07,33.263648986816406
2014-08-08,33.5631103515625
2014-08-11,33.99310302734375
2014-08-12,34.03150939941406
2014-08-13,34.215797424316406
2014-08-14,34.2695426940918
2014-08-15,34.17739486694336
2014-08-18,34.50757598876953
2014-08-19,34.66881561279297
2014-08-20,34.59972381591797
2014-08-21,34.453826904296875
2014-08-22,34.3616828918457
2014-08-25,34.61507797241211
2014-08-26,34.82239532470703
2014-08-27,34.99900817871094
2014-08-28,34.65346908569336
2014-08-29,34.59972381591797
2014-09-02,34.54597854614258
2014-09-03,34.99900817871094
2014-09-04,34.9068603515625
2014-09-05,35.206321716308594
2014-09-08,34.79168701171875
2014-09-09,34.3616828918457
2014-09-10,34.215797424316406
2014-09-11,33.98543167114258
2014-09-12,33.62454605102539
2014-09-15,33.45560836791992
2014-09-16,33.8932991027832
2014-09-17,33.57846450805664
2014-09-18,33.62454605102539
2014-09-19,33.37114715576172
2014-09-22,32.864356994628906
2014-09-23,32.68006896972656
2014-09-24,33.148468017578125
2014-09-25,32.42668151855469
2014-09-26,32.572566986083984
2014-09-29,31.912214279174805
2014-09-30,31.912214279174805
2014-10-01,31.25952911376953
2014-10-02,31.4284725189209
2014-10-03,31.697216033935547
2014-10-06,32.11185836791992
2014-10-07,31.8277530670166
2014-10-08,32.3038215637207
2014-10-09,31.797029495239258
2014-10-10,31.10596466064453
2014-10-13,31.420780181884766
2014-10-14,31.60507583618164
2014-10-15,31.205778121948242
2014-10-16,30.921672821044922
2014-10-17,31.2672119140625
2014-10-20,31.359359741210938
2014-10-21,31.489885330200195
2014-10-22,31.282573699951172
2014-10-23,31.27489471435547
2014-10-24,31.49757194519043
2014-10-27,31.251855850219727
2014-10-28,31.881502151489258
2014-10-29,31.927574157714844
2014-10-30,32.227027893066406
2014-10-31,32.36525344848633
2014-11-03,32.09649658203125
2014-11-04,32.12721633911133
2014-11-05,31.843109130859375
2014-11-06,31.45149803161621
2014-11-07,31.651153564453125
2014-11-10,31.735614776611328
2014-11-11,31.70488929748535
2014-11-12,31.643457412719727
2014-11-13,31.559001922607422
2014-11-14,31.8200740814209
2014-11-17,31.482213973999023
2014-11-18,31.651153564453125
2014-11-19,31.635784149169922
2014-11-20,31.582035064697266
2014-11-21,32.58793640136719
2014-11-24,32.31917953491211
2014-11-25,32.11185836791992
2014-11-26,32.51881790161133
2014-11-28,31.866147994995117
2014-12-01,31.320964813232422
2014-12-02,31.31328773498535
2014-12-03,31.397748947143555
2014-12-04,31.45149803161621
2014-12-05,31.39006996154785
2014-12-08,30.929353713989258
2014-12-09,30.637571334838867
2014-12-10,30.184524536132812
2014-12-11,29.93113899230957
2014-12-12,29.43971061706543
2014-12-15,29.017383575439453
2014-12-16,28.9713134765625
2014-12-17,29.63727378845215
2014-12-18,30.04230308532715
2014-12-19,30.252613067626953
2014-12-22,30.673215866088867
2014-12-23,30.392810821533203
2014-12-24,30.46291732788086
2014-12-26,30.704376220703125
2014-12-29,30.517440795898438
2014-12-30,30.579757690429688
2014-12-31,30.60312271118164
2015-01-02,30.198091506958008
2015-01-05,29.660648345947266
2015-01-06,29.536020278930664
2015-01-07,30.174720764160156
2015-01-08,30.68880271911621
2015-01-09,30.587543487548828
2015-01-12,30.338289260864258
2015-01-13,30.60312271118164
2015-01-14,30.431764602661133
2015-01-15,30.501863479614258
2015-01-16,30.758895874023438
2015-01-20,30.712173461914062
2015-01-21,31.38981056213379
2015-01-22,31.989559173583984
2015-01-23,31.748106002807617
2015-01-26,31.76369285583496
2015-01-27,31.592330932617188
2015-01-28,31.249605178833008
2015-01-29,31.249605178833008
2015-01-30,30.392810821533203
2015-02-02,30.93804168701172
2015-02-03,31.522212982177734
2015-02-04,31.366436004638672
2015-02-05,31.55338478088379
2015-02-06,31.015941619873047
2015-02-09,30.969202041625977
2015-02-10,30.891307830810547
2015-02-11,30.665428161621094
2015-02-12,31.319713592529297
2015-02-13,31.678001403808594
2015-02-17,31.60791015625
2015-02-18,31.60011100769043
2015-02-19,31.46769905090332
2015-02-20,31.678001403808594
2015-02-23,31.358644485473633
2015-02-24,31.81041717529297
2015-02-25,31.748106002807617
2015-02-26,31.755903244018555
2015-02-27,31.732528686523438
2015-03-02,31.685792922973633
2015-03-03,31.444334030151367
2015-03-04,31.101621627807617
2015-03-05,31.05487823486328
2015-03-06,30.579757690429688
2015-03-09,30.46291732788086
2015-03-10,29.785274505615234
2015-03-11,30.011150360107422
2015-03-12,30.198091506958008
2015-03-13,29.83200454711914
2015-03-16,30.19029998779297
2015-03-17,30.540803909301758
2015-03-18,31.288555145263672
2015-03-19,30.758895874023438
2015-03-20,31.218461990356445
2015-03-23,31.31192398071289
2015-03-24,31.43654441833496
2015-03-25,30.93804168701172
2015-03-26,30.649852752685547
2015-03-27,30.735530853271484
2015-03-30,31.327499389648438
2015-03-31,31.257396697998047
2015-04-01,31.646846771240234
2015-04-02,32.12198257446289
2015-04-06,32.534793853759766
2015-04-07,32.3712272644043
2015-04-08,33.04887771606445
2015-04-09,33.37601852416992
2015-04-10,33.39937973022461
2015-04-13,33.204654693603516
2015-04-14,33.35264587402344
2015-04-15,33.58631896972656
2015-04-16,33.85115051269531
2015-04-17,33.259178161621094
2015-04-20,33.228023529052734
2015-04-21,33.42274475097656
2015-04-22,33.78105163574219
2015-04-23,34.03029251098633
2015-04-24,34.15491485595703
2015-04-27,34.28733825683594
2015-04-28,34.341861724853516
2015-04-29,33.9134635925293
2015-04-30,33.39937973022461
2015-05-01,33.601890563964844
2015-05-04,33.79661560058594
2015-05-05,33.430538177490234
2015-05-06,33.01771545410156
2015-05-07,32.97098159790039
2015-05-08,33.39159393310547
2015-05-11,33.072235107421875
2015-05-12,32.963191986083984
2015-05-13,33.025508880615234
2015-05-14,33.35264587402344
2015-05-15,33.60969161987305
2015-05-18,33.26696014404297
2015-05-19,33.321495056152344
2015-05-20,33.298118591308594
2015-05-21,33.1812858581543
2015-05-22,33.29033660888672
2015-05-26,32.760684967041016
2015-05-27,32.76847457885742
2015-05-28,32.34007263183594
2015-05-29,32.028507232666016
2015-06-01,31.903886795043945
2015-06-02,32.028507232666016
2015-06-03,31.864948272705078
2015-06-04,31.382015228271484
2015-06-05,31.2418270111084
2015-06-08,31.234025955200195
2015-06-09,31.04709243774414
2015-06-10,31.498849868774414
2015-06-11,31.343074798583984
2015-06-12,31.343074798583984
2015-06-15,30.992572784423828
2015-06-16,31.0003604888916
2015-06-17,31.187294006347656
2015-06-18,31.475492477416992
2015-06-19,31.202871322631836
2015-06-22,31.65462875366211
2015-06-23,31.96619987487793
2015-06-24,31.740318298339844
2015-06-25,31.63124656677246
2015-06-26,31.33304786682129
2015-06-29,30.63467025756836
2015-06-30,31.08980369567871
2015-07-01,31.066253662109375
2015-07-02,31.21534538269043
2015-07-06,30.34433937072754
2015-07-07,29.88921546936035
2015-07-08,28.86124610900879
2015-07-09,29.418386459350586
2015-07-10,30.16385269165039
2015-07-13,30.36787986755371
2015-07-14,30.422805786132812
2015-07-15,30.07753562927246
2015-07-16,30.45419692993164
2015-07-17,30.414962768554688
2015-07-20,30.21878433227539
2015-07-21,30.22663688659668
2015-07-22,29.7950496673584
2015-07-23,29.504703521728516
2015-07-24,29.080970764160156
2015-07-27,28.531679153442383
2015-07-28,28.822023391723633
2015-07-29,29.10451316833496
2015-07-30,28.814170837402344
2015-07-31,29.128055572509766
2015-08-03,28.64154052734375
2015-08-04,28.74355125427246
2015-08-05,28.751392364501953
2015-08-06,28.500288009643555
2015-08-07,28.48459815979004
2015-08-10,28.9632625579834
2015-08-11,28.32765769958496
2015-08-12,27.88823127746582
2015-08-13,27.841142654418945
2015-08-14,27.880382537841797
2015-08-17,27.574344635009766
2015-08-18,27.27616310119629
2015-08-19,26.93874168395996
2015-08-20,26.515003204345703
2015-08-21,25.698911666870117
2015-08-24,24.576791763305664
2015-08-25,24.890670776367188
2015-08-26,25.71460723876953
2015-08-27,26.852426528930664
2015-08-28,26.507152557373047
2015-08-31,26.554237365722656
2015-09-01,25.526281356811523
2015-09-02,25.895090103149414
2015-09-03,25.997100830078125
2015-09-04,25.220245361328125
2015-09-08,26.020641326904297
2015-09-09,25.887245178222656
2015-09-10,26.154041290283203
2015-09-11,26.256052017211914
2015-09-14,26.216815948486328
2015-09-15,26.46791648864746
2015-09-16,27.111370086669922
2015-09-17,27.048599243164062
2015-09-18,26.546390533447266
2015-09-21,26.499311447143555
2015-09-22,26.00494956970215
2015-09-23,25.589061737060547
2015-09-24,25.479202270507812
2015-09-25,25.424272537231445
2015-09-28,24.88282585144043
2015-09-29,25.000532150268555
2015-09-30,25.722454071044922
2015-10-01,25.86370086669922
2015-10-02,26.554237365722656
2015-10-05,27.12706756591797
2015-10-06,27.079988479614258
2015-10-07,27.801902770996094
2015-10-08,28.100093841552734
2015-10-09,28.202106475830078
2015-10-12,27.990236282348633
2015-10-13,27.535114288330078
2015-10-14,27.746986389160156
2015-10-15,28.421817779541016
2015-10-16,28.445363998413086
2015-10-19,28.155029296875
2015-10-20,28.147180557250977
2015-10-21,27.739131927490234
2015-10-22,28.311969757080078
2015-10-23,28.476757049560547
2015-10-26,28.217796325683594
2015-10-27,27.896074295043945
2015-10-28,27.574344635009766
2015-10-29,27.315397262573242
2015-10-30,27.36247444152832
2015-11-02,27.90392303466797
2015-11-03,28.272729873657227
2015-11-04,28.0451717376709
2015-11-05,28.092248916625977
2015-11-06,27.699901580810547
2015-11-09,27.009363174438477
2015-11-10,26.89166259765625
2015-11-11,26.94658851623535
2015-11-12,26.687637329101562
2015-11-13,26.318832397460938
2015-11-16,26.82887840270996
2015-11-17,26.75041389465332
2015-11-18,27.040748596191406
2015-11-19,27.28400993347168
2015-11-20,27.55865478515625
2015-11-23,27.299701690673828
2015-11-24,27.44094467163086
2015-11-25,27.229082107543945
2015-11-27,26.632705688476562
2015-11-30,26.671945571899414
2015-12-01,26.875961303710938
2015-12-02,26.554237365722656
2015-12-03,26.4051456451416
2015-12-04,26.58562660217285
2015-12-07,26.146190643310547
2015-12-08,25.855857849121094
2015-12-09,25.64398765563965
2015-12-10,25.471351623535156
2015-12-11,24.75726890563965
2015-12-14,25.157472610473633
2015-12-15,25.541973114013672
2015-12-16,26.044179916381836
2015-12-17,25.70676040649414
2015-12-18,25.620447158813477
2015-12-21,25.820478439331055
2015-12-22,26.027671813964844
2015-12-23,26.39426612854004
2015-12-24,26.298629760742188
2015-12-28,26.115337371826172
2015-12-29,26.13924217224121
2015-12-30,25.732812881469727
2015-12-31,25.653120040893555
2016-01-04,24.951820373535156
2016-01-05,25.007604598999023
2016-01-06,24.529451370239258
2016-01-07,23.77236557006836
2016-01-08,23.517351150512695
2016-01-11,23.509380340576172
2016-01-12,23.557199478149414
2016-01-13,23.31015396118164
2016-01-14,23.612979888916016
2016-01-15,22.680574417114258
2016-01-19,23.015281677246094
2016-01-20,22.513221740722656
2016-01-21,22.60088348388672
2016-01-22,23.373905181884766
2016-01-25,22.975440979003906
2016-01-26,23.31015396118164
2016-01-27,23.230459213256836
2016-01-28,23.597047805786133
2016-01-29,24.362098693847656
2016-02-01,24.130985260009766
2016-02-02,23.34999656677246
2016-02-03,24.011445999145508
2016-02-04,24.194744110107422
2016-02-05,23.915817260742188
2016-02-08,23.58907699584961
2016-02-09,23.262332916259766
2016-02-10,23.357967376708984
2016-02-11,22.967470169067383
2016-02-12,23.365936279296875
2016-02-16,23.883935928344727
2016-02-17,24.3541259765625
2016-02-18,24.210678100585938
2016-02-19,24.099109649658203
2016-02-22,24.696807861328125
2016-02-23,24.17083740234375
2016-02-24,24.115049362182617
2016-02-25,24.194744110107422
2016-02-26,23.955665588378906
2016-02-29,24.16286277770996
2016-03-01,25.023542404174805
2016-03-02,25.35825538635254
2016-03-03,25.645151138305664
2016-03-04,26.155187606811523
2016-03-07,26.115337371826172
2016-03-08,25.66905403137207
2016-03-09,25.828441619873047
2016-03-10,25.86829376220703
2016-03-11,26.41020393371582
2016-03-14,26.25081443786621
2016-03-15,25.87626075744629
2016-03-16,26.39426612854004
2016-03-17,26.976016998291016
2016-03-18,27.119462966918945
2016-03-21,27.175249099731445
2016-03-22,27.111499786376953
2016-03-23,26.64927864074707
2016-03-24,26.58552360534668
2016-03-28,26.673192977905273
2016-03-29,27.039772033691406
2016-03-30,27.318696975708008
2016-03-31,27.2947940826416
2016-04-01,27.21510124206543
2016-04-04,26.888357162475586
2016-04-05,26.362382888793945
2016-04-06,26.6811580657959
2016-04-07,26.147214889526367
2016-04-08,26.601465225219727
2016-04-11,26.94414710998535
2016-04-12,27.358543395996094
2016-04-13,27.844667434692383
2016-04-14,27.709190368652344
2016-04-15,27.549808502197266
2016-04-18,27.67731285095215
2016-04-19,28.099685668945312
2016-04-20,27.972177505493164
2016-04-21,27.693248748779297
2016-04-22,27.525896072387695
2016-04-25,27.35057258605957
2016-04-26,27.64544105529785
2016-04-27,27.81279182434082
2016-04-28,27.525896072387695
2016-04-29,27.406360626220703
2016-05-02,27.334632873535156
2016-05-03,26.56161880493164
2016-05-04,26.131277084350586
2016-05-05,26.123300552368164
2016-05-06,26.16315269470215
2016-05-09,25.828441619873047
2016-05-10,26.322540283203125
2016-05-11,26.2587890625
2016-05-12,26.187057495117188
2016-05-13,25.71687126159668
2016-05-16,26.027671813964844
2016-05-17,25.90813636779785
2016-05-18,25.653120040893555
2016-05-19,25.41404151916504
2016-05-20,25.66905403137207
2016-05-23,25.621238708496094
2016-05-24,25.884225845336914
2016-05-25,26.195032119750977
2016-05-26,26.37035369873047
2016-05-27,26.362382888793945
2016-05-31,26.39426612854004
2016-06-01,26.378318786621094
2016-06-02,26.593494415283203
2016-06-03,26.999927520751953
2016-06-06,27.286823272705078
2016-06-07,27.533863067626953
2016-06-08,27.73309898376465
2016-06-09,27.41433334350586
2016-06-10,26.720998764038086
2016-06-13,26.346450805664062
2016-06-14,26.2587890625
2016-06-15,26.53770637512207
2016-06-16,26.442075729370117
2016-06-17,26.51380157470703
2016-06-20,26.983991622924805
2016-06-21,27.191192626953125
2016-06-22,27.260263442993164
2016-06-23,27.91887855529785
2016-06-24,26.22414779663086
2016-06-27,25.886812210083008
2016-06-28,26.649837493896484
2016-06-29,27.324522018432617
2016-06-30,27.597610473632812
2016-07-01,27.86265754699707
2016-07-05,27.268299102783203
2016-07-06,27.19601058959961
2016-07-07,27.12372398376465
2016-07-08,27.710046768188477
2016-07-11,27.97510528564453
2016-07-12,28.36866569519043
2016-07-13,28.320472717285156
2016-07-14,28.730100631713867
2016-07-15,28.66584587097168
2016-07-18,28.9228572845459
2016-07-19,28.625682830810547
2016-07-20,28.770259857177734
2016-07-21,28.68191146850586
2016-07-22,28.89073944091797
2016-07-25,28.60159683227539
2016-07-26,28.82647705078125
2016-07-27,28.9228572845459
2016-07-28,28.9309024810791
2016-07-29,29.0835018157959
2016-08-01,29.02728271484375
2016-08-02,28.81844711303711
2016-08-03,28.914833068847656
2016-08-04,29.075469970703125
2016-08-05,29.412813186645508
2016-08-08,29.621641159057617
2016-08-09,29.822437286376953
2016-08-10,29.830469131469727
2016-08-11,30.216007232666016
2016-08-12,30.103553771972656
2016-08-15,30.41680335998535
2016-08-16,30.280261993408203
2016-08-17,30.087495803833008
2016-08-18,30.36861228942871
2016-08-19,30.19994354248047
2016-08-22,29.7983455657959
2016-08-23,29.677871704101562
2016-08-24,29.7581844329834
2016-08-25,29.782283782958984
2016-08-26,29.525257110595703
2016-08-29,29.750150680541992
2016-08-30,29.669832229614258
2016-08-31,29.340526580810547
2016-09-01,29.56542205810547
2016-09-02,30.04733657836914
2016-09-06,30.68988609313965
2016-09-07,30.593505859375
2016-09-08,30.513181686401367
2016-09-09,29.4851016998291
2016-09-12,29.685897827148438
2016-09-13,28.938932418823242
2016-09-14,29.02728271484375
2016-09-15,29.525257110595703
2016-09-16,29.324459075927734
2016-09-19,29.557384490966797
2016-09-20,29.57345199584961
2016-09-21,30.400739669799805
2016-09-22,30.617597579956055
2016-09-23,30.22403335571289
2016-09-26,29.782283782958984
2016-09-27,30.207971572875977
2016-09-28,30.481060028076172
2016-09-29,29.95094871520996
2016-09-30,30.07946014404297
2016-10-03,30.288291931152344
2016-10-04,29.95094871520996
2016-10-05,30.384675979614258
2016-10-06,30.408769607543945
2016-10-07,30.272212982177734
2016-10-10,30.601526260375977
2016-10-11,29.894723892211914
2016-10-12,29.83850860595703
2016-10-13,29.57345199584961
2016-10-14,29.621641159057617
2016-10-17,29.589513778686523
2016-10-18,30.111591339111328
2016-10-19,30.296323776245117
2016-10-20,30.207971572875977
2016-10-21,30.19994354248047
2016-10-24,30.328447341918945
2016-10-25,30.360578536987305
2016-10-26,30.0393009185791
2016-10-27,29.782283782958984
2016-10-28,29.66179847717285
2016-10-31,29.830469131469727
2016-11-01,29.589513778686523
2016-11-02,29.236120223999023
2016-11-03,29.155792236328125
2016-11-04,28.858613967895508
2016-11-07,29.902753829956055
2016-11-08,30.09552574157715
2016-11-09,29.115636825561523
2016-11-10,28.288347244262695
2016-11-11,27.75020408630371
2016-11-14,27.549407958984375
2016-11-15,28.10361099243164
2016-11-16,27.870691299438477
2016-11-17,27.91084098815918
2016-11-18,27.78233528137207
2016-11-21,28.055421829223633
2016-11-22,28.48111343383789
2016-11-23,28.175901412963867
2016-11-25,28.312442779541016
2016-11-28,28.424898147583008
2016-11-29,28.465044021606445
2016-11-30,28.513240814208984
2016-12-01,28.175901412963867
2016-12-02,28.208023071289062
2016-12-05,28.440956115722656
2016-12-06,28.59356117248535
2016-12-07,29.075469970703125
2016-12-08,29.20398712158203
2016-12-09,29.051380157470703
2016-12-12,28.858613967895508
2016-12-13,29.179880142211914
2016-12-14,28.312442779541016
2016-12-15,28.360626220703125
2016-12-16,28.23212432861328
2016-12-19,28.039358139038086
2016-12-20,28.1357421875
2016-12-21,28.01876449584961
2016-12-22,27.685686111450195
2016-12-23,27.848159790039062
2016-12-27,27.970012664794922
2016-12-28,28.181236267089844
2016-12-29,28.644287109375
2016-12-30,28.441192626953125
2017-01-03,28.782386779785156
2017-01-04,29.001731872558594
2017-01-05,29.318553924560547
2017-01-06,29.19669532775879
2017-01-09,29.172332763671875
2017-01-10,29.342926025390625
2017-01-11,29.692243576049805
2017-01-12,29.82223129272461
2017-01-13,29.7978515625
2017-01-17,29.781606674194336
2017-01-18,29.61912727355957
2017-01-19,29.529773712158203
2017-01-20,29.58663558959961
2017-01-23,30.02532196044922
2017-01-24,30.21216583251953
2017-01-25,30.545244216918945
2017-01-26,30.41525650024414
2017-01-27,30.439634323120117
2017-01-30,30.277158737182617
2017-01-31,30.334022521972656
2017-02-01,30.35027313232422
2017-02-02,30.480257034301758
2017-02-03,30.667097091674805
2017-02-06,30.593984603881836
2017-02-07,30.439634323120117
2017-02-08,30.626482009887695
2017-02-09,30.764585494995117
2017-02-10,31.048912048339844
2017-02-13,31.146390914916992
2017-02-14,31.178895950317383
2017-02-15,31.43073081970215
2017-02-16,31.31699562072754
2017-02-17,31.187013626098633
2017-02-21,31.528209686279297
2017-02-22,31.62569236755371
2017-02-23,31.633825302124023
2017-02-24,31.26012420654297
2017-02-27,31.162639617919922
2017-02-28,30.862064361572266
2017-03-01,31.34136390686035
2017-03-02,30.788955688476562
2017-03-03,31.024545669555664
2017-03-06,31.040790557861328
2017-03-07,31.073284149169922
2017-03-08,30.780824661254883
2017-03-09,30.5371150970459
2017-03-10,30.878305435180664
2017-03-13,31.308874130249023
2017-03-14,31.130149841308594
2017-03-15,31.942527770996094
2017-03-16,32.137481689453125
2017-03-17,32.08062744140625
2017-03-20,32.45431137084961
2017-03-21,32.09687423706055
2017-03-22,32.251224517822266
2017-03-23,32.25935745239258
2017-03-24,32.34059143066406
2017-03-27,32.251224517822266
2017-03-28,32.34059143066406
2017-03-29,32.397457122802734
2017-03-30,32.226844787597656
2017-03-31,31.999393463134766
2017-04-03,32.1781005859375
2017-04-04,32.19435501098633
2017-04-05,32.09687423706055
2017-04-06,32.04000473022461
2017-04-07,31.98314094543457
2017-04-10,31.85317039489746
2017-04-11,31.78004264831543
2017-04-12,31.934398651123047
2017-04-13,31.796295166015625
2017-04-17,32.129364013671875
2017-04-18,31.723180770874023
2017-04-19,31.528209686279297
2017-04-20,31.918153762817383
2017-04-21,31.918153762817383
2017-04-24,32.37306594848633
2017-04-25,32.657413482666016
2017-04-26,32.53554916381836
2017-04-27,32.494937896728516
2017-04-28,32.543678283691406
2017-05-01,32.73052978515625
2017-05-02,32.96611022949219
2017-05-03,32.74678039550781
2017-05-04,32.38120651245117
2017-05-05,32.649288177490234
2017-05-08,32.64116668701172
2017-05-09,33.05547332763672
2017-05-10,33.274818420410156
2017-05-11,33.34792709350586
2017-05-12,33.48603820800781
2017-05-15,33.82722854614258
2017-05-16,33.8597297668457
2017-05-17,33.2829475402832
2017-05-18,32.73052978515625
2017-05-19,33.42916488647461
2017-05-22,33.461666107177734
2017-05-23,33.49415969848633
2017-05-24,33.62413787841797
2017-05-25,33.78661346435547
2017-05-26,33.908470153808594
2017-05-30,33.7297477722168
2017-05-31,33.46978759765625
2017-06-01,33.754119873046875
2017-06-02,33.92470932006836
2017-06-05,33.884090423583984
2017-06-06,33.90034484863281
2017-06-07,33.8597297668457
2017-06-08,34.06281280517578
2017-06-09,33.80286407470703
2017-06-12,33.62413787841797
2017-06-13,33.78661346435547
2017-06-14,33.77848815917969
2017-06-15,33.42916488647461
2017-06-16,33.48603820800781
2017-06-19,33.81911087036133
2017-06-20,33.44532012939453
2017-06-21,33.51876449584961
2017-06-22,33.690155029296875
2017-06-23,33.86970520019531
2017-06-26,34.196163177490234
2017-06-27,33.7962532043457
2017-06-28,34.05742263793945
2017-06-29,33.62486267089844
2017-06-30,33.77992630004883
2017-07-03,33.975807189941406
2017-07-05,33.910518646240234
2017-07-06,33.502445220947266
2017-07-07,33.56773376464844
2017-07-10,33.88603210449219
2017-07-11,34.16351318359375
2017-07-12,34.8245849609375
2017-07-13,34.9959831237793
2017-07-14,35.43668746948242
2017-07-17,35.27347183227539
2017-07-18,35.37956237792969
2017-07-19,35.67336654663086
2017-07-20,35.63256072998047
2017-07-21,35.608070373535156
2017-07-24,35.71416473388672
2017-07-25,35.62440490722656
2017-07-26,35.918212890625
2017-07-27,35.72234344482422
2017-07-28,35.706016540527344
2017-07-31,35.746822357177734
2017-08-01,35.85292053222656
2017-08-02,35.88557052612305
2017-08-03,35.7386589050293
2017-08-04,35.86924362182617
2017-08-07,36.11408996582031
2017-08-08,36.122249603271484
2017-08-09,35.79578399658203
2017-08-10,34.9470100402832
2017-08-11,35.02862548828125
2017-08-14,35.387733459472656
2017-08-15,35.42852783203125
2017-08-16,35.79578399658203
2017-08-17,35.3387565612793
2017-08-18,35.64073181152344
2017-08-21,35.771305084228516
2017-08-22,36.17122268676758
2017-08-23,36.342594146728516
2017-08-24,36.45686340332031
2017-08-25,36.6690559387207
2017-08-28,36.53848648071289
2017-08-29,36.47319412231445
2017-08-30,36.53031921386719
2017-08-31,36.58744430541992
2017-09-01,36.85677719116211
2017-09-05,36.3752555847168
2017-09-06,36.611934661865234
2017-09-07,36.881248474121094
2017-09-08,36.63641357421875
2017-09-11,37.126094818115234
2017-09-12,37.08529281616211
2017-09-13,36.889408111572266
2017-09-14,36.98734664916992
2017-09-15,37.20771408081055
2017-09-18,37.338287353515625
2017-09-19,37.419898986816406
2017-09-20,37.24851989746094
2017-09-21,37.24851989746094
2017-09-22,37.03631591796875
2017-09-25,36.407894134521484
2017-09-26,36.30995559692383
2017-09-27,36.17937469482422
2017-09-28,36.15489196777344
2017-09-29,36.57112503051758
2017-10-02,36.579288482666016
2017-10-03,37.15873718261719
2017-10-04,37.15058517456055
2017-10-05,37.428070068359375
2017-10-06,37.240352630615234
2017-10-09,37.21586608886719
2017-10-10,37.583126068115234
2017-10-11,37.754520416259766
2017-10-12,37.73820495605469
2017-10-13,38.08097839355469
2017-10-16,38.056495666503906
2017-10-17,37.86061096191406
2017-10-18,37.95039367675781
2017-10-19,37.61577606201172
2017-10-20,37.754520416259766
2017-10-23,37.452552795410156
2017-10-24,37.452552795410156
2017-10-25,37.37093734741211
2017-10-26,37.11793518066406
2017-10-27,37.656585693359375
2017-10-30,37.419898986816406
2017-10-31,37.77084732055664
2017-11-01,37.96670913696289
2017-11-02,38.015682220458984
2017-11-03,37.81980514526367
2017-11-06,38.24420166015625
2017-11-07,37.999366760253906
2017-11-08,38.17890548706055
2017-11-09,37.94223403930664
2017-11-10,37.77900314331055
2017-11-13,37.697391510009766
2017-11-14,37.444393157958984
2017-11-15,37.24851989746094
2017-11-16,38.02384948730469
2017-11-17,38.2115592956543
2017-11-20,38.40742874145508
2017-11-21,38.921600341796875
2017-11-22,39.01953887939453
2017-11-24,38.93792724609375
2017-11-27,38.36662292480469
2017-11-28,38.652278900146484
2017-11-29,38.04016876220703
2017-11-30,37.623939514160156
2017-12-01,37.411739349365234
2017-12-04,37.485198974609375
2017-12-05,37.4607048034668
2017-12-06,36.9547004699707
2017-12-07,37.06080627441406
2017-12-08,37.49335479736328
2017-12-11,37.681068420410156
2017-12-12,37.428070068359375
2017-12-13,37.87693786621094
2017-12-14,37.59945297241211
2017-12-15,37.681068420410156
2017-12-18,38.1054573059082
2017-12-19,37.90412902832031
2017-12-20,37.953857421875
2017-12-21,38.202396392822266
2017-12-22,38.52550506591797
2017-12-26,38.49237060546875
2017-12-27,38.591793060302734
2017-12-28,38.85691452026367
2017-12-29,39.0391845703125
2018-01-02,39.77656173706055
2018-01-03,40.15766525268555
2018-01-04,40.35650634765625
2018-01-05,40.704490661621094
2018-01-08,40.704490661621094
2018-01-09,40.63820266723633
2018-01-10,40.38136672973633
2018-01-11,40.62991714477539
2018-01-12,41.01931381225586
2018-01-16,40.86189651489258
2018-01-17,41.40043640136719
2018-01-18,41.450138092041016
2018-01-19,41.789825439453125
2018-01-22,42.030086517333984
2018-01-23,42.228939056396484
2018-01-24,42.58519744873047
2018-01-25,42.560340881347656
2018-01-26,43.14857864379883
2018-01-29,42.49405288696289
2018-01-30,41.91410446166992
2018-01-31,42.27864456176758
2018-02-01,41.706974029541016
2018-02-02,40.63820266723633
2018-02-05,39.21316909790039
2018-02-06,40.48906707763672
2018-02-07,39.21316909790039
2018-02-08,37.85441970825195
2018-02-09,38.459228515625
2018-02-12,39.06404495239258
2018-02-13,39.362308502197266
2018-02-14,40.348228454589844
2018-02-15,41.17673873901367
2018-02-16,41.04417037963867
2018-02-20,40.48078918457031
2018-02-21,40.44764709472656
2018-02-22,40.472496032714844
2018-02-23,41.19330596923828
2018-02-26,41.57440948486328
2018-02-27,40.36479949951172
2018-02-28,39.78484344482422
2018-03-01,39.710269927978516
2018-03-02,39.8759765625
2018-03-05,39.9339714050293
2018-03-06,40.30679702758789
2018-03-07,40.348228454589844
2018-03-08,40.35650634765625
2018-03-09,41.21815872192383
2018-03-12,41.31758117675781
2018-03-13,40.94475555419922
2018-03-14,41.01102828979492
2018-03-15,40.86189651489258
2018-03-16,40.7707633972168
2018-03-19,40.3316535949707
2018-03-20,40.77904510498047
2018-03-21,41.01931381225586
2018-03-22,39.65228271484375
2018-03-23,38.8486213684082
2018-03-26,40.10795211791992
2018-03-27,39.378868103027344
2018-03-28,39.18003845214844
2018-03-29,40.000247955322266
2018-04-02,39.27945327758789
2018-04-03,39.668853759765625
2018-04-04,39.6854248046875
2018-04-05,39.78484344482422
2018-04-06,39.006038665771484
2018-04-09,39.04747009277344
2018-04-10,39.8096923828125
2018-04-11,39.82626724243164
2018-04-12,39.8096923828125
2018-04-13,39.412010192871094
2018-04-16,39.46172332763672
2018-04-17,39.54457473754883
2018-04-18,39.88425827026367
2018-04-19,39.65228271484375
2018-04-20,39.155181884765625
2018-04-23,38.8403434753418
2018-04-24,38.658077239990234
2018-04-25,38.359806060791016
2018-04-26,38.914913177490234
2018-04-27,39.155181884765625
2018-04-30,38.87348175048828
2018-05-01,38.68292999267578
2018-05-02,38.376380920410156
2018-05-03,38.29353713989258
2018-05-04,38.4675178527832
2018-05-07,38.24381637573242
2018-05-08,38.459228515625
2018-05-09,38.53379440307617
2018-05-10,39.33745193481445
2018-05-11,39.27116775512695
2018-05-14,39.32087326049805
2018-05-15,38.50893783569336
2018-05-16,39.088890075683594
2018-05-17,38.49237060546875
2018-05-18,38.16925048828125
2018-05-21,38.40123748779297
2018-05-22,38.53379440307617
2018-05-23,38.51723098754883
2018-05-24,38.31010818481445
2018-05-25,38.4675178527832
2018-05-29,37.572731018066406
2018-05-30,37.87099075317383
2018-05-31,37.85441970825195
2018-06-01,38.384666442871094
2018-06-04,38.77406311035156
2018-06-05,38.47580337524414
2018-06-06,39.055747985839844
2018-06-07,38.459228515625
2018-06-08,38.384666442871094
2018-06-11,38.384666442871094
2018-06-12,38.285240173339844
2018-06-13,38.02840805053711
2018-06-14,37.77157974243164
2018-06-15,37.473304748535156
2018-06-18,37.01762008666992
2018-06-19,36.609012603759766
2018-06-20,36.767452239990234
2018-06-21,36.25042724609375
2018-06-22,36.62568664550781
2018-06-25,36.13368225097656
2018-06-26,35.991912841796875
2018-06-27,35.299766540527344
2018-06-28,35.5999641418457
2018-06-29,36.13368225097656
2018-07-02,35.77510070800781
2018-07-03,35.800106048583984
2018-07-05,35.70838165283203
2018-07-06,36.20038604736328
2018-07-09,36.85084915161133
2018-07-10,36.767452239990234
2018-07-11,36.05028533935547
2018-07-12,36.54229736328125
2018-07-13,36.56731033325195
2018-07-16,36.3671760559082
2018-07-17,36.63402557373047
2018-07-18,36.59233093261719
2018-07-19,36.14200973510742
2018-07-20,36.65904235839844
2018-07-23,36.417213439941406
2018-07-24,36.9509162902832
2018-07-25,37.55134201049805
2018-07-26,37.134368896484375
2018-07-27,37.26780700683594
2018-07-30,37.209434509277344
2018-07-31,37.40958023071289
2018-08-01,37.07600402832031
2018-08-02,36.5839958190918
2018-08-03,36.86751937866211
2018-08-06,36.5839958190918
2018-08-07,36.95925521850586
2018-08-08,36.90921401977539
2018-08-09,36.800811767578125
2018-08-10,36.01692199707031
2018-08-13,35.42484664916992
2018-08-14,35.64166259765625
2018-08-15,34.615943908691406
2018-08-16,34.832767486572266
2018-08-17,35.1996955871582
2018-08-20,35.35813903808594
2018-08-21,35.808448791503906
2018-08-22,36.091983795166016
2018-08-23,35.50823974609375
2018-08-24,36.16703796386719
2018-08-27,36.68406295776367
2018-08-28,36.550636291503906
2018-08-29,36.775794982910156
2018-08-30,35.81678771972656
2018-08-31,36.0002555847168
2018-09-04,35.299766540527344
2018-09-05,34.79106903076172
2018-09-06,34.82442855834961
2018-09-07,34.649314880371094
2018-09-10,34.30739212036133
2018-09-11,34.38245391845703
2018-09-12,34.55757141113281
2018-09-13,35.02457046508789
2018-09-14,34.991214752197266
2018-09-17,34.67431640625
2018-09-18,35.00789260864258
2018-09-19,35.49155807495117
2018-09-20,35.883506774902344
2018-09-21,36.05028533935547
2018-09-24,35.64166259765625
2018-09-25,35.78343200683594
2018-09-26,35.858489990234375
2018-09-27,36.03361129760742
2018-09-28,35.79176712036133
2018-10-01,35.800106048583984
2018-10-02,35.34979248046875
2018-10-03,35.05792236328125
2018-10-04,34.182308197021484
2018-10-05,34.05722427368164
2018-10-08,34.10725402832031
2018-10-09,33.98217010498047
2018-10-10,32.97312927246094
2018-10-11,32.63956069946289
2018-10-12,33.598567962646484
2018-10-15,33.239986419677734
2018-10-16,34.07390594482422
2018-10-17,33.656944274902344
2018-10-18,32.77298355102539
2018-10-19,33.08152770996094
2018-10-22,33.440120697021484
2018-10-23,33.07320022583008
2018-10-24,32.00577926635742
2018-10-25,32.62288284301758
2018-10-26,32.247615814208984
2018-10-29,31.688894271850586
2018-10-30,32.305999755859375
2018-10-31,32.65623474121094
2018-11-01,33.82373046875
2018-11-02,34.04054641723633
2018-11-05,34.13227081298828
2018-11-06,34.07390594482422
2018-11-07,34.71601867675781
2018-11-08,33.815391540527344
2018-11-09,33.18994140625
2018-11-12,32.72295379638672
2018-11-13,33.098201751708984
2018-11-14,33.29835891723633
2018-11-15,34.04054641723633
2018-11-16,34.10725402832031
2018-11-19,33.648597717285156
2018-11-20,32.9230842590332
2018-11-21,33.5318603515625
2018-11-23,33.13990783691406
2018-11-26,33.548526763916016
2018-11-27,33.78202819824219
2018-11-28,34.59092712402344
2018-11-29,34.29071807861328
2018-11-30,34.25736999511719
2018-12-03,34.949520111083984
2018-12-04,34.20732879638672
2018-12-06,33.890438079833984
2018-12-07,33.25665283203125
2018-12-10,32.906410217285156
2018-12-11,33.15658950805664
2018-12-12,33.698638916015625
2018-12-13,33.6902961730957
2018-12-14,33.214962005615234
2018-12-17,32.906410217285156
2018-12-18,33.12987518310547
2018-12-19,32.57968521118164
2018-12-20,32.833614349365234
2018-12-21,32.605079650878906
2018-12-24,32.300357818603516
2018-12-26,32.94365310668945
2018-12-27,32.901329040527344
2018-12-28,33.21451950073242
2018-12-31,33.062156677246094
2019-01-02,33.14680480957031
2019-01-03,32.54582595825195
2019-01-04,33.59540939331055
2019-01-07,33.67159652709961
2019-01-08,33.798561096191406
2019-01-09,34.39954376220703
2019-01-10,34.64501190185547
2019-01-11,34.47572326660156
2019-01-14,34.187931060791016
2019-01-15,34.42494201660156
2019-01-16,34.84815979003906
2019-01-17,35.00051498413086
2019-01-18,35.16981506347656
2019-01-22,34.560367584228516
2019-01-23,34.91587448120117
2019-01-24,35.254459381103516
2019-01-25,35.720001220703125
2019-01-28,35.347564697265625
2019-01-29,35.40681457519531
2019-01-30,36.17707443237305
2019-01-31,36.4818000793457
2019-02-01,36.19400405883789
2019-02-04,36.253257751464844
2019-02-05,36.752662658691406
2019-02-06,36.253257751464844
2019-02-07,35.8892936706543
2019-02-08,35.6861457824707
2019-02-11,35.56763458251953
2019-02-12,35.8638916015625
2019-02-13,35.609962463378906
2019-02-14,35.67767333984375
2019-02-15,35.626895904541016
2019-02-19,35.906211853027344
2019-02-20,36.1093635559082
2019-02-21,36.03319549560547
2019-02-22,36.431007385253906
2019-02-25,36.83730697631836
2019-02-26,36.7103385925293
2019-02-27,36.397159576416016
2019-02-28,35.92314529418945
2019-03-01,35.96547317504883
2019-03-04,36.016258239746094
2019-03-05,36.371768951416016
2019-03-06,36.16861343383789
2019-03-07,35.49991989135742
2019-03-08,35.2459831237793
2019-03-11,35.906211853027344
2019-03-12,36.092437744140625
2019-03-13,36.1347541809082
2019-03-14,35.94007873535156
2019-03-15,36.464874267578125
2019-03-18,36.87116241455078
2019-03-19,36.88808822631836
2019-03-20,36.947349548339844
2019-03-21,36.998130798339844
2019-03-22,35.91468811035156
2019-03-25,35.99932098388672
2019-03-26,36.1093635559082
2019-03-27,35.720001220703125
2019-03-28,35.95700454711914
2019-03-29,36.329444885253906
2019-04-01,36.930416107177734
2019-04-02,36.811912536621094
2019-04-03,37.065853118896484
2019-04-04,37.29438781738281
2019-04-05,37.582183837890625
2019-04-08,37.582183837890625
2019-04-09,37.50600051879883
2019-04-10,37.68375778198242
2019-04-11,37.277462005615234
2019-04-12,37.548316955566406
2019-04-15,37.353641510009766
2019-04-16,37.63296890258789
2019-04-17,37.74300003051758
2019-04-18,37.71760940551758
2019-04-22,37.47214889526367
2019-04-23,37.556785583496094
2019-04-24,37.04891586303711
2019-04-25,36.998130798339844
2019-04-26,37.14202117919922
2019-04-29,37.21820831298828
2019-04-30,37.18434524536133
2019-05-01,36.90502166748047
2019-05-02,36.989662170410156
2019-05-03,37.42982482910156
2019-05-06,36.65955352783203
2019-05-07,35.94007873535156
2019-05-08,35.8892936706543
2019-05-09,35.322174072265625
2019-05-10,35.53378677368164
2019-05-13,34.3487663269043
2019-05-14,34.83123016357422
2019-05-15,34.89895248413086
2019-05-16,34.72964859008789
2019-05-17,34.10328674316406
2019-05-20,33.95939254760742
2019-05-21,34.39108657836914
2019-05-22,34.2218017578125
2019-05-23,33.78163528442383
2019-05-24,33.815494537353516
2019-05-28,33.93400192260742
2019-05-29,34.15406799316406
2019-05-30,34.34029006958008
2019-05-31,34.45879364013672
2019-06-03,34.7719841003418
2019-06-04,34.84815979003906
2019-06-05,34.56883239746094
2019-06-06,34.58576202392578
2019-06-07,34.85661697387695
2019-06-10,35.2205924987793
2019-06-11,35.61842727661133
2019-06-12,35.237525939941406
2019-06-13,35.17827224731445
2019-06-14,34.788909912109375
2019-06-17,34.92622375488281
2019-06-18,35.770591735839844
2019-06-19,36.069114685058594
2019-06-20,36.59790802001953
2019-06-21,36.4785041809082
2019-06-24,36.427330017089844
2019-06-25,36.05205535888672
2019-06-26,36.39321517944336
2019-06-27,36.64908981323242
2019-06-28,36.59790802001953
2019-07-01,37.03288650512695
2019-07-02,36.93906784057617
2019-07-03,36.87083435058594
2019-07-05,36.61496353149414
2019-07-08,36.39321517944336
2019-07-09,36.28233337402344
2019-07-10,36.589385986328125
2019-07-11,36.52115249633789
2019-07-12,36.546730041503906
2019-07-15,36.683197021484375
2019-07-16,36.63202667236328
2019-07-17,36.52115249633789
2019-07-18,36.74290466308594
2019-07-19,36.555259704589844
2019-07-22,36.56379318237305
2019-07-23,36.606441497802734
2019-07-24,36.666141510009766
2019-07-25,36.342037200927734
2019-07-26,36.41880416870117
2019-07-29,36.35057067871094
2019-07-30,36.069114685058594
2019-07-31,35.6256103515625
2019-08-01,34.92622375488281
2019-08-02,34.5850715637207
2019-08-05,33.30570983886719
2019-08-06,33.78334426879883
2019-08-07,33.93686294555664
2019-08-08,34.35478210449219
2019-08-09,34.005096435546875
2019-08-12,33.595706939697266
2019-08-13,34.02214813232422
2019-08-14,33.04132080078125
2019-08-15,33.263065338134766
2019-08-16,33.723636627197266
2019-08-19,33.86009979248047
2019-08-20,33.92832946777344
2019-08-21,34.25244140625
2019-08-22,33.808929443359375
2019-08-23,33.30570983886719
2019-08-26,33.48482894897461
2019-08-27,33.54452896118164
2019-08-28,33.63834762573242
2019-08-29,34.01362228393555
2019-08-30,34.27802658081055
2019-09-03,34.064796447753906
2019-09-04,34.63624572753906
2019-09-05,35.02857208251953
2019-09-06,35.18209457397461
2019-09-09,35.29297637939453
2019-09-10,35.318565368652344
2019-09-11,35.56590270996094
2019-09-12,35.821773529052734
2019-09-13,36.02646255493164
2019-09-16,35.745018005371094
2019-09-17,35.745018005371094
2019-09-18,35.60002517700195
2019-09-19,35.45501708984375
2019-09-20,35.4891357421875
2019-09-23,35.52326202392578
2019-09-24,35.14797592163086
2019-09-25,35.12238693237305
2019-09-26,35.11386489868164
2019-09-27,34.661827087402344
2019-09-30,34.85799789428711
2019-10-01,34.61066436767578
2019-10-02,34.346256256103516
2019-10-03,34.789764404296875
2019-10-04,34.94329071044922
2019-10-07,34.65330505371094
2019-10-08,34.40595626831055
2019-10-09,34.67036056518555
2019-10-10,35.02857208251953
2019-10-11,35.59149169921875
2019-10-14,35.43797302246094
2019-10-15,35.7535400390625
2019-10-16,35.85588455200195
2019-10-17,35.99235153198242
2019-10-18,35.804718017578125
2019-10-21,36.12881851196289
2019-10-22,36.15439987182617
2019-10-23,36.16293716430664
2019-10-24,36.16293716430664
2019-10-25,36.41880416870117
2019-10-28,36.63202667236328
2019-10-29,36.44438552856445
2019-10-30,36.606441497802734
2019-10-31,36.31645584106445
2019-11-01,36.862308502197266
2019-11-04,37.22905731201172
2019-11-05,37.44227981567383
2019-11-06,37.3228759765625
2019-11-07,37.59579849243164
2019-11-08,37.25464630126953
2019-11-11,36.99024200439453
2019-11-12,36.751434326171875
2019-11-13,36.469970703125
2019-11-14,36.495567321777344
2019-11-15,36.78554916381836
2019-11-18,36.72584915161133
2019-11-19,36.802608489990234
2019-11-20,36.64055633544922
2019-11-21,36.56379318237305
2019-11-22,36.56379318237305
2019-11-25,36.930545806884766
2019-11-26,36.819664001464844
2019-11-27,36.862308502197266
2019-11-29,36.28233337402344
2019-12-02,36.2738037109375
2019-12-03,36.086177825927734
2019-12-04,36.359100341796875
2019-12-05,36.52115249633789
2019-12-06,36.734375
2019-12-09,36.589385986328125
2019-12-10,36.717308044433594
2019-12-11,37.25464630126953
2019-12-12,37.90285110473633
2019-12-13,37.88578796386719
2019-12-16,38.207237243652344
2019-12-17,38.55567169189453
2019-12-18,38.764739990234375
2019-12-19,38.782169342041016
2019-12-20,38.860565185546875
2019-12-23,38.912837982177734
2019-12-24,38.82572555541992
2019-12-26,39.1044807434082
2019-12-27,39.26128387451172
2019-12-30,38.99995040893555
2019-12-31,39.08706283569336
2020-01-02,39.8797721862793
2020-01-03,39.13932418823242
2020-01-06,39.04350280761719
2020-01-07,39.01737594604492
2020-01-08,39.243858337402344
2020-01-09,39.505191802978516
2020-01-10,39.714271545410156
2020-01-13,40.33275604248047
2020-01-14,40.10626983642578
2020-01-15,39.792659759521484
2020-01-16,40.0452880859375
2020-01-17,40.27177810668945
2020-01-21,39.25257110595703
2020-01-22,39.57487869262695
2020-01-23,39.165462493896484
2020-01-24,38.85185241699219
2020-01-27,37.510337829589844
2020-01-28,37.823936462402344
2020-01-29,38.006874084472656
2020-01-30,37.44064712524414
2020-01-31,36.68277359008789
2020-02-03,37.09219741821289
2020-02-04,38.050437927246094
2020-02-05,38.2681999206543
2020-02-06,38.30305862426758
2020-02-07,37.77167510986328
2020-02-10,37.98073959350586
2020-02-11,38.47727584838867
2020-02-12,38.99995040893555
2020-02-13,38.485984802246094
2020-02-14,38.50341033935547
2020-02-18,38.25078582763672
2020-02-19,38.529541015625
2020-02-20,37.928470611572266
2020-02-21,37.710689544677734
2020-02-24,36.29948425292969
2020-02-25,36.01201248168945
2020-02-26,36.29948425292969
2020-02-27,35.42836380004883
2020-02-28,35.297706604003906
2020-03-02,36.06428527832031
2020-03-03,35.820369720458984
2020-03-04,36.45628356933594
2020-03-05,35.689701080322266
2020-03-06,34.95795440673828
2020-03-09,32.57109451293945
2020-03-10,34.226219177246094
2020-03-11,32.63207244873047
2020-03-12,29.36538314819336
2020-03-13,31.48219871520996
2020-03-16,27.55345916748047
2020-03-17,29.45250129699707
2020-03-18,26.908828735351562
2020-03-19,27.11789894104004
2020-03-20,27.318256378173828
2020-03-23,26.664918899536133
2020-03-24,28.668489456176758
2020-03-25,29.678987503051758
2020-03-26,30.802732467651367
2020-03-27,29.05177879333496
2020-03-30,29.53089714050293
2020-03-31,29.731250762939453
2020-04-01,28.45941734313965
2020-04-02,29.417654037475586
2020-04-03,28.860136032104492
2020-04-06,30.436861038208008
2020-04-07,30.59366226196289
2020-04-08,30.907257080078125
2020-04-09,30.79401206970215
2020-04-13,30.837566375732422
2020-04-14,31.543176651000977
2020-04-15,30.733036041259766
2020-04-16,30.898548126220703
2020-04-17,31.586734771728516
2020-04-20,31.18602180480957
2020-04-21,30.3236141204834
2020-04-22,31.151166915893555
2020-04-23,31.037931442260742
2020-04-24,30.994375228881836
2020-04-27,31.621580123901367
2020-04-28,31.68255043029785
2020-04-29,32.60594177246094
2020-04-30,31.917753219604492
2020-05-01,30.767881393432617
2020-05-04,31.098905563354492
2020-05-05,31.273134231567383
2020-05-06,31.177310943603516
2020-05-07,31.429929733276367
2020-05-08,32.091983795166016
2020-05-11,31.882911682128906
2020-05-12,31.760953903198242
2020-05-13,31.699975967407227
2020-05-14,31.821937561035156
2020-05-15,31.386375427246094
2020-05-18,32.61465072631836
2020-05-19,32.35331344604492
2020-05-20,32.78016662597656
2020-05-21,32.405582427978516
2020-05-22,31.734819412231445
2020-05-26,32.43171310424805
2020-05-27,32.536251068115234
2020-05-28,32.309757232666016
2020-05-29,32.86727523803711
2020-06-01,33.62514877319336
2020-06-02,34.426578521728516
2020-06-03,35.22801208496094
2020-06-04,34.73147201538086
2020-06-05,35.646141052246094
2020-06-08,35.86392593383789
2020-06-09,35.62001419067383
2020-06-10,35.881343841552734
2020-06-11,34.008445739746094
2020-06-12,34.73147201538086
2020-06-15,34.416046142578125
2020-06-16,34.63508987426758
2020-06-17,34.96803283691406
2020-06-18,34.98555374145508
2020-06-19,34.97679901123047
2020-06-22,35.406124114990234
2020-06-23,35.747825622558594
2020-06-24,35.274696350097656
2020-06-25,35.42365264892578
2020-06-26,34.99432373046875
2020-06-29,35.152034759521484
2020-06-30,35.03813171386719
2020-07-01,35.43240737915039
2020-07-02,36.23848342895508
2020-07-06,37.79806900024414
2020-07-07,37.167232513427734
2020-07-08,38.13102722167969
2020-07-09,38.13102722167969
2020-07-10,37.88569259643555
2020-07-13,37.63159942626953
2020-07-14,37.684173583984375
2020-07-15,37.79806900024414
2020-07-16,37.263607025146484
2020-07-17,37.47389602661133
2020-07-20,37.955787658691406
2020-07-21,38.30625534057617
2020-07-22,38.13977813720703
2020-07-23,37.83311462402344
2020-07-24,37.79806900024414
2020-07-27,38.38510513305664
2020-07-28,38.0696907043457
2020-07-29,38.68300247192383
2020-07-30,38.19234848022461
2020-07-31,37.92950439453125
2020-08-03,38.19234848022461
2020-08-04,38.70052719116211
2020-08-05,39.121089935302734
2020-08-06,39.2437629699707
2020-08-07,38.43767547607422
2020-08-10,38.534061431884766
2020-08-11,38.428916931152344
2020-08-12,38.945858001708984
2020-08-13,38.83195495605469
2020-08-14,38.761871337890625
2020-08-17,39.25251770019531
2020-08-18,39.20871353149414
2020-08-19,38.72682189941406
2020-08-20,38.60415267944336
2020-08-21,38.79690933227539
2020-08-24,39.22623825073242
2020-08-25,39.620513916015625
2020-08-26,39.725650787353516
2020-08-27,39.3927001953125
2020-08-28,39.90964126586914
2020-08-31,39.02471160888672
2020-09-01,39.690608978271484
2020-09-02,39.5854606628418
2020-09-03,38.83195495605469
2020-09-04,38.849483489990234
2020-09-08,38.17483139038086
2020-09-09,38.74435043334961
2020-09-10,38.122257232666016
2020-09-11,38.49024200439453
2020-09-14,39.112327575683594
2020-09-15,39.524131774902344
2020-09-16,39.471561431884766
2020-09-17,39.31385040283203
2020-09-18,39.00719451904297
2020-09-21,38.6479606628418
2020-09-22,38.358821868896484
2020-09-23,37.76302719116211
2020-09-24,37.58779525756836
2020-09-25,37.62283706665039
2020-09-28,38.043399810791016
2020-09-29,38.01711654663086
2020-09-30,38.630435943603516
2020-10-01,38.989662170410156
2020-10-02,38.542823791503906
2020-10-05,39.05976104736328
2020-10-06,39.12985610961914
2020-10-07,39.559181213378906
2020-10-08,39.88336181640625
2020-10-09,40.15497970581055
2020-10-12,40.50544357299805
2020-10-13,40.3389778137207
2020-10-14,40.067352294921875
2020-10-15,39.77821731567383
2020-10-16,39.91841125488281
2020-10-19,39.804508209228516
2020-10-20,40.242591857910156
2020-10-21,40.35649490356445
2020-10-22,40.34773254394531
2020-10-23,40.58430480957031
2020-10-26,40.058597564697266
2020-10-27,40.23383331298828
2020-10-28,39.22623825073242
2020-10-29,39.620513916015625
2020-10-30,39.17366409301758
2020-11-02,39.67307662963867
2020-11-03,39.84831619262695
2020-11-04,41.10124969482422
2020-11-05,41.80217742919922
2020-11-06,41.994937896728516
2020-11-09,42.28407669067383
2020-11-10,41.80217742919922
2020-11-11,42.07380294799805
2020-11-12,41.75838088989258
2020-11-13,42.34540557861328
2020-11-16,42.8711051940918
2020-11-17,42.82730484008789
2020-11-18,42.6783561706543
2020-11-19,42.748443603515625
2020-11-20,42.985008239746094
2020-11-23,43.098915100097656
2020-11-24,43.677188873291016
2020-11-25,43.43186950683594
2020-11-27,43.843666076660156
2020-11-30,42.69587326049805
2020-12-01,43.5369987487793
2020-12-02,43.59832763671875
2020-12-03,44.097747802734375
2020-12-04,44.55336380004883
2020-12-07,44.55336380004883
2020-12-08,44.570884704589844
2020-12-09,44.185367584228516
2020-12-10,44.754878997802734
2020-12-11,44.43946075439453
2020-12-14,44.20841979980469
2020-12-15,44.68643569946289
2020-12-16,44.898895263671875
2020-12-17,45.191017150878906
2020-12-18,45.137901306152344
2020-12-21,44.47398376464844
2020-12-22,44.11988830566406
2020-12-23,44.571353912353516
2020-12-24,44.376609802246094
2020-12-28,44.50053787231445
2020-12-29,45.164459228515625
2020-12-30,45.76642608642578
2020-12-31,45.7398567199707
2021-01-04,46.031986236572266
2021-01-05,47.138519287109375
2021-01-06,46.74017333984375
2021-01-07,47.18278503417969
2021-01-08,48.430965423583984
2021-01-11,47.7758903503418
2021-01-12,48.24506378173828
2021-01-13,48.35129165649414
2021-01-14,48.80275344848633
2021-01-15,48.11227798461914
2021-01-19,48.908992767333984
2021-01-20,49.767662048339844
2021-01-21,49.85618591308594
2021-01-22,49.42242431640625
2021-01-25,49.79421615600586
2021-01-26,49.4312744140625
2021-01-27,48.05916976928711
2021-01-28,48.39554977416992
2021-01-29,47.19164276123047
2021-02-01,48.466373443603516
2021-02-02,49.09488296508789
2021-02-03,49.34275436401367
2021-02-04,49.36045455932617
2021-02-05,49.785369873046875
2021-02-08,49.8738899230957
2021-02-09,50.405029296875
2021-02-10,50.58207321166992
2021-02-11,51.1220588684082
2021-02-12,51.166316986083984
2021-02-16,51.290260314941406
2021-02-17,51.307960510253906
2021-02-18,50.59978485107422
2021-02-19,50.927310943603516
2021-02-22,49.4312744140625
2021-02-23,49.65258026123047
2021-02-24,49.333900451660156
2021-02-25,48.20964813232422
2021-02-26,47.56344223022461
2021-03-01,48.83816909790039
2021-03-02,48.36014938354492
2021-03-03,48.26277160644531
2021-03-04,47.138519287109375
2021-03-05,47.65196228027344
2021-03-08,46.368385314941406
2021-03-09,47.38639450073242
2021-03-10,47.1739387512207
2021-03-11,48.661128997802734
2021-03-12,47.79359436035156
2021-03-15,47.90867233276367
2021-03-16,48.11227798461914
2021-03-17,48.174251556396484
2021-03-18,47.28901672363281
2021-03-19,47.87327194213867
2021-03-22,47.731624603271484
2021-03-23,46.81983947753906
2021-03-24,45.748714447021484
2021-03-25,45.96116638183594
2021-03-26,47.15623474121094
2021-03-29,46.82869338989258
2021-03-30,46.979183197021484
2021-03-31,47.218196868896484
2021-04-01,47.67852020263672
2021-04-05,47.86441421508789
2021-04-06,48.12998962402344
2021-04-07,47.42180252075195
2021-04-08,47.811302185058594
2021-04-09,47.40409469604492
2021-04-12,47.120819091796875
2021-04-13,47.31557083129883
2021-04-14,47.554588317871094
2021-04-15,47.98834991455078
2021-04-16,48.11227798461914
2021-04-19,47.93523406982422
2021-04-20,47.54573059082031
2021-04-21,47.83786392211914
2021-04-22,47.6696662902832
2021-04-23,48.36014938354492
2021-04-26,48.42211151123047
2021-04-27,48.39554977416992
2021-04-28,48.75849914550781
2021-04-29,48.6434211730957
2021-04-30,47.78474807739258
2021-05-03,47.78474807739258
2021-05-04,47.2447509765625
2021-05-05,47.466064453125
2021-05-06,47.91753387451172
2021-05-07,48.41325378417969
2021-05-10,47.54573059082031
2021-05-11,47.41294479370117
2021-05-12,46.10280990600586
2021-05-13,46.040836334228516
2021-05-14,46.87295913696289
2021-05-17,46.82869338989258
2021-05-18,47.457210540771484
2021-05-19,47.31557083129883
2021-05-20,47.589996337890625
2021-05-21,47.0411491394043
2021-05-24,47.43065643310547
2021-05-25,47.89982604980469
2021-05-26,48.25391387939453
2021-05-27,48.26277160644531
2021-05-28,48.57260513305664
2021-06-01,49.572914123535156
2021-06-02,49.65258026123047
2021-06-03,49.12144470214844
2021-06-04,49.56406021118164
2021-06-07,49.316192626953125
2021-06-08,49.077178955078125
2021-06-09,48.935543060302734
2021-06-10,49.327640533447266
2021-06-11,49.15871047973633
2021-06-14,49.292076110839844
2021-06-15,48.9542121887207
2021-06-16,48.28738784790039
2021-06-17,48.55412292480469
2021-06-18,48.216251373291016
2021-06-21,48.42074966430664
2021-06-22,48.1984748840332
2021-06-23,48.491878509521484
2021-06-24,48.93643569946289
2021-06-25,49.345420837402344
2021-06-28,49.38988494873047
2021-06-29,49.35431671142578
2021-06-30,49.034236907958984
2021-07-01,48.758609771728516
2021-07-02,48.705265045166016
2021-07-06,47.85171890258789
2021-07-07,47.79837417602539
2021-07-08,46.80258560180664
2021-07-09,47.611663818359375
2021-07-12,47.656124114990234
2021-07-13,47.70058059692383
2021-07-14,47.90506362915039
2021-07-15,48.02064895629883
2021-07-16,47.64722442626953
2021-07-19,46.84703063964844
2021-07-20,46.99818420410156
2021-07-21,47.300479888916016
2021-07-22,47.38938522338867
2021-07-23,46.686988830566406
2021-07-26,45.79788589477539
2021-07-27,44.87321853637695
2021-07-28,46.09129333496094
2021-07-29,46.32245635986328
2021-07-30,45.877906799316406
2021-08-02,46.20687484741211
2021-08-03,46.40248107910156
2021-08-04,46.64253616333008
2021-08-05,46.57141876220703
2021-08-06,46.18020248413086
2021-08-09,46.33135223388672
2021-08-10,46.393592834472656
2021-08-11,46.518062591552734
2021-08-12,46.10906982421875
2021-08-13,45.99348449707031
2021-08-16,45.57561111450195
2021-08-17,44.739845275878906
2021-08-18,44.81098175048828
2021-08-19,44.04634475708008
2021-08-20,44.01078414916992
2021-08-23,44.677616119384766
2021-08-24,45.69118881225586
2021-08-25,45.74454116821289
2021-08-26,45.308876037597656
2021-08-27,45.86901092529297
2021-08-30,45.966819763183594
2021-08-31,46.59808349609375
2021-09-01,47.193782806396484
2021-09-02,46.98040008544922
2021-09-03,47.22935104370117
2021-09-07,47.504966735839844
2021-09-08,46.811466217041016
2021-09-09,46.72254943847656
2021-09-10,46.66921615600586
2021-09-13,46.79368591308594
2021-09-14,46.40248107910156
2021-09-15,46.393592834472656
2021-09-16,45.86901092529297
2021-09-17,45.67341613769531
2021-09-20,44.44645309448242
2021-09-21,44.77541732788086
2021-09-22,45.33554458618164
2021-09-23,45.69118881225586
2021-09-24,45.14883041381836
2021-09-27,45.44224166870117
2021-09-28,44.855438232421875
2021-09-29,44.43754577636719
2021-09-30,44.793190002441406
2021-10-01,44.748748779296875
2021-10-04,44.0908088684082
2021-10-05,44.40199279785156
2021-10-06,44.15303421020508
2021-10-07,45.01547622680664
2021-10-08,45.18439865112305
2021-10-11,45.09549331665039
2021-10-12,44.864315032958984
2021-10-13,45.48670196533203
2021-10-14,45.62895584106445
2021-10-15,46.18020248413086
2021-10-18,46.06461715698242
2021-10-19,46.678104400634766
2021-10-20,46.66921615600586
2021-10-21,46.36691665649414
2021-10-22,46.26911163330078
2021-10-25,46.5091667175293
2021-10-26,46.26911163330078
2021-10-27,45.895687103271484
2021-10-28,45.94013595581055
2021-10-29,45.27330780029297
2021-11-01,45.62895584106445
2021-11-02,45.219970703125
2021-11-03,45.433353424072266
2021-11-04,45.32666015625
2021-11-05,45.27330780029297
2021-11-08,45.69118881225586
2021-11-09,45.51336669921875
2021-11-10,45.32666015625
2021-11-11,46.10906982421875
2021-11-12,46.233543395996094
2021-11-15,46.082401275634766
2021-11-16,46.1446418762207
2021-11-17,45.90458679199219
2021-11-18,45.344444274902344
2021-11-19,45.27330780029297
2021-11-22,44.908775329589844
2021-11-23,44.864315032958984
2021-11-24,44.80208969116211
2021-11-26,43.29949951171875
2021-11-29,43.46842956542969
2021-11-30,43.42396926879883
2021-12-01,43.58401107788086
2021-12-02,44.11747741699219
2021-12-03,43.49509811401367
2021-12-06,43.83295822143555
2021-12-07,44.526458740234375
2021-12-08,44.70428466796875
2021-12-09,44.49089813232422
2021-12-10,44.526458740234375
2021-12-13,43.82032775878906
2021-12-14,43.721126556396484
2021-12-15,43.59486389160156
2021-12-16,43.64897537231445
2021-12-17,43.43253707885742
2021-12-20,42.7832145690918
2021-12-21,43.50468826293945
2021-12-22,43.71210479736328
2021-12-23,43.93756866455078
2021-12-27,44.135963439941406
2021-12-28,43.99167251586914
2021-12-29,43.793270111083984
2021-12-30,44.29495620727539
2021-12-31,44.078399658203125
2022-01-03,44.394222259521484
2022-01-04,44.240821838378906
2022-01-05,43.518959045410156
2022-01-06,43.71747589111328
2022-01-07,44.11449432373047
2022-01-10,44.11449432373047
2022-01-11,45.13412094116211
2022-01-12,45.88304138183594
2022-01-13,45.233375549316406
2022-01-14,45.21532440185547
2022-01-18,44.41226577758789
2022-01-19,44.60175323486328
2022-01-20,44.86343002319336
2022-01-21,44.213748931884766
2022-01-24,43.591148376464844
2022-01-25,43.509944915771484
2022-01-26,42.95952224731445
2022-01-27,42.4632453918457
2022-01-28,42.67078399658203
2022-01-31,44.069374084472656
2022-02-01,44.34008026123047
2022-02-02,44.26789093017578
2022-02-03,43.798683166503906
2022-02-04,43.90696334838867
2022-02-07,43.81673049926758
2022-02-08,44.240821838378906
2022-02-09,44.935611724853516
2022-02-10,44.63784408569336
2022-02-11,43.96110153198242
2022-02-14,43.6543083190918
2022-02-15,44.60175323486328
2022-02-16,44.92658233642578
2022-02-17,44.40323257446289
2022-02-18,43.96110153198242
2022-02-22,43.338497161865234
2022-02-23,42.83320617675781
2022-02-24,41.94892501831055
2022-02-25,42.724918365478516
2022-02-28,42.16548156738281
2022-03-01,41.606040954589844
2022-03-02,41.67822265625
2022-03-03,41.09172439575195
2022-03-04,40.26158142089844
2022-03-07,38.75471115112305
2022-03-08,38.88103103637695
2022-03-09,39.98186492919922
2022-03-10,39.23293685913086
2022-03-11,38.411827087402344
2022-03-14,37.4824333190918
2022-03-15,37.53657150268555
2022-03-16,40.559349060058594
2022-03-17,40.351810455322266
2022-03-18,40.92930221557617
2022-03-21,40.29767990112305
2022-03-22,41.028564453125
2022-03-23,40.75785446166992
2022-03-24,40.97441482543945
2022-03-25,40.64958190917969
2022-03-28,40.78493118286133
2022-03-29,41.479713439941406
2022-03-30,41.3624153137207
2022-03-31,40.739810943603516
2022-04-01,41.41655731201172
2022-04-04,42.14742660522461
2022-04-05,41.37143325805664
2022-04-06,40.830039978027344
2022-04-07,40.50521469116211
2022-04-08,40.54130172729492
2022-04-11,40.0359992980957
2022-04-12,39.90967559814453
2022-04-13,40.43302917480469
2022-04-14,39.90967559814453
2022-04-18,39.77433395385742
2022-04-19,39.57582092285156
2022-04-20,39.34121322631836
2022-04-21,38.5832633972168
2022-04-22,38.24038314819336
2022-04-25,37.96066665649414
2022-04-26,37.130523681640625
2022-04-27,37.56364440917969
2022-04-28,38.10503387451172
2022-04-29,38.24038314819336
2022-05-02,38.18624496459961
2022-05-03,38.465965270996094
2022-05-04,38.88103103637695
2022-05-05,37.44633865356445
2022-05-06,36.9320182800293
2022-05-09,35.86728286743164
2022-05-10,36.03871536254883
2022-05-11,35.78607177734375
2022-05-12,35.55146789550781
2022-05-13,36.534996032714844
2022-05-16,36.390628814697266
2022-05-17,37.2839241027832
2022-05-18,36.390628814697266
2022-05-19,36.968116760253906
2022-05-20,37.12150573730469
2022-05-23,37.401222229003906
2022-05-24,36.75155258178711
2022-05-25,36.9320182800293
2022-05-26,37.509498596191406
2022-05-27,37.94261169433594
2022-05-31,38.47498321533203
2022-06-01,38.20429229736328
2022-06-02,38.86298370361328
2022-06-03,38.23135757446289
2022-06-06,38.43889617919922
2022-06-07,38.55619430541992
2022-06-08,38.763729095458984
2022-06-09,37.846458435058594
2022-06-10,37.427860260009766
2022-06-13,36.11747741699219
2022-06-14,36.617977142333984
2022-06-15,37.10026931762695
2022-06-16,35.96278381347656
2022-06-17,36.09928512573242
2022-06-21,36.68167495727539
2022-06-22,36.02648162841797
2022-06-23,36.135677337646484
2022-06-24,36.99107360839844
2022-06-27,37.03656768798828
2022-06-28,36.809078216552734
2022-06-29,36.663475036621094
2022-06-30,36.49057388305664
2022-07-01,36.26307678222656
2022-07-05,35.980979919433594
2022-07-06,35.76258087158203
2022-07-07,36.481475830078125
2022-07-08,36.481475830078125
2022-07-11,35.50779342651367
2022-07-12,35.37129211425781
2022-07-13,35.289390563964844
2022-07-14,34.97089385986328
2022-07-15,35.15289306640625
2022-07-18,35.39858627319336
2022-07-19,35.980979919433594
2022-07-20,35.82627868652344
2022-07-21,36.23577880859375
2022-07-22,35.87178421020508
2022-07-25,35.999183654785156
2022-07-26,35.71708297729492
2022-07-27,36.38137435913086
2022-07-28,36.536075592041016
2022-07-29,36.36317825317383
2022-08-01,36.05377960205078
2022-08-02,35.880882263183594
2022-08-03,36.16298294067383
2022-08-04,36.41777801513672
2022-08-05,36.45417785644531
2022-08-08,36.49967575073242
2022-08-09,36.36317825317383
2022-08-10,36.81816864013672
2022-08-11,36.963768005371094
2022-08-12,37.35506820678711
2022-08-15,37.182167053222656
2022-08-16,37.17306900024414
2022-08-17,37.01837158203125
2022-08-18,36.809078216552734
2022-08-19,36.30857467651367
2022-08-22,35.99007797241211
2022-08-23,36.18117904663086
2022-08-24,36.172080993652344
2022-08-25,36.954673767089844
2022-08-26,36.40867614746094
2022-08-29,36.18117904663086
2022-08-30,35.75348663330078
2022-08-31,35.880882263183594
2022-09-01,35.598785400390625
2022-09-02,35.27118682861328
2022-09-06,34.85258865356445
2022-09-07,35.16199493408203
2022-09-08,34.97089385986328
2022-09-09,35.489585876464844
2022-09-12,36.01738739013672
2022-09-13,34.907196044921875
2022-09-14,35.0800895690918
2022-09-15,34.70699691772461
2022-09-16,34.38850021362305
2022-09-19,34.49769592285156
2022-09-20,34.306602478027344
2022-09-21,33.733306884765625
2022-09-22,33.56950759887695
2022-09-23,32.741416931152344
2022-09-26,32.34101867675781
2022-09-27,32.30461883544922
2022-09-28,32.58672332763672
2022-09-29,31.858726501464844
2022-09-30,31.740434646606445
2022-10-03,32.259124755859375
2022-10-04,33.31471633911133
2022-10-05,33.332908630371094
2022-10-06,33.13270950317383
2022-10-07,32.44112777709961
2022-10-10,31.986125946044922
2022-10-11,31.476533889770508
2022-10-12,31.5129337310791
2022-10-13,31.60392951965332
2022-10-14,31.130735397338867
2022-10-17,31.986125946044922
2022-10-18,31.99522590637207
2022-10-19,31.41283416748047
2022-10-20,31.6130313873291
2022-10-21,32.09532928466797
2022-10-24,30.875944137573242
2022-10-25,31.130735397338867
2022-10-26,31.640331268310547
2022-10-27,31.394630432128906
2022-10-28,31.203536987304688
2022-10-31,31.11253547668457
2022-11-01,31.68583106994629
2022-11-02,31.421932220458984
2022-11-03,31.60392951965332
2022-11-04,32.941619873046875
2022-11-07,32.959815979003906
2022-11-08,33.1964111328125
2022-11-09,32.62311553955078
2022-11-10,33.80611038208008
2022-11-11,34.725196838378906
2022-11-14,34.51590347290039
2022-11-15,35.30759048461914
2022-11-16,34.74340057373047
2022-11-17,34.807098388671875
2022-11-18,34.606895446777344
2022-11-21,34.17010498046875
2022-11-22,34.25200271606445
2022-11-23,34.534095764160156
2022-11-25,34.370304107666016
2022-11-28,34.215599060058594
2022-11-29,34.95269012451172
2022-11-30,35.96278381347656
2022-12-01,35.844478607177734
2022-12-02,35.980979919433594
2022-12-05,35.57148742675781
2022-12-06,35.52598571777344
2022-12-07,35.316688537597656
2022-12-08,35.744384765625
2022-12-09,35.50779342651367
2022-12-12,35.39858627319336
2022-12-13,35.651729583740234
2022-12-14,35.67020034790039
2022-12-15,34.84796905517578
2022-12-16,34.9495964050293
2022-12-19,34.97731018066406
2022-12-20,34.96807098388672
2022-12-21,35.28218078613281
2022-12-22,34.96807098388672
2022-12-23,34.92188262939453
2022-12-27,35.439239501953125
2022-12-28,34.92188262939453
2022-12-29,35.50390625
2022-12-30,35.01426315307617
2023-01-03,35.30990219116211
2023-01-04,36.37232971191406
2023-01-05,36.261470794677734
2023-01-06,37.01903533935547
2023-01-09,37.29619598388672
2023-01-10,37.56411361694336
2023-01-11,37.721168518066406
2023-01-12,37.90594482421875
2023-01-13,38.15538024902344
2023-01-17,37.94289779663086
2023-01-18,37.6842155456543
2023-01-19,37.970611572265625
2023-01-20,38.552642822265625
2023-01-23,38.829803466796875
2023-01-24,38.85751724243164
2023-01-25,38.89447021484375
2023-01-26,39.264015197753906
2023-01-27,39.07923889160156
2023-01-30,38.29396438598633
2023-01-31,38.2108154296875
2023-02-01,38.681983947753906
2023-02-02,38.45101547241211
2023-02-03,37.76736068725586
2023-02-06,37.21304702758789
2023-02-07,37.360862731933594
2023-02-08,37.31467056274414
2023-02-09,37.49020767211914
2023-02-10,37.12989044189453
2023-02-13,37.434776306152344
2023-02-14,37.37010955810547
2023-02-15,37.055992126464844
2023-02-16,37.065223693847656
2023-02-17,36.65873718261719
2023-02-21,36.196807861328125
2023-02-22,36.021270751953125
2023-02-23,36.196807861328125
2023-02-24,35.38380432128906
2023-02-27,35.568572998046875
2023-02-28,35.31913375854492
2023-03-01,36.076698303222656
2023-03-02,36.20603942871094
2023-03-03,36.52939224243164
2023-03-06,36.400047302246094
2023-03-07,35.79030990600586
2023-03-08,35.9381217956543
2023-03-09,35.14360809326172
2023-03-10,34.95883560180664
2023-03-13,35.01426315307617
2023-03-14,35.03274154663086
2023-03-15,34.43223190307617
2023-03-16,34.95883560180664
2023-03-17,34.746341705322266
2023-03-20,34.87568664550781
2023-03-21,35.18980026245117
2023-03-22,35.3283805847168
2023-03-23,35.81801986694336
2023-03-24,35.72563171386719
2023-03-27,35.531620025634766
2023-03-28,36.03974151611328
2023-03-29,36.14137268066406
2023-03-30,36.501678466796875
2023-03-31,36.455482482910156
2023-04-03,36.52939224243164
2023-04-04,36.52939224243164
2023-04-05,36.24299240112305
2023-04-06,36.390811920166016
2023-04-10,36.427764892578125
2023-04-11,36.64949417114258
2023-04-12,36.390811920166016
2023-04-13,36.88969421386719
2023-04-14,36.695682525634766
2023-04-17,36.852745056152344
2023-04-18,36.806549072265625
2023-04-19,36.43700408935547
2023-04-20,36.38157653808594
2023-04-21,36.03974151611328
2023-04-24,35.95659637451172
2023-04-25,35.28218078613281
2023-04-26,35.48542785644531
2023-04-27,35.96583938598633
2023-04-28,36.15060806274414
2023-05-01,36.0305061340332
2023-05-02,35.679447174072266
2023-05-03,35.62401580810547
2023-05-04,35.91040802001953
2023-05-05,36.390811920166016
2023-05-08,36.4092903137207
2023-05-09,36.18756103515625
2023-05-10,36.169090270996094
2023-05-11,36.03974151611328
2023-05-12,35.614768981933594
2023-05-15,36.270713806152344
2023-05-16,36.01203536987305
2023-05-17,36.17832565307617
2023-05-18,35.984317779541016
2023-05-19,36.01203536987305
2023-05-22,36.30766296386719
2023-05-23,35.744110107421875
2023-05-24,35.4761962890625
2023-05-25,35.40228271484375
2023-05-26,36.0305061340332
2023-05-30,35.614768981933594
2023-05-31,35.28218078613281
2023-06-01,35.91040802001953
2023-06-02,36.52939224243164
2023-06-05,36.5201530456543
2023-06-06,36.843502044677734
2023-06-07,36.68522262573242
2023-06-08,36.9459228515625
2023-06-09,37.113525390625
2023-06-12,37.188011169433594
2023-06-13,37.560447692871094
2023-06-14,37.839778900146484
2023-06-15,38.1935920715332
2023-06-16,38.0632438659668
2023-06-20,37.318363189697266
2023-06-21,37.141456604003906
2023-06-22,37.01110076904297
2023-06-23,36.47106170654297
2023-06-26,36.59210968017578
2023-06-27,36.96455001831055
2023-06-28,36.74108123779297
2023-06-29,36.545555114746094
2023-06-30,36.834197998046875
2023-07-03,37.24388122558594
2023-07-05,37.02041244506836
2023-07-06,36.2662239074707
2023-07-07,36.6759033203125
2023-07-10,36.70384216308594
2023-07-11,37.07627487182617
2023-07-12,37.90495681762695
2023-07-13,38.3984375
2023-07-14,38.18428039550781
2023-07-17,38.23084259033203
2023-07-18,37.951507568359375
2023-07-19,37.87702178955078
2023-07-20,37.59769058227539
2023-07-21,37.54182815551758
2023-07-24,38.05392837524414
2023-07-25,38.37050247192383
2023-07-26,38.593971252441406
2023-07-27,38.11910629272461
2023-07-28,39.0408935546875
2023-07-31,39.05951690673828
2023-08-01,38.56603240966797
2023-08-02,37.64425277709961
2023-08-03,37.79322814941406
2023-08-04,37.74666976928711
2023-08-07,37.69080352783203
2023-08-08,37.23456954956055
2023-08-09,37.327674865722656
2023-08-10,37.383544921875
2023-08-11,36.834197998046875
2023-08-14,36.65727996826172
2023-08-15,36.23828887939453
2023-08-16,35.912410736083984
2023-08-17,35.99620819091797
2023-08-18,35.754119873046875
2023-08-21,35.837921142578125
2023-08-22,35.763431549072266
2023-08-23,36.33140182495117
2023-08-24,36.19173812866211
2023-08-25,36.22898483276367
2023-08-28,36.582801818847656
2023-08-29,37.048343658447266
2023-08-30,36.92729949951172
2023-08-31,36.47106170654297
2023-09-01,36.89937210083008
2023-09-05,36.6014289855957
2023-09-06,36.396575927734375
2023-09-07,35.9682731628418
2023-09-08,36.04276657104492
2023-09-11,36.48968505859375
2023-09-12,36.377952575683594
2023-09-13,36.33140182495117
2023-09-14,36.573486328125
2023-09-15,36.43382263183594
2023-09-18,36.387264251708984
2023-09-19,36.17311477661133
2023-09-20,36.024139404296875
2023-09-21,35.40031051635742
2023-09-22,35.819297790527344
2023-09-25,35.6610107421875
2023-09-26,35.15821838378906
2023-09-27,35.21408462524414
2023-09-28,35.307193756103516
2023-09-29,35.33513259887695
2023-10-02,35.15821838378906
2023-10-03,34.692665100097656
2023-10-04,34.59025573730469
2023-10-05,34.720603942871094
2023-10-06,35.223392486572266
2023-10-09,35.05580139160156
2023-10-10,35.558589935302734
2023-10-11,35.78205490112305
2023-10-12,35.38168716430664
2023-10-13,35.2513313293457
2023-10-16,35.51203918457031
2023-10-17,35.41893005371094
2023-10-18,34.87889099121094
2023-10-19,34.674049377441406
2023-10-20,34.25505828857422
2023-10-23,34.22712326049805
2023-10-24,34.66473388671875
2023-10-25,34.208499908447266
2023-10-26,34.04090118408203
2023-10-27,34.012969970703125
2023-10-30,34.366790771484375
2023-10-31,34.1712532043457
2023-11-01,34.487831115722656
2023-11-02,35.093040466308594
2023-11-03,35.80998611450195
2023-11-06,36.098628997802734
2023-11-07,36.03345489501953
2023-11-08,35.79136657714844
2023-11-09,35.45616912841797
2023-11-10,35.70756530761719
2023-11-13,35.69825744628906
2023-11-14,36.64797592163086
2023-11-15,36.955238342285156
2023-11-16,36.6014289855957
2023-11-17,36.64797592163086
2023-11-20,37.104217529296875
2023-11-21,36.87144088745117
2023-11-22,36.79694747924805
2023-11-24,36.81557083129883
2023-11-27,36.66659927368164
2023-11-28,36.97385787963867
2023-11-29,36.75970458984375
2023-11-30,36.834197998046875
2023-12-01,36.99247741699219
2023-12-04,36.573486328125
2023-12-05,36.35002136230469
2023-12-06,36.303466796875
2023-12-07,36.48038101196289
2023-12-08,36.32209014892578
2023-12-11,36.5362434387207
2023-12-12,36.545555114746094
2023-12-13,36.90867614746094
2023-12-14,37.44871520996094
2023-12-15,37.22525405883789
2023-12-18,37.206634521484375
2023-12-19,37.5232048034668
2023-12-20,36.84772491455078
2023-12-21,37.540279388427734
2023-12-22,37.36003112792969
2023-12-26,37.65412521362305
2023-12-27,37.8723258972168
2023-12-28,38.16642379760742
2023-12-29,38.1474494934082
2024-01-02,37.70156478881836
2024-01-03,37.49284744262695
2024-01-04,37.369510650634766
2024-01-05,37.41694259643555
2024-01-08,37.521305084228516
2024-01-09,36.99003219604492
2024-01-10,36.90464782714844
2024-01-11,37.05644607543945
2024-01-12,37.18926239013672
2024-01-16,36.28799057006836
2024-01-17,35.74722671508789
2024-01-18,36.041324615478516
2024-01-19,36.420806884765625
2024-01-22,36.09824752807617
2024-01-23,36.411319732666016
2024-01-24,36.81926727294922
2024-01-25,36.866703033447266
2024-01-26,36.89516067504883
2024-01-29,36.91413497924805
2024-01-30,36.620033264160156
2024-01-31,36.420806884765625
2024-02-01,36.771827697753906
2024-02-02,36.66747283935547
2024-02-05,36.714908599853516
2024-02-06,37.54977035522461
2024-02-07,37.59720230102539
2024-02-08,37.388484954833984
2024-02-09,37.54977035522461
2024-02-12,37.84386444091797
2024-02-13,37.1323356628418
2024-02-14,37.663612365722656
2024-02-15,37.84386444091797
2024-02-16,38.02412414550781
2024-02-20,38.08103942871094
2024-02-21,38.1474494934082
2024-02-22,38.53641891479492
2024-02-23,38.5174446105957
2024-02-26,38.3466796875
2024-02-27,38.42258071899414
2024-02-28,37.919761657714844
2024-02-29,37.93873977661133
2024-03-01,38.403602600097656
2024-03-04,38.318214416503906
2024-03-05,37.9766845703125
2024-03-06,38.52693557739258
2024-03-07,38.76411437988281
2024-03-08,38.72616195678711
2024-03-11,38.811546325683594
2024-03-12,39.23846435546875
2024-03-13,39.11513137817383
2024-03-14,38.9159049987793
2024-03-15,38.67873001098633
2024-03-18,38.745140075683594
2024-03-19,38.555397033691406
2024-03-20,38.99179458618164
2024-03-21,39.03923797607422
2024-03-22,38.76411437988281
2024-03-25,38.792572021484375
2024-03-26,38.76411437988281
2024-03-27,38.83052062988281
2024-03-28,38.97282409667969
2024-04-01,39.03923797607422
2024-04-02,39.16257095336914
2024-04-03,39.1910285949707
2024-04-04,39.04872131347656
2024-04-05,39.13410568237305
2024-04-08,39.390262603759766
2024-04-09,39.6558952331543
2024-04-10,39.11513137817383
2024-04-11,39.35231018066406
2024-04-12,38.45103454589844
2024-04-15,38.20437240600586
2024-04-16,37.70156478881836
2024-04-17,37.673095703125
2024-04-18,37.82489013671875
2024-04-19,37.673095703125
2024-04-22,38.08103942871094
2024-04-23,38.39411544799805
2024-04-24,38.52693557739258
2024-04-25,38.61231994628906
2024-04-26,39.058204650878906
2024-04-29,39.43769454956055
2024-04-30,38.8874397277832
2024-05-01,38.92538833618164
2024-05-02,39.9310188293457
2024-05-03,40.29153060913086
2024-05-06,40.32947540283203
2024-05-07,40.101783752441406
2024-05-08,40.11127471923828
2024-05-09,40.2346076965332
2024-05-10,40.31999206542969
2024-05-13,40.62357711791992
2024-05-14,40.841773986816406
2024-05-15,41.27818298339844
2024-05-16,41.36356735229492
2024-05-17,41.5438232421875
2024-05-20,41.39202880859375
2024-05-21,41.13587951660156
2024-05-22,41.00305938720703
2024-05-23,40.6994743347168
2024-05-24,40.813316345214844
2024-05-28,40.75639343261719
2024-05-29,40.14922332763672
2024-05-30,40.035377502441406
2024-05-31,39.64641189575195
2024-06-03,40.0638427734375
2024-06-04,39.50410461425781
2024-06-05,40.13973617553711
2024-06-06,40.33896255493164
2024-06-07,39.88358688354492
2024-06-10,40.12076187133789
2024-06-11,39.98702621459961
2024-06-12,40.38822937011719
2024-06-13,40.292701721191406
2024-06-14,40.34046936035156
2024-06-17,40.598388671875
2024-06-18,40.9709358215332
2024-06-20,40.90407180786133
2024-06-21,40.760780334472656
2024-06-24,40.760780334472656
2024-06-25,40.665260314941406
2024-06-26,40.579280853271484
2024-06-27,40.60793685913086
2024-06-28,40.684364318847656
2024-07-01,40.77988815307617
2024-07-02,40.90407180786133
2024-07-03,41.505882263183594
2024-07-05,41.67782974243164
2024-07-08,41.6873779296875
2024-07-09,41.85932540893555
2024-07-10,42.09813690185547
2024-07-11,42.34650802612305
2024-07-12,42.51844787597656
2024-07-15,42.06948471069336
2024-07-16,42.30830001831055
2024-07-17,41.62051010131836
2024-07-18,41.22885513305664
2024-07-19,40.82765197753906
2024-07-22,41.171539306640625
2024-07-23,40.80854415893555
2024-07-24,40.216285705566406
2024-07-25,40.05389404296875
2024-07-26,40.46465301513672
2024-07-29,40.33091735839844
2024-07-30,40.14942169189453
2024-07-31,41.028255462646484
2024-08-01,40.31181335449219
2024-08-02,39.7386589050293
2024-08-05,38.6114501953125
2024-08-06,38.8311653137207
2024-08-07,39.069976806640625
2024-08-08,39.958370208740234
2024-08-09,40.178077697753906
2024-08-12,40.31181335449219
2024-08-13,40.760780334472656
2024-08-14,40.541072845458984
2024-08-15,40.99004364013672
2024-08-16,41.46767044067383
2024-08-19,41.86887741088867
2024-08-20,41.54409408569336
2024-08-21,41.70648193359375
2024-08-22,41.19064712524414
2024-08-23,41.8784294128418
2024-08-26,41.524986267089844
2024-08-27,41.582298278808594
2024-08-28,41.324378967285156
2024-08-29,41.34348678588867
2024-08-30,41.42945861816406
2024-09-03,40.60793685913086
2024-09-04,40.598388671875
2024-09-05,40.65570068359375
2024-09-06,39.910606384277344
2024-09-09,40.24494171142578
2024-09-10,40.09210205078125
2024-09-11,40.38822937011719
2024-09-12,40.722572326660156
2024-09-13,40.91362380981445
2024-09-16,41.047359466552734
2024-09-17,41.095123291015625
2024-09-18,40.95183563232422
2024-09-19,41.82111358642578
2024-09-20,41.735145568847656
2024-09-23,42.05992889404297
2024-09-24,43.4928092956543
2024-09-25,43.0342903137207
2024-09-26,44.6104621887207
2024-09-27,44.52449035644531
2024-09-30,43.808048248291016
2024-10-01,44.12328338623047
2024-10-02,44.9925651550293
2024-10-03,44.45762252807617
2024-10-04,44.86838150024414
2024-10-07,45.240936279296875
2024-10-08,44.12328338623047
2024-10-09,43.88447189331055
2024-10-10,43.97043991088867
2024-10-11,44.28567886352539
2024-10-14,44.10417938232422
2024-10-15,43.168025970458984
2024-10-16,43.50236892700195
2024-10-17,43.43550109863281
2024-10-18,43.8653678894043
2024-10-21,43.55967712402344
2024-10-22,43.46415710449219
2024-10-23,43.20623779296875
2024-10-24,43.13936996459961
2024-10-25,43.10115432739258
2024-10-28,43.29220962524414
2024-10-29,43.15847396850586
2024-10-30,42.7381591796875
2024-10-31,42.46113586425781
2024-11-01,42.49934768676758
2024-11-04,42.7381591796875
2024-11-05,43.32086181640625
2024-11-06,42.78592300415039
2024-11-07,43.731624603271484
2024-11-08,42.652191162109375
2024-11-11,42.32740020751953
2024-11-12,41.524986267089844
2024-11-13,41.257511138916016
2024-11-14,41.028255462646484
2024-11-15,41.028255462646484
2024-11-18,41.4963264465332
2024-11-19,41.46767044067383
2024-11-20,41.4199104309082
2024-11-21,41.33393478393555
2024-11-22,41.34348678588867
2024-11-25,41.37215042114258
2024-11-26,41.20020294189453
2024-11-27,41.257511138916016
2024-11-29,41.324378967285156
2024-12-02,41.486778259277344
2024-12-03,41.572750091552734
2024-12-04,41.67782974243164
2024-12-05,41.95485305786133
2024-12-06,41.88798522949219
2024-12-09,42.74771499633789
2024-12-10,42.05992889404297
2024-12-11,42.231876373291016
2024-12-12,42.021724700927734
2024-12-13,42.05992889404297
2024-12-16,41.83067321777344
2024-12-17,41.73061752319336
2024-12-18,40.75923538208008
2024-12-19,40.895225524902344
2024-12-20,41.060359954833984
2024-12-23,41.293495178222656
2024-12-24,41.41977310180664
2024-12-26,41.274070739746094
2024-12-27,41.08950424194336
2024-12-30,40.75923538208008
2024-12-31,40.62323760986328
2025-01-02,40.56495666503906
2025-01-03,40.94379806518555
2025-01-06,41.08950424194336
2025-01-07,40.79808807373047
2025-01-08,40.60380935668945
2025-01-10,39.91413116455078
2025-01-13,39.64214324951172
2025-01-14,40.0889778137207
2025-01-15,40.613529205322266
2025-01-16,40.56495666503906
2025-01-17,40.8855094909668
2025-01-21,41.322635650634766
2025-01-22,41.351776123046875
2025-01-23,41.44891357421875
2025-01-24,41.72090530395508
2025-01-27,40.96322250366211
2025-01-28,41.26435470581055
2025-01-29,41.274070739746094
2025-01-30,41.97346115112305
2025-01-31,41.49748611450195
2025-02-03,41.19635772705078
2025-02-04,41.93460464477539
2025-02-05,41.827754974365234
2025-02-06,42.00260925292969
2025-02-07,41.963748931884766
2025-02-10,42.468868255615234
2025-02-11,42.30373001098633
2025-02-12,42.536865234375
2025-02-13,42.8088493347168
2025-02-14,43.139122009277344
2025-02-18,43.411109924316406
2025-02-19,43.34311294555664
2025-02-20,43.74137878417969
2025-02-21,43.61509704589844
2025-02-24,42.944847106933594
2025-02-25,42.9739875793457
2025-02-26,43.401397705078125
2025-02-27,42.55629348754883
2025-02-28,41.97346115112305
2025-03-03,41.604339599609375
2025-03-04,41.95403289794922
2025-03-05,43.20711898803711
2025-03-06,42.93513107299805
2025-03-07,43.148834228515625
2025-03-10,42.119171142578125
2025-03-11,42.468868255615234
2025-03-12,42.70199966430664
2025-03-13,42.52715301513672
2025-03-14,43.30426025390625
2025-03-17,44.04250717163086
2025-03-18,43.819091796875
2025-03-19,43.92594528198242
2025-03-20,43.51796340942383
2025-03-21,43.30426025390625
2025-03-24,43.49853515625
2025-03-25,43.37225341796875
2025-03-26,43.109981536865234
2025-03-27,43.32368469238281
2025-03-28,42.51743698120117
2025-03-31,42.449440002441406
2025-04-01,42.58543395996094
2025-04-02,42.64371871948242
2025-04-03,41.74032974243164
2025-04-04,39.41872787475586
2025-04-07,37.951934814453125
2025-04-08,37.41767883300781
2025-04-09,40.01126480102539
2025-04-10,39.32158660888672
2025-04-11,40.555240631103516
2025-04-14,40.92436981201172
2025-04-15,40.8855094909668
2025-04-16,40.40953826904297
2025-04-17,40.72037887573242
2025-04-21,40.710662841796875
2025-04-22,41.322635650634766
2025-04-23,41.79861068725586
2025-04-24,42.2843017578125
2025-04-25,42.20659637451172
2025-04-28,42.2843017578125
2025-04-29,42.400875091552734
2025-04-30,42.50772476196289
2025-05-01,42.498008728027344
2025-05-02,43.71223831176758
2025-05-05,44.04250717163086
2025-05-06,43.86766052246094
2025-05-07,43.36254119873047
2025-05-08,43.333396911621094
2025-05-09,43.624813079833984
2025-05-12,44.567054748535156
2025-05-13,44.64476776123047
2025-05-14,44.98474884033203
2025-05-15,44.9653205871582
2025-05-16,44.936180114746094
2025-05-19,45.03331756591797
2025-05-20,44.98474884033203
2025-05-21,44.868186950683594
2025-05-22,44.722476959228516
2025-05-23,44.90704345703125
2025-05-27,44.80018997192383
2025-05-28,44.596195220947266
2025-05-29,44.76133346557617
2025-05-30,44.21735763549805
2025-06-02,44.53791427612305
2025-06-03,44.64476776123047
2025-06-04,45.198455810546875
2025-06-05,45.43158721923828
2025-06-06,45.57728958129883
2025-06-09,45.96584701538086
2025-06-10,46.22812271118164
2025-06-11,46.42239761352539
2025-06-12,46.50010299682617
2025-06-13,45.76185989379883
2025-06-16,46.32286834716797
2025-06-17,45.714778900146484
2025-06-18,45.7049674987793
2025-06-20,45.44015884399414
2025-06-23,45.81285858154297
2025-06-24,46.99961853027344
2025-06-25,47.03884506225586
2025-06-26,47.35270309448242
2025-06-27,47.166351318359375
2025-06-30,47.313472747802734
2025-07-01,47.4017448425293
2025-07-02,47.60770797729492
2025-07-03,47.823482513427734
2025-07-07,47.14673614501953
2025-07-08,47.440975189208984
2025-07-09,47.362510681152344
2025-07-10,47.490013122558594
2025-07-11,47.33308792114258
2025-07-14,47.4017448425293
2025-07-15,47.745018005371094
2025-07-16,47.970603942871094
2025-07-17,48.24522399902344
2025-07-18,48.13733673095703
2025-07-21,48.451194763183594
2025-07-22,48.48061752319336
2025-07-23,48.971012115478516
2025-07-24,48.70619583129883
2025-07-25,48.55907440185547
2025-07-28,48.23542022705078
2025-07-29,48.255035400390625
2025-07-30,47.90195083618164
2025-07-31,47.62732696533203
2025-08-01,47.27423858642578
2025-08-04,47.7646369934082
2025-08-05,47.90195083618164
2025-08-06,48.12752914428711
2025-08-07,48.52965545654297
2025-08-08,48.490421295166016
2025-08-11,48.353111267089844
2025-08-12,48.94158935546875
2025-08-13,49.53006362915039
2025-08-14,48.921974182128906
2025-08-15,48.98081970214844
2025-08-18,49.2652473449707
2025-08-19,48.86312484741211
2025-08-20,48.79446792602539
2025-08-21,48.686580657958984
2025-08-22,49.65756607055664
2025-08-25,49.37313461303711
2025-08-26,49.245635986328125
2025-08-27,48.95139694213867
2025-08-28,49.13774871826172
2025-08-29,48.90235900878906
2025-09-02,48.86312484741211
2025-09-03,49.049476623535156
2025-09-04,48.892547607421875
2025-09-05,49.48102569580078
2025-09-08,49.93218994140625
2025-09-09,50.206809997558594
2025-09-10,50.55009078979492
2025-09-11,51.28568649291992
2025-09-12,51.25625991821289
2025-09-15,51.628963470458984
2025-09-16,52.011470794677734
2025-09-17,52.23705291748047
2025-09-18,52.10955047607422
2025-09-19,51.991851806640625
2025-09-22,52.246864318847656
2025-09-23,52.276283264160156
2025-09-24,52.0997428894043
2025-09-25,51.79569625854492
2025-09-26,51.69761657714844
2025-09-29,52.16839599609375
2025-09-30,52.374366760253906
2025-10-01,52.78629684448242
2025-10-02,53.031494140625
2025-10-03,53.18842315673828
2025-10-06,53.433624267578125
2025-10-07,53.021690368652344
2025-10-08,53.44343185424805
2025-10-09,52.89418411254883
2025-10-10,50.942405700683594
2025-10-13,52.42340850830078
2025-10-14,51.9526252746582
2025-10-15,52.80591583251953
2025-10-16,53.149192810058594
2025-10-17,53.13938522338867
2025-10-20,53.865169525146484
2025-10-21,53.26688766479492
2025-10-22,53.21784591674805
2025-10-23,53.688629150390625
2025-10-24,54.04171371459961
2025-10-27,54.63999557495117
2025-10-28,54.62038040161133
2025-10-29,54.934234619140625
2025-10-30,54.36537551879883
2025-10-31,54.23787307739258
2025-11-03,54.581153869628906
2025-11-04,53.58074188232422
2025-11-05,54.06132888793945
2025-11-06,53.65920639038086
2025-11-07,53.50227737426758
2025-11-10,54.4438362121582
2025-11-11,54.502685546875
2025-11-12,54.51249313354492
2025-11-13,53.87498092651367
2025-11-14,53.90440368652344
2025-11-17,53.26688766479492
2025-11-18,53.0020751953125
2025-11-19,52.81571960449219
2025-11-20,52.08993911743164
2025-11-21,52.08012390136719
2025-11-24,52.629371643066406
2025-11-25,52.81571960449219
2025-11-26,53.19823455810547
2025-11-28,53.27669143676758
2025-12-01,53.237464904785156
2025-12-02,53.257080078125
2025-12-03,53.29631042480469
2025-12-04,53.28650665283203
2025-12-05,53.688629150390625
2025-12-08,53.5709342956543
2025-12-09,53.482662200927734
2025-12-10,54.0809440612793
2025-12-11,53.8259391784668
2025-12-12,53.19823455810547
2025-12-15,53.04130935668945
2025-12-16,52.70604705810547
2025-12-17,52.32801055908203
2025-12-18,52.92491149902344
2025-12-19,53.442222595214844
2025-12-22,53.73072052001953
2025-12-23,54.029170989990234
2025-12-24,54.13859939575195
2025-12-26,54.51663589477539
2025-12-29,54.37736129760742
2025-12-30,54.596221923828125
2025-12-31,54.427101135253906
2026-01-02,55.94919204711914
2026-01-05,56.565982818603516
2026-01-06,56.98381042480469
2026-01-07,56.556034088134766
2026-01-08,56.575931549072266
2026-01-09,56.84453582763672
2026-01-12,57.64039611816406
2026-01-13,57.21261978149414
2026-01-14,57.45138168334961
2026-01-15,57.78962326049805
2026-01-16,57.57075881958008
2026-01-20,57.01365661621094
2026-01-21,57.958744049072266
2026-01-22,58.39646911621094
2026-01-23,58.764556884765625
2026-01-26,58.864036560058594
2026-01-27,60.02798843383789
2026-01-28,60.43586730957031
2026-01-29,60.127471923828125
2026-01-30,58.79439926147461
2026-02-02,58.97346878051758
2026-02-03,59.291812896728516
2026-02-04,58.49595260620117
2026-02-05,58.22734832763672
2026-02-06,59.75938415527344
2026-02-09,60.19710922241211
2026-02-10,60.286643981933594
2026-02-11,61.24168014526367
2026-02-12,60.5452995300293
2026-02-13,60.803955078125
2026-02-17,60.55524826049805
2026-02-18,60.873592376708984
2026-02-19,60.724369049072266
2026-02-20,62.01764678955078
2026-02-23,61.331214904785156
2026-02-24,62.296199798583984
2026-02-25,62.98263168334961
2026-02-26,62.38573455810547
2026-02-27,62.25640869140625
2026-03-02,61.18199157714844
2026-03-03,58.117916107177734
2026-03-04,58.744659423828125
2026-03-05,57.33200454711914
2026-03-06,57.02360534667969
2026-03-09,58.147762298583984
2026-03-10,58.37657165527344
2026-03-11,58.52579879760742
2026-03-12,56.655517578125
2026-03-13,56.50629425048828
2026-03-16,58.078125
2026-03-17,58.44620895385742
2026-03-18,57.262367248535156
2026-03-19,57.322052001953125
2026-03-20,55.352291107177734
2026-03-23,57.01365661621094
2026-03-24,56.22774124145508
2026-03-25,57.123085021972656
2026-03-26,55.18317413330078
2026-03-27,54.91456985473633
2026-03-30,54.466896057128906
2026-03-31,56.49634552001953
2026-04-01,56.9340705871582
2026-04-02,56.29737854003906
2026-04-06,56.814693450927734
2026-04-07,57.01365661621094
2026-04-08,60.127471923828125
2026-04-09,59.968299865722656
2026-04-10,60.24685287475586
2026-04-13,60.754215240478516
2026-04-14,61.91816711425781
2026-04-15,61.87837219238281
2026-04-16,62.127079010009766
2026-04-17,63.3109245300293
2026-04-20,62.85330581665039
2026-04-21,61.9281120300293
2026-04-22,63.052268981933594
2026-04-23,62.02759552001953
2026-04-24,63.41040802001953
2026-04-27,63.3109245300293
2026-04-28,62.66428756713867
2026-04-29,62.36583709716797
2026-04-30,63.65911865234375
2026-05-01,63.79838943481445
2026-05-04,63.7685432434082
2026-05-05,65.06182861328125
2026-05-06,67.1410140991211
2026-05-07,66.24566650390625
2026-05-08,67.58869171142578
2026-05-11,67.53894805908203
2026-05-12,65.47965240478516
2026-05-13,66.86246490478516
2026-05-14,67.03158569335938
2026-05-15,64.73352813720703
2026-05-18,64.63404846191406
2026-05-19,63.9277229309082
2026-05-20,65.12151336669922
2026-05-21,65.68856811523438
2026-05-22,65.53933715820312
2026-05-26,68.04631042480469
2026-05-27,68.03636169433594
2026-05-28,68.2552261352539
2026-05-29,68.24527740478516
2026-06-01,69.7176284790039
2026-06-02,70.43390655517578
2026-06-03,69.5584487915039
2026-06-04,68.74269104003906
2026-06-05,64.25601196289062
2026-06-08,65.4100112915039
2026-06-09,65.47965240478516
2026-06-10,64.32565307617188
2026-06-11,67.15096282958984
2026-06-12,67.52899932861328
2026-06-15,69.75
2026-06-16,68.63999938964844
2026-06-17,68.55999755859375
2026-06-18,70.79000091552734
2026-06-22,71.20999908447266
2026-06-23,67.16999816894531
2026-06-24,67.25
2026-06-25,67.95999908447266
2026-06-26,67.19000244140625
2026-06-29,67.43000030517578
2026-06-30,68.41000366210938
2026-07-01,66.4800033569336
2026-07-02,65.69999694824219
2026-07-06,67.56999969482422
2026-07-07,65.72000122070312
2026-07-08,66.2300033569336
2026-07-09,66.77999877929688
2026-07-10,66.9000015258789
2026-07-13,64.5
2026-07-14,65.66999816894531
2026-07-15,65.56999969482422
2026-07-16,64.19000244140625
2026-07-17,63.290000915527344
2026-07-20,63.560001373291016
2026-07-21,65.33999633789062
2026-07-22,64.98999786376953
2026-07-23,64.5999984741211
2026-07-24,63.33000183105469
2026-07-27,63.619998931884766
2026-07-28,62.36000061035156
2026-07-29,61.06999969482422
2026-07-30,63.59000015258789
2026-07-31,64.08999633789062
2026-08-03,64.31999969482422
2026-08-04,66.0
2026-08-05,65.72000122070312
2026-08-06,65.0199966430664
2026-08-07,65.63999938964844
2026-08-10,65.16999816894531
2026-08-11,65.43000030517578
2026-08-12,66.45999908447266
2026-08-13,66.68000030517578
2026-08-14,66.61000061035156
2026-08-17,67.31999969482422
2026-08-18,65.33999633789062
2026-08-19,66.11000061035156
2026-08-20,66.62000274658203
2026-08-21,67.12000274658203
2026-08-24,66.11000061035156
2026-08-25,67.25
2026-08-26,67.16999816894531
2026-08-27,67.61000061035156
2026-08-28,67.13999938964844
2026-08-31,67.0199966430664
2026-09-01,66.7699966430664
2026-09-02,67.1500015258789
2026-09-03,67.47000122070312
2026-09-04,68.69999694824219
2026-09-08,68.83000183105469
2026-09-09,68.4800033569336
2026-09-10,67.0
2026-09-11,67.83999633789062
2026-09-14,65.98999786376953
2026-09-15,65.76000213623047
2026-09-16,65.72000122070312
2026-09-17,66.91000366210938
2026-09-18,67.02999877929688
2026-09-21,68.83000183105469
2026-09-22,
