Date,SPY,SSO,UPRO
2006-06-01,88.52655792236328,,
2006-06-02,88.71221160888672,,
2006-06-05,87.41934204101562,,
2006-06-06,87.2061996459961,,
2006-06-07,86.55287170410156,,
2006-06-08,86.47721099853516,,
2006-06-09,86.20214080810547,,
2006-06-12,85.26689147949219,,
2006-06-13,84.27661895751953,,
2006-06-14,84.9299545288086,,
2006-06-15,86.73170471191406,,
2006-06-16,86.09964752197266,,
2006-06-19,85.4227294921875,,
2006-06-20,85.71283721923828,,
2006-06-21,86.34834289550781,3.643158435821533,
2006-06-22,85.9684066772461,3.604430913925171,
2006-06-23,85.95460510253906,3.6039249897003174,
2006-06-26,86.33448028564453,3.6248130798339844,
2006-06-27,85.58849334716797,3.5606141090393066,
2006-06-28,86.16871643066406,3.592205286026001,
2006-06-29,87.90933990478516,3.7445530891418457,
2006-06-30,87.91624450683594,3.7425169944763184,
2006-07-03,88.27545166015625,3.793468475341797,
2006-07-05,87.77127075195312,3.743025064468384,
2006-07-06,88.02677917480469,3.7547447681427,
2006-07-07,87.45350646972656,3.7114343643188477,
2006-07-10,87.61921691894531,3.7180581092834473,
2006-07-11,88.00605773925781,3.7496490478515625,
2006-07-12,87.06666564941406,3.6757688522338867,
2006-07-13,85.65066528320312,3.564689874649048,
2006-07-14,85.31912994384766,3.532590389251709,
2006-07-17,85.19479370117188,3.529022216796875,
2006-07-18,85.62995910644531,3.534627914428711,
2006-07-19,86.81798553466797,3.6558969020843506,
2006-07-20,86.2239990234375,3.613095283508301,
2006-07-21,85.61615753173828,3.556028366088867,
2006-07-24,87.17716217041016,3.668635368347168,
2006-07-25,87.48800659179688,3.715001344680786,
2006-07-26,87.60546875,3.7221357822418213,
2006-07-27,87.52255249023438,3.686467409133911,
2006-07-28,88.39977264404297,3.7705397605895996,
2006-07-31,88.31000518798828,3.760349750518799,
2006-08-01,87.87480926513672,3.7267205715179443,
2006-08-02,88.4688491821289,3.7552566528320312,
2006-08-03,88.70372009277344,3.774108648300171,
2006-08-04,88.55174255371094,3.7730884552001953,
2006-08-07,88.34456634521484,3.7521965503692627,
2006-08-08,88.00605773925781,3.721625566482544,
2006-08-09,87.70904541015625,3.6930923461914062,
2006-08-10,87.97844696044922,3.7257020473480225,
2006-08-11,87.72979736328125,3.6986958980560303,
2006-08-14,87.79887390136719,3.7114343643188477,
2006-08-15,88.84873962402344,3.8026411533355713,
2006-08-16,89.58786010742188,3.8663330078125,
2006-08-17,89.81578826904297,3.8821284770965576,
2006-08-18,90.27164459228516,3.8979251384735107,
2006-08-21,89.88485717773438,3.8795788288116455,
2006-08-22,89.8779296875,3.886204242706299,
2006-08-23,89.62926483154297,3.8510468006134033,
2006-08-24,89.55331420898438,3.865314245223999,
2006-08-25,89.66383361816406,3.872447967529297,
2006-08-28,90.09205627441406,3.9055659770965576,
2006-08-29,90.19569396972656,3.9239096641540527,
2006-08-30,90.2509536743164,3.923400640487671,
2006-08-31,90.23714447021484,3.920344352722168,
2006-09-01,90.77588653564453,3.960087776184082,
2006-09-05,90.94861602783203,3.967221736907959,
2006-09-06,90.14729309082031,3.8979251384735107,
2006-09-07,89.73287200927734,3.8586912155151367,
2006-09-08,89.98844909667969,3.886204242706299,
2006-09-11,90.07826232910156,3.8851850032806396,
2006-09-12,90.96238708496094,3.961106300354004,
2006-09-13,91.32846069335938,3.999830961227417,
2006-09-14,91.33539581298828,3.980468273162842,
2006-09-15,91.54975891113281,4.01460599899292,
2006-09-18,91.67465209960938,4.014096260070801,
2006-09-19,91.44572448730469,3.9881112575531006,
2006-09-20,91.93132019042969,4.036517143249512,
2006-09-21,91.48731994628906,3.9926960468292236,
2006-09-22,91.20982360839844,3.9707863330841064,
2006-09-25,91.91051483154297,4.044668197631836,
2006-09-26,92.67367553710938,4.09766149520874,
2006-09-27,92.78467559814453,4.107851028442383,
2006-09-28,92.74999237060547,4.121096611022949,
2006-09-29,92.67367553710938,4.104284763336182,
2006-10-02,92.3267822265625,4.070146083831787,
2006-10-03,92.52104949951172,4.0849223136901855,
2006-10-04,93.60334014892578,4.1807146072387695,
2006-10-05,93.7837142944336,4.200584888458252,
2006-10-06,93.6657485961914,4.188357830047607,
2006-10-09,93.72126770019531,4.1924357414245605,
2006-10-10,93.84616088867188,4.205172538757324,
2006-10-11,93.73516082763672,4.188357830047607,
2006-10-12,94.5468521118164,4.263258457183838,
2006-10-13,94.78966522216797,4.28312873840332,
2006-10-16,94.93537902832031,4.296378135681152,
2006-10-17,94.63703918457031,4.261731147766113,
2006-10-18,94.76190948486328,4.273958206176758,
2006-10-19,94.91452026367188,4.281601428985596,
2006-10-20,94.93537902832031,4.287716865539551,
2006-10-23,95.3724365234375,4.327459335327148,
2006-10-24,95.65689086914062,4.346822738647461,
2006-10-25,95.98295593261719,4.371280193328857,
2006-10-26,96.28128051757812,4.408985137939453,
2006-10-27,95.6777114868164,4.350897789001465,
2006-10-30,95.60832214355469,4.345293045043945,
2006-10-31,95.5944595336914,4.331026554107666,
2006-11-01,94.94924926757812,4.279563903808594,
2006-11-02,94.89375305175781,4.275997161865234,
2006-11-03,94.72721099853516,4.249502658843994,
2006-11-06,95.79560089111328,4.352938652038574,
2006-11-07,96.16332244873047,4.375865459442139,
2006-11-08,96.3714828491211,4.40440034866333,
2006-11-09,95.86500549316406,4.353954792022705,
2006-11-10,95.90666961669922,4.361599922180176,
2006-11-13,96.14253997802734,4.37943172454834,
2006-11-14,96.8640365600586,4.44159460067749,
2006-11-15,97.1415786743164,4.4731855392456055,
2006-11-16,97.39128112792969,4.492547512054443,
2006-11-17,97.41900634765625,4.49152946472168,
2006-11-20,97.47457885742188,4.488982677459717,
2006-11-21,97.57170867919922,4.502740383148193,
2006-11-22,97.76596069335938,4.522101402282715,
2006-11-24,97.37044525146484,4.486432075500488,
2006-11-27,96.03152465820312,4.366695404052734,
2006-11-28,96.44778442382812,4.393701553344727,
2006-11-29,97.45375061035156,4.472677230834961,
2006-11-30,97.49539184570312,4.476243019104004,
2006-12-01,97.2802963256836,4.455862522125244,
2006-12-04,98.02264404296875,4.52719783782959,
2006-12-05,98.44583129882812,4.5638837814331055,
2006-12-06,98.36264038085938,4.550633907318115,
2006-12-07,97.93245697021484,4.5185346603393555,
2006-12-08,98.11282348632812,4.527708053588867,
2006-12-11,98.39727783203125,4.551146030426025,
2006-12-12,98.32093048095703,4.542993545532227,
2006-12-13,98.425048828125,4.565412521362305,
2006-12-14,99.29222106933594,4.626555919647217,
2006-12-15,99.30126953125,4.645918369293213,
2006-12-18,99.02922821044922,4.616364002227783,
2006-12-19,99.21759033203125,4.641331672668457,
2006-12-20,99.1617660522461,4.623625755310059,
2006-12-21,98.79900360107422,4.595978260040283,
2006-12-22,98.1920394897461,4.530580997467041,
2006-12-26,98.7710952758789,4.590661525726318,
2006-12-27,99.4199447631836,4.654999256134033,
2006-12-28,99.21061706542969,4.636389255523682,
2006-12-29,98.79900360107422,4.588535308837891,
2007-01-03,98.62459564208984,4.5587592124938965,
2007-01-04,98.83387756347656,4.582156181335449,
2007-01-05,98.0455551147461,4.5098443031311035,
2007-01-08,98.49900817871094,4.54759407043457,
2007-01-09,98.41533660888672,4.535895824432373,
2007-01-10,98.74320220947266,4.556633949279785,
2007-01-11,99.17575073242188,4.611397743225098,
2007-01-12,99.9291763305664,4.665629863739014,
2007-01-16,99.73379516601562,4.658718585968018,
2007-01-17,99.77571868896484,4.656591892242432,
2007-01-18,99.4407958984375,4.6177802085876465,
2007-01-19,99.63616943359375,4.645426273345947,
2007-01-22,99.32919311523438,4.595446586608887,
2007-01-23,99.62220764160156,4.627878665924072,
2007-01-24,100.42449188232422,4.700193405151367,
2007-01-25,99.24549102783203,4.605547904968262,
2007-01-26,99.15479278564453,4.59385347366333,
2007-01-29,99.09895324707031,4.5800275802612305,
2007-01-30,99.6152114868164,4.628410339355469,
2007-01-31,100.28495025634766,4.685835838317871,
2007-02-01,100.88491821289062,4.740601062774658,
2007-02-02,101.0244369506836,4.756551742553711,
2007-02-05,101.0523681640625,4.75016975402832,
2007-02-06,101.08026123046875,4.75016975402832,
2007-02-07,101.30352020263672,4.766653060913086,
2007-02-08,101.17096710205078,4.757083892822266,
2007-02-09,100.41752624511719,4.7007246017456055,
2007-02-12,100.0756607055664,4.661377906799316,
2007-02-13,100.9197998046875,4.733158588409424,
2007-02-14,101.58256530761719,4.804934024810791,
2007-02-15,101.71511840820312,4.803872108459473,
2007-02-16,101.66625213623047,4.8028082847595215,
2007-02-20,101.88251495361328,4.825671195983887,
2007-02-21,101.84072875976562,4.816633224487305,
2007-02-22,101.7639389038086,4.8081254959106445,
2007-02-23,101.36630249023438,4.782073497772217,
2007-02-26,101.27564239501953,4.769843101501465,
2007-02-27,97.31999969482422,4.387022495269775,
2007-02-28,98.31765747070312,4.471561908721924,
2007-03-01,98.02462768554688,4.459865570068359,
2007-03-02,96.74099731445312,4.333321571350098,
2007-03-05,95.82010650634766,4.247718811035156,
2007-03-06,97.45953369140625,4.394465923309326,
2007-03-07,97.36186981201172,4.3774518966674805,
2007-03-08,98.18508911132812,4.4290266036987305,
2007-03-09,98.21292114257812,4.447635650634766,
2007-03-12,98.3594970703125,4.471561908721924,
2007-03-13,96.44798278808594,4.289189338684082,
2007-03-14,97.16654205322266,4.354057788848877,
2007-03-15,97.29911041259766,4.374261856079102,
2007-03-16,97.02662658691406,4.3370442390441895,
2007-03-19,98.1962890625,4.443382740020752,
2007-03-20,98.73561096191406,4.49495792388916,
2007-03-21,100.36051940917969,4.643300533294678,
2007-03-22,100.28350067138672,4.641171932220459,
2007-03-23,100.43058776855469,4.642237186431885,
2007-03-26,100.29751586914062,4.651808738708496,
2007-03-27,100.05934143066406,4.605415344238281,
2007-03-28,99.3309326171875,4.537697792053223,
2007-03-29,99.43601989746094,4.559028148651123,
2007-03-30,99.45702362060547,4.556360721588135,
2007-04-02,99.56908416748047,4.567023754119873,
2007-04-03,100.64069366455078,4.657138824462891,
2007-04-04,100.75273132324219,4.6630048751831055,
2007-04-05,101.02592468261719,4.692863464355469,
2007-04-09,101.16596984863281,4.706193923950195,
2007-04-10,101.2850341796875,4.710993766784668,
2007-04-11,100.8718032836914,4.658207416534424,
2007-04-12,101.32011413574219,4.718992710113525,
2007-04-13,101.78233337402344,4.753117084503174,
2007-04-16,102.74888610839844,4.842700004577637,
2007-04-17,103.02205657958984,4.865628719329834,
2007-04-18,103.14811706542969,4.8688273429870605,
2007-04-19,103.12013244628906,4.872025966644287,
2007-04-20,104.09368896484375,4.954675674438477,
2007-04-23,103.70144653320312,4.930145263671875,
2007-04-24,103.74346923828125,4.93228006362915,
2007-04-25,104.69600677490234,5.017597675323486,
2007-04-26,104.81509399414062,5.033592224121094,
2007-04-27,104.73102569580078,5.016528606414795,
2007-04-30,103.86255645751953,4.946675777435303,
2007-05-01,104.12870025634766,4.958939552307129,
2007-05-02,104.73808288574219,5.019194602966309,
2007-05-03,105.30538177490234,5.064518928527832,
2007-05-04,105.70459747314453,5.100244998931885,
2007-05-07,105.72562408447266,5.103442192077637,
2007-05-08,105.58554077148438,5.097579002380371,
2007-05-09,105.87267303466797,5.131171703338623,
2007-05-10,104.76606750488281,5.01492977142334,
2007-05-11,105.6625747680664,5.093311786651611,
2007-05-14,105.43143463134766,5.074648380279541,
2007-05-15,105.45944213867188,5.060785293579102,
2007-05-16,106.1808853149414,5.141836166381836,
2007-05-17,105.97077178955078,5.129040241241455,
2007-05-18,106.89524841308594,5.20635461807251,
2007-05-21,106.83924865722656,5.198887825012207,
2007-05-22,106.75519561767578,5.207954406738281,
2007-05-23,106.76921844482422,5.202090740203857,
2007-05-24,105.80268096923828,5.092245101928711,
2007-05-25,106.24393463134766,5.132237434387207,
2007-05-29,106.62913513183594,5.171696186065674,
2007-05-30,107.49764251708984,5.2570109367370605,
2007-05-31,107.38557434082031,5.251678943634033,
2007-06-01,107.9178695678711,5.2927374839782715,
2007-06-04,107.9318618774414,5.293270587921143,
2007-06-05,107.50463104248047,5.25114631652832,
2007-06-06,106.34895324707031,5.134369373321533,
2007-06-07,104.42986297607422,4.96054220199585,
2007-06-08,105.78866577148438,5.07091760635376,
2007-06-11,105.97077178955078,5.100244998931885,
2007-06-12,104.81509399414062,4.974937438964844,
2007-06-13,106.38400268554688,5.12957239151001,
2007-06-14,107.0633773803711,5.185559272766113,
2007-06-15,107.67255401611328,5.243679046630859,
2007-06-18,107.5459213256836,5.23088264465332,
2007-06-19,107.81322479248047,5.253809928894043,
2007-06-20,106.3149185180664,5.109309196472168,
2007-06-21,106.90583801269531,5.170629024505615,
2007-06-22,105.89994049072266,5.075183868408203,
2007-06-25,105.3934555053711,5.023993968963623,
2007-06-26,104.31021118164062,4.9332427978515625,
2007-06-27,105.79438018798828,5.070679664611816,
2007-06-28,105.78033447265625,5.059449195861816,
2007-06-29,105.81551361083984,5.053565979003906,
2007-07-02,106.77218627929688,5.153568267822266,
2007-07-03,107.15901184082031,5.179774284362793,
2007-07-05,107.0464859008789,5.167473316192627,
2007-07-06,107.6092300415039,5.222019195556641,
2007-07-09,107.69361114501953,5.223625183105469,
2007-07-10,106.16018676757812,5.064797878265381,
2007-07-11,106.91291046142578,5.150893211364746,
2007-07-12,108.60106658935547,5.324160575866699,
2007-07-13,108.92464447021484,5.3562469482421875,
2007-07-16,108.91056823730469,5.347157955169678,
2007-07-17,108.85430145263672,5.336995601654053,
2007-07-18,108.65735626220703,5.322020530700684,
2007-07-19,109.07937622070312,5.354644775390625,
2007-07-20,107.97502136230469,5.240200996398926,
2007-07-23,108.30560302734375,5.279239654541016,
2007-07-24,106.42750549316406,5.103299617767334,
2007-07-25,106.64558410644531,5.117740631103516,
2007-07-26,104.12026977539062,4.874417781829834,
2007-07-27,102.07331848144531,4.697409629821777,
2007-07-30,103.67010498046875,4.823615550994873,
2007-07-31,102.50240325927734,4.697947025299072,
2007-08-01,103.00181579589844,4.761047840118408,
2007-08-02,103.82483673095703,4.827358245849609,
2007-08-03,101.15179443359375,4.556232452392578,
2007-08-06,102.84706115722656,4.735381126403809,
2007-08-07,103.94440460205078,4.823615550994873,
2007-08-08,105.3934555053711,4.959982395172119,
2007-08-09,102.2702865600586,4.676019191741943,
2007-08-10,101.79198455810547,4.609708786010742,
2007-08-13,102.15771484375,4.655699253082275,
2007-08-14,100.59614562988281,4.501151084899902,
2007-08-15,99.21036529541016,4.389383316040039,
2007-08-16,99.95604705810547,4.435907363891602,
2007-08-17,101.79198455810547,4.618800640106201,
2007-08-20,101.74274444580078,4.607035160064697,
2007-08-21,101.94673919677734,4.62468147277832,
2007-08-22,103.15657806396484,4.72468376159668,
2007-08-23,103.0651626586914,4.715591907501221,
2007-08-24,104.33834838867188,4.823615550994873,
2007-08-27,103.36762237548828,4.740728855133057,
2007-08-28,101.09557342529297,4.544466018676758,
2007-08-29,103.07921600341797,4.707036018371582,
2007-08-30,102.80487060546875,4.681902885437012,
2007-08-31,103.81780242919922,4.749819278717041,
2007-09-04,104.86587524414062,4.8728132247924805,
2007-09-05,103.95842742919922,4.764791011810303,
2007-09-06,104.19769287109375,4.8123860359191895,
2007-09-07,102.74856567382812,4.667996883392334,
2007-09-10,102.55162811279297,4.636983394622803,
2007-09-11,103.74748992919922,4.764791011810303,
2007-09-12,104.0147476196289,4.786181926727295,
2007-09-13,104.74634552001953,4.83751916885376,
2007-09-14,104.73929595947266,4.845006465911865,
2007-09-17,104.17658233642578,4.782972812652588,
2007-09-18,107.24345397949219,5.064797878265381,
2007-09-19,107.87654113769531,5.1321797370910645,
2007-09-20,107.11681365966797,5.064263343811035,
2007-09-21,107.40594482421875,5.080307960510254,
2007-09-24,107.2080307006836,5.069609642028809,
2007-09-25,106.99600982666016,5.053205490112305,
2007-09-26,107.5614013671875,5.090734004974365,
2007-09-27,108.19747161865234,5.1523919105529785,
2007-09-28,107.83704376220703,5.119151592254639,
2007-10-01,109.05268859863281,5.245680332183838,
2007-10-02,108.90424346923828,5.231738567352295,
2007-10-03,108.68510437011719,5.194746494293213,
2007-10-04,108.85482788085938,5.211368083953857,
2007-10-05,110.14814758300781,5.336825847625732,
2007-10-08,109.56153106689453,5.281601905822754,
2007-10-09,110.59339141845703,5.367387294769287,
2007-10-10,110.40962982177734,5.344869136810303,
2007-10-11,109.87955474853516,5.305192947387695,
2007-10-12,110.48738098144531,5.355593681335449,
2007-10-15,109.5544662475586,5.27249002456665,
2007-10-16,108.68510437011719,5.2097578048706055,
2007-10-17,109.01734924316406,5.2194108963012695,
2007-10-18,108.62152099609375,5.188314437866211,
2007-10-19,105.78035736083984,4.8950395584106445,
2007-10-22,106.39525604248047,4.9647393226623535,
2007-10-23,107.25749969482422,5.015674114227295,
2007-10-24,107.05962371826172,5.023714542388916,
2007-10-25,107.31404113769531,5.043553352355957,
2007-10-26,108.57205200195312,5.1615071296691895,
2007-10-29,108.93255615234375,5.1834869384765625,
2007-10-30,108.17623901367188,5.111109256744385,
2007-10-31,109.29998779296875,5.2269182205200195,
2007-11-01,106.74153900146484,4.977070331573486,
2007-11-02,106.86166381835938,4.988866329193115,
2007-11-05,106.0489501953125,4.902010917663574,
2007-11-06,107.47662353515625,5.046770095825195,
2007-11-07,104.5364761352539,4.779233455657959,
2007-11-08,104.00640106201172,4.717040061950684,
2007-11-09,102.57876586914062,4.5980143547058105,
2007-11-12,101.56097412109375,4.519734859466553,
2007-11-13,104.65663146972656,4.7770867347717285,
2007-11-14,104.36683654785156,4.725080490112305,
2007-11-15,102.86152648925781,4.604984283447266,
2007-11-16,103.03813934326172,4.606590270996094,
2007-11-19,101.60340881347656,4.471481800079346,
2007-11-20,102.22537231445312,4.522953033447266,
2007-11-21,100.13336944580078,4.352457046508789,
2007-11-23,101.86492919921875,4.482205867767334,
2007-11-26,99.61742401123047,4.310638904571533,
2007-11-27,100.76241302490234,4.413578510284424,
2007-11-28,103.98519897460938,4.666104316711426,
2007-11-29,104.02053833007812,4.682189464569092,
2007-11-30,105.06654357910156,4.782449245452881,
2007-12-03,104.37391662597656,4.699345111846924,
2007-12-04,103.44100189208984,4.632327079772949,
2007-12-05,105.17256164550781,4.77655029296875,
2007-12-06,106.677978515625,4.910053253173828,
2007-12-07,106.65674591064453,4.921846866607666,
2007-12-10,107.48365020751953,4.981898784637451,
2007-12-11,104.5364761352539,4.71811056137085,
2007-12-12,105.56831359863281,4.801213264465332,
2007-12-13,105.34918212890625,4.799605846405029,
2007-12-14,104.01351928710938,4.660206317901611,
2007-12-17,102.52930450439453,4.511693477630615,
2007-12-18,103.1017837524414,4.569061279296875,
2007-12-19,103.1017837524414,4.57603120803833,
2007-12-20,103.75198364257812,4.620222568511963,
2007-12-21,105.24763488769531,4.772008419036865,
2007-12-24,106.02913665771484,4.847622394561768,
2007-12-26,106.25650024414062,4.844822406768799,
2007-12-27,104.92072296142578,4.7188005447387695,
2007-12-28,104.65787506103516,4.706477165222168,
2007-12-31,103.88341522216797,4.637587547302246,
2008-01-02,102.97398376464844,4.5406904220581055,
2008-01-03,102.92422485351562,4.5390095710754395,
2008-01-04,100.40190887451172,4.32393217086792,
2008-01-07,100.3166732788086,4.31273078918457,
2008-01-08,98.69672393798828,4.164304733276367,
2008-01-09,99.73401641845703,4.257840633392334,
2008-01-10,100.38774871826172,4.32393217086792,
2008-01-11,99.57775115966797,4.243280410766602,
2008-01-14,100.38060760498047,4.3177714347839355,
2008-01-15,98.1709213256836,4.114458084106445,
2008-01-16,97.32540893554688,4.060127258300781,
2008-01-17,94.80311584472656,3.834970235824585,
2008-01-18,93.82974243164062,3.7565579414367676,
2008-01-22,92.87764739990234,3.6753430366516113,
2008-01-23,95.10862731933594,3.862975835800171,
2008-01-24,95.91155242919922,3.9206655025482178,
2008-01-25,94.52601623535156,3.7957637310028076,
2008-01-28,96.08916473388672,3.934669017791748,
2008-01-29,96.565185546875,3.960430860519409,
2008-01-30,95.85466766357422,3.910583019256592,
2008-01-31,97.6025161743164,4.041084289550781,
2008-02-01,99.17276000976562,4.17158842086792,
2008-02-04,97.92224884033203,4.070208549499512,
2008-02-05,95.30046844482422,3.8534536361694336,
2008-02-06,94.53313446044922,3.7834413051605225,
2008-02-07,95.15840148925781,3.8405704498291016,
2008-02-08,94.54733276367188,3.780639886856079,
2008-02-11,95.03050231933594,3.8198466300964355,
2008-02-12,95.91155242919922,3.903862237930298,
2008-02-13,96.89202117919922,3.9772348403930664,
2008-02-14,96.03938293457031,3.887058973312378,
2008-02-15,96.01812744140625,3.903301954269409,
2008-02-19,96.28809356689453,3.9374680519104004,
2008-02-20,96.57228088378906,3.9419472217559814,
2008-02-21,95.76944732666016,3.8730568885803223,
2008-02-22,96.35913848876953,3.9318668842315674,
2008-02-25,97.57406616210938,4.027082443237305,
2008-02-26,98.30592346191406,4.0746893882751465,
2008-02-27,98.20645904541016,4.06796932220459,
2008-02-28,97.24727630615234,3.981714963912964,
2008-02-29,95.08023071289062,3.822087049484253,
2008-03-03,94.85287475585938,3.781200408935547,
2008-03-04,94.4905014038086,3.766077995300293,
2008-03-05,95.08731842041016,3.8136870861053467,
2008-03-06,93.11923217773438,3.6512601375579834,
2008-03-07,92.16004943847656,3.584047555923462,
2008-03-10,90.94506072998047,3.4798696041107178,
2008-03-11,94.21340942382812,3.7408738136291504,
2008-03-12,93.33238983154297,3.671983003616333,
2008-03-13,93.53843688964844,3.6854248046875,
2008-03-14,92.08898162841797,3.569483757019043,
2008-03-17,91.1582260131836,3.4910728931427,
2008-03-18,94.94524383544922,3.780081033706665,
2008-03-19,92.59343719482422,3.585167407989502,
2008-03-20,94.30856323242188,3.7190301418304443,
2008-03-24,96.19357299804688,3.878099203109741,
2008-03-25,96.2863998413086,3.8778176307678223,
2008-03-26,95.10823059082031,3.778458595275879,
2008-03-27,94.80833435058594,3.7554426193237305,
2008-03-28,93.90153503417969,3.6830286979675293,
2008-03-31,94.22996520996094,3.704920530319214,
2008-04-01,97.54307556152344,3.9603359699249268,
2008-04-02,97.6073226928711,3.9839110374450684,
2008-04-03,97.85010528564453,4.004122734069824,
2008-04-04,97.74300384521484,3.9906485080718994,
2008-04-07,97.7929458618164,3.985595226287842,
2008-04-08,97.6930160522461,3.9811055660247803,
2008-04-09,96.98615264892578,3.9187963008880615,
2008-04-10,97.12178802490234,3.937882423400879,
2008-04-11,95.2367935180664,3.784632444381714,
2008-04-14,94.91543579101562,3.749828815460205,
2008-04-15,95.1368179321289,3.7840709686279297,
2008-04-16,97.71446228027344,3.9749317169189453,
2008-04-17,97.85724639892578,3.978860378265381,
2008-04-18,98.8782958984375,4.07316780090332,
2008-04-21,98.92827606201172,4.079902648925781,
2008-04-22,98.49270629882812,4.038364410400391,
2008-04-23,98.33563232421875,4.024332046508789,
2008-04-24,98.76406860351562,4.056325435638428,
2008-04-25,99.67801666259766,4.127617835998535,
2008-04-28,99.69944763183594,4.130984783172607,
2008-04-29,99.30670928955078,4.093937873840332,
2008-04-30,98.7212142944336,4.051273345947266,
2008-05-01,100.76331329345703,4.214066982269287,
2008-05-02,101.04179382324219,4.235395908355713,
2008-05-05,100.55626678466797,4.206207752227783,
2008-05-06,101.42735290527344,4.269641876220703,
2008-05-07,99.6208724975586,4.114705562591553,
2008-05-08,99.36384582519531,4.101796627044678,
2008-05-09,99.17820739746094,4.079902648925781,
2008-05-12,100.29210662841797,4.180386066436768,
2008-05-13,100.30638122558594,4.182631492614746,
2008-05-14,100.51343536376953,4.204525470733643,
2008-05-15,101.77010345458984,4.299393177032471,
2008-05-16,101.86292266845703,4.309494972229004,
2008-05-19,102.1413803100586,4.322408199310303,
2008-05-20,101.31314086914062,4.254481792449951,
2008-05-21,99.5994644165039,4.109095096588135,
2008-05-22,99.61376953125,4.109095096588135,
2008-05-23,98.27852630615234,4.007489204406738,
2008-05-27,99.00682830810547,4.056887149810791,
2008-05-28,99.46380615234375,4.104602813720703,
2008-05-29,99.96363067626953,4.139406681060791,
2008-05-30,100.21353912353516,4.146704196929932,
2008-06-02,99.17820739746094,4.059132099151611,
2008-06-03,98.59984588623047,4.030503749847412,
2008-06-04,98.54984283447266,4.0153489112854,
2008-06-05,100.52051544189453,4.180386066436768,
2008-06-06,97.31455993652344,3.9148671627044678,
2008-06-09,97.55020141601562,3.939005136489868,
2008-06-10,97.06462860107422,3.8890438079833984,
2008-06-11,95.6366195678711,3.777895927429199,
2008-06-12,96.00077819824219,3.8059639930725098,
2008-06-13,97.21463012695312,3.90027117729187,
2008-06-16,97.271728515625,3.906444549560547,
2008-06-17,96.80046844482422,3.86209774017334,
2008-06-18,95.85798645019531,3.776773691177368,
2008-06-19,95.97933197021484,3.7952990531921387,
2008-06-20,94.42146301269531,3.667872667312622,
2008-06-23,94.32814025878906,3.6560842990875244,
2008-06-24,94.14159393310547,3.6484243869781494,
2008-06-25,94.58650207519531,3.6833434104919434,
2008-06-26,92.01747131347656,3.4738311767578125,
2008-06-27,91.51516723632812,3.441728353500366,
2008-06-30,91.83812713623047,3.471578598022461,
2008-07-01,92.1251449584961,3.4862217903137207,
2008-07-02,90.54643249511719,3.3600642681121826,
2008-07-03,90.63972473144531,3.3690764904022217,
2008-07-07,89.71400451660156,3.2986743450164795,
2008-07-08,91.30706787109375,3.418638229370117,
2008-07-09,89.5489730834961,3.282341718673706,
2008-07-10,89.91494750976562,3.3262722492218018,
2008-07-11,88.86725616455078,3.2451703548431396,
2008-07-14,88.06353759765625,3.1747701168060303,
2008-07-15,86.82209777832031,3.0897274017333984,
2008-07-16,88.953369140625,3.272204637527466,
2008-07-17,89.8431625366211,3.3014917373657227,
2008-07-18,90.40291595458984,3.3437321186065674,
2008-07-21,90.45313262939453,3.3600642681121826,
2008-07-22,91.4792709350586,3.4299018383026123,
2008-07-23,91.97440338134766,3.4603145122528076,
2008-07-24,90.06562042236328,3.304870128631592,
2008-07-25,90.04407501220703,3.317261219024658,
2008-07-28,88.72373962402344,3.211379051208496,
2008-07-29,90.61815643310547,3.3521788120269775,
2008-07-30,92.2327651977539,3.4743945598602295,
2008-07-31,91.01288604736328,3.3831560611724854,
2008-08-01,90.53206634521484,3.3476734161376953,
2008-08-04,89.69246673583984,3.2885375022888184,
2008-08-05,92.11078643798828,3.4574973583221436,
2008-08-06,92.51983642578125,3.483968496322632,
2008-08-07,91.14201354980469,3.3842828273773193,
2008-08-08,92.83557891845703,3.5149457454681396,
2008-08-11,93.79713439941406,3.5712642669677734,
2008-08-12,92.82122802734375,3.5059328079223633,
2008-08-13,92.26148223876953,3.464820623397827,
2008-08-14,92.95753479003906,3.5132553577423096,
2008-08-15,93.40963745117188,3.5476107597351074,
2008-08-18,92.13228607177734,3.4529924392700195,
2008-08-19,91.1276626586914,3.378649950027466,
2008-08-20,91.5510482788086,3.4068093299865723,
2008-08-21,91.70894622802734,3.416384696960449,
2008-08-22,93.0364990234375,3.5019917488098145,
2008-08-25,91.14920043945312,3.3747072219848633,
2008-08-26,91.4146728515625,3.39216685295105,
2008-08-27,92.30451202392578,3.4473607540130615,
2008-08-28,93.42398834228516,3.534092664718628,
2008-08-29,92.41934204101562,3.459188222885132,
2008-09-02,91.84526824951172,3.420325994491577,
2008-09-03,91.76637268066406,3.413569688796997,
2008-09-04,89.00358581542969,3.2108168601989746,
2008-09-05,89.283447265625,3.2299649715423584,
2008-09-08,91.1276626586914,3.3634438514709473,
2008-09-09,88.42232513427734,3.153932571411133,
2008-09-10,88.78113555908203,3.1820931434631348,
2008-09-11,90.06562042236328,3.2738940715789795,
2008-09-12,90.4818115234375,3.303744077682495,
2008-09-15,86.17627716064453,2.9934206008911133,
2008-09-16,87.61865997314453,3.0773375034332275,
2008-09-17,83.67898559570312,2.816011428833008,
2008-09-18,86.1618881225586,2.9945454597473145,
2008-09-19,89.58370208740234,3.2237699031829834,
2008-09-22,87.55558776855469,3.0683248043060303,
2008-09-23,85.56354522705078,2.929778814315796,
2008-09-24,85.83782958984375,2.9514050483703613,
2008-09-25,87.18030548095703,3.0236783027648926,
2008-09-26,87.22361755371094,3.045701026916504,
2008-09-29,80.38861846923828,2.6256041526794434,
2008-09-30,83.71591186523438,2.7803170680999756,
2008-10-01,83.76640319824219,2.780880928039551,
2008-10-02,80.72785949707031,2.5527641773223877,
2008-10-03,79.63800048828125,2.48274827003479,
2008-10-06,75.58174133300781,2.2800397872924805,
2008-10-07,72.19673156738281,2.0349836349487305,
2008-10-08,70.37793731689453,1.9508516788482666,
2008-10-09,65.4627914428711,1.6769979000091553,
2008-10-10,63.87495040893555,1.6374729871749878,
2008-10-13,73.14948272705078,2.0044922828674316,
2008-10-14,72.06683349609375,1.9768245220184326,
2008-10-15,64.9720230102539,1.6386029720306396,
2008-10-16,67.67857360839844,1.7458850145339966,
2008-10-17,67.2743911743164,1.7447559833526611,
2008-10-20,71.31620788574219,1.8983396291732788,
2008-10-21,69.18705749511719,1.7899277210235596,
2008-10-22,65.41950225830078,1.6109349727630615,
2008-10-23,66.17733764648438,1.6126288175582886,
2008-10-24,62.821170806884766,1.496312141418457,
2008-10-27,60.59102249145508,1.3963693380355835,
2008-10-28,67.67135620117188,1.705230474472046,
2008-10-29,67.18058776855469,1.6634467840194702,
2008-10-30,69.50462341308594,1.7413684129714966,
2008-10-31,69.88715362548828,1.809125542640686,
2008-11-03,70.08924865722656,1.8339698314666748,
2008-11-04,72.47100067138672,1.9339121580123901,
2008-11-05,69.42522430419922,1.753790020942688,
2008-11-06,65.57829284667969,1.5866546630859375,
2008-11-07,67.74356079101562,1.6713523864746094,
2008-11-10,66.85578155517578,1.601335883140564,
2008-11-11,64.79158020019531,1.5522112846374512,
2008-11-12,61.9406623840332,1.4025802612304688,
2008-11-13,65.802001953125,1.5866546630859375,
2008-11-14,62.51803207397461,1.4358947277069092,
2008-11-17,61.688045501708984,1.380560040473938,
2008-11-18,62.85007858276367,1.3907231092453003,
2008-11-19,58.82270812988281,1.2523845434188843,
2008-11-20,54.45607376098633,1.0733922719955444,
2008-11-21,57.393653869628906,1.1976137161254883,
2008-11-24,61.3704833984375,1.3353873491287231,
2008-11-25,61.8251953125,1.3760422468185425,
2008-11-26,64.21417236328125,1.468644142150879,
2008-11-28,65.02256774902344,1.5019580125808716,
2008-12-01,59.26295852661133,1.2422211170196533,
2008-12-02,61.54370880126953,1.3297412395477295,
2008-12-03,63.0233039855957,1.4020156860351562,
2008-12-04,61.56534957885742,1.3224010467529297,
2008-12-05,63.463558197021484,1.416131854057312,
2008-12-08,65.6793212890625,1.5160740613937378,
2008-12-09,64.59671020507812,1.460174322128296,
2008-12-10,65.0369644165039,1.488407015800476,
2008-12-11,63.47077178955078,1.4116144180297852,
2008-12-12,64.22863006591797,1.4262957572937012,
2008-12-15,63.3336296081543,1.3935465812683105,
2008-12-16,66.3144760131836,1.5318844318389893,
2008-12-17,65.6720962524414,1.5042166709899902,
2008-12-18,64.44512176513672,1.4483166933059692,
2008-12-19,64.16792297363281,1.4381532669067383,
2008-12-22,63.34573745727539,1.3918523788452148,
2008-12-23,62.690853118896484,1.3680239915847778,
2008-12-24,63.0546875,1.3810421228408813,
2008-12-26,63.4184684753418,1.3963245153427124,
2008-12-29,63.23659133911133,1.3917957544326782,
2008-12-30,64.73545837402344,1.4478298425674438,
2008-12-31,65.65953826904297,1.4868839979171753,
2009-01-02,67.63860321044922,1.5785762071609497,
2009-01-05,67.55855560302734,1.5768784284591675,
2009-01-06,68.00970458984375,1.6023484468460083,
2009-01-07,65.97239685058594,1.5106558799743652,
2009-01-08,66.24156951904297,1.5208446979522705,
2009-01-09,64.82274627685547,1.4529246091842651,
2009-01-12,63.26566696166992,1.3872684240341187,
2009-01-13,63.3820915222168,1.3883999586105347,
2009-01-14,61.38844680786133,1.3018019199371338,
2009-01-15,61.4102783203125,1.3046320676803589,
2009-01-16,61.890480041503906,1.3216122388839722,
2009-01-20,58.62350845336914,1.1829416751861572,
2009-01-21,61.155616760253906,1.2836897373199463,
2009-01-22,60.209712982177734,1.2463335990905762,
2009-01-23,60.47165298461914,1.2570878267288208,
2009-01-26,60.88641357421875,1.2695400714874268,
2009-01-27,61.50484848022461,1.2972737550735474,
2009-01-28,63.58583450317383,1.385003685951233,
2009-01-29,61.51943588256836,1.3001042604446411,
2009-01-30,60.267921447753906,1.2418057918548584,
2009-02-02,60.08601760864258,1.2389755249023438,
2009-02-03,60.930049896240234,1.2729357481002808,
2009-02-04,60.63173294067383,1.2610498666763306,
2009-02-05,61.53395080566406,1.2938779592514038,
2009-02-06,63.28752136230469,1.367458462715149,
2009-02-09,63.374847412109375,1.3731176853179932,
2009-02-10,60.47165298461914,1.2474658489227295,
2009-02-11,60.82820129394531,1.2661439180374146,
2009-02-12,60.87187194824219,1.2684078216552734,
2009-02-13,60.21699905395508,1.2361462116241455,
2009-02-17,57.6412467956543,1.1303036212921143,
2009-02-18,57.50300979614258,1.123511791229248,
2009-02-19,56.884525299072266,1.1014375686645508,
2009-02-20,56.33156967163086,1.0770995616912842,
2009-02-23,54.31608581542969,1.0018216371536255,
2009-02-24,56.37523651123047,1.0776660442352295,
2009-02-25,55.931365966796875,1.05842125415802,
2009-02-26,55.02184295654297,1.0261590480804443,
2009-02-27,53.79218292236328,0.9797475337982178,
2009-03-02,51.3692512512207,0.8914514183998108,
2009-03-03,50.983619689941406,0.8733393549919128,
2009-03-04,52.191463470458984,0.9163554310798645,
2009-03-05,50.05956268310547,0.8427752256393433,
2009-03-06,50.146881103515625,0.8410773873329163,
2009-03-09,49.5575065612793,0.822965145111084,
2009-03-10,52.51160430908203,0.9231471419334412,
2009-03-11,52.853572845458984,0.9322036504745483,
2009-03-12,54.934539794921875,1.0069154500961304,
2009-03-13,55.363853454589844,1.023329496383667,
2009-03-16,55.196502685546875,1.0193678140640259,
2009-03-17,56.884525299072266,1.0804957151412964,
2009-03-18,58.15786361694336,1.1257754564285278,
2009-03-19,57.43754196166992,1.0991735458374023,
2009-03-20,56.21446990966797,1.0538941621780396,
2009-03-23,60.252281188964844,1.2044498920440674,
2009-03-24,59.065120697021484,1.1582558155059814,
2009-03-25,59.6879997253418,1.177598476409912,
2009-03-26,60.904476165771484,1.2299362421035767,
2009-03-27,59.80524444580078,1.1844249963760376,
2009-03-30,57.738731384277344,1.102504849433899,
2009-03-31,58.273685455322266,1.1224161386489868,
2009-04-01,59.4022102355957,1.165651798248291,
2009-04-02,61.13898849487305,1.2322113513946533,
2009-04-03,61.74723434448242,1.25838041305542,
2009-04-06,61.263572692871094,1.2401762008666992,
2009-04-07,59.834556579589844,1.1815804243087769,
2009-04-08,60.47944259643555,1.207749843597412,
2009-04-09,62.88307571411133,1.3027536869049072,
2009-04-13,62.89775085449219,1.3090111017227173,
2009-04-14,61.813167572021484,1.2617932558059692,
2009-04-15,62.472679138183594,1.2873939275741577,
2009-04-16,63.38871765136719,1.3272159099578857,
2009-04-17,63.813777923583984,1.3403005599975586,
2009-04-20,61.13898849487305,1.2276605367660522,
2009-04-21,62.3334846496582,1.276584506034851,
2009-04-22,61.95244598388672,1.2617932558059692,
2009-04-23,62.56066131591797,1.2845487594604492,
2009-04-24,63.5059814453125,1.3243716955184937,
2009-04-27,62.90507125854492,1.2987710237503052,
2009-04-28,62.70725631713867,1.2902380228042603,
2009-04-29,64.04094696044922,1.3454198837280273,
2009-04-30,64.06294250488281,1.3505399227142334,
2009-05-01,64.40737915039062,1.3636245727539062,
2009-05-04,66.5984878540039,1.454647183418274,
2009-05-05,66.37132263183594,1.4421312808990479,
2009-05-06,67.5218276977539,1.4910554885864258,
2009-05-07,66.58384704589844,1.4557843208312988,
2009-05-08,68.13742065429688,1.5206376314163208,
2009-05-11,66.86228942871094,1.463748574256897,
2009-05-12,66.66443634033203,1.4500954151153564,
2009-05-13,64.98627471923828,1.3841044902801514,
2009-05-14,65.543212890625,1.403447151184082,
2009-05-15,65.00826263427734,1.3795536756515503,
2009-05-18,66.85497283935547,1.460904598236084,
2009-05-19,66.77434539794922,1.4552154541015625,
2009-05-20,66.32734680175781,1.4370112419128418,
2009-05-21,65.37470245361328,1.3932068347930908,
2009-05-22,65.23544311523438,1.3886561393737793,
2009-05-26,66.90628051757812,1.4620423316955566,
2009-05-27,65.71175384521484,1.4079983234405518,
2009-05-28,66.62779235839844,1.4466825723648071,
2009-05-29,67.8076400756836,1.5018645524978638,
2009-06-01,69.44913482666016,1.5701313018798828,
2009-06-02,69.50778198242188,1.5769577026367188,
2009-06-03,68.62838745117188,1.5331532955169678,
2009-06-04,69.27326965332031,1.5615979433059692,
2009-06-05,69.28795623779297,1.56330406665802,
2009-06-08,69.00212097167969,1.5507887601852417,
2009-06-09,69.35388946533203,1.5627357959747314,
2009-06-10,69.17803955078125,1.5576155185699463,
2009-06-11,69.48575592041016,1.5712686777114868,
2009-06-12,69.67633819580078,1.5815082788467407,
2009-06-15,68.07878112792969,1.5041402578353882,
2009-06-16,67.1554183959961,1.4671622514724731,
2009-06-17,67.08946990966797,1.4597665071487427,
2009-06-18,67.5804672241211,1.481384515762329,
2009-06-19,67.82955169677734,1.4921934604644775,
2009-06-22,65.79551696777344,1.4028780460357666,
2009-06-23,65.84712219238281,1.4079983234405518,
2009-06-24,66.41458892822266,1.428321123123169,
2009-06-25,67.85902404785156,1.4922586679458618,1.1298487186431885
2009-06-26,67.68213653564453,1.4854087829589844,1.1239912509918213
2009-06-29,68.31593322753906,1.5133808851242065,1.1558818817138672
2009-06-30,67.7632064819336,1.4922586679458618,1.1282862424850464
2009-07-01,68.04329681396484,1.499679684638977,1.1403923034667969
2009-07-02,66.18610382080078,1.4191875457763672,1.046281099319458
2009-07-06,66.17876434326172,1.4197580814361572,1.0491442680358887
2009-07-07,64.89641571044922,1.36324143409729,0.9838008880615234
2009-07-08,64.85225677490234,1.3615297079086304,0.9849724173545837
2009-07-09,64.97753143310547,1.370092511177063,0.9910904169082642
2009-07-10,64.82274627685547,1.3592454195022583,0.9815881252288818
2009-07-13,66.39984893798828,1.4271790981292725,1.0533099174499512
2009-07-14,66.77566528320312,1.443734884262085,1.0749174356460571
2009-07-15,68.7286376953125,1.5247982740402222,1.166815996170044
2009-07-16,68.61808013916016,1.552200198173523,1.1980551481246948
2009-07-17,69.36978149414062,1.55448317527771,1.1959731578826904
2009-07-20,70.10677337646484,1.5853110551834106,1.2322896718978882
2009-07-21,70.43098449707031,1.6012948751449585,1.2527260780334473
2009-07-22,70.41626739501953,1.6007235050201416,1.2503830194473267
2009-07-23,71.97128295898438,1.6703709363937378,1.3334294557571411
2009-07-24,72.2660140991211,1.6886389255523682,1.350872278213501
2009-07-27,72.47977447509766,1.6972010135650635,1.3623262643814087
2009-07-28,72.14077758789062,1.6874969005584717,1.3507416248321533
2009-07-29,71.9638900756836,1.670941710472107,1.3327782154083252
2009-07-30,72.71558380126953,1.7057644128799438,1.3744322061538696
2009-07-31,72.81877136230469,1.708047866821289,1.3784666061401367
2009-08-03,74.01995849609375,1.7662771940231323,1.4478455781936646
2009-08-04,74.21160888671875,1.7765531539916992,1.4617736339569092
2009-08-05,73.99787139892578,1.7668479681015015,1.451360821723938
2009-08-06,73.61468505859375,1.7491506338119507,1.4241552352905273
2009-08-07,74.580078125,1.7925373315811157,1.4806480407714844
2009-08-10,74.42532348632812,1.7839741706848145,1.470365285873413
2009-08-11,73.49673461914062,1.7388755083084106,1.4143933057785034
2009-08-12,74.2853012084961,1.777123212814331,1.4635964632034302
2009-08-13,74.8527603149414,1.8056666851043701,1.4966580867767334
2009-08-14,74.27791595458984,1.7799781560897827,1.4608627557754517
2009-08-17,72.45027160644531,1.6874969005584717,1.3523037433624268
2009-08-18,73.02510833740234,1.7188947200775146,1.389400839805603
2009-08-19,73.666259765625,1.7485800981521606,1.4212919473648071
2009-08-20,74.42532348632812,1.7851158380508423,1.4677611589431763
2009-08-21,75.88448333740234,1.8496240377426147,1.5497663021087646
2009-08-24,75.87715911865234,1.8541913032531738,1.5495057106018066
2009-08-25,76.02452850341797,1.859329342842102,1.5597898960113525
2009-08-26,76.03187561035156,1.8599004745483398,1.5593986511230469
2009-08-27,76.20142364501953,1.8701757192611694,1.5738478899002075
2009-08-28,76.1866683959961,1.8633248805999756,1.5682501792907715
2009-08-31,75.50862121582031,1.834210991859436,1.5297209024429321
2009-09-01,73.84310913085938,1.7525756359100342,1.4251967668533325
2009-09-02,73.5630874633789,1.7394459247589111,1.4116593599319458
2009-09-03,74.1747817993164,1.767418384552002,1.4428988695144653
2009-09-04,75.21385192871094,1.8176559209823608,1.5060300827026367
2009-09-08,75.86238098144531,1.8490537405014038,1.5456013679504395
2009-09-09,76.4446029663086,1.8781676292419434,1.581917643547058
2009-09-10,77.22577667236328,1.914132833480835,1.6300803422927856
2009-09-11,77.21100616455078,1.9147037267684937,1.627737045288086
2009-09-14,77.58685302734375,1.936968445777893,1.6552016735076904
2009-09-15,77.91116333007812,1.9483845233917236,1.6740763187408447
2009-09-16,79.09025573730469,2.007755994796753,1.7484016418457031
2009-09-17,78.97235107421875,2.0037589073181152,1.7400708198547363
2009-09-18,79.02267456054688,2.0060434341430664,1.7451469898223877
2009-09-21,78.8227767944336,1.998051643371582,1.730437994003296
2009-09-22,79.28187561035156,2.018601417541504,1.7629793882369995
2009-09-23,78.62281799316406,1.9872031211853027,1.7157288789749146
2009-09-24,77.75650024414062,1.9414169788360596,1.6602909564971924
2009-09-25,77.34185028076172,1.9231007099151611,1.6347655057907104
2009-09-28,78.72650909423828,1.9877759218215942,1.7199360132217407
2009-09-29,78.48955535888672,1.976330280303955,1.7101683616638184
2009-09-30,78.18598937988281,1.9643100500106812,1.6876388788223267
2009-10-01,76.2459487915039,1.8664387464523315,1.560014247894287
2009-10-02,75.89051818847656,1.8492674827575684,1.5426939725875854
2009-10-05,77.02344512939453,1.9013516902923584,1.6071574687957764
2009-10-06,78.12674713134766,1.9562971591949463,1.6778714656829834
2009-10-07,78.34146881103516,1.9683167934417725,1.6907639503479004
2009-10-08,78.94124603271484,1.999224305152893,1.7316571474075317
2009-10-09,79.42253112792969,2.020400047302246,1.7593953609466553
2009-10-12,79.73356628417969,2.0392889976501465,1.7820552587509155
2009-10-13,79.5706558227539,2.031848430633545,1.7725483179092407
2009-10-14,80.94051361083984,2.0993847846984863,1.862667202949524
2009-10-15,81.2366943359375,2.1119773387908936,1.8794660568237305
2009-10-16,80.62950134277344,2.082214832305908,1.8392257690429688
2009-10-19,81.29593658447266,2.1171274185180664,1.884675145149231
2009-10-20,80.86646270751953,2.096524238586426,1.8566762208938599
2009-10-21,80.14080047607422,2.0570311546325684,1.8058866262435913
2009-10-22,80.9552993774414,2.0959506034851074,1.8574577569961548
2009-10-23,80.02973175048828,2.053025007247925,1.7957290410995483
2009-10-26,79.16340637207031,2.006091833114624,1.7324374914169312
2009-10-27,78.8005599975586,1.987203598022461,1.7113406658172607
2009-10-28,77.31221771240234,1.9139434099197388,1.6153618097305298
2009-10-29,78.97087097167969,1.9929280281066895,1.7178517580032349
2009-10-30,76.68280029296875,1.8801742792129517,1.5712134838104248
2009-11-02,77.24559020996094,1.9065030813217163,1.6031200885772705
2009-11-03,77.48993682861328,1.9162334203720093,1.6188784837722778
2009-11-04,77.6898422241211,1.9248191118240356,1.6274731159210205
2009-11-05,79.11897277832031,1.9975066184997559,1.7198057174682617
2009-11-06,79.32628631591797,2.008953332901001,1.7366048097610474
2009-11-09,81.13304138183594,2.101102828979492,1.85316002368927
2009-11-10,81.14781951904297,2.101102828979492,1.8515970706939697
2009-11-11,81.5625228881836,2.1222805976867676,1.882461667060852
2009-11-12,80.73318481445312,2.0793533325195312,1.822556495666504
2009-11-13,81.17003631591797,2.1022472381591797,1.8557649850845337
2009-11-16,82.3473892211914,2.162916898727417,1.9350742101669312
2009-11-17,82.44367218017578,2.167494535446167,1.9421066045761108
2009-11-18,82.3918228149414,2.1663506031036377,1.939501166343689
2009-11-19,81.31815338134766,2.1091156005859375,1.8633179664611816
2009-11-20,81.02938842773438,2.0959506034851074,1.8467788696289062
2009-11-23,82.0586166381836,2.1503238677978516,1.9152791500091553
2009-11-24,82.18451690673828,2.1526143550872803,1.9202286005020142
2009-11-25,82.47328186035156,2.167494535446167,1.9400233030319214
2009-11-27,81.13304138183594,2.098240852355957,1.846258521080017
2009-11-30,81.4070053100586,2.1119773387908936,1.8664436340332031
2009-12-01,82.41400909423828,2.1600539684295654,1.927781581878662
2009-12-02,82.37699890136719,2.1634886264801025,1.9332516193389893
2009-12-03,81.7328109741211,2.12914776802063,1.8871499300003052
2009-12-04,82.19932556152344,2.152040958404541,1.9169721603393555
2009-12-07,82.07344055175781,2.1440281867980957,1.9081171751022339
2009-12-08,81.16263580322266,2.0993847846984863,1.8479504585266113
2009-12-09,81.46624755859375,2.1125497817993164,1.8638392686843872
2009-12-10,81.92536926269531,2.1365880966186523,1.8962655067443848
2009-12-11,82.27335357666016,2.1566200256347656,1.9242652654647827
2009-12-14,82.83612060546875,2.1846654415130615,1.9603383541107178
2009-12-15,82.4510726928711,2.1640613079071045,1.9316884279251099
2009-12-16,82.57694244384766,2.171501636505127,1.940413236618042
2009-12-17,81.58475494384766,2.119418144226074,1.872694492340088
2009-12-18,82.04624938964844,2.1423113346099854,1.9022563695907593
2009-12-21,82.88006591796875,2.182948589324951,1.9577348232269287
2009-12-22,83.17784118652344,2.2006912231445312,1.981044888496399
2009-12-23,83.34160614013672,2.2103679180145264,1.9947021007537842
2009-12-24,83.73622131347656,2.234412431716919,2.02597713470459
2009-12-28,83.91486358642578,2.240709066390991,2.0393989086151123
2009-12-29,83.7957534790039,2.2361292839050293,2.02597713470459
2009-12-30,83.76594543457031,2.2304036617279053,2.0197219848632812
2009-12-31,82.96194458007812,2.1891846656799316,1.9634262323379517
2010-01-04,84.36896514892578,2.2596004009246826,2.062204599380493
2010-01-05,84.59230041503906,2.2744853496551514,2.0799269676208496
2010-01-06,84.6518783569336,2.276202917098999,2.0859200954437256
2010-01-07,85.00920867919922,2.2950949668884277,2.1113321781158447
2010-01-08,85.29209899902344,2.311124086380005,2.1319210529327393
2010-01-11,85.41120910644531,2.318568229675293,2.139479875564575
2010-01-12,84.61465454101562,2.2750587463378906,2.081359386444092
2010-01-13,85.32929992675781,2.311697006225586,2.134397268295288
2010-01-14,85.56011962890625,2.324864149093628,2.1502954959869385
2010-01-15,84.5997543334961,2.2739129066467285,2.0790138244628906
2010-01-19,85.65686798095703,2.33001708984375,2.1569414138793945
2010-01-20,84.78588104248047,2.281355142593384,2.0916550159454346
2010-01-21,83.155517578125,2.1943371295928955,1.9691604375839233
2010-01-22,81.30183410644531,2.0987322330474854,1.8414536714553833
2010-01-25,81.71866607666016,2.1164793968200684,1.8641281127929688
2010-01-26,81.37628173828125,2.099304437637329,1.8406723737716675
2010-01-27,81.76337432861328,2.119342803955078,1.8681679964065552
2010-01-28,80.82537078857422,2.070681571960449,1.802750825881958
2010-01-29,79.94693756103516,2.024880886077881,1.7437189817428589
2010-02-01,81.19015502929688,2.086709976196289,1.8252949714660645
2010-02-02,82.17283630371094,2.1382339000701904,1.8929271697998047
2010-02-03,81.76337432861328,2.1176247596740723,1.8647794723510742
2010-02-04,79.23969268798828,1.9882428646087646,1.693678617477417
2010-02-05,79.40349578857422,1.9985477924346924,1.703452229499817
2010-02-08,78.83023071289062,1.9664876461029053,1.6668342351913452
2010-02-09,79.82037353515625,2.0145766735076904,1.7270381450653076
2010-02-10,79.66404724121094,2.0059897899627686,1.7175267934799194
2010-02-11,80.497802734375,2.047208309173584,1.7689998149871826
2010-02-12,80.43083190917969,2.0443460941314697,1.7641781568527222
2010-02-16,81.69639587402344,2.109037160873413,1.848490834236145
2010-02-17,82.08351135253906,2.12907338142395,1.874292254447937
2010-02-18,82.56739044189453,2.154837131500244,1.909737467765808
2010-02-19,82.73859405517578,2.1662850379943848,1.9222475290298462
2010-02-22,82.7535400390625,2.1639955043792725,1.9191205501556396
2010-02-23,81.74850463867188,2.1130447387695312,1.8500547409057617
2010-02-24,82.50039672851562,2.149111270904541,1.902048945426941
2010-02-25,82.3886947631836,2.145676612854004,1.8956642150878906
2010-02-26,82.44083404541016,2.148538589477539,1.8995730876922607
2010-03-01,83.29698181152344,2.1914749145507812,1.9567817449569702
2010-03-02,83.52774810791016,2.2023518085479736,1.9703329801559448
2010-03-03,83.60218811035156,2.2075042724609375,1.9781520366668701
2010-03-04,83.85528564453125,2.219527244567871,1.9956142902374268
2010-03-05,85.05390167236328,2.284790515899658,2.0824012756347656
2010-03-08,85.06875610351562,2.285362720489502,2.0821421146392822
2010-03-09,85.21018981933594,2.2922325134277344,2.0925674438476562
2010-03-10,85.58988952636719,2.312269926071167,2.1209752559661865
2010-03-11,85.94722747802734,2.3323066234588623,2.1483402252197266
2010-03-12,85.95466613769531,2.3323066234588623,2.1467771530151367
2010-03-15,85.97700500488281,2.3340227603912354,2.1502954959869385
2010-03-16,86.66190338134766,2.371234893798828,2.201639175415039
2010-03-17,87.175537109375,2.399287462234497,2.2394301891326904
2010-03-18,87.1308822631836,2.3969974517822266,2.2376058101654053
2010-03-19,86.6898422241211,2.3729536533355713,2.2012486457824707
2010-03-22,87.15331268310547,2.3969974517822266,2.23708438873291
2010-03-23,87.76629638671875,2.4319193363189697,2.2863423824310303
2010-03-24,87.34017944335938,2.4086437225341797,2.253412961959839
2010-03-25,87.19816589355469,2.3982980251312256,2.240117073059082
2010-03-26,87.14582824707031,2.400596857070923,2.241291046142578
2010-03-29,87.69901275634766,2.42588472366333,2.2797460556030273
2010-03-30,87.75879669189453,2.430482864379883,2.2837867736816406
2010-03-31,87.45979309082031,2.4143905639648438,2.2586278915405273
2010-04-01,88.05782318115234,2.4465739727020264,2.306600570678711
2010-04-05,88.77543640136719,2.4862308502197266,2.360961437225342
2010-04-06,88.9847412109375,2.4982991218566895,2.3781685829162598
2010-04-07,88.4764404296875,2.4712870121002197,2.3404946327209473
2010-04-08,88.78294372558594,2.4862308502197266,2.360961437225342
2010-04-09,89.36600494384766,2.518989086151123,2.407630443572998
2010-04-12,89.50802612304688,2.5281848907470703,2.42118763923645
2010-04-13,89.57527923583984,2.53220796585083,2.428748369216919
2010-04-14,90.59190368652344,2.5879552364349365,2.5065739154815674
2010-04-15,90.66663360595703,2.593127965927124,2.5162198543548584
2010-04-16,89.22395324707031,2.5120925903320312,2.396028518676758
2010-04-19,89.56035614013672,2.5299088954925537,2.418449640274048
2010-04-20,90.36019134521484,2.5730137825012207,2.484282970428467
2010-04-21,90.19574737548828,2.563241958618164,2.470463275909424
2010-04-22,90.46484375,2.5787603855133057,2.4932775497436523
2010-04-23,91.05536651611328,2.6109440326690674,2.5424232482910156
2010-04-26,90.71149444580078,2.5925533771514893,2.5127007961273193
2010-04-27,88.5661392211914,2.4712870121002197,2.3347580432891846
2010-04-28,89.2388916015625,2.505770444869995,2.385077714920044
2010-04-29,90.34524536132812,2.5672662258148193,2.4764606952667236
2010-04-30,88.81278991699219,2.4822070598602295,2.3507914543151855
2010-05-03,89.96395874023438,2.5494489669799805,2.445173978805542
2010-05-04,87.8485107421875,2.427609443664551,2.268664598464966
2010-05-05,87.32526397705078,2.3959996700286865,2.2308616638183594
2010-05-06,84.42485809326172,2.235653877258301,2.0085959434509277
2010-05-07,83.16905975341797,2.1712849140167236,1.9200812578201294
2010-05-10,86.8319091796875,2.362091064453125,2.169069528579712
2010-05-11,86.58519744873047,2.3477234840393066,2.1502976417541504
2010-05-12,87.79615783691406,2.4143905639648438,2.2415504455566406
2010-05-13,86.70482635498047,2.3546199798583984,2.1581201553344727
2010-05-14,85.13501739501953,2.270136594772339,2.0415780544281006
2010-05-17,85.17987060546875,2.2718608379364014,2.043792724609375
2010-05-18,84.0212173461914,2.2103664875030518,1.9623180627822876
2010-05-19,83.5428237915039,2.1856536865234375,1.9273815155029297
2010-05-20,80.38825988769531,2.018409490585327,1.7064205408096313
2010-05-21,81.56188201904297,2.0776052474975586,1.7684723138809204
2010-05-24,80.51533508300781,2.0241565704345703,1.7137200832366943
2010-05-25,80.59757232666016,2.028754711151123,1.7194558382034302
2010-05-26,80.11167907714844,2.001743793487549,1.6838679313659668
2010-05-27,82.7953109741211,2.1379518508911133,1.8564655780792236
2010-05-28,81.7562255859375,2.082777976989746,1.7830723524093628
2010-06-01,80.38079833984375,2.012662887573242,1.6971642971038818
2010-06-02,82.47386932373047,2.1161112785339355,1.827003836631775
2010-06-03,82.7579116821289,2.135652780532837,1.8459064960479736
2010-06-04,79.8500747680664,1.9868000745773315,1.6604030132293701
2010-06-07,78.8558120727539,1.9322017431259155,1.5917024612426758
2010-06-08,79.7005615234375,1.9724327325820923,1.6378506422042847
2010-06-09,79.27446746826172,1.9523171186447144,1.6130824089050293
2010-06-10,81.59176635742188,2.068410634994507,1.7584340572357178
2010-06-11,81.98794555664062,2.0873773097991943,1.7815086841583252
2010-06-14,81.86088562011719,2.0833523273468018,1.775772213935852
2010-06-15,83.72220611572266,2.1764581203460693,1.893878698348999
2010-06-16,83.69230651855469,2.1741583347320557,1.8921836614608765
2010-06-17,83.82685089111328,2.1804802417755127,1.901179552078247
2010-06-18,83.9177474975586,2.1845040321350098,1.9070451259613037
2010-06-21,83.67737579345703,2.172434091567993,1.8884038925170898
2010-06-22,82.29542541503906,2.10107421875,1.7972371578216553
2010-06-23,82.0400619506836,2.0866758823394775,1.7802693843841553
2010-06-24,80.68059539794922,2.0187137126922607,1.692561149597168
2010-06-25,81.01858520507812,2.036567449569702,1.7249304056167603
2010-06-28,80.7632064819336,2.0210156440734863,1.6949104070663452
2010-06-29,78.2696533203125,1.8983391523361206,1.5406373739242554
2010-06-30,77.52606201171875,1.8551428318023682,1.4873870611190796
2010-07-01,77.18058776855469,1.8470791578292847,1.4778587818145752
2010-07-02,76.75999450683594,1.8234647512435913,1.4521467685699463
2010-07-06,77.26324462890625,1.8470791578292847,1.4791638851165771
2010-07-07,79.69669342041016,1.9634218215942383,1.6188186407089233
2010-07-08,80.48531341552734,2.001434326171875,1.6663271188735962
2010-07-09,81.0862045288086,2.030808210372925,1.7023506164550781
2010-07-12,81.13875579833984,2.035414934158325,1.7073107957839966
2010-07-13,82.36302947998047,2.09761905670166,1.7847079038619995
2010-07-14,82.35551452636719,2.095890760421753,1.7840542793273926
2010-07-15,82.37802124023438,2.09761905670166,1.7853599786758423
2010-07-16,80.1097640991211,1.9801256656646729,1.6377439498901367
2010-07-19,80.58296966552734,2.004890203475952,1.6681549549102783
2010-07-20,81.47673034667969,2.047511100769043,1.7212755680084229
2010-07-21,80.4177474975586,1.9962514638900757,1.656538963317871
2010-07-22,82.21281433105469,2.084371566772461,1.765652060508728
2010-07-23,82.92633819580078,2.119504690170288,1.8110718727111816
2010-07-26,83.7900619506836,2.1678857803344727,1.8700662851333618
2010-07-27,83.78254699707031,2.1632766723632812,1.8664119243621826
2010-07-28,83.24177551269531,2.1362075805664062,1.8313026428222656
2010-07-29,82.83621215820312,2.1148977279663086,1.8041545152664185
2010-07-30,82.82115936279297,2.116049289703369,1.8023278713226318
2010-08-02,84.69134521484375,2.208778142929077,1.9241007566452026
2010-08-03,84.28577423095703,2.1886186599731445,1.8973448276519775
2010-08-04,84.84906005859375,2.217416763305664,1.9346730709075928
2010-08-05,84.75890350341797,2.213386058807373,1.9277549982070923
2010-08-06,84.4134521484375,2.19437837600708,1.9038703441619873
2010-08-09,84.86412048339844,2.2179927825927734,1.934149980545044
2010-08-10,84.40593719482422,2.1949551105499268,1.906219482421875
2010-08-11,82.0926284790039,2.074005365371704,1.748944878578186
2010-08-12,81.58941650390625,2.048086404800415,1.7172291278839111
2010-08-13,81.34906768798828,2.034839630126953,1.6983041763305664
2010-08-16,81.31150817871094,2.034839630126953,1.6977825164794922
2010-08-17,82.31041717529297,2.0820672512054443,1.7562546730041504
2010-08-18,82.46064758300781,2.091860055923462,1.7685227394104004
2010-08-19,81.0261001586914,2.0198652744293213,1.6776823997497559
2010-08-20,80.7632064819336,2.0054662227630615,1.6621508598327637
2010-08-23,80.45530700683594,1.9910671710968018,1.6399623155593872
2010-08-24,79.26107025146484,1.9311679601669312,1.5698747634887695
2010-08-25,79.5689926147461,1.9444150924682617,1.5827959775924683
2010-08-26,79.03578186035156,1.9179213047027588,1.5518625974655151
2010-08-27,80.26002502441406,1.9783958196640015,1.624952793121338
2010-08-30,79.09581756591797,1.9219529628753662,1.5552562475204468
2010-08-31,79.09581756591797,1.9202252626419067,1.559693455696106
2010-09-01,81.46173858642578,2.035991668701172,1.694518804550171
2010-09-02,82.22030639648438,2.0734288692474365,1.7418968677520752
2010-09-03,83.2868423461914,2.128143310546875,1.808070421218872
2010-09-07,82.34801483154297,2.0809168815612793,1.7505110502243042
2010-09-08,82.92633819580078,2.107985496520996,1.7845765352249146
2010-09-09,83.30937194824219,2.1287195682525635,1.8096357583999634
2010-09-10,83.72998809814453,2.151181697845459,1.8378280401229858
2010-09-13,84.66133880615234,2.198410749435425,1.8977352380752563
2010-09-14,84.60874938964844,2.19437837600708,1.8935593366622925
2010-09-15,84.93173217773438,2.211081027984619,1.9182279109954834
2010-09-16,84.90914916992188,2.209352731704712,1.9147037267684937
2010-09-17,84.94088745117188,2.2139604091644287,1.9161393642425537
2010-09-20,86.23966979980469,2.279042959213257,2.0072405338287354
2010-09-21,86.06596374511719,2.2702624797821045,1.990951418876648
2010-09-22,85.64309692382812,2.250044345855713,1.965739369392395
2010-09-23,84.94843292236328,2.2107629776000977,1.915837049484253
2010-09-24,86.70026397705078,2.3003029823303223,2.0306637287139893
2010-09-27,86.28496551513672,2.280661106109619,2.0051896572113037
2010-09-28,86.58697509765625,2.2974131107330322,2.0263519287109375
2010-09-29,86.43600463867188,2.2864387035369873,2.011460304260254
2010-09-30,86.17922973632812,2.274306535720825,1.9955230951309204
2010-10-01,86.54167938232422,2.2927911281585693,2.0208656787872314
2010-10-04,85.89229583740234,2.257554769515991,1.9767125844955444
2010-10-05,87.62147521972656,2.3494038581848145,2.0938880443573
2010-10-06,87.61392211914062,2.3499817848205566,2.0953257083892822
2010-10-07,87.50820922851562,2.344205856323242,2.0869650840759277
2010-10-08,87.99903869628906,2.369044780731201,2.1198840141296387
2010-10-11,88.08206939697266,2.374244213104248,2.1269378662109375
2010-10-12,88.3539047241211,2.3886866569519043,2.147970199584961
2010-10-13,89.04105377197266,2.424501895904541,2.1946041584014893
2010-10-14,88.69371795654297,2.4094836711883545,2.1801059246063232
2010-10-15,88.87491607666016,2.4164154529571533,2.1858530044555664
2010-10-18,89.31291198730469,2.4418320655822754,2.1552858352661133
2010-10-19,88.14250946044922,2.3736674785614014,2.125239133834839
2010-10-20,89.00331115722656,2.421614170074463,2.1916005611419678
2010-10-21,89.19963836669922,2.431434392929077,2.203357219696045
2010-10-22,89.36576080322266,2.4424099922180176,2.220078468322754
2010-10-25,89.63003540039062,2.4539642333984375,2.233664035797119
2010-10-26,89.64514923095703,2.4551186561584473,2.2364070415496826
2010-10-27,89.38839721679688,2.4418320655822754,2.219162940979004
2010-10-28,89.40352630615234,2.445298671722412,2.2224299907684326
2010-10-29,89.47145080566406,2.446453809738159,2.2238669395446777
2010-11-01,89.50165557861328,2.4481868743896484,2.2258262634277344
2010-11-02,90.21147918701172,2.4863131046295166,2.2763803005218506
2010-11-03,90.5738754272461,2.5082640647888184,2.305903673171997
2010-11-04,92.31816864013672,2.6030054092407227,2.4383630752563477
2010-11-05,92.66551208496094,2.6237995624542236,2.4704980850219727
2010-11-08,92.4918441772461,2.6151342391967773,2.45560622215271
2010-11-09,91.82740020751953,2.575275182723999,2.4002184867858887
2010-11-10,92.19734954833984,2.596072196960449,2.4276516437530518
2010-11-11,91.85003662109375,2.575852870941162,2.3979978561401367
2010-11-12,90.76268005371094,2.5146195888519287,2.3142640590667725
2010-11-15,90.63430786132812,2.507110118865967,2.305903673171997
2010-11-16,89.22232055664062,2.4285457134246826,2.197479009628296
2010-11-17,89.26760864257812,2.429124116897583,2.200875759124756
2010-11-18,90.58147430419922,2.504221200942993,2.297281503677368
2010-11-19,90.83062744140625,2.516352415084839,2.3147850036621094
2010-11-22,90.75511932373047,2.5128860473632812,2.3112590312957764
2010-11-23,89.44123077392578,2.4400997161865234,2.2076685428619385
2010-11-24,90.76268005371094,2.5117316246032715,2.303683042526245
2010-11-26,89.70555114746094,2.457430124282837,2.243461847305298
2010-11-29,89.97738647460938,2.468984603881836,2.2479028701782227
2010-11-30,89.47145080566406,2.4366328716278076,2.205577850341797
2010-12-01,91.3742904663086,2.5423479080200195,2.3484878540039062
2010-12-02,92.54470825195312,2.608780860900879,2.4399309158325195
2010-12-03,92.7939224243164,2.621490240097046,2.4588725566864014
2010-12-06,92.69571685791016,2.6157119274139404,2.4509031772613525
2010-12-07,92.74858856201172,2.6197569370269775,2.454822540283203
2010-12-08,93.08838653564453,2.6405534744262695,2.4817323684692383
2010-12-09,93.4508285522461,2.659038543701172,2.5138683319091797
2010-12-10,93.9945068359375,2.6919655799865723,2.556976079940796
2010-12-13,94.05490112304688,2.6931214332580566,2.5620713233947754
2010-12-14,94.13795471191406,2.6983203887939453,2.567819118499756
2010-12-15,93.70751953125,2.67521333694458,2.5318944454193115
2010-12-16,94.2511978149414,2.702942132949829,2.5760488510131836
2010-12-17,94.3521957397461,2.710451364517212,2.5871522426605225
2010-12-20,94.57991790771484,2.721428155899048,2.5999550819396973
2010-12-21,95.17957305908203,2.7555110454559326,2.6502466201782227
2010-12-22,95.47559356689453,2.7734172344207764,2.6770265102386475
2010-12-23,95.33898162841797,2.767062187194824,2.664876699447632
2010-12-27,95.37691497802734,2.770529270172119,2.664876699447632
2010-12-28,95.5135726928711,2.775728940963745,2.679640054702759
2010-12-29,95.58187866210938,2.7797739505767822,2.686039686203003
2010-12-30,95.43006134033203,2.772840976715088,2.675459146499634
2010-12-31,95.45281219482422,2.7763075828552246,2.676765203475952
2011-01-03,96.43961334228516,2.8294641971588135,2.754621744155884
2011-01-04,96.38652038574219,2.8254199028015137,2.745999574661255
2011-01-05,96.88746643066406,2.8548877239227295,2.7925050258636475
2011-01-06,96.6977310180664,2.844486713409424,2.776045560836792
2011-01-07,96.5079345703125,2.8335089683532715,2.760892629623413
2011-01-10,96.38652038574219,2.8259975910186768,2.7521398067474365
2011-01-11,96.72807312011719,2.8450653553009033,2.7781357765197754
2011-01-12,97.60100555419922,2.8976449966430664,2.8562533855438232
2011-01-13,97.44160461425781,2.8912885189056396,2.846977472305298
2011-01-14,98.14754486083984,2.928267478942871,2.8964877128601074
2011-01-18,98.31454467773438,2.9398226737976074,2.918954849243164
2011-01-19,97.35047149658203,2.881465196609497,2.9155590534210205
2011-01-20,97.22147369384766,2.874532461166382,2.821373462677002
2011-01-21,97.44160461425781,2.8860878944396973,2.8431897163391113
2011-01-24,97.9957275390625,2.921912431716919,2.887341260910034
2011-01-25,98.04887390136719,2.9207558631896973,2.89113187789917
2011-01-26,98.42837524414062,2.9432899951934814,2.926009178161621
2011-01-27,98.67130279541016,2.960045337677002,2.9462578296661377
2011-01-28,96.94818878173828,2.8560426235198975,2.790675640106201
2011-01-31,97.67691040039062,2.896488904953003,2.852464437484741
2011-02-01,99.24058532714844,2.991823673248291,2.988582134246826
2011-02-02,99.05079650878906,2.9785361289978027,2.9721224308013916
2011-02-03,99.27096557617188,2.9924018383026123,2.990934133529663
2011-02-04,99.55181121826172,3.0103142261505127,3.021108865737915
2011-02-07,100.1742172241211,3.0478708744049072,3.075451612472534
2011-02-08,100.62968444824219,3.0756051540374756,3.117384433746338
2011-02-09,100.40193939208984,3.05942702293396,3.095961332321167
2011-02-10,100.43992614746094,3.0634713172912598,3.100402593612671
2011-02-11,101.03958129882812,3.0992941856384277,3.1556599140167236
2011-02-14,101.28246307373047,3.113739252090454,3.172902822494507
2011-02-15,100.96368408203125,3.096982955932617,3.148344039916992
2011-02-16,101.60126495361328,3.131650686264038,3.202033519744873
2011-02-17,101.90491485595703,3.152451992034912,3.2358672618865967
2011-02-18,102.11746215820312,3.1651628017425537,3.255854606628418
2011-02-22,100.06797790527344,3.038625955581665,3.0618669986724854
2011-02-23,99.45313262939453,2.9987587928771973,3.011181592941284
2011-02-24,99.38481140136719,2.9970250129699707,3.000208616256714
2011-02-25,100.44751739501953,3.05942702293396,3.0873398780822754
2011-02-28,101.06996154785156,3.0975608825683594,3.148866653442383
2011-03-01,99.38481140136719,2.9929797649383545,2.990934133529663
2011-03-02,99.59735107421875,3.005692720413208,3.0066096782684326
2011-03-03,101.31282043457031,3.1085400581359863,3.1617989540100098
2011-03-04,100.5538101196289,3.064049005508423,3.0951766967773438
2011-03-07,99.76433563232422,3.0143582820892334,3.0164058208465576
2011-03-08,100.63726043701172,3.065782308578491,3.0963523387908936
2011-03-09,100.4930419921875,3.058271646499634,3.0861635208129883
2011-03-10,98.63333129882812,2.94502329826355,2.9133386611938477
2011-03-11,99.3165054321289,2.986046552658081,2.974472999572754
2011-03-14,98.71683502197266,2.950222969055176,2.921959400177002
2011-03-15,97.58582305908203,2.8843541145324707,2.823986053466797
2011-03-16,95.77923583984375,2.775150775909424,2.664093494415283
2011-03-17,97.046875,2.844486713409424,2.7624592781066895
2011-03-18,97.39986419677734,2.867598295211792,2.8000810146331787
2011-03-21,98.90933990478516,2.95542311668396,2.9266626834869385
2011-03-22,98.56625366210938,2.9346230030059814,2.8984460830688477
2011-03-23,98.84835052490234,2.953448534011841,2.9215688705444336
2011-03-24,99.793701171875,3.0084738731384277,3.003865957260132
2011-03-25,100.09861755371094,3.0275888442993164,3.029338836669922
2011-03-28,99.85465240478516,3.013108253479004,3.010920524597168
2011-03-29,100.52555084228516,3.054811716079712,3.070096254348755
2011-03-30,101.21928405761719,3.093040704727173,3.133190870285034
2011-03-31,101.08206939697266,3.08551025390625,3.1237852573394775
2011-04-01,101.50900268554688,3.110416889190674,3.159055709838867
2011-04-04,101.59286499023438,3.1179473400115967,3.1684608459472656
2011-04-05,101.57762908935547,3.1162095069885254,3.1688528060913086
2011-04-06,101.89781188964844,3.1341652870178223,3.1923670768737793
2011-04-07,101.63860321044922,3.1220011711120605,3.172379970550537
2011-04-08,101.28792572021484,3.0970945358276367,3.1437716484069824
2011-04-11,100.98297882080078,3.0802979469299316,3.113595724105835
2011-04-12,100.22824096679688,3.032802104949951,3.0446221828460693
2011-04-13,100.22062683105469,3.0310637950897217,3.039529323577881
2011-04-14,100.29683685302734,3.0362765789031982,3.0465824604034424
2011-04-15,100.66276550292969,3.0606045722961426,3.0720558166503906
2011-04-18,99.53445434570312,2.9887800216674805,2.9795687198638916
2011-04-19,100.10626220703125,3.0223753452301025,3.022676706314087
2011-04-20,101.47090911865234,3.1052029132843018,3.151609420776367
2011-04-21,101.98928833007812,3.135902166366577,3.1978538036346436
2011-04-25,101.88255310058594,3.1330068111419678,3.186095952987671
2011-04-26,102.75927734375,3.185716152191162,3.2699615955352783
2011-04-27,103.43016815185547,3.2262613773345947,3.331097364425659
2011-04-28,103.76565551757812,3.250009298324585,3.364016056060791
2011-04-29,104.0095443725586,3.2627522945404053,3.396543264389038
2011-05-02,103.84944152832031,3.254063129425049,3.371070623397827
2011-05-03,103.47590637207031,3.22741961479187,3.337367534637451
2011-05-04,102.78977966308594,3.1845571994781494,3.271920919418335
2011-05-05,101.85969543457031,3.12895131111145,3.186880588531494
2011-05-06,102.30946350097656,3.1544368267059326,3.2205824851989746
2011-05-09,102.70592498779297,3.1799237728118896,3.2656497955322266
2011-05-10,103.5826644897461,3.2349488735198975,3.347557544708252
2011-05-11,102.49247741699219,3.168339729309082,3.237434148788452
2011-05-12,102.98035430908203,3.1961405277252197,3.284461498260498
2011-05-13,102.18744659423828,3.1463284492492676,3.2049074172973633
2011-05-16,101.53952026367188,3.105783462524414,3.147691249847412
2011-05-17,101.52420806884766,3.1063621044158936,3.147691249847412
2011-05-18,102.43148040771484,3.159651517868042,3.232731580734253
2011-05-19,102.6754150390625,3.1752896308898926,3.2538931369781494
2011-05-20,101.85969543457031,3.1266355514526367,3.174731492996216
2011-05-23,100.67802429199219,3.0530736446380615,3.0630416870117188
2011-05-24,100.59415435791016,3.0484402179718018,3.058730363845825
2011-05-25,100.92961883544922,3.066396474838257,3.0861635208129883
2011-05-26,101.39466094970703,3.0936193466186523,3.1237852573394775
2011-05-27,101.78346252441406,3.1173675060272217,3.1637585163116455
2011-05-31,102.8431396484375,3.1851353645324707,3.2629079818725586
2011-06-01,100.53316497802734,3.039172410964966,3.048541784286499
2011-06-02,100.42645263671875,3.0333802700042725,3.0316896438598633
2011-06-03,99.427734375,2.973720073699951,2.9446895122528076
2011-06-06,98.37569427490234,2.9111640453338623,2.8475005626678467
2011-06-07,98.31470489501953,2.9053726196289062,2.84083890914917
2011-06-08,97.90303802490234,2.8810458183288574,2.8071353435516357
2011-06-09,98.65010833740234,2.9244863986968994,2.8663108348846436
2011-06-10,97.27787780761719,2.8439745903015137,2.7510948181152344
2011-06-13,97.35411071777344,2.84629225730896,2.7557971477508545
2011-06-14,98.58910369873047,2.919273614883423,2.8608250617980957
2011-06-15,96.83570098876953,2.816751480102539,2.7083778381347656
2011-06-16,97.04914855957031,2.827178955078125,2.7224860191345215
2011-06-17,97.3387680053711,2.845712423324585,2.7495267391204834
2011-06-20,97.8367919921875,2.874094247817993,2.7949864864349365
2011-06-21,99.17750549316406,2.9505527019500732,2.9058921337127686
2011-06-22,98.5799331665039,2.9164657592773438,2.8561222553253174
2011-06-23,98.29645538330078,2.901972532272339,2.829864978790283
2011-06-24,97.15489959716797,2.834148406982422,2.7315001487731934
2011-06-27,98.02064514160156,2.8799452781677246,2.802824020385742
2011-06-28,99.30010986328125,2.957044839859009,2.912163496017456
2011-06-29,100.15052795410156,3.0109570026397705,2.987797975540161
2011-06-30,101.10819244384766,3.066028356552124,3.0712716579437256
2011-07-01,102.60216522216797,3.156461715698242,3.2092175483703613
2011-07-05,102.51789855957031,3.1512439250946045,3.196286201477051
2011-07-06,102.64049530029297,3.155881643295288,3.2084343433380127
2011-07-07,103.70542907714844,3.2271835803985596,3.3181655406951904
2011-07-08,102.96992492675781,3.1790688037872314,3.244879961013794
2011-07-11,101.10819244384766,3.065448045730591,3.073622703552246
2011-07-12,100.67147827148438,3.0364632606506348,3.027771472930908
2011-07-13,101.00862121582031,3.056173324584961,3.0610814094543457
2011-07-14,100.31144714355469,3.016174554824829,2.996419668197632
2011-07-15,100.89368438720703,3.0492167472839355,3.0407049655914307
2011-07-18,100.06623840332031,2.9976232051849365,2.969771146774292
2011-07-19,101.69047546386719,3.094433069229126,3.1124207973480225
2011-07-20,101.62918853759766,3.0915346145629883,3.106933116912842
2011-07-21,103.03887939453125,3.177330732345581,3.2350831031799316
2011-07-22,103.10781860351562,3.1813879013061523,3.2429213523864746
2011-07-25,102.53321075439453,3.1477653980255127,3.18884015083313
2011-07-26,102.15013885498047,3.123997688293457,3.1535696983337402
2011-07-27,100.05857849121094,2.9964640140533447,2.963892936706543
2011-07-28,99.7674560546875,2.9773342609405518,2.938027858734131
2011-07-29,99.08558654785156,2.9367549419403076,2.8749330043792725
2011-08-01,98.66419219970703,2.9089291095733643,2.8349602222442627
2011-08-02,96.14358520507812,2.7611069679260254,2.624903917312622
2011-08-03,96.66456604003906,2.792410373687744,2.6621344089508057
2011-08-04,92.13665008544922,2.529226303100586,2.285524845123291
2011-08-05,91.99872589111328,2.5176327228546143,2.275726556777954
2011-08-08,86.00747680664062,2.1941604614257812,1.8262255191802979
2011-08-09,90.00674438476562,2.3987934589385986,2.0801730155944824
2011-08-10,86.03045654296875,2.1773500442504883,1.807022213935852
2011-08-11,89.89181518554688,2.3790855407714844,2.048036575317383
2011-08-12,90.49710083007812,2.4127063751220703,2.093104839324951
2011-08-15,92.4124526977539,2.5135748386383057,2.218118190765381
2011-08-16,91.62330627441406,2.471256732940674,2.1640377044677734
2011-08-17,91.68461608886719,2.4741554260253906,2.169915199279785
2011-08-18,87.73131561279297,2.259087562561035,1.8869684934616089
2011-08-19,86.29861450195312,2.1872050762176514,1.7995761632919312
2011-08-22,86.36756134033203,2.187783718109131,1.8019274473190308
2011-08-23,89.20996856689453,2.3344476222991943,1.97475266456604
2011-08-24,90.4664306640625,2.3964757919311523,2.059793710708618
2011-08-25,89.08740234375,2.3263325691223145,1.965739369392395
2011-08-26,90.3821792602539,2.3929975032806396,2.0519556999206543
2011-08-29,92.97937774658203,2.53096604347229,2.2290916442871094
2011-08-30,93.22457885742188,2.5402414798736572,2.2408485412597656
2011-08-31,93.6383056640625,2.560529947280884,2.2686727046966553
2011-09-01,92.65760040283203,2.5141541957855225,2.205577850341797
2011-09-02,90.29022979736328,2.3819825649261475,2.0358874797821045
2011-09-06,89.63135528564453,2.348361015319824,1.990821123123169
2011-09-07,92.15963745117188,2.4811127185821533,2.1577672958374023
2011-09-08,91.20194244384766,2.428358554840088,2.0899693965911865
2011-09-09,88.81158447265625,2.300245761871338,1.9281169176101685
2011-09-12,89.38615417480469,2.3327088356018066,1.9645636081695557
2011-09-13,90.20597076416016,2.3744471073150635,2.0135505199432373
2011-09-14,91.45475006103516,2.4387946128845215,2.099766492843628
2011-09-15,93.03303527832031,2.5234298706054688,2.209888458251953
2011-09-16,93.58364868164062,2.5547332763671875,2.2475109100341797
2011-09-19,92.65181732177734,2.503140449523926,2.1808886528015137
2011-09-20,92.54399108886719,2.497922658920288,2.1746182441711426
2011-09-21,89.81784057617188,2.343019723892212,1.9775327444076538
2011-09-22,86.91450500488281,2.197814702987671,1.7900919914245605
2011-09-23,87.43818664550781,2.2181437015533447,1.817149043083191
2011-09-26,89.5174789428711,2.3290791511535645,1.948122262954712
2011-09-27,90.5186538696289,2.3813529014587402,2.009688377380371
2011-09-28,88.67034149169922,2.2820334434509277,1.888518214225769
2011-09-29,89.37118530273438,2.3203675746917725,1.9371414184570312
2011-09-30,87.1378402709961,2.2053654193878174,1.7991116046905518
2011-10-03,84.65809631347656,2.0804898738861084,1.6395124197006226
2011-10-04,86.51405334472656,2.162384510040283,1.7371536493301392
2011-10-05,88.11587524414062,2.250669240951538,1.8430299758911133
2011-10-06,89.71001434326172,2.3314027786254883,1.9426320791244507
2011-10-07,89.10935974121094,2.3023626804351807,1.9026353359222412
2011-10-10,92.08966064453125,2.45395565032959,2.097133159637451
2011-10-11,92.18203735351562,2.456279754638672,2.0987017154693604
2011-10-12,92.99068450927734,2.500420570373535,2.1583056449890137
2011-10-13,92.80582427978516,2.4911274909973145,2.142228603363037
2011-10-14,94.39228057861328,2.577669382095337,2.252417802810669
2011-10-17,92.59020233154297,2.478931427001953,2.1237986087799072
2011-10-18,94.39997863769531,2.5770890712738037,2.249281644821167
2011-10-19,93.28328704833984,2.5131995677948,2.170069932937622
2011-10-20,93.69149017333984,2.5341086387634277,2.196343421936035
2011-10-21,95.47042846679688,2.629361867904663,2.3206493854522705
2011-10-24,96.64099884033203,2.6961565017700195,2.4116249084472656
2011-10-25,94.76191711425781,2.593933343887329,2.26849627494812
2011-10-26,95.72460174560547,2.6450445652008057,2.336728096008301
2011-10-27,99.05916595458984,2.827420711517334,2.5755369663238525
2011-10-28,99.0360336303711,2.827420711517334,2.5853402614593506
2011-10-31,96.6486587524414,2.6862826347351074,2.3857436180114746
2011-11-01,93.95331573486328,2.541658639907837,2.1939899921417236
2011-11-02,95.4858169555664,2.6223933696746826,2.299473762512207
2011-11-03,97.22628021240234,2.7188076972961426,2.4229960441589355
2011-11-04,96.63330841064453,2.6839587688446045,2.379861354827881
2011-11-07,97.2340087890625,2.7182273864746094,2.4229960441589355
2011-11-08,98.4815444946289,2.7873446941375732,2.516716718673706
2011-11-09,94.84664154052734,2.5799922943115234,2.2394769191741943
2011-11-10,95.7399673461914,2.628781318664551,2.3006508350372314
2011-11-11,97.54203796386719,2.731006145477295,2.433976173400879
2011-11-14,96.61787414550781,2.6781508922576904,2.361039876937866
2011-11-15,97.09537506103516,2.7066102027893066,2.3998608589172363
2011-11-16,95.5551528930664,2.621812105178833,2.2822203636169434
2011-11-17,94.03801727294922,2.5341086387634277,2.1735987663269043
2011-11-18,93.93790435791016,2.5300426483154297,2.1637966632843018
2011-11-21,92.15128326416016,2.4330461025238037,2.0390985012054443
2011-11-22,91.78929901123047,2.412717342376709,2.0171380043029785
2011-11-23,89.76390075683594,2.3075900077819824,1.886556625366211
2011-11-25,89.5945053100586,2.2959723472595215,1.866950273513794
2011-11-28,92.18975067138672,2.4295618534088135,2.0347836017608643
2011-11-29,92.45159912109375,2.442920207977295,2.0508618354797363
2011-11-30,96.25592803955078,2.644462823867798,2.305748462677002
2011-12-01,96.24053192138672,2.645625352859497,2.302219867706299
2011-12-02,96.15583801269531,2.6421396732330322,2.2986903190612793
2011-12-05,97.20315551757812,2.698479175567627,2.373196840286255
2011-12-06,97.2340087890625,2.7002220153808594,2.3751556873321533
2011-12-07,97.59593200683594,2.714742660522461,2.4029977321624756
2011-12-08,95.45500183105469,2.6014835834503174,2.2449684143066406
2011-12-09,97.07225799560547,2.6868646144866943,2.3571176528930664
2011-12-12,95.65524291992188,2.607872247695923,2.2555556297302246
2011-12-13,94.76191711425781,2.5619876384735107,2.1892850399017334
2011-12-14,93.75309753417969,2.505648612976074,2.1175239086151123
2011-12-15,94.0919418334961,2.5230722427368164,2.140268325805664
2011-12-16,94.2314453125,2.5294618606567383,2.152423620223999
2011-12-19,93.22396087646484,2.4771883487701416,2.082232713699341
2011-12-20,96.044921875,2.624716281890869,2.2732019424438477
2011-12-21,96.23091125488281,2.635751724243164,2.285749673843384
2011-12-22,97.08341217041016,2.685702085494995,2.3520212173461914
2011-12-23,97.95140838623047,2.7303757667541504,2.4073116779327393
2011-12-27,98.02889251708984,2.7338616847991943,2.408879518508911
2011-12-28,96.74241638183594,2.6682169437408447,2.32417893409729
2011-12-29,97.7421875,2.715853214263916,2.390056848526001
2011-12-30,97.26164245605469,2.694939136505127,2.3586862087249756
2012-01-03,98.81161499023438,2.778012752532959,2.472797155380249
2012-01-04,98.96665954589844,2.784982919692993,2.476719856262207
2012-01-05,99.23014068603516,2.8024113178253174,2.5018155574798584
2012-01-06,98.97439575195312,2.790792465209961,2.4833850860595703
2012-01-09,99.21463012695312,2.7977635860443115,2.495541572570801
2012-01-10,100.07489776611328,2.8465616703033447,2.560635566711426
2012-01-11,100.12909698486328,2.85062837600708,2.5676934719085693
2012-01-12,100.36936950683594,2.862828254699707,2.584162712097168
2012-01-13,99.85015869140625,2.844238042831421,2.5567150115966797
2012-01-17,100.23762512207031,2.8523707389831543,2.5716159343719482
2012-01-18,101.34589385986328,2.9162726402282715,2.6574935913085938
2012-01-19,101.88064575195312,2.948805809020996,2.699059247970581
2012-01-20,102.26036834716797,2.9528725147247314,2.7049410343170166
2012-01-23,101.99684143066406,2.9557769298553467,2.7072949409484863
2012-01-24,101.88064575195312,2.9493865966796875,2.699450969696045
2012-01-25,102.73311614990234,2.9981839656829834,2.7657217979431152
2012-01-26,102.20610046386719,2.9668140411376953,2.726116895675659
2012-01-27,102.15961456298828,2.9627487659454346,2.7206268310546875
2012-01-30,101.81085205078125,2.944739818572998,2.6927850246429443
2012-01-31,101.7721176147461,2.9366066455841064,2.6865100860595703
2012-02-01,102.66336822509766,2.9888899326324463,2.7582712173461914
2012-02-02,102.82614135742188,3.0010898113250732,2.773172616958618
2012-02-03,104.26757049560547,3.087648630142212,2.8912036418914795
2012-02-06,104.19784545898438,3.0830001831054688,2.8845388889312744
2012-02-07,104.4613265991211,3.0963621139526367,2.9064972400665283
2012-02-08,104.77134704589844,3.1155335903167725,2.927672863006592
2012-02-09,104.90306091308594,3.123084545135498,2.9398293495178223
2012-02-10,104.12808227539062,3.080676555633545,2.882185697555542
2012-02-13,104.90306091308594,3.1201817989349365,2.941006660461426
2012-02-14,104.77134704589844,3.117856979370117,2.9296345710754395
2012-02-15,104.28308868408203,3.0870680809020996,2.8876757621765137
2012-02-16,105.4378662109375,3.150388717651367,2.9810025691986084
2012-02-17,105.71683502197266,3.1689791679382324,3.009237051010132
2012-02-21,105.76334381103516,3.1747887134552,3.0139429569244385
2012-02-22,105.42234802246094,3.15271258354187,2.979827404022217
2012-02-23,105.88734436035156,3.18001651763916,3.0249228477478027
2012-02-24,106.11981201171875,3.1939587593078613,3.0402166843414307
2012-02-27,106.29804992675781,3.2079017162323,3.0539400577545166
2012-02-28,106.60807800292969,3.2241671085357666,3.0829579830169678
2012-02-29,106.18956756591797,3.184664011001587,3.0421762466430664
2012-03-01,106.73983764648438,3.2340431213378906,3.0962915420532227
2012-03-02,106.41429901123047,3.2142913341522217,3.0680577754974365
2012-03-05,105.9803237915039,3.188730239868164,3.028059720993042
2012-03-06,104.43032836914062,3.0911343097686768,2.8931660652160645
2012-03-07,105.15887451171875,3.1335415840148926,2.955122947692871
2012-03-08,106.205078125,3.1957013607025146,3.043745279312134
2012-03-09,106.61583709716797,3.21951961517334,3.0778610706329346
2012-03-12,106.62360382080078,3.2218422889709473,3.079038381576538
2012-03-13,108.54557037353516,3.3397724628448486,3.248047351837158
2012-03-14,108.42932891845703,3.331639528274536,3.2347145080566406
2012-03-15,109.05706024169922,3.3664956092834473,3.2876527309417725
2012-03-16,109.2080307006836,3.379857301712036,3.3092198371887207
2012-03-19,109.63618469238281,3.4054172039031982,3.344904661178589
2012-03-20,109.31702423095703,3.38566517829895,3.3131415843963623
2012-03-21,109.13801574707031,3.372681140899658,3.2990243434906006
2012-03-22,108.35184478759766,3.32493257522583,3.2253024578094482
2012-03-23,108.70211029052734,3.3464784622192383,3.257066011428833
2012-03-26,110.22773742675781,3.4390625953674316,3.3927440643310547
2012-03-27,109.88525390625,3.418682813644409,3.3625502586364746
2012-03-28,109.3403549194336,3.3849098682403564,3.3131415843963623
2012-03-29,109.153564453125,3.3720993995666504,3.295102596282959
2012-03-30,109.60503387451172,3.3983030319213867,3.32490611076355
2012-04-02,110.4067611694336,3.447798013687134,3.4072537422180176
2012-04-03,109.955322265625,3.4239232540130615,3.3672564029693604
2012-04-04,108.86556243896484,3.3493900299072266,3.2696146965026855
2012-04-05,108.81110382080078,3.3499717712402344,3.2621638774871826
2012-04-09,107.58902740478516,3.277766466140747,3.1551108360290527
2012-04-10,105.78316497802734,3.1630537509918213,2.993159770965576
2012-04-11,106.63936614990234,3.209637403488159,3.05629301071167
2012-04-12,108.03264617919922,3.301640272140503,3.1892271041870117
2012-04-13,106.74832916259766,3.218371868133545,3.067664861679077
2012-04-16,106.67827606201172,3.2125489711761475,3.0590388774871826
2012-04-17,108.25840759277344,3.3115391731262207,3.197068691253662
2012-04-18,107.8926010131836,3.288248062133789,3.166875123977661
2012-04-19,107.19983673095703,3.2498159408569336,3.1080546379089355
2012-04-20,107.37881469726562,3.25738525390625,3.12099552154541
2012-04-23,106.47590637207031,3.200320243835449,3.044921636581421
2012-04-24,106.88065338134766,3.226525068283081,3.080214023590088
2012-04-25,108.34406280517578,3.317362070083618,3.2076563835144043
2012-04-26,109.09906005859375,3.3610353469848633,3.2711822986602783
2012-04-27,109.27812194824219,3.3744277954101562,3.2860844135284424
2012-04-30,108.87335205078125,3.343566656112671,3.245694398880005
2012-05-01,109.5505599975586,3.3854923248291016,3.306868076324463
2012-05-02,109.2236557006836,3.36685848236084,3.2809855937957764
2012-05-03,108.39073944091797,3.3161978721618652,3.2088329792022705
2012-05-04,106.63936614990234,3.2090556621551514,3.050804376602173
2012-05-07,106.71722412109375,3.2113845348358154,3.055117130279541
2012-05-08,106.28911590576172,3.187509536743164,3.018648147583008
2012-05-09,105.65857696533203,3.1473307609558105,2.962573528289795
2012-05-10,105.87660217285156,3.1589772701263428,2.9817874431610107
2012-05-11,105.55742645263672,3.142090320587158,2.954338788986206
2012-05-14,104.38983154296875,3.0727970600128174,2.857481002807617
2012-05-15,103.79046630859375,3.0396060943603516,2.809248447418213
2012-05-16,103.39348602294922,3.015148878097534,2.7767016887664795
2012-05-17,101.86006164550781,2.9237282276153564,2.6476895809173584
2012-05-18,100.98829650878906,2.8719029426574707,2.5822038650512695
2012-05-21,102.72403717041016,2.971475839614868,2.717489004135132
2012-05-22,102.90310668945312,2.98195743560791,2.7206268310546875
2012-05-23,102.95757293701172,2.9877822399139404,2.731998920440674
2012-05-24,103.16000366210938,2.9994263648986816,2.7508206367492676
2012-05-25,102.82524871826172,2.977299213409424,2.726116895675659
2012-05-29,104.0707015991211,3.0506703853607178,2.82218861579895
2012-05-30,102.56061553955078,2.9609954357147217,2.697882890701294
2012-05-31,102.33488464355469,2.9633233547210693,2.682589054107666
2012-06-01,99.75843811035156,2.7991151809692383,2.479071617126465
2012-06-04,99.71170806884766,2.7991151809692383,2.4782867431640625
2012-06-05,100.46675872802734,2.8358023166656494,2.5261285305023193
2012-06-06,102.72403717041016,2.967400312423706,2.7049410343170166
2012-06-07,102.78636169433594,2.967400312423706,2.703765392303467
2012-06-08,103.60369110107422,3.0174784660339355,2.769644260406494
2012-06-11,102.28819274902344,2.94236159324646,2.6669046878814697
2012-06-12,103.46356201171875,3.0093255043029785,2.761409282684326
2012-06-13,102.80194091796875,2.9691474437713623,2.7041563987731934
2012-06-14,103.89163208007812,3.0308706760406494,2.791210412979126
2012-06-15,104.95419311523438,3.092012405395508,2.871206521987915
2012-06-18,105.15760040283203,3.104823112487793,2.8888514041900635
2012-06-19,106.17475891113281,3.1677122116088867,2.974728584289551
2012-06-20,106.00263977050781,3.15710186958313,2.959273338317871
2012-06-21,103.62405395507812,3.014286518096924,2.761178493499756
2012-06-22,104.42211151123047,3.0556740760803223,2.824333667755127
2012-06-25,102.74777221679688,2.961240291595459,2.6862545013427734
2012-06-26,103.2641830444336,2.9909703731536865,2.7297961711883545
2012-06-27,104.19523620605469,3.044598340988159,2.8051114082336426
2012-06-28,103.89791870117188,3.0282769203186035,2.7788302898406982
2012-06-29,106.48777770996094,3.1786704063415527,2.990262031555176
2012-07-02,106.80851745605469,3.1973235607147217,3.011837959289551
2012-07-03,107.51268005371094,3.2410428524017334,3.0726394653320312
2012-07-05,107.02761840820312,3.2113149166107178,3.029489278793335
2012-07-06,106.01045227050781,3.1483585834503174,2.9435832500457764
2012-07-09,105.8774185180664,3.1390318870544434,2.934560775756836
2012-07-10,104.95419311523438,3.0894832611083984,2.856891632080078
2012-07-11,104.9698257446289,3.088899850845337,2.855715274810791
2012-07-12,104.46129608154297,3.060338020324707,2.8188414573669434
2012-07-13,106.2138671875,3.1541879177093506,2.957704782485962
2012-07-16,105.96353149414062,3.1448609828948975,2.9329922199249268
2012-07-17,106.69116973876953,3.1868317127227783,2.9961464405059814
2012-07-18,107.48141479492188,3.232881784439087,3.064401865005493
2012-07-19,107.7630844116211,3.249203681945801,3.085191488265991
2012-07-20,106.77722930908203,3.1914942264556885,3.001638174057007
2012-07-23,105.697509765625,3.1291229724884033,2.9098474979400635
2012-07-24,104.78986358642578,3.0795743465423584,2.8384547233581543
2012-07-25,104.81330108642578,3.0731616020202637,2.836101531982422
2012-07-26,106.54249572753906,3.1705098152160645,2.9753572940826416
2012-07-27,108.50639343261719,3.294088840484619,3.145601272583008
2012-07-30,108.50639343261719,3.2911741733551025,3.1385397911071777
2012-07-31,107.7474594116211,3.2591135501861572,3.095390796661377
2012-08-01,107.65360260009766,3.241626262664795,3.071854829788208
2012-08-02,106.9102554321289,3.1979072093963623,3.003600835800171
2012-08-03,109.03059387207031,3.3214852809906006,3.1816890239715576
2012-08-06,109.24186706542969,3.3331451416015625,3.197380542755127
2012-08-07,109.78962707519531,3.3652052879333496,3.245629072189331
2012-08-08,109.92256927490234,3.3756988048553467,3.259751796722412
2012-08-09,110.01647186279297,3.3832757472991943,3.268772840499878
2012-08-10,110.19642639160156,3.393185615539551,3.283287525177002
2012-08-13,110.14167785644531,3.393185615539551,3.2789723873138428
2012-08-14,110.15729522705078,3.3902711868286133,3.2813267707824707
2012-08-15,110.28245544433594,3.393767833709717,3.2899553775787354
2012-08-16,111.09619140625,3.4468142986297607,3.3609564304351807
2012-08-17,111.2448501586914,3.4578897953033447,3.377432107925415
2012-08-20,111.252685546875,3.4578897953033447,3.378608465194702
2012-08-21,110.91619873046875,3.4351561069488525,3.3476195335388184
2012-08-22,110.96320343017578,3.4369049072265625,3.3476195335388184
2012-08-23,110.05559539794922,3.382692813873291,3.2695581912994385
2012-08-24,110.72066497802734,3.4234979152679443,3.329576015472412
2012-08-27,110.74408721923828,3.4234979152679443,3.329576015472412
2012-08-28,110.63455963134766,3.419417142868042,3.319376230239868
2012-08-29,110.72066497802734,3.4217491149902344,3.326045513153076
2012-08-30,109.92256927490234,3.3739490509033203,3.2542598247528076
2012-08-31,110.4468002319336,3.4095070362091064,3.2974092960357666
2012-09-04,110.3450698852539,3.3867735862731934,3.2817177772521973
2012-09-05,110.25117492675781,3.3908538818359375,3.28289532661438
2012-09-06,112.48890686035156,3.529006004333496,3.4802069664001465
2012-09-07,112.92708587646484,3.559901237487793,3.526493549346924
2012-09-10,112.28548431396484,3.517930507659912,3.4653000831604004
2012-09-11,112.59845733642578,3.536583423614502,3.4919755458831787
2012-09-12,112.97406005859375,3.559901237487793,3.5253164768218994
2012-09-13,114.69534301757812,3.6724045276641846,3.694777011871338
2012-09-14,115.20391845703125,3.699802875518799,3.7402799129486084
2012-09-17,114.8127212524414,3.6782338619232178,3.706937074661255
2012-09-18,114.71881866455078,3.6741533279418945,3.6935997009277344
2012-09-19,114.78141021728516,3.6741533279418945,3.699484348297119
2012-09-20,114.78923797607422,3.6759026050567627,3.6990926265716553
2012-09-21,114.74127197265625,3.6700727939605713,3.69124698638916
2012-09-24,114.56820678710938,3.6578311920166016,3.675163984298706
2012-09-25,113.34893798828125,3.589968681335449,3.5621907711029053
2012-09-26,112.71185302734375,3.5432469844818115,3.498642683029175
2012-09-27,113.77378845214844,3.6109941005706787,3.6014177799224854
2012-09-28,113.24674224853516,3.575368881225586,3.5453219413757324
2012-10-01,113.54566955566406,3.595224380493164,3.568859338760376
2012-10-02,113.66361999511719,3.601065158843994,3.58454966545105
2012-10-03,114.12763977050781,3.6302661895751953,3.6280910968780518
2012-10-04,114.94580841064453,3.687500476837158,3.709683418273926
2012-10-05,114.95364379882812,3.682828187942505,3.7053682804107666
2012-10-08,114.56034851074219,3.6571314334869385,3.6657485961914062
2012-10-09,113.42762756347656,3.587632656097412,3.560230255126953
2012-10-10,112.70398712158203,3.542078971862793,3.4966819286346436
2012-10-11,112.76689147949219,3.5432469844818115,3.500211715698242
2012-10-12,112.3971939086914,3.5204708576202393,3.4574549198150635
2012-10-15,113.33325958251953,3.575368881225586,3.551206588745117
2012-10-16,114.481689453125,3.6483702659606934,3.6567270755767822
2012-10-17,115.0008544921875,3.684579610824585,3.7053682804107666
2012-10-18,114.70195770263672,3.6670596599578857,3.67830228805542
2012-10-19,112.79053497314453,3.5409116744995117,3.4860904216766357
2012-10-22,112.80622863769531,3.5426628589630127,3.4935429096221924
2012-10-23,111.24088287353516,3.4439642429351807,3.3507580757141113
2012-10-24,110.9262466430664,3.426443099975586,3.3217296600341797
2012-10-25,111.24878692626953,3.442211389541626,3.349581241607666
2012-10-26,111.18588256835938,3.438123941421509,3.342912197113037
2012-10-31,111.18588256835938,3.427027702331543,3.333890199661255
2012-11-01,112.35001373291016,3.5117111206054688,3.44804048538208
2012-11-02,111.35099792480469,3.4474680423736572,3.35036563873291
2012-11-05,111.57917022705078,3.462068796157837,3.375077724456787
2012-11-06,112.45225524902344,3.5134620666503906,3.44960880279541
2012-11-07,109.90371704101562,3.3586976528167725,3.219348192214966
2012-11-08,108.58216857910156,3.2734298706054688,3.098529100418091
2012-11-09,108.67658233642578,3.2798547744750977,3.1048054695129395
2012-11-12,108.76312255859375,3.2851109504699707,3.1165738105773926
2012-11-13,108.3855209350586,3.26466965675354,3.087937355041504
2012-11-14,106.92247009277344,3.1758995056152344,2.962019443511963
2012-11-15,106.74153137207031,3.1636340618133545,2.9447598457336426
2012-11-16,107.2685317993164,3.191667318344116,2.9871249198913574
2012-11-19,109.43959045410156,3.321319818496704,3.1640381813049316
2012-11-20,109.48677062988281,3.329496145248413,3.178551435470581
2012-11-21,109.69129180908203,3.3411760330200195,3.1954195499420166
2012-11-23,111.18588256835938,3.4299476146698,3.320552349090576
2012-11-26,110.94988250732422,3.4200186729431152,3.3013322353363037
2012-11-27,110.3835220336914,3.3873143196105957,3.2550442218780518
2012-11-28,111.27239990234375,3.4322829246520996,3.3272218704223633
2012-11-29,111.79151916503906,3.4690768718719482,3.3782155513763428
2012-11-30,111.81510162353516,3.459148406982422,3.3676247596740723
2012-12-03,111.26446533203125,3.4322829246520996,3.3236911296844482
2012-12-04,111.10717010498047,3.4223544597625732,3.307215690612793
2012-12-05,111.3038101196289,3.436954975128174,3.3248679637908936
2012-12-06,111.68141174316406,3.455643653869629,3.361740827560425
2012-12-07,112.0196304321289,3.4813406467437744,3.391160488128662
2012-12-10,112.06683349609375,3.4836769104003906,3.400968074798584
2012-12-11,112.82984924316406,3.5298147201538086,3.4668684005737305
2012-12-12,112.88488006591797,3.533318519592285,3.474714517593384
2012-12-13,112.19269561767578,3.4947738647460938,3.4143056869506836
2012-12-14,111.77579498291016,3.4655730724334717,3.36801815032959
2012-12-17,113.08939361572266,3.5450000762939453,3.486875057220459
2012-12-18,114.34800720214844,3.6267619132995605,3.608870506286621
2012-12-19,113.49840545654297,3.570113182067871,3.5331623554229736
2012-12-20,114.15132141113281,3.612746238708496,3.5865113735198975
2012-12-21,113.11515045166016,3.5461671352386475,3.4927589893341064
2012-12-24,112.76658630371094,3.5239741802215576,3.4464704990386963
2012-12-26,112.29126739501953,3.491325855255127,3.4082953929901123
2012-12-27,112.1407470703125,3.4883999824523926,3.4000563621520996
2012-12-28,110.92872619628906,3.411165714263916,3.282745361328125
2012-12-31,112.81412506103516,3.5311129093170166,3.4624390602111816
2013-01-02,115.70556640625,3.703134536743164,3.719818115234375
2013-01-03,115.44410705566406,3.684995651245117,3.689605712890625
2013-01-04,115.95113372802734,3.7171764373779297,3.744926929473877
2013-01-07,115.63430786132812,3.6996233463287354,3.717463493347168
2013-01-08,115.30152130126953,3.677388906478882,3.67665958404541
2013-01-09,115.59469604492188,3.697868824005127,3.70961594581604
2013-01-10,116.5135498046875,3.7522828578948975,3.790046215057373
2013-01-11,116.50566864013672,3.755208730697632,3.7982869148254395
2013-01-14,116.42643737792969,3.746431350708008,3.7814149856567383
2013-01-15,116.50566864013672,3.7528676986694336,3.790046215057373
2013-01-16,116.48985290527344,3.7516980171203613,3.7896547317504883
2013-01-17,117.24238586425781,3.799091339111328,3.8590986728668213
2013-01-18,117.50379943847656,3.8178155422210693,3.892841339111328
2013-01-22,118.1375503540039,3.8576016426086426,3.9477689266204834
2013-01-23,118.32768249511719,3.8687186241149902,3.9658167362213135
2013-01-24,118.35932922363281,3.8716444969177246,3.9720938205718994
2013-01-25,119.02482604980469,3.917282819747925,4.039577484130859
2013-01-28,118.88223266601562,3.909675121307373,4.024670124053955
2013-01-29,119.34963989257812,3.937760591506958,4.071750164031982
2013-01-30,118.88223266601562,3.907921552658081,4.0281982421875
2013-01-31,118.58910369873047,3.8938791751861572,3.995243549346924
2013-02-01,119.80903625488281,3.964090585708618,4.1172614097595215
2013-02-04,118.46236419677734,3.8786654472351074,3.979940891265869
2013-02-05,119.65851593017578,3.9570698738098145,4.099606037139893
2013-02-06,119.74571228027344,3.9617509841918945,4.107844352722168
2013-02-07,119.58726501464844,3.953557252883911,4.09568452835083
2013-02-08,120.25270080566406,3.9933462142944336,4.16081428527832
2013-02-11,120.22894287109375,3.9927613735198975,4.154926300048828
2013-02-12,120.42699432373047,4.005632400512695,4.175328731536865
2013-02-13,120.52993774414062,4.013238430023193,4.189845561981201
2013-02-14,120.64083099365234,4.022016525268555,4.202793598175049
2013-02-15,120.498291015625,4.012654781341553,4.189452648162842
2013-02-19,121.40135192871094,4.068826675415039,4.272629261016846
2013-02-20,119.88825225830078,3.966431140899658,4.114516735076904
2013-02-21,119.15945434570312,3.9207937717437744,4.0427165031433105
2013-02-22,120.32398986816406,3.9951019287109375,4.16081428527832
2013-02-25,118.0345687866211,3.8482394218444824,3.925797939300537
2013-02-26,118.84263610839844,3.896805763244629,4.005837440490723
2013-02-27,120.33978271484375,3.9945156574249268,4.1541428565979
2013-02-28,120.10218048095703,3.978134870529175,4.137663841247559
2013-03-01,120.498291015625,4.003878593444824,4.176506042480469
2013-03-04,121.13988494873047,4.045419692993164,4.2314348220825195
2013-03-05,122.22520446777344,4.119142532348633,4.349136829376221
2013-03-06,122.3915786743164,4.132600784301758,4.371502876281738
2013-03-07,122.61334228515625,4.150155067443848,4.395827293395996
2013-03-08,123.13623046875,4.1846747398376465,4.451148509979248
2013-03-11,123.6035385131836,4.213930606842041,4.498229503631592
2013-03-12,123.3263168334961,4.19462251663208,4.466446876525879
2013-03-13,123.5005874633789,4.20398473739624,4.484103202819824
2013-03-14,124.15811920166016,4.249038219451904,4.5574727058410645
2013-03-15,123.99420166015625,4.237921237945557,4.539816856384277
2013-03-18,123.30990600585938,4.193451404571533,4.461348056793213
2013-03-19,123.0234146118164,4.172387599945068,4.432315826416016
2013-03-20,123.88279724121094,4.226360321044922,4.5239386558532715
2013-03-21,122.82453155517578,4.1584577560424805,4.4089674949646
2013-03-22,123.81116485595703,4.221092224121094,4.510990142822266
2013-03-25,123.29396057128906,4.19240665435791,4.4662556648254395
2013-03-26,124.28059387207031,4.256213188171387,4.569456577301025
2013-03-27,124.28059387207031,4.252117156982422,4.563570499420166
2013-03-28,124.6625747680664,4.2720184326171875,4.594177722930908
2013-04-01,124.16921997070312,4.245676517486572,4.550229072570801
2013-04-02,124.78196716308594,4.288991928100586,4.614190101623535
2013-04-03,123.51678466796875,4.2011895179748535,4.472927570343018
2013-04-04,124.01807403564453,4.235725402832031,4.533357620239258
2013-04-05,123.46111297607422,4.197091102600098,4.468611240386963
2013-04-08,124.29658508300781,4.255043983459473,4.551799774169922
2013-04-09,124.72622680664062,4.281970500946045,4.611051082611084
2013-04-10,126.25397491455078,4.390263557434082,4.7833147048950195
2013-04-11,126.66771697998047,4.4177751541137695,4.828830718994141
2013-04-12,126.35741424560547,4.3949456214904785,4.789984703063965
2013-04-15,123.42925262451172,4.192994594573975,4.463901519775391
2013-04-16,125.25141906738281,4.312408924102783,4.649114608764648
2013-04-17,123.42130279541016,4.185969352722168,4.447812557220459
2013-04-18,122.6494140625,4.132701396942139,4.3658037185668945
2013-04-19,123.7157211303711,4.200603485107422,4.478030204772949
2013-04-22,124.26470184326172,4.245676517486572,4.543558120727539
2013-04-23,125.54579162597656,4.332311153411865,4.680112361907959
2013-04-24,125.62537384033203,4.343432426452637,4.689138889312744
2013-04-25,126.13460540771484,4.373873233795166,4.747603893280029
2013-04-26,125.9118881225586,4.357482433319092,4.717390537261963
2013-04-29,126.75528717041016,4.412505149841309,4.812742233276367
2013-04-30,127.0576171875,4.4370927810668945,4.844526767730713
2013-05-01,125.94364929199219,4.356897354125977,4.715427875518799
2013-05-02,127.11331176757812,4.435336112976074,4.850021839141846
2013-05-03,128.40245056152344,4.521970748901367,4.996385097503662
2013-05-06,128.7286834716797,4.552995681762695,5.037193298339844
2013-05-07,129.38108825683594,4.596898078918457,5.110964298248291
2013-05-08,129.96994018554688,4.639045238494873,5.182380676269531
2013-05-09,129.6038818359375,4.616214752197266,5.141571521759033
2013-05-10,130.025634765625,4.644898891448975,5.19022798538208
2013-05-13,130.12908935546875,4.65075159072876,5.1988630294799805
2013-05-14,131.47377014160156,4.748508453369141,5.362881183624268
2013-05-15,132.1819610595703,4.7982659339904785,5.445284366607666
2013-05-16,131.5613250732422,4.753190517425537,5.367984294891357
2013-05-17,132.83450317382812,4.8462653160095215,5.528474807739258
2013-05-20,132.8264617919922,4.843338489532471,5.526904582977295
2013-05-21,133.01748657226562,4.860313415527344,5.548879146575928
2013-05-22,132.0308380126953,4.777190685272217,5.4205641746521
2013-05-23,131.64889526367188,4.760217666625977,5.377400875091553
2013-05-24,131.53744506835938,4.74733829498291,5.358173370361328
2013-05-28,132.32522583007812,4.800020694732666,5.45784330368042
2013-05-29,131.46583557128906,4.743825435638428,5.38642692565918
2013-05-30,131.95123291015625,4.776605606079102,5.411147594451904
2013-05-31,130.05746459960938,4.639045238494873,5.174139976501465
2013-06-03,130.77352905273438,4.68821382522583,5.257328987121582
2013-06-04,130.1449432373047,4.647825241088867,5.187873840332031
2013-06-05,128.3227996826172,4.513775825500488,4.955968379974365
2013-06-06,129.48452758789062,4.593387126922607,5.096839427947998
2013-06-07,131.13165283203125,4.707530975341797,5.2930378913879395
2013-06-10,131.13165283203125,4.707530975341797,5.293428421020508
2013-06-11,129.77899169921875,4.615043640136719,5.135686874389648
2013-06-12,128.7047576904297,4.540702819824219,5.001485347747803
2013-06-13,130.66221618652344,4.675337314605713,5.232999801635742
2013-06-14,129.84259033203125,4.616214752197266,5.1349005699157715
2013-06-17,130.84523010253906,4.687044620513916,5.253403663635254
2013-06-18,131.87960815429688,4.757288932800293,5.373477458953857
2013-06-19,130.05746459960938,4.629677772521973,5.156874656677246
2013-06-20,126.83485412597656,4.400798320770264,4.768404483795166
2013-06-21,127.24201965332031,4.424799919128418,4.807642459869385
2013-06-24,125.63418579101562,4.31533670425415,4.627139091491699
2013-06-25,126.84202575683594,4.398458480834961,4.766047954559326
2013-06-26,128.09793090820312,4.481815338134766,4.900694847106934
2013-06-27,128.84982299804688,4.533951282501221,4.994122505187988
2013-06-28,128.32180786132812,4.494701862335205,4.903834819793701
2013-07-01,129.07386779785156,4.545078277587891,5.015320777893066
2013-07-02,128.95379638671875,4.533951282501221,4.995692253112793
2013-07-03,129.0098419189453,4.54449462890625,5.011396884918213
2013-07-05,130.40159606933594,4.644076824188232,5.167634963989258
2013-07-08,131.14556884765625,4.695040225982666,5.254781246185303
2013-07-09,132.08946228027344,4.764162063598633,5.36077356338501
2013-07-10,132.13748168945312,4.766504764556885,5.37176513671875
2013-07-11,133.93731689453125,4.897134780883789,5.598662853240967
2013-07-12,133.9932861328125,4.895962715148926,5.600233554840088
2013-07-15,134.50523376464844,4.942240238189697,5.6732497215271
2013-07-16,134.0012664794922,4.9006500244140625,5.604158401489258
2013-07-17,134.34518432617188,4.927011013031006,5.642629623413086
2013-07-18,135.0811767578125,4.979729652404785,5.7344889640808105
2013-07-19,135.32115173339844,5.000818252563477,5.772173881530762
2013-07-22,135.58506774902344,5.01839017868042,5.802007675170898
2013-07-23,135.29713439941406,4.997303485870361,5.767462253570557
2013-07-24,134.8011932373047,4.959813594818115,5.703869819641113
2013-07-25,135.12913513183594,4.979143142700195,5.739200592041016
2013-07-26,135.27310180664062,4.989687442779541,5.758041858673096
2013-07-29,134.85711669921875,4.9609856605529785,5.7007269859313965
2013-07-30,134.85711669921875,4.962156772613525,5.707793712615967
2013-07-31,134.9531707763672,4.962742328643799,5.708578586578369
2013-08-01,136.5129852294922,5.082241058349609,5.911139965057373
2013-08-02,136.74497985839844,5.100401401519775,5.9417595863342285
2013-08-05,136.54498291015625,5.0863423347473145,5.918990135192871
2013-08-06,135.76905822753906,5.031864643096924,5.822418689727783
2013-08-07,135.32911682128906,4.997303485870361,5.759611129760742
2013-08-08,135.8249969482422,5.024835586547852,5.822418689727783
2013-08-09,135.43310546875,4.998475551605225,5.772173881530762
2013-08-12,135.27310180664062,4.987931251525879,5.746264934539795
2013-08-13,135.673095703125,5.0195631980896,5.8075056076049805
2013-08-14,134.97718811035156,4.970357894897461,5.714076042175293
2013-08-15,133.08934020996094,4.82274055480957,5.465193748474121
2013-08-16,132.64944458007812,4.7969651222229,5.4196577072143555
2013-08-19,131.80154418945312,4.7348737716674805,5.317590713500977
2013-08-20,132.44940185546875,4.778219699859619,5.392176628112793
2013-08-21,131.63351440429688,4.71964168548584,5.292468547821045
2013-08-22,132.8334197998047,4.803994655609131,5.429079055786133
2013-08-23,133.28135681152344,4.835628032684326,5.487176895141602
2013-08-26,132.78543090820312,4.802822589874268,5.435360431671143
2013-08-27,130.6496124267578,4.645249366760254,5.1605682373046875
2013-08-28,131.11363220214844,4.676880836486816,5.215527057647705
2013-08-29,131.32154846191406,4.692696571350098,5.246145725250244
2013-08-30,130.9055938720703,4.661065578460693,5.182551383972168
2013-09-03,131.49754333496094,4.702653408050537,5.261064052581787
2013-09-04,132.58538818359375,4.782907009124756,5.393747806549072
2013-09-05,132.7533721923828,4.788763046264648,5.402383804321289
2013-09-06,132.81741333007812,4.795795440673828,5.4165167808532715
2013-09-09,134.0892791748047,4.893033027648926,5.579036235809326
2013-09-10,135.0811767578125,4.963326930999756,5.699943542480469
2013-09-11,135.50511169433594,4.992618560791016,5.753330707550049
2013-09-12,135.14512634277344,4.97152853012085,5.714861869812012
2013-09-13,135.4490966796875,4.987931251525879,5.744693756103516
2013-09-16,136.2330780029297,5.049437046051025,5.849899768829346
2013-09-17,136.84097290039062,5.093371391296387,5.919774055480957
2013-09-18,138.42478942871094,5.210526943206787,6.1286163330078125
2013-09-19,138.1927947998047,5.194711208343506,6.107418060302734
2013-09-20,137.22665405273438,5.116217136383057,5.966096878051758
2013-09-23,136.59161376953125,5.075212001800537,5.887585639953613
2013-09-24,136.27012634277344,5.04826545715332,5.84911584854126
2013-09-25,135.87623596191406,5.023990154266357,5.795464038848877
2013-09-26,136.3987579345703,5.0556511878967285,5.86066198348999
2013-09-27,135.771728515625,5.013434886932373,5.7821125984191895
2013-09-30,135.0482940673828,4.963007926940918,5.679994106292725
2013-10-01,136.11737060546875,5.036890983581543,5.82374382019043
2013-10-02,135.98873901367188,5.020472526550293,5.800178527832031
2013-10-03,134.7347869873047,4.937207221984863,5.64778995513916
2013-10-04,135.75563049316406,5.0052266120910645,5.768757343292236
2013-10-07,134.5821075439453,4.922549724578857,5.625010967254639
2013-10-08,133.0146484375,4.807620525360107,5.423134803771973
2013-10-09,133.11109924316406,4.808207988739014,5.427061557769775
2013-10-10,135.98074340820312,5.015782833099365,5.779755115509033
2013-10-11,136.8568572998047,5.083214282989502,5.896793842315674
2013-10-14,137.4034881591797,5.126018047332764,5.973774433135986
2013-10-15,136.40675354003906,5.05213737487793,5.836311340332031
2013-10-16,138.31179809570312,5.190517902374268,6.081389904022217
2013-10-17,139.23617553710938,5.260295867919922,6.205498218536377
2013-10-18,140.17654418945312,5.33007287979126,6.315470218658447
2013-10-21,140.18466186523438,5.330660820007324,6.331181049346924
2013-10-22,140.9965362548828,5.390470027923584,6.434866428375244
2013-10-23,140.32131958007812,5.342976093292236,6.350032329559326
2013-10-24,140.7875213623047,5.380503177642822,6.408159255981445
2013-10-25,141.43055725097656,5.422719955444336,6.491424083709717
2013-10-28,141.65567016601562,5.443828582763672,6.518916130065918
2013-10-29,142.4111785888672,5.503050327301025,6.636741638183594
2013-10-30,141.70387268066406,5.446174621582031,6.529911518096924
2013-10-31,141.3019256591797,5.413337230682373,6.461574077606201
2013-11-01,141.6396026611328,5.434447765350342,6.5142035484313965
2013-11-04,142.13790893554688,5.476666450500488,6.586468696594238
2013-11-05,141.687744140625,5.445587635040283,6.523629665374756
2013-11-06,142.4111785888672,5.497188568115234,6.616319179534912
2013-11-07,140.61070251464844,5.357047080993652,6.366528034210205
2013-11-08,142.5076904296875,5.4995317459106445,6.621030807495117
2013-11-11,142.53176879882812,5.503050327301025,6.621818542480469
2013-11-12,142.24246215820312,5.480185508728027,6.594323635101318
2013-11-13,143.3838653564453,5.569311618804932,6.7396440505981445
2013-11-14,144.09921264648438,5.627363681793213,6.848042011260986
2013-11-15,144.7262420654297,5.674269199371338,6.9375901222229
2013-11-18,144.21978759765625,5.636158466339111,6.873965263366699
2013-11-19,143.90625,5.608012676239014,6.8221211433410645
2013-11-20,143.4562530517578,5.576935291290283,6.761636257171631
2013-11-21,144.61366271972656,5.664888381958008,6.916382789611816
2013-11-22,145.3370819091797,5.717075824737549,7.0145697593688965
2013-11-25,145.1923828125,5.715317249298096,7.011427402496338
2013-11-26,145.2325897216797,5.711802005767822,7.000432014465332
2013-11-27,145.5863037109375,5.734668254852295,7.050702095031738
2013-11-29,145.48983764648438,5.7258710861206055,7.0349931716918945
2013-12-02,145.11204528808594,5.70417594909668,6.984720230102539
2013-12-03,144.48501586914062,5.658439636230469,6.905385494232178
2013-12-04,144.4689483642578,5.6467108726501465,6.882606029510498
2013-12-05,143.83396911621094,5.600390911102295,6.804840087890625
2013-12-06,145.4416046142578,5.7264580726623535,7.021639823913574
2013-12-09,145.81129455566406,5.7510857582092285,7.074270725250244
2013-12-10,145.288818359375,5.71004056930542,7.005930423736572
2013-12-11,143.65711975097656,5.581625938415527,6.761636257171631
2013-12-12,143.18292236328125,5.5482025146484375,6.703511714935303
2013-12-13,143.1667938232422,5.543510913848877,6.687016487121582
2013-12-16,144.0590362548828,5.613290786743164,6.814266681671143
2013-12-17,143.600830078125,5.571071147918701,6.746711730957031
2013-12-18,146.05247497558594,5.759881019592285,7.097049236297607
2013-12-19,145.8835906982422,5.758121490478516,7.080552577972412
2013-12-20,146.73220825195312,5.816172122955322,7.198378562927246
2013-12-23,147.5162353515625,5.881259441375732,7.3075642585754395
2013-12-24,147.8394775390625,5.908492565155029,7.362549781799316
2013-12-26,148.5909881591797,5.968358039855957,7.4733052253723145
2013-12-27,148.58299255371094,5.967769622802734,7.468592166900635
2013-12-30,148.5587158203125,5.96190071105957,7.46152400970459
2013-12-31,149.2618865966797,6.019417762756348,7.565210342407227
2014-01-02,147.8313751220703,5.903796672821045,7.349195957183838
2014-01-03,147.80714416503906,5.896166801452637,7.336627960205078
2014-01-06,147.3788299560547,5.869167327880859,7.287925720214844
2014-01-07,148.28390502929688,5.936663627624512,7.414392948150635
2014-01-08,148.31631469726562,5.939011096954346,7.422248363494873
2014-01-09,148.41326904296875,5.948400497436523,7.427746772766113
2014-01-10,148.8173370361328,5.9742255210876465,7.491372585296631
2014-01-13,146.83734130859375,5.820456027984619,7.199949264526367
2014-01-14,148.43748474121094,5.94370698928833,7.424605369567871
2014-01-15,149.23764038085938,6.012375831604004,7.547928333282471
2014-01-16,149.0436553955078,5.992420196533203,7.516509056091309
2014-01-17,148.41326904296875,5.9419450759887695,7.419106483459473
2014-01-21,148.8496551513672,5.974814414978027,7.484302997589111
2014-01-22,148.94664001464844,5.986550331115723,7.500799179077148
2014-01-23,147.72634887695312,5.889709949493408,7.320917129516602
2014-01-24,144.5744171142578,5.636163234710693,6.840972423553467
2014-01-27,143.86322021484375,5.576297760009766,6.743570804595947
2014-01-28,144.71995544433594,5.643792629241943,6.862183094024658
2014-01-29,143.32989501953125,5.535799980163574,6.657166957855225
2014-01-30,144.8492431640625,5.654356479644775,6.882606029510498
2014-01-31,144.0006103515625,5.583927631378174,6.754567623138428
2014-02-03,140.7598114013672,5.328030586242676,6.297403335571289
2014-02-04,141.74581909179688,5.406091213226318,6.424655437469482
2014-02-05,141.5680389404297,5.393765449523926,6.4026618003845215
2014-02-06,143.43487548828125,5.531102180480957,6.650094985961914
2014-02-07,145.212890625,5.674310684204102,6.9124531745910645
2014-02-10,145.47959899902344,5.691330909729004,6.943874835968018
2014-02-11,147.07171630859375,5.816346168518066,7.1677446365356445
2014-02-12,147.14447021484375,5.8251495361328125,7.187381744384766
2014-02-13,147.90408325195312,5.883253574371338,7.296567916870117
2014-02-14,148.72035217285156,5.94722843170166,7.407323837280273
2014-02-18,148.89820861816406,5.964249610900879,7.440314769744873
2014-02-19,147.91224670410156,5.885603904724121,7.287141799926758
2014-02-20,148.78504943847656,5.947815418243408,7.408108234405518
2014-02-21,148.6152801513672,5.937836647033691,7.397897243499756
2014-02-24,149.43966674804688,5.997115135192871,7.50786828994751
2014-02-25,149.383056640625,5.998289585113525,7.5031538009643555
2014-02-26,149.39112854003906,5.9965291023254395,7.503939628601074
2014-02-27,150.17510986328125,6.061676025390625,7.6280517578125
2014-02-28,150.55490112304688,6.08984899520874,7.676751136779785
2014-03-03,149.49623107910156,6.005919933319092,7.5172953605651855
2014-03-04,151.59750366210938,6.180234432220459,7.836212635040283
2014-03-05,151.7349395751953,6.179059982299805,7.841710090637207
2014-03-06,152.0823974609375,6.214863300323486,7.913975238800049
2014-03-07,152.14706420898438,6.216622352600098,7.913189888000488
2014-03-10,152.06622314453125,6.215449333190918,7.9069061279296875
2014-03-11,151.3146209716797,6.1514739990234375,7.789079666137695
2014-03-12,151.35498046875,6.154409408569336,7.794580459594727
2014-03-13,149.65785217285156,6.015897274017334,7.535361289978027
2014-03-14,149.23764038085938,5.980681896209717,7.466236114501953
2014-03-17,150.58726501464844,6.085153579711914,7.662611961364746
2014-03-18,151.66212463378906,6.17495059967041,7.833070278167725
2014-03-19,150.85397338867188,6.115086078643799,7.716026306152344
2014-03-20,151.7349395751953,6.176712512969971,7.837780475616455
2014-03-21,151.14634704589844,6.130932807922363,7.750589847564697
2014-03-24,150.5213165283203,6.081632137298584,7.650043487548828
2014-03-25,151.2356719970703,6.139737129211426,7.763156414031982
2014-03-26,150.14793395996094,6.048738479614258,7.589561462402344
2014-03-27,149.83135986328125,6.028778076171875,7.544788837432861
2014-03-28,150.5699920654297,6.079266548156738,7.650829792022705
2014-03-31,151.8038330078125,6.18259334564209,7.841710090637207
2014-04-01,152.8104705810547,6.261850833892822,7.998808860778809
2014-04-02,153.32183837890625,6.304708003997803,8.081287384033203
2014-04-03,153.11886596679688,6.2906174659729,8.042015075683594
2014-04-04,151.30868530273438,6.142085075378418,7.76237154006958
2014-04-07,149.63648986816406,6.00529670715332,7.496086597442627
2014-04-08,150.25343322753906,6.05167293548584,7.595846652984619
2014-04-09,151.8687744140625,6.1831817626953125,7.840136528015137
2014-04-10,148.67868041992188,5.920754432678223,7.342911720275879
2014-04-11,147.3392791748047,5.815665245056152,7.143393039703369
2014-04-14,148.50006103515625,5.9060773849487305,7.309919357299805
2014-04-15,149.52285766601562,5.9906182289123535,7.460738182067871
2014-04-16,151.0895538330078,6.108622074127197,7.695605754852295
2014-04-17,151.3005828857422,6.126821517944336,7.725454807281494
2014-04-21,151.8282012939453,6.1737871170043945,7.813432216644287
2014-04-22,152.5181884765625,6.224277019500732,7.91083288192749
2014-04-23,152.16099548339844,6.201967716217041,7.862131595611572
2014-04-24,152.46946716308594,6.221928596496582,7.9092583656311035
2014-04-25,151.21937561035156,6.1232991218566895,7.711313247680664
2014-04-28,151.69833374023438,6.16028356552124,7.783580303192139
2014-04-29,152.404541015625,6.213709831237793,7.89276647567749
2014-04-30,152.85910034179688,6.258913993835449,7.971316814422607
2014-05-01,152.8754425048828,6.2524566650390625,7.967387676239014
2014-05-02,152.6561737060547,6.23601770401001,7.935183048248291
2014-05-05,152.94839477539062,6.260674953460693,7.976815700531006
2014-05-06,151.61712646484375,6.153239727020264,7.7686567306518555
2014-05-07,152.51010131835938,6.2225165367126465,7.906118392944336
2014-05-08,152.34768676757812,6.207836627960205,7.879414081573486
2014-05-09,152.57505798339844,6.2301483154296875,7.91711950302124
2014-05-12,154.06048583984375,6.348151206970215,8.1402006149292
2014-05-13,154.19854736328125,6.357544422149658,8.163765907287598
2014-05-14,153.46792602539062,6.300011157989502,8.04672622680664
2014-05-15,152.12046813964844,6.187878608703613,7.826784133911133
2014-05-16,152.6480712890625,6.233670711517334,7.91711950302124
2014-05-19,153.2082061767578,6.2777018547058105,8.003521919250488
2014-05-20,152.24220275878906,6.190814018249512,7.847990989685059
2014-05-21,153.52467346191406,6.297660827636719,8.043582916259766
2014-05-22,153.89816284179688,6.330538749694824,8.107998847961426
2014-05-23,154.5150909423828,6.382204055786133,8.20304012298584
2014-05-27,155.46484375,6.460872173309326,8.3577880859375
2014-05-28,155.3511962890625,6.449131011962891,8.334223747253418
2014-05-29,156.15476989746094,6.517232894897461,8.463829040527344
2014-05-30,156.4064178466797,6.534844875335693,8.499178886413574
2014-06-02,156.5850067138672,6.550696849822998,8.536881446838379
2014-06-03,156.5038604736328,6.546000003814697,8.523527145385742
2014-06-04,156.8204345703125,6.573005676269531,8.565159797668457
2014-06-05,157.84323120117188,6.655197620391846,8.742683410644531
2014-06-06,158.59814453125,6.719776630401611,8.866793632507324
2014-06-09,158.76046752929688,6.734455108642578,8.891146659851074
2014-06-10,158.7766876220703,6.736801624298096,8.897429466247559
2014-06-11,158.22476196289062,6.6898345947265625,8.807883262634277
2014-06-12,157.1045379638672,6.594727993011475,8.615434646606445
2014-06-13,157.58346557617188,6.633474349975586,8.69398307800293
2014-06-16,157.7133331298828,6.642281532287598,8.708906173706055
2014-06-17,158.1516876220703,6.677507400512695,8.778816223144531
2014-06-18,159.31243896484375,6.776136875152588,8.979121208190918
2014-06-19,159.49102783203125,6.794923305511475,9.008967399597168
2014-06-20,159.81484985351562,6.819582939147949,9.06395435333252
2014-06-23,159.76596069335938,6.817819595336914,9.052959442138672
2014-06-24,158.80352783203125,6.733279705047607,8.888789176940918
2014-06-25,159.521240234375,6.792095184326172,9.005511283874512
2014-06-26,159.40708923339844,6.781518936157227,8.992149353027344
2014-06-27,159.71697998046875,6.8085455894470215,9.042458534240723
2014-06-30,159.63543701171875,6.802669525146484,9.02830696105957
2014-07-01,160.70394897460938,6.892566680908203,9.204376220703125
2014-07-02,160.8670654296875,6.905491352081299,9.228743553161621
2014-07-03,161.65817260742188,6.978937149047852,9.367873191833496
2014-07-07,161.09536743164062,6.926642417907715,9.275120735168457
2014-07-08,160.05947875976562,6.834987163543701,9.098261833190918
2014-07-09,160.7772979736328,6.897852897644043,9.212242126464844
2014-07-10,160.1411590576172,6.843211650848389,9.101408958435059
2014-07-11,160.3613739013672,6.860250473022461,9.144640922546387
2014-07-14,161.16879272460938,6.9295806884765625,9.272761344909668
2014-07-15,160.8670654296875,6.905491352081299,9.224814414978027
2014-07-16,161.4624786376953,6.956607818603516,9.32542896270752
2014-07-17,159.62733459472656,6.796794414520264,9.005511283874512
2014-07-18,161.25856018066406,6.934282302856445,9.279838562011719
2014-07-21,160.9567413330078,6.905491352081299,9.22323989868164
2014-07-22,161.65817260742188,6.966010570526123,9.34743595123291
2014-07-23,162.01705932617188,6.998912811279297,9.410317420959473
2014-07-24,162.0252227783203,6.997147560119629,9.412673950195312
2014-07-25,161.26669311523438,6.932518482208252,9.283766746520996
2014-07-28,161.33193969726562,6.936043739318848,9.28926944732666
2014-07-29,160.63861083984375,6.876701831817627,9.171365737915039
2014-07-30,160.6631622314453,6.881402969360352,9.171365737915039
2014-07-31,157.4903106689453,6.607016086578369,8.627433776855469
2014-08-01,157.00909423828125,6.567650318145752,8.544116973876953
2014-08-04,158.14283752441406,6.659307479858398,8.728046417236328
2014-08-05,156.60939025878906,6.530045986175537,8.469443321228027
2014-08-06,156.65834045410156,6.531807899475098,8.478086471557617
2014-08-07,155.8101043701172,6.4607157707214355,8.338961601257324
2014-08-08,157.61264038085938,6.611128330230713,8.62979507446289
2014-08-11,158.06942749023438,6.647556304931641,8.712323188781738
2014-08-12,157.84921264648438,6.62993049621582,8.670666694641113
2014-08-13,158.9176788330078,6.723351001739502,8.858529090881348
2014-08-14,159.6680450439453,6.783869743347168,8.970144271850586
2014-08-15,159.63543701171875,6.782105922698975,8.96621036529541
2014-08-18,160.97305297851562,6.8949151039123535,9.187084197998047
2014-08-19,161.81312561035156,6.964835166931152,9.331714630126953
2014-08-20,162.24542236328125,7.003612995147705,9.410317420959473
2014-08-21,162.7185516357422,7.041802883148193,9.493636131286621
2014-08-22,162.4656219482422,7.020065784454346,9.444114685058594
2014-08-25,163.28944396972656,7.092920303344727,9.585598945617676
2014-08-26,163.3955535888672,7.10408353805542,9.611539840698242
2014-08-27,163.33023071289062,7.098208904266357,9.601322174072266
2014-08-28,163.24050903320312,7.087044715881348,9.58088493347168
2014-08-29,163.70542907714844,7.126997470855713,9.65870189666748
2014-09-02,163.62387084960938,7.119360446929932,9.639052391052246
2014-09-03,163.53414916992188,7.114659309387207,9.633548736572266
2014-09-04,163.297607421875,7.089395999908447,9.579316139221191
2014-09-05,164.0316619873047,7.155788421630859,9.71529769897461
2014-09-08,163.60760498046875,7.118185520172119,9.640624046325684
2014-09-09,162.5717010498047,7.030052661895752,9.459050178527832
2014-09-10,163.18338012695312,7.081169605255127,9.565949440002441
2014-09-11,163.3710174560547,7.092920303344727,9.587172508239746
2014-09-12,162.41673278808594,7.012425422668457,9.424466133117676
2014-09-15,162.29437255859375,6.999499320983887,9.401668548583984
2014-09-16,163.51780700683594,7.107608795166016,9.615473747253418
2014-09-17,163.73809814453125,7.123473644256592,9.650840759277344
2014-09-18,164.6107940673828,7.199267387390137,9.801763534545898
2014-09-19,164.4624481201172,7.185753345489502,9.786038398742676
2014-09-22,163.19232177734375,7.077056407928467,9.547085762023926
2014-09-23,162.25811767578125,6.997147560119629,9.385165214538574
2014-09-24,163.52825927734375,7.106599807739258,9.607821464538574
2014-09-25,160.8896484375,6.872064590454102,9.14142894744873
2014-09-26,162.16799926757812,6.98551082611084,9.36479377746582
2014-09-29,161.87303161621094,6.957884788513184,9.306595802307129
2014-09-30,161.44692993164062,6.917913436889648,9.230302810668945
2014-10-01,159.25900268554688,6.735691547393799,8.85908031463623
2014-10-02,159.2835693359375,6.735105037689209,8.853570938110352
2014-10-03,161.0371856689453,6.882645606994629,9.14693546295166
2014-10-06,160.84872436523438,6.865011215209961,9.113118171691895
2014-10-07,158.3657989501953,6.656927108764648,8.697057723999023
2014-10-08,161.13551330566406,6.886171817779541,9.154012680053711
2014-10-09,157.93963623046875,6.610490798950195,8.598750114440918
2014-10-10,156.13690185546875,6.462950706481934,8.306171417236328
2014-10-13,153.57200622558594,6.247811794281006,7.896408557891846
2014-10-14,153.80967712402344,6.275439739227295,7.937306880950928
2014-10-15,152.76902770996094,6.17727518081665,7.743826389312744
2014-10-16,152.6378936767578,6.167281627655029,7.739108562469482
2014-10-17,154.4406280517578,6.317760467529297,8.030113220214844
2014-10-20,155.9402618408203,6.440611839294434,8.257408142089844
2014-10-21,159.029541015625,6.69513463973999,8.745037078857422
2014-10-22,157.89869689941406,6.602259635925293,8.562572479248047
2014-10-23,159.73426818847656,6.751563549041748,8.863014221191406
2014-10-24,160.96337890625,6.849728584289551,9.050195693969727
2014-10-27,160.7421417236328,6.789183139801025,9.018735885620117
2014-10-28,162.58592224121094,6.990800857543945,9.31917953491211
2014-10-29,162.34010314941406,6.9737548828125,9.294795989990234
2014-10-30,163.38079833984375,7.062513828277588,9.474903106689453
2014-10-31,165.24911499023438,7.220633506774902,9.787142753601074
2014-11-03,165.33924865722656,7.22827672958374,9.802870750427246
2014-11-04,164.76568603515625,7.181839466094971,9.70849323272705
2014-11-05,165.80633544921875,7.27236270904541,9.88466739654541
2014-11-06,166.4700164794922,7.331142902374268,10.008932113647461
2014-11-07,166.62579345703125,7.342309951782227,10.035672187805176
2014-11-10,167.1501922607422,7.3863959312438965,10.119830131530762
2014-11-11,167.3140869140625,7.400504112243652,10.149714469909668
2014-11-12,167.1338348388672,7.387574672698975,10.120615005493164
2014-11-13,167.322265625,7.398739814758301,10.150501251220703
2014-11-14,167.36329650878906,7.405206203460693,10.161515235900879
2014-11-17,167.46981811523438,7.414610862731934,10.18117618560791
2014-11-18,168.43673706054688,7.499255657196045,10.354989051818848
2014-11-19,168.16636657714844,7.472803592681885,10.302292823791504
2014-11-20,168.4613037109375,7.5016069412231445,10.355779647827148
2014-11-21,169.36277770996094,7.576845169067383,10.530380249023438
2014-11-24,169.8380126953125,7.625635623931885,10.612175941467285
2014-11-25,169.71507263183594,7.617993354797363,10.602736473083496
2014-11-26,170.14944458007812,7.652084827423096,10.673523902893066
2014-11-28,169.78880310058594,7.6203436851501465,10.603522300720215
2014-12-01,168.60885620117188,7.513362407684326,10.387236595153809
2014-12-02,169.6986846923828,7.604473114013672,10.572062492370605
2014-12-03,170.35427856445312,7.6673688888549805,10.7073392868042
2014-12-04,170.16580200195312,7.646206378936768,10.665654182434082
2014-12-05,170.44436645507812,7.676185607910156,10.712845802307129
2014-12-08,169.30532836914062,7.572144508361816,10.50442886352539
2014-12-09,169.1905975341797,7.558626174926758,10.472970962524414
2014-12-10,166.47825622558594,7.318799018859863,9.9774751663208
2014-12-11,167.322265625,7.385221481323242,10.115110397338867
2014-12-12,164.6181182861328,7.153038024902344,9.634560585021973
2014-12-15,163.4873046875,7.046642303466797,9.419061660766602
2014-12-16,162.1761932373047,6.935546875,9.209067344665527
2014-12-17,165.35568237304688,7.215931415557861,9.766692161560059
2014-12-18,169.4446258544922,7.57037878036499,10.46274185180664
2014-12-19,170.1656494140625,7.632100582122803,10.59801959991455
2014-12-22,170.94839477539062,7.699470520019531,10.739027976989746
2014-12-23,171.1791229248047,7.724792957305908,10.798075675964355
2014-12-24,171.195556640625,7.72420597076416,10.797286987304688
2014-12-26,171.74771118164062,7.776620388031006,10.893340110778809
2014-12-29,171.97837829589844,7.7907538414001465,10.932708740234375
2014-12-30,171.0555419921875,7.7112507820129395,10.765008926391602
2014-12-31,169.3582000732422,7.556365489959717,10.440631866455078
2015-01-02,169.26756286621094,7.546355724334717,10.412291526794434
2015-01-05,166.21058654785156,7.271329402923584,9.851717948913574
2015-01-06,164.64511108398438,7.140590667724609,9.584815979003906
2015-01-07,166.69676208496094,7.318444728851318,9.938323974609375
2015-01-08,169.65480041503906,7.575801372528076,10.462677955627441
2015-01-09,168.29527282714844,7.4450602531433105,10.206013679504395
2015-01-12,166.9768829345703,7.330223083496094,9.959582328796387
2015-01-13,166.50726318359375,7.292530059814453,9.877701759338379
2015-01-14,165.50196838378906,7.201839923858643,9.704487800598145
2015-01-15,163.9859161376953,7.071099758148193,9.439165115356445
2015-01-16,166.136474609375,7.251896858215332,9.791094779968262
2015-01-20,166.49078369140625,7.285464763641357,9.869038581848145
2015-01-21,167.33119201660156,7.35731315612793,10.013906478881836
2015-01-22,169.81956481933594,7.576389789581299,10.465825080871582
2015-01-23,168.8884735107422,7.490995407104492,10.283169746398926
2015-01-26,169.28396606445312,7.527508735656738,10.368986129760742
2015-01-27,167.05104064941406,7.3296332359313965,9.955646514892578
2015-01-28,164.9087371826172,7.138824939727783,9.550176620483398
2015-01-29,166.43309020996094,7.275454521179199,9.833610534667969
2015-01-30,164.34019470214844,7.09171199798584,9.451761245727539
2015-02-02,166.37547302246094,7.260140419006348,9.797394752502441
2015-02-03,168.7814178466797,7.471560955047607,10.22569751739502
2015-02-04,168.13870239257812,7.415026664733887,10.109957695007324
2015-02-05,169.8360137939453,7.5716776847839355,10.424886703491211
2015-02-06,169.3663787841797,7.523974895477295,10.332770347595215
2015-02-09,168.60836791992188,7.455661773681641,10.191839218139648
2015-02-10,170.4046173095703,7.611135005950928,10.520153045654297
2015-02-11,170.50347900390625,7.623502731323242,10.537474632263184
2015-02-12,172.1431427001953,7.768374919891357,10.838229179382324
2015-02-13,172.85179138183594,7.831980228424072,10.978371620178223
2015-02-17,173.1237030029297,7.86201286315918,11.03505802154541
2015-02-18,173.1401824951172,7.8602447509765625,11.024036407470703
2015-02-19,173.01658630371094,7.851411819458008,11.002776145935059
2015-02-20,174.05474853515625,7.941518306732178,11.202757835388184
2015-02-23,174.03005981445312,7.9391608238220215,11.194883346557617
2015-02-24,174.52442932128906,7.985685348510742,11.289361953735352
2015-02-25,174.37608337402344,7.966838836669922,11.252354621887207
2015-02-26,174.1701202392578,7.9497575759887695,11.215357780456543
2015-02-27,173.57684326171875,7.900290012359619,11.104345321655273
2015-03-02,174.6727294921875,7.995697498321533,11.3121976852417
2015-03-03,173.95587158203125,7.927968502044678,11.172052383422852
2015-03-04,173.22254943847656,7.864366054534912,11.024824142456055
2015-03-05,173.41207885742188,7.878503799438477,11.063400268554688
2015-03-06,170.97317504882812,7.658246994018555,10.588650703430176
2015-03-09,171.6817169189453,7.721262454986572,10.728004455566406
2015-03-10,168.89671325683594,7.468616962432861,10.203651428222656
2015-03-11,168.50123596191406,7.436225891113281,10.128853797912598
2015-03-12,170.64356994628906,7.6223225593566895,10.515432357788086
2015-03-13,169.5971221923828,7.532808780670166,10.321748733520508
2015-03-16,171.86300659179688,7.731861591339111,10.742965698242188
2015-03-17,171.3521270751953,7.68180513381958,10.639824867248535
2015-03-18,173.41207885742188,7.864956378936768,11.013801574707031
2015-03-19,172.62103271484375,7.791932582855225,10.86657428741455
2015-03-20,174.14476013183594,7.929738998413086,11.153942108154297
2015-03-23,173.80543518066406,7.904411792755127,11.094107627868652
2015-03-24,172.82879638671875,7.808422565460205,10.89885425567627
2015-03-25,170.29623413085938,7.585161209106445,10.419073104858398
2015-03-26,169.8907470703125,7.550352573394775,10.35051155090332
2015-03-27,170.27964782714844,7.580440998077393,10.413561820983887
2015-03-30,172.35702514648438,7.766884803771973,10.798136711120605
2015-03-31,170.85072326660156,7.6288228034973145,10.517583847045898
2015-04-01,170.24658203125,7.578672409057617,10.407257080078125
2015-04-02,170.85902404785156,7.623513221740723,10.5010347366333
2015-04-06,172.0094757080078,7.729712963104248,10.724844932556152
2015-04-07,171.55429077148438,7.693131923675537,10.635003089904785
2015-04-08,172.1335906982422,7.739744663238525,10.747699737548828
2015-04-09,172.89503479003906,7.8099565505981445,10.893494606018066
2015-04-10,173.8385009765625,7.8907880783081055,11.063718795776367
2015-04-13,173.05226135253906,7.82293701171875,10.919503211975098
2015-04-14,173.3833465576172,7.850663661956787,10.97781753540039
2015-04-15,174.1613311767578,7.920288562774658,11.122823715209961
2015-04-16,174.1116485595703,7.914975166320801,11.112578392028809
2015-04-17,172.10874938964844,7.733255386352539,10.728787422180176
2015-04-20,173.6813201904297,7.8748555183410645,11.020373344421387
2015-04-21,173.4744110107422,7.855384349822998,10.983332633972168
2015-04-22,174.32681274414062,7.931497097015381,11.143309593200684
2015-04-23,174.76547241210938,7.971027374267578,11.22763729095459
2015-04-24,175.1710662841797,8.007018089294434,11.308021545410156
2015-04-27,174.44273376464844,7.939755439758301,11.159074783325195
2015-04-28,174.99725341796875,7.991084098815918,11.261523246765137
2015-04-29,174.27720642089844,7.923235893249512,11.124397277832031
2015-04-30,172.5308837890625,7.76924467086792,10.790257453918457
2015-05-01,174.4013671875,7.932673931121826,11.135430335998535
2015-05-04,174.89796447753906,7.983415603637695,11.243395805358887
2015-05-05,172.89503479003906,7.797564506530762,10.843057632446289
2015-05-06,172.18324279785156,7.730892658233643,10.71302604675293
2015-05-07,172.87017822265625,7.791666030883789,10.843057632446289
2015-05-08,175.14620971679688,7.99934720993042,11.264674186706543
2015-05-11,174.31028747558594,7.91910457611084,11.109423637390137
2015-05-12,173.78887939453125,7.871907711029053,11.003033638000488
2015-05-13,173.82199096679688,7.876626968383789,11.015643119812012
2015-05-14,175.6345977783203,8.038880348205566,11.360819816589355
2015-05-15,175.82485961914062,8.05657958984375,11.394707679748535
2015-05-18,176.37109375,8.104368209838867,11.500307083129883
2015-05-19,176.3131866455078,8.097878456115723,11.484549522399902
2015-05-20,176.1890869140625,8.086668014526367,11.463266372680664
2015-05-21,176.70217895507812,8.136229515075684,11.560990333557129
2015-05-22,176.28012084960938,8.098468780517578,11.480605125427246
2015-05-26,174.38479614257812,7.926184177398682,11.116517066955566
2015-05-27,176.04006958007812,8.066610336303711,11.414407730102539
2015-05-28,175.84140014648438,8.052449226379395,11.38446044921875
2015-05-29,174.7489471435547,7.948607921600342,11.160651206970215
2015-06-01,175.10482788085938,7.981647968292236,11.233150482177734
2015-06-02,174.93104553222656,7.969847202301025,11.201627731323242
2015-06-03,175.39453125,8.014687538146973,11.28831672668457
2015-06-04,173.91307067871094,7.886068820953369,11.026679039001465
2015-06-05,173.6150665283203,7.850663661956787,10.9557523727417
2015-06-08,172.5474395751953,7.749186038970947,10.750852584838867
2015-06-09,172.52255249023438,7.749186038970947,10.733515739440918
2015-06-10,174.59169006347656,7.929726600646973,11.129127502441406
2015-06-11,175.15444946289062,7.979288101196289,11.230000495910645
2015-06-12,173.81369018554688,7.863646507263184,10.965208053588867
2015-06-15,173.06881713867188,7.789305210113525,10.820201873779297
2015-06-16,174.0123748779297,7.875446796417236,11.010916709899902
2015-06-17,174.29371643066406,7.901402473449707,11.064505577087402
2015-06-18,176.10629272460938,8.059529304504395,11.390767097473145
2015-06-19,175.32452392578125,7.967486381530762,11.19374942779541
2015-06-22,176.2227325439453,8.079590797424316,11.422289848327637
2015-06-23,176.34747314453125,8.086668014526367,11.447504043579102
2015-06-24,175.0666961669922,7.968295574188232,11.196061134338379
2015-06-25,174.53439331054688,7.917496681213379,11.085705757141113
2015-06-26,174.50119018554688,7.918682098388672,11.087285995483398
2015-06-29,170.84182739257812,7.596168041229248,10.395214080810547
2015-06-30,171.19943237304688,7.6233391761779785,10.467733383178711
2015-07-01,172.5717010498047,7.736748695373535,10.701051712036133
2015-07-02,172.4136505126953,7.724936008453369,10.667945861816406
2015-07-06,171.92295837402344,7.678864002227783,10.581238746643066
2015-07-07,173.00413513183594,7.767464637756348,10.770416259765625
2015-07-08,170.1016082763672,7.51465368270874,10.237566947937012
2015-07-09,170.40933227539062,7.537099838256836,10.288017272949219
2015-07-10,172.55503845214844,7.7296624183654785,10.678977966308594
2015-07-13,174.45956420898438,7.899779319763184,11.027376174926758
2015-07-14,175.21641540527344,7.971842288970947,11.18187427520752
2015-07-15,175.15817260742188,7.964752197265625,11.161377906799316
2015-07-16,176.56375122070312,8.08525276184082,11.415190696716309
2015-07-17,176.7134246826172,8.101789474487305,11.451449394226074
2015-07-20,176.80482482910156,8.111241340637207,11.475096702575684
2015-07-21,176.10626220703125,8.043905258178711,11.330059051513672
2015-07-22,175.79026794433594,8.009645462036133,11.262272834777832
2015-07-23,174.80055236816406,7.928129196166992,11.076250076293945
2015-07-24,172.98748779296875,7.759196758270264,10.740463256835938
2015-07-27,171.98118591308594,7.669411659240723,10.548130989074707
2015-07-28,174.0936737060547,7.8537068367004395,10.932790756225586
2015-07-29,175.291259765625,7.963573455810547,11.158226013183594
2015-07-30,175.33285522460938,7.968295574188232,11.159802436828613
2015-07-31,175.0666961669922,7.944670677185059,11.114084243774414
2015-08-03,174.47618103027344,7.887962818145752,10.992696762084961
2015-08-04,174.13523864746094,7.854886054992676,10.932790756225586
2015-08-05,174.70904541015625,7.913956642150879,11.039993286132812
2015-08-06,173.278564453125,7.793457508087158,10.798789978027344
2015-08-07,172.9459228515625,7.754471302032471,10.705778121948242
2015-08-10,175.1249237060547,7.9458537101745605,11.10620403289795
2015-08-11,173.54473876953125,7.79818058013916,10.808249473571777
2015-08-12,173.7526092529297,7.8159027099609375,10.838203430175781
2015-08-13,173.53639221191406,7.800544261932373,10.806675910949707
2015-08-14,174.16845703125,7.854886054992676,10.920178413391113
2015-08-17,175.1415252685547,7.944670677185059,11.10462474822998
2015-08-18,174.6342315673828,7.896230220794678,11.008461952209473
2015-08-19,173.25367736816406,7.77100944519043,10.75307559967041
2015-08-20,169.63584899902344,7.448497772216797,10.073616981506348
2015-08-21,164.5294189453125,6.9842209815979,9.129315376281738
2015-08-24,157.60159301757812,6.406533718109131,8.077811241149902
2015-08-25,155.7469482421875,6.25295877456665,7.699460506439209
2015-08-26,161.72666931152344,6.737315654754639,8.607504844665527
2015-08-27,165.72703552246094,7.064554691314697,9.250699996948242
2015-08-28,165.73532104492188,7.063372611999512,9.252279281616211
2015-08-31,164.3963623046875,6.9535064697265625,9.017385482788086
2015-09-01,159.48948669433594,6.531758785247803,8.21654224395752
2015-09-02,162.51673889160156,6.784570693969727,8.67371654510498
2015-09-03,162.63323974609375,6.795200347900391,8.687904357910156
2015-09-04,160.1714630126953,6.5896453857421875,8.301669120788574
2015-09-08,164.19679260253906,6.926333427429199,8.927522659301758
2015-09-09,162.0010986328125,6.7337727546691895,8.564939498901367
2015-09-10,162.88275146484375,6.805835723876953,8.703666687011719
2015-09-11,163.62290954589844,6.866084575653076,8.826632499694824
2015-09-14,163.0158233642578,6.816468715667725,8.717857360839844
2015-09-15,165.05335998535156,6.986584186553955,9.061525344848633
2015-09-16,166.48387145996094,7.111808776855469,9.282230377197266
2015-09-17,166.10958862304688,7.07636833190918,9.234936714172363
2015-09-18,163.39511108398438,6.847183704376221,8.773029327392578
2015-09-21,164.23948669433594,6.912156581878662,8.908608436584473
2015-09-22,162.10768127441406,6.738497734069824,8.566516876220703
2015-09-23,161.84854125976562,6.708963394165039,8.511341094970703
2015-09-24,161.26336669921875,6.6711602210998535,8.437243461608887
2015-09-25,161.22152709960938,6.661709785461426,8.415177345275879
2015-09-28,157.17535400390625,6.325021266937256,7.778282642364502
2015-09-29,157.26727294921875,6.3332905769348145,7.79562520980835
2015-09-30,160.20162963867188,6.5683817863464355,8.238611221313477
2015-10-01,160.61961364746094,6.6061859130859375,8.304821968078613
2015-10-02,163.01895141601562,6.8022918701171875,8.651642799377441
2015-10-05,165.9198455810547,7.04210901260376,9.127735137939453
2015-10-06,165.3512725830078,6.99367094039917,9.033147811889648
2015-10-07,166.70562744140625,7.108263969421387,9.266465187072754
2015-10-08,168.21044921875,7.237034797668457,9.506089210510254
2015-10-09,168.31077575683594,7.244121074676514,9.523431777954102
2015-10-12,168.4696044921875,7.257114887237549,9.564417839050293
2015-10-13,167.4078826904297,7.168513774871826,9.373666763305664
2015-10-14,166.6053009033203,7.092907428741455,9.230206489562988
2015-10-15,169.16348266601562,7.315003871917725,9.651124000549316
2015-10-16,169.93263244628906,7.37407112121582,9.781970977783203
2015-10-19,170.01617431640625,7.382342338562012,9.802464485168457
2015-10-20,169.79884338378906,7.365800380706787,9.759899139404297
2015-10-21,168.74551391601562,7.280745506286621,9.589641571044922
2015-10-22,171.59620666503906,7.517016887664795,10.064160346984863
2015-10-23,173.47723388671875,7.690678119659424,10.39836597442627
2015-10-26,173.0508575439453,7.652872085571289,10.332158088684082
2015-10-27,172.71646118164062,7.618614196777344,10.256488800048828
2015-10-28,174.68106079101562,7.792272567749023,10.611190795898438
2015-10-29,174.58071899414062,7.786369323730469,10.609617233276367
2015-10-30,173.8283233642578,7.714304447174072,10.445663452148438
2015-11-02,175.8848876953125,7.893869876861572,10.819287300109863
2015-11-03,176.39480590820312,7.941127777099609,10.912298202514648
2015-11-04,175.8598175048828,7.896230220794678,10.833474159240723
2015-11-05,175.6842041015625,7.878514289855957,10.78933334350586
2015-11-06,175.59226989746094,7.872607707977295,10.767263412475586
2015-11-09,173.9537353515625,7.726118564605713,10.470887184143066
2015-11-10,174.3551025390625,7.752107620239258,10.5260648727417
2015-11-11,173.66949462890625,7.697765827178955,10.412557601928711
2015-11-12,171.24514770507812,7.4839372634887695,9.982183456420898
2015-11-13,169.3223114013672,7.313821792602539,9.644821166992188
2015-11-16,171.89720153808594,7.534736633300781,10.081497192382812
2015-11-17,171.7718048095703,7.518197536468506,10.046817779541016
2015-11-18,174.49716186523438,7.76392126083374,10.529216766357422
2015-11-19,174.34664916992188,7.749745845794678,10.513450622558594
2015-11-20,174.98202514648438,7.806449890136719,10.628534317016602
2015-11-23,174.7814178466797,7.789910793304443,10.582816123962402
2015-11-24,175.01541137695312,7.807631015777588,10.633264541625977
2015-11-25,174.99034118652344,7.808813095092773,10.620649337768555
2015-11-27,175.19094848632812,7.821810245513916,10.650604248046875
2015-11-30,174.4636993408203,7.760378360748291,10.530793190002441
2015-12-01,176.1272735595703,7.9068684577941895,10.828743934631348
2015-12-02,174.3299560546875,7.743837833404541,10.485075950622559
2015-12-03,171.8888702392578,7.522924423217773,10.048395156860352
2015-12-04,175.2411346435547,7.817084789276123,10.636414527893066
2015-12-07,174.1794891357422,7.7213921546936035,10.44250774383545
2015-12-08,173.00906372070312,7.619795799255371,10.23126220703125
2015-12-09,171.66305541992188,7.499297618865967,9.997947692871094
2015-12-10,172.10617065429688,7.538280487060547,10.056275367736816
2015-12-11,168.77059936523438,7.238213539123535,9.466676712036133
2015-12-14,169.6233367919922,7.319728374481201,9.630632400512695
2015-12-15,171.40391540527344,7.4756693840026855,9.92700481414795
2015-12-16,173.91192626953125,7.6883158683776855,10.360533714294434
2015-12-17,171.26185607910156,7.463855266571045,9.90020751953125
2015-12-18,168.21075439453125,7.181507587432861,9.338985443115234
2015-12-21,169.598388671875,7.303191184997559,9.594369888305664
2015-12-22,171.1373291015625,7.4363932609558105,9.852048873901367
2015-12-23,173.25662231445312,7.617709159851074,10.212259292602539
2015-12-24,172.97068786621094,7.586896896362305,10.141161918640137
2015-12-28,172.575439453125,7.563196182250977,10.09534740447998
2015-12-29,174.41714477539062,7.719626426696777,10.4128999710083
2015-12-30,173.180908203125,7.616523742675781,10.19645881652832
2015-12-31,171.44854736328125,7.466020584106445,9.893125534057617
2016-01-04,169.05177307128906,7.251519680023193,9.466556549072266
2016-01-05,169.33770751953125,7.2835187911987305,9.518695831298828
2016-01-06,167.2016143798828,7.087979316711426,9.156904220581055
2016-01-07,163.1902618408203,6.750229835510254,8.496521949768066
2016-01-08,161.39894104003906,6.605649948120117,8.213727951049805
2016-01-11,161.5587158203125,6.60920524597168,8.227945327758789
2016-01-12,162.8622589111328,6.712306976318359,8.43964672088623
2016-01-13,158.80038452148438,6.38285493850708,7.802960395812988
2016-01-14,161.4073944091797,6.591428279876709,8.183709144592285
2016-01-15,157.94259643554688,6.305824279785156,7.648133754730225
2016-01-19,158.15280151367188,6.321230888366699,7.69236946105957
2016-01-20,156.1260986328125,6.171909809112549,7.400094032287598
2016-01-21,157.00067138671875,6.235904693603516,7.50752592086792
2016-01-22,160.22158813476562,6.488326549530029,7.981486797332764
2016-01-25,157.7996063232422,6.297529220581055,7.626015663146973
2016-01-26,159.95248413085938,6.459883213043213,7.929348468780518
2016-01-27,158.21165466308594,6.323599815368652,7.670252323150635
2016-01-28,159.03582763671875,6.391149044036865,7.790322303771973
2016-01-29,162.9126739501953,6.692160606384277,8.37171459197998
2016-02-01,162.8538360595703,6.698086261749268,8.346433639526367
2016-02-02,159.9188232421875,6.446850776672363,7.899335861206055
2016-02-03,160.87753295898438,6.527434349060059,8.032041549682617
2016-02-04,161.12982177734375,6.546396255493164,8.066798210144043
2016-02-05,158.060302734375,6.30345344543457,7.6054768562316895
2016-02-08,155.9326171875,6.128061294555664,7.29266357421875
2016-02-09,155.9410858154297,6.122135162353516,7.2910847663879395
2016-02-10,155.8065185546875,6.115025520324707,7.283184051513672
2016-02-11,153.7797393798828,5.965705871582031,7.019346714019775
2016-02-12,156.95022583007812,6.2027201652526855,7.430112838745117
2016-02-16,159.59925842285156,6.407742023468018,7.798220157623291
2016-02-17,162.206298828125,6.619870662689209,8.185287475585938
2016-02-18,161.54185485839844,6.566542148590088,8.084174156188965
2016-02-19,161.46621704101562,6.559432029724121,8.082596778869629
2016-02-22,163.80410766601562,6.747859954833984,8.42226791381836
2016-02-23,161.73532104492188,6.587874412536621,8.115774154663086
2016-02-24,162.47537231445312,6.64357328414917,8.22320556640625
2016-02-25,164.4432830810547,6.802372932434082,8.512324333190918
2016-02-26,164.06484985351562,6.770376682281494,8.461764335632324
2016-02-29,162.778076171875,6.65068244934082,8.231104850769043
2016-03-01,166.6045379638672,6.978951454162598,8.842512130737305
2016-03-02,167.35301208496094,7.041759490966797,8.964159965515137
2016-03-03,168.0089874267578,7.090348243713379,9.055793762207031
2016-03-04,168.5555877685547,7.133010387420654,9.152165412902832
2016-03-07,168.69012451171875,7.154343128204346,9.171124458312988
2016-03-08,166.84840393066406,6.990802764892578,8.8662109375
2016-03-09,167.6725616455078,7.061905860900879,9.00365924835205
2016-03-10,167.8070831298828,7.069016456604004,9.01945686340332
2016-03-11,170.5150604248047,7.303665637969971,9.460241317749023
2016-03-14,170.29638671875,7.2787766456604,9.425483703613281
2016-03-15,170.01885986328125,7.26337194442749,9.382826805114746
2016-03-16,171.00282287597656,7.346327304840088,9.551873207092285
2016-03-17,172.08766174316406,7.435207366943359,9.728816032409668
2016-03-18,172.76390075683594,7.4956464767456055,9.842568397521973
2016-03-21,173.00901794433594,7.514608383178711,9.878907203674316
2016-03-22,172.91607666015625,7.505127429962158,9.869426727294922
2016-03-23,171.77487182617188,7.394915580749512,9.675102233886719
2016-03-24,171.69882202148438,7.385433673858643,9.651406288146973
2016-03-28,171.80029296875,7.391359806060791,9.675102233886719
2016-03-29,173.38943481445312,7.537125587463379,9.950000762939453
2016-03-30,174.1501922607422,7.597563743591309,10.068490028381348
2016-03-31,173.72756958007812,7.563196182250977,10.000555992126465
2016-04-01,174.91099548339844,7.660374164581299,10.18697738647461
2016-04-04,174.34461975097656,7.611785411834717,10.093765258789062
2016-04-05,172.60328674316406,7.461278915405273,9.798334121704102
2016-04-06,174.48828125,7.617709159851074,10.10324478149414
2016-04-07,172.40040588378906,7.435207366943359,9.750936508178711
2016-04-08,172.8653106689453,7.481427192687988,9.828348159790039
2016-04-11,172.4595947265625,7.441132545471191,9.75251579284668
2016-04-12,174.06565856933594,7.584527015686035,10.033732414245605
2016-04-13,175.82394409179688,7.731478214263916,10.327587127685547
2016-04-14,175.832275390625,7.732660293579102,10.335488319396973
2016-04-15,175.63795471191406,7.711329936981201,10.288091659545898
2016-04-18,176.87213134765625,7.8215436935424805,10.51401424407959
2016-04-19,177.42999267578125,7.867763042449951,10.613542556762695
2016-04-20,177.59901428222656,7.885537624359131,10.638821601867676
2016-04-21,176.64389038085938,7.799026012420654,10.471354484558105
2016-04-22,176.64389038085938,7.80613899230957,10.477673530578613
2016-04-25,176.3395538330078,7.770586967468262,10.416058540344238
2016-04-26,176.60154724121094,7.799026012420654,10.47293472290039
2016-04-27,176.96511840820312,7.832209587097168,10.52823257446289
2016-04-28,175.35894775390625,7.69355583190918,10.25017261505127
2016-04-29,174.41224670410156,7.608231067657471,10.08112907409668
2016-05-02,175.7985382080078,7.72199821472168,10.305468559265137
2016-05-03,174.26853942871094,7.588082790374756,10.04005241394043
2016-05-04,173.29644775390625,7.499202728271484,9.863104820251465
2016-05-05,173.26258850097656,7.505127429962158,9.87100601196289
2016-05-06,173.89659118652344,7.55371618270874,9.967375755310059
2016-05-09,174.04034423828125,7.571492671966553,10.005293846130371
2016-05-10,176.2042694091797,7.7516255378723145,10.367084503173828
2016-05-11,174.5560302734375,7.61060094833374,10.082708358764648
2016-05-12,174.60665893554688,7.615340709686279,10.08112907409668
2016-05-13,173.0851287841797,7.481427192687988,9.814130783081055
2016-05-16,174.79269409179688,7.62600564956665,10.104825019836426
2016-05-17,173.16122436523438,7.489720821380615,9.829930305480957
2016-05-18,173.21192932128906,7.492092132568359,9.842568397521973
2016-05-19,172.61178588867188,7.439948081970215,9.738295555114746
2016-05-20,173.7022247314453,7.52527379989624,9.915243148803711
2016-05-23,173.46551513671875,7.506312847137451,9.866268157958984
2016-05-24,175.71400451660156,7.6994829177856445,10.256495475769043
2016-05-25,176.90591430664062,7.800212860107422,10.461875915527344
2016-05-26,176.95663452148438,7.808507919311523,10.47293472290039
2016-05-27,177.71737670898438,7.872503757476807,10.600907325744629
2016-05-31,177.3792724609375,7.8499860763549805,10.5503511428833
2016-06-01,177.7427978515625,7.881983280181885,10.608804702758789
2016-06-02,178.2837371826172,7.9282026290893555,10.711494445800781
2016-06-03,177.75119018554688,7.878429889678955,10.618282318115234
2016-06-06,178.6556854248047,7.96256685256958,10.774689674377441
2016-06-07,178.93460083007812,7.982716083526611,10.81418514251709
2016-06-08,179.51791381835938,8.033675193786621,10.92161750793457
2016-06-09,179.27281188964844,8.012346267700195,10.880539894104004
2016-06-10,177.57373046875,7.864206314086914,10.567726135253906
2016-06-13,176.2042694091797,7.7409586906433105,10.332330703735352
2016-06-14,175.85772705078125,7.711329936981201,10.275452613830566
2016-06-15,175.61260986328125,7.686445236206055,10.220154762268066
2016-06-16,176.13670349121094,7.735033988952637,10.313370704650879
2016-06-17,175.480712890625,7.6734089851379395,10.19645881652832
2016-06-20,176.61080932617188,7.770586967468262,10.39236068725586
2016-06-21,177.11215209960938,7.815619945526123,10.479255676269531
2016-06-22,176.82322692871094,7.789157867431641,10.421198844909668
2016-06-23,179.1259765625,7.988513469696045,10.834062576293945
2016-06-24,172.6936492919922,7.408242702484131,9.657170295715332
2016-06-27,169.60076904296875,7.147181034088135,9.135156631469727
2016-06-28,172.65963745117188,7.403496265411377,9.630278587341309
2016-06-29,175.59963989257812,7.6621856689453125,10.134886741638184
2016-06-30,177.9958038330078,7.86272668838501,10.528764724731445
2016-07-01,178.36972045898438,7.899513244628906,10.603114128112793
2016-07-05,177.086669921875,7.78796911239624,10.387981414794922
2016-07-06,178.14878845214844,7.880530834197998,10.56198501586914
2016-07-07,178.03831481933594,7.867476463317871,10.539836883544922
2016-07-08,180.68939208984375,8.103617668151855,11.00648307800293
2016-07-11,181.32667541503906,8.164140701293945,11.125123023986816
2016-07-12,182.64369201660156,8.280428886413574,11.368724822998047
2016-07-13,182.61825561523438,8.275683403015137,11.370308876037598
2016-07-14,183.6378631591797,8.367053985595703,11.545891761779785
2016-07-15,183.39146423339844,8.349255561828613,11.511092185974121
2016-07-18,183.88429260253906,8.393160820007324,11.604421615600586
2016-07-19,183.69735717773438,8.37298583984375,11.563295364379883
2016-07-20,184.46209716796875,8.445372581481934,11.71198558807373
2016-07-21,183.76531982421875,8.376544952392578,11.575948715209961
2016-07-22,184.58953857421875,8.458425521850586,11.732550621032715
2016-07-25,184.08819580078125,8.413331985473633,11.643966674804688
2016-07-26,184.17320251464844,8.414520263671875,11.648714065551758
2016-07-27,183.97776794433594,8.396720886230469,11.620240211486816
2016-07-28,184.19017028808594,8.414520263671875,11.658201217651367
2016-07-29,184.48757934570312,8.444186210632324,11.70091438293457
2016-08-01,184.33462524414062,8.427574157714844,11.672440528869629
2016-08-02,183.1535186767578,8.323144912719727,11.447818756103516
2016-08-03,183.6888885498047,8.37298583984375,11.550639152526855
2016-08-04,183.88429260253906,8.383668899536133,11.591767311096191
2016-08-05,185.38827514648438,8.517756462097168,11.874919891357422
2016-08-08,185.27781677246094,8.51419734954834,11.851188659667969
2016-08-09,185.38827514648438,8.51894474029541,11.863844871520996
2016-08-10,184.929443359375,8.482160568237305,11.778423309326172
2016-08-11,185.78756713867188,8.555732727050781,11.94768238067627
2016-08-12,185.6261749267578,8.541492462158203,11.912880897521973
2016-08-15,186.1614532470703,8.590143203735352,12.023609161376953
2016-08-16,185.2013702392578,8.504701614379883,11.82587718963623
2016-08-17,185.54969787597656,8.53081226348877,11.889154434204102
2016-08-18,185.96603393554688,8.571159362792969,11.972993850708008
2016-08-19,185.69412231445312,8.54861068725586,11.917627334594727
2016-08-22,185.68565368652344,8.545053482055664,11.91446304321289
2016-08-23,186.0594940185547,8.573530197143555,11.982481956481934
2016-08-24,185.10784912109375,8.49521255493164,11.813223838806152
2016-08-25,184.9803466796875,8.479783058166504,11.764187812805176
2016-08-26,184.63201904296875,8.445372581481934,11.708822250366211
2016-08-29,185.54119873046875,8.526063919067383,11.87649917602539
2016-08-30,185.2353057861328,8.496397972106934,11.813223838806152
2016-08-31,184.70852661132812,8.452495574951172,11.713567733764648
2016-09-01,184.7169647216797,8.450118064880371,11.723061561584473
2016-09-02,185.54969787597656,8.524876594543457,11.873334884643555
2016-09-06,186.1105499267578,8.578275680541992,11.987228393554688
2016-09-07,186.09352111816406,8.579463958740234,11.984062194824219
2016-09-08,185.66864013671875,8.539116859436035,11.893899917602539
2016-09-09,181.22470092773438,8.123790740966797,11.046029090881348
2016-09-12,183.8248291015625,8.359933853149414,11.506348609924316
2016-09-13,181.1821746826172,8.119044303894043,11.008066177368164
2016-09-14,181.11428833007812,8.105992317199707,10.9922456741333
2016-09-15,182.92410278320312,8.275683403015137,11.326014518737793
2016-09-16,182.21697998046875,8.208044052124023,11.197887420654297
2016-09-19,182.2511444091797,8.210415840148926,11.194725036621094
2016-09-20,182.2596435546875,8.212791442871094,11.20896053314209
2016-09-21,184.30931091308594,8.389874458312988,11.58123779296875
2016-09-22,185.47073364257812,8.500332832336426,11.790079116821289
2016-09-23,184.45448303222656,8.405316352844238,11.606553077697754
2016-09-26,182.96002197265625,8.27110481262207,11.320182800292969
2016-09-27,184.09579467773438,8.372060775756836,11.533772468566895
2016-09-28,185.00955200195312,8.455199241638184,11.699896812438965
2016-09-29,183.3357391357422,8.304359436035156,11.383469581604004
2016-09-30,184.71920776367188,8.429069519042969,11.650850296020508
2016-10-03,184.27513122558594,8.38037395477295,11.54010009765625
2016-10-04,183.3357391357422,8.306739807128906,11.380304336547852
2016-10-05,184.1470184326172,8.373247146606445,11.530608177185059
2016-10-06,184.27513122558594,8.38749885559082,11.549595832824707
2016-10-07,183.6431884765625,8.325740814208984,11.424606323242188
2016-10-10,184.59959411621094,8.408876419067383,11.597057342529297
2016-10-11,182.26821899414062,8.204593658447266,11.174630165100098
2016-10-12,182.50738525390625,8.222410202026367,11.2157621383667
2016-10-13,181.90956115722656,8.16540241241455,11.101847648620605
2016-10-14,182.0034942626953,8.173713684082031,11.112923622131348
2016-10-17,181.3715362548828,8.120268821716309,11.005337715148926
2016-10-18,182.50738525390625,8.21172046661377,11.19361400604248
2016-10-19,182.99415588378906,8.252103805541992,11.286958694458008
2016-10-20,182.6525115966797,8.228349685668945,11.225255966186523
2016-10-21,182.73793029785156,8.230724334716797,11.231586456298828
2016-10-24,183.51510620117188,8.298421859741211,11.37397575378418
2016-10-25,182.90017700195312,8.248540878295898,11.277467727661133
2016-10-26,182.53298950195312,8.212911605834961,11.206273078918457
2016-10-27,182.04620361328125,8.172525405883789,11.111342430114746
2016-10-28,181.50816345214844,8.121454238891602,11.00375747680664
2016-10-31,181.51670837402344,8.119080543518066,10.995844841003418
2016-11-01,180.2015380859375,8.00743579864502,10.774346351623535
2016-11-02,179.11700439453125,7.906481742858887,10.568666458129883
2016-11-03,178.29718017578125,7.83403205871582,10.427855491638184
2016-11-04,178.1007537841797,7.812655448913574,10.378811836242676
2016-11-07,182.02919006347656,8.152338027954102,11.062294960021973
2016-11-08,182.84893798828125,8.225973129272461,11.212600708007812
2016-11-09,184.78753662109375,8.410066604614258,11.593894004821777
2016-11-10,185.24867248535156,8.44688606262207,11.665087699890137
2016-11-11,184.82164001464844,8.408876419067383,11.58756160736084
2016-11-14,184.9668731689453,8.42313289642334,11.609712600708008
2016-11-15,186.41009521484375,8.55140495300293,11.88025951385498
2016-11-16,186.0599822998047,8.521707534790039,11.820138931274414
2016-11-17,187.0164794921875,8.609598159790039,11.99259090423584
2016-11-18,186.59800720214844,8.571592330932617,11.913483619689941
2016-11-21,188.00706481933594,8.692736625671387,12.180868148803711
2016-11-22,188.37432861328125,8.730743408203125,12.25206184387207
2016-11-23,188.4767608642578,8.740246772766113,12.274212837219238
2016-11-25,189.17706298828125,8.804380416870117,12.415021896362305
2016-11-28,188.2888641357422,8.728368759155273,12.23940372467041
2016-11-29,188.65618896484375,8.756874084472656,12.309019088745117
2016-11-30,188.20352172851562,8.705801010131836,12.210923194885254
2016-12-01,187.5117950439453,8.640480995178223,12.070113182067871
2016-12-02,187.605712890625,8.654729843139648,12.092265129089355
2016-12-05,188.73301696777344,8.756874084472656,12.296360969543457
2016-12-06,189.330810546875,8.813882827758789,12.432424545288086
2016-12-07,191.807373046875,9.038354873657227,12.907066345214844
2016-12-08,192.27706909179688,9.090617179870605,13.005158424377441
2016-12-09,193.43850708007812,9.193946838378906,13.2377347946167
2016-12-12,193.21646118164062,9.173752784729004,13.20134449005127
2016-12-13,194.50596618652344,9.297273635864258,13.452903747558594
2016-12-14,192.90049743652344,9.146437644958496,13.145968437194824
2016-12-15,193.6946563720703,9.212946891784668,13.280450820922852
2016-12-16,193.3158416748047,9.185629844665527,13.22349739074707
2016-12-19,193.73675537109375,9.215322494506836,13.296270370483398
2016-12-20,194.4841766357422,9.285394668579102,13.437080383300781
2016-12-21,193.94300842285156,9.244255065917969,13.337409973144531
2016-12-22,193.6079559326172,9.210956573486328,13.274123191833496
2016-12-23,193.89141845703125,9.233550071716309,13.31367301940918
2016-12-27,194.3724822998047,9.277548789978027,13.414935111999512
2016-12-28,192.7660369873047,9.130098342895508,13.095340728759766
2016-12-29,192.72315979003906,9.120582580566406,13.073190689086914
2016-12-30,192.0187530517578,9.053991317749023,12.938709259033203
2017-01-03,193.4876708984375,9.187174797058105,13.218748092651367
2017-01-04,194.6387481689453,9.295387268066406,13.454483985900879
2017-01-05,194.4841766357422,9.278738975524902,13.413350105285645
2017-01-06,195.1799774169922,9.346518516540527,13.565234184265137
2017-01-09,194.53573608398438,9.284683227539062,13.437080383300781
2017-01-10,194.53573608398438,9.28349494934082,13.414935111999512
2017-01-11,195.0855255126953,9.334624290466309,13.52409839630127
2017-01-12,194.59585571289062,9.291816711425781,13.435502052307129
2017-01-13,195.04254150390625,9.331059455871582,13.519352912902832
2017-01-17,194.3552703857422,9.264470100402832,13.394366264343262
2017-01-18,194.7847900390625,9.3037109375,13.463976860046387
2017-01-19,194.06326293945312,9.239496231079102,13.323166847229004
2017-01-20,194.77630615234375,9.294194221496582,13.4608154296875
2017-01-23,194.26939392089844,9.253766059875488,13.356390953063965
2017-01-24,195.5149383544922,9.363164901733398,13.611116409301758
2017-01-25,197.20726013183594,9.522509574890137,13.941783905029297
2017-01-26,197.0010986328125,9.511804580688477,13.910141944885254
2017-01-27,196.6918487548828,9.486833572387695,13.861095428466797
2017-01-30,195.47207641601562,9.372678756713867,13.611116409301758
2017-01-31,195.45486450195312,9.367920875549316,13.603205680847168
2017-02-01,195.53221130371094,9.370301246643066,13.611116409301758
2017-02-02,195.66104125976562,9.375057220458984,13.63010025024414
2017-02-03,197.00973510742188,9.507051467895508,13.903812408447266
2017-02-06,196.65744018554688,9.473753929138184,13.845271110534668
2017-02-07,196.66612243652344,9.477319717407227,13.835779190063477
2017-02-08,196.92379760742188,9.502294540405273,13.891157150268555
2017-02-09,198.092041015625,9.60336971282959,14.128475189208984
2017-02-10,198.8737335205078,9.678282737731934,14.294599533081055
2017-02-13,199.95616149902344,9.786495208740234,14.512932777404785
2017-02-14,200.75502014160156,9.869732856750488,14.699625015258789
2017-02-15,201.8030548095703,9.967240333557129,14.91954231262207
2017-02-16,201.63128662109375,9.955349922180176,14.891067504882812
2017-02-17,201.94912719726562,9.975564956665039,14.949605941772461
2017-02-21,203.15174865722656,10.095667839050293,15.20749282836914
2017-02-22,202.97134399414062,10.082586288452148,15.180595397949219
2017-02-23,203.10879516601562,10.10042667388916,15.218567848205566
2017-02-24,203.36651611328125,10.118260383605957,15.26919174194336
2017-02-27,203.68434143066406,10.155125617980957,15.337228775024414
2017-02-28,203.13453674316406,10.101612091064453,15.223315238952637
2017-03-01,205.97799682617188,10.369163513183594,15.837181091308594
2017-03-02,204.68081665039062,10.253822326660156,15.568220138549805
2017-03-03,204.8096923828125,10.259766578674316,15.582462310791016
2017-03-06,204.1997528076172,10.19674301147461,15.446393013000488
2017-03-07,203.58984375,10.140851974487305,15.308747291564941
2017-03-08,203.21189880371094,10.095667839050293,15.209075927734375
2017-03-09,203.46966552734375,10.121828079223633,15.262866973876953
2017-03-10,204.18260192871094,10.184853553771973,15.413171768188477
2017-03-13,204.28562927246094,10.200307846069336,15.436902046203613
2017-03-14,203.50390625,10.126583099365234,15.278687477111816
2017-03-15,205.26502990722656,10.293060302734375,15.640995979309082
2017-03-16,204.86122131347656,10.258573532104492,15.579292297363281
2017-03-17,204.50140380859375,10.219335556030273,15.476457595825195
2017-03-20,204.27716064453125,10.19436264038086,15.43215274810791
2017-03-21,201.654296875,9.932756423950195,14.84518051147461
2017-03-22,202.1288299560547,9.98025131225586,14.93536376953125
2017-03-23,201.9131317138672,9.956446647644043,14.884736061096191
2017-03-24,201.76649475097656,9.94454288482666,14.854676246643066
2017-03-27,201.55938720703125,9.918353080749512,14.800884246826172
2017-03-28,203.02613830566406,10.060009002685547,15.10939884185791
2017-03-29,203.21592712402344,10.085006713867188,15.179015159606934
2017-03-30,203.86305236816406,10.139766693115234,15.297675132751465
2017-03-31,203.38848876953125,10.099289894104004,15.19008731842041
2017-04-03,203.0347442626953,10.06239128112793,15.131546974182129
2017-04-04,203.16412353515625,10.07905387878418,15.156867027282715
2017-04-05,202.56024169921875,10.014776229858398,15.003397941589355
2017-04-06,203.12966918945312,10.061201095581055,15.126803398132324
2017-04-07,202.92254638671875,10.043343544006348,15.082505226135254
2017-04-10,203.04336547851562,10.055248260498047,15.106236457824707
2017-04-11,202.80177307128906,10.032630920410156,15.052445411682129
2017-04-12,201.9131317138672,9.949302673339844,14.862585067749023
2017-04-13,200.60171508789062,9.821930885314941,14.579384803771973
2017-04-17,202.37904357910156,9.988585472106934,14.948022842407227
2017-04-18,201.77508544921875,9.923115730285645,14.805630683898926
2017-04-19,201.40414428710938,9.889782905578613,14.729687690734863
2017-04-20,203.04336547851562,10.043343544006348,15.073012351989746
2017-04-21,202.3963165283203,9.987395286560059,14.946438789367676
2017-04-24,204.6222686767578,10.199285507202148,15.421082496643066
2017-04-25,205.81288146972656,10.31594467163086,15.69162368774414
2017-04-26,205.68344116210938,10.309990882873535,15.669476509094238
2017-04-27,205.85601806640625,10.323086738586426,15.707446098327637
2017-04-28,205.40737915039062,10.286184310913086,15.61093521118164
2017-05-01,205.9250030517578,10.3290376663208,15.709028244018555
2017-05-02,206.002685546875,10.336182594299316,15.735922813415527
2017-05-03,205.75245666503906,10.311182975769043,15.685295104980469
2017-05-04,205.99404907226562,10.3314208984375,15.715356826782227
2017-05-05,206.80508422851562,10.420700073242188,15.913122177124023
2017-05-08,206.77052307128906,10.413559913635254,15.903630256652832
2017-05-09,206.5807342529297,10.392129898071289,15.860910415649414
2017-05-10,206.95169067382812,10.424267768859863,15.933699607849121
2017-05-11,206.52896118164062,10.384988784790039,15.846674919128418
2017-05-12,206.18385314941406,10.35641860961914,15.767572402954102
2017-05-15,207.3226776123047,10.454029083251953,16.001724243164062
2017-05-16,207.1328582763672,10.44212818145752,15.966915130615234
2017-05-17,203.45748901367188,10.075486183166504,15.126803398132324
2017-05-18,204.27716064453125,10.1469087600708,15.283434867858887
2017-05-19,205.60572814941406,10.281421661376953,15.580875396728516
2017-05-22,206.6497802734375,10.382607460021973,15.830851554870605
2017-05-23,207.10704040527344,10.427841186523438,15.930527687072754
2017-05-24,207.59014892578125,10.47426700592041,16.020702362060547
2017-05-25,208.5823211669922,10.568306922912598,16.246952056884766
2017-05-26,208.53919982910156,10.573066711425781,16.254865646362305
2017-05-30,208.35801696777344,10.552831649780273,16.215312957763672
2017-05-31,208.30624389648438,10.54807186126709,16.18841552734375
2017-06-01,209.96278381347656,10.706393241882324,16.566545486450195
2017-06-02,210.6615753173828,10.77662467956543,16.726343154907227
2017-06-05,210.50631713867188,10.768289566040039,16.704193115234375
2017-06-06,209.83338928222656,10.705202102661133,16.55388832092285
2017-06-07,210.2216033935547,10.734959602355957,16.628252029418945
2017-06-08,210.32513427734375,10.74805736541748,16.648820877075195
2017-06-09,210.0059051513672,10.713532447814941,16.579204559326172
2017-06-12,209.96278381347656,10.706393241882324,16.557056427001953
2017-06-13,210.98944091796875,10.807577133178711,16.795961380004883
2017-06-14,210.72198486328125,10.788530349731445,16.737417221069336
2017-06-15,210.31646728515625,10.742104530334473,16.63141441345215
2017-06-16,210.36244201660156,10.743293762207031,16.63141441345215
2017-06-19,212.11373901367188,10.917091369628906,17.052261352539062
2017-06-20,210.6832275390625,10.77662467956543,16.726343154907227
2017-06-21,210.63116455078125,10.766141891479492,16.691537857055664
2017-06-22,210.53582763671875,10.755414962768555,16.672548294067383
2017-06-23,210.78726196289062,10.785201072692871,16.74374771118164
2017-06-26,210.92593383789062,10.789968490600586,16.757984161376953
2017-06-27,209.2267608642578,10.624354362487793,16.3687801361084
2017-06-28,211.09933471679688,10.801885604858398,16.780132293701172
2017-06-29,209.24398803710938,10.624354362487793,16.356122970581055
2017-06-30,209.6341552734375,10.65771770477295,16.43364906311035
2017-07-03,209.98963928222656,10.695842742919922,16.51433753967285
2017-07-05,210.47515869140625,10.735163688659668,16.621923446655273
2017-07-06,208.55050659179688,10.546911239624023,16.178918838500977
2017-07-07,209.9029541015625,10.67916202545166,16.476362228393555
2017-07-10,210.1283416748047,10.701801300048828,16.522249221801758
2017-07-11,209.97232055664062,10.67916202545166,16.484275817871094
2017-07-12,211.55023193359375,10.84239387512207,16.8560791015625
2017-07-13,211.90565490722656,10.874564170837402,16.935182571411133
2017-07-14,212.89402770996094,10.97226619720459,17.159849166870117
2017-07-17,212.86795043945312,10.97584056854248,17.16143226623535
2017-07-18,212.980712890625,10.987753868103027,17.188325881958008
2017-07-19,214.1337432861328,11.10213565826416,17.466779708862305
2017-07-20,214.22915649414062,11.108095169067383,17.47943687438965
2017-07-21,214.03842163085938,11.094988822937012,17.444639205932617
2017-07-24,213.9864044189453,11.084261894226074,17.427234649658203
2017-07-25,214.506591796875,11.13192081451416,17.531652450561523
2017-07-26,214.51524353027344,11.142643928527832,17.5458927154541
2017-07-27,214.31582641601562,11.120007514953613,17.504756927490234
2017-07-28,214.06442260742188,11.089029312133789,17.4224853515625
2017-07-31,213.94305419921875,11.0783052444458,17.39875030517578
2017-08-01,214.41986083984375,11.120007514953613,17.5015926361084
2017-08-02,214.52389526367188,11.130731582641602,17.52215576171875
2017-08-03,214.10780334472656,11.096179008483887,17.439889907836914
2017-08-04,214.4979248046875,11.130731582641602,17.51424789428711
2017-08-07,214.89671325683594,11.167667388916016,17.60759162902832
2017-08-08,214.36782836914062,11.120007514953613,17.498422622680664
2017-08-09,214.3591766357422,11.106902122497559,17.471532821655273
2017-08-10,211.33343505859375,10.803075790405273,16.745325088500977
2017-08-11,211.64556884765625,10.824522018432617,16.808616638183594
2017-08-14,213.74359130859375,11.042560577392578,17.302244186401367
2017-08-15,213.7176055908203,11.040181159973145,17.299074172973633
2017-08-16,214.09043884277344,11.074729919433594,17.37660026550293
2017-08-17,210.75257873535156,10.731586456298828,16.57286834716797
2017-08-18,210.4231414794922,10.69465160369873,16.479530334472656
2017-08-21,210.58779907226562,10.712523460388184,16.530155181884766
2017-08-22,212.7899627685547,10.925798416137695,17.017454147338867
2017-08-23,212.0270233154297,10.855502128601074,16.84816551208496
2017-08-24,211.53286743164062,10.806650161743164,16.7326717376709
2017-08-25,212.0270233154297,10.853117942810059,16.843420028686523
2017-08-28,212.03573608398438,10.857879638671875,16.846588134765625
2017-08-29,212.2784423828125,10.873374938964844,16.89405059814453
2017-08-30,213.28408813476562,10.978221893310547,17.145610809326172
2017-08-31,214.56724548339844,11.112858772277832,17.435138702392578
2017-09-01,214.87069702148438,11.147411346435547,17.530073165893555
2017-09-05,213.3275146484375,10.982987403869629,17.132953643798828
2017-09-06,214.05577087402344,11.054475784301758,17.306983947753906
2017-09-07,214.02975463867188,11.052095413208008,17.294328689575195
2017-09-08,213.77830505371094,11.021114349365234,17.221553802490234
2017-09-11,216.0584716796875,11.248686790466309,17.76422691345215
2017-09-12,216.7866668701172,11.329705238342285,17.958824157714844
2017-09-13,216.89077758789062,11.342812538146973,17.99205207824707
2017-09-14,216.8214111328125,11.334471702575684,17.966733932495117
2017-09-15,217.11326599121094,11.36783218383789,18.045848846435547
2017-09-18,217.57508850097656,11.411916732788086,18.142353057861328
2017-09-19,217.79286193847656,11.428601264953613,18.18507194519043
2017-09-20,217.87130737304688,11.438130378723145,18.21354866027832
2017-09-21,217.2875213623047,11.374983787536621,18.058502197265625
2017-09-22,217.33108520507812,11.379749298095703,18.067995071411133
2017-09-25,216.88674926757812,11.33209228515625,17.955657958984375
2017-09-26,217.01744079589844,11.34400749206543,17.987306594848633
2017-09-27,217.8625946044922,11.432257652282715,18.181907653808594
2017-09-28,218.12396240234375,11.458494186401367,18.251529693603516
2017-09-29,218.89065551757812,11.537203788757324,18.42714500427246
2017-10-02,219.8403778076172,11.630227088928223,18.661296844482422
2017-10-03,220.31082153320312,11.686279296875,18.7957820892334
2017-10-04,220.572265625,11.71490478515625,18.855899810791016
2017-10-05,221.87918090820312,11.846089363098145,19.180233001708984
2017-10-06,221.62652587890625,11.823429107666016,19.131195068359375
2017-10-09,221.260498046875,11.784071922302246,19.036266326904297
2017-10-10,221.8442840576172,11.842511177062988,19.16441535949707
2017-10-11,222.19281005859375,11.875904083251953,19.254594802856445
2017-10-12,221.8617401123047,11.837738990783691,19.172325134277344
2017-10-13,222.13180541992188,11.86874771118164,19.222951889038086
2017-10-16,222.42808532714844,11.902143478393555,19.306804656982422
2017-10-17,222.58489990234375,11.918840408325195,19.347942352294922
2017-10-18,222.802734375,11.934340476989746,19.4033145904541
2017-10-19,222.86373901367188,11.940302848815918,19.420719146728516
2017-10-20,224.01376342773438,12.06433391571045,19.699180603027344
2017-10-23,223.1424560546875,11.971309661865234,19.4840087890625
2017-10-24,223.53453063964844,12.008281707763672,19.575775146484375
2017-10-25,222.42808532714844,11.89140796661377,19.303646087646484
2017-10-26,222.71559143066406,11.918840408325195,19.34320068359375
2017-10-27,224.5365753173828,12.10965347290039,19.83523941040039
2017-10-30,223.7001190185547,12.023783683776855,19.61532211303711
2017-10-31,224.0486297607422,12.059563636779785,19.6865177154541
2017-11-01,224.34486389160156,12.091765403747559,19.78777313232422
2017-11-02,224.43199157714844,12.098918914794922,19.80043601989746
2017-11-03,225.18130493164062,12.175246238708496,19.97921371459961
2017-11-06,225.52984619140625,12.207447052001953,20.059904098510742
2017-11-07,225.3730010986328,12.203868865966797,20.042497634887695
2017-11-08,225.7563018798828,12.243224143981934,20.140594482421875
2017-11-09,224.9373321533203,12.150200843811035,19.909597396850586
2017-11-10,224.86764526367188,12.1394681930542,19.882705688476562
2017-11-13,225.0767364501953,12.159744262695312,19.934917449951172
2017-11-14,224.5540313720703,12.103691101074219,19.809925079345703
2017-11-15,223.43003845214844,11.980853080749512,19.50299072265625
2017-11-16,225.32940673828125,12.176437377929688,19.9697208404541
2017-11-17,224.66720581054688,12.10965347290039,19.821002960205078
2017-11-20,225.0506134033203,12.145432472229004,19.90485382080078
2017-11-21,226.5230712890625,12.302854537963867,20.290895462036133
2017-11-22,226.3226776123047,12.284963607788086,20.23077392578125
2017-11-24,226.84535217285156,12.338630676269531,20.360509872436523
2017-11-27,226.7322235107422,12.329090118408203,20.34785270690918
2017-11-28,229.03233337402344,12.568801879882812,20.950645446777344
2017-11-29,228.89292907714844,12.560455322265625,20.91267204284668
2017-11-30,230.89686584472656,12.76796817779541,21.433195114135742
2017-12-01,230.4176483154297,12.717878341674805,21.316118240356445
2017-12-04,230.1388397216797,12.686871528625488,21.233848571777344
2017-12-05,229.31112670898438,12.599811553955078,21.010766983032227
2017-12-06,229.3546600341797,12.601004600524902,21.010766983032227
2017-12-07,230.07786560058594,12.678523063659668,21.208532333374023
2017-12-08,231.33248901367188,12.813285827636719,21.54869270324707
2017-12-11,232.02944946289062,12.89438533782959,21.755952835083008
2017-12-12,232.43899536132812,12.940896987915039,21.86195945739746
2017-12-13,232.41290283203125,12.931355476379395,21.84929656982422
2017-12-14,231.4631805419922,12.826407432556152,21.581924438476562
2017-12-15,233.3906707763672,13.039877891540527,22.10718536376953
2017-12-18,234.87071228027344,13.198495864868164,22.529619216918945
2017-12-19,233.96868896484375,13.107854843139648,22.271728515625
2017-12-20,233.8460235595703,13.087584495544434,22.232179641723633
2017-12-21,234.3276824951172,13.132901191711426,22.34767723083496
2017-12-22,234.26634216308594,13.126943588256836,22.327104568481445
2017-12-26,233.98617553710938,13.093619346618652,22.24008560180664
2017-12-27,234.1000213623047,13.109140396118164,22.287548065185547
2017-12-28,234.58164978027344,13.158113479614258,22.3903865814209
2017-12-29,233.69715881347656,13.069731712341309,22.17363166809082
2018-01-02,235.36985778808594,13.24649429321289,22.62770652770996
2018-01-03,236.8585662841797,13.405341148376465,23.0406494140625
2018-01-04,237.85691833496094,13.524776458740234,23.331762313842773
2018-01-05,239.44195556640625,13.694374084472656,23.787418365478516
2018-01-08,239.87974548339844,13.745732307434082,23.90607261657715
2018-01-09,240.42282104492188,13.807836532592773,24.07536506652832
2018-01-10,240.05496215820312,13.763644218444824,23.963031768798828
2018-01-11,241.80642700195312,13.955937385559082,24.458236694335938
2018-01-12,243.3827667236328,14.141060829162598,24.940797805786133
2018-01-16,242.55081176757812,14.043123245239258,24.681324005126953
2018-01-17,244.86270141601562,14.314241409301758,25.390117645263672
2018-01-18,244.45118713378906,14.264076232910156,25.27462387084961
2018-01-19,245.56333923339844,14.388288497924805,25.5847225189209
2018-01-22,247.5599365234375,14.61879825592041,26.212831497192383
2018-01-23,248.08544921875,14.680903434753418,26.396360397338867
2018-01-24,247.98910522460938,14.672545433044434,26.347312927246094
2018-01-25,248.0941162109375,14.67851734161377,26.382116317749023
2018-01-26,250.96661376953125,15.014126777648926,27.2823543548584
2018-01-29,249.30270385742188,14.8134765625,26.723859786987305
2018-01-30,246.74546813964844,14.500555038452148,25.89324188232422
2018-01-31,246.86814880371094,14.529224395751953,26.212831497192383
2018-02-01,246.587890625,14.491003036499023,25.84577751159668
2018-02-02,241.2198028564453,13.861581802368164,24.175039291381836
2018-02-05,231.1312713623047,12.735313415527344,21.20220184326172
2018-02-06,235.68507385253906,13.196331024169922,22.426776885986328
2018-02-07,234.40650939941406,13.043455123901367,22.002769470214844
2018-02-08,225.6141815185547,12.079618453979492,19.55203628540039
2018-02-09,229.0032958984375,12.446285247802734,20.458602905273438
2018-02-12,232.3660430908203,12.784283638000488,21.2607479095459
2018-02-13,232.944091796875,12.857136726379395,21.44743537902832
2018-02-14,236.08792114257812,13.205885887145996,22.32868766784668
2018-02-15,239.10040283203125,13.533137321472168,23.145069122314453
2018-02-16,239.17050170898438,13.541499137878418,23.1624755859375
2018-02-20,237.67298889160156,13.379067420959473,22.7542781829834
2018-02-21,236.49075317382812,13.23096752166748,22.3903865814209
2018-02-22,236.79721069335938,13.26082706451416,22.482152938842773
2018-02-23,240.57162475585938,13.688403129577637,23.553260803222656
2018-02-26,243.3651885986328,14.0084867477417,24.371219635009766
2018-02-27,240.32644653320312,13.654961585998535,23.42985725402832
2018-02-28,237.8919219970703,13.35637378692627,22.665681838989258
2018-03-01,234.43275451660156,12.994488716125488,21.74329376220703
2018-03-02,235.6412811279297,13.127056121826172,22.078706741333008
2018-03-05,238.3647918701172,13.425647735595703,22.823894500732422
2018-03-06,238.96908569335938,13.49252986907959,23.004255294799805
2018-03-07,238.88143920898438,13.47700309753418,22.978944778442383
2018-03-08,240.0374755859375,13.603604316711426,23.285877227783203
2018-03-09,244.21469116210938,14.07059383392334,24.4977970123291
2018-03-12,243.90817260742188,14.044317245483398,24.41077995300293
2018-03-13,242.33189392089844,13.865166664123535,23.940879821777344
2018-03-14,241.08834838867188,13.718260765075684,23.558008193969727
2018-03-15,240.8255615234375,13.689594268798828,23.474153518676758
2018-03-16,241.0867156982422,13.714678764343262,23.55484962463379
2018-03-19,237.8247833251953,13.346818923950195,22.594486236572266
2018-03-20,238.22921752929688,13.388619422912598,22.695743560791016
2018-03-21,237.77200317382812,13.32882022857666,22.578907012939453
2018-03-22,231.82838439941406,12.667400360107422,21.079662322998047
2018-03-23,226.88710021972656,12.122000694274902,19.518674850463867
2018-03-26,233.0945281982422,12.791792869567871,21.13507843017578
2018-03-27,229.129150390625,12.33848762512207,20.025287628173828
2018-03-28,228.45208740234375,12.276291847229004,19.85747528076172
2018-03-29,231.37115478515625,12.61596965789795,20.6965389251709
2018-04-02,226.3771209716797,12.046648979187012,19.276451110839844
2018-04-03,229.2786102294922,12.345663070678711,20.006284713745117
2018-04-04,231.731689453125,12.623148918151855,20.70128631591797
2018-04-05,233.560546875,12.804945945739746,21.122406005859375
2018-04-06,228.3554229736328,12.239214897155762,19.732397079467773
2018-04-09,229.48081970214844,12.33968448638916,19.968290328979492
2018-04-10,233.12962341308594,12.737972259521484,20.92134666442871
2018-04-11,231.9075164794922,12.611186981201172,20.611051559448242
2018-04-12,233.81544494628906,12.806143760681152,21.100236892700195
2018-04-13,233.12962341308594,12.737972259521484,20.916597366333008
2018-04-16,235.04640197753906,12.94249153137207,21.42003631591797
2018-04-17,237.56101989746094,13.215192794799805,22.11504554748535
2018-04-18,237.7368621826172,13.23672103881836,22.160951614379883
2018-04-19,236.41802978515625,13.082430839538574,21.77307891845703
2018-04-20,234.41331481933594,12.867141723632812,21.225311279296875
2018-04-23,234.37815856933594,12.85876750946045,21.215810775756836
2018-04-24,231.22169494628906,12.516698837280273,20.365665435791016
2018-04-25,231.7932586669922,12.57171630859375,20.503393173217773
2018-04-26,234.1495361328125,12.820497512817383,21.128742218017578
2018-04-27,234.369384765625,12.849202156066895,21.163570404052734
2018-04-30,232.56695556640625,12.641088485717773,20.66803741455078
2018-05-01,232.9801788330078,12.696107864379883,20.782028198242188
2018-05-02,231.4151611328125,12.51909351348877,20.34349822998047
2018-05-03,230.90518188476562,12.461679458618164,20.20576286315918
2018-05-04,233.89462280273438,12.783416748046875,20.994169235229492
2018-05-07,234.68588256835938,12.85876750946045,21.199981689453125
2018-05-08,234.68588256835938,12.862359046936035,21.206315994262695
2018-05-09,236.95433044433594,13.115921974182129,21.826908111572266
2018-05-10,239.1699981689453,13.355130195617676,22.425338745117188
2018-05-11,239.8998260498047,13.410151481628418,22.551992416381836
2018-05-14,240.01412963867188,13.441248893737793,22.6485595703125
2018-05-15,238.36102294921875,13.257052421569824,22.164119720458984
2018-05-16,239.36343383789062,13.373072624206543,22.445919036865234
2018-05-17,239.16119384765625,13.349151611328125,22.392093658447266
2018-05-18,238.56329345703125,13.284565925598145,22.217945098876953
2018-05-21,240.35694885253906,13.474737167358398,22.715059280395508
2018-05-22,239.6887969970703,13.398189544677734,22.52191162109375
2018-05-23,240.34820556640625,13.475931167602539,22.696056365966797
2018-05-24,239.8558349609375,13.420914649963379,22.569412231445312
2018-05-25,239.28431701660156,13.351541519165039,22.379426956176758
2018-05-29,236.5323028564453,13.054924011230469,21.64326286315918
2018-05-30,239.6887969970703,13.385032653808594,22.469667434692383
2018-05-31,238.2204132080078,13.198448181152344,22.00422477722168
2018-06-01,240.55926513671875,13.475931167602539,22.697643280029297
2018-06-04,241.70220947265625,13.606303215026855,23.02060317993164
2018-06-05,241.87814331054688,13.639793395996094,23.087093353271484
2018-06-06,243.9003448486328,13.859868049621582,23.66653060913086
2018-06-07,243.87388610839844,13.843123435974121,23.633281707763672
2018-06-08,244.59490966796875,13.92684555053711,23.818513870239258
2018-06-11,244.9202117919922,13.96033763885498,23.918249130249023
2018-06-12,245.23684692382812,14.004589080810547,24.02273941040039
2018-06-13,244.45419311523438,13.894552230834961,23.747272491455078
2018-06-14,245.0697021484375,13.974686622619629,23.946746826171875
2018-06-15,244.7570343017578,13.936412811279297,23.847015380859375
2018-06-18,244.25360107421875,13.877809524536133,23.676025390625
2018-06-19,243.3174591064453,13.770162582397461,23.414812088012695
2018-06-20,243.73260498046875,13.816765785217285,23.508939743041992
2018-06-21,242.20460510253906,13.638260841369629,23.08107566833496
2018-06-22,242.6461944580078,13.681390762329102,23.190418243408203
2018-06-25,239.34304809570312,13.310003280639648,22.26812744140625
2018-06-26,239.87301635742188,13.363914489746094,22.386980056762695
2018-06-27,237.88584899902344,13.138684272766113,21.825992584228516
2018-06-28,239.2460174560547,13.294428825378418,22.215831756591797
2018-06-29,239.59046936035156,13.332767486572266,22.28714370727539
2018-07-02,240.10264587402344,13.395062446594238,22.410747528076172
2018-07-03,239.25485229492188,13.281250953674316,22.154022216796875
2018-07-05,241.2066650390625,13.501687049865723,22.71025848388672
2018-07-06,243.24684143066406,13.716132164001465,23.25697135925293
2018-07-09,245.43710327148438,13.970110893249512,23.898773193359375
2018-07-10,246.32022094726562,14.061161994934082,24.150739669799805
2018-07-11,244.51853942871094,13.867082595825195,23.64205551147461
2018-07-12,246.73541259765625,14.10788631439209,24.245820999145508
2018-07-13,246.9296112060547,14.129448890686035,24.293357849121094
2018-07-16,246.7089080810547,14.1030912399292,24.241073608398438
2018-07-17,247.7069549560547,14.227684020996094,24.545337677001953
2018-07-18,248.22804260253906,14.280397415161133,24.683198928833008
2018-07-19,247.29177856445312,14.173772811889648,24.39794921875
2018-07-20,247.0092010498047,14.139034271240234,24.3123836517334
2018-07-23,247.4683837890625,14.189348220825195,24.454998016357422
2018-07-24,248.71371459960938,14.32113265991211,24.787790298461914
2018-07-25,250.83334350585938,14.582301139831543,25.46286964416504
2018-07-26,250.24159240722656,14.493648529052734,25.22041130065918
2018-07-27,248.54588317871094,14.300765991210938,24.730741500854492
2018-07-30,247.24766540527344,14.14023208618164,24.3171329498291
2018-07-31,248.46644592285156,14.27800464630127,24.678438186645508
2018-08-01,248.05136108398438,14.243260383605957,24.578611373901367
2018-08-02,249.40269470214844,14.377439498901367,24.939922332763672
2018-08-03,250.4713134765625,14.516409873962402,25.27745819091797
2018-08-06,251.3898468017578,14.620636940002441,25.553199768066406
2018-08-07,252.2200927734375,14.705697059631348,25.781389236450195
2018-08-08,252.11402893066406,14.692517280578613,25.72434425354004
2018-08-09,251.76950073242188,14.65298080444336,25.624507904052734
2018-08-10,250.08262634277344,14.449320793151855,25.10631561279297
2018-08-13,249.14646911621094,14.33670425415039,24.8400821685791
2018-08-14,250.7362518310547,14.524795532226562,25.305988311767578
2018-08-15,248.86383056640625,14.305558204650879,24.749755859375
2018-08-16,250.8775177001953,14.53917121887207,25.31073570251465
2018-08-17,251.7607421875,14.627822875976562,25.557950973510742
2018-08-20,252.29946899414062,14.698509216308594,25.75286865234375
2018-08-21,252.89112854003906,14.75721263885498,25.895488739013672
2018-08-22,252.7410125732422,14.746428489685059,25.881227493286133
2018-08-23,252.40542602539062,14.700902938842773,25.733850479125977
2018-08-24,253.9244842529297,14.877015113830566,26.199758529663086
2018-08-27,255.92935180664062,15.105833053588867,26.80827522277832
2018-08-28,256.0529479980469,15.12380599975586,26.846309661865234
2018-08-29,257.4306640625,15.289133071899414,27.283679962158203
2018-08-30,256.3885192871094,15.154955863952637,26.9318790435791
2018-08-31,256.39739990234375,15.156152725219727,26.922372817993164
2018-09-04,255.9558563232422,15.111824035644531,26.80352020263672
2018-09-05,255.26693725585938,15.015982627868652,26.584835052490234
2018-09-06,254.49853515625,14.930923461914062,26.32811164855957
2018-09-07,254.00396728515625,14.865035057067871,26.156970977783203
2018-09-10,254.44549560546875,14.915349006652832,26.304344177246094
2018-09-11,255.28457641601562,15.023171424865723,26.580080032348633
2018-09-12,255.34646606445312,15.027961730957031,26.584835052490234
2018-09-13,256.8567199707031,15.192094802856445,27.022205352783203
2018-09-14,256.9007873535156,15.20047664642334,27.050731658935547
2018-09-17,255.5408477783203,15.035152435302734,26.599096298217773
2018-09-18,256.92730712890625,15.196885108947754,27.02696418762207
2018-09-19,257.201171875,15.228034019470215,27.117290496826172
2018-09-20,259.2854919433594,15.465240478515625,27.74958038330078
2018-09-21,259.04852294921875,15.446075439453125,27.67351531982422
2018-09-24,258.18798828125,15.344242095947266,27.416791915893555
2018-09-25,257.9484558105469,15.30710220336914,27.307453155517578
2018-09-26,257.17657470703125,15.21117115020752,27.05436897277832
2018-09-27,257.895263671875,15.296309471130371,27.27320098876953
2018-09-28,257.92193603515625,15.291513442993164,27.24465560913086
2018-10-01,258.81787109375,15.398238182067871,27.55387306213379
2018-10-02,258.6671142578125,15.381450653076172,27.52533721923828
2018-10-03,258.8091125488281,15.404234886169434,27.563392639160156
2018-10-04,256.78631591796875,15.160805702209473,26.90213966369629
2018-10-05,255.34906005859375,14.992925643920898,26.473989486694336
2018-10-08,255.34906005859375,14.972539901733398,26.43117332458496
2018-10-09,254.97640991210938,14.93776798248291,26.326513290405273
2018-10-10,246.90301513671875,13.978449821472168,23.790910720825195
2018-10-11,241.464599609375,13.365686416625977,22.24956703186035
2018-10-12,244.8181610107422,13.742218017578125,23.148683547973633
2018-10-15,243.44293212890625,13.591123580932617,22.75858497619629
2018-10-16,248.76609802246094,14.172709465026855,24.185758590698242
2018-10-17,248.81045532226562,14.172709465026855,24.23809242248535
2018-10-18,245.21742248535156,13.76979923248291,23.196252822875977
2018-10-19,245.08425903320312,13.743414878845215,23.129653930664062
2018-10-22,243.98422241210938,13.619902610778809,22.839460372924805
2018-10-23,242.74217224121094,13.476007461547852,22.449373245239258
2018-10-24,235.38743591308594,12.664183616638184,20.39424705505371
2018-10-25,239.6103057861328,13.112663269042969,21.52646255493164
2018-10-26,235.39630126953125,12.6473970413208,20.356189727783203
2018-10-29,234.0921173095703,12.507094383239746,20.004150390625
2018-10-30,237.56092834472656,12.872836112976074,20.931812286376953
2018-10-31,240.0983123779297,13.148638725280762,21.583555221557617
2018-11-01,242.6534423828125,13.41245174407959,22.259077072143555
2018-11-02,241.2162322998047,13.266154289245605,21.821414947509766
2018-11-05,242.54696655273438,13.406455993652344,22.22102165222168
2018-11-06,244.08180236816406,13.573137283325195,22.620624542236328
2018-11-07,249.3072967529297,14.146330833435059,24.057313919067383
2018-11-08,248.85487365722656,14.094765663146973,23.914594650268555
2018-11-09,246.42401123046875,13.836949348449707,23.253339767456055
2018-11-12,241.8195037841797,13.294936180114746,21.902284622192383
2018-11-13,241.3669891357422,13.252965927124023,21.792871475219727
2018-11-14,239.7168426513672,13.059901237487793,21.317148208618164
2018-11-15,242.21871948242188,13.33450984954834,21.997434616088867
2018-11-16,242.84857177734375,13.404056549072266,22.1544189453125
2018-11-19,238.74098205566406,12.950779914855957,21.06976890563965
2018-11-20,234.32272338867188,12.472321510314941,19.87095069885254
2018-11-21,235.1212921142578,12.55026626586914,20.061243057250977
2018-11-23,233.55101013183594,12.394375801086426,19.65687370300293
2018-11-26,237.32144165039062,12.775707244873047,20.584531784057617
2018-11-27,238.11990356445312,12.859644889831543,20.784337997436523
2018-11-28,243.60264587402344,13.438833236694336,22.206750869750977
2018-11-29,243.07040405273438,13.394463539123535,22.06403350830078
2018-11-30,244.5519256591797,13.562344551086426,22.506454467773438
2018-12-03,247.7902069091797,13.907699584960938,23.343730926513672
2018-12-04,239.7611541748047,13.023929595947266,21.126861572265625
2018-12-06,239.3974609375,12.984355926513672,20.993661880493164
2018-12-07,233.83477783203125,12.364396095275879,19.52367401123047
2018-12-10,234.27841186523438,12.396773338317871,19.614057540893555
2018-12-11,234.33160400390625,12.407569885253906,19.609302520751953
2018-12-12,235.5115966796875,12.534676551818848,19.918521881103516
2018-12-13,235.43173217773438,12.525084495544434,19.894739151000977
2018-12-14,231.08456420898438,12.052618980407715,18.781551361083984
2018-12-17,226.55108642578125,11.56696605682373,17.64456558227539
2018-12-18,226.30262756347656,11.55257511138916,17.611265182495117
2018-12-19,222.91360473632812,11.201226234436035,16.80253791809082
2018-12-20,219.28501892089844,10.842681884765625,15.979527473449707
2018-12-21,214.7919464111328,10.383406639099121,14.97575855255127
2018-12-24,209.1165313720703,9.810216903686523,13.795968055725098
2018-12-26,219.68214416503906,10.802035331726074,15.826979637145996
2018-12-27,221.36868286132812,11.014876365661621,16.247116088867188
2018-12-28,221.08311462402344,10.96076488494873,16.170732498168945
2018-12-31,223.01954650878906,11.161581039428711,16.605195999145508
2019-01-02,223.25160217285156,11.174811363220215,16.63861656188965
2019-01-03,217.92417907714844,10.622864723205566,15.397285461425781
2019-01-04,225.22369384765625,11.355184555053711,16.963272094726562
2019-01-07,226.99949645996094,11.519927024841309,17.35000228881836
2019-01-08,229.13223266601562,11.7315673828125,17.83220672607422
2019-01-09,230.20306396484375,11.839792251586914,18.08047103881836
2019-01-10,231.01510620117188,11.931180953979492,18.300094604492188
2019-01-11,231.10438537597656,11.926372528076172,18.285764694213867
2019-01-14,229.69444274902344,11.792896270751953,17.975431442260742
2019-01-15,232.326904296875,12.062254905700684,18.581775665283203
2019-01-16,232.8891143798828,12.109151840209961,18.691585540771484
2019-01-17,234.6559600830078,12.28711986541748,19.121280670166016
2019-01-18,237.7792205810547,12.611794471740723,19.8708553314209
2019-01-22,234.56674194335938,12.284716606140137,19.078310012817383
2019-01-23,235.0574951171875,12.317181587219238,19.169029235839844
2019-01-24,235.18247985839844,12.337624549865723,19.221540451049805
2019-01-25,237.17247009277344,12.540846824645996,19.68942642211914
2019-01-28,235.36990356445312,12.360472679138184,19.254961013793945
2019-01-29,235.0574951171875,12.31597900390625,19.169029235839844
2019-01-30,238.77870178222656,12.704385757446289,20.071372985839844
2019-01-31,240.87576293945312,12.917228698730469,20.572677612304688
2019-02-01,240.99176025390625,12.943682670593262,20.601329803466797
2019-02-04,242.6872100830078,13.125261306762695,21.040573120117188
2019-02-05,243.70458984375,13.2310791015625,21.31270980834961
2019-02-06,243.3832550048828,13.186590194702148,21.207670211791992
2019-02-07,241.06314086914062,12.937671661376953,20.596559524536133
2019-02-08,241.35763549804688,12.964126586914062,20.672943115234375
2019-02-11,241.49148559570312,12.978556632995605,20.70636749267578
2019-02-12,244.59686279296875,13.316460609436035,21.498910903930664
2019-02-13,245.39112854003906,13.393415451049805,21.689882278442383
2019-02-14,244.84678649902344,13.328482627868652,21.54187774658203
2019-02-15,247.5149688720703,13.619487762451172,22.234155654907227
2019-02-19,247.9432373046875,13.669992446899414,22.343969345092773
2019-02-20,248.4429931640625,13.719291687011719,22.47764778137207
2019-02-21,247.55960083007812,13.619487762451172,22.229385375976562
2019-02-22,249.09442138671875,13.785431861877441,22.649524688720703
2019-02-25,249.43345642089844,13.833531379699707,22.745014190673828
2019-02-26,249.25503540039062,13.798660278320312,22.673402786254883
2019-02-27,249.1480255126953,13.789039611816406,22.635202407836914
2019-02-28,248.68394470214844,13.719291687011719,22.4824275970459
2019-03-01,250.2366485595703,13.914097785949707,22.93121337890625
2019-03-04,249.32647705078125,13.799863815307617,22.65907859802246
2019-03-05,248.98736572265625,13.760178565979004,22.563587188720703
2019-03-06,247.47926330566406,13.584615707397461,22.148218154907227
2019-03-07,245.40902709960938,13.360952377319336,21.59439468383789
2019-03-08,244.91815185546875,13.305635452270508,21.460716247558594
2019-03-11,248.46981811523438,13.697649955749512,22.396482467651367
2019-03-12,249.40667724609375,13.784228324890137,22.625656127929688
2019-03-13,251.05763244628906,13.973020553588867,23.07444190979004
2019-03-14,250.89698791503906,13.953782081604004,23.02669906616211
2019-03-15,252.1365509033203,14.088460922241211,23.360904693603516
2019-03-18,253.05084228515625,14.194283485412598,23.62349510192871
2019-03-19,253.11358642578125,14.197887420654297,23.637813568115234
2019-03-20,252.35169982910156,14.091873168945312,23.390995025634766
2019-03-21,255.20188903808594,14.414742469787598,24.16112518310547
2019-03-22,250.2902374267578,13.85815143585205,22.783498764038086
2019-03-25,250.1020050048828,13.842491149902344,22.726091384887695
2019-03-26,251.96627807617188,14.037657737731934,23.204439163208008
2019-03-27,250.6487579345703,13.89670467376709,22.879165649414062
2019-03-28,251.59884643554688,14.00994873046875,23.123123168945312
2019-03-29,253.18531799316406,14.191864967346191,23.57276153564453
2019-04-01,256.18780517578125,14.509918212890625,24.3955135345459
2019-04-02,256.3133850097656,14.520758628845215,24.390729904174805
2019-04-03,256.71661376953125,14.573771476745605,24.53423309326172
2019-04-04,257.3978576660156,14.6412353515625,24.69208526611328
2019-04-05,258.6436462402344,14.766524314880371,25.012577056884766
2019-04-08,258.8409423828125,14.800259590148926,25.108245849609375
2019-04-09,257.5142822265625,14.642438888549805,24.706436157226562
2019-04-10,258.39276123046875,14.737615585327148,24.9599609375
2019-04-11,258.32098388671875,14.73038387298584,24.931257247924805
2019-04-12,260.0688171386719,14.927966117858887,25.433513641357422
2019-04-15,259.8985595703125,14.908686637878418,25.366548538208008
2019-04-16,260.0688171386719,14.923144340515137,25.438302993774414
2019-04-17,259.4324645996094,14.852066040039062,25.2182674407959
2019-04-18,259.9432373046875,14.902664184570312,25.35219955444336
2019-04-22,260.1673278808594,14.924347877502441,25.433513641357422
2019-04-23,262.5067443847656,15.196621894836426,26.08406639099121
2019-04-24,261.924072265625,15.127951622009277,25.930999755859375
2019-04-25,261.76275634765625,15.101448059082031,25.849681854248047
2019-04-26,262.9818115234375,15.244810104370117,26.222782135009766
2019-04-29,263.3940124511719,15.28336238861084,26.313669204711914
2019-04-30,263.5284729003906,15.286975860595703,26.356721878051758
2019-05-01,261.54766845703125,15.076147079467773,25.763574600219727
2019-05-02,260.9830017089844,15.003859519958496,25.60572624206543
2019-05-03,263.5374755859375,15.285770416259766,26.328025817871094
2019-05-06,262.4529724121094,15.15927505493164,26.017099380493164
2019-05-07,258.0699768066406,14.654487609863281,24.71600341796875
2019-05-08,257.7115478515625,14.613527297973633,24.601200103759766
2019-05-09,256.9317626953125,14.517145156860352,24.352462768554688
2019-05-10,258.22235107421875,14.647256851196289,24.696870803833008
2019-05-13,251.73324584960938,13.925616264343262,22.869600296020508
2019-05-14,254.0098419189453,14.175000190734863,23.4436092376709
2019-05-15,255.49769592285156,14.329207420349121,23.850196838378906
2019-05-16,257.86395263671875,14.596658706665039,24.4959659576416
2019-05-17,256.1967468261719,14.413538932800293,24.036758422851562
2019-05-20,254.50279235839844,14.224390029907227,23.57276153564453
2019-05-21,256.79736328125,14.468955039978027,24.180259704589844
2019-05-22,256.008544921875,14.385828971862793,23.974573135375977
2019-05-23,252.88050842285156,14.031634330749512,23.113548278808594
2019-05-24,253.45411682128906,14.08102798461914,23.204439163208008
2019-05-28,251.09683227539062,13.819601058959961,22.58258819580078
2019-05-29,249.41183471679688,13.641298294067383,22.132949829101562
2019-05-30,250.0930938720703,13.700326919555664,22.290802001953125
2019-05-31,246.7229461669922,13.334089279174805,21.377164840698242
2019-06-03,246.09555053710938,13.259394645690918,21.204967498779297
2019-06-04,251.43740844726562,13.832850456237793,22.58258819580078
2019-06-05,253.61549377441406,14.071390151977539,23.15182113647461
2019-06-06,255.2646484375,14.256922721862793,23.591896057128906
2019-06-07,257.81915283203125,14.535218238830566,24.304630279541016
2019-06-10,259.0022277832031,14.677377700805664,24.639463424682617
2019-06-11,258.93951416015625,14.666532516479492,24.62033462524414
2019-06-12,258.48236083984375,14.614730834960938,24.48639678955078
2019-06-13,259.5489501953125,14.742432594299316,24.806888580322266
2019-06-14,259.2621765136719,14.690628051757812,24.68252182006836
2019-06-17,259.3606872558594,14.713518142700195,24.725566864013672
2019-06-18,262.0765686035156,14.996634483337402,25.45743751525879
2019-06-19,262.6680603027344,15.083374977111816,25.667905807495117
2019-06-20,265.1776428222656,15.358057975769043,26.38063621520996
2019-06-21,264.792236328125,15.31950569152832,26.28018569946289
2019-06-24,264.4679870605469,15.280951499938965,26.174951553344727
2019-06-25,261.87408447265625,14.975030899047852,25.412668228149414
2019-06-26,261.6129455566406,14.937606811523438,25.30246925354004
2019-06-27,262.5405578613281,15.05229377746582,25.58514976501465
2019-06-28,263.89154052734375,15.212862014770508,25.944494247436523
2019-07-01,266.2872619628906,15.465181350708008,26.620058059692383
2019-07-02,266.98077392578125,15.54848575592041,26.873991012573242
2019-07-03,269.115234375,15.788731575012207,27.468101501464844
2019-07-05,268.8091125488281,15.750100135803223,27.34832191467285
2019-07-08,267.3321228027344,15.575041770935059,26.94106674194336
2019-07-09,267.6651916503906,15.625747680664062,27.032100677490234
2019-07-10,268.94427490234375,15.758552551269531,27.415401458740234
2019-07-11,269.5746765136719,15.828572273254395,27.58308982849121
2019-07-12,270.7815246582031,15.975858688354492,27.9711856842041
2019-07-15,270.8716735839844,15.984312057495117,27.97597312927246
2019-07-16,269.9979553222656,15.875657081604004,27.69808006286621
2019-07-17,268.16064453125,15.657140731811523,27.1470890045166
2019-07-18,269.1423645019531,15.771830558776855,27.42498779296875
2019-07-19,267.64727783203125,15.591946601867676,26.9554386138916
2019-07-22,268.3046569824219,15.666796684265137,27.151880264282227
2019-07-23,270.22308349609375,15.887726783752441,27.707664489746094
2019-07-24,271.49310302734375,16.0325984954834,28.090957641601562
2019-07-25,270.1961669921875,15.879278182983398,27.67412757873535
2019-07-26,272.0064697265625,16.090547561645508,28.239492416381836
2019-07-29,271.5111389160156,16.03742790222168,28.09575080871582
2019-07-30,270.844482421875,15.957747459411621,27.894519805908203
2019-07-31,267.88140869140625,15.595564842224121,26.931486129760742
2019-08-01,265.5487365722656,15.317895889282227,26.251134872436523
2019-08-02,263.54931640625,15.119903564453125,25.68097686767578
2019-08-05,255.6236114501953,14.212031364440918,23.395559310913086
2019-08-06,259.2081298828125,14.58145809173584,24.291521072387695
2019-08-07,259.3611755371094,14.589908599853516,24.344226837158203
2019-08-08,264.4499816894531,15.14767074584961,25.743267059326172
2019-08-09,262.6486511230469,14.952091217041016,25.216228485107422
2019-08-12,259.45135498046875,14.592324256896973,24.286724090576172
2019-08-13,263.4862060546875,15.030563354492188,25.407875061035156
2019-08-14,255.6956024169922,14.150459289550781,23.179956436157227
2019-08-15,256.3710632324219,14.226516723632812,23.35244369506836
2019-08-16,260.15380859375,14.64302921295166,24.372968673706055
2019-08-19,263.2880859375,14.996761322021484,25.249765396118164
2019-08-20,261.2706298828125,14.758928298950195,24.660444259643555
2019-08-21,263.3962097167969,14.991930961608887,25.25935173034668
2019-08-22,263.3150634765625,14.97865104675293,25.225805282592773
2019-08-23,256.55120849609375,14.2059965133667,23.266197204589844
2019-08-26,259.3883361816406,14.517472267150879,24.028003692626953
2019-08-27,258.37054443359375,14.40278148651123,23.764482498168945
2019-08-28,260.18988037109375,14.60439682006836,24.257984161376953
2019-08-29,263.51324462890625,14.9798583984375,25.173105239868164
2019-08-30,263.3962097167969,14.965371131896973,25.149150848388672
2019-09-03,261.8561096191406,14.790314674377441,24.703569412231445
2019-09-04,264.8282165527344,15.117488861083984,25.513282775878906
2019-09-05,268.232666015625,15.513472557067871,26.50506591796875
2019-09-06,268.4397888183594,15.533995628356934,26.572145462036133
2019-09-09,268.5749816894531,15.544858932495117,26.59130859375
2019-09-10,268.5119934082031,15.54727840423584,26.59130859375
2019-09-11,270.4212341308594,15.759757995605469,27.156675338745117
2019-09-12,271.3579406738281,15.86961841583252,27.38665008544922
2019-09-13,271.1778564453125,15.841851234436035,27.324369430541992
2019-09-16,270.3401794433594,15.742855072021484,27.089599609375
2019-09-17,271.0247802734375,15.817707061767578,27.300413131713867
2019-09-18,271.18682861328125,15.84064769744873,27.343528747558594
2019-09-19,271.1687927246094,15.8309907913208,27.300413131713867
2019-09-20,269.88763427734375,15.668004035949707,26.893157958984375
2019-09-23,269.8242492675781,15.671624183654785,26.917118072509766
2019-09-24,267.70703125,15.421722412109375,26.255922317504883
2019-09-25,269.29046630859375,15.595564842224121,26.715879440307617
2019-09-26,268.7294921875,15.53882884979248,26.552974700927734
2019-09-27,267.2818298339844,15.367392539978027,26.102603912353516
2019-09-30,268.521240234375,15.507436752319336,26.481111526489258
2019-10-01,265.3273010253906,15.1392183303833,25.532447814941406
2019-10-02,260.640380859375,14.6068115234375,24.17173957824707
2019-10-03,262.77581787109375,14.830157279968262,24.746686935424805
2019-10-04,266.33172607421875,15.229762077331543,25.738473892211914
2019-10-07,265.1825866699219,15.105417251586914,25.412668228149414
2019-10-08,261.0655822753906,14.633371353149414,24.229230880737305
2019-10-09,263.5447998046875,14.898972511291504,24.885635375976562
2019-10-10,265.3273010253906,15.101792335510254,25.388708114624023
2019-10-11,268.0779724121094,15.420513153076172,26.155309677124023
2019-10-14,267.77947998046875,15.392745018005371,26.097808837890625
2019-10-15,270.4304504394531,15.689739227294922,26.878780364990234
2019-10-16,269.9961853027344,15.636615753173828,26.74462890625
2019-10-17,270.7924499511719,15.71750259399414,26.9554386138916
2019-10-18,269.607177734375,15.58349609375,26.59130859375
2019-10-21,271.434814453125,15.804426193237305,27.161466598510742
2019-10-22,270.5481872558594,15.687317848205566,26.86920738220215
2019-10-23,271.3352966308594,15.780284881591797,27.099180221557617
2019-10-24,271.7786865234375,15.834607124328613,27.214168548583984
2019-10-25,272.8916015625,15.963788032531738,27.568721771240234
2019-10-28,274.4298400878906,16.1436710357666,28.02867317199707
2019-10-29,274.3483581542969,16.12556266784668,27.97597312927246
2019-10-30,275.1897888183594,16.226970672607422,28.24907112121582
2019-10-31,274.4569396972656,16.12797737121582,27.990346908569336
2019-11-01,276.9994201660156,16.43824577331543,28.766525268554688
2019-11-04,278.1123352050781,16.554141998291016,29.111495971679688
2019-11-05,277.80474853515625,16.519132614135742,29.006088256835938
2019-11-06,277.86810302734375,16.529996871948242,29.039621353149414
2019-11-07,278.84527587890625,16.64228057861328,29.336679458618164
2019-11-08,279.5329284667969,16.723163604736328,29.51875114440918
2019-11-11,278.9990539550781,16.657970428466797,29.379806518554688
2019-11-12,279.58721923828125,16.717126846313477,29.523544311523438
2019-11-13,279.6776428222656,16.730405807495117,29.561866760253906
2019-11-14,280.0848388671875,16.775074005126953,29.68165397644043
2019-11-15,282.1116027832031,17.02014923095703,30.32847023010254
2019-11-18,282.3197937011719,17.038257598876953,30.381174087524414
2019-11-19,282.2383117675781,17.022565841674805,30.338048934936523
2019-11-20,281.188720703125,16.904253005981445,30.012245178222656
2019-11-21,280.736328125,16.848716735839844,29.863718032836914
2019-11-22,281.3607177734375,16.917531967163086,30.03619956970215
2019-11-25,283.5412292480469,17.175891876220703,30.72613525390625
2019-11-26,284.18365478515625,17.255569458007812,30.917787551879883
2019-11-27,285.4504089355469,17.404064178466797,31.320249557495117
2019-11-29,284.3917541503906,17.267642974853516,30.994449615478516
2019-12-02,281.9759826660156,16.980310440063477,30.199100494384766
2019-12-03,280.0848388671875,16.743688583374023,29.581037521362305
2019-12-04,281.81304931640625,16.957372665405273,30.108068466186523
2019-12-05,282.3197937011719,17.015321731567383,30.28534507751465
2019-12-06,284.8984375,17.318349838256836,31.085474014282227
2019-12-09,284.002685546875,17.21573257446289,30.807586669921875
2019-12-10,283.68603515625,17.16864776611328,30.687807083129883
2019-12-11,284.4913024902344,17.266435623168945,30.946531295776367
2019-12-12,286.9433898925781,17.559803009033203,31.741880416870117
2019-12-13,287.115234375,17.581531524658203,31.79457664489746
2019-12-16,289.0877380371094,17.821779251098633,32.460567474365234
2019-12-17,289.151123046875,17.82781982421875,32.46535110473633
2019-12-18,289.1690979003906,17.83143424987793,32.460567474365234
2019-12-19,290.3544616699219,17.972686767578125,32.84864807128906
2019-12-20,291.6274719238281,18.154987335205078,33.34693908691406
2019-12-23,292.0729675292969,18.18396759033203,33.44276809692383
2019-12-24,292.08209228515625,18.18625831604004,33.43364715576172
2019-12-26,293.6368103027344,18.36525535583496,33.923065185546875
2019-12-27,293.564208984375,18.358001708984375,33.908660888671875
2019-12-30,291.9456481933594,18.162071228027344,33.347286224365234
2019-12-31,292.6549072265625,18.243106842041016,33.59198760986328
2020-01-02,295.39178466796875,18.57086181640625,34.498844146728516
2020-01-03,293.15496826171875,18.295114517211914,33.75032424926758
2020-01-06,294.2734069824219,18.432985305786133,34.10059356689453
2020-01-07,293.4459533691406,18.325349807739258,33.80309295654297
2020-01-08,295.0099182128906,18.511600494384766,34.326107025146484
2020-01-09,297.01031494140625,18.765579223632812,35.02663803100586
2020-01-10,296.1555480957031,18.6555233001709,34.72915267944336
2020-01-13,298.19232177734375,18.909502029418945,35.4296875
2020-01-14,297.7377014160156,18.855077743530273,35.261749267578125
2020-01-15,298.41064453125,18.93248176574707,35.5064582824707
2020-01-16,300.89276123046875,19.24451446533203,36.3701286315918
2020-01-17,301.829345703125,19.377553939819336,36.710792541503906
2020-01-21,301.23828125,19.288053512573242,36.50447463989258
2020-01-22,301.27471923828125,19.300151824951172,36.52366638183594
2020-01-23,301.6202087402344,19.334016799926758,36.600440979003906
2020-01-24,298.9378967285156,18.97964859008789,35.61681365966797
2020-01-27,294.14617919921875,18.376142501831055,33.91345977783203
2020-01-28,297.22845458984375,18.75953483581543,34.96426010131836
2020-01-29,296.9829406738281,18.73050880432129,34.87309646606445
2020-01-30,297.9467468261719,18.836936950683594,35.17538833618164
2020-01-31,292.5367431640625,18.163284301757812,33.284908294677734
2020-02-03,294.7098693847656,18.43419075012207,34.014225006103516
2020-02-04,299.2015380859375,18.990537643432617,35.56403732299805
2020-02-05,302.65673828125,19.42714500427246,36.768375396728516
2020-02-06,303.6752014160156,19.558971405029297,37.14741897583008
2020-02-07,302.0566711425781,19.34489631652832,36.576454162597656
2020-02-10,304.3116455078125,19.63637351989746,37.37773513793945
2020-02-11,304.8389892578125,19.696842193603516,37.569671630859375
2020-02-12,306.8029479980469,19.948406219482422,38.27499008178711
2020-02-13,306.4757995605469,19.904863357543945,38.13105010986328
2020-02-14,306.9666442871094,19.962919235229492,38.31818771362305
2020-02-18,306.175537109375,19.858905792236328,38.015899658203125
2020-02-19,307.63946533203125,20.04273796081543,38.558082580566406
2020-02-20,306.3755798339844,19.88188934326172,38.054283142089844
2020-02-21,303.2204895019531,19.461008071899414,36.8835334777832
2020-02-24,293.1640930175781,18.141510009765625,33.19373321533203
2020-02-25,284.28057861328125,17.07358169555664,30.18528938293457
2020-02-26,283.23492431640625,16.944171905517578,29.854209899902344
2020-02-27,270.5143737792969,15.41666030883789,25.790163040161133
2020-02-28,269.3778076171875,15.354978561401367,25.617427825927734
2020-03-02,281.04364013671875,16.59706687927246,28.721843719482422
2020-03-03,272.9967346191406,15.663381576538086,26.279573440551758
2020-03-04,284.4715881347656,16.961105346679688,29.58551788330078
2020-03-05,275.0152282714844,15.827866554260254,26.615446090698242
2020-03-06,270.4690246582031,15.312646865844727,25.28635597229004
2020-03-09,249.34671020507812,12.928852081298828,19.37980842590332
2020-03-10,262.2491455078125,14.254389762878418,22.441036224365234
2020-03-11,249.46498107910156,12.83935546875,19.13510513305664
2020-03-12,225.59686279296875,10.387828826904297,13.583617210388184
2020-03-13,244.8822479248047,12.302366256713867,17.35498046875
2020-03-16,218.0863494873047,9.428747177124023,11.290095329284668
2020-03-17,229.86126708984375,10.600692749023438,13.396490097045898
2020-03-18,218.2227325439453,9.513410568237305,11.342874526977539
2020-03-19,218.68649291992188,9.50736141204834,11.270898818969727
2020-03-20,209.2623748779297,8.645035743713379,9.74028205871582
2020-03-23,203.9119110107422,8.14916706085205,8.938989639282227
2020-03-24,222.38697814941406,9.688776969909668,11.438837051391602
2020-03-25,225.71615600585938,9.961332321166992,11.884692192077637
2020-03-26,238.8956756591797,11.134964942932129,13.957660675048828
2020-03-27,231.7799835205078,10.446306228637695,12.697526931762695
2020-03-30,239.3072509765625,11.126476287841797,13.938419342041016
2020-03-31,235.7402801513672,10.779726028442383,13.289115905761719
2020-04-01,225.13082885742188,9.809779167175293,11.514347076416016
2020-04-02,230.32577514648438,10.270503044128418,12.30313491821289
2020-04-03,226.99661254882812,9.977093696594238,11.77407169342041
2020-04-06,242.2430877685547,11.3253173828125,14.154853820800781
2020-04-07,242.49002075195312,11.33622932434082,14.154853820800781
2020-04-08,250.63006591796875,12.098845481872559,15.592942237854004
2020-04-09,254.44406127929688,12.458938598632812,16.299964904785156
2020-04-13,252.1208953857422,12.22857666015625,15.823809623718262
2020-04-14,259.55670166015625,12.959674835205078,17.26190185546875
2020-04-15,254.04161071777344,12.403167724609375,16.150867462158203
2020-04-16,255.26715087890625,12.530474662780762,16.38654136657715
2020-04-17,262.1632995605469,13.200945854187012,17.723634719848633
2020-04-20,257.54449462890625,12.734161376953125,16.771318435668945
2020-04-21,249.72462463378906,11.947296142578125,15.222604751586914
2020-04-22,255.26715087890625,12.489249229431152,16.25187873840332
2020-04-23,255.2488250732422,12.481975555419922,16.232633590698242
2020-04-24,258.8066711425781,12.839643478393555,16.920419692993164
2020-04-27,262.5382385253906,13.208224296569824,17.665916442871094
2020-04-28,261.3310546875,13.079704284667969,17.40618896484375
2020-04-29,268.1722106933594,13.762301445007324,18.75290298461914
2020-04-30,265.6754150390625,13.494356155395508,18.22864532470703
2020-05-01,258.6420593261719,12.780235290527344,16.766511917114258
2020-05-04,259.35552978515625,12.862677574157715,16.9444637298584
2020-05-05,261.7517395019531,13.095464706420898,17.396574020385742
2020-05-06,259.97735595703125,12.916027069091797,17.050277709960938
2020-05-07,263.1144714355469,13.22519588470459,17.656295776367188
2020-05-08,267.4679870605469,13.662883758544922,18.522035598754883
2020-05-11,267.52276611328125,13.673795700073242,18.550893783569336
2020-05-12,262.19073486328125,13.111227035522461,17.41100311279297
2020-05-13,257.5536804199219,12.655352592468262,16.51158905029297
2020-05-14,260.63592529296875,12.96209716796875,17.11280632019043
2020-05-15,261.8340148925781,13.078492164611816,17.314804077148438
2020-05-18,269.80938720703125,13.877483367919922,18.916433334350586
2020-05-19,267.0381774902344,13.593775749206543,18.33445930480957
2020-05-20,271.57464599609375,14.049649238586426,19.257917404174805
2020-05-21,269.69964599609375,13.841111183166504,18.83946990966797
2020-05-22,270.2118835449219,13.899307250976562,18.940475463867188
2020-05-26,273.541015625,14.256972312927246,19.666738510131836
2020-05-27,277.611083984375,14.666776657104492,20.52766990661621
2020-05-28,277.09881591796875,14.618280410766602,20.42666244506836
2020-05-29,278.33355712890625,14.729822158813477,20.66715431213379
2020-06-01,279.45849609375,14.865615844726562,20.94129753112793
2020-06-02,281.7724609375,15.111737251281738,21.470359802246094
2020-06-03,285.5224304199219,15.51668930053711,22.336101531982422
2020-06-04,284.77239990234375,15.42090892791748,22.119672775268555
2020-06-05,292.071044921875,16.218687057495117,23.822290420532227
2020-06-08,295.6014709472656,16.62363624572754,24.716888427734375
2020-06-09,293.3971862792969,16.3702392578125,24.17820930480957
2020-06-10,291.760009765625,16.179887771606445,23.759765625
2020-06-11,274.94036865234375,14.307897567749023,19.60902214050293
2020-06-12,278.2330017089844,14.661924362182617,20.325660705566406
2020-06-15,280.83038330078125,14.922599792480469,20.898014068603516
2020-06-16,286.23577880859375,15.498504638671875,22.09561538696289
2020-06-17,285.04681396484375,15.368773460388184,21.807039260864258
2020-06-18,285.1566162109375,15.377262115478516,21.835901260375977
2020-06-19,283.5268859863281,15.19660758972168,21.451120376586914
2020-06-22,285.34576416015625,15.409994125366211,21.908039093017578
2020-06-23,286.659423828125,15.537301063537598,22.187002182006836
2020-06-24,279.34710693359375,14.752857208251953,20.508432388305664
2020-06-25,282.3418273925781,15.053542137145996,21.133684158325195
2020-06-26,275.6358642578125,14.351543426513672,19.623451232910156
2020-06-29,279.68701171875,14.76740837097168,20.498809814453125
2020-06-30,283.2696533203125,15.165084838867188,21.335695266723633
2020-07-01,285.2538757324219,15.357861518859863,21.73008155822754
2020-07-02,286.82476806640625,15.519115447998047,22.076385498046875
2020-07-06,291.2525939941406,15.999237060546875,23.10565185546875
2020-07-07,288.2486572265625,15.664605140686035,22.374584197998047
2020-07-08,290.4533996582031,15.90709114074707,22.894025802612305
2020-07-09,288.79986572265625,15.727655410766602,22.504444122314453
2020-07-10,291.74871826171875,16.050159454345703,23.197032928466797
2020-07-13,289.2223815917969,15.778573036193848,22.591018676757812
2020-07-14,292.97052001953125,16.175039291381836,23.456756591796875
2020-07-15,295.6620178222656,16.484210968017578,24.11087417602539
2020-07-16,294.6882629394531,16.3714542388916,23.870386123657227
2020-07-17,295.5426330566406,16.453899383544922,24.07720947265625
2020-07-20,297.9310302734375,16.731544494628906,24.65436363220215
2020-07-21,298.5649719238281,16.788532257080078,24.803462982177734
2020-07-22,300.2643127441406,16.978878021240234,25.24114418029785
2020-07-23,296.6817626953125,16.583629608154297,24.327308654785156
2020-07-24,294.7709655761719,16.366605758666992,23.875198364257812
2020-07-27,296.9205627441406,16.596960067749023,24.37059211730957
2020-07-28,295.03741455078125,16.39449119567871,23.923294067382812
2020-07-29,298.6658935546875,16.788532257080078,24.79384422302246
2020-07-30,297.6003723144531,16.672136306762695,24.529312133789062
2020-07-31,299.9519958496094,16.93766212463379,25.111284255981445
2020-08-03,302.0373840332031,17.17165756225586,25.62110710144043
2020-08-04,303.2040100097656,17.29896354675293,25.909685134887695
2020-08-05,305.0871887207031,17.517202377319336,26.4002742767334
2020-08-06,307.1265563964844,17.75119972229004,26.93895149230957
2020-08-07,307.3470153808594,17.771812438964844,26.991865158081055
2020-08-10,308.2656555175781,17.87729263305664,27.232341766357422
2020-08-11,305.72100830078125,17.5863094329834,26.583038330078125
2020-08-12,309.9835205078125,18.070070266723633,27.660404205322266
2020-08-13,309.423095703125,18.010663986206055,27.540157318115234
2020-08-14,309.432373046875,18.009443283081055,27.52092742919922
2020-08-17,310.4153137207031,18.1234188079834,27.790267944335938
2020-08-18,311.08587646484375,18.19373893737793,27.948984146118164
2020-08-19,309.7906188964844,18.055519104003906,27.626737594604492
2020-08-20,310.7551574707031,18.162221908569336,27.87683868408203
2020-08-21,311.8575744628906,18.283458709716797,28.165420532226562
2020-08-24,315.01763916015625,18.66173553466797,29.02635383605957
2020-08-25,316.11993408203125,18.792680740356445,29.319744110107422
2020-08-26,319.2892761230469,19.16610336303711,30.214344024658203
2020-08-27,319.9873962402344,19.2509765625,30.40191650390625
2020-08-28,322.0543518066406,19.491039276123047,30.998315811157227
2020-08-31,320.8877258300781,19.357669830322266,30.647214889526367
2020-09-01,323.90997314453125,19.716554641723633,31.522573471069336
2020-09-02,328.5950927734375,20.286388397216797,32.88371658325195
2020-09-03,317.28668212890625,18.894521713256836,29.47365379333496
2020-09-04,314.6960754394531,18.576866149902344,28.781057357788086
2020-09-08,306.0977478027344,17.56327247619629,26.414703369140625
2020-09-09,312.142333984375,18.256778717041016,27.93936538696289
2020-09-10,306.722412109375,17.61419677734375,26.491655349731445
2020-09-11,306.8785095214844,17.63117027282715,26.52532958984375
2020-09-14,310.9205322265625,18.089466094970703,27.583454132080078
2020-09-15,312.4914245605469,18.28103256225586,27.997085571289062
2020-09-16,311.25128173828125,18.133115768432617,27.67483901977539
2020-09-17,308.513671875,17.825157165527344,26.953388214111328
2020-09-18,304.9618225097656,17.405658721923828,26.010692596435547
2020-09-21,301.5677795410156,17.017683029174805,25.149761199951172
2020-09-22,304.6390380859375,17.36201286315918,25.895263671875
2020-09-23,297.57415771484375,16.554529190063477,24.09644317626953
2020-09-24,298.36737060546875,16.64182472229004,24.293638229370117
2020-09-25,303.1910705566406,17.177715301513672,25.447961807250977
2020-09-28,308.2268981933594,17.754837036132812,26.741764068603516
2020-09-29,306.54827880859375,17.56327247619629,26.304079055786133
2020-09-30,308.8725280761719,17.81546401977539,26.890859603881836
2020-10-01,310.8554382324219,18.05309295654297,27.391063690185547
2020-10-02,307.9040832519531,17.70149040222168,26.635948181152344
2020-10-05,313.3641357421875,18.329530715942383,28.021133422851562
2020-10-06,308.90936279296875,17.805761337280273,26.84756851196289
2020-10-07,314.28643798828125,18.426525115966797,28.242380142211914
2020-10-08,317.0718078613281,18.7490291595459,28.968637466430664
2020-10-09,319.9033203125,19.0909366607666,29.757423400878906
2020-10-12,325.0498046875,19.702001571655273,31.190706253051758
2020-10-13,322.92852783203125,19.44011688232422,30.59430694580078
2020-10-14,320.8994140625,19.20732879638672,30.04119300842285
2020-10-15,320.5028076171875,19.146703720092773,29.89690399169922
2020-10-16,320.3091735839844,19.127309799194336,29.834373474121094
2020-10-19,315.43939208984375,18.54049301147461,28.482858657836914
2020-10-20,316.7029724121094,18.68355941772461,28.8002986907959
2020-10-21,316.10345458984375,18.61566162109375,28.646385192871094
2020-10-22,317.8373107910156,18.824201583862305,29.146591186523438
2020-10-23,318.91656494140625,18.943021774291992,29.40631675720215
2020-10-26,313.0229797363281,18.251934051513672,27.795080184936523
2020-10-27,311.94378662109375,18.120994567871094,27.506494522094727
2020-10-28,301.2818298339844,16.88916015625,24.683223724365234
2020-10-29,304.343994140625,17.226215362548828,25.419099807739258
2020-10-30,301.171142578125,16.857635498046875,24.611074447631836
2020-11-02,304.546875,17.23834228515625,25.45758056640625
2020-11-03,309.9238586425781,17.842134475708008,26.789854049682617
2020-11-04,316.8504333496094,18.639911651611328,28.574243545532227
2020-11-05,323.0299377441406,19.369792938232422,30.24801254272461
2020-11-06,322.9562072753906,19.367366790771484,30.257627487182617
2020-11-09,327.01422119140625,19.852340698242188,31.39751625061035
2020-11-10,326.5347900390625,19.7868709564209,31.258039474487305
2020-11-11,328.96038818359375,20.077857971191406,31.926576614379883
2020-11-12,325.7691955566406,19.694726943969727,31.003129959106445
2020-11-13,330.279296875,20.237897872924805,32.28730773925781
2020-11-16,334.40203857421875,20.73256492614746,33.460880279541016
2020-11-17,332.60345458984375,20.5216007232666,32.97027587890625
2020-11-18,328.6007385253906,20.01481056213379,31.753435134887695
2020-11-19,329.984130859375,20.17727279663086,32.16225814819336
2020-11-20,327.7245178222656,19.905685424804688,31.503341674804688
2020-11-23,329.68902587890625,20.15060043334961,32.07568359375
2020-11-24,335.0015563964844,20.790761947631836,33.60995864868164
2020-11-25,334.4850158691406,20.73014259338379,33.45124435424805
2020-11-27,335.4165954589844,20.84410858154297,33.71097183227539
2020-11-30,333.9316711425781,20.65254783630371,33.273292541503906
2020-12-01,337.5840148925781,21.105995178222656,34.36508560180664
2020-12-02,338.294189453125,21.190866470336914,34.562278747558594
2020-12-03,338.2019348144531,21.181169509887695,34.54304504394531
2020-12-04,341.1164855957031,21.542470932006836,35.42321014404297
2020-12-07,340.4154968261719,21.462451934814453,35.24524688720703
2020-12-08,341.41156005859375,21.576417922973633,35.533836364746094
2020-12-09,338.3494567871094,21.19329071044922,34.58633804321289
2020-12-10,338.2388610839844,21.181169509887695,34.51899337768555
2020-12-11,337.8421630859375,21.11812400817871,34.389137268066406
2020-12-14,336.3296813964844,20.933834075927734,33.941837310791016
2020-12-15,340.8766784667969,21.496395111083984,35.30778121948242
2020-12-16,341.41156005859375,21.566720962524414,35.48093032836914
2020-12-17,343.3206787109375,21.814058303833008,36.07732391357422
2020-12-18,341.949951171875,21.66129493713379,35.658878326416016
2020-12-21,340.727294921875,21.484270095825195,35.3029670715332
2020-12-22,340.1529235839844,21.406679153442383,35.067298889160156
2020-12-23,340.4586486816406,21.436779022216797,35.17170333862305
2020-12-24,341.78314208984375,21.601821899414062,35.58068084716797
2020-12-28,344.71942138671875,21.9780330657959,36.48523712158203
2020-12-29,344.061767578125,21.900365829467773,36.268714904785156
2020-12-30,344.5526428222656,21.95134162902832,36.41305923461914
2020-12-31,346.3033142089844,22.172210693359375,36.98080825805664
2021-01-04,341.5887451171875,21.567842483520508,35.465206146240234
2021-01-05,343.94134521484375,21.859106063842773,36.16767883300781
2021-01-06,345.99761962890625,22.123666763305664,36.84609603881836
2021-01-07,351.13824462890625,22.77414894104004,38.46754455566406
2021-01-08,353.1389465332031,23.0411376953125,39.1267204284668
2021-01-11,350.758544921875,22.725601196289062,38.347259521484375
2021-01-12,350.8326721191406,22.728031158447266,38.376129150390625
2021-01-13,351.7773742675781,22.856670379638672,38.65519714355469
2021-01-14,350.5455017089844,22.686767578125,38.2558479309082
2021-01-15,347.989013671875,22.356674194335938,37.409019470214844
2021-01-19,350.7214660644531,22.711040496826172,38.29433822631836
2021-01-20,355.57501220703125,23.332393646240234,39.867679595947266
2021-01-21,355.89910888671875,23.37851333618164,39.9590950012207
2021-01-22,354.639404296875,23.208608627319336,39.554927825927734
2021-01-25,356.0380554199219,23.388221740722656,40.03126525878906
2021-01-26,355.4823303222656,23.31783676147461,39.8436164855957
2021-01-27,346.794189453125,22.172210693359375,36.90864181518555
2021-01-28,349.7767028808594,22.538715362548828,37.83725357055664
2021-01-29,342.7742919921875,21.662504196166992,35.60955047607422
2021-02-01,348.4799499511719,22.363954544067383,37.30799102783203
2021-02-02,353.4075622558594,22.99987030029297,38.90538787841797
2021-02-03,353.6854553222656,23.04356575012207,39.02567672729492
2021-02-04,357.7052917480469,23.562978744506836,40.334388732910156
2021-02-05,359.1131591796875,23.742589950561523,40.80109786987305
2021-02-08,361.7066955566406,24.084821701049805,41.72489547729492
2021-02-09,361.46588134765625,24.04598617553711,41.60942077636719
2021-02-10,361.308349609375,24.038705825805664,41.58055877685547
2021-02-11,361.8919982910156,24.11394500732422,41.75377655029297
2021-02-12,363.67962646484375,24.354236602783203,42.38405990600586
2021-02-16,363.36456298828125,24.310548782348633,42.25897216796875
2021-02-17,363.4480285644531,24.32511329650879,42.29746627807617
2021-02-18,361.9012145996094,24.11151885986328,41.76341247558594
2021-02-19,361.2620849609375,24.004722595214844,41.53244400024414
2021-02-22,358.48333740234375,23.657636642456055,40.58939743041992
2021-02-23,358.918701171875,23.70861053466797,40.714500427246094
2021-02-24,362.87371826171875,24.22559356689453,42.05689239501953
2021-02-25,354.1299743652344,23.0629825592041,39.04011154174805
2021-02-26,352.3052978515625,22.808130264282227,38.366512298583984
2021-03-01,360.8452453613281,23.917348861694336,41.14753341674805
2021-03-02,358.02947998046875,23.545988082885742,40.20929718017578
2021-03-03,353.2871398925781,22.924631118774414,38.62632369995117
2021-03-04,348.915283203125,22.354248046875,37.16365051269531
2021-03-05,355.33404541015625,23.172203063964844,39.22294616699219
2021-03-08,353.5650329589844,22.944047927856445,38.64557647705078
2021-03-09,358.6130065917969,23.592098236083984,40.28147888183594
2021-03-10,360.8452453613281,23.885791778564453,41.01762390136719
2021-03-11,364.50390625,24.376083374023438,42.283023834228516
2021-03-12,364.99481201171875,24.44646644592285,42.456241607666016
2021-03-15,367.1714172363281,24.740158081054688,43.22126770019531
2021-03-16,366.7083435058594,24.679481506347656,43.067298889160156
2021-03-17,367.9588928222656,24.82025718688965,43.46183395385742
2021-03-18,362.6051025390625,24.099384307861328,41.57094192504883
2021-03-19,361.9342041015625,24.004722595214844,41.34961700439453
2021-03-22,364.8241882324219,24.39549446105957,42.29746627807617
2021-03-23,361.95281982421875,24.01416778564453,41.3440055847168
2021-03-24,360.1127624511719,23.773704528808594,40.69424819946289
2021-03-25,362.1386413574219,24.031169891357422,41.36326217651367
2021-03-26,367.9744873046875,24.801118850708008,43.38954162597656
2021-03-29,367.78863525390625,24.776826858520508,43.30772399902344
2021-03-30,366.81292724609375,24.645668029785156,42.946754455566406
2021-03-31,368.2996520996094,24.849699020385742,43.480995178222656
2021-04-01,372.2770080566406,25.36947250366211,44.83345413208008
2021-04-05,377.6203308105469,26.098129272460938,46.77792739868164
2021-04-06,377.3973388671875,26.06898307800293,46.705726623535156
2021-04-07,377.8340759277344,26.132131576538086,46.893428802490234
2021-04-08,379.6275634765625,26.37502098083496,47.53357696533203
2021-04-09,382.3874816894531,26.75877571105957,48.56837844848633
2021-04-12,382.52691650390625,26.783069610595703,48.611690521240234
2021-04-13,383.6606140136719,26.931230545043945,49.02080154418945
2021-04-14,382.3503723144531,26.761211395263672,48.54911804199219
2021-04-15,386.45782470703125,27.324705123901367,50.103736877441406
2021-04-16,387.74945068359375,27.51658821105957,50.642799377441406
2021-04-19,385.8444519042969,27.24941062927246,49.88233184814453
2021-04-20,383.01947021484375,26.84136390686035,48.794586181640625
2021-04-21,386.6435852050781,27.341707229614258,50.14224624633789
2021-04-22,383.1123046875,26.848648071289062,48.78496170043945
2021-04-23,387.2662658691406,27.424287796020508,50.344383239746094
2021-04-26,388.0746765136719,27.54087257385254,50.6668586730957
2021-04-27,387.9911193847656,27.523874282836914,50.613914489746094
2021-04-28,387.87957763671875,27.489870071411133,50.54172134399414
2021-04-29,390.351318359375,27.846914291381836,51.48508071899414
2021-04-30,387.78656005859375,27.48501205444336,50.512840270996094
2021-05-03,388.6229553222656,27.59673500061035,50.84013366699219
2021-05-04,386.22552490234375,27.256696701049805,49.90158462524414
2021-05-05,386.34625244140625,27.26884651184082,49.896766662597656
2021-05-06,389.4315185546875,27.71332359313965,51.100032806396484
2021-05-07,392.2657470703125,28.09951400756836,52.23109817504883
2021-05-10,388.3813781738281,27.562734603881836,50.681297302246094
2021-05-11,384.9151306152344,27.074533462524414,49.352901458740234
2021-05-12,376.7375183105469,25.913537979125977,46.209991455078125
2021-05-13,381.2630310058594,26.528039932250977,47.81272888183594
2021-05-14,387.1175537109375,27.336849212646484,50.021915435791016
2021-05-17,386.132568359375,27.208118438720703,49.646488189697266
2021-05-18,382.80560302734375,26.732065200805664,48.39991760253906
2021-05-19,381.8020935058594,26.59847640991211,47.98118591308594
2021-05-20,385.9094543457031,27.159542083740234,49.516536712646484
2021-05-21,385.5935363769531,27.125537872314453,49.39622116088867
2021-05-24,389.5243835449219,27.664745330810547,50.907508850097656
2021-05-25,388.6601257324219,27.550588607788086,50.575408935546875
2021-05-26,389.4315185546875,27.652603149414062,50.87381362915039
2021-05-27,389.6358947753906,27.66960334777832,50.9026985168457
2021-05-28,390.33282470703125,27.78376579284668,51.20110321044922
2021-06-01,389.98907470703125,27.72789764404297,51.051910400390625
2021-06-02,390.602294921875,27.825050354003906,51.31662368774414
2021-06-03,389.1526184082031,27.616168975830078,50.74386215209961
2021-06-04,392.7118225097656,28.10922622680664,52.0818977355957
2021-06-07,392.33074951171875,28.065509796142578,52.00006866455078
2021-06-08,392.4144287109375,28.067934036254883,52.01451873779297
2021-06-09,391.8289794921875,27.975637435913086,51.76905059814453
2021-06-10,393.6503601074219,28.233097076416016,52.48619842529297
2021-06-11,394.3008117675781,28.330257415771484,52.746089935302734
2021-06-14,395.18359375,28.46870231628418,53.116703033447266
2021-06-15,394.4588928222656,28.35696792602539,52.794227600097656
2021-06-16,392.2564697265625,28.033935546875,51.92787170410156
2021-06-17,392.1263427734375,28.007213592529297,51.889366149902344
2021-06-18,386.8364562988281,27.259126663208008,49.80051803588867
2021-06-21,392.37432861328125,28.029075622558594,51.90862274169922
2021-06-22,394.4720153808594,28.324050903320312,52.68352508544922
2021-06-23,393.9966125488281,28.258451461791992,52.53913497924805
2021-06-24,396.3273620605469,28.588895797729492,53.45841979980469
2021-06-25,397.73516845703125,28.78814697265625,54.01192092895508
2021-06-28,398.5370178222656,28.907201766967773,54.36326599121094
2021-06-29,398.7513732910156,28.93878936767578,54.425838470458984
2021-06-30,399.0870056152344,28.997102737426758,54.575050354003906
2021-07-01,401.2965393066406,29.305686950683594,55.48952865600586
2021-07-02,404.36395263671875,29.75762939453125,56.75535583496094
2021-07-06,403.6273498535156,29.64099884033203,56.38474655151367
2021-07-07,405.0538330078125,29.84996223449707,57.015254974365234
2021-07-08,401.75341796875,29.366430282592773,55.65316390991211
2021-07-09,406.0420837402344,29.97144889831543,57.390682220458984
2021-07-12,407.4964904785156,30.207136154174805,58.03562545776367
2021-07-13,406.10736083984375,29.9981746673584,57.44361877441406
2021-07-14,406.71331787109375,30.07349967956543,57.640960693359375
2021-07-15,405.32421875,29.871826171875,57.05857849121094
2021-07-16,402.1450500488281,29.40045166015625,55.73979949951172
2021-07-19,396.20611572265625,28.52329444885254,53.28996276855469
2021-07-20,401.88397216796875,29.344562530517578,55.5665397644043
2021-07-21,405.1377258300781,29.823232650756836,56.88529968261719
2021-07-22,405.9861145019531,29.956871032714844,57.25590896606445
2021-07-23,410.16290283203125,30.54730987548828,58.983795166015625
2021-07-26,411.1697692871094,30.702816009521484,59.42659378051758
2021-07-27,409.2958679199219,30.42095947265625,58.62763214111328
2021-07-28,409.1280212402344,30.39423179626465,58.5313606262207
2021-07-29,410.82489013671875,30.644502639770508,59.25813674926758
2021-07-30,408.8297424316406,30.35049819946289,58.358097076416016
2021-08-02,407.97198486328125,30.224151611328125,57.99711608886719
2021-08-03,411.291015625,30.712535858154297,59.41696548461914
2021-08-04,409.2679443359375,30.4088077545166,58.56986618041992
2021-08-05,411.8597412109375,30.795150756835938,59.64317321777344
2021-08-06,412.540283203125,30.8923397064209,59.9800910949707
2021-08-09,412.20465087890625,30.846172332763672,59.79237747192383
2021-08-10,412.7174072265625,30.90691566467285,59.97528076171875
2021-08-11,413.7430419921875,31.064855575561523,60.41326141357422
2021-08-12,414.9829406738281,31.23979949951172,60.947509765625
2021-08-13,415.7381591796875,31.36128807067871,61.284420013427734
2021-08-16,416.7171325683594,31.511932373046875,61.74166488647461
2021-08-17,413.98541259765625,31.106164932250977,60.54803466796875
2021-08-18,409.454345703125,30.41366958618164,58.56025314331055
2021-08-19,410.08831787109375,30.48900032043457,58.76720428466797
2021-08-20,413.35150146484375,30.98710060119629,60.23517990112305
2021-08-23,416.987548828125,31.5338077545166,61.77535629272461
2021-08-24,417.64947509765625,31.626129150390625,62.08338928222656
2021-08-25,418.52581787109375,31.767066955566406,62.44436264038086
2021-08-26,416.05517578125,31.390451431274414,61.37105941772461
2021-08-27,419.77508544921875,31.942001342773438,62.949737548828125
2021-08-30,421.62115478515625,32.22386932373047,63.78720474243164
2021-08-31,420.99639892578125,32.14854431152344,63.59467697143555
2021-09-01,421.22015380859375,32.165557861328125,63.70055389404297
2021-09-02,422.5161437988281,32.35749435424805,64.22998809814453
2021-09-03,422.41357421875,32.3453483581543,64.15299224853516
2021-09-07,420.90325927734375,32.112098693847656,63.49360275268555
2021-09-08,420.39044189453125,32.03677749633789,63.26259231567383
2021-09-09,418.5910339355469,31.750049591064453,62.40585708618164
2021-09-10,415.2906494140625,31.26167106628418,60.9571418762207
2021-09-13,416.353515625,31.39531135559082,61.37105941772461
2021-09-14,414.106689453125,31.067283630371094,60.418067932128906
2021-09-15,417.5655517578125,31.572683334350586,61.93418884277344
2021-09-16,416.9035949707031,31.465768814086914,61.58763885498047
2021-09-17,412.8424377441406,30.868043899536133,59.8357048034668
2021-09-20,405.9587097167969,29.83295249938965,56.85160827636719
2021-09-21,405.5751647949219,29.789215087890625,56.68797302246094
2021-09-22,409.531494140625,30.347753524780273,58.290714263916016
2021-09-23,414.5073547363281,31.093929290771484,60.41326141357422
2021-09-24,415.1900329589844,31.193584442138672,60.71648406982422
2021-09-27,414.0023193359375,31.021013259887695,60.196678161621094
2021-09-28,405.659423828125,29.75713348388672,56.56283187866211
2021-09-29,406.34210205078125,29.854351043701172,56.789039611816406
2021-09-30,401.3757629394531,29.122756958007812,54.729068756103516
2021-10-01,406.145751953125,29.810604095458984,56.678348541259766
2021-10-04,400.90802001953125,29.054702758789062,54.46435546875
2021-10-05,405.07952880859375,29.64775848388672,56.120025634765625
2021-10-06,406.7630310058594,29.895675659179688,56.85160827636719
2021-10-07,410.2797546386719,30.40608787536621,58.295528411865234
2021-10-08,409.531494140625,30.2894229888916,57.958621978759766
2021-10-11,406.5666198730469,29.85921859741211,56.72647476196289
2021-10-12,405.5657653808594,29.708520889282227,56.33180236816406
2021-10-13,407.0248718261719,29.91754913330078,56.890113830566406
2021-10-14,413.87127685546875,30.916500091552734,59.75869369506836
2021-10-15,417.02325439453125,31.392885208129883,61.13521194458008
2021-10-18,418.25787353515625,31.592187881469727,61.707984924316406
2021-10-19,421.4847412109375,32.0612907409668,63.113380432128906
2021-10-20,423.1402282714844,32.309200286865234,63.82089614868164
2021-10-21,424.2438659667969,32.48906326293945,64.33588409423828
2021-10-22,423.8043212890625,32.41614532470703,64.11930084228516
2021-10-25,426.0769958496094,32.746700286865234,65.09154510498047
2021-10-26,426.4604797363281,32.82203674316406,65.34181213378906
2021-10-27,424.57122802734375,32.51579666137695,64.45140075683594
2021-10-28,428.6678466796875,33.14773941040039,66.28998565673828
2021-10-29,429.5376892089844,33.28141784667969,66.7135238647461
2021-11-01,430.27655029296875,33.400516510009766,67.07450103759766
2021-11-02,432.0162353515625,33.66544723510742,67.86383819580078
2021-11-03,434.65374755859375,34.0859375,69.12966918945312
2021-11-04,436.70208740234375,34.3873176574707,70.05858612060547
2021-11-05,438.21728515625,34.627933502197266,70.81906127929688
2021-11-08,438.59130859375,34.69356918334961,71.01637268066406
2021-11-09,437.1416320800781,34.467525482177734,70.2848129272461
2021-11-10,433.6249084472656,33.90364456176758,68.60504913330078
2021-11-11,433.7652282714844,33.927940368652344,68.68206787109375
2021-11-12,437.0387878417969,34.43349838256836,70.20779418945312
2021-11-15,437.18841552734375,34.44321823120117,70.23664855957031
2021-11-16,438.918701171875,34.70814514160156,71.07896423339844
2021-11-17,437.8525695800781,34.5452995300293,70.53990173339844
2021-11-18,439.3395690917969,34.77620315551758,71.2474136352539
2021-11-19,438.5539855957031,34.65224075317383,70.90570068359375
2021-11-22,437.3193664550781,34.455360412597656,70.27518463134766
2021-11-23,437.8993225097656,34.567176818847656,70.60726928710938
2021-11-24,439.0683288574219,34.71057891845703,71.08377075195312
2021-11-26,429.2757873535156,33.20850372314453,66.45362091064453
2021-11-29,434.5414733886719,33.996002197265625,68.80720520019531
2021-11-30,426.08636474609375,32.71023941040039,64.90385437011719
2021-12-01,421.35369873046875,31.939754486083984,62.60800552368164
2021-12-02,427.80731201171875,32.89252853393555,65.43326568603516
2021-12-03,424.08489990234375,32.34808349609375,63.710182189941406
2021-12-06,429.107421875,33.10155487060547,65.98674774169922
2021-12-07,437.9834289550781,34.467525482177734,70.07302856445312
2021-12-08,439.1431579589844,34.644954681396484,70.68910217285156
2021-12-09,436.1783142089844,34.17586135864258,69.2307357788086
2021-12-10,440.2843322753906,34.815093994140625,71.22816467285156
2021-12-13,436.384033203125,34.214752197265625,69.32698822021484
2021-12-14,433.3817443847656,33.7262077331543,67.87346649169922
2021-12-15,440.1534118652344,34.785926818847656,71.01158142089844
2021-12-16,436.2718200683594,34.1685676574707,69.11044311523438
2021-12-17,431.628662109375,33.43939971923828,66.93974304199219
2021-12-20,427.0389709472656,32.717529296875,64.79312896728516
2021-12-21,434.62274169921875,33.88905334472656,68.2248306274414
2021-12-22,438.96844482421875,34.55988311767578,70.26073455810547
2021-12-23,441.69976806640625,34.98894500732422,71.54682922363281
2021-12-27,447.95068359375,35.97889709472656,74.56106567382812
2021-12-28,447.58465576171875,35.92295455932617,74.4262466430664
2021-12-29,448.1572265625,36.01051330566406,74.69591522216797
2021-12-30,446.91827392578125,35.81106948852539,74.05548095703125
2021-12-31,445.7918701171875,35.601890563964844,73.45841979980469
2022-01-03,448.3729553222656,36.02268600463867,74.74403381347656
2022-01-04,448.22283935546875,36.003231048583984,74.68144226074219
2022-01-05,439.615966796875,34.633819580078125,70.34307098388672
2022-01-06,439.2030029296875,34.5511360168457,70.1504898071289
2022-01-07,437.4665832519531,34.290870666503906,69.3559799194336
2022-01-10,436.9223327636719,34.19601058959961,69.04302215576172
2022-01-11,440.9018859863281,34.79922866821289,70.94015502929688
2022-01-12,442.09393310546875,34.998680114746094,71.56610107421875
2022-01-13,436.0024719238281,34.02817153930664,68.53743743896484
2022-01-14,436.1807556152344,34.047637939453125,68.59520721435547
2022-01-18,428.4561462402344,32.86066436767578,64.96468353271484
2022-01-19,424.0072937011719,32.16014862060547,62.95198059082031
2022-01-20,419.31439208984375,31.45478630065918,60.85261154174805
2022-01-21,411.0829162597656,30.1997013092041,57.27021789550781
2022-01-24,412.8287048339844,30.45753288269043,57.982845306396484
2022-01-25,407.7884521484375,29.7083740234375,55.82571029663086
2022-01-26,406.7654724121094,29.586763381958008,55.46937942504883
2022-01-27,404.7568054199219,29.27055549621582,54.61231231689453
2022-01-28,414.80914306640625,30.72022247314453,58.637691497802734
2022-01-31,422.2803649902344,31.829357147216797,61.78673553466797
2022-02-01,425.13360595703125,32.26717758178711,63.14457702636719
2022-02-02,429.2633972167969,32.889854431152344,64.88762664794922
2022-02-03,419.1736145019531,31.3428955078125,60.32295608520508
2022-02-04,421.1445617675781,31.649364471435547,61.16078186035156
2022-02-07,419.7929992675781,31.430458068847656,60.53481674194336
2022-02-08,423.2470703125,31.94124984741211,61.988956451416016
2022-02-09,429.4417419433594,32.855796813964844,64.71427917480469
2022-02-10,421.7265625,31.698020935058594,61.28596878051758
2022-02-11,413.4106750488281,30.428342819213867,57.63615417480469
2022-02-14,412.0589904785156,30.243484497070312,57.0679817199707
2022-02-15,418.70428466796875,31.20668601989746,59.774051666259766
2022-02-16,419.1736145019531,31.284521102905273,60.00516128540039
2022-02-17,410.21942138671875,29.951608657836914,56.20127868652344
2022-02-18,407.56329345703125,29.547842025756836,55.074554443359375
2022-02-22,403.18939208984375,28.925168991088867,53.321868896484375
2022-02-23,396.0373840332031,27.88413429260254,50.355796813964844
2022-02-24,401.9974365234375,28.711124420166016,52.6959228515625
2022-02-25,410.8670959472656,29.98079490661621,56.133872985839844
2022-02-28,409.8158874511719,29.829988479614258,55.70050811767578
2022-03-01,403.57415771484375,28.925168991088867,53.235206604003906
2022-03-02,410.99847412109375,29.96619987487793,56.124229431152344
2022-03-03,408.9523010253906,29.684049606323242,55.30567169189453
2022-03-04,405.6297912597656,29.197589874267578,53.96709442138672
2022-03-07,393.67218017578125,27.480369567871094,49.171302795410156
2022-03-08,390.6874084472656,27.057140350341797,48.00605392456055
2022-03-09,401.1620788574219,28.49707794189453,51.906246185302734
2022-03-10,399.3505554199219,28.248981475830078,51.164730072021484
2022-03-11,394.2727966308594,27.529014587402344,49.24834442138672
2022-03-14,391.3913269042969,27.12038803100586,48.150508880615234
2022-03-15,399.9981994628906,28.297630310058594,51.32844543457031
2022-03-16,408.8678894042969,29.567298889160156,54.679718017578125
2022-03-17,413.9831848144531,30.301864624023438,56.73093032836914
2022-03-18,418.51751708984375,30.94886016845703,58.59917068481445
2022-03-21,418.39508056640625,30.963455200195312,58.59917068481445
2022-03-22,423.29095458984375,31.663959503173828,60.602230072021484
2022-03-23,417.8395690917969,30.8510684967041,58.29453659057617
2022-03-24,424.13824462890625,31.77591896057129,60.87683868408203
2022-03-25,426.2095642089844,32.082584381103516,61.79220199584961
2022-03-28,429.24114990234375,32.53040313720703,63.10262680053711
2022-03-29,434.55126953125,33.362770080566406,65.49222564697266
2022-03-30,431.8680419921875,32.953880310058594,64.28778839111328
2022-03-31,425.22100830078125,31.936553955078125,61.31044006347656
2022-04-01,426.4261779785156,32.08744430541992,61.744041442871094
2022-04-04,430.0791931152344,32.63749694824219,63.37242126464844
2022-04-05,424.6465759277344,31.829458236694336,61.0213737487793
2022-04-06,420.4005432128906,31.177196502685547,59.16173553466797
2022-04-07,422.5188293457031,31.488725662231445,60.02892303466797
2022-04-08,421.38897705078125,31.328096389770508,59.604957580566406
2022-04-11,414.18646240234375,30.252349853515625,56.49271011352539
2022-04-12,412.65191650390625,30.018701553344727,55.837493896484375
2022-04-13,417.37823486328125,30.714773178100586,57.74531555175781
2022-04-14,412.1811218261719,29.955419540405273,55.625511169433594
2022-04-18,412.3505859375,29.96515655517578,55.6447868347168
2022-04-19,419.0070495605469,30.91434097290039,58.31380081176758
2022-04-20,418.6963195800781,30.87053108215332,58.17891311645508
2022-04-21,412.4352722167969,29.95055389404297,55.586978912353516
2022-04-22,401.118408203125,28.305294036865234,51.058311462402344
2022-04-25,403.4439697265625,28.621694564819336,51.8773193359375
2022-04-26,391.7598876953125,26.971561431884766,47.39683151245117
2022-04-27,392.8614807128906,27.122459411621094,47.74371337890625
2022-04-28,402.7849426269531,28.495134353637695,51.35700607299805
2022-04-29,387.89971923828125,26.38257598876953,45.729896545410156
2022-05-02,390.23468017578125,26.698972702026367,46.52964782714844
2022-05-03,392.0235290527344,26.952091217041016,47.155941009521484
2022-05-04,403.9617919921875,28.58275032043457,51.4340934753418
2022-05-05,389.6038513183594,26.567546844482422,45.99969482421875
2022-05-06,387.2783203125,26.2316837310791,45.161407470703125
2022-05-09,374.8786926269531,24.562082290649414,40.825443267822266
2022-05-10,375.7448425292969,24.65943717956543,41.04706954956055
2022-05-11,369.77569580078125,23.87088394165039,39.10070037841797
2022-05-12,369.3897399902344,23.827070236206055,38.96580505371094
2022-05-13,378.2210693359375,24.95635986328125,41.75045394897461
2022-05-16,376.6864318847656,24.77138900756836,41.2686767578125
2022-05-17,384.43499755859375,25.759519577026367,43.73535919189453
2022-05-18,368.9378356933594,23.695646286010742,38.5225715637207
2022-05-19,366.6782531738281,23.38411521911621,37.73246383666992
2022-05-20,366.8382263183594,23.403589248657227,37.79991149902344
2022-05-23,373.70184326171875,24.28949737548828,39.93898391723633
2022-05-24,370.8491516113281,23.924423217773438,39.02360916137695
2022-05-25,374.12554931640625,24.357643127441406,40.07387924194336
2022-05-26,381.60107421875,25.30683135986328,42.424930572509766
2022-05-27,390.968994140625,26.55294418334961,45.55645751953125
2022-05-31,388.77532958984375,26.24628257751465,44.75672149658203
2022-06-01,385.6307067871094,25.82767105102539,43.69681930541992
2022-06-02,392.9743957519531,26.791461944580078,46.134586334228516
2022-06-03,386.5251770019531,25.925020217895508,43.889522552490234
2022-06-06,387.7020263671875,26.071046829223633,44.24603271484375
2022-06-07,391.42095947265625,26.562679290771484,45.51792526245117
2022-06-08,387.1653747558594,25.99317169189453,44.062957763671875
2022-06-09,377.95745849609375,24.751920700073242,40.89289093017578
2022-06-10,366.9983825683594,23.306236267089844,37.318138122558594
2022-06-13,353.0641174316406,21.52954864501953,33.04963302612305
2022-06-14,352.00018310546875,21.393251419067383,32.72202682495117
2022-06-15,357.0184631347656,21.996841430664062,34.09989547729492
2022-06-16,345.2024841308594,20.580358505249023,30.833477020263672
2022-06-17,345.9466857910156,20.614429473876953,30.900920867919922
2022-06-21,354.6554260253906,21.660972595214844,33.24234390258789
2022-06-22,354.012451171875,21.578222274780273,33.03999328613281
2022-06-23,357.482666015625,22.011442184448242,34.003543853759766
2022-06-24,368.8484191894531,23.398717880249023,37.23141860961914
2022-06-27,367.43951416015625,23.233219146728516,36.86526870727539
2022-06-28,359.9316711425781,22.279163360595703,34.6009407043457
2022-06-29,359.6385192871094,22.225618362426758,34.47568130493164
2022-06-30,356.7167053222656,21.85567855834961,33.59885787963867
2022-07-01,360.489501953125,22.313234329223633,34.639488220214844
2022-07-05,361.17034912109375,22.400854110717773,34.84182357788086
2022-07-06,362.39019775390625,22.56148338317871,35.20797348022461
2022-07-07,367.8177185058594,23.213747024536133,36.75928497314453
2022-07-08,367.5151672363281,23.179676055908203,36.691837310791016
2022-07-11,363.3168640136719,22.65884017944336,35.419952392578125
2022-07-12,360.1018981933594,22.249954223632812,34.47568130493164
2022-07-13,358.210693359375,22.011442184448242,33.92645263671875
2022-07-14,357.3408203125,21.889751434326172,33.65666961669922
2022-07-15,364.1678466796875,22.72698402404785,35.59339904785156
2022-07-18,361.1609191894531,22.352176666259766,34.69729232788086
2022-07-19,370.919189453125,23.559350967407227,37.47230911254883
2022-07-20,373.2831726074219,23.866010665893555,38.175697326660156
2022-07-21,377.08441162109375,24.343042373657227,39.34159851074219
2022-07-22,373.5858154296875,23.895214080810547,38.29132080078125
2022-07-25,374.0396728515625,23.93902587890625,38.38767623901367
2022-07-26,369.6143493652344,23.364641189575195,37.00016784667969
2022-07-27,379.2118835449219,24.5864200592041,39.88117218017578
2022-07-28,383.9681396484375,25.194873809814453,41.37466812133789
2022-07-29,389.56591796875,25.939624786376953,43.21503829956055
2022-08-01,388.4122619628906,25.774126052856445,42.78144836425781
2022-08-02,385.8497619628906,25.43825912475586,41.95279312133789
2022-08-03,391.8919677734375,26.221942901611328,43.86062240600586
2022-08-04,391.6272888183594,26.183006286621094,43.78352737426758
2022-08-05,390.96533203125,26.071046829223633,43.53301239013672
2022-08-08,390.5114440917969,26.0321102142334,43.40774917602539
2022-08-09,388.9607238769531,25.813066482543945,42.84889602661133
2022-08-10,397.1304626464844,26.893680572509766,45.52754592895508
2022-08-11,397.1304626464844,26.898542404174805,45.537193298339844
2022-08-12,403.8534240722656,27.789325714111328,47.820796966552734
2022-08-15,405.51763916015625,28.02783966064453,48.408565521240234
2022-08-16,406.31201171875,28.13006019592285,48.68798065185547
2022-08-17,403.4279479980469,27.73577880859375,47.637718200683594
2022-08-18,404.6005554199219,27.876943588256836,48.023136138916016
2022-08-19,399.1634826660156,27.127328872680664,46.10567855834961
2022-08-22,390.8518371582031,25.99803352355957,43.195770263671875
2022-08-23,389.9063415527344,25.85687255859375,42.868167877197266
2022-08-24,391.1544494628906,26.02237319946289,43.234317779541016
2022-08-25,396.6765441894531,26.752517700195312,45.07468032836914
2022-08-26,383.2494201660156,24.936893463134766,40.46894454956055
2022-08-29,380.7153625488281,24.596155166625977,39.678829193115234
2022-08-30,376.53594970703125,24.05098533630371,38.3491325378418
2022-08-31,373.67083740234375,23.685909271240234,37.453041076660156
2022-09-01,374.84332275390625,23.822200775146484,37.780643463134766
2022-09-02,370.8908386230469,23.320838928222656,36.59547805786133
2022-09-06,369.49139404296875,23.145599365234375,36.16188049316406
2022-09-07,376.1293640136719,23.97796630859375,38.09861373901367
2022-09-08,378.5877990722656,24.279762268066406,38.82127380371094
2022-09-09,384.4692687988281,25.034244537353516,40.623104095458984
2022-09-12,388.6014099121094,25.5648136138916,41.92389678955078
2022-09-13,371.7040100097656,23.350040435791016,36.479854583740234
2022-09-14,373.1224365234375,23.50580596923828,36.846004486083984
2022-09-15,368.8862609863281,22.975231170654297,35.60302734375
2022-09-16,366.072021484375,22.6296329498291,34.78401184082031
2022-09-19,368.910888671875,22.965497970581055,35.54521179199219
2022-09-20,364.6763000488281,22.439794540405273,34.36005401611328
2022-09-21,358.3150634765625,21.65123748779297,32.52931594848633
2022-09-22,355.3052673339844,21.271564483642578,31.691030502319336
2022-09-23,349.3521423339844,20.556020736694336,30.062639236450195
2022-09-26,345.8960876464844,20.161739349365234,29.176177978515625
2022-09-27,345.0131530761719,20.044919967651367,28.964197158813477
2022-09-28,351.8017578125,20.828609466552734,30.621498107910156
2022-09-29,344.4529724121094,19.967037200927734,28.694400787353516
2022-09-30,339.1264953613281,19.33424186706543,27.374343872070312
2022-10-03,348.0798645019531,20.361312866210938,29.532686233520508
2022-10-04,358.86572265625,21.60256004333496,32.24988555908203
2022-10-05,358.0302429199219,21.51494789123535,31.999364852905273
2022-10-06,354.3367919921875,21.052522659301758,31.006914138793945
2022-10-07,344.4529724121094,19.879419326782227,28.414976119995117
2022-10-10,341.8229064941406,19.56789207458496,27.788667678833008
2022-10-11,339.658203125,19.309907913208008,27.200902938842773
2022-10-12,338.537841796875,19.18821144104004,26.950382232666016
2022-10-13,347.4722595214844,20.19581413269043,29.041276931762695
2022-10-14,339.5538024902344,19.275829315185547,27.056373596191406
2022-10-17,348.2792663574219,20.254222869873047,29.108726501464844
2022-10-18,352.3714599609375,20.72151756286621,29.97591781616211
2022-10-19,349.87432861328125,20.444063186645508,29.513416290283203
2022-10-20,346.9405212402344,20.083858489990234,28.732942581176758
2022-10-21,355.37176513671875,21.05738639831543,30.804567337036133
2022-10-24,359.72015380859375,21.568490982055664,31.922285079956055
2022-10-25,365.46441650390625,22.249954223632812,33.463958740234375
2022-10-26,362.71099853515625,21.918960571289062,32.72202682495117
2022-10-27,360.7741394042969,21.66583824157715,32.153533935546875
2022-10-28,369.35711669921875,22.69778060913086,34.40823745727539
2022-10-31,366.6892395019531,22.37651824951172,33.685569763183594
2022-11-01,365.0845947265625,22.172077178955078,33.24234390258789
2022-11-02,355.92242431640625,21.047651290893555,30.717849731445312
2022-11-03,352.2574462890625,20.604698181152344,29.715763092041016
2022-11-04,357.3276062011719,21.19854736328125,31.006914138793945
2022-11-07,360.74566650390625,21.607431411743164,31.90300178527832
2022-11-08,362.6919860839844,21.836212158203125,32.384788513183594
2022-11-09,355.2198486328125,20.925960540771484,30.361339569091797
2022-11-10,374.7406311035156,23.218616485595703,35.352508544921875
2022-11-11,378.36749267578125,23.68104362487793,36.40277099609375
2022-11-14,375.14886474609375,23.277029037475586,35.4777717590332
2022-11-15,378.3485107421875,23.676172256469727,36.37386703491211
2022-11-16,375.462158203125,23.306236267089844,35.525943756103516
2022-11-17,374.31329345703125,23.145599365234375,35.140525817871094
2022-11-18,376.01287841796875,23.34517478942871,35.61266326904297
2022-11-21,374.6456298828125,23.160202026367188,35.20797348022461
2022-11-22,379.687255859375,23.778396606445312,36.624385833740234
2022-11-23,382.0799255371094,24.08018684387207,37.269962310791016
2022-11-25,381.99444580078125,24.06071662902832,37.23141860961914
2022-11-28,375.89892578125,23.291627883911133,35.4777717590332
2022-11-29,375.2533264160156,23.213747024536133,35.24650955200195
2022-11-30,387.0740051269531,24.639963150024414,38.53220748901367
2022-12-01,386.7891540527344,24.630229949951172,38.474388122558594
2022-12-02,386.3429260253906,24.55721664428711,38.31059265136719
2022-12-05,379.3929138183594,23.67130470275879,36.21969985961914
2022-12-06,373.924072265625,22.989837646484375,34.66838455200195
2022-12-07,373.28790283203125,22.89735221862793,34.47568130493164
2022-12-08,376.2122497558594,23.242952346801758,35.265785217285156
2022-12-09,373.4018249511719,22.9022216796875,34.4564094543457
2022-12-12,378.7852783203125,23.54961585998535,35.940269470214844
2022-12-13,381.6526794433594,23.9195556640625,36.72073745727539
2022-12-14,379.21258544921875,23.612890243530273,36.046260833740234
2022-12-15,369.9363708496094,22.439794540405273,33.36759567260742
2022-12-16,365.56878662109375,21.90435791015625,32.153533935546875
2022-12-19,362.468994140625,21.51494789123535,31.334518432617188
2022-12-20,362.96490478515625,21.578222274780273,31.43087387084961
2022-12-21,368.39208984375,22.230484008789062,32.84728240966797
2022-12-22,363.1365966796875,21.581005096435547,31.43100929260254
2022-12-23,365.22540283203125,21.820466995239258,31.9050350189209
2022-12-27,363.7851867675781,21.639646530151367,31.547094345092773
2022-12-28,359.2641296386719,21.10207748413086,30.366857528686523
2022-12-29,365.7309875488281,21.840015411376953,31.914705276489258
2022-12-30,364.76763916015625,21.72273063659668,31.70188331604004
2023-01-03,363.2319641113281,21.527250289916992,31.2858943939209
2023-01-04,366.0362243652344,21.869338989257812,31.972759246826172
2023-01-05,361.8585205078125,21.356203079223633,30.869911193847656
2023-01-06,370.15673828125,22.328716278076172,32.95950698852539
2023-01-09,369.9468994140625,22.309165954589844,32.92081069946289
2023-01-10,372.5411682128906,22.62193489074707,33.588321685791016
2023-01-11,377.2530517578125,23.174161911010742,34.836273193359375
2023-01-12,378.62652587890625,23.33543586730957,35.1942138671875
2023-01-13,380.095458984375,23.521142959594727,35.590850830078125
2023-01-17,379.399169921875,23.42829132080078,35.397369384765625
2023-01-18,373.4091491699219,22.69523811340332,33.723758697509766
2023-01-19,370.69085693359375,22.3433780670166,32.94015884399414
2023-01-20,377.59637451171875,23.169281005859375,34.72986602783203
2023-01-23,382.1271057128906,23.706846237182617,35.99715805053711
2023-01-24,381.7169189453125,23.653093338012695,35.871395111083984
2023-01-25,381.8599853515625,23.68730354309082,35.91009521484375
2023-01-26,386.0567626953125,24.19066047668457,37.02260971069336
2023-01-27,386.94384765625,24.29817771911621,37.29348373413086
2023-01-30,382.0888977050781,23.682416915893555,35.900421142578125
2023-01-31,387.7069091796875,24.37636947631836,37.44826126098633
2023-02-01,391.8273620605469,24.894392013549805,38.609161376953125
2023-02-02,397.5312194824219,25.603004455566406,40.273094177246094
2023-02-03,393.3058166503906,25.060546875,38.986446380615234
2023-02-06,390.9021911621094,24.742895126342773,38.299591064453125
2023-02-07,396.0146789550781,25.397754669189453,39.76036834716797
2023-02-08,391.6842956542969,24.83574676513672,38.45437240600586
2023-02-09,388.2887268066406,24.386146545410156,37.41924285888672
2023-02-10,389.19488525390625,24.488771438598633,37.62240219116211
2023-02-13,393.7635498046875,25.06543731689453,38.93806838989258
2023-02-14,393.5824890136719,25.041004180908203,38.880027770996094
2023-02-15,394.860595703125,25.2022705078125,39.23796844482422
2023-02-16,389.4237060546875,24.488771438598633,37.59337615966797
2023-02-17,388.4508361816406,24.356821060180664,37.283809661865234
2023-02-21,380.65826416015625,23.374536514282227,35.04909896850586
2023-02-22,380.1336364746094,23.320775985717773,34.894317626953125
2023-02-23,382.1556396484375,23.54557991027832,35.378021240234375
2023-02-24,378.07330322265625,23.027555465698242,34.236480712890625
2023-02-27,379.3609313964844,23.174161911010742,34.565399169921875
2023-02-28,377.9588928222656,23.00312042236328,34.178436279296875
2023-03-01,376.5090637207031,22.836963653564453,33.78180694580078
2023-03-02,379.4373779296875,23.174161911010742,34.51702880859375
2023-03-03,385.52264404296875,23.9121036529541,36.15194320678711
2023-03-06,385.78973388671875,23.936538696289062,36.25836181640625
2023-03-07,379.87603759765625,23.203487396240234,34.584747314453125
2023-03-08,380.49609375,23.271907806396484,34.739532470703125
2023-03-09,373.4759216308594,22.402019500732422,32.785369873046875
2023-03-10,368.08685302734375,21.747159957885742,31.363283157348633
2023-03-13,367.5622863769531,21.66408348083496,31.15045928955078
2023-03-14,373.63812255859375,22.397136688232422,32.737003326416016
2023-03-15,371.30126953125,22.123464584350586,32.117862701416016
2023-03-16,377.81585693359375,22.861398696899414,33.752769470214844
2023-03-17,373.3981018066406,22.353153228759766,32.61124038696289
2023-03-20,376.98858642578125,22.758766174316406,33.501251220703125
2023-03-21,381.9386291503906,23.3549861907959,34.787899017333984
2023-03-22,375.4278564453125,22.56328773498535,33.04545974731445
2023-03-23,376.44281005859375,22.66592025756836,33.2587776184082
2023-03-24,378.9131164550781,22.959136962890625,33.9084358215332
2023-03-27,379.6215515136719,23.051990509033203,34.07327651977539
2023-03-28,378.7694091796875,22.94936180114746,33.850257873535156
2023-03-29,384.27484130859375,23.60422134399414,35.2950325012207
2023-03-30,386.5248718261719,23.863235473632812,35.896202087402344
2023-03-31,391.9727478027344,24.532752990722656,37.39915466308594
2023-04-03,393.46636962890625,24.713573455810547,37.787010192871094
2023-04-04,391.2834167480469,24.44967269897461,37.17613983154297
2023-04-05,390.2589416503906,24.29817771911621,36.836761474609375
2023-04-06,391.78131103515625,24.474111557006836,37.2440071105957
2023-04-10,392.183349609375,24.527864456176758,37.35066604614258
2023-04-11,392.2887878417969,24.537639617919922,37.35066604614258
2023-04-12,390.6897888183594,24.3421630859375,36.92403030395508
2023-04-13,395.87921142578125,24.96280860900879,38.31062316894531
2023-04-14,394.9121398925781,24.845521926879883,38.0488166809082
2023-04-17,396.3292236328125,25.021451950073242,38.42697525024414
2023-04-18,396.5876770019531,25.045888900756836,38.504539489746094
2023-04-19,396.52069091796875,25.036115646362305,38.465755462646484
2023-04-20,394.3568420410156,24.747777938842773,37.787010192871094
2023-04-21,394.6632080078125,24.767332077026367,37.87427520751953
2023-04-24,395.074951171875,24.82108497619629,37.99064254760742
2023-04-25,388.8035888671875,24.024507522583008,36.15800857543945
2023-04-26,387.15673828125,23.824138641357422,35.69258117675781
2023-04-27,394.8642578125,24.757556915283203,37.75791549682617
2023-04-28,398.2345275878906,25.163177490234375,38.7469596862793
2023-05-01,397.8323669433594,25.11919593811035,38.61121368408203
2023-05-02,393.361083984375,24.547412872314453,37.3118782043457
2023-05-03,390.66107177734375,24.205324172973633,36.51677322387695
2023-05-04,387.89404296875,23.853458404541016,35.711978912353516
2023-05-05,395.074951171875,24.728233337402344,37.64156723022461
2023-05-08,395.18023681640625,24.742895126342773,37.69004821777344
2023-05-09,393.44720458984375,24.527864456176758,37.17613983154297
2023-05-10,395.2856140136719,24.747777938842773,37.68034744262695
2023-05-11,394.59619140625,24.650041580200195,37.457332611083984
2023-05-12,394.07916259765625,24.571847915649414,37.3118782043457
2023-05-15,395.4388122558594,24.733121871948242,37.65126037597656
2023-05-16,392.7961730957031,24.410581588745117,36.894935607910156
2023-05-17,397.56427001953125,24.992130279541016,38.203948974609375
2023-05-18,401.3941650390625,25.46617317199707,39.30935287475586
2023-05-19,400.8100891113281,25.383089065551758,39.115421295166016
2023-05-22,400.9728698730469,25.38797950744629,39.115421295166016
2023-05-23,396.4728088378906,24.830860137939453,37.82579803466797
2023-05-24,393.6004333496094,24.45456314086914,36.98220443725586
2023-05-25,397.0090026855469,24.86995506286621,37.854888916015625
2023-05-26,402.1505432128906,25.50527000427246,39.348140716552734
2023-05-30,402.3036804199219,25.510156631469727,39.36753463745117
2023-05-31,400.0728759765625,25.236480712890625,38.68878173828125
2023-06-01,403.87396240234375,25.69586181640625,39.76508331298828
2023-06-02,409.7144470214844,26.453344345092773,41.49104309082031
2023-06-05,408.9293212890625,26.326282501220703,41.20985412597656
2023-06-06,409.8197326660156,26.448457717895508,41.48134994506836
2023-06-07,408.4026794433594,26.267641067504883,41.05470275878906
2023-06-08,410.8730163574219,26.570632934570312,41.762550354003906
2023-06-09,411.61016845703125,26.648826599121094,41.94678497314453
2023-06-12,415.3442077636719,27.137527465820312,43.08126449584961
2023-06-13,418.0826110839844,27.4796142578125,43.94424819946289
2023-06-14,418.5804443359375,27.54803466796875,44.06059646606445
2023-06-15,423.7698974609375,28.207778930664062,45.65082550048828
2023-06-16,422.3263854980469,28.002525329589844,45.20478439331055
2023-06-20,420.13531494140625,27.72885513305664,44.496944427490234
2023-06-21,417.9826965332031,27.42097282409668,43.77226638793945
2023-06-22,419.4914245605469,27.616451263427734,44.1905403137207
2023-06-23,416.3200988769531,27.181507110595703,43.1983642578125
2023-06-26,414.6190490722656,26.961591720581055,42.643917083740234
2023-06-27,419.1647644042969,27.552921295166016,43.99599075317383
2023-06-28,419.3761291503906,27.582242965698242,44.064083099365234
2023-06-29,421.029052734375,27.772838592529297,44.54071807861328
2023-06-30,425.9974365234375,28.417919158935547,46.087337493896484
2023-07-03,426.4877014160156,28.49122428894043,46.291603088378906
2023-07-05,425.8533630371094,28.383716583251953,46.01924514770508
2023-07-06,422.5185852050781,27.92922019958496,44.910343170166016
2023-07-07,421.451904296875,27.787498474121094,44.52125930786133
2023-07-10,422.5185852050781,27.919445037841797,44.85198211669922
2023-07-11,425.20947265625,28.27619743347168,45.71770095825195
2023-07-12,428.6306457519531,28.72580337524414,46.758506774902344
2023-07-13,432.0326843261719,29.14608383178711,47.83822250366211
2023-07-14,431.7635498046875,29.111875534057617,47.72149658203125
2023-07-17,433.2627868652344,29.307353973388672,48.207862854003906
2023-07-18,436.482177734375,29.73252296447754,49.287574768066406
2023-07-19,437.4527282714844,29.854700088500977,49.56966018676758
2023-07-20,434.5505065917969,29.453968048095703,48.5677604675293
2023-07-21,434.5505065917969,29.458852767944336,48.548309326171875
2023-07-24,436.49176025390625,29.708087921142578,49.18057632446289
2023-07-25,437.6833801269531,29.874250411987305,49.559940338134766
2023-07-26,437.7506408691406,29.874250411987305,49.54048538208008
2023-07-27,434.8483581542969,29.46373748779297,48.53858184814453
2023-07-28,439.105712890625,30.020858764648438,49.929569244384766
2023-07-31,439.9418029785156,30.147916793823242,50.2116584777832
2023-08-01,438.6828308105469,29.952442169189453,49.73502731323242
2023-08-02,432.5804138183594,29.136308670043945,47.67285919189453
2023-08-03,431.3406982421875,28.935943603515625,47.205963134765625
2023-08-04,429.389892578125,28.68181800842285,46.54451370239258
2023-08-07,433.1378173828125,29.165630340576172,47.72149658203125
2023-08-08,431.2542419433594,28.911508560180664,47.07950210571289
2023-08-09,428.3712158203125,28.51565933227539,46.13597106933594
2023-08-10,428.5249328613281,28.525436401367188,46.126243591308594
2023-08-11,428.27508544921875,28.48145294189453,46.038700103759766
2023-08-14,430.6391906738281,28.79421615600586,46.748783111572266
2023-08-15,425.6226806640625,28.12470245361328,45.172977447509766
2023-08-16,422.4994201660156,27.679981231689453,44.10299301147461
2023-08-17,419.27996826171875,27.245038986206055,43.07190704345703
2023-08-18,419.4817810058594,27.264585494995117,43.09136199951172
2023-08-21,422.2111511230469,27.631113052368164,43.947357177734375
2023-08-22,421.0674743652344,27.4698429107666,43.56800842285156
2023-08-23,425.7572326660156,28.070945739746094,44.95897674560547
2023-08-24,419.85662841796875,27.293909072875977,43.10110092163086
2023-08-25,422.8165588378906,27.66043472290039,43.986270904541016
2023-08-28,425.49774169921875,28.012300491333008,44.79362106323242
2023-08-29,431.6482849121094,28.818655014038086,46.70987319946289
2023-08-30,433.4261474609375,29.043455123901367,47.30323028564453
2023-08-31,432.7918701171875,28.935943603515625,47.01142120361328
2023-09-01,433.59906005859375,29.04833984375,47.244869232177734
2023-09-05,431.7251281738281,28.789335250854492,46.651512145996094
2023-09-06,428.8228454589844,28.38859748840332,45.678794860839844
2023-09-07,427.50628662109375,28.207778930664062,45.21188735961914
2023-09-08,428.150146484375,28.29085922241211,45.367523193359375
2023-09-11,430.9659423828125,28.652498245239258,46.272151947021484
2023-09-12,428.6017761230469,28.329954147338867,45.474525451660156
2023-09-13,429.10162353515625,28.398372650146484,45.64960861206055
2023-09-14,432.8014831542969,28.867525100708008,46.76824188232422
2023-09-15,427.5869445800781,28.16379737854004,45.05625915527344
2023-09-18,427.837646484375,28.1980037689209,45.12434768676758
2023-09-19,426.9504699707031,28.080717086791992,44.842254638671875
2023-09-20,423.02532958984375,27.53337287902832,43.56255340576172
2023-09-21,416.0334167480469,26.639053344726562,41.390750885009766
2023-09-22,415.0979309082031,26.49732780456543,41.049888610839844
2023-09-25,416.843505859375,26.712356567382812,41.585533142089844
2023-09-26,410.7195739746094,25.925548553466797,39.70591354370117
2023-09-27,410.8834533691406,25.945100784301758,39.774078369140625
2023-09-28,413.26556396484375,26.233430862426758,40.41685485839844
2023-09-29,412.26263427734375,26.08681869506836,40.095462799072266
2023-10-02,412.0986022949219,26.07215690612793,40.0565071105957
2023-10-03,406.58221435546875,25.378204345703125,38.42036056518555
2023-10-04,409.54302978515625,25.734956741333008,39.238441467285156
2023-10-05,409.38873291015625,25.69586181640625,39.14104461669922
2023-10-06,414.2492980957031,26.29207420349121,40.51424026489258
2023-10-09,416.90142822265625,26.624387741088867,41.26415252685547
2023-10-10,419.0712890625,26.888286590576172,41.897186279296875
2023-10-11,420.7879333496094,27.117979049682617,42.432830810546875
2023-10-12,418.22259521484375,26.785663604736328,41.624488830566406
2023-10-13,416.1394958496094,26.511991500854492,40.991455078125
2023-10-16,420.517822265625,27.05933380126953,42.257530212402344
2023-10-17,420.4985046386719,27.0495548248291,42.218570709228516
2023-10-18,414.8953552246094,26.3311710357666,40.543460845947266
2023-10-19,411.24993896484375,25.832693099975586,39.4332160949707
2023-10-20,406.19647216796875,25.2022705078125,37.92367172241211
2023-10-23,405.49249267578125,25.10942268371582,37.73862838745117
2023-10-24,408.54962158203125,25.480833053588867,38.57617950439453
2023-10-25,402.68603515625,24.75267219543457,36.90107345581055
2023-10-26,397.864013671875,24.146682739257812,35.53761672973633
2023-10-27,396.060546875,23.9121036529541,35.03118896484375
2023-10-30,400.7958679199219,24.488771438598633,36.277774810791016
2023-10-31,403.3129577636719,24.781991958618164,36.9302864074707
2023-11-01,407.6141662597656,25.300012588500977,38.10871505737305
2023-11-02,415.42578125,26.272525787353516,40.25129318237305
2023-11-03,419.2159423828125,26.73678970336914,41.33232116699219
2023-11-06,420.1803283691406,26.854082107543945,41.59527587890625
2023-11-07,421.3761291503906,26.995803833007812,41.94587707519531
2023-11-08,421.684814453125,27.03489875793457,42.04326248168945
2023-11-09,418.39617919921875,26.59995460510254,41.00119400024414
2023-11-10,424.92510986328125,27.435630798339844,42.910037994384766
2023-11-13,424.5201416015625,27.376989364624023,42.77368927001953
2023-11-14,432.75616455078125,28.422807693481445,45.2376594543457
2023-11-15,433.6722717285156,28.549867630004883,45.529823303222656
2023-11-16,434.20269775390625,28.59874153137207,45.64669418334961
2023-11-17,434.7427978515625,28.667160034179688,45.82200241088867
2023-11-20,438.0892333984375,29.10209846496582,46.834861755371094
2023-11-21,437.1344909667969,28.960376739501953,46.484256744384766
2023-11-22,438.8221740722656,29.17051887512207,47.019901275634766
2023-11-24,439.0922546386719,29.19495391845703,47.05885314941406
2023-11-27,438.3014221191406,29.09232521057129,46.81538009643555
2023-11-28,438.73541259765625,29.136308670043945,46.92250061035156
2023-11-29,438.42681884765625,29.106983184814453,46.78615951538086
2023-11-30,440.153076171875,29.307353973388672,47.312068939208984
2023-12-01,442.7569580078125,29.644559860229492,48.11066818237305
2023-12-04,440.4327697753906,29.326902389526367,47.3802375793457
2023-12-05,440.3459777832031,29.317129135131836,47.321807861328125
2023-12-06,438.5715026855469,29.07278060913086,46.727725982666016
2023-12-07,441.9179382324219,29.497949600219727,47.740577697753906
2023-12-08,443.81781005859375,29.742300033569336,48.35414505004883
2023-12-11,445.5440673828125,29.97687339782715,48.90926742553711
2023-12-12,447.5789794921875,30.25054168701172,49.56177520751953
2023-12-13,453.75115966796875,31.061790466308594,51.5680046081543
2023-12-14,455.2074279785156,31.26704216003418,52.0257453918457
2023-12-15,454.4579162597656,31.144866943359375,51.79200744628906
2023-12-18,457.0142822265625,31.501617431640625,52.61982345581055
2023-12-19,459.7933044433594,31.873027801513672,53.5352897644043
2023-12-20,453.42181396484375,30.927152633666992,51.230926513671875
2023-12-21,457.72113037109375,31.53423500061035,52.69493865966797
2023-12-22,458.64105224609375,31.661529541015625,52.98774719238281
2023-12-26,460.57763671875,31.906320571899414,53.612396240234375
2023-12-27,461.4104309082031,32.02382278442383,53.90519714355469
2023-12-28,461.5846862792969,32.02871322631836,53.89543914794922
2023-12-29,460.2483825683594,31.857364654541016,53.42695236206055
2024-01-02,457.6726989746094,31.480384826660156,52.46070098876953
2024-01-03,453.93505859375,30.956525802612305,51.1918830871582
2024-01-04,452.4728698730469,30.74110984802246,50.65507888793945
2024-01-05,453.0926513671875,30.819438934326172,50.850276947021484
2024-01-08,459.5609436035156,31.695796966552734,52.968223571777344
2024-01-09,458.86376953125,31.58319664001465,52.70470428466797
2024-01-10,461.4588623046875,31.94059181213379,53.612396240234375
2024-01-11,461.2554626464844,31.896530151367188,53.47576141357422
2024-01-12,461.57501220703125,31.921009063720703,53.553836822509766
2024-01-16,459.8804931640625,31.681108474731445,52.958465576171875
2024-01-17,457.3241271972656,31.32861328125,52.02149963378906
2024-01-18,461.3909912109375,31.867156982421875,53.3683967590332
2024-01-19,467.14288330078125,32.65049743652344,55.36922073364258
2024-01-22,468.1304931640625,32.787574768066406,55.681541442871094
2024-01-23,469.49578857421875,32.98830795288086,56.14027404785156
2024-01-24,470.0090637207031,33.03236770629883,56.29643249511719
2024-01-25,472.5653381347656,33.389766693115234,57.19436264038086
2024-01-26,471.9650573730469,33.301639556884766,56.960121154785156
2024-01-29,475.70263671875,33.81081008911133,58.28749465942383
2024-01-30,475.3347473144531,33.742271423339844,58.102054595947266
2024-01-31,467.57861328125,32.65049743652344,55.2716178894043
2024-02-01,473.6983642578125,33.4827880859375,57.360286712646484
2024-02-02,478.6850891113281,34.17311096191406,59.13663101196289
2024-02-05,476.9421081542969,33.92341613769531,58.472938537597656
2024-02-06,478.3268737792969,34.10456848144531,58.9511833190918
2024-02-07,482.3162841796875,34.662689208984375,60.39569091796875
2024-02-08,482.529296875,34.69205856323242,60.46400833129883
2024-02-09,485.3180236816406,35.08863067626953,61.459537506103516
2024-02-12,485.10498046875,35.0347785949707,61.3424186706543
2024-02-13,478.42364501953125,34.0751838684082,58.83406448364258
2024-02-14,482.7713623046875,34.68227767944336,60.385929107666016
2024-02-15,486.1023864746094,35.13759231567383,61.52786636352539
2024-02-16,483.681640625,34.78019714355469,60.58112716674805
2024-02-20,481.01873779296875,34.398319244384766,59.56607437133789
2024-02-21,481.4544982910156,34.44237518310547,59.70271682739258
2024-02-22,491.4184265136719,35.857276916503906,63.38227844238281
2024-02-23,491.75732421875,35.90134811401367,63.460365295410156
2024-02-26,489.9562683105469,35.63207244873047,62.75764083862305
2024-02-27,490.86639404296875,35.74467849731445,63.06997299194336
2024-02-28,490.21771240234375,35.63697052001953,62.767391204833984
2024-02-29,491.9800109863281,35.88176345825195,63.38227844238281
2024-03-01,496.59881591796875,36.55249786376953,65.16837310791016
2024-03-04,496.0663146972656,36.4545783996582,64.91462707519531
2024-03-05,491.1085510253906,35.72998809814453,62.94307327270508
2024-03-06,493.5970764160156,36.0873908996582,63.9190788269043
2024-03-07,498.4967956542969,36.79728698730469,65.77351379394531
2024-03-08,495.5046691894531,36.351768493652344,64.55350494384766
2024-03-11,495.07861328125,36.268531799316406,64.3387680053711
2024-03-12,500.404296875,37.04207992553711,66.39817810058594
2024-03-13,499.6200256347656,36.929473876953125,66.04679870605469
2024-03-14,498.6323547363281,36.74343490600586,65.58808135986328
2024-03-15,495.2083740234375,36.2342643737793,64.16309356689453
2024-03-18,498.1515197753906,36.674896240234375,65.31478881835938
2024-03-19,500.9198303222656,37.08124542236328,66.40792846679688
2024-03-20,505.552978515625,37.73295211791992,68.20020294189453
2024-03-21,507.2236633300781,37.95378112792969,68.77708435058594
2024-03-22,506.2620544433594,37.84090805053711,68.45441436767578
2024-03-25,504.86334228515625,37.61517333984375,67.87753295898438
2024-03-26,503.9308776855469,37.44342041015625,67.31040954589844
2024-03-27,508.1658935546875,38.07155990600586,69.02153778076172
2024-03-28,508.0687561035156,38.0421142578125,68.98242950439453
2024-04-01,507.1846923828125,37.90961456298828,68.63043212890625
2024-04-02,503.9600830078125,37.40415573120117,67.24195861816406
2024-04-03,504.513671875,37.487579345703125,67.4375228881836
2024-04-04,498.35552978515625,36.53553771972656,64.865966796875
2024-04-05,503.5617370605469,37.306007385253906,66.88018798828125
2024-04-08,503.84344482421875,37.33053970336914,66.93885803222656
2024-04-09,504.42626953125,37.4090576171875,67.17351531982422
2024-04-10,499.3753662109375,36.663143157958984,65.19841766357422
2024-04-11,503.14410400390625,37.19804763793945,66.58685302734375
2024-04-12,496.1991882324219,36.14786148071289,63.75129699707031
2024-04-15,489.98272705078125,35.239990234375,61.37529373168945
2024-04-16,489.0891418457031,35.112403869628906,60.98417663574219
2024-04-17,486.19451904296875,34.67564392089844,59.898841857910156
2024-04-18,485.1941223144531,34.513702392578125,59.429500579833984
2024-04-19,480.9591064453125,33.91499710083008,57.84550094604492
2024-04-22,485.3883361816406,34.513702392578125,59.400177001953125
2024-04-23,491.14825439453125,35.35286331176758,61.53173065185547
2024-04-24,490.9151916503906,35.308692932128906,61.48284149169922
2024-04-25,489.0502624511719,34.999534606933594,60.651729583740234
2024-04-26,493.6834411621094,35.68165588378906,62.40195846557617
2024-04-29,495.43182373046875,35.91721725463867,63.008182525634766
2024-04-30,487.5835266113281,34.77870178222656,60.03572463989258
2024-05-01,486.00030517578125,34.54314422607422,59.35128402709961
2024-05-02,490.5460205078125,35.166385650634766,60.98417663574219
2024-05-03,496.6265869140625,36.04970932006836,63.25263214111328
2024-05-06,501.75518798828125,36.780914306640625,65.20817565917969
2024-05-07,502.30877685546875,36.854530334472656,65.40375518798828
2024-05-08,502.3572998046875,36.859432220458984,65.37442779541016
2024-05-09,505.2518310546875,37.25202560424805,66.430419921875
2024-05-10,505.9026794433594,37.35999298095703,66.71397399902344
2024-05-13,505.9706726074219,37.35999298095703,66.67486572265625
2024-05-14,508.29217529296875,37.67897033691406,67.57441711425781
2024-05-15,514.5863647460938,38.60646438598633,70.04820251464844
2024-05-16,513.5275268554688,38.42489242553711,69.57887268066406
2024-05-17,514.2656860351562,38.54757308959961,69.85264587402344
2024-05-20,514.8582763671875,38.621185302734375,70.05797576904297
2024-05-21,516.1210327148438,38.797847747802734,70.53709411621094
2024-05-22,514.6348266601562,38.55739212036133,69.89176177978516
2024-05-23,510.8758850097656,37.98322677612305,68.26863861083984
2024-05-24,514.256103515625,38.48868942260742,69.62776184082031
2024-05-28,514.6154174804688,38.52303695678711,69.75486755371094
2024-05-29,511.0118103027344,37.97341537475586,68.24909210205078
2024-05-30,507.6219177246094,37.45813751220703,66.85086822509766
2024-05-31,512.2454833984375,38.115718841552734,68.6108627319336
2024-06-03,512.6630859375,38.17461013793945,68.77708435058594
2024-06-04,513.2361450195312,38.24822998046875,68.95309448242188
2024-06-05,519.3359985351562,39.17081832885742,71.39753723144531
2024-06-06,519.3263549804688,39.151187896728516,71.36820220947266
2024-06-07,518.6950073242188,39.028499603271484,71.02598571777344
2024-06-10,520.2975463867188,39.264060974121094,71.67132568359375
2024-06-11,521.5506591796875,39.44071960449219,72.16021728515625
2024-06-12,525.8341674804688,40.09832000732422,73.92021179199219
2024-06-13,526.8929443359375,40.2357177734375,74.37976837158203
2024-06-14,527.2135009765625,40.26516342163086,74.38953399658203
2024-06-17,531.4095458984375,40.898216247558594,76.13978576660156
2024-06-18,532.7597045898438,41.09941864013672,76.69711303710938
2024-06-20,531.3124389648438,40.85895919799805,76.0224380493164
2024-06-21,530.60009765625,40.68229675292969,75.48466491699219
2024-06-24,528.875244140625,40.44673538208008,74.8882064819336
2024-06-25,530.9119873046875,40.78044509887695,75.71932983398438
2024-06-26,531.5745849609375,40.8743896484375,76.02626037597656
2024-06-27,532.4126586914062,40.98259353637695,76.31063079833984
2024-06-28,530.3173828125,40.62844467163086,75.3496322631836
2024-07-01,531.4088745117188,40.80552673339844,75.78109741210938
2024-07-02,534.9851684570312,41.33674240112305,77.26182556152344
2024-07-03,537.3726196289062,41.68597412109375,78.23261260986328
2024-07-05,540.4713745117188,42.17292022705078,79.546630859375
2024-07-08,541.0950317382812,42.246700286865234,79.79178619384766
2024-07-09,541.6211547851562,42.32048034667969,79.98789978027344
2024-07-10,546.9806518554688,43.15174865722656,82.29232025146484
2024-07-11,542.2643432617188,42.38442611694336,80.1742172241211
2024-07-12,545.6846923828125,42.90089416503906,81.60589599609375
2024-07-15,547.1853637695312,43.1320686340332,82.27269744873047
2024-07-16,550.4302978515625,43.648529052734375,83.71419525146484
2024-07-17,542.7125854492188,42.40409851074219,80.1447982788086
2024-07-18,538.5418701171875,41.74500274658203,78.2424087524414
2024-07-19,534.9656372070312,41.1744270324707,76.59501647949219
2024-07-22,540.4810791015625,42.02044677734375,78.97786712646484
2024-07-23,539.6333618164062,41.87288284301758,78.56603240966797
2024-07-24,527.4038696289062,39.95458984375,73.19230651855469
2024-07-25,524.6558837890625,39.52666473388672,71.99596405029297
2024-07-26,530.5319213867188,40.38251495361328,74.36902618408203
2024-07-29,530.8436889648438,40.456302642822266,74.43768310546875
2024-07-30,528.1541748046875,40.02345657348633,73.29035949707031
2024-07-31,536.7391357421875,41.25804138183594,76.71267700195312
2024-08-01,529.138427734375,40.14149856567383,73.55513763427734
2024-08-02,519.28662109375,38.631465911865234,69.39737701416016
2024-08-05,504.16314697265625,36.35902404785156,63.27839660644531
2024-08-06,508.8113708496094,37.03779983520508,65.01406860351562
2024-08-07,505.410400390625,36.516414642333984,63.651031494140625
2024-08-08,517.0941772460938,38.1986198425293,68.04413604736328
2024-08-09,519.3743896484375,38.52324676513672,68.87764739990234
2024-08-12,519.6472778320312,38.54784393310547,68.95609283447266
2024-08-13,528.1930541992188,39.82670593261719,72.33918762207031
2024-08-14,529.8594970703125,40.07263946533203,73.03541564941406
2024-08-15,538.9415283203125,41.44003677368164,76.74211883544922
2024-08-16,540.1497802734375,41.582679748535156,77.14415740966797
2024-08-19,545.3142700195312,42.37458801269531,79.36030578613281
2024-08-20,544.4275512695312,42.23194885253906,78.9288330078125
2024-08-21,546.2984619140625,42.53199005126953,79.781982421875
2024-08-22,542.0109252929688,41.84336853027344,77.84036254882812
2024-08-23,547.7699584960938,42.69921875,80.22322845458984
2024-08-26,546.4641723632812,42.48771667480469,79.59565734863281
2024-08-27,547.2146606445312,42.60576629638672,79.92906951904297
2024-08-28,544.0377807617188,42.10898208618164,78.51699829101562
2024-08-29,544.0865478515625,42.08930206298828,78.47777557373047
2024-08-30,549.2803344726562,42.866458892822266,80.60566711425781
2024-09-03,537.976806640625,41.10556411743164,75.64381408691406
2024-09-04,536.8755493164062,40.90882110595703,75.08487701416016
2024-09-05,535.5698852539062,40.71206283569336,74.53575897216797
2024-09-06,526.55615234375,39.339752197265625,70.72118377685547
2024-09-09,532.4515380859375,40.19069290161133,73.03541564941406
2024-09-10,534.7706909179688,40.539913177490234,73.96698760986328
2024-09-11,540.2568359375,41.346580505371094,76.19295501708984
2024-09-12,544.8076171875,42.054874420166016,78.11495971679688
2024-09-13,547.653076171875,42.463134765625,79.26226043701172
2024-09-16,548.4619140625,42.595924377441406,79.6348876953125
2024-09-17,548.6859741210938,42.625450134277344,79.70352172851562
2024-09-18,547.0587158203125,42.34507369995117,78.93864440917969
2024-09-19,556.3939208984375,43.79117965698242,82.94931030273438
2024-09-20,555.4320678710938,43.59442138671875,82.39037322998047
2024-09-23,556.8200073242188,43.82068634033203,83.02777099609375
2024-09-24,558.4132080078125,44.071537017822266,83.73381805419922
2024-09-25,557.1817016601562,43.87194061279297,83.12427520751953
2024-09-26,559.3907470703125,44.211997985839844,84.12705993652344
2024-09-27,558.5794677734375,44.05921936035156,83.65515899658203
2024-09-30,560.8177490234375,44.43870544433594,84.73661041259766
2024-10-01,555.7937622070312,43.61074447631836,82.38690948486328
2024-10-02,556.0283813476562,43.630455017089844,82.39673614501953
2024-10-03,555.0117797851562,43.46781539916992,81.93465423583984
2024-10-04,560.055419921875,44.22677993774414,84.07788848876953
2024-10-07,554.9921875,43.44317626953125,81.81668853759766
2024-10-08,560.2412109375,44.2415657043457,84.08773803710938
2024-10-09,564.12158203125,44.837894439697266,85.79839324951172
2024-10-10,563.13427734375,44.69004821777344,85.32649230957031
2024-10-11,566.5064086914062,45.17794418334961,86.73236846923828
2024-10-14,571.1395874023438,45.922122955322266,88.86577606201172
2024-10-15,566.7019653320312,45.20259094238281,86.80119323730469
2024-10-16,569.1651611328125,45.58207321166992,87.86298370361328
2024-10-17,569.214111328125,45.5771484375,87.88263702392578
2024-10-18,571.403564453125,45.912269592285156,88.78712463378906
2024-10-21,570.4651489257812,45.769351959228516,88.36438751220703
2024-10-22,570.162109375,45.70035171508789,88.1775894165039
2024-10-23,564.9522705078125,44.847747802734375,85.70008850097656
2024-10-24,566.1741943359375,45.0350341796875,86.2309799194336
2024-10-25,565.9786987304688,45.000526428222656,86.06383514404297
2024-10-28,567.7283935546875,45.256805419921875,86.84053039550781
2024-10-29,568.6471557617188,45.39480209350586,87.214111328125
2024-10-30,566.9268798828125,45.108951568603516,86.41777801513672
2024-10-31,555.8134155273438,43.32982635498047,81.26612854003906
2024-11-01,558.1591796875,43.67973327636719,82.249267578125
2024-11-04,556.9569091796875,43.49245834350586,81.68888092041016
2024-11-05,563.69140625,44.53234100341797,84.63829040527344
2024-11-06,577.7079467773438,46.7402229309082,90.94020080566406
2024-11-07,582.1749267578125,47.454833984375,92.9851303100586
2024-11-08,584.6968994140625,47.84910202026367,94.1648941040039
2024-11-11,585.25390625,47.91809844970703,94.36152648925781
2024-11-12,583.4358520507812,47.612545013427734,93.44721221923828
2024-11-13,583.7192993164062,47.661827087402344,93.565185546875
2024-11-14,579.9658813476562,47.031002044677734,91.7267074584961
2024-11-15,572.537353515625,45.798919677734375,88.10877990722656
2024-11-18,574.8832397460938,46.18333053588867,89.18038940429688
2024-11-19,576.9847412109375,46.49380874633789,90.15369415283203
2024-11-20,577.1802978515625,46.52831268310547,90.20285034179688
2024-11-21,580.2786254882812,47.0063591003418,91.59890747070312
2024-11-22,582.0772094726562,47.272491455078125,92.35592651367188
2024-11-25,584.0516967773438,47.582977294921875,93.26041412353516
2024-11-26,587.101318359375,48.10044860839844,94.75477600097656
2024-11-27,585.3223266601562,47.7702522277832,93.7814712524414
2024-11-29,588.9584350585938,48.332069396972656,95.41348266601562
2024-12-02,590.0140380859375,48.514427185058594,95.97386932373047
2024-12-03,590.2876586914062,48.5390625,96.02303314208984
2024-12-04,593.9531860351562,49.13539505004883,97.76317596435547
2024-12-05,592.9756469726562,48.97275924682617,97.29127502441406
2024-12-06,594.0997314453125,49.15018081665039,97.80250549316406
2024-12-09,591.0403442382812,48.62285232543945,96.20982360839844
2024-12-10,589.2026977539062,48.332069396972656,95.30534362792969
2024-12-11,593.7576904296875,49.056541442871094,97.507568359375
2024-12-12,590.6982421875,48.5390625,95.95420837402344
2024-12-13,590.5809936523438,48.50456619262695,95.81655883789062
2024-12-16,593.1027221679688,48.898834228515625,96.96682739257812
2024-12-17,590.6591186523438,48.474998474121094,95.72808837890625
2024-12-18,573.055419921875,45.68063735961914,87.24360656738281
2024-12-19,572.8793334960938,45.55250549316406,87.0469741821289
2024-12-20,579.76025390625,46.58745193481445,89.9374008178711
2024-12-23,583.2320556640625,47.177921295166016,91.69720458984375
2024-12-24,589.7146606445312,48.176025390625,94.62528991699219
2024-12-26,589.7539672851562,48.18590545654297,94.61544036865234
2024-12-27,583.5458374023438,47.15815353393555,91.59861755371094
2024-12-30,576.8866577148438,46.071102142333984,88.39449310302734
2024-12-31,574.7880249023438,45.71039581298828,87.38888549804688
2025-01-02,573.375732421875,45.468284606933594,86.65933990478516
2025-01-03,580.5448608398438,46.58497619628906,89.8338851928711
2025-01-06,583.8890991210938,47.13838577270508,91.3915786743164
2025-01-07,577.2887573242188,46.07604217529297,88.33534240722656
2025-01-08,578.1322631835938,46.160037994384766,88.57195281982422
2025-01-10,569.3056640625,44.74687957763672,84.49037170410156
2025-01-13,570.1882934570312,44.885231018066406,84.89459991455078
2025-01-14,570.972900390625,44.99393844604492,85.14106750488281
2025-01-15,581.35888671875,46.619564056396484,89.78459930419922
2025-01-16,580.2409057617188,46.441688537597656,89.27193450927734
2025-01-17,586.06640625,47.32615280151367,91.78593444824219
2025-01-21,591.4309692382812,48.18590545654297,94.181640625
2025-01-22,594.7556762695312,48.70967102050781,95.808349609375
2025-01-23,598.001953125,49.24824523925781,97.37590789794922
2025-01-24,596.2562255859375,48.94190216064453,96.45903015136719
2025-01-27,587.822021484375,47.55344009399414,92.34789276123047
2025-01-28,592.8726806640625,48.353904724121094,94.65486907958984
2025-01-29,590.2149047851562,47.919090270996094,93.35350036621094
2025-01-30,593.3826904296875,48.41320037841797,94.84217834472656
2025-01-31,590.2246704101562,47.87461471557617,93.23519134521484
2025-02-03,586.2527465820312,47.222381591796875,91.30284881591797
2025-02-04,590.1854858398438,47.8548469543457,93.1464614868164
2025-02-05,592.5784912109375,48.230377197265625,94.23092651367188
2025-02-06,594.6380004882812,48.561431884765625,95.20695495605469
2025-02-07,589.1950073242188,47.65226745605469,92.5154800415039
2025-02-10,593.1962890625,48.284732818603516,94.29994201660156
2025-02-11,593.6475830078125,48.339088439941406,94.49712371826172
2025-02-12,591.7349243164062,48.0426139831543,93.61968231201172
2025-02-13,597.9822998046875,49.04566192626953,96.53790283203125
2025-02-14,597.952880859375,49.01601791381836,96.42945861816406
2025-02-18,599.7083129882812,49.27295684814453,97.16887664794922
2025-02-19,601.1206665039062,49.51506805419922,97.88856506347656
2025-02-20,598.6197509765625,49.0950813293457,96.63648223876953
2025-02-21,588.380859375,47.395328521728516,91.63804626464844
2025-02-24,585.7035522460938,46.945682525634766,90.31695556640625
2025-02-25,582.7907104492188,46.471336364746094,88.88744354248047
2025-02-26,583.0849609375,46.4911003112793,88.98602294921875
2025-02-27,573.7777099609375,45.01864242553711,84.73684692382812
2025-02-28,582.7318115234375,46.38239669799805,88.5818099975586
2025-03-03,572.5225219726562,44.791351318359375,84.0467300415039
2025-03-04,565.7456665039062,43.69441604614258,80.94120025634766
2025-03-05,571.8261108398438,44.63323211669922,83.47491455078125
2025-03-06,561.6755981445312,43.057010650634766,79.07787322998047
2025-03-07,564.8236694335938,43.477012634277344,80.2412109375
2025-03-10,549.7792358398438,41.179378509521484,73.90196990966797
2025-03-11,545.208984375,40.49750900268555,72.04851531982422
2025-03-12,548.1022338867188,40.902679443359375,73.10340118408203
2025-03-13,540.7957153320312,39.810691833496094,70.18519592285156
2025-03-14,551.9662475585938,41.41655731201172,74.41464233398438
2025-03-17,556.2227172851562,42.03914260864258,76.09064483642578
2025-03-18,550.2108764648438,41.14973449707031,73.67522430419922
2025-03-19,556.2030639648438,42.014434814453125,75.97232818603516
2025-03-20,554.5947265625,41.80691146850586,75.42024230957031
2025-03-21,554.7776489257812,41.797027587890625,75.42024230957031
2025-03-24,564.712890625,43.26948165893555,79.3342056274414
2025-03-25,566.0703735351562,43.457244873046875,79.85672760009766
2025-03-26,559.3125,42.450321197509766,77.08785247802734
2025-03-27,557.8270263671875,42.18794631958008,76.3664779663086
2025-03-28,546.5934448242188,40.49488067626953,71.78132629394531
2025-03-31,550.2625732421875,40.98002243041992,73.02642822265625
2025-04-01,551.8167114257812,41.24240493774414,73.73792266845703
2025-04-02,555.3088989257812,41.75230407714844,75.13125610351562
2025-04-03,527.9428100585938,37.77212142944336,64.36009979248047
2025-04-04,497.0354309082031,33.25233840942383,53.18379211425781
2025-04-07,496.1501159667969,33.11867141723633,52.42289733886719
2025-04-08,488.3790588378906,32.07908248901367,50.05126953125
2025-04-09,539.668212890625,38.093894958496094,64.04388427734375
2025-04-10,516.0204467773438,35.425594329833984,57.344024658203125
2025-04-11,525.227783203125,36.63846206665039,60.35797882080078
2025-04-14,530.3233032226562,37.3513298034668,62.03787612915039
2025-04-15,528.8378295898438,37.163211822509766,61.553672790527344
2025-04-16,517.0828857421875,35.49985122680664,57.43296432495117
2025-04-17,517.8206176757812,35.56916046142578,57.59107208251953
2025-04-21,505.4950866699219,33.881046295166016,53.5000114440918
2025-04-22,518.64697265625,35.593910217285156,57.512020111083984
2025-04-23,526.6836547851562,36.71767044067383,60.26904296875
2025-04-24,537.7698364257812,38.24241256713867,64.00435638427734
2025-04-25,541.6553344726562,38.777069091796875,65.35816192626953
2025-04-28,541.8618774414062,38.82657241821289,65.49651336669922
2025-04-29,545.2752685546875,39.282012939453125,66.60325622558594
2025-04-30,545.4916381835938,39.29191970825195,66.67243957519531
2025-05-01,549.3574829101562,39.87112045288086,68.10529327392578
2025-05-02,557.5122680664062,41.014678955078125,71.05995178222656
2025-05-05,554.3152465820312,40.56913757324219,69.89390563964844
2025-05-06,549.6821899414062,39.8859748840332,68.11518096923828
2025-05-07,551.9938354492188,40.227561950683594,68.97490692138672
2025-05-08,555.840087890625,40.75230407714844,70.3188247680664
2025-05-09,555.1317749023438,40.63844299316406,70.00259399414062
2025-05-12,573.4774780273438,43.30179977416992,76.87044525146484
2025-05-13,577.2646484375,43.89091110229492,78.43177032470703
2025-05-14,578.0025024414062,43.980010986328125,78.6985855102539
2025-05-15,580.8256225585938,44.40575408935547,79.82510375976562
2025-05-16,584.5045166015625,44.955257415771484,81.31725311279297
2025-05-19,585.1439819335938,45.06417465209961,81.57418060302734
2025-05-20,583.1766357421875,44.7275390625,80.684814453125
2025-05-21,573.3494873046875,43.23249435424805,76.64315795898438
2025-05-22,573.5758666992188,43.23744201660156,76.62339782714844
2025-05-23,569.6607666015625,42.638431549072266,75.02255249023438
2025-05-27,581.5042724609375,44.39090347290039,79.60770416259766
2025-05-28,578.14013671875,43.87604904174805,78.234130859375
2025-05-29,580.4222412109375,44.20278549194336,79.11360931396484
2025-05-30,579.7730712890625,44.09387969970703,78.83692169189453
2025-06-02,583.038818359375,44.57406997680664,80.08202362060547
2025-06-03,586.36376953125,45.093868255615234,81.50501251220703
2025-06-04,586.2063598632812,45.049312591552734,81.37654113769531
2025-06-05,583.373291015625,44.5839729309082,80.15119934082031
2025-06-06,589.364013671875,45.4948616027832,82.54259490966797
2025-06-09,589.8951416015625,45.56416702270508,82.740234375
2025-06-10,593.2396850585938,46.08892059326172,84.173095703125
2025-06-11,591.5476684570312,45.826541900634766,83.44184112548828
2025-06-12,593.8988037109375,46.16317367553711,84.39048767089844
2025-06-13,587.2588500976562,45.11862564086914,81.44570922851562
2025-06-16,592.8462524414062,45.980003356933594,83.7975845336914
2025-06-17,587.7802124023438,45.187931060791016,81.60383605957031
2025-06-18,587.691650390625,45.15822982788086,81.54452514648438
2025-06-20,586.3114624023438,44.910701751708984,80.83306121826172
2025-06-23,592.102783203125,45.79188919067383,83.23432159423828
2025-06-24,598.643798828125,46.801780700683594,85.9814682006836
2025-06-25,598.9793090820312,46.8538818359375,86.14889526367188
2025-06-26,603.6655883789062,47.58814239501953,88.10074615478516
2025-06-27,606.664794921875,47.994964599609375,89.28970336914062
2025-06-30,609.5653686523438,48.48116683959961,90.59754180908203
2025-07-01,609.3681030273438,48.41666793823242,90.41919708251953
2025-07-02,612.130615234375,48.85325622558594,91.61804962158203
2025-07-03,616.9550170898438,49.582557678222656,93.72842407226562
2025-07-07,612.357421875,48.87310028076172,91.62796020507812
2025-07-08,612.02197265625,48.788761138916016,91.40007019042969
2025-07-09,615.6920776367188,49.36426544189453,93.01505279541016
2025-07-10,617.4285278320312,49.64705276489258,93.78787231445312
2025-07-11,615.258056640625,49.26008224487305,92.68810272216797
2025-07-14,616.4320678710938,49.433719635009766,93.19339752197266
2025-07-15,613.7978515625,48.997135162353516,91.98463439941406
2025-07-16,615.8499755859375,49.32953643798828,92.86643981933594
2025-07-17,619.6187133789062,49.93976974487305,94.58049011230469
2025-07-18,619.1649169921875,49.84054183959961,94.29316711425781
2025-07-21,620.3389282226562,50.01914596557617,94.79847717285156
2025-07-22,620.4276733398438,50.02906799316406,94.78856658935547
2025-07-23,625.7060546875,50.86751937866211,97.17636108398438
2025-07-24,625.9132690429688,50.91217041015625,97.30516052246094
2025-07-25,628.5572509765625,51.294185638427734,98.36530303955078
2025-07-28,628.3994140625,51.2644157409668,98.30585479736328
2025-07-29,626.7420043945312,50.98162841796875,97.52313232421875
2025-07-30,625.9526977539062,50.86751937866211,97.13673400878906
2025-07-31,623.6046142578125,50.4458122253418,95.9477767944336
2025-08-01,613.3834838867188,48.77387619018555,91.17218780517578
2025-08-04,622.7068481445312,50.242401123046875,95.25423431396484
2025-08-05,619.5496215820312,49.75123977661133,93.85722351074219
2025-08-06,624.295166015625,50.48054122924805,95.88833618164062
2025-08-07,623.7723388671875,50.41108322143555,95.70999145507812
2025-08-08,628.63623046875,51.15030288696289,97.8401870727539
2025-08-11,627.39306640625,50.941932678222656,97.16645050048828
2025-08-12,634.0723266601562,52.02348327636719,100.27751922607422
2025-08-13,636.2428588867188,52.38069534301758,101.3178482055664
2025-08-14,636.302001953125,52.38069534301758,101.30793762207031
2025-08-15,634.812255859375,52.12270736694336,100.5351333618164
2025-08-18,634.6741333007812,52.078060150146484,100.39641571044922
2025-08-19,631.2308959960938,51.49263000488281,98.70217895507812
2025-08-20,629.5537109375,51.214805603027344,97.87981414794922
2025-08-21,627.028076171875,50.80302047729492,96.74041748046875
2025-08-22,636.6571655273438,52.32611846923828,101.04043579101562
2025-08-25,633.855224609375,51.86968994140625,99.74250030517578
2025-08-26,636.5092163085938,52.28643035888672,100.94134521484375
2025-08-27,637.95947265625,52.524574279785156,101.575439453125
2025-08-28,640.21875,52.87681579589844,102.6455078125
2025-08-29,636.400634765625,52.23185729980469,100.69364929199219
2025-09-02,631.6847534179688,51.443023681640625,98.4643783569336
2025-09-03,635.1082153320312,51.96890640258789,99.94066619873047
2025-09-04,640.4160766601562,52.827205657958984,102.42752838134766
2025-09-05,638.5613403320312,52.51960754394531,101.43673706054688
2025-09-08,640.1300048828125,52.767669677734375,102.19964599609375
2025-09-09,641.60986328125,53.010772705078125,102.90311431884766
2025-09-10,643.4646606445312,53.31340408325195,103.77499389648438
2025-09-11,648.8119506835938,54.176658630371094,106.29158782958984
2025-09-12,648.5949096679688,54.112159729003906,106.09344482421875
2025-09-15,652.0480346679688,54.68766784667969,107.72824096679688
2025-09-16,651.1502075195312,54.523948669433594,107.25265502929688
2025-09-17,650.3412475585938,54.38502883911133,106.86624908447266
2025-09-18,653.3799438476562,54.9010009765625,108.34252166748047
2025-09-19,656.615966796875,55.39216613769531,109.78907012939453
2025-09-22,659.7225341796875,55.918052673339844,111.3545150756836
2025-09-23,656.1312255859375,55.32766342163086,109.58100128173828
2025-09-24,654.0436401367188,54.9340705871582,108.44532775878906
2025-09-25,651.0263061523438,54.422203063964844,106.89668273925781
2025-09-26,654.756103515625,55.0185546875,108.6240234375
2025-09-29,656.59619140625,55.32170104980469,109.5174789428711
2025-09-30,659.0695190429688,55.7242431640625,110.678955078125
2025-10-01,661.3153686523438,56.11684036254883,111.88015747070312
2025-10-02,662.0769653320312,56.21623229980469,112.18791198730469
2025-10-03,662.0672607421875,56.20132064819336,112.05885314941406
2025-10-06,664.4415283203125,56.58895492553711,113.2799072265625
2025-10-07,661.9781494140625,56.17150115966797,112.00921630859375
2025-10-08,665.925537109375,56.82252502441406,113.94503784179688
2025-10-09,663.996337890625,56.489559173583984,112.96223449707031
2025-10-10,646.0499877929688,53.418338775634766,103.72988891601562
2025-10-13,655.9629516601562,55.03843307495117,108.44532775878906
2025-10-14,655.16162109375,54.89928436279297,107.96881866455078
2025-10-15,658.0702514648438,55.3614616394043,109.34871673583984
2025-10-16,653.5887451171875,54.62098693847656,107.14486694335938
2025-10-17,657.298583984375,55.19746017456055,108.84241485595703
2025-10-20,664.1348876953125,56.35041046142578,112.22762298583984
2025-10-21,664.1249389648438,56.3255615234375,112.19783782958984
2025-10-22,660.6722412109375,55.754058837890625,110.42085266113281
2025-10-23,664.5899047851562,56.365318298339844,112.2772445678711
2025-10-24,670.0213623046875,57.2697868347168,114.91790771484375
2025-10-27,677.926025390625,58.62649154663086,119.02778625488281
2025-10-28,679.7265625,58.92964172363281,119.90138244628906
2025-10-29,680.05322265625,58.96442794799805,120.03044128417969
2025-10-30,672.5738525390625,57.697174072265625,116.17866516113281
2025-10-31,674.7799682617188,58.02517318725586,117.08203887939453
2025-11-03,676.04638671875,58.25874328613281,117.81665802001953
2025-11-04,668.0328369140625,56.88216018676758,113.62735748291016
2025-11-05,670.3478393554688,57.21512222290039,114.62007904052734
2025-11-06,663.1554565429688,55.977691650390625,110.94700622558594
2025-11-07,663.8082885742188,56.072113037109375,111.23490142822266
2025-11-10,674.1666259765625,57.8065071105957,116.26801300048828
2025-11-11,675.7100219726562,58.06989669799805,117.07211303710938
2025-11-12,676.0859985351562,58.12953186035156,117.2706527709961
2025-11-13,664.8670043945312,56.20132064819336,111.43344116210938
2025-11-14,664.7581176757812,56.15162658691406,111.2646713256836
2025-11-17,658.56494140625,55.09807205200195,108.11773681640625
2025-11-18,653.03466796875,54.17372512817383,105.41752624511719
2025-11-19,655.5574951171875,54.56135177612305,106.53929901123047
2025-11-20,645.5652465820312,52.886592864990234,101.6352310180664
2025-11-21,651.995849609375,53.93021011352539,104.61341094970703
2025-11-24,661.59228515625,55.52048873901367,109.20972442626953
2025-11-25,667.815185546875,56.554168701171875,112.19783782958984
2025-11-26,672.4254760742188,57.29961013793945,114.4811019897461
2025-11-28,676.0958251953125,57.9058952331543,116.2779312133789
2025-12-01,673.0091552734375,57.379119873046875,114.64987182617188
2025-12-02,674.2557373046875,57.577903747558594,115.22564697265625
2025-12-03,676.5905151367188,57.955596923828125,116.35735321044922
2025-12-04,677.085205078125,58.054988861083984,116.66510009765625
2025-12-05,678.3712768554688,58.22395706176758,117.17138671875
2025-12-08,676.3333740234375,57.87608337402344,116.09923553466797
2025-12-09,675.7495727539062,57.78662872314453,115.76171875
2025-12-10,680.2312622070312,58.51219177246094,117.98542785644531
2025-12-11,681.8141479492188,58.79049301147461,118.69025421142578
2025-12-12,674.4832763671875,57.48845291137695,114.87818908691406
2025-12-15,673.4641723632812,57.31948471069336,114.34211730957031
2025-12-16,671.6240844726562,56.99148941040039,113.36924743652344
2025-12-17,664.2337646484375,55.719268798828125,109.58697509765625
2025-12-18,669.2496337890625,56.554168701171875,112.03900146484375
2025-12-19,675.3153686523438,57.55802536010742,114.96753692626953
2025-12-22,679.5224609375,58.273651123046875,117.0423355102539
2025-12-23,682.6282348632812,58.77061080932617,118.640625
2025-12-24,685.0294799804688,59.17493438720703,119.78550720214844
2025-12-26,684.9599609375,59.135101318359375,119.69591522216797
2025-12-29,682.51904296875,58.716835021972656,118.39173126220703
2025-12-30,681.685546875,58.557491302490234,117.91386413574219
2025-12-31,676.635009765625,57.68111801147461,115.24576568603516
2026-01-02,677.8753051757812,57.86037826538086,115.81324005126953
2026-01-05,682.3900756835938,58.63716506958008,118.06319427490234
2026-01-06,686.4484252929688,59.324317932128906,120.11405181884766
2026-01-07,684.2356567382812,58.93592834472656,118.97911834716797
2026-01-08,684.1661987304688,58.886131286621094,118.82977294921875
2026-01-09,688.6908569335938,59.652957916259766,121.10960388183594
2026-01-12,689.7723999023438,59.83221435546875,121.68702697753906
2026-01-13,688.3932495117188,59.57328796386719,120.89057922363281
2026-01-14,685.009521484375,59.015594482421875,119.13839721679688
2026-01-15,686.8750610351562,59.2944450378418,120.0045394897461
2026-01-16,686.2994995117188,59.17493438720703,119.59635162353516
2026-01-20,672.3286743164062,56.75495910644531,112.27900695800781
2026-01-21,680.0880737304688,58.039634704589844,116.07207489013672
2026-01-22,683.6402587890625,58.63716506958008,117.8740463256836
2026-01-23,683.8883666992188,58.657081604003906,117.89395141601562
2026-01-26,687.3612060546875,59.264564514160156,119.69591522216797
2026-01-27,690.099853515625,59.74258804321289,121.12950897216797
2026-01-28,690.0303344726562,59.70275115966797,121.05982971191406
2026-01-29,688.6610717773438,59.43386459350586,120.20364379882812
2026-01-30,686.6071166992188,59.045475006103516,119.07866668701172
2026-02-02,690.0204467773438,59.66291427612305,120.89057922363281
2026-02-03,684.18603515625,58.62720489501953,117.72470092773438
2026-02-04,680.8719482421875,58.039634704589844,115.97252655029297
2026-02-05,672.3682861328125,56.57570266723633,111.53233337402344
2026-02-06,685.2676391601562,58.766624450683594,117.95368957519531
2026-02-09,688.5718383789062,59.284481048583984,119.60630798339844
2026-02-10,686.7559814453125,58.97576141357422,118.62071228027344
2026-02-11,686.5972290039062,58.94588088989258,118.47137451171875
2026-02-12,675.9900512695312,57.12343215942383,112.98584747314453
2026-02-13,676.4663696289062,57.13338851928711,113.00576782226562
2026-02-17,677.5578002929688,57.312644958496094,113.55331420898438
2026-02-18,680.97119140625,57.890254974365234,115.2557144165039
2026-02-19,679.1751708984375,57.58153533935547,114.37963104248047
2026-02-20,684.0867919921875,58.39815139770508,116.71919250488281
2026-02-23,677.1013793945312,57.19314193725586,113.15509796142578
2026-02-24,682.0228881835938,58.02967834472656,115.55439758300781
2026-02-25,687.7780151367188,58.97576141357422,118.42159271240234
2026-02-26,683.9578247070312,58.318485260009766,116.4603500366211
2026-02-27,680.6734619140625,57.770748138427734,114.79776763916016
2026-03-02,681.0604858398438,57.79066848754883,114.80772399902344
2026-03-03,675.0573120117188,56.764915466308594,111.74140167236328
2026-03-04,679.8201293945312,57.57157897949219,114.10087585449219
2026-03-05,676.0297241210938,56.924259185791016,112.19935607910156
2026-03-06,667.1689453125,55.39060592651367,107.67952728271484
2026-03-09,673.0133056640625,56.3665657043457,110.47705078125
2026-03-10,671.9317016601562,56.137516021728516,109.81997680664062
2026-03-11,671.08837890625,56.01801300048828,109.45162200927734
2026-03-12,660.89794921875,54.28518295288086,104.42405700683594
2026-03-13,657.1571655273438,53.65778732299805,102.55240631103516
2026-03-16,663.844970703125,54.72337341308594,105.6286849975586
2026-03-17,665.5912475585938,55.02213668823242,106.44503021240234
2026-03-18,656.3038330078125,53.50840377807617,102.01480865478516
2026-03-19,654.6864624023438,53.19968032836914,101.17853546142578
2026-03-20,645.3009643554688,51.646114349365234,96.65869903564453
2026-03-23,652.07666015625,52.7415771484375,99.76484680175781
2026-03-24,649.8877563476562,52.373104095458984,98.72946166992188
2026-03-25,653.5094604492188,52.93600082397461,100.29798889160156
2026-03-26,641.838623046875,51.05968475341797,94.96978759765625
2026-03-27,630.89404296875,49.28317642211914,90.0107650756836
2026-03-30,628.78466796875,48.963802337646484,89.0927963256836
2026-03-31,647.0621337890625,51.77827453613281,96.76581573486328
2026-04-01,651.9373779296875,52.5467643737793,98.95097351074219
2026-04-02,652.5244750976562,52.63658905029297,99.16050720214844
2026-04-06,655.6087646484375,53.11564636230469,100.51750183105469
2026-04-07,655.8972778320312,53.14558792114258,100.62726593017578
2026-04-08,672.6027221679688,55.8303108215332,108.220458984375
2026-04-09,676.4830322265625,56.47903823852539,110.11626434326172
2026-04-10,676.0353393554688,56.3692512512207,109.76703643798828
2026-04-13,682.6417846679688,57.467098236083984,112.97992706298828
2026-04-14,690.959716796875,58.874332427978516,117.08084106445312
2026-04-15,696.412109375,59.78254699707031,119.79483795166016
2026-04-16,698.1234130859375,60.0620002746582,120.6928482055664
2026-04-17,706.5607299804688,61.49917221069336,124.95342254638672
2026-04-20,705.1477661132812,61.249664306640625,124.21504974365234
2026-04-21,700.53125,60.46121597290039,121.80039978027344
2026-04-22,707.6253051757812,61.65885925292969,125.41240692138672
2026-04-23,704.8792114257812,61.18978500366211,123.88578796386719
2026-04-24,710.3414916992188,62.088016510009766,126.70952606201172
2026-04-27,711.5653686523438,62.297603607177734,127.3082046508789
2026-04-28,708.1029052734375,61.6788215637207,125.41240692138672
2026-04-29,707.993408203125,61.66884231567383,125.34255981445312
2026-04-30,715.0377197265625,62.8365478515625,128.89468383789062
2026-05-01,717.0177001953125,63.18586349487305,130.01222229003906
2026-05-04,714.3909912109375,62.73674392700195,128.5654296875
2026-05-05,720.1220092773438,63.70484161376953,131.55880737304688
2026-05-06,730.1312866210938,65.48135375976562,136.99676513671875
2026-05-07,727.8926391601562,65.05219268798828,135.71958923339844
2026-05-08,733.9021606445312,66.09015655517578,138.9125213623047
2026-05-11,735.5736694335938,66.37958526611328,139.7805938720703
2026-05-12,734.4593505859375,66.19994354248047,139.22183227539062
2026-05-13,738.5685424804688,66.92850494384766,141.51675415039062
2026-05-14,744.3989868164062,67.96646881103516,144.779541015625
2026-05-15,735.4443969726562,66.29974365234375,139.42138671875
2026-05-18,734.927001953125,66.17997741699219,139.05221557617188
2026-05-19,730.03173828125,65.32166290283203,136.3382110595703
2026-05-20,737.5138549804688,66.6590347290039,140.5189666748047
2026-05-21,738.9764404296875,66.89856719970703,141.26730346679688
2026-05-22,741.8817749023438,67.37762451171875,142.7639923095703
2026-05-26,746.8068237304688,68.25589752197266,145.53785705566406
2026-05-27,746.6774291992188,68.24591827392578,145.5178985595703
2026-05-28,750.7965698242188,68.9844741821289,147.8627166748047
2026-05-29,752.6671142578125,69.30384063720703,148.8505096435547
2026-06-01,754.7166748046875,69.64317321777344,149.95806884765625
2026-06-02,755.7415771484375,69.83280181884766,150.5367889404297
2026-06-03,750.4384155273438,68.85472106933594,147.3937530517578
2026-06-04,753.2740478515625,69.33378601074219,149.0001983642578
2026-06-05,733.83251953125,65.7308578491211,137.22625732421875
2026-06-08,735.4940795898438,66.04025268554688,138.2639617919922
2026-06-09,733.3350830078125,65.66099548339844,136.92691040039062
2026-06-10,721.7736206054688,63.5451545715332,130.4013671875
2026-06-11,734.04150390625,65.70092010498047,136.9867706298828
2026-06-12,738.0113525390625,66.37958526611328,139.1020965576172
2026-06-15,751.0254516601562,68.68505859375,146.41592407226562
2026-06-16,746.5481567382812,67.90658569335938,143.8216552734375
2026-06-17,737.225341796875,66.21990203857422,138.43357849121094
2026-06-18,744.8902587890625,67.47743225097656,142.4945831298828
2026-06-22,742.546142578125,67.06822967529297,141.107666015625
2026-06-23,731.7628784179688,65.1520004272461,135.0810089111328
2026-06-24,731.4237060546875,65.05999755859375,134.6999969482422
2026-06-25,732.4810791015625,65.05000305175781,134.72999572753906
2026-06-26,727.1842651367188,64.41999816894531,132.0800018310547
2026-06-29,739.1644897460938,66.3499984741211,138.75999450683594
2026-06-30,744.9202270507812,67.37999725341797,141.7899932861328
2026-07-01,743.9127197265625,67.20999908447266,141.38999938964844
2026-07-02,742.9351806640625,67.0,140.77000427246094
2026-07-06,749.4190673828125,68.16000366210938,144.41000366210938
2026-07-07,745.85791015625,67.48999786376953,142.2100067138672
2026-07-08,743.5536499023438,67.02999877929688,140.8300018310547
2026-07-09,749.8480224609375,68.16999816894531,144.38999938964844
2026-07-10,753.0799560546875,68.72000122070312,146.16000366210938
2026-07-13,747.3142700195312,67.66999816894531,142.72999572753906
2026-07-14,749.9677124023438,68.1500015258789,144.27999877929688
2026-07-15,752.9403076171875,68.66000366210938,145.8699951171875
2026-07-16,748.8604125976562,67.94999694824219,143.61000061035156
2026-07-17,741.4487915039062,66.5199966430664,139.0500030517578
2026-07-20,740.2518310546875,66.33000183105469,138.47000122070312
2026-07-21,746.426513671875,67.44000244140625,141.88999938964844
2026-07-22,745.55859375,67.2699966430664,141.27000427246094
2026-07-23,736.3515014648438,65.61000061035156,136.1300048828125
2026-07-24,737.099609375,65.66999816894531,136.27000427246094
2026-07-27,737.25927734375,65.69999694824219,136.36000061035156
2026-07-28,739.0248413085938,65.9800033569336,137.3000030517578
2026-07-29,727.6531372070312,64.01000213623047,131.00999450683594
2026-07-30,739.852783203125,66.0999984741211,137.57000732421875
2026-07-31,745.1796264648438,66.98999786376953,140.27999877929688
2026-08-03,755.793212890625,68.94000244140625,146.32000732421875
2026-08-04,769.4193725585938,71.38999938964844,154.13999938964844
2026-08-05,767.8831787109375,71.12000274658203,153.24000549316406
2026-08-06,766.65625,70.87999725341797,152.42999267578125
2026-08-07,771.3446044921875,71.68000030517578,155.05999755859375
2026-08-10,771.1151733398438,71.66000366210938,154.97999572753906
2026-08-11,768.6513061523438,71.16000366210938,153.36000061035156
2026-08-12,770.5764770507812,71.54000091552734,154.5500030517578
2026-08-13,775.9531860351562,72.5199966430664,157.67999267578125
2026-08-14,774.4169921875,72.19999694824219,156.6300048828125
2026-08-17,770.7560424804688,71.5,154.39999389648438
2026-08-18,765.5490112304688,70.52999877929688,151.19000244140625
2026-08-19,767.1549682617188,70.80999755859375,152.16000366210938
2026-08-20,760.7109985351562,69.61000061035156,148.27999877929688
2026-08-21,763.8232421875,70.1500015258789,149.8800048828125
2026-08-24,761.5787963867188,69.7300033569336,148.5800018310547
2026-08-25,764.0127563476562,70.1500015258789,149.94000244140625
2026-08-26,764.182373046875,70.16000366210938,149.97000122070312
2026-08-27,769.18994140625,71.06999969482422,152.91000366210938
2026-08-28,767.4442749023438,70.73999786376953,151.77999877929688
2026-08-31,765.1499633789062,70.29000091552734,150.27000427246094
2026-09-01,759.89306640625,69.30999755859375,147.14999389648438
2026-09-02,763.2646484375,69.93000030517578,149.13999938964844
2026-09-03,771.2548217773438,71.37000274658203,153.72999572753906
2026-09-04,768.2822265625,70.80000305175781,151.8800048828125
2026-09-08,764.0626831054688,70.01000213623047,149.3000030517578
2026-09-09,760.5115356445312,69.3499984741211,147.19000244140625
2026-09-10,755.9528198242188,68.5,144.5
2026-09-11,762.3967895507812,69.62999725341797,148.02000427246094
2026-09-14,758.9952392578125,68.98999786376953,145.99000549316406
2026-09-15,755.513916015625,68.37999725341797,143.97000122070312
2026-09-16,752.1821899414062,67.7699966430664,142.10000610351562
2026-09-17,760.7109985351562,69.29000091552734,146.8800048828125
2026-09-18,761.6900024414062,69.38999938964844,147.19000244140625
2026-09-21,773.5,71.55000305175781,154.07000732421875
2026-09-22,,,
