Date,NTSX,SPY
1993-01-29,,24.11326789855957
1993-02-01,,24.284761428833008
1993-02-02,,24.336212158203125
1993-02-03,,24.593461990356445
1993-02-04,,24.696367263793945
1993-02-05,,24.679224014282227
1993-02-08,,24.679224014282227
1993-02-09,,24.50771141052246
1993-02-10,,24.542003631591797
1993-02-11,,24.66206932067871
1993-02-12,,24.473421096801758
1993-02-16,,23.85601234436035
1993-02-17,,23.838844299316406
1993-02-18,,23.821706771850586
1993-02-19,,23.907445907592773
1993-02-22,,23.99321937561035
1993-02-23,,23.976058959960938
1993-02-24,,24.284761428833008
1993-02-25,,24.336212158203125
1993-02-26,,24.37051010131836
1993-03-01,,24.30190658569336
1993-03-02,,24.66206932067871
1993-03-03,,24.76497459411621
1993-03-04,,24.627765655517578
1993-03-05,,24.559160232543945
1993-03-08,,25.10796546936035
1993-03-09,,25.022220611572266
1993-03-10,,25.073665618896484
1993-03-11,,25.005081176757812
1993-03-12,,24.74782943725586
1993-03-15,,24.867860794067383
1993-03-16,,24.867860794067383
1993-03-17,,24.713525772094727
1993-03-18,,24.867860794067383
1993-03-19,,24.830244064331055
1993-03-22,,24.69237518310547
1993-03-23,,24.74408721923828
1993-03-24,,24.74408721923828
1993-03-25,,24.8991641998291
1993-03-26,,24.761306762695312
1993-03-29,,24.864694595336914
1993-03-30,,24.933626174926758
1993-03-31,,24.916399002075195
1993-04-01,,24.830244064331055
1993-04-02,,24.313312530517578
1993-04-05,,24.433931350708008
1993-04-06,,24.364992141723633
1993-04-07,,24.451143264770508
1993-04-08,,24.416677474975586
1993-04-12,,24.761306762695312
1993-04-13,,24.813013076782227
1993-04-14,,24.7785587310791
1993-04-15,,24.7785587310791
1993-04-16,,24.7785587310791
1993-04-19,,24.675151824951172
1993-04-20,,24.55455207824707
1993-04-21,,24.537309646606445
1993-04-22,,24.227149963378906
1993-04-23,,24.123756408691406
1993-04-26,,23.934223175048828
1993-04-27,,24.192676544189453
1993-04-28,,24.14097023010254
1993-04-29,,24.244359970092773
1993-04-30,,24.278825759887695
1993-05-03,,24.433931350708008
1993-05-04,,24.52007293701172
1993-05-05,,24.589008331298828
1993-05-06,,24.502849578857422
1993-05-07,,24.451143264770508
1993-05-10,,24.502849578857422
1993-05-11,,24.60622215270996
1993-05-12,,24.57177734375
1993-05-13,,24.278825759887695
1993-05-14,,24.261606216430664
1993-05-17,,24.347768783569336
1993-05-18,,24.330533981323242
1993-05-19,,24.830244064331055
1993-05-20,,24.8991641998291
1993-05-21,,24.675151824951172
1993-05-24,,24.7785587310791
1993-05-25,,24.830244064331055
1993-05-26,,25.140390396118164
1993-05-27,,25.05424690246582
1993-05-28,,24.933626174926758
1993-06-01,,25.174856185913086
1993-06-02,,25.140390396118164
1993-06-03,,25.05424690246582
1993-06-04,,24.968090057373047
1993-06-07,,24.881927490234375
1993-06-08,,24.65791893005371
1993-06-09,,24.74408721923828
1993-06-10,,24.761306762695312
1993-06-11,,24.864694595336914
1993-06-14,,24.830244064331055
1993-06-15,,24.7785587310791
1993-06-16,,24.830244064331055
1993-06-17,,24.916399002075195
1993-06-18,,24.711214065551758
1993-06-21,,24.76326560974121
1993-06-22,,24.780609130859375
1993-06-23,,24.555036544799805
1993-06-24,,24.884750366210938
1993-06-25,,24.867380142211914
1993-06-28,,25.145050048828125
1993-06-29,,25.02356719970703
1993-06-30,,25.02356719970703
1993-07-01,,24.954172134399414
1993-07-02,,24.81532859802246
1993-07-06,,24.555036544799805
1993-07-07,,24.624448776245117
1993-07-08,,24.902097702026367
1993-07-09,,24.971513748168945
1993-07-12,,24.954172134399414
1993-07-13,,24.93679428100586
1993-07-14,,25.02356719970703
1993-07-15,,24.919445037841797
1993-07-16,,24.850034713745117
1993-07-19,,24.832687377929688
1993-07-20,,24.902097702026367
1993-07-21,,24.884750366210938
1993-07-22,,24.711214065551758
1993-07-23,,24.832687377929688
1993-07-26,,24.971513748168945
1993-07-27,,24.954172134399414
1993-07-28,,24.902097702026367
1993-07-29,,25.040929794311523
1993-07-30,,24.902097702026367
1993-08-02,,24.971513748168945
1993-08-03,,24.988861083984375
1993-08-04,,24.988861083984375
1993-08-05,,24.93679428100586
1993-08-06,,24.971513748168945
1993-08-09,,25.11033058166504
1993-08-10,,25.09299087524414
1993-08-11,,25.09299087524414
1993-08-12,,25.02356719970703
1993-08-13,,25.058265686035156
1993-08-16,,25.197101593017578
1993-08-17,,25.283864974975586
1993-08-18,,25.42269515991211
1993-08-19,,25.42269515991211
1993-08-20,,25.440044403076172
1993-08-23,,25.38799285888672
1993-08-24,,25.665634155273438
1993-08-25,,25.683002471923828
1993-08-26,,25.70035171508789
1993-08-27,,25.683002471923828
1993-08-30,,25.787113189697266
1993-08-31,,25.85652732849121
1993-09-01,,25.821819305419922
1993-09-02,,25.735065460205078
1993-09-03,,25.752408981323242
1993-09-07,,25.578872680664062
1993-09-08,,25.492124557495117
1993-09-09,,25.544193267822266
1993-09-10,,25.769775390625
1993-09-13,,25.787113189697266
1993-09-14,,25.683002471923828
1993-09-15,,25.752408981323242
1993-09-16,,25.648277282714844
1993-09-17,,25.59856414794922
1993-09-20,,25.389026641845703
1993-09-21,,25.301727294921875
1993-09-22,,25.511260986328125
1993-09-23,,25.65096092224121
1993-09-24,,25.581096649169922
1993-09-27,,25.860483169555664
1993-09-28,,25.808094024658203
1993-09-29,,25.720792770385742
1993-09-30,,25.66840171813965
1993-10-01,,25.790634155273438
1993-10-04,,25.825546264648438
1993-10-05,,25.790634155273438
1993-10-06,,25.7731876373291
1993-10-07,,25.703344345092773
1993-10-08,,25.73825454711914
1993-10-11,,25.790634155273438
1993-10-12,,25.825546264648438
1993-10-13,,25.825546264648438
1993-10-14,,26.157316207885742
1993-10-15,,26.297019958496094
1993-10-18,,26.22716522216797
1993-10-19,,26.035085678100586
1993-10-20,,26.070030212402344
1993-10-21,,26.035085678100586
1993-10-22,,25.912872314453125
1993-10-25,,25.982715606689453
1993-10-26,,25.96525764465332
1993-10-27,,25.982715606689453
1993-10-28,,26.174793243408203
1993-10-29,,26.174793243408203
1993-11-01,,26.24462890625
1993-11-02,,26.22716522216797
1993-11-03,,25.895410537719727
1993-11-04,,25.616012573242188
1993-11-05,,25.73825454711914
1993-11-08,,25.7731876373291
1993-11-09,,25.790634155273438
1993-11-10,,25.982715606689453
1993-11-11,,25.912872314453125
1993-11-12,,26.035085678100586
1993-11-15,,26.01762580871582
1993-11-16,,26.13985824584961
1993-11-17,,26.00017738342285
1993-11-18,,25.930343627929688
1993-11-19,,25.877941131591797
1993-11-22,,25.720792770385742
1993-11-23,,25.860483169555664
1993-11-24,,25.96525764465332
1993-11-26,,25.982715606689453
1993-11-29,,25.877941131591797
1993-11-30,,25.895410537719727
1993-12-01,,25.930343627929688
1993-12-02,,26.00017738342285
1993-12-03,,26.104948043823242
1993-12-06,,26.192243576049805
1993-12-07,,26.174793243408203
1993-12-08,,26.174793243408203
1993-12-09,,26.08747100830078
1993-12-10,,26.035085678100586
1993-12-13,,26.192243576049805
1993-12-14,,26.00017738342285
1993-12-15,,25.96525764465332
1993-12-16,,26.052570343017578
1993-12-17,,26.195743560791016
1993-12-20,,26.230897903442383
1993-12-21,,26.14300537109375
1993-12-22,,26.318782806396484
1993-12-23,,26.301225662231445
1993-12-27,,26.441883087158203
1993-12-28,,26.4946231842041
1993-12-29,,26.459453582763672
1993-12-30,,26.35396385192871
1993-12-31,,26.213315963745117
1994-01-03,,26.14300537109375
1994-01-04,,26.24850082397461
1994-01-05,,26.301225662231445
1994-01-06,,26.301225662231445
1994-01-07,,26.459453582763672
1994-01-10,,26.775917053222656
1994-01-11,,26.723159790039062
1994-01-12,,26.635265350341797
1994-01-13,,26.5649471282959
1994-01-14,,26.67043113708496
1994-01-17,,26.67043113708496
1994-01-18,,26.705595016479492
1994-01-19,,26.635265350341797
1994-01-20,,26.705595016479492
1994-01-21,,26.6528377532959
1994-01-24,,26.5473575592041
1994-01-25,,26.5473575592041
1994-01-26,,26.617687225341797
1994-01-27,,26.863813400268555
1994-01-28,,26.93414878845215
1994-01-31,,27.12754249572754
1994-02-01,,26.986881256103516
1994-02-02,,27.16269874572754
1994-02-03,,27.03962516784668
1994-02-04,,26.424306869506836
1994-02-07,,26.5473575592041
1994-02-08,,26.5649471282959
1994-02-09,,26.67043113708496
1994-02-10,,26.441883087158203
1994-02-11,,26.5297794342041
1994-02-14,,26.5649471282959
1994-02-15,,26.705595016479492
1994-02-16,,26.688032150268555
1994-02-17,,26.5297794342041
1994-02-18,,26.37155532836914
1994-02-22,,26.635265350341797
1994-02-23,,26.5649471282959
1994-02-24,,26.213315963745117
1994-02-25,,26.336380004882812
1994-02-28,,26.336380004882812
1994-03-01,,26.230897903442383
1994-03-02,,26.26606559753418
1994-03-03,,26.195743560791016
1994-03-04,,26.26606559753418
1994-03-07,,26.40672492980957
1994-03-08,,26.301225662231445
1994-03-09,,26.424306869506836
1994-03-10,,26.213315963745117
1994-03-11,,26.35396385192871
1994-03-14,,26.389131546020508
1994-03-15,,26.37155532836914
1994-03-16,,26.5825252532959
1994-03-17,,26.5825252532959
1994-03-18,,26.576736450195312
1994-03-21,,26.505990982055664
1994-03-22,,26.576736450195312
1994-03-23,,26.55902862548828
1994-03-24,,26.240764617919922
1994-03-25,,25.99319076538086
1994-03-28,,26.0285587310791
1994-03-29,,25.515777587890625
1994-03-30,,25.162118911743164
1994-03-31,,25.232866287231445
1994-04-04,,24.843833923339844
1994-04-05,,25.356624603271484
1994-04-06,,25.356624603271484
1994-04-07,,25.480396270751953
1994-04-08,,25.28589630126953
1994-04-11,,25.391992568969727
1994-04-12,,25.356624603271484
1994-04-13,,25.224014282226562
1994-04-14,,25.232866287231445
1994-04-15,,25.232866287231445
1994-04-18,,25.064863204956055
1994-04-19,,25.100238800048828
1994-04-20,,25.07370948791504
1994-04-21,,25.409679412841797
1994-04-22,,25.383167266845703
1994-04-25,,25.648391723632812
1994-04-26,,25.621856689453125
1994-04-28,,25.43620491027832
1994-04-29,,25.515777587890625
1994-05-02,,25.674924850463867
1994-05-03,,25.648391723632812
1994-05-04,,25.604190826416016
1994-05-05,,25.56883430480957
1994-05-06,,25.321264266967773
1994-05-09,,25.100238800048828
1994-05-10,,25.294754028320312
1994-05-11,,25.064863204956055
1994-05-12,,25.188648223876953
1994-05-13,,25.188648223876953
1994-05-16,,25.197481155395508
1994-05-17,,25.56883430480957
1994-05-18,,25.754487991333008
1994-05-19,,25.878273010253906
1994-05-20,,25.781015396118164
1994-05-23,,25.73680305480957
1994-05-24,,25.84290885925293
1994-05-25,,25.91363525390625
1994-05-26,,25.931316375732422
1994-05-27,,25.957841873168945
1994-05-31,,25.922473907470703
1994-06-01,,26.03742027282715
1994-06-02,,26.010881423950195
1994-06-03,,26.16117286682129
1994-06-06,,26.15233612060547
1994-06-07,,26.116979598999023
1994-06-08,,25.9047908782959
1994-06-09,,26.046262741088867
1994-06-10,,26.09046745300293
1994-06-13,,26.125818252563477
1994-06-14,,26.329177856445312
1994-06-15,,26.223081588745117
1994-06-16,,26.27610206604004
1994-06-17,,26.129444122314453
1994-06-20,,25.906967163085938
1994-06-21,,25.684476852416992
1994-06-22,,25.782350540161133
1994-06-23,,25.631072998046875
1994-06-24,,25.097084045410156
1994-06-27,,25.533185958862305
1994-06-28,,25.40857696533203
1994-06-29,,25.488666534423828
1994-06-30,,25.328481674194336
1994-07-01,,25.381868362426758
1994-07-05,,25.515357971191406
1994-07-06,,25.479780197143555
1994-07-07,,25.586572647094727
1994-07-08,,25.577682495117188
1994-07-11,,25.488666534423828
1994-07-12,,25.524267196655273
1994-07-13,,25.56877899169922
1994-07-14,,25.844661712646484
1994-07-15,,25.85356903076172
1994-07-18,,25.89805793762207
1994-07-19,,25.844661712646484
1994-07-20,,25.72896385192871
1994-07-21,,25.782350540161133
1994-07-22,,25.82685661315918
1994-07-25,,25.862470626831055
1994-07-26,,25.835752487182617
1994-07-27,,25.835752487182617
1994-07-28,,25.88916778564453
1994-07-29,,26.14726448059082
1994-08-01,,26.27185821533203
1994-08-02,,26.307453155517578
1994-08-03,,26.31634521484375
1994-08-04,,26.165037155151367
1994-08-05,,26.076061248779297
1994-08-08,,26.138355255126953
1994-08-09,,26.182857513427734
1994-08-10,,26.280759811401367
1994-08-11,,26.182857513427734
1994-08-12,,26.38755226135254
1994-08-15,,26.3786563873291
1994-08-16,,26.565534591674805
1994-08-17,,26.547748565673828
1994-08-18,,26.458730697631836
1994-08-19,,26.440935134887695
1994-08-22,,26.41424560546875
1994-08-23,,26.565534591674805
1994-08-24,,26.85032844543457
1994-08-25,,26.779144287109375
1994-08-26,,27.161815643310547
1994-08-29,,27.144025802612305
1994-08-30,,27.215221405029297
1994-08-31,,27.144025802612305
1994-09-01,,27.05501937866211
1994-09-02,,26.93932342529297
1994-09-06,,26.948217391967773
1994-09-07,,26.921524047851562
1994-09-08,,27.05501937866211
1994-09-09,,26.770240783691406
1994-09-12,,26.690134048461914
1994-09-13,,26.770240783691406
1994-09-14,,26.796920776367188
1994-09-15,,27.13512420654297
1994-09-16,,26.9420166015625
1994-09-19,,26.96885871887207
1994-09-20,,26.4584903717041
1994-09-21,,26.4584903717041
1994-09-22,,26.39581298828125
1994-09-23,,26.30628776550293
1994-09-26,,26.440597534179688
1994-09-27,,26.422685623168945
1994-09-28,,26.628623962402344
1994-09-29,,26.494293212890625
1994-09-30,,26.4584903717041
1994-10-03,,26.39581298828125
1994-10-04,,26.001848220825195
1994-10-05,,26.010812759399414
1994-10-06,,25.930225372314453
1994-10-07,,26.046630859375
1994-10-10,,26.32417106628418
1994-10-11,,26.718156814575195
1994-10-12,,26.753971099853516
1994-10-13,,26.843517303466797
1994-10-14,,26.959901809692383
1994-10-17,,26.90618324279785
1994-10-18,,26.843517303466797
1994-10-19,,26.96885871887207
1994-10-20,,26.789775848388672
1994-10-21,,26.682336807250977
1994-10-24,,26.4584903717041
1994-10-25,,26.48535919189453
1994-10-26,,26.583839416503906
1994-10-27,,26.745027542114258
1994-10-28,,27.309110641479492
1994-10-31,,27.21061897277832
1994-11-01,,26.90618324279785
1994-11-02,,26.753971099853516
1994-11-03,,26.89723014831543
1994-11-04,,26.54804229736328
1994-11-07,,26.628623962402344
1994-11-08,,26.834552764892578
1994-11-09,,26.879322052001953
1994-11-10,,26.691295623779297
1994-11-11,,26.59279441833496
1994-11-14,,26.843517303466797
1994-11-15,,26.753971099853516
1994-11-16,,26.843517303466797
1994-11-17,,26.664445877075195
1994-11-18,,26.628623962402344
1994-11-21,,26.36000633239746
1994-11-22,,25.78696060180664
1994-11-23,,25.930225372314453
1994-11-25,,26.055572509765625
1994-11-28,,26.171985626220703
1994-11-29,,26.163015365600586
1994-11-30,,26.1272029876709
1994-12-01,,25.867542266845703
1994-12-02,,26.109302520751953
1994-12-05,,26.136137008666992
1994-12-06,,26.154067993164062
1994-12-07,,25.96604347229004
1994-12-08,,25.715328216552734
1994-12-09,,25.813827514648438
1994-12-12,,25.983936309814453
1994-12-13,,26.082439422607422
1994-12-14,,26.21674156188965
1994-12-15,,26.297330856323242
1994-12-16,,26.425771713256836
1994-12-19,,26.461875915527344
1994-12-20,,26.380659103393555
1994-12-21,,26.66042709350586
1994-12-22,,26.579206466674805
1994-12-23,,26.606273651123047
1994-12-27,,26.750688552856445
1994-12-28,,26.61530876159668
1994-12-29,,26.63336181640625
1994-12-30,,26.317476272583008
1995-01-03,,26.443824768066406
1995-01-04,,26.570178985595703
1995-01-05,,26.570178985595703
1995-01-06,,26.597248077392578
1995-01-09,,26.624326705932617
1995-01-10,,26.65141487121582
1995-01-11,,26.669452667236328
1995-01-12,,26.678483963012695
1995-01-13,,26.994375228881836
1995-01-16,,27.156829833984375
1995-01-17,,27.165843963623047
1995-01-18,,27.138769149780273
1995-01-19,,26.98534393310547
1995-01-20,,26.886062622070312
1995-01-23,,26.967288970947266
1995-01-24,,27.003376007080078
1995-01-25,,27.075592041015625
1995-01-26,,27.1026554107666
1995-01-27,,27.210966110229492
1995-01-30,,27.093637466430664
1995-01-31,,27.201942443847656
1995-02-01,,27.192920684814453
1995-02-02,,27.355369567871094
1995-02-03,,27.743452072143555
1995-02-06,,27.860767364501953
1995-02-07,,27.896865844726562
1995-02-08,,27.896865844726562
1995-02-09,,27.896865844726562
1995-02-10,,27.932971954345703
1995-02-13,,27.942014694213867
1995-02-14,,27.978116989135742
1995-02-15,,28.13152503967285
1995-02-16,,28.09543800354004
1995-02-17,,27.987136840820312
1995-02-21,,27.978116989135742
1995-02-22,,28.185699462890625
1995-02-23,,28.230804443359375
1995-02-24,,28.303016662597656
1995-02-27,,28.07740020751953
1995-02-28,,28.312057495117188
1995-03-01,,28.13152503967285
1995-03-02,,28.167638778686523
1995-03-03,,28.17666244506836
1995-03-06,,28.19472312927246
1995-03-07,,27.978116989135742
1995-03-08,,28.05031394958496
1995-03-09,,28.04127311706543
1995-03-10,,28.45644760131836
1995-03-13,,28.429365158081055
1995-03-14,,28.636947631835938
1995-03-15,,28.58280372619629
1995-03-16,,28.754268646240234
1995-03-17,,28.782867431640625
1995-03-20,,28.782867431640625
1995-03-21,,28.71027946472168
1995-03-22,,28.73750114440918
1995-03-23,,28.755653381347656
1995-03-24,,29.163999557495117
1995-03-27,,29.281949996948242
1995-03-28,,29.281949996948242
1995-03-29,,29.27288055419922
1995-03-30,,29.218427658081055
1995-03-31,,29.100452423095703
1995-04-03,,29.173059463500977
1995-04-04,,29.363603591918945
1995-04-05,,29.363603591918945
1995-04-06,,29.472497940063477
1995-04-07,,29.445293426513672
1995-04-10,,29.49973487854004
1995-04-11,,29.399917602539062
1995-04-12,,29.49973487854004
1995-04-13,,29.663055419921875
1995-04-17,,29.49065589904785
1995-04-18,,29.390838623046875
1995-04-19,,29.363603591918945
1995-04-20,,29.40900421142578
1995-04-21,,29.554168701171875
1995-04-24,,29.898988723754883
1995-04-25,,29.817319869995117
1995-04-26,,29.844554901123047
1995-04-27,,29.9171199798584
1995-04-28,,29.962501525878906
1995-05-01,,29.880842208862305
1995-05-02,,29.944353103637695
1995-05-03,,30.36174774169922
1995-05-04,,30.343603134155273
1995-05-05,,30.30730628967285
1995-05-08,,30.525087356567383
1995-05-09,,30.49789810180664
1995-05-10,,30.534164428710938
1995-05-11,,30.615829467773438
1995-05-12,,30.63397789001465
1995-05-15,,30.779172897338867
1995-05-16,,30.797321319580078
1995-05-17,,30.67934799194336
1995-05-18,,30.234724044799805
1995-05-19,,30.252866744995117
1995-05-22,,30.58861541748047
1995-05-23,,30.86991310119629
1995-05-24,,30.851757049560547
1995-05-25,,30.878986358642578
1995-05-26,,30.525087356567383
1995-05-30,,30.51603889465332
1995-05-31,,31.15120506286621
1995-06-01,,31.06954574584961
1995-06-02,,31.096750259399414
1995-06-05,,31.287296295166016
1995-06-06,,31.232864379882812
1995-06-07,,31.06954574584961
1995-06-08,,30.99694061279297
1995-06-09,,30.815448760986328
1995-06-12,,30.987865447998047
1995-06-13,,31.32359504699707
1995-06-14,,31.296388626098633
1995-06-15,,31.43248748779297
1995-06-16,,31.52581024169922
1995-06-19,,31.881786346435547
1995-06-20,,31.799652099609375
1995-06-21,,31.781389236450195
1995-06-22,,32.20124435424805
1995-06-23,,32.13734436035156
1995-06-26,,31.754013061523438
1995-06-27,,31.690114974975586
1995-06-28,,31.854393005371094
1995-06-29,,31.799652099609375
1995-06-30,,31.781389236450195
1995-07-03,,31.900049209594727
1995-07-05,,32.01868438720703
1995-07-06,,32.42941665649414
1995-07-07,,32.575443267822266
1995-07-10,,32.59370803833008
1995-07-11,,32.438533782958984
1995-07-12,,32.84016418457031
1995-07-13,,32.767120361328125
1995-07-14,,32.739742279052734
1995-07-17,,32.92229461669922
1995-07-18,,32.639339447021484
1995-07-19,,32.28339385986328
1995-07-20,,32.40203094482422
1995-07-21,,32.36553192138672
1995-07-24,,32.602840423583984
1995-07-25,,32.84927749633789
1995-07-26,,32.8219108581543
1995-07-27,,33.095706939697266
1995-07-28,,32.88579559326172
1995-07-31,,32.80364227294922
1995-08-01,,32.74888229370117
1995-08-02,,32.675872802734375
1995-08-03,,32.66673278808594
1995-08-04,,32.70326232910156
1995-08-07,,32.776268005371094
1995-08-08,,32.776268005371094
1995-08-09,,32.767120361328125
1995-08-10,,32.69411849975586
1995-08-11,,32.51158905029297
1995-08-14,,32.80364227294922
1995-08-15,,32.739742279052734
1995-08-16,,32.831031799316406
1995-08-17,,32.776268005371094
1995-08-18,,32.81277084350586
1995-08-21,,32.72150802612305
1995-08-22,,32.7853889465332
1995-08-23,,32.66673278808594
1995-08-24,,32.70326232910156
1995-08-25,,32.88579559326172
1995-08-28,,32.767120361328125
1995-08-29,,32.84927749633789
1995-08-30,,32.92229461669922
1995-08-31,,32.94967269897461
1995-09-01,,33.095706939697266
1995-09-05,,33.40605545043945
1995-09-06,,33.46992111206055
1995-09-07,,33.488182067871094
1995-09-08,,33.6159782409668
1995-09-11,,33.707237243652344
1995-09-12,,33.86240768432617
1995-09-13,,34.017578125
1995-09-14,,34.32790756225586
1995-09-15,,34.318450927734375
1995-09-18,,34.18998336791992
1995-09-19,,34.35514450073242
1995-09-20,,34.52030944824219
1995-09-21,,34.23585510253906
1995-09-22,,34.24504470825195
1995-09-25,,34.18998336791992
1995-09-26,,34.1807861328125
1995-09-27,,34.153263092041016
1995-09-28,,34.410186767578125
1995-09-29,,34.34595489501953
1995-10-02,,34.1716194152832
1995-10-03,,34.208335876464844
1995-10-04,,34.1716194152832
1995-10-05,,34.27255630493164
1995-10-06,,34.30009078979492
1995-10-09,,34.01561737060547
1995-10-10,,33.997283935546875
1995-10-11,,34.107391357421875
1995-10-12,,34.318450927734375
1995-10-13,,34.42854690551758
1995-10-16,,34.26337814331055
1995-10-17,,34.49279022216797
1995-10-18,,34.593711853027344
1995-10-19,,34.75887680053711
1995-10-20,,34.547828674316406
1995-10-23,,34.47442626953125
1995-10-24,,34.51114273071289
1995-10-25,,34.2266731262207
1995-10-26,,33.91468811035156
1995-10-27,,34.1716194152832
1995-10-30,,34.391841888427734
1995-10-31,,34.24504470825195
1995-11-01,,34.52030944824219
1995-11-02,,34.740535736083984
1995-11-03,,34.786415100097656
1995-11-06,,34.66712951660156
1995-11-07,,34.53866195678711
1995-11-08,,34.85063934326172
1995-11-09,,34.97911834716797
1995-11-10,,34.96076202392578
1995-11-13,,34.92406463623047
1995-11-14,,34.694671630859375
1995-11-15,,35.04335403442383
1995-11-16,,35.236045837402344
1995-11-17,,35.346168518066406
1995-11-20,,35.16263198852539
1995-11-21,,35.44710922241211
1995-11-22,,35.336978912353516
1995-11-24,,35.42872619628906
1995-11-27,,35.43791198730469
1995-11-28,,35.81414794921875
1995-11-29,,35.8508415222168
1995-11-30,,35.76826095581055
1995-12-01,,35.81414794921875
1995-12-04,,36.254600524902344
1995-12-05,,36.493167877197266
1995-12-06,,36.575748443603516
1995-12-07,,36.38303756713867
1995-12-08,,36.502342224121094
1995-12-11,,36.65834426879883
1995-12-12,,36.5482177734375
1995-12-13,,36.777626037597656
1995-12-14,,36.51152420043945
1995-12-15,,36.524879455566406
1995-12-18,,35.823184967041016
1995-12-19,,36.201725006103516
1995-12-20,,35.850887298583984
1995-12-21,,36.035552978515625
1995-12-22,,36.16481018066406
1995-12-26,,36.34022521972656
1995-12-27,,36.32176208496094
1995-12-28,,36.284828186035156
1995-12-29,,36.33100891113281
1996-01-02,,36.718780517578125
1996-01-03,,36.82032012939453
1996-01-04,,36.469486236572266
1996-01-05,,36.3956298828125
1996-01-08,,36.53411865234375
1996-01-09,,35.90626907348633
1996-01-10,,35.43541717529297
1996-01-11,,35.64775848388672
1996-01-12,,35.592369079589844
1996-01-15,,35.51854705810547
1996-01-16,,35.952449798583984
1996-01-17,,35.84165954589844
1996-01-18,,35.961666107177734
1996-01-19,,36.201725006103516
1996-01-22,,36.21098709106445
1996-01-23,,36.2940673828125
1996-01-24,,36.58951950073242
1996-01-25,,36.460243225097656
1996-01-26,,36.77416229248047
1996-01-29,,36.921897888183594
1996-01-30,,37.235809326171875
1996-01-31,,37.623592376708984
1996-02-01,,37.76207733154297
1996-02-02,,37.605125427246094
1996-02-05,,37.90980529785156
1996-02-06,,38.2698860168457
1996-02-07,,38.49147033691406
1996-02-08,,38.90693664550781
1996-02-09,,38.897708892822266
1996-02-12,,39.193153381347656
1996-02-13,,39.11006546020508
1996-02-14,,38.76844024658203
1996-02-15,,38.52840042114258
1996-02-16,,38.371437072753906
1996-02-20,,37.992916107177734
1996-02-21,,38.463783264160156
1996-02-22,,39.07313919067383
1996-02-23,,38.96234130859375
1996-02-26,,38.40837478637695
1996-02-27,,38.288360595703125
1996-02-28,,38.11293029785156
1996-02-29,,37.743614196777344
1996-03-01,,38.343753814697266
1996-03-04,,38.56533432006836
1996-03-05,,38.925418853759766
1996-03-06,,38.58380126953125
1996-03-07,,38.777687072753906
1996-03-08,,37.52203369140625
1996-03-11,,37.95596694946289
1996-03-12,,37.660491943359375
1996-03-13,,37.919044494628906
1996-03-14,,38.08523178100586
1996-03-15,,38.05963134765625
1996-03-18,,38.792240142822266
1996-03-19,,38.70879364013672
1996-03-20,,38.662418365478516
1996-03-21,,38.56972885131836
1996-03-22,,38.671714782714844
1996-03-25,,38.59750747680664
1996-03-26,,38.782981872558594
1996-03-27,,38.43058776855469
1996-03-28,,38.578975677490234
1996-03-29,,38.39350509643555
1996-04-01,,38.83863830566406
1996-04-02,,38.912818908691406
1996-04-03,,38.912818908691406
1996-04-04,,38.8849983215332
1996-04-08,,38.2172737121582
1996-04-09,,38.06888961791992
1996-04-10,,37.391910552978516
1996-04-11,,37.34554672241211
1996-04-12,,37.81850814819336
1996-04-15,,38.133819580078125
1996-04-16,,38.2451057434082
1996-04-17,,38.15237808227539
1996-04-18,,38.208011627197266
1996-04-19,,38.30074691772461
1996-04-22,,38.59750747680664
1996-04-23,,38.71806335449219
1996-04-24,,38.578975677490234
1996-04-25,,38.755157470703125
1996-04-26,,38.83863830566406
1996-04-29,,38.83863830566406
1996-04-30,,38.81081771850586
1996-05-01,,38.894283294677734
1996-05-02,,38.22657775878906
1996-05-03,,38.1709098815918
1996-05-06,,38.133819580078125
1996-05-07,,37.97615432739258
1996-05-08,,38.449119567871094
1996-05-09,,38.42131805419922
1996-05-10,,38.8015251159668
1996-05-13,,39.38577651977539
1996-05-14,,39.62689208984375
1996-05-15,,39.580543518066406
1996-05-16,,39.66399383544922
1996-05-17,,39.877281188964844
1996-05-20,,40.14622116088867
1996-05-21,,40.090572357177734
1996-05-22,,40.4708251953125
1996-05-23,,40.30388641357422
1996-05-24,,40.4615478515625
1996-05-28,,40.053497314453125
1996-05-29,,39.784568786621094
1996-05-30,,39.98857879638672
1996-05-31,,39.69180679321289
1996-06-03,,39.803077697753906
1996-06-04,,40.081321716308594
1996-06-05,,40.4337272644043
1996-06-06,,40.136959075927734
1996-06-07,,40.136959075927734
1996-06-10,,40.00712203979492
1996-06-11,,39.970027923583984
1996-06-12,,39.895843505859375
1996-06-13,,39.895843505859375
1996-06-14,,39.728912353515625
1996-06-17,,39.70109176635742
1996-06-18,,39.37651062011719
1996-06-19,,39.55270767211914
1996-06-20,,39.52487564086914
1996-06-21,,39.86481475830078
1996-06-24,,39.9394416809082
1996-06-25,,39.8928108215332
1996-06-26,,39.6224365234375
1996-06-27,,39.902122497558594
1996-06-28,,40.041969299316406
1996-07-01,,40.38692092895508
1996-07-02,,40.23775863647461
1996-07-03,,40.15385055541992
1996-07-05,,39.12832260131836
1996-07-08,,38.96985626220703
1996-07-09,,39.12832260131836
1996-07-10,,39.28681182861328
1996-07-11,,38.494384765625
1996-07-12,,38.52235412597656
1996-07-15,,37.38494110107422
1996-07-16,,37.47818374633789
1996-07-17,,37.92566680908203
1996-07-18,,38.44773864746094
1996-07-19,,38.168087005615234
1996-07-22,,37.888389587402344
1996-07-23,,37.403587341308594
1996-07-24,,37.47818374633789
1996-07-25,,37.81378936767578
1996-07-26,,38.01887512207031
1996-07-29,,37.599369049072266
1996-07-30,,37.96296310424805
1996-07-31,,38.242652893066406
1996-08-01,,38.87659454345703
1996-08-02,,39.7156867980957
1996-08-05,,39.482601165771484
1996-08-06,,39.60380172729492
1996-08-07,,39.70635986328125
1996-08-08,,39.64109802246094
1996-08-09,,39.510562896728516
1996-08-12,,39.79957962036133
1996-08-13,,39.482601165771484
1996-08-14,,39.6224365234375
1996-08-15,,39.547855377197266
1996-08-16,,39.88349914550781
1996-08-19,,39.902122497558594
1996-08-20,,39.8741569519043
1996-08-21,,39.73431396484375
1996-08-22,,40.10723876953125
1996-08-23,,39.8928108215332
1996-08-26,,39.696998596191406
1996-08-27,,39.84617614746094
1996-08-28,,39.780941009521484
1996-08-29,,39.38938522338867
1996-08-30,,38.97917938232422
1996-09-03,,39.23088455200195
1996-09-04,,39.268165588378906
1996-09-05,,38.792701721191406
1996-09-06,,39.342742919921875
1996-09-09,,39.80889129638672
1996-09-10,,39.79024124145508
1996-09-11,,40.01401138305664
1996-09-12,,40.2936897277832
1996-09-13,,40.90901184082031
1996-09-16,,41.05817413330078
1996-09-17,,40.96494674682617
1996-09-18,,40.86240768432617
1996-09-19,,41.0208740234375
1996-09-20,,41.16640853881836
1996-09-23,,41.15703582763672
1996-09-24,,41.147666931152344
1996-09-25,,41.17577362060547
1996-09-26,,41.15703582763672
1996-09-27,,41.194515228271484
1996-09-30,,41.15703582763672
1996-10-01,,41.38193130493164
1996-10-02,,41.66304397583008
1996-10-03,,41.62558364868164
1996-10-04,,42.18781661987305
1996-10-07,,42.234676361083984
1996-10-08,,42.06599426269531
1996-10-09,,41.73801803588867
1996-10-10,,41.65367889404297
1996-10-11,,42.1690673828125
1996-10-14,,42.22530746459961
1996-10-15,,42.1690673828125
1996-10-16,,42.37523651123047
1996-10-17,,42.487693786621094
1996-10-18,,42.71258544921875
1996-10-21,,42.656368255615234
1996-10-22,,42.35649871826172
1996-10-23,,42.497066497802734
1996-10-24,,42.13157653808594
1996-10-25,,42.1690673828125
1996-10-28,,41.88796615600586
1996-10-29,,42.22530746459961
1996-10-30,,42.08474349975586
1996-10-31,,42.487693786621094
1996-11-01,,42.33774185180664
1996-11-04,,42.6188850402832
1996-11-05,,42.86254119873047
1996-11-06,,43.68717575073242
1996-11-07,,43.79022979736328
1996-11-08,,44.03388977050781
1996-11-11,,43.98703384399414
1996-11-12,,43.8558349609375
1996-11-13,,44.052616119384766
1996-11-14,,44.34313201904297
1996-11-15,,44.39936065673828
1996-11-18,,44.40871810913086
1996-11-19,,44.727325439453125
1996-11-20,,44.80229568481445
1996-11-21,,44.736698150634766
1996-11-22,,45.08344650268555
1996-11-25,,45.65507888793945
1996-11-26,,45.505123138427734
1996-11-27,,45.420780181884766
1996-11-29,,45.58946228027344
1996-12-02,,45.60819625854492
1996-12-03,,44.83039855957031
1996-12-04,,44.952232360839844
1996-12-05,,44.83039855957031
1996-12-06,,44.568058013916016
1996-12-09,,45.22397232055664
1996-12-10,,45.00847244262695
1996-12-11,,44.59615707397461
1996-12-12,,43.8558349609375
1996-12-13,,43.96830749511719
1996-12-16,,43.40606689453125
1996-12-17,,43.75275421142578
1996-12-18,,44.09950637817383
1996-12-19,,45.00847244262695
1996-12-20,,45.10723876953125
1996-12-23,,44.994224548339844
1996-12-24,,45.32383728027344
1996-12-26,,45.67226028442383
1996-12-27,,45.72878646850586
1996-12-30,,45.333251953125
1996-12-31,,44.50454330444336
1997-01-02,,44.617530822753906
1997-01-03,,45.257896423339844
1997-01-06,,44.86239242553711
1997-01-07,,45.40856170654297
1997-01-08,,45.01304626464844
1997-01-09,,45.38973617553711
1997-01-10,,45.879425048828125
1997-01-13,,45.81351852416992
1997-01-14,,46.38793182373047
1997-01-15,,46.27492141723633
1997-01-16,,46.46328353881836
1997-01-17,,46.745765686035156
1997-01-20,,46.802284240722656
1997-01-21,,47.17897415161133
1997-01-22,,47.517974853515625
1997-01-23,,46.85879135131836
1997-01-24,,46.25609588623047
1997-01-27,,46.12424850463867
1997-01-28,,46.25609588623047
1997-01-29,,46.70809555053711
1997-01-30,,47.31080627441406
1997-01-31,,47.25429153442383
1997-02-03,,47.395565032958984
1997-02-04,,47.687477111816406
1997-02-05,,46.792877197265625
1997-02-06,,47.103607177734375
1997-02-07,,47.74397277832031
1997-02-10,,47.29196548461914
1997-02-11,,47.83816146850586
1997-02-12,,48.51615905761719
1997-02-13,,49.043540954589844
1997-02-14,,48.930503845214844
1997-02-18,,49.34486770629883
1997-02-19,,49.0152473449707
1997-02-20,,48.421993255615234
1997-02-21,,48.44081497192383
1997-02-24,,49.0152473449707
1997-02-25,,49.05292510986328
1997-02-26,,48.572669982910156
1997-02-27,,47.847572326660156
1997-02-28,,47.70631790161133
1997-03-03,,48.02648162841797
1997-03-04,,47.76280975341797
1997-03-05,,48.572669982910156
1997-03-06,,48.29014587402344
1997-03-07,,48.72333526611328
1997-03-10,,49.23185348510742
1997-03-11,,48.96818542480469
1997-03-12,,48.53499984741211
1997-03-13,,47.781639099121094
1997-03-14,,48.02648162841797
1997-03-17,,48.1583251953125
1997-03-18,,47.640403747558594
1997-03-19,,47.480308532714844
1997-03-20,,47.2354621887207
1997-03-21,,47.45417022705078
1997-03-24,,48.115882873535156
1997-03-25,,47.64323425292969
1997-03-26,,47.851219177246094
1997-03-27,,46.58448028564453
1997-03-31,,45.601375579833984
1997-04-01,,45.89440155029297
1997-04-02,,45.071990966796875
1997-04-03,,45.317787170410156
1997-04-04,,45.884971618652344
1997-04-07,,46.064579010009766
1997-04-08,,46.395442962646484
1997-04-09,,46.0173225402832
1997-04-10,,45.84716796875
1997-04-11,,44.391395568847656
1997-04-14,,44.98693084716797
1997-04-15,,45.75263214111328
1997-04-16,,46.281986236572266
1997-04-17,,46.09293746948242
1997-04-18,,46.3198127746582
1997-04-21,,46.0173225402832
1997-04-22,,47.028785705566406
1997-04-23,,47.07606887817383
1997-04-24,,46.8397102355957
1997-04-25,,46.30092239379883
1997-04-28,,46.75465393066406
1997-04-29,,48.22932052612305
1997-04-30,,48.45619583129883
1997-05-01,,48.39948654174805
1997-05-02,,49.269142150878906
1997-05-05,,50.44131851196289
1997-05-06,,50.40353012084961
1997-05-07,,49.30696105957031
1997-05-08,,49.64727020263672
1997-05-09,,49.98758316040039
1997-05-12,,50.81943130493164
1997-05-13,,50.61148452758789
1997-05-14,,50.70601272583008
1997-05-15,,51.04633331298828
1997-05-16,,50.34678649902344
1997-05-19,,50.49802780151367
1997-05-20,,51.1030158996582
1997-05-21,,50.98956298828125
1997-05-22,,50.81943130493164
1997-05-23,,51.29209899902344
1997-05-27,,51.50005340576172
1997-05-28,,51.49061965942383
1997-05-29,,51.1880989074707
1997-05-30,,51.518943786621094
1997-06-02,,51.29209899902344
1997-06-03,,51.121944427490234
1997-06-04,,51.06521224975586
1997-06-05,,51.254268646240234
1997-06-06,,52.256309509277344
1997-06-09,,52.52098846435547
1997-06-10,,52.68166732788086
1997-06-11,,52.80457305908203
1997-06-12,,53.82549285888672
1997-06-13,,54.27925491333008
1997-06-16,,54.29815673828125
1997-06-17,,54.2225227355957
1997-06-18,,54.03346252441406
1997-06-19,,54.591209411621094
1997-06-20,,54.405181884765625
1997-06-23,,53.086124420166016
1997-06-24,,54.433650970458984
1997-06-25,,54.054073333740234
1997-06-26,,53.78837203979492
1997-06-27,,53.99711990356445
1997-06-30,,53.636539459228516
1997-07-01,,54.262882232666016
1997-07-02,,55.15489959716797
1997-07-03,,55.91409683227539
1997-07-07,,55.34467315673828
1997-07-08,,55.923580169677734
1997-07-09,,55.30674743652344
1997-07-10,,55.5534553527832
1997-07-11,,55.74327087402344
1997-07-14,,55.91409683227539
1997-07-15,,56.19878387451172
1997-07-16,,56.93896484375
1997-07-17,,56.6543083190918
1997-07-18,,55.44906997680664
1997-07-21,,55.45856857299805
1997-07-22,,56.92951202392578
1997-07-23,,56.88203430175781
1997-07-24,,57.14775848388672
1997-07-25,,57.10979461669922
1997-07-28,,57.07184982299805
1997-07-29,,57.261653900146484
1997-07-30,,57.944908142089844
1997-07-31,,57.8879508972168
1997-08-01,,57.66020202636719
1997-08-04,,57.81203842163086
1997-08-05,,57.850013732910156
1997-08-06,,58.32450485229492
1997-08-07,,57.8879508972168
1997-08-08,,56.71123504638672
1997-08-11,,57.1287841796875
1997-08-12,,56.2177734375
1997-08-13,,56.04694366455078
1997-08-14,,56.25572204589844
1997-08-15,,54.5285530090332
1997-08-18,,55.74327087402344
1997-08-19,,56.38859939575195
1997-08-20,,57.24269485473633
1997-08-21,,56.23671340942383
1997-08-22,,56.2177734375
1997-08-25,,56.00897979736328
1997-08-26,,55.183349609375
1997-08-27,,55.51548385620117
1997-08-28,,54.67095184326172
1997-08-29,,54.88918685913086
1997-09-02,,56.67327117919922
1997-09-03,,56.369606018066406
1997-09-04,,56.73024368286133
1997-09-05,,56.568851470947266
1997-09-08,,56.81563186645508
1997-09-09,,56.844078063964844
1997-09-10,,55.66734313964844
1997-09-11,,55.38264846801758
1997-09-12,,56.2746696472168
1997-09-15,,56.179805755615234
1997-09-16,,57.58428955078125
1997-09-17,,57.58428955078125
1997-09-18,,57.83104705810547
1997-09-19,,57.92888641357422
1997-09-22,,58.25270462036133
1997-09-23,,57.986000061035156
1997-09-24,,57.50975036621094
1997-09-25,,57.10972595214844
1997-09-26,,57.58595657348633
1997-09-29,,58.138404846191406
1997-09-30,,57.528812408447266
1997-10-01,,58.29076385498047
1997-10-02,,58.614654541015625
1997-10-03,,58.90989303588867
1997-10-06,,59.30043411254883
1997-10-07,,59.85285568237305
1997-10-08,,59.43376541137695
1997-10-09,,59.22420883178711
1997-10-10,,59.052757263183594
1997-10-13,,59.109901428222656
1997-10-14,,59.12896728515625
1997-10-15,,58.995628356933594
1997-10-16,,58.062217712402344
1997-10-17,,57.471702575683594
1997-10-20,,58.29076385498047
1997-10-21,,59.42422103881836
1997-10-22,,59.03369903564453
1997-10-23,,57.871700286865234
1997-10-24,,57.300235748291016
1997-10-27,,53.14749526977539
1997-10-28,,56.21440505981445
1997-10-29,,56.06205749511719
1997-10-30,,54.8238639831543
1997-10-31,,56.119197845458984
1997-11-03,,57.300235748291016
1997-11-04,,57.300235748291016
1997-11-05,,57.4907112121582
1997-11-06,,57.27166748046875
1997-11-07,,56.65255355834961
1997-11-10,,56.30966567993164
1997-11-11,,56.328704833984375
1997-11-12,,55.16673278808594
1997-11-13,,55.966793060302734
1997-11-14,,56.72876739501953
1997-11-17,,57.776466369628906
1997-11-18,,57.414527893066406
1997-11-19,,57.70029067993164
1997-11-20,,58.5765495300293
1997-11-21,,58.9765739440918
1997-11-24,,57.90982437133789
1997-11-25,,58.062217712402344
1997-11-26,,58.23366928100586
1997-11-28,,58.29076385498047
1997-12-01,,59.79570007324219
1997-12-02,,59.43376541137695
1997-12-03,,59.60518264770508
1997-12-04,,59.54807662963867
1997-12-05,,60.31001281738281
1997-12-08,,60.13855743408203
1997-12-09,,59.776634216308594
1997-12-10,,59.262271881103516
1997-12-11,,58.25270462036133
1997-12-12,,58.36701202392578
1997-12-15,,58.95750427246094
1997-12-16,,59.319461822509766
1997-12-17,,59.01466751098633
1997-12-18,,58.443206787109375
1997-12-19,,58.00639724731445
1997-12-22,,58.37930679321289
1997-12-23,,57.33697509765625
1997-12-24,,57.164886474609375
1997-12-26,,57.39439392089844
1997-12-29,,58.52275848388672
1997-12-30,,59.440765380859375
1997-12-31,,59.40249252319336
1998-01-02,,59.70853042602539
1998-01-05,,59.84235382080078
1998-01-06,,58.88612747192383
1998-01-07,,59.03914260864258
1998-01-08,,58.52275848388672
1998-01-09,,56.49552917480469
1998-01-12,,57.528255462646484
1998-01-13,,58.33148956298828
1998-01-14,,58.5992546081543
1998-01-15,,58.11155700683594
1998-01-16,,58.94353103637695
1998-01-20,,59.89977264404297
1998-01-21,,59.325992584228516
1998-01-22,,58.80006790161133
1998-01-23,,58.714019775390625
1998-01-26,,58.6757698059082
1998-01-27,,59.26859664916992
1998-01-28,,59.804115295410156
1998-01-29,,60.12928771972656
1998-01-30,,60.16752243041992
1998-02-02,,61.1619873046875
1998-02-03,,61.62101745605469
1998-02-04,,61.54452133178711
1998-02-05,,61.50626754760742
1998-02-06,,62.194801330566406
1998-02-09,,61.98442840576172
1998-02-10,,62.57727813720703
1998-02-11,,62.519874572753906
1998-02-12,,62.78764343261719
1998-02-13,,62.42427444458008
1998-02-17,,62.73024368286133
1998-02-18,,63.304019927978516
1998-02-19,,62.96930694580078
1998-02-20,,63.43788528442383
1998-02-23,,63.6865234375
1998-02-24,,63.189239501953125
1998-02-25,,63.97340774536133
1998-02-26,,64.33677673339844
1998-02-27,,64.33677673339844
1998-03-02,,64.202880859375
1998-03-03,,64.56624603271484
1998-03-04,,64.14553833007812
1998-03-05,,63.55265808105469
1998-03-06,,64.8340072631836
1998-03-09,,64.60453033447266
1998-03-10,,65.21652221679688
1998-03-11,,65.52254486083984
1998-03-12,,65.79029846191406
1998-03-13,,65.54163360595703
1998-03-16,,66.24928283691406
1998-03-17,,66.44052124023438
1998-03-18,,66.68917846679688
1998-03-19,,66.86125183105469
1998-03-20,,67.43701171875
1998-03-23,,67.28355407714844
1998-03-24,,67.85897064208984
1998-03-25,,67.60961151123047
1998-03-26,,67.5712661743164
1998-03-27,,67.28355407714844
1998-03-30,,67.24519348144531
1998-03-31,,67.47537994384766
1998-04-01,,68.02197265625
1998-04-02,,68.76041412353516
1998-04-03,,69.10565185546875
1998-04-06,,68.54945373535156
1998-04-07,,68.0891342163086
1998-04-08,,67.70552062988281
1998-04-09,,68.24252319335938
1998-04-13,,68.05077362060547
1998-04-14,,68.62617492675781
1998-04-15,,68.8179702758789
1998-04-16,,68.0124282836914
1998-04-17,,68.91385650634766
1998-04-20,,68.8946762084961
1998-04-21,,69.22073364257812
1998-04-22,,69.41252899169922
1998-04-23,,68.7412338256836
1998-04-24,,68.0124282836914
1998-04-27,,66.72734832763672
1998-04-28,,66.63142395019531
1998-04-29,,67.09172058105469
1998-04-30,,68.33845520019531
1998-05-01,,69.10565185546875
1998-05-04,,68.93307495117188
1998-05-05,,68.45352172851562
1998-05-06,,67.6479721069336
1998-05-07,,67.11096954345703
1998-05-08,,68.20421600341797
1998-05-11,,67.97405242919922
1998-05-12,,68.70286560058594
1998-05-13,,68.87548828125
1998-05-14,,68.5302734375
1998-05-15,,68.14664459228516
1998-05-18,,67.87812805175781
1998-05-19,,68.33845520019531
1998-05-20,,68.9905776977539
1998-05-21,,68.54945373535156
1998-05-22,,68.28089904785156
1998-05-26,,67.18766021728516
1998-05-27,,67.28355407714844
1998-05-28,,67.5904541015625
1998-05-29,,66.91915130615234
1998-06-01,,67.22601318359375
1998-06-02,,67.28355407714844
1998-06-03,,66.20946502685547
1998-06-04,,67.43701171875
1998-06-05,,68.7412338256836
1998-06-08,,68.66453552246094
1998-06-09,,68.87548828125
1998-06-10,,68.43439483642578
1998-06-11,,67.14932250976562
1998-06-12,,67.7822265625
1998-06-15,,65.99847412109375
1998-06-16,,67.0150375366211
1998-06-17,,68.41516876220703
1998-06-18,,68.10830688476562
1998-06-19,,67.76702117919922
1998-06-22,,68.0941162109375
1998-06-23,,68.90225982666016
1998-06-24,,69.82583618164062
1998-06-25,,69.71038055419922
1998-06-26,,69.99898529052734
1998-06-29,,70.24913787841797
1998-06-30,,69.76813507080078
1998-07-01,,70.57625579833984
1998-07-02,,70.71089935302734
1998-07-06,,71.4228286743164
1998-07-07,,71.28819274902344
1998-07-08,,71.80769348144531
1998-07-09,,71.32664489746094
1998-07-10,,71.71146392822266
1998-07-13,,71.73070526123047
1998-07-14,,72.53882598876953
1998-07-15,,72.40412902832031
1998-07-16,,72.90440368652344
1998-07-17,,73.0006103515625
1998-07-20,,73.0006103515625
1998-07-21,,71.73070526123047
1998-07-22,,71.73070526123047
1998-07-23,,70.3068618774414
1998-07-24,,70.24913787841797
1998-07-27,,70.74940490722656
1998-07-28,,69.55647277832031
1998-07-29,,69.28707122802734
1998-07-30,,70.32612609863281
1998-07-31,,68.82530212402344
1998-08-03,,68.53668212890625
1998-08-04,,65.88140106201172
1998-08-05,,66.78575897216797
1998-08-06,,67.07434844970703
1998-08-07,,67.18977355957031
1998-08-10,,66.80498504638672
1998-08-11,,65.80445098876953
1998-08-12,,66.92044067382812
1998-08-13,,66.1123275756836
1998-08-14,,65.3426742553711
1998-08-17,,66.72802734375
1998-08-18,,67.95943450927734
1998-08-19,,67.78628540039062
1998-08-20,,67.38224792480469
1998-08-21,,66.84349822998047
1998-08-24,,67.26675415039062
1998-08-25,,67.42070770263672
1998-08-26,,67.03588104248047
1998-08-27,,63.880332946777344
1998-08-28,,63.649452209472656
1998-08-31,,59.108551025390625
1998-09-01,,61.60989761352539
1998-09-02,,61.16735076904297
1998-09-03,,60.68634033203125
1998-09-04,,60.18606185913086
1998-09-08,,63.41853713989258
1998-09-09,,61.87925338745117
1998-09-10,,60.6478271484375
1998-09-11,,62.610450744628906
1998-09-14,,63.68794250488281
1998-09-15,,64.07274627685547
1998-09-16,,64.64999389648438
1998-09-17,,62.80282974243164
1998-09-18,,63.08257293701172
1998-09-21,,63.043983459472656
1998-09-22,,63.565330505371094
1998-09-23,,66.11408996582031
1998-09-24,,64.49214172363281
1998-09-25,,64.41492462158203
1998-09-28,,64.99421691894531
1998-09-29,,64.83971405029297
1998-09-30,,62.87018585205078
1998-10-01,,61.05514144897461
1998-10-02,,62.233001708984375
1998-10-05,,60.97788619995117
1998-10-06,,60.91997146606445
1998-10-07,,60.01248550415039
1998-10-08,,59.68419647216797
1998-10-09,,60.8813591003418
1998-10-12,,61.76956558227539
1998-10-13,,61.55716323852539
1998-10-14,,62.13648223876953
1998-10-15,,65.47692108154297
1998-10-16,,65.49620819091797
1998-10-19,,65.72794342041016
1998-10-20,,66.11408996582031
1998-10-21,,65.88240814208984
1998-10-22,,66.86715698242188
1998-10-23,,66.01761627197266
1998-10-26,,66.50025177001953
1998-10-27,,66.11408996582031
1998-10-28,,65.9982681274414
1998-10-29,,67.6009292602539
1998-10-30,,67.9677505493164
1998-11-02,,69.12629699707031
1998-11-03,,68.6242904663086
1998-11-04,,69.3580322265625
1998-11-05,,70.30416107177734
1998-11-06,,70.5165786743164
1998-11-09,,70.0145263671875
1998-11-10,,69.82147979736328
1998-11-11,,69.3580322265625
1998-11-12,,69.28077697753906
1998-11-13,,69.95658874511719
1998-11-16,,70.4779281616211
1998-11-17,,70.4779281616211
1998-11-18,,70.90275573730469
1998-11-19,,71.52062225341797
1998-11-20,,72.0613021850586
1998-11-23,,73.76050567626953
1998-11-24,,73.29705047607422
1998-11-25,,73.29705047607422
1998-11-27,,73.8377685546875
1998-11-30,,71.75233459472656
1998-12-01,,72.67916870117188
1998-12-02,,72.46675872802734
1998-12-03,,71.26962280273438
1998-12-04,,73.14257049560547
1998-12-07,,73.49015808105469
1998-12-08,,73.16190338134766
1998-12-09,,73.29705047607422
1998-12-10,,72.22541809082031
1998-12-11,,72.3702163696289
1998-12-14,,70.28483581542969
1998-12-15,,72.09990692138672
1998-12-16,,72.00336456298828
1998-12-17,,73.1522445678711
1998-12-18,,73.46310424804688
1998-12-21,,74.48988342285156
1998-12-22,,74.81917572021484
1998-12-23,,76.38842010498047
1998-12-24,,76.05907440185547
1998-12-28,,75.8653564453125
1998-12-29,,77.06649017333984
1998-12-30,,76.44651794433594
1998-12-31,,76.44651794433594
1999-01-04,,76.27216339111328
1999-01-05,,77.14397430419922
1999-01-06,,79.0037841796875
1999-01-07,,78.6163330078125
1999-01-08,,79.19754028320312
1999-01-11,,78.44197845458984
1999-01-12,,77.02775573730469
1999-01-13,,76.48529815673828
1999-01-14,,75.1485366821289
1999-01-15,,77.10521697998047
1999-01-19,,77.60894012451172
1999-01-20,,78.22886657714844
1999-01-21,,76.15594482421875
1999-01-22,,75.9815673828125
1999-01-25,,76.75653076171875
1999-01-26,,78.1513900756836
1999-01-27,,77.24080657958984
1999-01-28,,78.53884887695312
1999-01-29,,79.13943481445312
1999-02-01,,78.67444610595703
1999-02-02,,78.19013214111328
1999-02-03,,78.98442840576172
1999-02-04,,77.80268859863281
1999-02-05,,76.91150665283203
1999-02-08,,77.06649017333984
1999-02-09,,75.3422622680664
1999-02-10,,75.82661437988281
1999-02-11,,77.5701675415039
1999-02-12,,76.64030456542969
1999-02-16,,76.17530059814453
1999-02-17,,76.09783172607422
1999-02-18,,76.69839477539062
1999-02-19,,77.02775573730469
1999-02-22,,79.08129119873047
1999-02-23,,79.04256439208984
1999-02-24,,77.6476821899414
1999-02-25,,76.91150665283203
1999-02-26,,76.60151672363281
1999-03-01,,76.81461334228516
1999-03-02,,76.13658142089844
1999-03-03,,76.54344177246094
1999-03-04,,77.5120620727539
1999-03-05,,79.07162475585938
1999-03-08,,79.58500671386719
1999-03-09,,79.39125061035156
1999-03-10,,80.08871459960938
1999-03-11,,80.9798812866211
1999-03-12,,80.20496368408203
1999-03-15,,81.34796142578125
1999-03-16,,81.03795623779297
1999-03-17,,80.6892318725586
1999-03-18,,81.98726654052734
1999-03-19,,80.59365844726562
1999-03-22,,80.7490234375
1999-03-23,,78.41862487792969
1999-03-24,,78.86528778076172
1999-03-25,,80.47715759277344
1999-03-26,,79.89459991455078
1999-03-29,,81.50640106201172
1999-03-30,,81.07923126220703
1999-03-31,,79.77803039550781
1999-04-01,,80.38007354736328
1999-04-05,,82.28324127197266
1999-04-06,,82.08903503417969
1999-04-07,,82.74932861328125
1999-04-08,,83.79798889160156
1999-04-09,,83.81742095947266
1999-04-12,,84.71076202392578
1999-04-13,,84.16704559326172
1999-04-14,,82.74932861328125
1999-04-15,,82.43853759765625
1999-04-16,,81.7394790649414
1999-04-19,,80.47715759277344
1999-04-20,,81.48701477050781
1999-04-21,,83.81742095947266
1999-04-22,,84.61366271972656
1999-04-23,,84.40003204345703
1999-04-26,,84.88552856445312
1999-04-27,,85.29338073730469
1999-04-28,,84.12813568115234
1999-04-29,,83.4872817993164
1999-04-30,,82.8075942993164
1999-05-03,,84.32235717773438
1999-05-04,,83.1183090209961
1999-05-05,,83.778564453125
1999-05-06,,83.26394653320312
1999-05-07,,83.89511108398438
1999-05-10,,83.4775619506836
1999-05-11,,84.32235717773438
1999-05-12,,84.98265075683594
1999-05-13,,85.35163116455078
1999-05-14,,83.13772583007812
1999-05-17,,83.39019775390625
1999-05-18,,83.2348403930664
1999-05-19,,83.83685302734375
1999-05-20,,83.33190155029297
1999-05-21,,82.86585235595703
1999-05-24,,81.48701477050781
1999-05-25,,80.16644287109375
1999-05-26,,81.05975341796875
1999-05-27,,79.89459991455078
1999-05-28,,80.91410827636719
1999-06-01,,80.63249206542969
1999-06-02,,80.7102279663086
1999-06-03,,81.15686798095703
1999-06-04,,82.78814697265625
1999-06-07,,83.00174713134766
1999-06-08,,82.18612670898438
1999-06-09,,82.10842895507812
1999-06-10,,81.3510513305664
1999-06-11,,80.67134094238281
1999-06-14,,80.7490234375
1999-06-15,,81.29280853271484
1999-06-16,,82.8464126586914
1999-06-17,,83.62325286865234
1999-06-18,,83.71984100341797
1999-06-21,,83.91461944580078
1999-06-22,,83.33029174804688
1999-06-23,,82.92120361328125
1999-06-24,,82.29788208007812
1999-06-25,,82.0934066772461
1999-06-28,,83.09654998779297
1999-06-29,,83.87567901611328
1999-06-30,,85.39498901367188
1999-07-01,,86.03784942626953
1999-07-02,,86.89491271972656
1999-07-06,,86.87539672851562
1999-07-07,,86.9922866821289
1999-07-08,,87.06047821044922
1999-07-09,,87.57662200927734
1999-07-12,,87.18705749511719
1999-07-13,,86.87539672851562
1999-07-14,,87.36235809326172
1999-07-15,,87.9175033569336
1999-07-16,,88.394775390625
1999-07-19,,87.8104248046875
1999-07-20,,86.00858306884766
1999-07-21,,85.91118621826172
1999-07-22,,84.78141784667969
1999-07-23,,84.6158676147461
1999-07-26,,83.99254608154297
1999-07-27,,84.69377136230469
1999-07-28,,84.96648406982422
1999-07-29,,83.77826690673828
1999-07-30,,82.7458724975586
1999-08-02,,82.940673828125
1999-08-03,,82.55111694335938
1999-08-04,,81.42133331298828
1999-08-05,,82.16154479980469
1999-08-06,,81.26553344726562
1999-08-09,,81.09020233154297
1999-08-10,,80.19415283203125
1999-08-11,,81.16807556152344
1999-08-12,,81.1194076538086
1999-08-13,,82.99910736083984
1999-08-16,,83.36920928955078
1999-08-17,,83.91461944580078
1999-08-18,,83.31077575683594
1999-08-19,,82.62902069091797
1999-08-20,,83.46662139892578
1999-08-23,,85.06385040283203
1999-08-24,,85.37557220458984
1999-08-25,,86.25209045410156
1999-08-26,,85.21973419189453
1999-08-27,,84.1873550415039
1999-08-30,,82.62902069091797
1999-08-31,,82.31736755371094
1999-09-01,,83.33029174804688
1999-09-02,,82.34659576416016
1999-09-03,,84.75220489501953
1999-09-07,,84.44053649902344
1999-09-08,,84.03150177001953
1999-09-09,,83.99254608154297
1999-09-10,,84.69377136230469
1999-09-13,,84.11913299560547
1999-09-14,,83.56399536132812
1999-09-15,,82.23941802978516
1999-09-16,,82.56085205078125
1999-09-17,,83.60401153564453
1999-09-20,,83.48682403564453
1999-09-21,,81.72879028320312
1999-09-22,,81.64085388183594
1999-09-23,,79.93169403076172
1999-09-24,,79.8535385131836
1999-09-27,,80.38092803955078
1999-09-28,,80.22470092773438
1999-09-29,,79.267578125
1999-09-30,,80.47865295410156
1999-10-01,,80.30281829833984
1999-10-04,,81.72879028320312
1999-10-05,,81.6506118774414
1999-10-06,,82.90081024169922
1999-10-07,,82.43195343017578
1999-10-08,,83.68214416503906
1999-10-11,,83.54541015625
1999-10-12,,82.25618743896484
1999-10-13,,80.12701416015625
1999-10-14,,80.10747528076172
1999-10-15,,78.05646514892578
1999-10-18,,78.62294006347656
1999-10-19,,79.38477325439453
1999-10-20,,80.16610717773438
1999-10-21,,80.63491821289062
1999-10-22,,81.31857299804688
1999-10-25,,80.90835571289062
1999-10-26,,79.89262390136719
1999-10-27,,81.33810424804688
1999-10-28,,84.11190032958984
1999-10-29,,85.63548278808594
1999-11-01,,84.73699951171875
1999-11-02,,84.13142395019531
1999-11-03,,84.69793701171875
1999-11-04,,85.34253692626953
1999-11-05,,86.1824722290039
1999-11-08,,86.26061248779297
1999-11-09,,85.4499282836914
1999-11-10,,86.08479309082031
1999-11-11,,86.57315063476562
1999-11-12,,87.35444641113281
1999-11-15,,87.5595932006836
1999-11-16,,88.29210662841797
1999-11-17,,88.52648162841797
1999-11-18,,89.15158081054688
1999-11-19,,89.07343292236328
1999-11-22,,89.0539321899414
1999-11-23,,88.27255249023438
1999-11-24,,88.74137115478516
1999-11-26,,88.40929412841797
1999-11-29,,88.09674072265625
1999-11-30,,87.06147766113281
1999-12-01,,87.76468658447266
1999-12-02,,88.29210662841797
1999-12-03,,89.91339874267578
1999-12-06,,89.24928283691406
1999-12-07,,88.52648162841797
1999-12-08,,87.95999908447266
1999-12-09,,88.38976287841797
1999-12-10,,88.68278503417969
1999-12-13,,88.83902740478516
1999-12-14,,87.97956848144531
1999-12-15,,88.44834899902344
1999-12-16,,88.83902740478516
1999-12-17,,89.40957641601562
1999-12-20,,88.76337432861328
1999-12-21,,90.1145248413086
1999-12-22,,90.34944915771484
1999-12-23,,91.78874969482422
1999-12-27,,91.66145324707031
1999-12-28,,91.60269165039062
1999-12-29,,91.99432373046875
1999-12-30,,91.88664245605469
1999-12-31,,92.03350067138672
2000-01-03,,91.13272094726562
2000-01-04,,87.56886291503906
2000-01-05,,87.72555541992188
2000-01-06,,86.315673828125
2000-01-07,,91.32855224609375
2000-01-10,,91.64189910888672
2000-01-11,,90.54528045654297
2000-01-12,,89.6445541381836
2000-01-13,,90.85860443115234
2000-01-14,,92.09224700927734
2000-01-18,,91.36773681640625
2000-01-19,,92.11180877685547
2000-01-20,,90.70198822021484
2000-01-21,,90.50613403320312
2000-01-24,,87.94093322753906
2000-01-25,,88.93964385986328
2000-01-26,,88.23471069335938
2000-01-27,,87.8822250366211
2000-01-28,,85.14076232910156
2000-01-31,,87.45140838623047
2000-02-01,,88.31297302246094
2000-02-02,,88.39131927490234
2000-02-03,,89.72289276123047
2000-02-04,,89.35079956054688
2000-02-07,,89.2137680053711
2000-02-08,,90.42781829833984
2000-02-09,,88.52838897705078
2000-02-10,,88.70464324951172
2000-02-11,,86.90319061279297
2000-02-14,,87.4122314453125
2000-02-15,,88.40113830566406
2000-02-16,,87.09892272949219
2000-02-17,,86.64855194091797
2000-02-18,,84.78829193115234
2000-02-22,,84.57291412353516
2000-02-23,,85.57157135009766
2000-02-24,,83.8484115600586
2000-02-25,,83.54488372802734
2000-02-28,,85.29743957519531
2000-02-29,,86.119873046875
2000-03-01,,86.74649810791016
2000-03-02,,86.80522918701172
2000-03-03,,88.43049621582031
2000-03-06,,87.56886291503906
2000-03-07,,85.87507629394531
2000-03-08,,85.76737976074219
2000-03-09,,88.27387237548828
2000-03-10,,87.80388641357422
2000-03-13,,86.8443603515625
2000-03-14,,85.61077117919922
2000-03-15,,87.60807800292969
2000-03-16,,91.70062255859375
2000-03-17,,92.30664825439453
2000-03-20,,91.83548736572266
2000-03-21,,93.7201156616211
2000-03-22,,94.28949737548828
2000-03-23,,95.89921569824219
2000-03-24,,96.46852111816406
2000-03-27,,95.44766998291016
2000-03-28,,94.89797973632812
2000-03-29,,94.99614715576172
2000-03-30,,93.40602111816406
2000-03-31,,94.46611785888672
2000-04-03,,95.01580047607422
2000-04-04,,94.3090591430664
2000-04-05,,93.7201156616211
2000-04-06,,94.53485107421875
2000-04-07,,95.13361358642578
2000-04-10,,94.76056671142578
2000-04-11,,94.48574829101562
2000-04-12,,91.89441680908203
2000-04-13,,90.61839294433594
2000-04-14,,85.43572998046875
2000-04-17,,88.4196548461914
2000-04-18,,90.75581359863281
2000-04-19,,89.91162872314453
2000-04-20,,90.34353637695312
2000-04-24,,89.36198425292969
2000-04-25,,93.07225799560547
2000-04-26,,92.02201843261719
2000-04-27,,91.71772766113281
2000-04-28,,91.14842224121094
2000-05-01,,92.38516998291016
2000-05-02,,90.53987121582031
2000-05-03,,88.4196548461914
2000-05-04,,89.08718872070312
2000-05-05,,90.16685485839844
2000-05-08,,89.48961639404297
2000-05-09,,88.77301025390625
2000-05-10,,86.77068328857422
2000-05-11,,88.75335693359375
2000-05-12,,89.71540832519531
2000-05-15,,91.26622009277344
2000-05-16,,92.14962005615234
2000-05-17,,91.18772888183594
2000-05-18,,90.06874084472656
2000-05-19,,88.65525817871094
2000-05-22,,87.9877700805664
2000-05-23,,86.69210815429688
2000-05-24,,88.10557556152344
2000-05-25,,86.59395599365234
2000-05-26,,86.69210815429688
2000-05-30,,89.5190200805664
2000-05-31,,89.71540832519531
2000-06-01,,91.28582763671875
2000-06-02,,92.8759765625
2000-06-05,,92.42447662353516
2000-06-06,,92.01219940185547
2000-06-07,,92.65022277832031
2000-06-08,,92.28704833984375
2000-06-09,,92.09073638916016
2000-06-12,,91.010986328125
2000-06-13,,92.71895599365234
2000-06-14,,92.8759765625
2000-06-15,,93.07225799560547
2000-06-16,,92.30757904052734
2000-06-19,,93.48823547363281
2000-06-20,,93.15372467041016
2000-06-21,,93.11431121826172
2000-06-22,,91.697509765625
2000-06-23,,90.91043853759766
2000-06-26,,92.08123016357422
2000-06-27,,91.40239715576172
2000-06-28,,91.65817260742188
2000-06-29,,90.79237365722656
2000-06-30,,91.48110961914062
2000-07-03,,92.74050903320312
2000-07-05,,91.06787109375
2000-07-06,,91.7762451171875
2000-07-07,,93.2520980834961
2000-07-10,,93.09465026855469
2000-07-11,,93.29145812988281
2000-07-12,,93.90143585205078
2000-07-13,,94.31468963623047
2000-07-14,,95.23948669433594
2000-07-17,,95.0820541381836
2000-07-18,,94.30484771728516
2000-07-19,,93.5472640991211
2000-07-20,,94.84596252441406
2000-07-21,,92.99629211425781
2000-07-24,,92.4649887084961
2000-07-25,,92.76010131835938
2000-07-26,,91.85494995117188
2000-07-27,,91.54013061523438
2000-07-28,,89.47395324707031
2000-07-31,,90.04459381103516
2000-08-01,,90.5956039428711
2000-08-02,,91.04817962646484
2000-08-03,,91.6778564453125
2000-08-04,,92.16983032226562
2000-08-07,,93.27171325683594
2000-08-08,,93.62600708007812
2000-08-09,,92.83883666992188
2000-08-10,,92.38629150390625
2000-08-11,,92.81917572021484
2000-08-14,,93.99987030029297
2000-08-15,,93.92108154296875
2000-08-16,,93.58658599853516
2000-08-17,,94.5704574584961
2000-08-18,,94.25563049316406
2000-08-21,,94.7672119140625
2000-08-22,,94.60984802246094
2000-08-23,,94.98371887207031
2000-08-24,,95.27882385253906
2000-08-25,,95.23948669433594
2000-08-28,,95.564208984375
2000-08-29,,95.58389282226562
2000-08-30,,94.66888427734375
2000-08-31,,95.92823791503906
2000-09-01,,96.02662658691406
2000-09-05,,95.25921630859375
2000-09-06,,94.17692565917969
2000-09-07,,94.98371887207031
2000-09-08,,94.33436584472656
2000-09-11,,94.19658660888672
2000-09-12,,93.50785827636719
2000-09-13,,93.75379943847656
2000-09-14,,94.22610473632812
2000-09-15,,92.16465759277344
2000-09-18,,91.3163833618164
2000-09-19,,92.14491271972656
2000-09-20,,91.46430206298828
2000-09-21,,90.07355499267578
2000-09-22,,91.7109375
2000-09-25,,91.0599594116211
2000-09-26,,89.89606475830078
2000-09-27,,90.36946868896484
2000-09-28,,91.53336334228516
2000-09-29,,90.6654052734375
2000-10-02,,90.80348205566406
2000-10-03,,89.9552001953125
2000-10-04,,90.70478820800781
2000-10-05,,91.02046966552734
2000-10-06,,89.04778289794922
2000-10-09,,88.37706756591797
2000-10-10,,86.9172592163086
2000-10-11,,86.1873550415039
2000-10-12,,84.0370864868164
2000-10-13,,86.83833312988281
2000-10-16,,87.23287963867188
2000-10-17,,85.06293487548828
2000-10-18,,84.74730682373047
2000-10-19,,87.94305419921875
2000-10-20,,88.31788635253906
2000-10-23,,88.71244049072266
2000-10-24,,88.12063598632812
2000-10-25,,86.04930114746094
2000-10-26,,86.2859878540039
2000-10-27,,87.92333221435547
2000-10-30,,88.71244049072266
2000-10-31,,90.24127960205078
2000-11-01,,89.93548583984375
2000-11-02,,90.08346557617188
2000-11-03,,90.13277435302734
2000-11-06,,90.76399230957031
2000-11-07,,90.74433898925781
2000-11-08,,88.73216247558594
2000-11-09,,88.39676666259766
2000-11-10,,86.24655151367188
2000-11-13,,85.57581329345703
2000-11-14,,87.82470703125
2000-11-15,,88.10088348388672
2000-11-16,,86.72000122070312
2000-11-17,,86.25640869140625
2000-11-20,,85.02347564697266
2000-11-21,,85.45747375488281
2000-11-22,,83.41570281982422
2000-11-24,,85.12208557128906
2000-11-27,,85.8717269897461
2000-11-28,,84.39221954345703
2000-11-29,,84.23439025878906
2000-11-30,,83.50450897216797
2000-12-01,,83.46504974365234
2000-12-04,,84.17517852783203
2000-12-05,,86.93698120117188
2000-12-06,,85.54622650146484
2000-12-07,,84.3724594116211
2000-12-08,,84.56971740722656
2000-12-11,,87.50907135009766
2000-12-12,,87.13423919677734
2000-12-13,,85.94075775146484
2000-12-14,,84.84591674804688
2000-12-15,,82.92951202392578
2000-12-18,,84.03763580322266
2000-12-19,,82.32605743408203
2000-12-20,,79.9416275024414
2000-12-21,,80.49569702148438
2000-12-22,,82.90978240966797
2000-12-26,,83.80023193359375
2000-12-27,,84.41360473632812
2000-12-28,,84.67086029052734
2000-12-29,,83.06806945800781
2001-01-02,,81.56419372558594
2001-01-03,,85.4821548461914
2001-01-04,,84.56200408935547
2001-01-05,,81.80167388916016
2001-01-08,,82.4348373413086
2001-01-09,,82.21717071533203
2001-01-10,,83.66165924072266
2001-01-11,,83.74081420898438
2001-01-12,,83.58252716064453
2001-01-16,,84.11681365966797
2001-01-17,,84.50262451171875
2001-01-18,,85.3436050415039
2001-01-19,,84.85881805419922
2001-01-22,,85.42273712158203
2001-01-23,,86.0955581665039
2001-01-24,,86.352783203125
2001-01-25,,86.13513946533203
2001-01-26,,86.03619384765625
2001-01-29,,86.49528503417969
2001-01-30,,87.25509643554688
2001-01-31,,86.76119995117188
2001-02-01,,87.33738708496094
2001-02-02,,85.3554916381836
2001-02-05,,85.98236846923828
2001-02-06,,85.72904205322266
2001-02-07,,85.28583526611328
2001-02-08,,84.29171752929688
2001-02-09,,83.481201171875
2001-02-12,,84.43734741210938
2001-02-13,,83.74716186523438
2001-02-14,,83.62051391601562
2001-02-15,,84.4310302734375
2001-02-16,,82.56938171386719
2001-02-20,,81.29669189453125
2001-02-21,,79.54269409179688
2001-02-22,,79.66300201416016
2001-02-23,,79.12480163574219
2001-02-26,,80.80911254882812
2001-02-27,,80.06190490722656
2001-02-28,,78.48522186279297
2001-03-01,,78.8968505859375
2001-03-02,,78.26995849609375
2001-03-05,,78.9854736328125
2001-03-06,,79.83394622802734
2001-03-07,,80.40386962890625
2001-03-08,,80.49251556396484
2001-03-09,,78.11165618896484
2001-03-12,,74.76838684082031
2001-03-13,,75.99678802490234
2001-03-14,,74.49608612060547
2001-03-15,,74.51508331298828
2001-03-16,,73.02053833007812
2001-03-19,,74.50621795654297
2001-03-20,,72.5062255859375
2001-03-21,,71.2745361328125
2001-03-22,,70.55073547363281
2001-03-23,,72.68402099609375
2001-03-26,,73.61099243164062
2001-03-27,,75.11571502685547
2001-03-28,,73.03956604003906
2001-03-29,,73.31893157958984
2001-03-30,,74.08715057373047
2001-04-02,,72.5062255859375
2001-04-03,,70.0872573852539
2001-04-04,,70.37931060791016
2001-04-05,,73.04592895507812
2001-04-06,,71.93485260009766
2001-04-09,,72.73482513427734
2001-04-10,,74.06177520751953
2001-04-11,,74.1125717163086
2001-04-12,,75.45852661132812
2001-04-16,,74.66493225097656
2001-04-17,,75.7188720703125
2001-04-18,,78.72832489013672
2001-04-19,,79.77589416503906
2001-04-20,,79.04579162597656
2001-04-23,,77.61087799072266
2001-04-24,,77.19185638427734
2001-04-25,,78.20135498046875
2001-04-26,,78.5505599975586
2001-04-27,,79.85847473144531
2001-04-30,,80.41717529296875
2001-05-01,,80.66478729248047
2001-05-02,,80.51873016357422
2001-05-03,,79.49652862548828
2001-05-04,,80.84888458251953
2001-05-07,,80.1505126953125
2001-05-08,,80.11243438720703
2001-05-09,,79.77589416503906
2001-05-10,,80.01081848144531
2001-05-11,,79.45845031738281
2001-05-14,,79.61719512939453
2001-05-15,,79.98546600341797
2001-05-16,,81.8711166381836
2001-05-17,,81.99808502197266
2001-05-18,,82.3727035522461
2001-05-21,,83.58537292480469
2001-05-22,,83.47737884521484
2001-05-23,,82.06159210205078
2001-05-24,,82.30281829833984
2001-05-25,,81.33142852783203
2001-05-29,,80.683837890625
2001-05-30,,79.55374145507812
2001-05-31,,79.96640014648438
2001-06-01,,80.46157836914062
2001-06-04,,80.84888458251953
2001-06-05,,81.77588653564453
2001-06-06,,81.09651947021484
2001-06-07,,81.38858795166016
2001-06-08,,80.63304138183594
2001-06-11,,80.06161499023438
2001-06-12,,79.92195129394531
2001-06-13,,79.23625183105469
2001-06-14,,77.45852661132812
2001-06-15,,77.58329010009766
2001-06-18,,77.20763397216797
2001-06-19,,77.54510498046875
2001-06-20,,77.95260620117188
2001-06-21,,78.8376235961914
2001-06-22,,78.22001647949219
2001-06-25,,77.50051879882812
2001-06-26,,77.3923110961914
2001-06-27,,77.34772491455078
2001-06-28,,77.77430725097656
2001-06-29,,78.06085968017578
2001-07-02,,79.03499603271484
2001-07-03,,79.0158920288086
2001-07-05,,77.4750747680664
2001-07-06,,75.80050659179688
2001-07-09,,76.2143783569336
2001-07-10,,75.29752349853516
2001-07-11,,75.3739013671875
2001-07-12,,77.1630859375
2001-07-13,,77.83162689208984
2001-07-16,,76.85743713378906
2001-07-17,,77.57691192626953
2001-07-18,,77.04846954345703
2001-07-19,,77.72335052490234
2001-07-20,,77.25858306884766
2001-07-23,,75.73683166503906
2001-07-24,,75.0046157836914
2001-07-25,,75.83231353759766
2001-07-26,,76.62823486328125
2001-07-27,,76.92111206054688
2001-07-30,,76.94658660888672
2001-07-31,,77.26498413085938
2001-08-01,,77.74886322021484
2001-08-02,,78.06719207763672
2001-08-03,,77.640625
2001-08-06,,76.59642028808594
2001-08-07,,76.89563751220703
2001-08-08,,75.46940612792969
2001-08-09,,75.69231414794922
2001-08-10,,75.95332336425781
2001-08-13,,75.972412109375
2001-08-14,,75.94058990478516
2001-08-15,,75.28477478027344
2001-08-16,,75.54584503173828
2001-08-17,,74.33607482910156
2001-08-20,,75.02373504638672
2001-08-21,,73.74393463134766
2001-08-22,,74.50799560546875
2001-08-23,,74.24054718017578
2001-08-24,,75.78143310546875
2001-08-27,,75.32935333251953
2001-08-28,,74.22783660888672
2001-08-29,,73.56562042236328
2001-08-30,,72.15214538574219
2001-08-31,,72.68061828613281
2001-09-04,,72.2158203125
2001-09-05,,72.39410400390625
2001-09-06,,70.52851867675781
2001-09-07,,69.22331237792969
2001-09-10,,70.07015228271484
2001-09-17,,66.40900421142578
2001-09-18,,66.24983215332031
2001-09-19,,64.91273498535156
2001-09-20,,62.84981918334961
2001-09-21,,62.17172622680664
2001-09-24,,64.35742950439453
2001-09-25,,65.02848052978516
2001-09-26,,64.79845428466797
2001-09-27,,65.36085510253906
2001-09-28,,66.7476577758789
2001-10-01,,66.6390151977539
2001-10-02,,67.47626495361328
2001-10-03,,68.60743713378906
2001-10-04,,68.66497039794922
2001-10-05,,68.53076934814453
2001-10-08,,68.08340454101562
2001-10-09,,67.71907806396484
2001-10-10,,69.22736358642578
2001-10-11,,70.30104064941406
2001-10-12,,69.98152923583984
2001-10-15,,69.8537368774414
2001-10-16,,70.29468536376953
2001-10-17,,68.7991943359375
2001-10-18,,68.65220642089844
2001-10-19,,68.60743713378906
2001-10-22,,69.96234893798828
2001-10-23,,69.6044921875
2001-10-24,,69.41911315917969
2001-10-25,,70.66536712646484
2001-10-26,,70.50558471679688
2001-10-29,,68.67140197753906
2001-10-30,,67.84690856933594
2001-10-31,,67.6168441772461
2001-11-01,,69.34878540039062
2001-11-02,,69.82174682617188
2001-11-05,,70.73567199707031
2001-11-06,,71.83493041992188
2001-11-07,,71.73907470703125
2001-11-08,,71.96273803710938
2001-11-09,,72.0394287109375
2001-11-12,,71.59844970703125
2001-11-13,,73.20901489257812
2001-11-14,,73.27928924560547
2001-11-15,,73.41351318359375
2001-11-16,,73.08756256103516
2001-11-19,,73.98870849609375
2001-11-20,,73.36876678466797
2001-11-21,,72.88306427001953
2001-11-23,,73.93116760253906
2001-11-26,,74.0909423828125
2001-11-27,,73.77137756347656
2001-11-28,,72.43567657470703
2001-11-29,,73.41351318359375
2001-11-30,,72.8894271850586
2001-12-03,,72.4548568725586
2001-12-04,,73.68191528320312
2001-12-05,,75.03043365478516
2001-12-06,,74.99205017089844
2001-12-07,,74.49359130859375
2001-12-10,,73.10031127929688
2001-12-11,,72.95330047607422
2001-12-12,,73.03642272949219
2001-12-13,,71.61760711669922
2001-12-14,,72.30147552490234
2001-12-17,,73.0491943359375
2001-12-18,,73.4837417602539
2001-12-19,,74.00144958496094
2001-12-20,,73.27288818359375
2001-12-21,,73.71729278564453
2001-12-24,,73.57623291015625
2001-12-26,,73.9802474975586
2001-12-27,,74.42913818359375
2001-12-28,,74.39066314697266
2001-12-31,,73.30047607421875
2002-01-02,,74.08927917480469
2002-01-03,,74.92936706542969
2002-01-04,,75.42957305908203
2002-01-07,,74.89729309082031
2002-01-08,,74.72415924072266
2002-01-09,,74.11488342285156
2002-01-10,,74.44195556640625
2002-01-11,,73.7109375
2002-01-14,,73.24917602539062
2002-01-15,,73.8455581665039
2002-01-16,,72.35133361816406
2002-01-17,,72.89646911621094
2002-01-18,,72.56297302246094
2002-01-22,,72.06275939941406
2002-01-23,,72.61428833007812
2002-01-24,,72.8387451171875
2002-01-25,,72.81945037841797
2002-01-28,,73.0182876586914
2002-01-29,,70.72245025634766
2002-01-30,,71.74208068847656
2002-01-31,,72.58220672607422
2002-02-01,,72.2423324584961
2002-02-04,,70.44668579101562
2002-02-05,,70.01058959960938
2002-02-06,,69.70919799804688
2002-02-07,,69.27310180664062
2002-02-08,,70.60060119628906
2002-02-11,,71.46637725830078
2002-02-12,,71.24191284179688
2002-02-13,,71.9986343383789
2002-02-14,,71.86396789550781
2002-02-15,,71.11365509033203
2002-02-19,,69.7477035522461
2002-02-20,,70.9212417602539
2002-02-21,,69.4526596069336
2002-02-22,,70.31198120117188
2002-02-25,,71.47276306152344
2002-02-26,,71.32527160644531
2002-02-27,,71.60106658935547
2002-02-28,,71.28040313720703
2002-03-01,,72.94132995605469
2002-03-04,,74.23033142089844
2002-03-05,,73.99309539794922
2002-03-06,,74.87164306640625
2002-03-07,,74.7113265991211
2002-03-08,,75.0255355834961
2002-03-11,,75.18585968017578
2002-03-12,,75.14098358154297
2002-03-13,,74.41632843017578
2002-03-14,,74.31371307373047
2002-03-15,,75.02179718017578
2002-03-18,,75.03467559814453
2002-03-19,,75.53630828857422
2002-03-20,,74.11495971679688
2002-03-21,,74.14714813232422
2002-03-22,,73.98634338378906
2002-03-25,,73.06666564941406
2002-03-26,,73.49112701416016
2002-03-27,,73.6841049194336
2002-03-28,,73.65192413330078
2002-04-01,,73.6841049194336
2002-04-02,,73.2789306640625
2002-04-03,,72.76441955566406
2002-04-04,,72.46209716796875
2002-04-05,,72.4749984741211
2002-04-08,,72.62936401367188
2002-04-09,,72.12127685546875
2002-04-10,,72.93807983398438
2002-04-11,,71.1244125366211
2002-04-12,,71.65819549560547
2002-04-15,,71.11152648925781
2002-04-16,,72.80298614501953
2002-04-17,,72.64863586425781
2002-04-18,,72.33350372314453
2002-04-19,,72.59716796875
2002-04-22,,71.3880844116211
2002-04-23,,71.07940673828125
2002-04-24,,70.36553955078125
2002-04-25,,70.40408325195312
2002-04-26,,69.06636047363281
2002-04-29,,68.72550201416016
2002-04-30,,69.36860656738281
2002-05-01,,70.21761322021484
2002-05-02,,69.94747161865234
2002-05-03,,69.1885757446289
2002-05-06,,67.83155822753906
2002-05-07,,67.5936050415039
2002-05-08,,70.1082534790039
2002-05-09,,69.29792022705078
2002-05-10,,67.99232482910156
2002-05-13,,69.37507629394531
2002-05-14,,70.88642883300781
2002-05-15,,70.60987091064453
2002-05-16,,70.97647094726562
2002-05-17,,71.32380676269531
2002-05-20,,70.55200958251953
2002-05-21,,69.90887451171875
2002-05-22,,70.06322479248047
2002-05-23,,70.80927276611328
2002-05-24,,69.90245819091797
2002-05-28,,69.5229721069336
2002-05-29,,69.00849914550781
2002-05-30,,68.81554412841797
2002-05-31,,68.95704650878906
2002-06-03,,67.12409973144531
2002-06-04,,67.29131317138672
2002-06-05,,67.92157745361328
2002-06-06,,66.53887176513672
2002-06-07,,66.46166229248047
2002-06-10,,66.71893310546875
2002-06-11,,65.57414245605469
2002-06-12,,65.97289276123047
2002-06-13,,65.31045532226562
2002-06-14,,65.21399688720703
2002-06-17,,66.96331787109375
2002-06-18,,67.51000213623047
2002-06-19,,65.93429565429688
2002-06-20,,65.0918197631836
2002-06-21,,64.07402801513672
2002-06-24,,64.40962219238281
2002-06-25,,62.96400451660156
2002-06-26,,63.06723403930664
2002-06-27,,64.1707992553711
2002-06-28,,63.86750030517578
2002-07-01,,62.62190628051758
2002-07-02,,61.292396545410156
2002-07-03,,61.64090347290039
2002-07-05,,64.09339141845703
2002-07-08,,63.29311752319336
2002-07-09,,61.69902038574219
2002-07-10,,59.45305252075195
2002-07-11,,59.93706512451172
2002-07-12,,59.278785705566406
2002-07-15,,59.595001220703125
2002-07-16,,58.44622802734375
2002-07-17,,58.56241226196289
2002-07-18,,56.66496276855469
2002-07-19,,54.67068862915039
2002-07-22,,53.05080795288086
2002-07-23,,51.59870529174805
2002-07-24,,54.67717742919922
2002-07-25,,54.21249771118164
2002-07-26,,55.24509811401367
2002-07-29,,57.93638229370117
2002-07-30,,58.69147491455078
2002-07-31,,58.833465576171875
2002-08-01,,57.29747772216797
2002-08-02,,56.013153076171875
2002-08-05,,54.06403350830078
2002-08-06,,55.8840217590332
2002-08-07,,56.85859680175781
2002-08-08,,58.69795608520508
2002-08-09,,58.9173469543457
2002-08-12,,58.48496627807617
2002-08-13,,57.420101165771484
2002-08-14,,59.51755142211914
2002-08-15,,60.34369659423828
2002-08-16,,60.162986755371094
2002-08-19,,61.56992721557617
2002-08-20,,60.91807174682617
2002-08-21,,61.79579162597656
2002-08-22,,62.396034240722656
2002-08-23,,61.053592681884766
2002-08-26,,61.47956085205078
2002-08-27,,60.76963424682617
2002-08-28,,59.44013595581055
2002-08-29,,59.46592712402344
2002-08-30,,59.233619689941406
2002-09-03,,56.97473907470703
2002-09-04,,57.78794479370117
2002-09-05,,57.29747772216797
2002-09-06,,58.084808349609375
2002-09-09,,58.51078796386719
2002-09-10,,59.18196105957031
2002-09-11,,58.814125061035156
2002-09-12,,57.729881286621094
2002-09-13,,57.871829986572266
2002-09-16,,58.01383972167969
2002-09-17,,56.68434524536133
2002-09-18,,56.11642074584961
2002-09-19,,54.664276123046875
2002-09-20,,54.68242645263672
2002-09-23,,54.235107421875
2002-09-24,,53.35990524291992
2002-09-25,,54.68242645263672
2002-09-26,,55.57705307006836
2002-09-27,,53.64520263671875
2002-09-30,,53.0228271484375
2002-10-01,,55.570594787597656
2002-10-02,,53.90449142456055
2002-10-03,,53.35990524291992
2002-10-04,,52.38101577758789
2002-10-07,,51.29841613769531
2002-10-08,,52.10228729248047
2002-10-09,,50.630672454833984
2002-10-10,,52.270809173583984
2002-10-11,,54.559242248535156
2002-10-14,,54.863948822021484
2002-10-15,,57.50246047973633
2002-10-16,,56.108619689941406
2002-10-17,,57.22365188598633
2002-10-18,,57.46355056762695
2002-10-21,,58.455387115478516
2002-10-22,,58.03404998779297
2002-10-23,,58.4748649597168
2002-10-24,,57.28202819824219
2002-10-25,,58.4748649597168
2002-10-28,,58.09236526489258
2002-10-29,,57.418190002441406
2002-10-30,,57.975677490234375
2002-10-31,,57.38571548461914
2002-11-01,,58.520225524902344
2002-11-04,,59.07778549194336
2002-11-05,,59.54454803466797
2002-11-06,,60.315975189208984
2002-11-07,,58.837894439697266
2002-11-08,,58.11833572387695
2002-11-11,,57.21718978881836
2002-11-12,,57.67097854614258
2002-11-13,,57.72934341430664
2002-11-14,,58.81843566894531
2002-11-15,,59.2528190612793
2002-11-18,,58.65638732910156
2002-11-19,,58.578582763671875
2002-11-20,,59.88162612915039
2002-11-21,,60.996673583984375
2002-11-22,,60.56233596801758
2002-11-25,,60.60122299194336
2002-11-26,,59.44728469848633
2002-11-27,,61.11983871459961
2002-11-29,,60.92534255981445
2002-12-02,,61.02257537841797
2002-12-03,,60.205772399902344
2002-12-04,,59.933502197265625
2002-12-05,,59.2722053527832
2002-12-06,,59.6612434387207
2002-12-09,,58.02104949951172
2002-12-10,,58.79899215698242
2002-12-11,,58.85089874267578
2002-12-12,,58.844383239746094
2002-12-13,,57.91733169555664
2002-12-16,,59.41484832763672
2002-12-17,,58.89623260498047
2002-12-18,,58.21556854248047
2002-12-19,,57.8006591796875
2002-12-20,,58.625457763671875
2002-12-23,,58.644954681396484
2002-12-24,,58.20848846435547
2002-12-26,,58.23455047607422
2002-12-27,,56.925086975097656
2002-12-30,,57.40066146850586
2002-12-31,,57.47883224487305
2003-01-02,,59.329010009765625
2003-01-03,,59.511390686035156
2003-01-06,,60.56026840209961
2003-01-07,,60.410438537597656
2003-01-08,,59.53745651245117
2003-01-09,,60.46253204345703
2003-01-10,,60.62539291381836
2003-01-13,,60.605873107910156
2003-01-14,,60.801307678222656
2003-01-15,,60.195491790771484
2003-01-16,,59.94789505004883
2003-01-17,,59.06187057495117
2003-01-21,,58.14333724975586
2003-01-22,,57.43975067138672
2003-01-23,,57.79154586791992
2003-01-24,,56.27361297607422
2003-01-27,,55.504886627197266
2003-01-28,,55.915313720703125
2003-01-29,,56.338741302490234
2003-01-30,,55.00325393676758
2003-01-31,,56.065162658691406
2003-02-03,,56.17589569091797
2003-02-04,,55.622127532958984
2003-02-05,,55.276885986328125
2003-02-06,,55.01628494262695
2003-02-07,,54.34526824951172
2003-02-10,,54.729652404785156
2003-02-11,,54.35182189941406
2003-02-12,,53.48532485961914
2003-02-13,,53.6482048034668
2003-02-14,,54.82085418701172
2003-02-18,,55.78501892089844
2003-02-19,,55.491851806640625
2003-02-20,,54.9381217956543
2003-02-21,,55.491851806640625
2003-02-24,,54.59284973144531
2003-02-25,,55.02933120727539
2003-02-26,,54.228023529052734
2003-02-27,,54.94463348388672
2003-02-28,,55.30944061279297
2003-03-03,,54.78178787231445
2003-03-04,,53.90879821777344
2003-03-05,,54.36480712890625
2003-03-06,,53.90879821777344
2003-03-07,,54.280147552490234
2003-03-10,,52.9771842956543
2003-03-11,,52.45603942871094
2003-03-12,,52.80780792236328
2003-03-13,,54.63192367553711
2003-03-14,,54.80778503417969
2003-03-17,,56.534210205078125
2003-03-18,,56.86646270751953
2003-03-19,,57.30295181274414
2003-03-20,,57.426700592041016
2003-03-21,,58.652462005615234
2003-03-24,,56.70328903198242
2003-03-25,,57.24618148803711
2003-03-26,,56.958396911621094
2003-03-27,,57.004188537597656
2003-03-28,,56.716365814208984
2003-03-31,,55.427818298339844
2003-04-01,,56.278114318847656
2003-04-02,,57.63860321044922
2003-04-03,,57.3639030456543
2003-04-04,,57.70405197143555
2003-04-07,,57.59281921386719
2003-04-08,,57.684410095214844
2003-04-09,,56.925682067871094
2003-04-10,,57.239646911621094
2003-04-11,,57.004188537597656
2003-04-14,,58.18153381347656
2003-04-15,,58.72445297241211
2003-04-16,,57.72366714477539
2003-04-17,,58.58052444458008
2003-04-21,,58.63938903808594
2003-04-22,,59.74481964111328
2003-04-23,,60.29425048828125
2003-04-24,,59.75791549682617
2003-04-25,,59.01877975463867
2003-04-28,,60.03916931152344
2003-04-29,,60.24848937988281
2003-04-30,,60.117645263671875
2003-05-01,,60.11114501953125
2003-05-02,,60.96796417236328
2003-05-05,,60.850215911865234
2003-05-06,,61.42584991455078
2003-05-07,,61.085716247558594
2003-05-08,,60.470829010009766
2003-05-09,,61.308109283447266
2003-05-12,,62.060302734375
2003-05-13,,61.94911575317383
2003-05-14,,61.818328857421875
2003-05-15,,62.21074295043945
2003-05-16,,62.05374526977539
2003-05-19,,60.6016731262207
2003-05-20,,60.477394104003906
2003-05-21,,60.6016731262207
2003-05-22,,61.20344924926758
2003-05-23,,61.32774353027344
2003-05-27,,62.40043640136719
2003-05-28,,62.57704544067383
2003-05-29,,62.41351318359375
2003-05-30,,63.41427993774414
2003-06-02,,63.6759147644043
2003-06-03,,63.937557220458984
2003-06-04,,64.85981750488281
2003-06-05,,65.18033599853516
2003-06-06,,64.92522430419922
2003-06-09,,64.26461029052734
2003-06-10,,64.91867065429688
2003-06-11,,65.60546112060547
2003-06-12,,65.80825805664062
2003-06-13,,65.12146759033203
2003-06-16,,66.49502563476562
2003-06-17,,66.49502563476562
2003-06-18,,66.43618774414062
2003-06-19,,65.42232513427734
2003-06-20,,65.27792358398438
2003-06-23,,64.60832214355469
2003-06-24,,64.67400360107422
2003-06-25,,64.02407836914062
2003-06-26,,64.8578109741211
2003-06-27,,64.1094741821289
2003-06-30,,64.08975982666016
2003-07-01,,64.6805648803711
2003-07-02,,65.4945297241211
2003-07-03,,64.81841278076172
2003-07-07,,66.10504913330078
2003-07-08,,66.40045166015625
2003-07-09,,66.02627563476562
2003-07-10,,65.18603515625
2003-07-11,,65.8030776977539
2003-07-14,,66.124755859375
2003-07-15,,65.98033905029297
2003-07-16,,65.59298706054688
2003-07-17,,64.66083526611328
2003-07-18,,65.32390594482422
2003-07-21,,64.51644134521484
2003-07-22,,65.1006851196289
2003-07-23,,65.14665985107422
2003-07-24,,64.65431213378906
2003-07-25,,65.7965316772461
2003-07-28,,65.55362701416016
2003-07-29,,65.25164794921875
2003-07-30,,65.09410095214844
2003-07-31,,65.24507904052734
2003-08-01,,64.66744232177734
2003-08-04,,64.66744232177734
2003-08-05,,63.29545974731445
2003-08-06,,63.66303634643555
2003-08-07,,64.33263397216797
2003-08-08,,64.51644134521484
2003-08-11,,64.75931549072266
2003-08-12,,65.35014343261719
2003-08-13,,65.01536560058594
2003-08-14,,65.19258117675781
2003-08-15,,65.39606475830078
2003-08-18,,65.96066284179688
2003-08-19,,66.21009063720703
2003-08-20,,65.94095611572266
2003-08-21,,66.15101623535156
2003-08-22,,65.4945297241211
2003-08-25,,65.59959411621094
2003-08-26,,65.71774291992188
2003-08-27,,65.7374038696289
2003-08-28,,66.14444732666016
2003-08-29,,66.5908432006836
2003-09-02,,67.48363494873047
2003-09-03,,67.85121154785156
2003-09-04,,67.884033203125
2003-09-05,,67.50331115722656
2003-09-08,,68.06131744384766
2003-09-09,,67.61491394042969
2003-09-10,,66.9321517944336
2003-09-11,,67.129150390625
2003-09-12,,67.25387573242188
2003-09-15,,67.01752471923828
2003-09-16,,67.99564361572266
2003-09-17,,67.86437225341797
2003-09-18,,68.66522979736328
2003-09-19,,68.31597137451172
2003-09-22,,67.57791137695312
2003-09-23,,67.83493041992188
2003-09-24,,66.62901306152344
2003-09-25,,66.0820541381836
2003-09-26,,65.86460876464844
2003-09-29,,66.51042175292969
2003-09-30,,65.86460876464844
2003-10-01,,67.2682113647461
2003-10-02,,67.51203918457031
2003-10-03,,68.13145446777344
2003-10-06,,68.44116973876953
2003-10-07,,68.70478057861328
2003-10-08,,68.53341674804688
2003-10-09,,68.71795654296875
2003-10-10,,68.90907287597656
2003-10-13,,69.12651062011719
2003-10-14,,69.37030792236328
2003-10-15,,69.1858139038086
2003-10-16,,69.4626235961914
2003-10-17,,68.70478057861328
2003-10-20,,69.21875762939453
2003-10-21,,69.10014343261719
2003-10-22,,68.23028564453125
2003-10-23,,68.10508728027344
2003-10-24,,68.2566909790039
2003-10-27,,68.2895736694336
2003-10-28,,69.21875762939453
2003-10-29,,69.31104278564453
2003-10-30,,69.45600128173828
2003-10-31,,69.39009094238281
2003-11-03,,69.84478759765625
2003-11-04,,69.69322967529297
2003-11-05,,69.74595642089844
2003-11-06,,70.11498260498047
2003-11-07,,69.59439086914062
2003-11-10,,69.31104278564453
2003-11-11,,69.29126739501953
2003-11-12,,70.06884765625
2003-11-13,,70.08859252929688
2003-11-14,,69.49553680419922
2003-11-17,,69.14630126953125
2003-11-18,,68.42800903320312
2003-11-19,,69.00790405273438
2003-11-20,,68.38844299316406
2003-11-21,,68.67180633544922
2003-11-24,,69.58120727539062
2003-11-25,,69.84478759765625
2003-11-26,,70.0951919555664
2003-11-28,,70.14794158935547
2003-12-01,,70.90576171875
2003-12-02,,70.7278060913086
2003-12-03,,70.61581420898438
2003-12-04,,70.90576171875
2003-12-05,,70.41152954101562
2003-12-08,,70.88597869873047
2003-12-09,,70.33902740478516
2003-12-10,,70.33245086669922
2003-12-11,,71.12321472167969
2003-12-12,,71.26160430908203
2003-12-15,,70.90576171875
2003-12-16,,71.27478790283203
2003-12-17,,71.49882507324219
2003-12-18,,72.30277252197266
2003-12-19,,72.10151672363281
2003-12-22,,72.60468292236328
2003-12-23,,72.65103149414062
2003-12-24,,72.5782241821289
2003-12-26,,72.63114929199219
2003-12-29,,73.59783172607422
2003-12-30,,73.61107635498047
2003-12-31,,73.67725372314453
2004-01-02,,73.64414978027344
2004-01-05,,74.4453125
2004-01-06,,74.51815032958984
2004-01-07,,74.76972198486328
2004-01-08,,75.06765747070312
2004-01-09,,74.41220092773438
2004-01-12,,74.96175384521484
2004-01-13,,74.52477264404297
2004-01-14,,75.1470718383789
2004-01-15,,75.33250427246094
2004-01-16,,75.63043212890625
2004-01-20,,75.61058044433594
2004-01-21,,76.2064437866211
2004-01-22,,76.00782775878906
2004-01-23,,75.76284790039062
2004-01-26,,76.71624755859375
2004-01-27,,75.92838287353516
2004-01-28,,75.06104278564453
2004-01-29,,75.13387298583984
2004-01-30,,75.13387298583984
2004-02-02,,75.45825958251953
2004-02-03,,75.33250427246094
2004-02-04,,74.71676635742188
2004-02-05,,74.93523406982422
2004-02-06,,75.7761001586914
2004-02-09,,75.79596710205078
2004-02-10,,76.0409164428711
2004-02-11,,76.8486557006836
2004-02-12,,76.5705795288086
2004-02-13,,76.2263412475586
2004-02-17,,76.9148941040039
2004-02-18,,76.57721710205078
2004-02-19,,76.2925033569336
2004-02-20,,76.06077575683594
2004-02-23,,75.8687744140625
2004-02-24,,75.73636627197266
2004-02-25,,76.05416870117188
2004-02-26,,76.10050201416016
2004-02-27,,76.1534652709961
2004-03-01,,76.90825653076172
2004-03-02,,76.45806121826172
2004-03-03,,76.59708404541016
2004-03-04,,76.7956771850586
2004-03-05,,77.05392456054688
2004-03-08,,76.11376190185547
2004-03-09,,75.80921173095703
2004-03-10,,74.53795623779297
2004-03-11,,73.57135772705078
2004-03-12,,74.53795623779297
2004-03-15,,73.62431335449219
2004-03-16,,74.01493072509766
2004-03-17,,74.842529296875
2004-03-18,,74.8624267578125
2004-03-19,,73.78938293457031
2004-03-22,,72.85256958007812
2004-03-23,,72.7263412475586
2004-03-24,,72.78614044189453
2004-03-25,,73.74951934814453
2004-03-26,,73.76947784423828
2004-03-29,,74.8059310913086
2004-03-30,,75.05839538574219
2004-03-31,,75.14478302001953
2004-04-01,,75.59659576416016
2004-04-02,,76.16796875
2004-04-05,,76.58653259277344
2004-04-06,,76.34071350097656
2004-04-07,,76.16132354736328
2004-04-08,,75.98858642578125
2004-04-12,,76.28756713867188
2004-04-13,,75.21784973144531
2004-04-14,,75.33747863769531
2004-04-15,,75.0517578125
2004-04-16,,75.62979888916016
2004-04-19,,75.62979888916016
2004-04-20,,74.36079406738281
2004-04-21,,74.85906982421875
2004-04-22,,75.90888214111328
2004-04-23,,75.98194122314453
2004-04-26,,75.87562561035156
2004-04-27,,75.94207000732422
2004-04-28,,74.95873260498047
2004-04-29,,74.30098724365234
2004-04-30,,73.72291564941406
2004-05-03,,74.51358795166016
2004-05-04,,74.45377349853516
2004-05-05,,74.93216705322266
2004-05-06,,74.28766632080078
2004-05-07,,73.05852508544922
2004-05-10,,72.30776977539062
2004-05-11,,72.91901397705078
2004-05-12,,73.38406372070312
2004-05-13,,73.07844543457031
2004-05-14,,73.11166381835938
2004-05-17,,72.48714447021484
2004-05-18,,72.85256958007812
2004-05-19,,72.60012817382812
2004-05-20,,72.83264923095703
2004-05-21,,72.95887756347656
2004-05-24,,73.2645034790039
2004-05-25,,74.31428527832031
2004-05-26,,74.57340240478516
2004-05-27,,74.99198150634766
2004-05-28,,74.98530578613281
2004-06-01,,74.88565063476562
2004-06-02,,75.1646957397461
2004-06-03,,74.47368621826172
2004-06-04,,75.06507873535156
2004-06-07,,76.20785522460938
2004-06-08,,76.31414794921875
2004-06-09,,75.60320281982422
2004-06-10,,75.97528076171875
2004-06-14,,75.22456359863281
2004-06-15,,75.75605010986328
2004-06-16,,75.74272918701172
2004-06-17,,75.62979888916016
2004-06-18,,75.77249908447266
2004-06-21,,75.48580169677734
2004-06-22,,75.8658447265625
2004-06-23,,76.51937103271484
2004-06-24,,76.27928161621094
2004-06-25,,75.91255950927734
2004-06-28,,75.6524658203125
2004-06-29,,75.96590423583984
2004-06-30,,76.37266540527344
2004-07-01,,75.31238555908203
2004-07-02,,75.27239227294922
2004-07-06,,74.61222839355469
2004-07-07,,74.83226013183594
2004-07-08,,74.3121566772461
2004-07-09,,74.50553894042969
2004-07-12,,74.53885650634766
2004-07-13,,74.59220886230469
2004-07-14,,74.3655014038086
2004-07-15,,73.88538360595703
2004-07-16,,73.82532501220703
2004-07-19,,73.51193237304688
2004-07-20,,74.44551086425781
2004-07-21,,73.07183074951172
2004-07-22,,73.2718734741211
2004-07-23,,72.65837097167969
2004-07-26,,72.51836395263672
2004-07-27,,73.19852447509766
2004-07-28,,73.41858673095703
2004-07-29,,73.73197937011719
2004-07-30,,73.91204071044922
2004-08-02,,74.06539916992188
2004-08-03,,73.49195098876953
2004-08-04,,73.4852523803711
2004-08-05,,72.28495025634766
2004-08-06,,71.25139617919922
2004-08-09,,71.35137939453125
2004-08-10,,72.2716064453125
2004-08-11,,72.12491607666016
2004-08-12,,71.33806610107422
2004-08-13,,71.47811889648438
2004-08-16,,72.21829223632812
2004-08-17,,72.62506103515625
2004-08-18,,73.37191009521484
2004-08-19,,73.15850067138672
2004-08-20,,73.67196655273438
2004-08-23,,73.4852523803711
2004-08-24,,73.58528137207031
2004-08-25,,74.08541107177734
2004-08-26,,74.08541107177734
2004-08-27,,74.31878662109375
2004-08-30,,73.70533752441406
2004-08-31,,74.09208679199219
2004-09-01,,74.23212432861328
2004-09-02,,75.07231140136719
2004-09-03,,74.7656021118164
2004-09-07,,75.25904083251953
2004-09-08,,75.07231140136719
2004-09-09,,75.00565338134766
2004-09-10,,75.39241027832031
2004-09-13,,75.6391372680664
2004-09-14,,75.79251098632812
2004-09-15,,75.21903228759766
2004-09-16,,75.44575500488281
2004-09-17,,75.76651000976562
2004-09-20,,75.31118774414062
2004-09-21,,75.6393051147461
2004-09-22,,74.6950912475586
2004-09-23,,74.2933349609375
2004-09-24,,74.63485717773438
2004-09-27,,74.15943908691406
2004-09-28,,74.51432037353516
2004-09-29,,74.88928985595703
2004-09-30,,74.83577728271484
2004-10-01,,76.10132598876953
2004-10-04,,76.22850799560547
2004-10-05,,76.26873779296875
2004-10-06,,76.79103088378906
2004-10-07,,75.96736145019531
2004-10-08,,75.33795928955078
2004-10-11,,75.64596557617188
2004-10-12,,75.35135650634766
2004-10-13,,74.68846893310547
2004-10-14,,74.08580017089844
2004-10-15,,74.50093078613281
2004-10-18,,74.78216552734375
2004-10-19,,74.15274047851562
2004-10-20,,74.00542449951172
2004-10-21,,74.48758697509766
2004-10-22,,73.65050506591797
2004-10-25,,73.56349182128906
2004-10-26,,74.68846893310547
2004-10-27,,75.58570098876953
2004-10-28,,75.8133773803711
2004-10-29,,75.79998779296875
2004-11-01,,76.00757598876953
2004-11-02,,76.03436279296875
2004-11-03,,76.99191284179688
2004-11-04,,78.04316711425781
2004-11-05,,78.53201293945312
2004-11-08,,78.41816711425781
2004-11-09,,78.26415252685547
2004-11-10,,78.32442474365234
2004-11-11,,78.92037963867188
2004-11-12,,79.54312133789062
2004-11-15,,79.73855590820312
2004-11-16,,79.16767120361328
2004-11-17,,79.6378173828125
2004-11-18,,79.74527740478516
2004-11-19,,78.8587646484375
2004-11-22,,79.23484802246094
2004-11-23,,79.35575103759766
2004-11-24,,79.54377746582031
2004-11-26,,79.48336029052734
2004-11-29,,79.12065887451172
2004-11-30,,79.17443084716797
2004-12-01,,80.07434844970703
2004-12-02,,80.1415023803711
2004-12-03,,80.08775329589844
2004-12-06,,80.0609359741211
2004-12-07,,79.3154296875
2004-12-08,,79.77883911132812
2004-12-09,,80.0609359741211
2004-12-10,,80.1415023803711
2004-12-13,,80.83995056152344
2004-12-14,,81.12201690673828
2004-12-15,,81.1824951171875
2004-12-16,,81.135498046875
2004-12-17,,80.59431457519531
2004-12-20,,80.61453247070312
2004-12-21,,81.23532104492188
2004-12-22,,81.43098449707031
2004-12-23,,81.49172973632812
2004-12-27,,81.32304382324219
2004-12-28,,81.76838684082031
2004-12-29,,81.88985443115234
2004-12-30,,81.7346420288086
2004-12-31,,81.55923461914062
2005-01-03,,81.17459869384766
2005-01-04,,80.18268585205078
2005-01-05,,79.62938690185547
2005-01-06,,80.03423309326172
2005-01-07,,79.9195327758789
2005-01-10,,80.29742431640625
2005-01-11,,79.74409484863281
2005-01-12,,80.00725555419922
2005-01-13,,79.36621856689453
2005-01-14,,79.78459167480469
2005-01-18,,80.61453247070312
2005-01-19,,79.77108764648438
2005-01-20,,79.2852554321289
2005-01-21,,78.79943084716797
2005-01-24,,78.64421844482422
2005-01-25,,78.86688995361328
2005-01-26,,79.10307312011719
2005-01-27,,79.23802185058594
2005-01-28,,79.23802185058594
2005-01-31,,79.7306137084961
2005-02-01,,80.23665618896484
2005-02-02,,80.47956848144531
2005-02-03,,80.2703857421875
2005-02-04,,81.12737274169922
2005-02-07,,81.01942443847656
2005-02-08,,81.1138916015625
2005-02-09,,80.50657653808594
2005-02-10,,80.79674530029297
2005-02-11,,81.49172973632812
2005-02-14,,81.43098449707031
2005-02-15,,81.7346420288086
2005-02-16,,81.7886734008789
2005-02-17,,81.12737274169922
2005-02-18,,81.23532104492188
2005-02-22,,80.02747344970703
2005-02-23,,80.60105895996094
2005-02-24,,81.13412475585938
2005-02-25,,81.93708801269531
2005-02-28,,81.39727020263672
2005-03-01,,81.8021240234375
2005-03-02,,81.76162719726562
2005-03-03,,81.79537963867188
2005-03-04,,82.8143081665039
2005-03-07,,82.85476684570312
2005-03-08,,82.54439544677734
2005-03-09,,81.62666320800781
2005-03-10,,81.80889129638672
2005-03-11,,81.23532104492188
2005-03-14,,81.74137878417969
2005-03-15,,81.06663513183594
2005-03-16,,80.37838745117188
2005-03-17,,80.54032135009766
2005-03-18,,80.30115509033203
2005-03-21,,80.00311279296875
2005-03-22,,79.1902084350586
2005-03-23,,79.25797271728516
2005-03-24,,79.352783203125
2005-03-28,,79.46798706054688
2005-03-29,,78.9395980834961
2005-03-30,,80.05733489990234
2005-03-31,,79.90827941894531
2005-04-01,,79.54925537109375
2005-04-04,,79.68474578857422
2005-04-05,,80.0641098022461
2005-04-06,,80.341796875
2005-04-07,,80.775390625
2005-04-08,,79.93537139892578
2005-04-11,,79.996337890625
2005-04-12,,80.40959930419922
2005-04-13,,79.46119689941406
2005-04-14,,78.42472076416016
2005-04-15,,77.32731628417969
2005-04-18,,77.56441497802734
2005-04-19,,78.18087005615234
2005-04-20,,77.09021759033203
2005-04-21,,78.58731842041016
2005-04-22,,78.28923797607422
2005-04-25,,78.80412292480469
2005-04-26,,78.0385971069336
2005-04-27,,78.34345245361328
2005-04-28,,77.36119079589844
2005-04-29,,78.41117095947266
2005-05-02,,78.8515396118164
2005-05-03,,78.9869613647461
2005-05-04,,79.5967025756836
2005-05-05,,79.56957244873047
2005-05-06,,79.3189468383789
2005-05-09,,79.81346893310547
2005-05-10,,78.9869613647461
2005-05-11,,79.4205551147461
2005-05-12,,78.54664611816406
2005-05-13,,78.39086151123047
2005-05-16,,79.12249755859375
2005-05-17,,79.65087890625
2005-05-18,,80.47052764892578
2005-05-19,,80.80926513671875
2005-05-20,,80.69408416748047
2005-05-23,,81.14118957519531
2005-05-24,,80.95152282714844
2005-05-25,,80.89057159423828
2005-05-26,,81.32411193847656
2005-05-27,,81.4595947265625
2005-05-31,,80.93798065185547
2005-06-01,,81.62894439697266
2005-06-02,,81.8050308227539
2005-06-03,,81.39187622070312
2005-06-06,,81.31732177734375
2005-06-07,,81.37828063964844
2005-06-08,,81.22925567626953
2005-06-09,,81.6153793334961
2005-06-10,,81.42571258544922
2005-06-13,,81.68312072753906
2005-06-14,,81.87279510498047
2005-06-15,,82.02860260009766
2005-06-16,,82.23859405517578
2005-06-17,,82.54332733154297
2005-06-20,,82.57051849365234
2005-06-21,,82.61811065673828
2005-06-22,,82.68611907958984
2005-06-23,,81.52305603027344
2005-06-24,,80.9245376586914
2005-06-27,,81.04019927978516
2005-06-28,,81.72036743164062
2005-06-29,,81.50270080566406
2005-06-30,,81.06061553955078
2005-07-01,,81.29863739013672
2005-07-05,,81.95161437988281
2005-07-06,,81.26463317871094
2005-07-07,,81.58432006835938
2005-07-08,,82.5161361694336
2005-07-11,,82.93783569335938
2005-07-12,,83.15546417236328
2005-07-13,,83.27110290527344
2005-07-14,,83.59757232666016
2005-07-15,,83.5499496459961
2005-07-18,,83.21665954589844
2005-07-19,,83.67232513427734
2005-07-20,,83.95803833007812
2005-07-21,,83.46829986572266
2005-07-22,,84.02606964111328
2005-07-25,,83.78799438476562
2005-07-26,,83.89002990722656
2005-07-27,,84.19609069824219
2005-07-28,,84.72659301757812
2005-07-29,,84.16211700439453
2005-08-01,,84.10083770751953
2005-08-02,,84.60419464111328
2005-08-03,,84.82862854003906
2005-08-04,,84.14849853515625
2005-08-05,,83.5771255493164
2005-08-08,,83.42070770263672
2005-08-09,,83.92408752441406
2005-08-10,,83.88322448730469
2005-08-11,,84.21649169921875
2005-08-12,,83.69956970214844
2005-08-15,,84.21649169921875
2005-08-16,,83.1214599609375
2005-08-17,,83.11465454101562
2005-08-18,,83.10781860351562
2005-08-19,,83.29829406738281
2005-08-22,,83.29829406738281
2005-08-23,,83.1418685913086
2005-08-24,,82.40048217773438
2005-08-25,,82.69974517822266
2005-08-26,,82.13520812988281
2005-08-29,,82.76778411865234
2005-08-30,,82.33246612548828
2005-08-31,,83.37310028076172
2005-09-01,,83.3118896484375
2005-09-02,,83.16223907470703
2005-09-06,,84.13488006591797
2005-09-07,,84.27771759033203
2005-09-08,,83.99885559082031
2005-09-09,,84.74703216552734
2005-09-12,,84.57698059082031
2005-09-13,,84.10765838623047
2005-09-14,,83.80157470703125
2005-09-15,,83.76078796386719
2005-09-16,,84.35641479492188
2005-09-19,,84.07634735107422
2005-09-20,,83.36602020263672
2005-09-21,,82.5872802734375
2005-09-22,,82.88105010986328
2005-09-23,,82.9493408203125
2005-09-26,,83.04495239257812
2005-09-27,,83.02444458007812
2005-09-28,,83.10643005371094
2005-09-29,,83.7826156616211
2005-09-30,,84.04224395751953
2005-10-03,,83.74163055419922
2005-10-04,,82.79906463623047
2005-10-05,,81.71302032470703
2005-10-06,,81.41928100585938
2005-10-07,,81.69935607910156
2005-10-10,,81.0094985961914
2005-10-11,,80.89336395263672
2005-10-12,,80.25811004638672
2005-10-13,,80.21029663085938
2005-10-14,,81.05729675292969
2005-10-17,,81.35780334472656
2005-10-18,,80.4766845703125
2005-10-19,,81.81546783447266
2005-10-20,,80.37425231933594
2005-10-21,,80.6884536743164
2005-10-24,,81.93842315673828
2005-10-25,,81.77446746826172
2005-10-26,,81.53543853759766
2005-10-27,,80.6679458618164
2005-10-28,,81.8291244506836
2005-10-31,,82.05448913574219
2005-11-01,,82.30048370361328
2005-11-02,,83.1610336303711
2005-11-03,,83.51625061035156
2005-11-04,,83.40696716308594
2005-11-07,,83.4889144897461
2005-11-08,,83.4889144897461
2005-11-09,,83.59822845458984
2005-11-10,,84.24712371826172
2005-11-11,,84.53396606445312
2005-11-14,,84.4862060546875
2005-11-15,,84.1788101196289
2005-11-16,,84.34954833984375
2005-11-17,,85.13507080078125
2005-11-18,,85.46976470947266
2005-11-21,,85.90010833740234
2005-11-22,,86.26895141601562
2005-11-23,,86.76757049560547
2005-11-25,,86.83586120605469
2005-11-28,,86.22112274169922
2005-11-29,,86.12548065185547
2005-11-30,,85.66107177734375
2005-12-01,,86.53533935546875
2005-12-02,,86.64461517333984
2005-12-05,,86.46022033691406
2005-12-06,,86.6241226196289
2005-12-07,,86.11865997314453
2005-12-08,,86.06401824951172
2005-12-09,,86.2894287109375
2005-12-12,,86.37136840820312
2005-12-13,,86.95880126953125
2005-12-14,,87.30034637451172
2005-12-15,,87.047607421875
2005-12-16,,86.76746368408203
2005-12-19,,86.3211441040039
2005-12-20,,86.40350341796875
2005-12-21,,86.54085540771484
2005-12-22,,86.99407958984375
2005-12-23,,87.0421371459961
2005-12-27,,86.15634155273438
2005-12-28,,86.34860229492188
2005-12-29,,85.96408081054688
2005-12-30,,85.49711608886719
2006-01-03,,87.00093078613281
2006-01-04,,87.41294860839844
2006-01-05,,87.46781921386719
2006-01-06,,88.19571685791016
2006-01-09,,88.42236328125
2006-01-10,,88.51160430908203
2006-01-11,,88.79312133789062
2006-01-12,,88.44293975830078
2006-01-13,,88.36052703857422
2006-01-17,,88.12020111083984
2006-01-18,,87.76998901367188
2006-01-19,,88.10647583007812
2006-01-20,,86.49964904785156
2006-01-23,,86.80864715576172
2006-01-24,,86.89791870117188
2006-01-25,,86.97345733642578
2006-01-26,,87.45411682128906
2006-01-27,,88.2644271850586
2006-01-30,,88.19571685791016
2006-01-31,,87.55025482177734
2006-02-01,,88.16139221191406
2006-02-02,,87.13824462890625
2006-02-03,,86.70564270019531
2006-02-06,,86.93225860595703
2006-02-07,,86.16319274902344
2006-02-08,,86.94597625732422
2006-02-09,,86.80182647705078
2006-02-10,,86.95970916748047
2006-02-13,,86.80182647705078
2006-02-14,,87.7219467163086
2006-02-15,,88.03092956542969
2006-02-16,,88.69012451171875
2006-02-17,,88.44979095458984
2006-02-21,,88.23006439208984
2006-02-22,,88.76567840576172
2006-02-23,,88.63520812988281
2006-02-24,,88.86178588867188
2006-02-27,,88.89612579345703
2006-02-28,,88.05149841308594
2006-03-01,,88.83433532714844
2006-03-02,,88.82747650146484
2006-03-03,,88.41544342041016
2006-03-06,,88.01031494140625
2006-03-07,,87.87298583984375
2006-03-08,,88.05838012695312
2006-03-09,,87.46781921386719
2006-03-10,,88.29873657226562
2006-03-13,,88.46351623535156
2006-03-14,,89.3905029296875
2006-03-15,,89.78878021240234
2006-03-16,,89.97418975830078
2006-03-17,,90.04932403564453
2006-03-20,,89.9045639038086
2006-03-21,,89.3392562866211
2006-03-22,,89.88387298583984
2006-03-23,,89.69775390625
2006-03-24,,89.76670837402344
2006-03-27,,89.63569641113281
2006-03-28,,89.08419036865234
2006-03-29,,89.6426010131836
2006-03-30,,89.48403930664062
2006-03-31,,89.50472259521484
2006-04-03,,89.43578338623047
2006-04-04,,90.00797271728516
2006-04-05,,90.31819915771484
2006-04-06,,90.22167205810547
2006-04-07,,89.30479431152344
2006-04-10,,89.44266510009766
2006-04-11,,88.68433380126953
2006-04-12,,88.84977722167969
2006-04-13,,88.73259735107422
2006-04-17,,88.69812774658203
2006-04-18,,90.1044692993164
2006-04-19,,90.27682495117188
2006-04-20,,90.40091705322266
2006-04-21,,90.4146957397461
2006-04-24,,90.24928283691406
2006-04-25,,89.87700653076172
2006-04-26,,89.89766693115234
2006-04-27,,90.33199310302734
2006-04-28,,90.63533782958984
2006-05-01,,89.89766693115234
2006-05-02,,90.57330322265625
2006-05-03,,90.2354965209961
2006-05-04,,90.55948638916016
2006-05-05,,91.35919952392578
2006-05-08,,91.24888610839844
2006-05-09,,91.42816162109375
2006-05-10,,91.37986755371094
2006-05-11,,90.27682495117188
2006-05-12,,89.09797668457031
2006-05-15,,89.2772216796875
2006-05-16,,89.14620971679688
2006-05-17,,87.45033264160156
2006-05-18,,87.00910949707031
2006-05-19,,87.6226577758789
2006-05-22,,86.9539566040039
2006-05-23,,86.2920913696289
2006-05-24,,86.98151397705078
2006-05-25,,88.05701446533203
2006-05-26,,88.50508117675781
2006-05-30,,86.93325805664062
2006-05-31,,87.90530395507812
2006-06-01,,88.74635314941406
2006-06-02,,88.93254852294922
2006-06-05,,87.6364517211914
2006-06-06,,87.42271423339844
2006-06-07,,86.76777648925781
2006-06-08,,86.69198608398438
2006-06-09,,86.41619873046875
2006-06-12,,85.47865295410156
2006-06-13,,84.48588562011719
2006-06-14,,85.14082336425781
2006-06-15,,86.94703674316406
2006-06-16,,86.31343078613281
2006-06-19,,85.63487243652344
2006-06-20,,85.9256591796875
2006-06-21,,86.5627670288086
2006-06-22,,86.18186950683594
2006-06-23,,86.16802978515625
2006-06-26,,86.54888153076172
2006-06-27,,85.80105590820312
2006-06-28,,86.38273620605469
2006-06-29,,88.1276626586914
2006-06-30,,88.13458251953125
2006-07-03,,88.49466705322266
2006-07-05,,87.98917388916016
2006-07-06,,88.24540710449219
2006-07-07,,87.6706771850586
2006-07-10,,87.83686065673828
2006-07-11,,88.22462463378906
2006-07-12,,87.28287506103516
2006-07-13,,85.86337280273438
2006-07-14,,85.53099060058594
2006-07-17,,85.40635681152344
2006-07-18,,85.84259033203125
2006-07-19,,87.03360748291016
2006-07-20,,86.4380874633789
2006-07-21,,85.82872772216797
2006-07-24,,87.39369201660156
2006-07-25,,87.70526885986328
2006-07-26,,87.82296752929688
2006-07-27,,87.7398910522461
2006-07-28,,88.61929321289062
2006-07-31,,88.52928161621094
2006-08-01,,88.09303283691406
2006-08-02,,88.68851470947266
2006-08-03,,88.92398071289062
2006-08-04,,88.77164459228516
2006-08-07,,88.56391143798828
2006-08-08,,88.22462463378906
2006-08-09,,87.9268569946289
2006-08-10,,88.19691467285156
2006-08-11,,87.94760131835938
2006-08-14,,88.01689147949219
2006-08-15,,89.06940460205078
2006-08-16,,89.81029510498047
2006-08-17,,90.038818359375
2006-08-18,,90.4958267211914
2006-08-21,,90.10807800292969
2006-08-22,,90.10114288330078
2006-08-23,,89.85186004638672
2006-08-24,,89.77568054199219
2006-08-25,,89.886474609375
2006-08-28,,90.31578063964844
2006-08-29,,90.41969299316406
2006-08-30,,90.47505187988281
2006-08-31,,90.46119689941406
2006-09-01,,91.00128173828125
2006-09-05,,91.17440795898438
2006-09-06,,90.37118530273438
2006-09-07,,89.95571899414062
2006-09-08,,90.2119140625
2006-09-11,,90.30194091796875
2006-09-12,,91.18830871582031
2006-09-13,,91.55525207519531
2006-09-14,,91.56219482421875
2006-09-15,,91.77708435058594
2006-09-18,,91.90228271484375
2006-09-19,,91.67280578613281
2006-09-20,,92.15963745117188
2006-09-21,,91.71446990966797
2006-09-22,,91.43632507324219
2006-09-25,,92.13876342773438
2006-09-26,,92.90380096435547
2006-09-27,,93.01509094238281
2006-09-28,,92.98027038574219
2006-09-29,,92.90380096435547
2006-10-02,,92.55606842041016
2006-10-03,,92.75080108642578
2006-10-04,,93.83576202392578
2006-10-05,,94.01656341552734
2006-10-06,,93.89834594726562
2006-10-09,,93.9539794921875
2006-10-10,,94.07917022705078
2006-10-11,,93.96792602539062
2006-10-12,,94.7816390991211
2006-10-13,,95.02507781982422
2006-10-16,,95.17108917236328
2006-10-17,,94.87202453613281
2006-10-18,,94.99722290039062
2006-10-19,,95.15025329589844
2006-10-20,,95.17108917236328
2006-10-23,,95.60926055908203
2006-10-24,,95.89439392089844
2006-10-25,,96.22132873535156
2006-10-26,,96.5203857421875
2006-10-27,,95.91529083251953
2006-10-30,,95.84578704833984
2006-10-31,,95.831787109375
2006-11-01,,95.18499755859375
2006-11-02,,95.12934875488281
2006-11-03,,94.96247863769531
2006-11-06,,96.03350830078125
2006-11-07,,96.40210723876953
2006-11-08,,96.61079406738281
2006-11-09,,96.10307312011719
2006-11-10,,96.1447982788086
2006-11-13,,96.38126373291016
2006-11-14,,97.10456848144531
2006-11-15,,97.38278198242188
2006-11-16,,97.63313293457031
2006-11-17,,97.66096496582031
2006-11-20,,97.7165756225586
2006-11-21,,97.81401062011719
2006-11-22,,98.00872039794922
2006-11-24,,97.6122817993164
2006-11-27,,96.26996612548828
2006-11-28,,96.687255859375
2006-11-29,,97.69572448730469
2006-11-30,,97.73745727539062
2006-12-01,,97.5218734741211
2006-12-04,,98.26605987548828
2006-12-05,,98.69026947021484
2006-12-06,,98.60681915283203
2006-12-07,,98.17565155029297
2006-12-08,,98.3564682006836
2006-12-11,,98.64160919189453
2006-12-12,,98.56510162353516
2006-12-13,,98.66939544677734
2006-12-14,,99.53880310058594
2006-12-15,,99.54788208007812
2006-12-18,,99.275146484375
2006-12-19,,99.4639663696289
2006-12-20,,99.40800476074219
2006-12-21,,99.04432678222656
2006-12-22,,98.43592834472656
2006-12-26,,99.0163803100586
2006-12-27,,99.66677856445312
2006-12-28,,99.45695495605469
2006-12-29,,99.04432678222656
2007-01-03,,98.86949920654297
2007-01-04,,99.07930755615234
2007-01-05,,98.28904724121094
2007-01-08,,98.7436294555664
2007-01-09,,98.65967559814453
2007-01-10,,98.98835754394531
2007-01-11,,99.4220199584961
2007-01-12,,100.17731475830078
2007-01-16,,99.98149108886719
2007-01-17,,100.02347564697266
2007-01-18,,99.68775939941406
2007-01-19,,99.88359832763672
2007-01-22,,99.57588195800781
2007-01-23,,99.86961364746094
2007-01-24,,100.67386627197266
2007-01-25,,99.49190521240234
2007-01-26,,99.40100860595703
2007-01-29,,99.34504699707031
2007-01-30,,99.86257934570312
2007-01-31,,100.53395080566406
2007-02-01,,101.13548278808594
2007-02-02,,101.27532196044922
2007-02-05,,101.3033218383789
2007-02-06,,101.33124542236328
2007-02-07,,101.5550537109375
2007-02-08,,101.42217254638672
2007-02-09,,100.6668930053711
2007-02-12,,100.32417297363281
2007-02-13,,101.17041778564453
2007-02-14,,101.83478546142578
2007-02-15,,101.96770477294922
2007-02-16,,101.91873168945312
2007-02-20,,102.13550567626953
2007-02-21,,102.09359741210938
2007-02-22,,102.01665496826172
2007-02-23,,101.61801147460938
2007-02-26,,101.5270767211914
2007-02-27,,97.56166076660156
2007-02-28,,98.5617446899414
2007-03-01,,98.2680435180664
2007-03-02,,96.98118591308594
2007-03-05,,96.05804443359375
2007-03-06,,97.70159912109375
2007-03-07,,97.60364532470703
2007-03-08,,98.42891693115234
2007-03-09,,98.45686340332031
2007-03-12,,98.60372924804688
2007-03-13,,96.68749237060547
2007-03-14,,97.40782928466797
2007-03-15,,97.5406723022461
2007-03-16,,97.26759338378906
2007-03-19,,98.44012451171875
2007-03-20,,98.98079681396484
2007-03-21,,100.60977172851562
2007-03-22,,100.53250122070312
2007-03-23,,100.67998504638672
2007-03-26,,100.54656219482422
2007-03-27,,100.30780792236328
2007-03-28,,99.57765197753906
2007-03-29,,99.68294525146484
2007-03-30,,99.70401000976562
2007-04-02,,99.81633758544922
2007-04-03,,100.89060974121094
2007-04-04,,101.00297546386719
2007-04-05,,101.27677917480469
2007-04-09,,101.41722869873047
2007-04-10,,101.5365982055664
2007-04-11,,101.12232208251953
2007-04-12,,101.5716552734375
2007-04-13,,102.03507995605469
2007-04-16,,103.00407409667969
2007-04-17,,103.27788543701172
2007-04-18,,103.40426635742188
2007-04-19,,103.37615966796875
2007-04-20,,104.35213470458984
2007-04-23,,103.95899200439453
2007-04-24,,104.00108337402344
2007-04-25,,104.95596313476562
2007-04-26,,105.07540130615234
2007-04-27,,104.99108123779297
2007-04-30,,104.12043762207031
2007-05-01,,104.38728332519531
2007-05-02,,104.99813079833984
2007-05-03,,105.56687927246094
2007-05-04,,105.96707916259766
2007-05-07,,105.9881820678711
2007-05-08,,105.8477554321289
2007-05-09,,106.13558197021484
2007-05-10,,105.02623748779297
2007-05-11,,105.92494201660156
2007-05-14,,105.6932601928711
2007-05-15,,105.7213363647461
2007-05-16,,106.44451141357422
2007-05-17,,106.23389434814453
2007-05-18,,107.16069030761719
2007-05-21,,107.10455322265625
2007-05-22,,107.02037048339844
2007-05-23,,107.0343246459961
2007-05-24,,106.06535339355469
2007-05-25,,106.50774383544922
2007-05-29,,106.89392852783203
2007-05-30,,107.76455688476562
2007-05-31,,107.6522445678711
2007-06-01,,108.18587493896484
2007-06-04,,108.19989013671875
2007-06-05,,107.77157592773438
2007-06-06,,106.61302185058594
2007-06-07,,104.68919372558594
2007-06-08,,106.05133056640625
2007-06-11,,106.23389434814453
2007-06-12,,105.07540130615234
2007-06-13,,106.64811706542969
2007-06-14,,107.32925415039062
2007-06-15,,107.9399185180664
2007-06-18,,107.8130111694336
2007-06-19,,108.08099365234375
2007-06-20,,106.57894134521484
2007-06-21,,107.1712646484375
2007-06-22,,106.16291809082031
2007-06-25,,105.65516662597656
2007-06-26,,104.56925964355469
2007-06-27,,106.05711364746094
2007-06-28,,106.04301452636719
2007-06-29,,106.07828521728516
2007-07-02,,107.03730773925781
2007-07-03,,107.42517852783203
2007-07-05,,107.31232452392578
2007-07-06,,107.87645721435547
2007-07-09,,107.96109008789062
2007-07-10,,106.42375946044922
2007-07-11,,107.1783218383789
2007-07-12,,108.8707046508789
2007-07-13,,109.19508361816406
2007-07-16,,109.18098449707031
2007-07-17,,109.12457275390625
2007-07-18,,108.92713165283203
2007-07-19,,109.3502426147461
2007-07-20,,108.24311065673828
2007-07-23,,108.57455444335938
2007-07-24,,106.6917953491211
2007-07-25,,106.9103775024414
2007-07-26,,104.37881469726562
2007-07-27,,102.3267822265625
2007-07-30,,103.92745208740234
2007-07-31,,102.7569351196289
2007-08-01,,103.25759887695312
2007-08-02,,104.0826644897461
2007-08-03,,101.40299224853516
2007-08-06,,103.10247802734375
2007-08-07,,104.20252990722656
2007-08-08,,105.65516662597656
2007-08-09,,102.52423858642578
2007-08-10,,102.04474639892578
2007-08-13,,102.41140747070312
2007-08-14,,100.84593963623047
2007-08-15,,99.45674133300781
2007-08-16,,100.20423889160156
2007-08-17,,102.04474639892578
2007-08-20,,101.99535369873047
2007-08-21,,102.19986724853516
2007-08-22,,103.4127426147461
2007-08-23,,103.32108306884766
2007-08-24,,104.59740447998047
2007-08-27,,103.62435150146484
2007-08-28,,101.34659576416016
2007-08-29,,103.33515167236328
2007-08-30,,103.06015014648438
2007-08-31,,104.07559204101562
2007-09-04,,105.1263198852539
2007-09-05,,104.21663665771484
2007-09-06,,104.4564437866211
2007-09-07,,103.0037841796875
2007-09-10,,102.80632019042969
2007-09-11,,104.00514221191406
2007-09-12,,104.27303314208984
2007-09-13,,105.00640106201172
2007-09-14,,104.99935913085938
2007-09-17,,104.4352798461914
2007-09-18,,107.5097885131836
2007-09-19,,108.14447784423828
2007-09-20,,107.38282775878906
2007-09-21,,107.67265319824219
2007-09-24,,107.47423553466797
2007-09-25,,107.2617416381836
2007-09-26,,107.8284912109375
2007-09-27,,108.46614074707031
2007-09-28,,108.10482025146484
2007-10-01,,109.32344818115234
2007-10-02,,109.1746597290039
2007-10-03,,108.9550552368164
2007-10-04,,109.12513732910156
2007-10-05,,110.42164611816406
2007-10-08,,109.83358001708984
2007-10-09,,110.8680191040039
2007-10-10,,110.68378448486328
2007-10-11,,110.15242767333984
2007-10-12,,110.76171112060547
2007-10-15,,109.82647705078125
2007-10-16,,108.9550552368164
2007-10-17,,109.28804016113281
2007-10-18,,108.89125061035156
2007-10-19,,106.04303741455078
2007-10-22,,106.65943908691406
2007-10-23,,107.52384185791016
2007-10-24,,107.32547760009766
2007-10-25,,107.58050537109375
2007-10-26,,108.84162902832031
2007-10-29,,109.20299530029297
2007-10-30,,108.4449234008789
2007-10-31,,109.57142639160156
2007-11-01,,107.00664520263672
2007-11-02,,107.12708282470703
2007-11-05,,106.31229400634766
2007-11-06,,107.74343872070312
2007-11-07,,104.79602813720703
2007-11-08,,104.26468658447266
2007-11-09,,102.83349609375
2007-11-12,,101.8132095336914
2007-11-13,,104.9164810180664
2007-11-14,,104.62602996826172
2007-11-15,,103.11686706542969
2007-11-16,,103.29403686523438
2007-11-19,,101.85575866699219
2007-11-20,,102.47920989990234
2007-11-21,,100.38201141357422
2007-11-23,,102.11790466308594
2007-11-26,,99.86483001708984
2007-11-27,,101.01261138916016
2007-11-28,,104.24342346191406
2007-11-29,,104.27886962890625
2007-11-30,,105.32746124267578
2007-12-03,,104.63314056396484
2007-12-04,,103.6978530883789
2007-12-05,,105.43374633789062
2007-12-06,,106.9428482055664
2007-12-07,,106.9216079711914
2007-12-10,,107.75051879882812
2007-12-11,,104.79602813720703
2007-12-12,,105.8304672241211
2007-12-13,,105.61083221435547
2007-12-14,,104.27177429199219
2007-12-17,,102.7839126586914
2007-12-18,,103.3578109741211
2007-12-19,,103.3578109741211
2007-12-20,,104.0096435546875
2007-12-21,,105.50900268554688
2007-12-24,,106.29241943359375
2007-12-26,,106.52040100097656
2007-12-27,,105.18130493164062
2007-12-28,,104.9178237915039
2007-12-31,,104.14138793945312
2008-01-02,,103.22969055175781
2008-01-03,,103.17981719970703
2008-01-04,,100.6512451171875
2008-01-07,,100.56578826904297
2008-01-08,,98.94182586669922
2008-01-09,,99.98170471191406
2008-01-10,,100.63699340820312
2008-01-11,,99.82502746582031
2008-01-14,,100.62989044189453
2008-01-15,,98.4146957397461
2008-01-16,,97.56710815429688
2008-01-17,,95.03854370117188
2008-01-18,,94.06272888183594
2008-01-22,,93.10832214355469
2008-01-23,,95.34478759765625
2008-01-24,,96.14968872070312
2008-01-25,,94.76078033447266
2008-01-28,,96.32776641845703
2008-01-29,,96.80500030517578
2008-01-30,,96.09268951416016
2008-01-31,,97.84490203857422
2008-02-01,,99.41899871826172
2008-02-04,,98.16542053222656
2008-02-05,,95.537109375
2008-02-06,,94.76789093017578
2008-02-07,,95.3946533203125
2008-02-08,,94.78213500976562
2008-02-11,,95.26648712158203
2008-02-12,,96.14968872070312
2008-02-13,,97.13261413574219
2008-02-14,,96.27787780761719
2008-02-15,,96.25653076171875
2008-02-19,,96.5271987915039
2008-02-20,,96.8120346069336
2008-02-21,,96.00718688964844
2008-02-22,,96.59841918945312
2008-02-25,,97.81642150878906
2008-02-26,,98.55005645751953
2008-02-27,,98.45034790039062
2008-02-28,,97.48876190185547
2008-02-29,,95.31632232666016
2008-03-03,,95.08842468261719
2008-03-04,,94.7251205444336
2008-03-05,,95.3234634399414
2008-03-06,,93.35042572021484
2008-03-07,,92.38890838623047
2008-03-10,,91.17089080810547
2008-03-11,,94.4473648071289
2008-03-12,,93.56415557861328
2008-03-13,,93.77069091796875
2008-03-14,,92.3176498413086
2008-03-17,,91.38456726074219
2008-03-18,,95.1810073852539
2008-03-19,,92.82333374023438
2008-03-20,,94.54273986816406
2008-03-24,,96.43244171142578
2008-03-25,,96.52547454833984
2008-03-26,,95.34442138671875
2008-03-27,,95.04376220703125
2008-03-28,,94.13471221923828
2008-03-31,,94.4639892578125
2008-04-01,,97.78526306152344
2008-04-02,,97.8497085571289
2008-04-03,,98.0930404663086
2008-04-04,,97.98568725585938
2008-04-07,,98.03580474853516
2008-04-08,,97.93563842773438
2008-04-09,,97.22698211669922
2008-04-10,,97.36299896240234
2008-04-11,,95.47323608398438
2008-04-14,,95.1511459350586
2008-04-15,,95.3730697631836
2008-04-16,,97.95709991455078
2008-04-17,,98.10021209716797
2008-04-18,,99.1238021850586
2008-04-21,,99.17394256591797
2008-04-22,,98.73728942871094
2008-04-23,,98.57984161376953
2008-04-24,,99.00932312011719
2008-04-25,,99.92552185058594
2008-04-28,,99.947021484375
2008-04-29,,99.55329132080078
2008-04-30,,98.9663314819336
2008-05-01,,101.01360321044922
2008-05-02,,101.29265594482422
2008-05-05,,100.80595397949219
2008-05-06,,101.6792221069336
2008-05-07,,99.8682861328125
2008-05-08,,99.61058807373047
2008-05-09,,99.42446899414062
2008-05-12,,100.54109954833984
2008-05-13,,100.55543518066406
2008-05-14,,100.76299285888672
2008-05-15,,102.02278900146484
2008-05-16,,102.11589050292969
2008-05-19,,102.39507293701172
2008-05-20,,101.56472778320312
2008-05-21,,99.8467788696289
2008-05-22,,99.8611068725586
2008-05-23,,98.5225830078125
2008-05-27,,99.25265502929688
2008-05-28,,99.71076965332031
2008-05-29,,100.21186065673828
2008-05-30,,100.46237182617188
2008-06-02,,99.42446899414062
2008-06-03,,98.84467315673828
2008-06-04,,98.79458618164062
2008-06-05,,100.77014923095703
2008-06-06,,97.55621337890625
2008-06-09,,97.79244995117188
2008-06-10,,97.3056869506836
2008-06-11,,95.87410736083984
2008-06-12,,96.23917388916016
2008-06-13,,97.45600891113281
2008-06-16,,97.51329803466797
2008-06-17,,97.04084777832031
2008-06-18,,96.09600067138672
2008-06-19,,96.21773529052734
2008-06-20,,94.65589904785156
2008-06-23,,94.56237030029297
2008-06-24,,94.37538146972656
2008-06-25,,94.82136535644531
2008-06-26,,92.2459716796875
2008-06-27,,91.74243927001953
2008-06-30,,92.06615447998047
2008-07-01,,92.3539047241211
2008-07-02,,90.7712631225586
2008-07-03,,90.86477661132812
2008-07-07,,89.93678283691406
2008-07-08,,91.5337905883789
2008-07-09,,89.77135467529297
2008-07-10,,90.13819885253906
2008-07-11,,89.0879135131836
2008-07-14,,88.28219604492188
2008-07-15,,87.0377197265625
2008-07-16,,89.17425537109375
2008-07-17,,90.06629943847656
2008-07-18,,90.62739562988281
2008-07-21,,90.67774200439453
2008-07-22,,91.70648956298828
2008-07-23,,92.20281982421875
2008-07-24,,90.28927612304688
2008-07-25,,90.26770782470703
2008-07-28,,88.94406127929688
2008-07-29,,90.84320068359375
2008-07-30,,92.4618148803711
2008-07-31,,91.23884582519531
2008-08-01,,90.75687408447266
2008-08-04,,89.91519927978516
2008-08-05,,92.33950805664062
2008-08-06,,92.74956512451172
2008-08-07,,91.36833953857422
2008-08-08,,93.06608581542969
2008-08-11,,94.030029296875
2008-08-12,,93.05168914794922
2008-08-13,,92.4906234741211
2008-08-14,,93.18839263916016
2008-08-15,,93.64158630371094
2008-08-18,,92.36109924316406
2008-08-19,,91.35394287109375
2008-08-20,,91.7784194946289
2008-08-21,,91.93666076660156
2008-08-22,,93.26748657226562
2008-08-25,,91.37554931640625
2008-08-26,,91.64173889160156
2008-08-27,,92.53374481201172
2008-08-28,,93.65597534179688
2008-08-29,,92.64884185791016
2008-09-02,,92.07334899902344
2008-09-03,,91.99420928955078
2008-09-04,,89.22460174560547
2008-09-05,,89.50516510009766
2008-09-08,,91.35394287109375
2008-09-09,,88.64189910888672
2008-09-10,,89.0015640258789
2008-09-11,,90.28927612304688
2008-09-12,,90.70653533935547
2008-09-15,,86.3902587890625
2008-09-16,,87.83619689941406
2008-09-17,,83.88680267333984
2008-09-18,,86.37586212158203
2008-09-19,,89.80614471435547
2008-09-22,,87.77302551269531
2008-09-23,,85.77604675292969
2008-09-24,,86.05101013183594
2008-09-25,,87.39677429199219
2008-09-26,,87.44020080566406
2008-09-29,,80.58824920654297
2008-09-30,,83.92375183105469
2008-10-01,,83.97441101074219
2008-10-02,,80.92829132080078
2008-10-03,,79.83575439453125
2008-10-06,,75.76941680908203
2008-10-07,,72.3759994506836
2008-10-08,,70.55268096923828
2008-10-09,,65.62538146972656
2008-10-10,,64.03356170654297
2008-10-13,,73.33106231689453
2008-10-14,,72.24574279785156
2008-10-15,,65.13334655761719
2008-10-16,,67.84664154052734
2008-10-17,,67.44147491455078
2008-10-20,,71.49329376220703
2008-10-21,,69.35885620117188
2008-10-22,,65.58194732666016
2008-10-23,,66.34168243408203
2008-10-24,,62.97719955444336
2008-10-27,,60.741416931152344
2008-10-28,,67.83940887451172
2008-10-29,,67.34737396240234
2008-10-30,,69.67721557617188
2008-10-31,,70.06068420410156
2008-11-03,,70.26329803466797
2008-11-04,,72.6509780883789
2008-11-05,,69.59757995605469
2008-11-06,,65.74112701416016
2008-11-07,,67.9117431640625
2008-11-10,,67.02182006835938
2008-11-11,,64.95246887207031
2008-11-12,,62.09446716308594
2008-11-13,,65.96542358398438
2008-11-14,,62.6733283996582
2008-11-17,,61.84122848510742
2008-11-18,,63.00615692138672
2008-11-19,,58.96874237060547
2008-11-20,,54.59132766723633
2008-11-21,,57.53615951538086
2008-11-24,,61.522891998291016
2008-11-25,,61.978729248046875
2008-11-26,,64.37364196777344
2008-11-28,,65.18397521972656
2008-12-01,,59.41010665893555
2008-12-02,,61.696533203125
2008-12-03,,63.179786682128906
2008-12-04,,61.718238830566406
2008-12-05,,63.62114334106445
2008-12-08,,65.84246063232422
2008-12-09,,64.75709533691406
2008-12-10,,65.19844818115234
2008-12-11,,63.62839126586914
2008-12-12,,64.38813018798828
2008-12-15,,63.49089050292969
2008-12-16,,66.47913360595703
2008-12-17,,65.8351821899414
2008-12-18,,64.60519409179688
2008-12-19,,64.32726287841797
2008-12-22,,63.50300216674805
2008-12-23,,62.846553802490234
2008-12-24,,63.211265563964844
2008-12-26,,63.57597351074219
2008-12-29,,63.39358139038086
2008-12-30,,64.8962173461914
2008-12-31,,65.82254791259766
2009-01-02,,67.80657958984375
2009-01-05,,67.72633361816406
2009-01-06,,68.1785888671875
2009-01-07,,66.13622283935547
2009-01-08,,66.40608978271484
2009-01-09,,64.98371887207031
2009-01-12,,63.42278289794922
2009-01-13,,63.539493560791016
2009-01-14,,61.54088592529297
2009-01-15,,61.562767028808594
2009-01-16,,62.044185638427734
2009-01-20,,58.769107818603516
2009-01-21,,61.3074951171875
2009-01-22,,60.359249114990234
2009-01-23,,60.62181091308594
2009-01-26,,61.03759765625
2009-01-27,,61.657588958740234
2009-01-28,,63.743709564208984
2009-01-29,,61.67219543457031
2009-01-30,,60.417606353759766
2009-02-02,,60.235252380371094
2009-02-03,,61.08137130737305
2009-02-04,,60.78229522705078
2009-02-05,,61.686790466308594
2009-02-06,,63.44468307495117
2009-02-09,,63.532188415527344
2009-02-10,,60.62181091308594
2009-02-11,,60.979248046875
2009-02-12,,61.023014068603516
2009-02-13,,60.36653518676758
2009-02-17,,57.78438186645508
2009-02-18,,57.64578628540039
2009-02-19,,57.02580261230469
2009-02-20,,56.47144317626953
2009-02-23,,54.450950622558594
2009-02-24,,56.51523208618164
2009-02-25,,56.070274353027344
2009-02-26,,55.158485412597656
2009-02-27,,53.925785064697266
2009-03-02,,51.49681854248047
2009-03-03,,51.1102409362793
2009-03-04,,52.32106399536133
2009-03-05,,50.18388366699219
2009-03-06,,50.27140426635742
2009-03-09,,49.68057632446289
2009-03-10,,52.64199447631836
2009-03-11,,52.984840393066406
2009-03-12,,55.07096862792969
2009-03-13,,55.5013313293457
2009-03-16,,55.33354949951172
2009-03-17,,57.02580261230469
2009-03-18,,58.30226135253906
2009-03-19,,57.58016586303711
2009-03-20,,56.354026794433594
2009-03-23,,60.401893615722656
2009-03-24,,59.2117919921875
2009-03-25,,59.836238861083984
2009-03-26,,61.05571746826172
2009-03-27,,59.953758239746094
2009-03-30,,57.88210678100586
2009-03-31,,58.41836166381836
2009-04-01,,59.549713134765625
2009-04-02,,61.290809631347656
2009-04-03,,61.900577545166016
2009-04-06,,61.415706634521484
2009-04-07,,59.98318099975586
2009-04-08,,60.62962341308594
2009-04-09,,63.039249420166016
2009-04-13,,63.0539436340332
2009-04-14,,61.96666717529297
2009-04-15,,62.62782669067383
2009-04-16,,63.546165466308594
2009-04-17,,63.97224044799805
2009-04-20,,61.290809631347656
2009-04-21,,62.488250732421875
2009-04-22,,62.10626220703125
2009-04-23,,62.716007232666016
2009-04-24,,63.663673400878906
2009-04-27,,63.0612907409668
2009-04-28,,62.86293411254883
2009-04-29,,64.19995880126953
2009-04-30,,64.22199249267578
2009-05-01,,64.56730651855469
2009-05-04,,66.76384735107422
2009-05-05,,66.5361099243164
2009-05-06,,67.68950653076172
2009-05-07,,66.74919128417969
2009-05-08,,68.30659484863281
2009-05-11,,67.0283203125
2009-05-12,,66.83000183105469
2009-05-13,,65.14764404296875
2009-05-14,,65.70597839355469
2009-05-15,,65.16970825195312
2009-05-18,,67.0209732055664
2009-05-19,,66.94015502929688
2009-05-20,,66.4920425415039
2009-05-21,,65.53701782226562
2009-05-22,,65.39744567871094
2009-05-26,,67.0724105834961
2009-05-27,,65.87498474121094
2009-05-28,,66.7932357788086
2009-05-29,,67.97602844238281
2009-06-01,,69.62158203125
2009-06-02,,69.6803970336914
2009-06-03,,68.79878997802734
2009-06-04,,69.44527435302734
2009-06-05,,69.4599838256836
2009-06-08,,69.1734848022461
2009-06-09,,69.5261001586914
2009-06-10,,69.34976196289062
2009-06-11,,69.65833282470703
2009-06-12,,69.84935760498047
2009-06-15,,68.24783325195312
2009-06-16,,67.32220458984375
2009-06-17,,67.25605773925781
2009-06-18,,67.74826049804688
2009-06-19,,67.99800872802734
2009-06-22,,65.95893859863281
2009-06-23,,66.01066589355469
2009-06-24,,66.57951354980469
2009-06-25,,68.02754211425781
2009-06-26,,67.85022735595703
2009-06-29,,68.48560333251953
2009-06-30,,67.93147277832031
2009-07-01,,68.21221160888672
2009-07-02,,66.35049438476562
2009-07-06,,66.34310150146484
2009-07-07,,65.05764770507812
2009-07-08,,65.0133056640625
2009-07-09,,65.13887786865234
2009-07-10,,64.98374938964844
2009-07-13,,66.56472778320312
2009-07-14,,66.94151306152344
2009-07-15,,68.8993148803711
2009-07-16,,68.78848266601562
2009-07-17,,69.54205322265625
2009-07-20,,70.28083038330078
2009-07-21,,70.6059341430664
2009-07-22,,70.59112548828125
2009-07-23,,72.14995574951172
2009-07-24,,72.44548797607422
2009-07-27,,72.65974426269531
2009-07-28,,72.3199234008789
2009-07-29,,72.14257049560547
2009-07-30,,72.89616394042969
2009-07-31,,72.99957275390625
2009-08-03,,74.20378875732422
2009-08-04,,74.39590454101562
2009-08-05,,74.18164825439453
2009-08-06,,73.79744720458984
2009-08-07,,74.76528930664062
2009-08-10,,74.61013793945312
2009-08-11,,73.67924499511719
2009-08-12,,74.46977233886719
2009-08-13,,75.03865814208984
2009-08-14,,74.46236419677734
2009-08-17,,72.63021087646484
2009-08-18,,73.20645141601562
2009-08-19,,73.84918212890625
2009-08-20,,74.61013793945312
2009-08-21,,76.07291412353516
2009-08-24,,76.06556701660156
2009-08-25,,76.21328735351562
2009-08-26,,76.22068786621094
2009-08-27,,76.3906021118164
2009-08-28,,76.37586212158203
2009-08-31,,75.69615936279297
2009-09-01,,74.0264663696289
2009-09-02,,73.74576568603516
2009-09-03,,74.35895538330078
2009-09-04,,75.40060424804688
2009-09-08,,76.05078125
2009-09-09,,76.6344223022461
2009-09-10,,77.41752624511719
2009-09-11,,77.40274047851562
2009-09-14,,77.779541015625
2009-09-15,,78.1046142578125
2009-09-16,,79.2866439819336
2009-09-17,,79.16845703125
2009-09-18,,79.2189712524414
2009-09-21,,79.01849365234375
2009-09-22,,79.4787368774414
2009-09-23,,78.81806945800781
2009-09-24,,77.94960021972656
2009-09-25,,77.53390502929688
2009-09-28,,78.92200469970703
2009-09-29,,78.6844711303711
2009-09-30,,78.380126953125
2009-10-01,,76.43525695800781
2009-10-02,,76.07894134521484
2009-10-05,,77.21471405029297
2009-10-06,,78.32073211669922
2009-10-07,,78.53601837158203
2009-10-08,,79.13726806640625
2009-10-09,,79.61978912353516
2009-10-12,,79.9315414428711
2009-10-13,,79.76821899414062
2009-10-14,,81.14151763916016
2009-10-15,,81.43840789794922
2009-10-16,,80.82970428466797
2009-10-19,,81.497802734375
2009-10-20,,81.0672836303711
2009-10-21,,80.33982849121094
2009-10-22,,81.15635681152344
2009-10-23,,80.2284927368164
2009-10-26,,79.3599624633789
2009-10-27,,78.99626922607422
2009-10-28,,77.50420379638672
2009-10-29,,79.1669921875
2009-10-30,,76.87322998046875
2009-11-02,,77.4374008178711
2009-11-03,,77.68233489990234
2009-11-04,,77.88279724121094
2009-11-05,,79.31543731689453
2009-11-06,,79.52324676513672
2009-11-09,,81.33447265625
2009-11-10,,81.34934997558594
2009-11-11,,81.76502227783203
2009-11-12,,80.93367004394531
2009-11-13,,81.37161254882812
2009-11-16,,82.55189514160156
2009-11-17,,82.64839172363281
2009-11-18,,82.59642791748047
2009-11-19,,81.52008056640625
2009-11-20,,81.23057556152344
2009-11-23,,82.26237487792969
2009-11-24,,82.3885726928711
2009-11-25,,82.67804718017578
2009-11-27,,81.33447265625
2009-11-30,,81.60916137695312
2009-12-01,,82.6186752319336
2009-12-02,,82.58158874511719
2009-12-03,,81.93576049804688
2009-12-04,,82.4034423828125
2009-12-07,,82.2772216796875
2009-12-08,,81.36419677734375
2009-12-09,,81.66852569580078
2009-12-10,,82.12876892089844
2009-12-11,,82.4776840209961
2009-12-14,,83.04185485839844
2009-12-15,,82.65581512451172
2009-12-16,,82.781982421875
2009-12-17,,81.78730010986328
2009-12-18,,82.25003051757812
2009-12-21,,83.08585357666016
2009-12-22,,83.38439178466797
2009-12-23,,83.548583984375
2009-12-24,,83.94413757324219
2009-12-28,,84.12326049804688
2009-12-29,,84.00382232666016
2009-12-30,,83.97398376464844
2009-12-31,,83.16796112060547
2010-01-04,,84.5784683227539
2010-01-05,,84.80238342285156
2010-01-06,,84.8620834350586
2010-01-07,,85.22029113769531
2010-01-08,,85.50390625
2010-01-11,,85.6233139038086
2010-01-12,,84.82473754882812
2010-01-13,,85.54124450683594
2010-01-14,,85.77255249023438
2010-01-15,,84.80982971191406
2010-01-19,,85.86958312988281
2010-01-20,,84.99639892578125
2010-01-21,,83.36201477050781
2010-01-22,,81.50373077392578
2010-01-25,,81.921630859375
2010-01-26,,81.57835388183594
2010-01-27,,81.96643829345703
2010-01-28,,81.02606964111328
2010-01-29,,80.14544677734375
2010-02-01,,81.39178466796875
2010-02-02,,82.3768539428711
2010-02-03,,81.96643829345703
2010-02-04,,79.43647766113281
2010-02-05,,79.60063934326172
2010-02-08,,79.02600860595703
2010-02-09,,80.01853942871094
2010-02-10,,79.86185455322266
2010-02-11,,80.69771575927734
2010-02-12,,80.63056182861328
2010-02-16,,81.8992691040039
2010-02-17,,82.28732299804688
2010-02-18,,82.77242279052734
2010-02-19,,82.94407653808594
2010-02-22,,82.9590072631836
2010-02-23,,81.95148468017578
2010-02-24,,82.70523071289062
2010-02-25,,82.59329986572266
2010-02-26,,82.64556121826172
2010-03-01,,83.5038070678711
2010-03-02,,83.73514556884766
2010-03-03,,83.809814453125
2010-03-04,,84.0634994506836
2010-03-05,,85.2650375366211
2010-03-08,,85.28001403808594
2010-03-09,,85.42179870605469
2010-03-10,,85.80239868164062
2010-03-11,,86.16062927246094
2010-03-12,,86.1680908203125
2010-03-15,,86.19052124023438
2010-03-16,,86.87709045410156
2010-03-17,,87.39202117919922
2010-03-18,,87.34728240966797
2010-03-19,,86.9051742553711
2010-03-22,,87.3697509765625
2010-03-23,,87.98422241210938
2010-03-24,,87.55709075927734
2010-03-25,,87.41473388671875
2010-03-26,,87.36224365234375
2010-03-29,,87.91682434082031
2010-03-30,,87.97673797607422
2010-03-31,,87.677001953125
2010-04-01,,88.27649688720703
2010-04-05,,88.99590301513672
2010-04-06,,89.20570373535156
2010-04-07,,88.69613647460938
2010-04-08,,89.00340270996094
2010-04-09,,89.58787536621094
2010-04-12,,89.73029327392578
2010-04-13,,89.79771423339844
2010-04-14,,90.81692504882812
2010-04-15,,90.89183807373047
2010-04-16,,89.44551849365234
2010-04-19,,89.78273010253906
2010-04-20,,90.58457946777344
2010-04-21,,90.4197006225586
2010-04-22,,90.68949127197266
2010-04-23,,91.28147888183594
2010-04-26,,90.936767578125
2010-04-27,,88.78605651855469
2010-04-28,,89.46050262451172
2010-04-29,,90.56959533691406
2010-04-30,,89.03334045410156
2010-05-03,,90.18740844726562
2010-05-04,,88.06664276123047
2010-05-05,,87.5420913696289
2010-05-06,,84.634521484375
2010-05-07,,83.37555694580078
2010-05-10,,87.0475082397461
2010-05-11,,86.80020904541016
2010-05-12,,88.01419830322266
2010-05-13,,86.92012786865234
2010-05-14,,85.34642028808594
2010-05-17,,85.39136505126953
2010-05-18,,84.2298583984375
2010-05-19,,83.7502670288086
2010-05-20,,80.5879135131836
2010-05-21,,81.76439666748047
2010-05-24,,80.71527862548828
2010-05-25,,80.79771423339844
2010-05-26,,80.31062316894531
2010-05-27,,83.00088500976562
2010-05-28,,81.95925903320312
2010-06-01,,80.58039855957031
2010-06-02,,82.67867279052734
2010-06-03,,82.96340942382812
2010-06-04,,80.04833221435547
2010-06-07,,79.05168151855469
2010-06-08,,79.89846801757812
2010-06-09,,79.4713363647461
2010-06-10,,81.79438781738281
2010-06-11,,82.19154357910156
2010-06-14,,82.06415557861328
2010-06-15,,83.93010711669922
2010-06-16,,83.9001235961914
2010-06-17,,84.03501892089844
2010-06-18,,84.12611389160156
2010-06-21,,83.88516998291016
2010-06-22,,82.49974822998047
2010-06-23,,82.2437515258789
2010-06-24,,80.88091278076172
2010-06-25,,81.21978759765625
2010-06-28,,80.96378326416016
2010-06-29,,78.4639892578125
2010-06-30,,77.7186050415039
2010-07-01,,77.37224578857422
2010-07-02,,76.9505844116211
2010-07-06,,77.4550552368164
2010-07-07,,79.89459991455078
2010-07-08,,80.68517303466797
2010-07-09,,81.28751373291016
2010-07-12,,81.3402328491211
2010-07-13,,82.56755065917969
2010-07-14,,82.56002044677734
2010-07-15,,82.5826187133789
2010-07-16,,80.30870819091797
2010-07-19,,80.78308868408203
2010-07-20,,81.67908477783203
2010-07-21,,80.61740112304688
2010-07-22,,82.41697692871094
2010-07-23,,83.13225555419922
2010-07-26,,83.9981460571289
2010-07-27,,83.99063110351562
2010-07-28,,83.44847106933594
2010-07-29,,83.04188537597656
2010-07-30,,83.02680969238281
2010-08-02,,84.90167236328125
2010-08-03,,84.4950942993164
2010-08-04,,85.05977630615234
2010-08-05,,84.96941375732422
2010-08-06,,84.6230697631836
2010-08-09,,85.0748291015625
2010-08-10,,84.61553955078125
2010-08-11,,82.29650115966797
2010-08-12,,81.7920150756836
2010-08-13,,81.55108642578125
2010-08-16,,81.51342010498047
2010-08-17,,82.51484680175781
2010-08-18,,82.6654281616211
2010-08-19,,81.22734069824219
2010-08-20,,80.96378326416016
2010-08-23,,80.65509033203125
2010-08-24,,79.45789337158203
2010-08-25,,79.76658630371094
2010-08-26,,79.23200988769531
2010-08-27,,80.4593276977539
2010-08-30,,79.2922592163086
2010-08-31,,79.2922592163086
2010-09-01,,81.66399383544922
2010-09-02,,82.42446899414062
2010-09-03,,83.49368286132812
2010-09-07,,82.552490234375
2010-09-08,,83.13225555419922
2010-09-09,,83.51622772216797
2010-09-10,,83.93789672851562
2010-09-13,,84.87156677246094
2010-09-14,,84.81884002685547
2010-09-15,,85.14258575439453
2010-09-16,,85.12002563476562
2010-09-17,,85.15181732177734
2010-09-20,,86.45378112792969
2010-09-21,,86.27969360351562
2010-09-22,,85.85577392578125
2010-09-23,,85.15937042236328
2010-09-24,,86.91555786132812
2010-09-27,,86.49920654296875
2010-09-28,,86.802001953125
2010-09-29,,86.65058135986328
2010-09-30,,86.39323425292969
2010-10-01,,86.75658416748047
2010-10-04,,86.1055908203125
2010-10-05,,87.83905029296875
2010-10-06,,87.83147430419922
2010-10-07,,87.72550964355469
2010-10-08,,88.21753692626953
2010-10-11,,88.30081176757812
2010-10-12,,88.57332611083984
2010-10-13,,89.26216125488281
2010-10-14,,88.91397094726562
2010-10-15,,89.0956039428711
2010-10-18,,89.5346908569336
2010-10-19,,88.36137390136719
2010-10-20,,89.22431182861328
2010-10-21,,89.42113494873047
2010-10-22,,89.58767700195312
2010-10-25,,89.85260009765625
2010-10-26,,89.86775207519531
2010-10-27,,89.61035919189453
2010-10-28,,89.6255111694336
2010-10-29,,89.69363403320312
2010-11-01,,89.72392272949219
2010-11-02,,90.43547821044922
2010-11-03,,90.79878234863281
2010-11-04,,92.54741668701172
2010-11-05,,92.89558410644531
2010-11-08,,92.7215576171875
2010-11-09,,92.0553970336914
2010-11-10,,92.42632293701172
2010-11-11,,92.07809448242188
2010-11-12,,90.98802185058594
2010-11-15,,90.85936737060547
2010-11-16,,89.44384765625
2010-11-17,,89.48926544189453
2010-11-18,,90.80638122558594
2010-11-19,,91.05618286132812
2010-11-22,,90.98046875
2010-11-23,,89.66336059570312
2010-11-24,,90.98802185058594
2010-11-26,,89.92828369140625
2010-11-29,,90.20082092285156
2010-11-30,,89.69363403320312
2010-12-01,,91.60121154785156
2010-12-02,,92.77452087402344
2010-12-03,,93.02433013916016
2010-12-06,,92.9259033203125
2010-12-07,,92.97891998291016
2010-12-08,,93.31954956054688
2010-12-09,,93.6828842163086
2010-12-10,,94.22789764404297
2010-12-13,,94.28844451904297
2010-12-14,,94.37174224853516
2010-12-15,,93.94024658203125
2010-12-16,,94.48529052734375
2010-12-17,,94.58648681640625
2010-12-20,,94.81476593017578
2010-12-21,,95.41593170166016
2010-12-22,,95.71270751953125
2010-12-23,,95.57569122314453
2010-12-27,,95.61376953125
2010-12-28,,95.75074768066406
2010-12-29,,95.81922912597656
2010-12-30,,95.66700744628906
2010-12-31,,95.68985748291016
2011-01-03,,96.67913055419922
2011-01-04,,96.6258544921875
2011-01-05,,97.12804412841797
2011-01-06,,96.93781280517578
2011-01-07,,96.74756622314453
2011-01-10,,96.6258544921875
2011-01-11,,96.96824645996094
2011-01-12,,97.84336853027344
2011-01-13,,97.68354034423828
2011-01-14,,98.39126586914062
2011-01-18,,98.55865478515625
2011-01-19,,97.59221649169922
2011-01-20,,97.4628677368164
2011-01-21,,97.68354034423828
2011-01-24,,98.23907470703125
2011-01-25,,98.29232025146484
2011-01-26,,98.67279815673828
2011-01-27,,98.91632080078125
2011-01-28,,97.18892669677734
2011-01-31,,97.91944885253906
2011-02-01,,99.48699188232422
2011-02-02,,99.29679870605469
2011-02-03,,99.51744079589844
2011-02-04,,99.79899597167969
2011-02-07,,100.42300415039062
2011-02-08,,100.87957000732422
2011-02-09,,100.65127563476562
2011-02-10,,100.68932342529297
2011-02-11,,101.29048156738281
2011-02-14,,101.53400421142578
2011-02-15,,101.21438598632812
2011-02-16,,101.85356903076172
2011-02-17,,102.15797424316406
2011-02-18,,102.37102508544922
2011-02-22,,100.31646728515625
2011-02-23,,99.7000961303711
2011-02-24,,99.63158416748047
2011-02-25,,100.69694519042969
2011-02-28,,101.3208999633789
2011-03-01,,99.63158416748047
2011-03-02,,99.84468078613281
2011-03-03,,101.56444549560547
2011-03-04,,100.80343627929688
2011-03-07,,100.01207733154297
2011-03-08,,100.88714599609375
2011-03-09,,100.74263763427734
2011-03-10,,98.87825775146484
2011-03-11,,99.56312561035156
2011-03-14,,98.96199035644531
2011-03-15,,97.8281478881836
2011-03-16,,96.01705932617188
2011-03-17,,97.2878646850586
2011-03-18,,97.64173889160156
2011-03-21,,99.15495300292969
2011-03-22,,98.81101989746094
2011-03-23,,99.09381866455078
2011-03-24,,100.0414810180664
2011-03-25,,100.34722137451172
2011-03-28,,100.10260009765625
2011-03-29,,100.77519226074219
2011-03-30,,101.47062683105469
2011-03-31,,101.33309936523438
2011-04-01,,101.76105499267578
2011-04-04,,101.84514617919922
2011-04-05,,101.82987976074219
2011-04-06,,102.15084838867188
2011-04-07,,101.89100646972656
2011-04-08,,101.5394287109375
2011-04-11,,101.23374938964844
2011-04-12,,100.47711944580078
2011-04-13,,100.46949768066406
2011-04-14,,100.54590606689453
2011-04-15,,100.9127197265625
2011-04-18,,99.78166961669922
2011-04-19,,100.35482788085938
2011-04-20,,101.72284698486328
2011-04-21,,102.24256896972656
2011-04-25,,102.13554382324219
2011-04-26,,103.014404296875
2011-04-27,,103.68700408935547
2011-04-28,,104.02328491210938
2011-04-29,,104.267822265625
2011-05-02,,104.10734558105469
2011-05-03,,103.73286437988281
2011-05-04,,103.04500579833984
2011-05-05,,102.11262512207031
2011-05-06,,102.56356048583984
2011-05-09,,102.96096801757812
2011-05-10,,103.83985900878906
2011-05-11,,102.7469482421875
2011-05-12,,103.23611450195312
2011-05-13,,102.44124603271484
2011-05-16,,101.79164123535156
2011-05-17,,101.7763442993164
2011-05-18,,102.68583679199219
2011-05-19,,102.9303970336914
2011-05-20,,102.11262512207031
2011-05-23,,100.92802429199219
2011-05-24,,100.84396362304688
2011-05-25,,101.1802749633789
2011-05-26,,101.64643859863281
2011-05-27,,102.03621673583984
2011-05-31,,103.09854888916016
2011-06-01,,100.78282165527344
2011-06-02,,100.67582702636719
2011-06-03,,99.67467498779297
2011-06-06,,98.61994934082031
2011-06-07,,98.55880737304688
2011-06-08,,98.1461410522461
2011-06-09,,98.89508819580078
2011-06-10,,97.51943969726562
2011-06-13,,97.59587097167969
2011-06-14,,98.83396911621094
2011-06-15,,97.07614135742188
2011-06-16,,97.29015350341797
2011-06-17,,97.58050537109375
2011-06-20,,98.0797119140625
2011-06-21,,99.4238052368164
2011-06-22,,98.8247299194336
2011-06-23,,98.54055786132812
2011-06-24,,97.39616394042969
2011-06-27,,98.26404571533203
2011-06-28,,99.54668426513672
2011-06-29,,100.39924621582031
2011-06-30,,101.35929107666016
2011-07-01,,102.85696411132812
2011-07-05,,102.77250671386719
2011-07-06,,102.8953857421875
2011-07-07,,103.96295928955078
2011-07-08,,103.22564697265625
2011-07-11,,101.35929107666016
2011-07-12,,100.92147064208984
2011-07-13,,101.25941467285156
2011-07-14,,100.56050109863281
2011-07-15,,101.14427185058594
2011-07-18,,100.31472778320312
2011-07-19,,101.94298553466797
2011-07-20,,101.88153839111328
2011-07-21,,103.29476165771484
2011-07-22,,103.3638916015625
2011-07-25,,102.78784942626953
2011-07-26,,102.40380859375
2011-07-27,,100.30705261230469
2011-07-28,,100.01518249511719
2011-07-29,,99.33161926269531
2011-08-01,,98.90922546386719
2011-08-02,,96.38231658935547
2011-08-03,,96.90459442138672
2011-08-04,,92.36544799804688
2011-08-05,,92.22718048095703
2011-08-08,,86.2210464477539
2011-08-09,,90.2302474975586
2011-08-10,,86.24409484863281
2011-08-11,,90.11505889892578
2011-08-12,,90.7218246459961
2011-08-15,,92.64192199707031
2011-08-16,,91.85083770751953
2011-08-17,,91.91230010986328
2011-08-18,,87.94917297363281
2011-08-19,,86.5129165649414
2011-08-22,,86.58203887939453
2011-08-23,,89.4314956665039
2011-08-24,,90.6910629272461
2011-08-25,,89.30860900878906
2011-08-26,,90.60662841796875
2011-08-29,,93.2103042602539
2011-08-30,,93.45608520507812
2011-08-31,,93.87081909179688
2011-09-01,,92.8877182006836
2011-09-02,,90.51445007324219
2011-09-06,,89.85392761230469
2011-09-07,,92.38848876953125
2011-09-08,,91.42842102050781
2011-09-09,,89.03211212158203
2011-09-12,,89.608154296875
2011-09-13,,90.42994689941406
2011-09-14,,91.681884765625
2011-09-15,,93.2640609741211
2011-09-16,,93.81602478027344
2011-09-19,,92.88187408447266
2011-09-20,,92.77381896972656
2011-09-21,,90.04085540771484
2011-09-22,,87.13034057617188
2011-09-23,,87.65532684326172
2011-09-26,,89.7397689819336
2011-09-27,,90.74340057373047
2011-09-28,,88.89055633544922
2011-09-29,,89.59308624267578
2011-09-30,,87.354248046875
2011-10-03,,84.86831665039062
2011-10-04,,86.72888946533203
2011-10-05,,88.33468627929688
2011-10-06,,89.93275451660156
2011-10-07,,89.33062744140625
2011-10-10,,92.3183364868164
2011-10-11,,92.41096496582031
2011-10-12,,93.2215805053711
2011-10-13,,93.03628540039062
2011-10-14,,94.62665557861328
2011-10-17,,92.82012939453125
2011-10-18,,94.63439178466797
2011-10-19,,93.51493835449219
2011-10-20,,93.92414855957031
2011-10-21,,95.70748901367188
2011-10-24,,96.88097381591797
2011-10-25,,94.99725341796875
2011-10-26,,95.96227264404297
2011-10-27,,99.30509948730469
2011-10-28,,99.281982421875
2011-10-31,,96.88867950439453
2011-11-01,,94.18660736083984
2011-11-02,,95.72291564941406
2011-11-03,,97.46772003173828
2011-11-04,,96.87325286865234
2011-11-07,,97.47543334960938
2011-11-08,,98.72608947753906
2011-11-09,,95.08216094970703
2011-11-10,,95.97769927978516
2011-11-11,,97.78425598144531
2011-11-14,,96.85780334472656
2011-11-15,,97.33644104003906
2011-11-16,,95.79241180419922
2011-11-17,,94.2715072631836
2011-11-18,,94.17118835449219
2011-11-21,,92.38008117675781
2011-11-22,,92.01722717285156
2011-11-23,,89.98683166503906
2011-11-25,,89.81698608398438
2011-11-28,,92.4186782836914
2011-11-29,,92.6811752319336
2011-11-30,,96.49494171142578
2011-12-01,,96.4795150756836
2011-12-02,,96.39460754394531
2011-12-05,,97.44457244873047
2011-12-06,,97.47543334960938
2011-12-07,,97.83828735351562
2011-12-08,,95.6920394897461
2011-12-09,,97.31328582763672
2011-12-12,,95.89276885986328
2011-12-13,,94.99725341796875
2011-12-14,,93.98588562011719
2011-12-15,,94.32556915283203
2011-12-16,,94.46543884277344
2011-12-19,,93.45540618896484
2011-12-20,,96.28340148925781
2011-12-21,,96.46983337402344
2011-12-22,,97.32445526123047
2011-12-23,,98.19461822509766
2011-12-27,,98.2723388671875
2011-12-28,,96.98265838623047
2011-12-29,,97.98487854003906
2011-12-30,,97.50318145751953
2012-01-03,,99.0570068359375
2012-01-04,,99.21238708496094
2012-01-05,,99.47655487060547
2012-01-06,,99.22013854980469
2012-01-09,,99.46102905273438
2012-01-10,,100.32340240478516
2012-01-11,,100.37776184082031
2012-01-12,,100.61859130859375
2012-01-13,,100.09809112548828
2012-01-17,,100.48654174804688
2012-01-18,,101.59751892089844
2012-01-19,,102.13362121582031
2012-01-20,,102.51428985595703
2012-01-23,,102.25013732910156
2012-01-24,,102.13362121582031
2012-01-25,,102.98821258544922
2012-01-26,,102.45990753173828
2012-01-27,,102.41328430175781
2012-01-30,,102.0636978149414
2012-01-31,,102.02484130859375
2012-02-01,,102.91826629638672
2012-02-02,,103.08141326904297
2012-02-03,,104.5264892578125
2012-02-06,,104.45658874511719
2012-02-07,,104.7207260131836
2012-02-08,,105.03150939941406
2012-02-09,,105.16354370117188
2012-02-10,,104.38665008544922
2012-02-13,,105.16354370117188
2012-02-14,,105.03150939941406
2012-02-15,,104.54203033447266
2012-02-16,,105.69962310791016
2012-02-17,,105.9793472290039
2012-02-21,,106.02594757080078
2012-02-22,,105.68408966064453
2012-02-23,,106.15029907226562
2012-02-24,,106.38333129882812
2012-02-27,,106.56204223632812
2012-02-28,,106.87279510498047
2012-02-29,,106.4532699584961
2012-03-01,,107.00485229492188
2012-03-02,,106.67855834960938
2012-03-05,,106.24348449707031
2012-03-06,,104.68968963623047
2012-03-07,,105.41995239257812
2012-03-08,,106.46884155273438
2012-03-09,,106.88058471679688
2012-03-12,,106.88838195800781
2012-03-13,,108.8150863647461
2012-03-14,,108.69857788085938
2012-03-15,,109.32787322998047
2012-03-16,,109.47926330566406
2012-03-19,,109.90839385986328
2012-03-20,,109.58849334716797
2012-03-21,,109.4090347290039
2012-03-22,,108.6208724975586
2012-03-23,,108.97201538085938
2012-03-26,,110.50142669677734
2012-03-27,,110.15811157226562
2012-03-28,,109.61188507080078
2012-03-29,,109.42462921142578
2012-03-30,,109.87721252441406
2012-04-02,,110.68094635009766
2012-04-03,,110.22835540771484
2012-04-04,,109.1358642578125
2012-04-05,,109.0812759399414
2012-04-09,,107.856201171875
2012-04-10,,106.04581451416016
2012-04-11,,106.9041519165039
2012-04-12,,108.30095672607422
2012-04-13,,107.0134048461914
2012-04-16,,106.94316864013672
2012-04-17,,108.52725219726562
2012-04-18,,108.16050720214844
2012-04-19,,107.46601867675781
2012-04-20,,107.64545440673828
2012-04-23,,106.74031066894531
2012-04-24,,107.14607238769531
2012-04-25,,108.61306762695312
2012-04-26,,109.3700180053711
2012-04-27,,109.54948425292969
2012-04-30,,109.14373016357422
2012-05-01,,109.82262420654297
2012-05-02,,109.494873046875
2012-05-03,,108.6598892211914
2012-05-04,,106.9041519165039
2012-05-07,,106.98219299316406
2012-05-08,,106.5530014038086
2012-05-09,,105.92098236083984
2012-05-10,,106.13951110839844
2012-05-11,,105.81953430175781
2012-05-14,,104.6490707397461
2012-05-15,,104.0482177734375
2012-05-16,,103.65023040771484
2012-05-17,,102.11300659179688
2012-05-18,,101.23904418945312
2012-05-21,,102.9791488647461
2012-05-22,,103.15863037109375
2012-05-23,,103.2132568359375
2012-05-24,,103.41613006591797
2012-05-25,,103.0805892944336
2012-05-29,,104.32908630371094
2012-05-30,,102.81532287597656
2012-05-31,,102.58903503417969
2012-06-01,,100.00613403320312
2012-06-04,,99.9593276977539
2012-06-05,,100.7162094116211
2012-06-06,,102.9791488647461
2012-06-07,,103.04158020019531
2012-06-08,,103.86095428466797
2012-06-11,,102.54216003417969
2012-06-12,,103.7204818725586
2012-06-13,,103.05718231201172
2012-06-14,,104.1496353149414
2012-06-15,,105.2148208618164
2012-06-18,,105.41876220703125
2012-06-19,,106.43843841552734
2012-06-20,,106.265869140625
2012-06-21,,103.88137817382812
2012-06-22,,104.68142700195312
2012-06-25,,103.00291442871094
2012-06-26,,103.52058410644531
2012-06-27,,104.45397186279297
2012-06-28,,104.15594482421875
2012-06-29,,106.75218200683594
2012-07-02,,107.07376098632812
2012-07-03,,107.77970123291016
2012-07-05,,107.29338073730469
2012-07-06,,106.27369689941406
2012-07-09,,106.14037322998047
2012-07-10,,105.2148208618164
2012-07-11,,105.23051452636719
2012-07-12,,104.72066497802734
2012-07-13,,106.4776382446289
2012-07-16,,106.22663879394531
2012-07-17,,106.95606231689453
2012-07-18,,107.748291015625
2012-07-19,,108.03067016601562
2012-07-20,,107.04238891601562
2012-07-23,,105.95995330810547
2012-07-24,,105.0500717163086
2012-07-25,,105.0736312866211
2012-07-26,,106.80706787109375
2012-07-27,,108.77582550048828
2012-07-30,,108.77582550048828
2012-07-31,,108.01499938964844
2012-08-01,,107.92086791992188
2012-08-02,,107.17574310302734
2012-08-03,,109.3013916015625
2012-08-06,,109.51315307617188
2012-08-07,,110.06221008300781
2012-08-08,,110.19552612304688
2012-08-09,,110.28970336914062
2012-08-10,,110.47006225585938
2012-08-13,,110.4151611328125
2012-08-14,,110.43083953857422
2012-08-15,,110.55634307861328
2012-08-16,,111.37206268310547
2012-08-17,,111.5210952758789
2012-08-20,,111.52898406982422
2012-08-21,,111.1916732788086
2012-08-22,,111.23873901367188
2012-08-23,,110.32886505126953
2012-08-24,,110.99556732177734
2012-08-27,,111.01909637451172
2012-08-28,,110.90930938720703
2012-08-29,,110.99556732177734
2012-08-30,,110.19552612304688
2012-08-31,,110.72107696533203
2012-09-04,,110.61909484863281
2012-09-05,,110.5249252319336
2012-09-06,,112.76823425292969
2012-09-07,,113.20748901367188
2012-09-10,,112.5643081665039
2012-09-11,,112.8780517578125
2012-09-12,,113.25457000732422
2012-09-13,,114.98018646240234
2012-09-14,,115.49002075195312
2012-09-17,,115.09782409667969
2012-09-18,,115.00366973876953
2012-09-19,,115.0664291381836
2012-09-20,,115.07427215576172
2012-09-21,,115.02619171142578
2012-09-24,,114.85272979736328
2012-09-25,,113.63044738769531
2012-09-26,,112.99169158935547
2012-09-27,,114.0562744140625
2012-09-28,,113.52792358398438
2012-10-01,,113.82758331298828
2012-10-02,,113.94586181640625
2012-10-03,,114.4111328125
2012-10-04,,115.231201171875
2012-10-05,,115.2391128540039
2012-10-08,,114.8448715209961
2012-10-09,,113.70933532714844
2012-10-10,,112.98382568359375
2012-10-11,,113.04692840576172
2012-10-12,,112.67626953125
2012-10-15,,113.61468505859375
2012-10-16,,114.76594543457031
2012-10-17,,115.28642272949219
2012-10-18,,114.98675537109375
2012-10-19,,113.07061004638672
2012-10-22,,113.08631896972656
2012-10-23,,111.51715087890625
2012-10-24,,111.20171356201172
2012-10-25,,111.5250244140625
2012-10-26,,111.46192932128906
2012-10-31,,111.46192932128906
2012-11-01,,112.62898254394531
2012-11-02,,111.62751770019531
2012-11-05,,111.85623168945312
2012-11-06,,112.7315444946289
2012-11-07,,110.17656707763672
2012-11-08,,108.85182189941406
2012-11-09,,108.94644927978516
2012-11-12,,109.033203125
2012-11-13,,108.65467071533203
2012-11-14,,107.18800354003906
2012-11-15,,107.0066146850586
2012-11-16,,107.53495025634766
2012-11-19,,109.71137237548828
2012-11-20,,109.75865936279297
2012-11-21,,109.96370697021484
2012-11-23,,111.46192932128906
2012-11-26,,111.22539520263672
2012-11-27,,110.65760803222656
2012-11-28,,111.5486831665039
2012-11-29,,112.06909942626953
2012-11-30,,112.0927505493164
2012-12-03,,111.54083251953125
2012-12-04,,111.38306427001953
2012-12-05,,111.58023071289062
2012-12-06,,111.958740234375
2012-12-07,,112.29778289794922
2012-12-10,,112.34510803222656
2012-12-11,,113.1099853515625
2012-12-12,,113.1651840209961
2012-12-13,,112.47126770019531
2012-12-14,,112.05333709716797
2012-12-17,,113.37019348144531
2012-12-18,,114.63188934326172
2012-12-19,,113.78025817871094
2012-12-20,,114.4347915649414
2012-12-21,,113.3960189819336
2012-12-24,,113.04661560058594
2012-12-26,,112.57012939453125
2012-12-27,,112.41922760009766
2012-12-28,,111.2042236328125
2012-12-31,,113.09424591064453
2013-01-02,,115.99287414550781
2013-01-03,,115.73082733154297
2013-01-04,,116.2390365600586
2013-01-07,,115.92137908935547
2013-01-08,,115.58788299560547
2013-01-09,,115.88170623779297
2013-01-10,,116.80290985107422
2013-01-11,,116.79497528076172
2013-01-14,,116.715576171875
2013-01-15,,116.79497528076172
2013-01-16,,116.77912139892578
2013-01-17,,117.53351593017578
2013-01-18,,117.79560852050781
2013-01-22,,118.43094635009766
2013-01-23,,118.62153625488281
2013-01-24,,118.6532974243164
2013-01-25,,119.32037353515625
2013-01-28,,119.17740631103516
2013-01-29,,119.64598083496094
2013-01-30,,119.17740631103516
2013-01-31,,118.88353729248047
2013-02-01,,120.1065444946289
2013-02-04,,118.75650787353516
2013-02-05,,119.95568084716797
2013-02-06,,120.04300689697266
2013-02-07,,119.88422393798828
2013-02-08,,120.55126190185547
2013-02-11,,120.52743530273438
2013-02-12,,120.72600555419922
2013-02-13,,120.82925415039062
2013-02-14,,120.94039916992188
2013-02-15,,120.79739379882812
2013-02-19,,121.70279693603516
2013-02-20,,120.18595886230469
2013-02-21,,119.4553451538086
2013-02-22,,120.62279510498047
2013-02-25,,118.32766723632812
2013-02-26,,119.13771057128906
2013-02-27,,120.63864135742188
2013-02-28,,120.40040588378906
2013-03-01,,120.79739379882812
2013-03-04,,121.440673828125
2013-03-05,,122.52876281738281
2013-03-06,,122.69548034667969
2013-03-07,,122.91783142089844
2013-03-08,,123.44193267822266
2013-03-11,,123.91053009033203
2013-03-12,,123.632568359375
2013-03-13,,123.8072738647461
2013-03-14,,124.46639251708984
2013-03-15,,124.3021240234375
2013-03-18,,123.61613464355469
2013-03-19,,123.32892608642578
2013-03-20,,124.19041442871094
2013-03-21,,123.12952423095703
2013-03-22,,124.11863708496094
2013-03-25,,123.60010528564453
2013-03-26,,124.58929443359375
2013-03-27,,124.58929443359375
2013-03-28,,124.9721908569336
2013-04-01,,124.47760009765625
2013-04-02,,125.09178161621094
2013-04-03,,123.82349395751953
2013-04-04,,124.32601928710938
2013-04-05,,123.76766204833984
2013-04-08,,124.60527038574219
2013-04-09,,125.03592681884766
2013-04-10,,126.56745910644531
2013-04-11,,126.98228454589844
2013-04-12,,126.67121887207031
2013-04-15,,123.73571014404297
2013-04-16,,125.56244659423828
2013-04-17,,123.72777557373047
2013-04-18,,122.95399475097656
2013-04-19,,124.02289581298828
2013-04-22,,124.57331085205078
2013-04-23,,125.8575668334961
2013-04-24,,125.93737030029297
2013-04-25,,126.44788360595703
2013-04-26,,126.22453308105469
2013-04-29,,127.07005310058594
2013-04-30,,127.37315368652344
2013-05-01,,126.25643920898438
2013-05-02,,127.42903900146484
2013-05-03,,128.72120666503906
2013-05-06,,129.0482635498047
2013-05-07,,129.70236206054688
2013-05-08,,130.29266357421875
2013-05-09,,129.92568969726562
2013-05-10,,130.34852600097656
2013-05-13,,130.45217895507812
2013-05-14,,131.80026245117188
2013-05-15,,132.5102081298828
2013-05-16,,131.8880157470703
2013-05-17,,133.164306640625
2013-05-20,,133.15631103515625
2013-05-21,,133.34779357910156
2013-05-22,,132.358642578125
2013-05-23,,131.9757537841797
2013-05-24,,131.86410522460938
2013-05-28,,132.65379333496094
2013-05-29,,131.7923126220703
2013-05-30,,132.27890014648438
2013-05-31,,130.38035583496094
2013-06-03,,131.0983428955078
2013-06-04,,130.46804809570312
2013-06-05,,128.6414337158203
2013-06-06,,129.8061065673828
2013-06-07,,131.457275390625
2013-06-10,,131.457275390625
2013-06-11,,130.10118103027344
2013-06-12,,129.02435302734375
2013-06-13,,130.98667907714844
2013-06-14,,130.16502380371094
2013-06-17,,131.1701202392578
2013-06-18,,132.20709228515625
2013-06-19,,130.38035583496094
2013-06-20,,127.1497802734375
2013-06-21,,127.55795288085938
2013-06-24,,125.94615936279297
2013-06-25,,127.15702819824219
2013-06-26,,128.4159698486328
2013-06-27,,129.16981506347656
2013-06-28,,128.64051818847656
2013-07-01,,129.3943328857422
2013-07-02,,129.2740936279297
2013-07-03,,129.33018493652344
2013-07-05,,130.7255096435547
2013-07-08,,131.47125244140625
2013-07-09,,132.41749572753906
2013-07-10,,132.46556091308594
2013-07-11,,134.26988220214844
2013-07-12,,134.3260040283203
2013-07-15,,134.8391571044922
2013-07-16,,134.333984375
2013-07-17,,134.6788330078125
2013-07-18,,135.41659545898438
2013-07-19,,135.65713500976562
2013-07-22,,135.9217529296875
2013-07-23,,135.63302612304688
2013-07-24,,135.13592529296875
2013-07-25,,135.46470642089844
2013-07-26,,135.6090545654297
2013-07-29,,135.1919708251953
2013-07-30,,135.1919708251953
2013-07-31,,135.28831481933594
2013-08-01,,136.85195922851562
2013-08-02,,137.0845184326172
2013-08-05,,136.88401794433594
2013-08-06,,136.10626220703125
2013-08-07,,135.66517639160156
2013-08-08,,136.16229248046875
2013-08-09,,135.7694091796875
2013-08-12,,135.6090545654297
2013-08-13,,136.00997924804688
2013-08-14,,135.31236267089844
2013-08-15,,133.4198760986328
2013-08-16,,132.97886657714844
2013-08-19,,132.1287841796875
2013-08-20,,132.77835083007812
2013-08-21,,131.9604034423828
2013-08-22,,133.16323852539062
2013-08-23,,133.61228942871094
2013-08-26,,133.11514282226562
2013-08-27,,130.97409057617188
2013-08-28,,131.43917846679688
2013-08-29,,131.6476593017578
2013-08-30,,131.23065185546875
2013-09-03,,131.82403564453125
2013-09-04,,132.91473388671875
2013-09-05,,133.0830535888672
2013-09-06,,133.1471710205078
2013-09-09,,134.4222412109375
2013-09-10,,135.41659545898438
2013-09-11,,135.841552734375
2013-09-12,,135.480712890625
2013-09-13,,135.7854461669922
2013-09-16,,136.5712890625
2013-09-17,,137.1807098388672
2013-09-18,,138.76846313476562
2013-09-19,,138.53598022460938
2013-09-20,,137.56736755371094
2013-09-23,,136.93075561523438
2013-09-24,,136.60850524902344
2013-09-25,,136.21368408203125
2013-09-26,,136.73739624023438
2013-09-27,,136.10891723632812
2013-09-30,,135.38365173339844
2013-10-01,,136.4553680419922
2013-10-02,,136.32638549804688
2013-10-03,,135.0693817138672
2013-10-04,,136.09275817871094
2013-10-07,,134.91629028320312
2013-10-08,,133.34495544433594
2013-10-09,,133.4417266845703
2013-10-10,,136.31834411621094
2013-10-11,,137.1967010498047
2013-10-14,,137.74468994140625
2013-10-15,,136.74545288085938
2013-10-16,,138.65524291992188
2013-10-17,,139.58187866210938
2013-10-18,,140.5247344970703
2013-10-21,,140.5327606201172
2013-10-22,,141.3466339111328
2013-10-23,,140.66978454589844
2013-10-24,,141.13711547851562
2013-10-25,,141.78176879882812
2013-10-28,,142.00733947753906
2013-10-29,,142.7648468017578
2013-10-30,,142.0557098388672
2013-10-31,,141.65283203125
2013-11-01,,141.99130249023438
2013-11-04,,142.49090576171875
2013-11-05,,142.0396728515625
2013-11-06,,142.7648468017578
2013-11-07,,140.9598846435547
2013-11-08,,142.8615264892578
2013-11-11,,142.88577270507812
2013-11-12,,142.5956268310547
2013-11-13,,143.73985290527344
2013-11-14,,144.45706176757812
2013-11-15,,145.08555603027344
2013-11-18,,144.5779266357422
2013-11-19,,144.2636260986328
2013-11-20,,143.81236267089844
2013-11-21,,144.97274780273438
2013-11-22,,145.69793701171875
2013-11-25,,145.5529327392578
2013-11-26,,145.59326171875
2013-11-27,,145.94772338867188
2013-11-29,,145.85110473632812
2013-12-02,,145.47230529785156
2013-12-03,,144.8437957763672
2013-12-04,,144.8277130126953
2013-12-05,,144.191162109375
2013-12-06,,145.802734375
2013-12-09,,146.17337036132812
2013-12-10,,145.64964294433594
2013-12-11,,144.0138702392578
2013-12-12,,143.53842163085938
2013-12-13,,143.5223388671875
2013-12-16,,144.41671752929688
2013-12-17,,143.9574432373047
2013-12-18,,146.4151611328125
2013-12-19,,146.24591064453125
2013-12-20,,147.09664916992188
2013-12-23,,147.8825225830078
2013-12-24,,148.20655822753906
2013-12-26,,148.96005249023438
2013-12-27,,148.9519500732422
2013-12-30,,148.92762756347656
2013-12-31,,149.63250732421875
2014-01-02,,148.1985321044922
2014-01-03,,148.1741943359375
2014-01-06,,147.7447509765625
2014-01-07,,148.65220642089844
2014-01-08,,148.6845703125
2014-01-09,,148.78179931640625
2014-01-10,,149.18692016601562
2014-01-13,,147.20196533203125
2014-01-14,,148.80609130859375
2014-01-15,,149.60816955566406
2014-01-16,,149.41375732421875
2014-01-17,,148.78179931640625
2014-01-21,,149.21932983398438
2014-01-22,,149.31651306152344
2014-01-23,,148.09315490722656
2014-01-24,,144.93345642089844
2014-01-27,,144.22044372558594
2014-01-28,,145.07925415039062
2014-01-29,,143.68577575683594
2014-01-30,,145.2088623046875
2014-01-31,,144.35818481445312
2014-02-03,,141.1094207763672
2014-02-04,,142.09779357910156
2014-02-05,,141.9196014404297
2014-02-06,,143.791015625
2014-02-07,,145.573486328125
2014-02-10,,145.84085083007812
2014-02-11,,147.43687438964844
2014-02-12,,147.50979614257812
2014-02-13,,148.2714080810547
2014-02-14,,149.08969116210938
2014-02-18,,149.26791381835938
2014-02-19,,148.27943420410156
2014-02-20,,149.154541015625
2014-02-21,,148.98435974121094
2014-02-24,,149.81080627441406
2014-02-25,,149.75396728515625
2014-02-26,,149.76214599609375
2014-02-27,,150.5479736328125
2014-02-28,,150.9287567138672
2014-03-03,,149.8674774169922
2014-03-04,,151.97393798828125
2014-03-05,,152.11160278320312
2014-03-06,,152.46005249023438
2014-03-07,,152.5247802734375
2014-03-10,,152.44386291503906
2014-03-11,,151.69039916992188
2014-03-12,,151.73095703125
2014-03-13,,150.0294952392578
2014-03-14,,149.60816955566406
2014-03-17,,150.96119689941406
2014-03-18,,152.0387725830078
2014-03-19,,151.22848510742188
2014-03-20,,152.11160278320312
2014-03-21,,151.52166748046875
2014-03-24,,150.89503479003906
2014-03-25,,151.61119079589844
2014-03-26,,150.5207977294922
2014-03-27,,150.203369140625
2014-03-28,,150.94393920898438
2014-03-31,,152.18081665039062
2014-04-01,,153.18991088867188
2014-04-02,,153.7025604248047
2014-04-03,,153.4990997314453
2014-04-04,,151.68446350097656
2014-04-07,,150.008056640625
2014-04-08,,150.62652587890625
2014-04-09,,152.24594116210938
2014-04-10,,149.0478057861328
2014-04-11,,147.70516967773438
2014-04-14,,148.86886596679688
2014-04-15,,149.8941650390625
2014-04-16,,151.46473693847656
2014-04-17,,151.67628479003906
2014-04-21,,152.20523071289062
2014-04-22,,152.89691162109375
2014-04-23,,152.53884887695312
2014-04-24,,152.84808349609375
2014-04-25,,151.59494018554688
2014-04-28,,152.07505798339844
2014-04-29,,152.782958984375
2014-04-30,,153.23873901367188
2014-05-01,,153.25498962402344
2014-05-02,,153.03529357910156
2014-05-05,,153.32823181152344
2014-05-06,,151.99359130859375
2014-05-07,,152.88876342773438
2014-05-08,,152.72604370117188
2014-05-09,,152.95388793945312
2014-05-12,,154.44308471679688
2014-05-13,,154.5814208984375
2014-05-14,,153.8489990234375
2014-05-15,,152.4981689453125
2014-05-16,,153.0271453857422
2014-05-19,,153.58863830566406
2014-05-20,,152.62026977539062
2014-05-21,,153.90599060058594
2014-05-22,,154.28030395507812
2014-05-23,,154.8987579345703
2014-05-27,,155.85086059570312
2014-05-28,,155.73690795898438
2014-05-29,,156.5425567626953
2014-05-30,,156.79478454589844
2014-06-02,,156.97384643554688
2014-06-03,,156.8925323486328
2014-06-04,,157.2098388671875
2014-06-05,,158.2351837158203
2014-06-06,,158.99197387695312
2014-06-09,,159.1547088623047
2014-06-10,,159.17098999023438
2014-06-11,,158.61767578125
2014-06-12,,157.4947052001953
2014-06-13,,157.97476196289062
2014-06-16,,158.10494995117188
2014-06-17,,158.5443878173828
2014-06-18,,159.70806884765625
2014-06-19,,159.8870849609375
2014-06-20,,160.2117156982422
2014-06-23,,160.16265869140625
2014-06-24,,159.19778442382812
2014-06-25,,159.9173583984375
2014-06-26,,159.80284118652344
2014-06-27,,160.11358642578125
2014-06-30,,160.03179931640625
2014-07-01,,161.10293579101562
2014-07-02,,161.26649475097656
2014-07-03,,162.05960083007812
2014-07-07,,161.49542236328125
2014-07-08,,160.45701599121094
2014-07-09,,161.1765899658203
2014-07-10,,160.53875732421875
2014-07-11,,160.75949096679688
2014-07-14,,161.5690155029297
2014-07-15,,161.26649475097656
2014-07-16,,161.86337280273438
2014-07-17,,160.02365112304688
2014-07-18,,161.65895080566406
2014-07-21,,161.35638427734375
2014-07-22,,162.05960083007812
2014-07-23,,162.41937255859375
2014-07-24,,162.4275665283203
2014-07-25,,161.6671142578125
2014-07-28,,161.7325439453125
2014-07-29,,161.03756713867188
2014-07-30,,161.06207275390625
2014-07-31,,157.8813934326172
2014-08-01,,157.39898681640625
2014-08-04,,158.53553771972656
2014-08-05,,156.998291015625
2014-08-06,,157.04737854003906
2014-08-07,,156.197021484375
2014-08-08,,158.00401306152344
2014-08-11,,158.46185302734375
2014-08-12,,158.24114990234375
2014-08-13,,159.31227111816406
2014-08-14,,160.0644989013672
2014-08-15,,160.03179931640625
2014-08-18,,161.3727569580078
2014-08-19,,162.2149658203125
2014-08-20,,162.6483612060547
2014-08-21,,163.12258911132812
2014-08-22,,162.8690948486328
2014-08-25,,163.6949462890625
2014-08-26,,163.80125427246094
2014-08-27,,163.73580932617188
2014-08-28,,163.6458740234375
2014-08-29,,164.11192321777344
2014-09-02,,164.03018188476562
2014-09-03,,163.94021606445312
2014-09-04,,163.70309448242188
2014-09-05,,164.43896484375
2014-09-08,,164.0138397216797
2014-09-09,,162.9753875732422
2014-09-10,,163.588623046875
2014-09-11,,163.77670288085938
2014-09-12,,162.8200225830078
2014-09-15,,162.69732666015625
2014-09-16,,163.9238739013672
2014-09-17,,164.14463806152344
2014-09-18,,165.01950073242188
2014-09-19,,164.870849609375
2014-09-22,,163.59750366210938
2014-09-23,,162.6610870361328
2014-09-24,,163.93434143066406
2014-09-25,,161.28919982910156
2014-09-26,,162.57069396972656
2014-09-29,,162.27496337890625
2014-09-30,,161.84780883789062
2014-10-01,,159.6544189453125
2014-10-02,,159.67913818359375
2014-10-03,,161.43710327148438
2014-10-06,,161.24815368652344
2014-10-07,,158.75904846191406
2014-10-08,,161.53565979003906
2014-10-09,,158.33184814453125
2014-10-10,,156.5246124267578
2014-10-13,,153.95338439941406
2014-10-14,,154.19163513183594
2014-10-15,,153.1483154296875
2014-10-16,,153.0168914794922
2014-10-17,,154.8241424560547
2014-10-20,,156.3275146484375
2014-10-21,,159.42445373535156
2014-10-22,,158.29078674316406
2014-10-23,,160.13088989257812
2014-10-24,,161.36312866210938
2014-10-27,,161.1412811279297
2014-10-28,,162.98971557617188
2014-10-29,,162.7432403564453
2014-10-30,,163.78651428222656
2014-10-31,,165.6594696044922
2014-11-03,,165.74989318847656
2014-11-04,,165.17481994628906
2014-11-05,,166.2180633544922
2014-11-06,,166.88343811035156
2014-11-07,,167.03955078125
2014-11-10,,167.56533813476562
2014-11-11,,167.7296142578125
2014-11-12,,167.54884338378906
2014-11-13,,167.73777770996094
2014-11-14,,167.7788848876953
2014-11-17,,167.8856658935547
2014-11-18,,168.85501098632812
2014-11-19,,168.5839385986328
2014-11-20,,168.87969970703125
2014-11-21,,169.78326416015625
2014-11-24,,170.25975036621094
2014-11-25,,170.13650512695312
2014-11-26,,170.57191467285156
2014-11-28,,170.21044921875
2014-12-01,,169.02752685546875
2014-12-02,,170.12005615234375
2014-12-03,,170.77728271484375
2014-12-04,,170.58834838867188
2014-12-05,,170.8676300048828
2014-12-08,,169.72576904296875
2014-12-09,,169.61077880859375
2014-12-10,,166.89173889160156
2014-12-11,,167.73777770996094
2014-12-12,,165.02691650390625
2014-12-15,,163.89329528808594
2014-12-16,,162.5789031982422
2014-12-17,,165.7662353515625
2014-12-18,,169.86546325683594
2014-12-19,,170.5881805419922
2014-12-22,,171.3729248046875
2014-12-23,,171.6042022705078
2014-12-24,,171.6207275390625
2014-12-26,,172.1741485595703
2014-12-29,,172.40541076660156
2014-12-30,,171.48033142089844
2014-12-31,,169.77867126464844
2015-01-02,,169.68785095214844
2015-01-05,,166.62330627441406
2015-01-06,,165.05392456054688
2015-01-07,,167.11074829101562
2015-01-08,,170.07606506347656
2015-01-09,,168.71319580078125
2015-01-12,,167.3915252685547
2015-01-13,,166.9207305908203
2015-01-14,,165.91297912597656
2015-01-15,,164.39305114746094
2015-01-16,,166.54904174804688
2015-01-20,,166.90419006347656
2015-01-21,,167.74671936035156
2015-01-22,,170.24127197265625
2015-01-23,,169.30784606933594
2015-01-26,,169.704345703125
2015-01-27,,167.46591186523438
2015-01-28,,165.31826782226562
2015-01-29,,166.84634399414062
2015-01-30,,164.74826049804688
2015-02-02,,166.78855895996094
2015-02-03,,169.20050048828125
2015-02-04,,168.55621337890625
2015-02-05,,170.25779724121094
2015-02-06,,169.7869873046875
2015-02-09,,169.027099609375
2015-02-10,,170.8277587890625
2015-02-11,,170.9268341064453
2015-02-12,,172.57061767578125
2015-02-13,,173.281005859375
2015-02-17,,173.55361938476562
2015-02-18,,173.57008361816406
2015-02-19,,173.44613647460938
2015-02-20,,174.48699951171875
2015-02-23,,174.46221923828125
2015-02-24,,174.9578094482422
2015-02-25,,174.8091278076172
2015-02-26,,174.60264587402344
2015-02-27,,174.00790405273438
2015-03-02,,175.1064910888672
2015-03-03,,174.38783264160156
2015-03-04,,173.65269470214844
2015-03-05,,173.84268188476562
2015-03-06,,171.39767456054688
2015-03-09,,172.10806274414062
2015-03-10,,169.31617736816406
2015-03-11,,168.91964721679688
2015-03-12,,171.06729125976562
2015-03-13,,170.0182342529297
2015-03-16,,172.28976440429688
2015-03-17,,171.77767944335938
2015-03-18,,173.84268188476562
2015-03-19,,173.0497589111328
2015-03-20,,174.5771942138672
2015-03-23,,174.237060546875
2015-03-24,,173.25799560546875
2015-03-25,,170.71910095214844
2015-03-26,,170.3125762939453
2015-03-27,,170.7024688720703
2015-03-30,,172.78506469726562
2015-03-31,,171.2749786376953
2015-04-01,,170.6693115234375
2015-04-02,,171.28329467773438
2015-04-06,,172.43655395507812
2015-04-07,,171.98023986816406
2015-04-08,,172.56101989746094
2015-04-09,,173.32435607910156
2015-04-10,,174.27020263671875
2015-04-13,,173.48199462890625
2015-04-14,,173.8139190673828
2015-04-15,,174.59375
2015-04-16,,174.5440216064453
2015-04-17,,172.53610229492188
2015-04-20,,174.11256408691406
2015-04-21,,173.9051971435547
2015-04-22,,174.75979614257812
2015-04-23,,175.19943237304688
2015-04-24,,175.6060333251953
2015-04-27,,174.87586975097656
2015-04-28,,175.4318389892578
2015-04-29,,174.70994567871094
2015-04-30,,172.95928955078125
2015-05-01,,174.83444213867188
2015-05-04,,175.33221435546875
2015-05-05,,173.32435607910156
2015-05-06,,172.61082458496094
2015-05-07,,173.2994384765625
2015-05-08,,175.58114624023438
2015-05-11,,174.7431640625
2015-05-12,,174.22042846679688
2015-05-13,,174.2535858154297
2015-05-14,,176.07069396972656
2015-05-15,,176.2615203857422
2015-05-18,,176.80906677246094
2015-05-19,,176.7509765625
2015-05-20,,176.6265869140625
2015-05-21,,177.14088439941406
2015-05-22,,176.7178192138672
2015-05-26,,174.81781005859375
2015-05-27,,176.4772186279297
2015-05-28,,176.27813720703125
2015-05-29,,175.18284606933594
2015-06-01,,175.5396728515625
2015-06-02,,175.3654327392578
2015-06-03,,175.830078125
2015-06-04,,174.3448486328125
2015-06-05,,174.04617309570312
2015-06-08,,172.97592163085938
2015-06-09,,172.9510040283203
2015-06-10,,175.0252685546875
2015-06-11,,175.58941650390625
2015-06-12,,174.24530029296875
2015-06-15,,173.4986114501953
2015-06-16,,174.44444274902344
2015-06-17,,174.72653198242188
2015-06-18,,176.54356384277344
2015-06-19,,175.7598876953125
2015-06-22,,176.6603546142578
2015-06-23,,176.78536987304688
2015-06-24,,175.50140380859375
2015-06-25,,174.96786499023438
2015-06-26,,174.9344940185547
2015-06-29,,171.26600646972656
2015-06-30,,171.6245574951172
2015-07-01,,173.0001983642578
2015-07-02,,172.8418426513672
2015-07-06,,172.34994506835938
2015-07-07,,173.43374633789062
2015-07-08,,170.5240020751953
2015-07-09,,170.83248901367188
2015-07-10,,172.98353576660156
2015-07-13,,174.89285278320312
2015-07-14,,175.65145874023438
2015-07-15,,175.5931396484375
2015-07-16,,177.00213623046875
2015-07-17,,177.15223693847656
2015-07-20,,177.243896484375
2015-07-21,,176.5435791015625
2015-07-22,,176.22679138183594
2015-07-23,,175.2346649169922
2015-07-24,,173.4171142578125
2015-07-27,,172.40829467773438
2015-07-28,,174.52597045898438
2015-07-29,,175.72653198242188
2015-07-30,,175.76820373535156
2015-07-31,,175.50140380859375
2015-08-03,,174.90945434570312
2015-08-04,,174.5676727294922
2015-08-05,,175.1429443359375
2015-08-06,,173.70889282226562
2015-08-07,,173.37538146972656
2015-08-10,,175.559814453125
2015-08-11,,173.97567749023438
2015-08-12,,174.1841583251953
2015-08-13,,173.9673309326172
2015-08-14,,174.60092163085938
2015-08-17,,175.57647705078125
2015-08-18,,175.06788635253906
2015-08-19,,173.68386840820312
2015-08-20,,170.05711364746094
2015-08-21,,164.93800354003906
2015-08-24,,157.99295043945312
2015-08-25,,156.13372802734375
2015-08-26,,162.12832641601562
2015-08-27,,166.1385498046875
2015-08-28,,166.1468505859375
2015-08-31,,164.80459594726562
2015-09-01,,159.88552856445312
2015-09-02,,162.9203338623047
2015-09-03,,163.03709411621094
2015-09-04,,160.5692596435547
2015-09-08,,164.60447692871094
2015-09-09,,162.40345764160156
2015-09-10,,163.28720092773438
2015-09-11,,164.02926635742188
2015-09-14,,163.4205780029297
2015-09-15,,165.4632568359375
2015-09-16,,166.89723205566406
2015-09-17,,166.5220489501953
2015-09-18,,163.8008575439453
2015-09-21,,164.64735412597656
2015-09-22,,162.51022338867188
2015-09-23,,162.2504425048828
2015-09-24,,161.66380310058594
2015-09-25,,161.6218719482422
2015-09-28,,157.5656280517578
2015-09-29,,157.6578369140625
2015-09-30,,160.59942626953125
2015-10-01,,161.0184783935547
2015-10-02,,163.42373657226562
2015-10-05,,166.33184814453125
2015-10-06,,165.76194763183594
2015-10-07,,167.11959838867188
2015-10-08,,168.62815856933594
2015-10-09,,168.72872924804688
2015-10-12,,168.88795471191406
2015-10-13,,167.82357788085938
2015-10-14,,167.01907348632812
2015-10-15,,169.58355712890625
2015-10-16,,170.3545379638672
2015-10-19,,170.43838500976562
2015-10-20,,170.22047424316406
2015-10-21,,169.16456604003906
2015-10-22,,172.02235412597656
2015-10-23,,173.90798950195312
2015-10-26,,173.4805908203125
2015-10-27,,173.14535522460938
2015-10-28,,175.1148223876953
2015-10-29,,175.01419067382812
2015-10-30,,174.25997924804688
2015-11-02,,176.3216552734375
2015-11-03,,176.83285522460938
2015-11-04,,176.2964630126953
2015-11-05,,176.12045288085938
2015-11-06,,176.02828979492188
2015-11-09,,174.3856964111328
2015-11-10,,174.78794860839844
2015-11-11,,174.10076904296875
2015-11-12,,171.6703643798828
2015-11-13,,169.74281311035156
2015-11-16,,172.3240966796875
2015-11-17,,172.19833374023438
2015-11-18,,174.93048095703125
2015-11-19,,174.77957153320312
2015-11-20,,175.41647338867188
2015-11-23,,175.2154083251953
2015-11-24,,175.45001220703125
2015-11-25,,175.42491149902344
2015-11-27,,175.62606811523438
2015-11-30,,174.89691162109375
2015-12-01,,176.56463623046875
2015-12-02,,174.76283264160156
2015-12-03,,172.31565856933594
2015-12-04,,175.6763458251953
2015-12-07,,174.61196899414062
2015-12-08,,173.43862915039062
2015-12-09,,172.08941650390625
2015-12-10,,172.5335693359375
2015-12-11,,169.1896209716797
2015-12-14,,170.04449462890625
2015-12-15,,171.82958984375
2015-12-16,,174.34381103515625
2015-12-17,,171.68710327148438
2015-12-18,,168.6285400390625
2015-12-21,,170.01947021484375
2015-12-22,,171.56236267089844
2015-12-23,,173.68682861328125
2015-12-24,,173.40020751953125
2015-12-28,,173.00396728515625
2015-12-29,,174.85028076171875
2015-12-30,,173.61094665527344
2015-12-31,,171.8742218017578
2016-01-04,,169.4715576171875
2016-01-05,,169.75819396972656
2016-01-06,,167.61683654785156
2016-01-07,,163.5954132080078
2016-01-08,,161.79974365234375
2016-01-11,,161.95994567871094
2016-01-12,,163.2666473388672
2016-01-13,,159.19467163085938
2016-01-14,,161.80813598632812
2016-01-15,,158.33477783203125
2016-01-19,,158.54551696777344
2016-01-20,,156.51380920410156
2016-01-21,,157.39053344726562
2016-01-22,,160.6194610595703
2016-01-25,,158.19143676757812
2016-01-26,,160.34970092773438
2016-01-27,,158.6044921875
2016-01-28,,159.43077087402344
2016-01-29,,163.3172149658203
2016-02-01,,163.25820922851562
2016-02-02,,160.31594848632812
2016-02-03,,161.2770233154297
2016-02-04,,161.5299072265625
2016-02-05,,158.45281982421875
2016-02-08,,156.31982421875
2016-02-09,,156.32826232910156
2016-02-10,,156.19337463378906
2016-02-11,,154.16160583496094
2016-02-12,,157.33998107910156
2016-02-16,,159.99557495117188
2016-02-17,,162.60906982421875
2016-02-18,,161.94305419921875
2016-02-19,,161.86715698242188
2016-02-22,,164.21087646484375
2016-02-23,,162.13694763183594
2016-02-24,,162.8788299560547
2016-02-25,,164.85157775878906
2016-02-26,,164.47222900390625
2016-02-29,,163.1824188232422
2016-03-01,,167.01828002929688
2016-03-02,,167.76853942871094
2016-03-03,,168.4261474609375
2016-03-04,,168.9741668701172
2016-03-07,,169.10903930664062
2016-03-08,,167.2627410888672
2016-03-09,,168.0889892578125
2016-03-10,,168.2238311767578
2016-03-11,,170.93846130371094
2016-03-14,,170.7192840576172
2016-03-15,,170.44102478027344
2016-03-16,,171.4274444580078
2016-03-17,,172.51498413085938
2016-03-18,,173.19293212890625
2016-03-21,,173.4386749267578
2016-03-22,,173.34542846679688
2016-03-23,,172.20143127441406
2016-03-24,,172.12515258789062
2016-03-28,,172.22689819335938
2016-03-29,,173.8199920654297
2016-03-30,,174.58267211914062
2016-03-31,,174.15896606445312
2016-04-01,,175.3453369140625
2016-04-04,,174.77755737304688
2016-04-05,,173.03184509277344
2016-04-06,,174.92160034179688
2016-04-07,,172.82852172851562
2016-04-08,,173.29461669921875
2016-04-11,,172.8878173828125
2016-04-12,,174.4979248046875
2016-04-13,,176.26052856445312
2016-04-14,,176.26898193359375
2016-04-15,,176.07408142089844
2016-04-18,,177.311279296875
2016-04-19,,177.87059020996094
2016-04-20,,178.0400848388672
2016-04-21,,177.08253479003906
2016-04-22,,177.08253479003906
2016-04-25,,176.77749633789062
2016-04-26,,177.04010009765625
2016-04-27,,177.40452575683594
2016-04-28,,175.79441833496094
2016-04-29,,174.8453369140625
2016-05-02,,176.235107421875
2016-05-03,,174.70127868652344
2016-05-04,,173.72674560546875
2016-05-05,,173.69287109375
2016-05-06,,174.32843017578125
2016-05-09,,174.4724884033203
2016-05-10,,176.64187622070312
2016-05-11,,174.9894256591797
2016-05-12,,175.040283203125
2016-05-13,,173.51490783691406
2016-05-16,,175.2266845703125
2016-05-17,,173.5911865234375
2016-05-18,,173.6420440673828
2016-05-19,,173.04039001464844
2016-05-20,,174.133544921875
2016-05-23,,173.8963165283203
2016-05-24,,176.1503448486328
2016-05-25,,177.34521484375
2016-05-26,,177.3960723876953
2016-05-27,,178.15875244140625
2016-05-31,,177.81976318359375
2016-06-01,,178.1841278076172
2016-06-02,,178.72647094726562
2016-06-03,,178.19261169433594
2016-06-06,,179.099365234375
2016-06-07,,179.3789520263672
2016-06-08,,179.96372985839844
2016-06-09,,179.71792602539062
2016-06-10,,178.01466369628906
2016-06-13,,176.64187622070312
2016-06-14,,176.29437255859375
2016-06-15,,176.0487060546875
2016-06-16,,176.57406616210938
2016-06-17,,175.91648864746094
2016-06-20,,177.0493621826172
2016-06-21,,177.55194091796875
2016-06-22,,177.26234436035156
2016-06-23,,179.57077026367188
2016-06-24,,173.12255859375
2016-06-27,,170.0219268798828
2016-06-28,,173.0884552001953
2016-06-29,,176.03570556640625
2016-06-30,,178.43785095214844
2016-07-01,,178.81260681152344
2016-07-05,,177.52635192871094
2016-07-06,,178.59117126464844
2016-07-07,,178.4804229736328
2016-07-08,,181.13807678222656
2016-07-11,,181.7769012451172
2016-07-12,,183.0972442626953
2016-07-13,,183.07171630859375
2016-07-14,,184.09378051757812
2016-07-15,,183.8468475341797
2016-07-18,,184.3409423828125
2016-07-19,,184.1535186767578
2016-07-20,,184.9201202392578
2016-07-21,,184.22166442871094
2016-07-22,,185.04786682128906
2016-07-25,,184.5453338623047
2016-07-26,,184.63050842285156
2016-07-27,,184.43458557128906
2016-07-28,,184.64752197265625
2016-07-29,,184.94570922851562
2016-08-01,,184.79234313964844
2016-08-02,,183.6083526611328
2016-08-03,,184.14503479003906
2016-08-04,,184.3409423828125
2016-08-05,,185.84866333007812
2016-08-08,,185.7378387451172
2016-08-09,,185.84866333007812
2016-08-10,,185.388671875
2016-08-11,,186.2489471435547
2016-08-12,,186.0871124267578
2016-08-15,,186.62374877929688
2016-08-16,,185.6612091064453
2016-08-17,,186.0104522705078
2016-08-18,,186.4278564453125
2016-08-19,,186.15530395507812
2016-08-22,,186.14671325683594
2016-08-23,,186.52151489257812
2016-08-24,,185.5675048828125
2016-08-25,,185.43971252441406
2016-08-26,,185.09046936035156
2016-08-29,,186.00192260742188
2016-08-30,,185.69529724121094
2016-08-31,,185.16714477539062
2016-09-01,,185.17564392089844
2016-09-02,,186.0104522705078
2016-09-06,,186.57266235351562
2016-09-07,,186.5556182861328
2016-09-08,,186.12969970703125
2016-09-09,,181.67465209960938
2016-09-12,,184.2812957763672
2016-09-13,,181.6322021484375
2016-09-14,,181.56399536132812
2016-09-15,,183.37835693359375
2016-09-16,,182.66946411132812
2016-09-19,,182.70370483398438
2016-09-20,,182.71229553222656
2016-09-21,,184.7669677734375
2016-09-22,,185.93124389648438
2016-09-23,,184.91253662109375
2016-09-26,,183.414306640625
2016-09-27,,184.55291748046875
2016-09-28,,185.46897888183594
2016-09-29,,183.79098510742188
2016-09-30,,185.1779022216797
2016-10-03,,184.73269653320312
2016-10-04,,183.79098510742188
2016-10-05,,184.6043243408203
2016-10-06,,184.73269653320312
2016-10-07,,184.09918212890625
2016-10-10,,185.0580291748047
2016-10-11,,182.72079467773438
2016-10-12,,182.9605712890625
2016-10-13,,182.36126708984375
2016-10-14,,182.4554443359375
2016-10-17,,181.82196044921875
2016-10-18,,182.9605712890625
2016-10-19,,183.4485626220703
2016-10-20,,183.10610961914062
2016-10-21,,183.19168090820312
2016-10-24,,183.9707489013672
2016-10-25,,183.35443115234375
2016-10-26,,182.98623657226562
2016-10-27,,182.4982452392578
2016-10-28,,181.9589080810547
2016-10-31,,181.96749877929688
2016-11-01,,180.64901733398438
2016-11-02,,179.5618133544922
2016-11-03,,178.7399139404297
2016-11-04,,178.54299926757812
2016-11-07,,182.4811553955078
2016-11-08,,183.30299377441406
2016-11-09,,185.24639892578125
2016-11-10,,185.70867919921875
2016-11-11,,185.28065490722656
2016-11-14,,185.4261932373047
2016-11-15,,186.87301635742188
2016-11-16,,186.5220489501953
2016-11-17,,187.48085021972656
2016-11-18,,187.06130981445312
2016-11-21,,188.47390747070312
2016-11-22,,188.8420867919922
2016-11-23,,188.94479370117188
2016-11-25,,189.6467742919922
2016-11-28,,188.7564697265625
2016-11-29,,189.12457275390625
2016-11-30,,188.67088317871094
2016-12-01,,187.9774169921875
2016-12-02,,188.07159423828125
2016-12-05,,189.2016143798828
2016-12-06,,189.8009033203125
2016-12-07,,192.28367614746094
2016-12-08,,192.75454711914062
2016-12-09,,193.91885375976562
2016-12-12,,193.6962432861328
2016-12-13,,194.98899841308594
2016-12-14,,193.3794708251953
2016-12-15,,194.17564392089844
2016-12-16,,193.7958984375
2016-12-19,,194.21791076660156
2016-12-20,,194.96710205078125
2016-12-21,,194.42454528808594
2016-12-22,,194.08872985839844
2016-12-23,,194.37290954589844
2016-12-27,,194.8551483154297
2016-12-28,,193.2447967529297
2016-12-29,,193.2017059326172
2016-12-30,,192.49554443359375
2017-01-03,,193.9681396484375
2017-01-04,,195.12208557128906
2017-01-05,,194.96710205078125
2017-01-06,,195.66465759277344
2017-01-09,,195.0187530517578
2017-01-10,,195.0187530517578
2017-01-11,,195.5699005126953
2017-01-12,,195.07896423339844
2017-01-13,,195.5269012451172
2017-01-17,,194.83792114257812
2017-01-18,,195.26849365234375
2017-01-19,,194.5451202392578
2017-01-20,,195.2598876953125
2017-01-23,,194.7518310546875
2017-01-24,,196.00051879882812
2017-01-25,,197.697021484375
2017-01-26,,197.4903106689453
2017-01-27,,197.18023681640625
2017-01-30,,195.95741271972656
2017-01-31,,195.9401397705078
2017-02-01,,196.01768493652344
2017-02-02,,196.14691162109375
2017-02-03,,197.49893188476562
2017-02-06,,197.14584350585938
2017-02-07,,197.15444946289062
2017-02-08,,197.4127655029297
2017-02-09,,198.58395385742188
2017-02-10,,199.3676300048828
2017-02-13,,200.4526824951172
2017-02-14,,201.25360107421875
2017-02-15,,202.3041534423828
2017-02-16,,202.1319122314453
2017-02-17,,202.45057678222656
2017-02-21,,203.65621948242188
2017-02-22,,203.47540283203125
2017-02-23,,203.6131591796875
2017-02-24,,203.87152099609375
2017-02-27,,204.19015502929688
2017-02-28,,203.63900756835938
2017-03-01,,206.4894256591797
2017-03-02,,205.18910217285156
2017-03-03,,205.31826782226562
2017-03-06,,204.70684814453125
2017-03-07,,204.0953826904297
2017-03-08,,203.71649169921875
2017-03-09,,203.97488403320312
2017-03-10,,204.6896209716797
2017-03-13,,204.79295349121094
2017-03-14,,204.00921630859375
2017-03-15,,205.77468872070312
2017-03-16,,205.36990356445312
2017-03-17,,205.00924682617188
2017-03-20,,204.78440856933594
2017-03-21,,202.15501403808594
2017-03-22,,202.63079833984375
2017-03-23,,202.41456604003906
2017-03-24,,202.2675018310547
2017-03-27,,202.05990600585938
2017-03-28,,203.5302734375
2017-03-29,,203.7205810546875
2017-03-30,,204.3692626953125
2017-03-31,,203.89352416992188
2017-04-03,,203.5389862060547
2017-04-04,,203.6686553955078
2017-04-05,,203.06321716308594
2017-04-06,,203.6341094970703
2017-04-07,,203.4264678955078
2017-04-10,,203.54762268066406
2017-04-11,,203.30538940429688
2017-04-12,,202.41456604003906
2017-04-13,,201.09986877441406
2017-04-17,,202.88162231445312
2017-04-18,,202.27613830566406
2017-04-19,,201.9042510986328
2017-04-20,,203.54762268066406
2017-04-21,,202.89889526367188
2017-04-24,,205.13038635253906
2017-04-25,,206.32394409179688
2017-04-26,,206.19419860839844
2017-04-27,,206.36715698242188
2017-04-28,,205.91744995117188
2017-05-01,,206.43634033203125
2017-05-02,,206.51425170898438
2017-05-03,,206.26336669921875
2017-05-04,,206.50555419921875
2017-05-05,,207.3185577392578
2017-05-08,,207.28399658203125
2017-05-09,,207.09373474121094
2017-05-10,,207.46559143066406
2017-05-11,,207.04177856445312
2017-05-12,,206.69580078125
2017-05-15,,207.8375244140625
2017-05-16,,207.647216796875
2017-05-17,,203.96275329589844
2017-05-18,,204.78440856933594
2017-05-19,,206.1163330078125
2017-05-22,,207.1628875732422
2017-05-23,,207.62127685546875
2017-05-24,,208.1056365966797
2017-05-25,,209.1002197265625
2017-05-26,,209.05702209472656
2017-05-30,,208.87538146972656
2017-05-31,,208.82354736328125
2017-06-01,,210.48411560058594
2017-06-02,,211.18470764160156
2017-06-05,,211.029052734375
2017-06-06,,210.35440063476562
2017-06-07,,210.74362182617188
2017-06-08,,210.84742736816406
2017-06-09,,210.52740478515625
2017-06-12,,210.48411560058594
2017-06-13,,211.5133819580078
2017-06-14,,211.24525451660156
2017-06-15,,210.83877563476562
2017-06-16,,210.8848114013672
2017-06-19,,212.64047241210938
2017-06-20,,211.20640563964844
2017-06-21,,211.1542205810547
2017-06-22,,211.05865478515625
2017-06-23,,211.3106689453125
2017-06-26,,211.44973754882812
2017-06-27,,209.7462615966797
2017-06-28,,211.62355041503906
2017-06-29,,209.76365661621094
2017-06-30,,210.15478515625
2017-07-03,,210.5111083984375
2017-07-05,,210.997802734375
2017-07-06,,209.06832885742188
2017-07-07,,210.42413330078125
2017-07-10,,210.65016174316406
2017-07-11,,210.4936981201172
2017-07-12,,212.0754852294922
2017-07-13,,212.4318389892578
2017-07-14,,213.42269897460938
2017-07-17,,213.39662170410156
2017-07-18,,213.50958251953125
2017-07-19,,214.66555786132812
2017-07-20,,214.76109313964844
2017-07-21,,214.5699005126953
2017-07-24,,214.5177459716797
2017-07-25,,215.0392303466797
2017-07-26,,215.04788208007812
2017-07-27,,214.84805297851562
2017-07-28,,214.59597778320312
2017-07-31,,214.4743194580078
2017-08-01,,214.9523468017578
2017-08-02,,215.056640625
2017-08-03,,214.63946533203125
2017-08-04,,215.030517578125
2017-08-07,,215.43032836914062
2017-08-08,,214.90016174316406
2017-08-09,,214.8914337158203
2017-08-10,,211.85824584960938
2017-08-11,,212.1710968017578
2017-08-14,,214.2743682861328
2017-08-15,,214.24832153320312
2017-08-16,,214.62205505371094
2017-08-17,,211.2759246826172
2017-08-18,,210.9456787109375
2017-08-21,,211.11077880859375
2017-08-22,,213.31837463378906
2017-08-23,,212.5535125732422
2017-08-24,,212.05810546875
2017-08-25,,212.5535125732422
2017-08-28,,212.5621795654297
2017-08-29,,212.8055877685547
2017-08-30,,213.8137664794922
2017-08-31,,215.10011291503906
2017-09-01,,215.40426635742188
2017-09-05,,213.85719299316406
2017-09-06,,214.58729553222656
2017-09-07,,214.56121826171875
2017-09-08,,214.30918884277344
2017-09-11,,216.59498596191406
2017-09-12,,217.32504272460938
2017-09-13,,217.4293212890625
2017-09-14,,217.35983276367188
2017-09-15,,217.65240478515625
2017-09-18,,218.11534118652344
2017-09-19,,218.33372497558594
2017-09-20,,218.41229248046875
2017-09-21,,217.82713317871094
2017-09-22,,217.8707275390625
2017-09-25,,217.42532348632812
2017-09-26,,217.5563201904297
2017-09-27,,218.40359497070312
2017-09-28,,218.66563415527344
2017-09-29,,219.4342041015625
2017-10-02,,220.38621520996094
2017-10-03,,220.85794067382812
2017-10-04,,221.1199493408203
2017-10-05,,222.43008422851562
2017-10-06,,222.17681884765625
2017-10-09,,221.80996704101562
2017-10-10,,222.3952178955078
2017-10-11,,222.74462890625
2017-10-12,,222.4126434326172
2017-10-13,,222.6833953857422
2017-10-16,,222.98037719726562
2017-10-17,,223.13755798339844
2017-10-18,,223.35597229003906
2017-10-19,,223.4171142578125
2017-10-20,,224.57008361816406
2017-10-23,,223.69659423828125
2017-10-24,,224.0896759033203
2017-10-25,,222.98037719726562
2017-10-26,,223.26864624023438
2017-10-27,,225.09405517578125
2017-10-30,,224.255615234375
2017-10-31,,224.60501098632812
2017-11-01,,224.90194702148438
2017-11-02,,224.9893035888672
2017-11-03,,225.740478515625
2017-11-06,,226.0897979736328
2017-11-07,,225.93264770507812
2017-11-08,,226.31692504882812
2017-11-09,,225.4958953857422
2017-11-10,,225.426025390625
2017-11-13,,225.63568115234375
2017-11-14,,225.11158752441406
2017-11-15,,223.98484802246094
2017-11-16,,225.88897705078125
2017-11-17,,225.22509765625
2017-11-20,,225.6094512939453
2017-11-21,,227.08555603027344
2017-11-22,,226.8846435546875
2017-11-24,,227.40870666503906
2017-11-27,,227.29519653320312
2017-11-28,,229.60107421875
2017-11-29,,229.46133422851562
2017-11-30,,231.47030639648438
2017-12-01,,230.98985290527344
2017-12-04,,230.71034240722656
2017-12-05,,229.88052368164062
2017-12-06,,229.92417907714844
2017-12-07,,230.64918518066406
2017-12-08,,231.90695190429688
2017-12-11,,232.60562133789062
2017-12-12,,233.01622009277344
2017-12-13,,232.9900360107422
2017-12-14,,232.0379180908203
2017-12-15,,233.97024536132812
2017-12-18,,235.45387268066406
2017-12-19,,234.5496063232422
2017-12-20,,234.42674255371094
2017-12-21,,234.90960693359375
2017-12-22,,234.84817504882812
2017-12-26,,234.5671844482422
2017-12-27,,234.68130493164062
2017-12-28,,235.1641387939453
2017-12-29,,234.27749633789062
2018-01-02,,235.95431518554688
2018-01-03,,237.4467010498047
2018-01-04,,238.44760131835938
2018-01-05,,240.0365447998047
2018-01-08,,240.4755401611328
2018-01-09,,241.01983642578125
2018-01-10,,240.6510009765625
2018-01-11,,242.4068603515625
2018-01-12,,243.9871826171875
2018-01-16,,243.15309143066406
2018-01-17,,245.47080993652344
2018-01-18,,245.0581512451172
2018-01-19,,246.17308044433594
2018-01-22,,248.1746826171875
2018-01-23,,248.7014923095703
2018-01-24,,248.6049041748047
2018-01-25,,248.71029663085938
2018-01-26,,251.58985900878906
2018-01-29,,249.9217071533203
2018-01-30,,247.35824584960938
2018-01-31,,247.48121643066406
2018-02-01,,247.2002410888672
2018-02-02,,241.8187255859375
2018-02-05,,231.70521545410156
2018-02-06,,236.27037048339844
2018-02-07,,234.98861694335938
2018-02-08,,226.17445373535156
2018-02-09,,229.57192993164062
2018-02-12,,232.9430389404297
2018-02-13,,233.5225372314453
2018-02-14,,236.67413330078125
2018-02-15,,239.6941375732422
2018-02-16,,239.76437377929688
2018-02-20,,238.26321411132812
2018-02-21,,237.0780487060547
2018-02-22,,237.38522338867188
2018-02-23,,241.16908264160156
2018-02-26,,243.96957397460938
2018-02-27,,240.9232635498047
2018-02-28,,238.4826202392578
2018-03-01,,235.0149383544922
2018-03-02,,236.22640991210938
2018-03-05,,238.9567413330078
2018-03-06,,239.56246948242188
2018-03-07,,239.4746551513672
2018-03-08,,240.63351440429688
2018-03-09,,244.82113647460938
2018-03-12,,244.51390075683594
2018-03-13,,242.93370056152344
2018-03-14,,241.68695068359375
2018-03-15,,241.42361450195312
2018-03-16,,241.6854248046875
2018-03-19,,238.4153289794922
2018-03-20,,238.82083129882812
2018-03-21,,238.36251831054688
2018-03-22,,232.40402221679688
2018-03-23,,227.45046997070312
2018-03-26,,233.6732940673828
2018-03-27,,229.69813537597656
2018-03-28,,229.0194549560547
2018-03-29,,231.9456787109375
2018-04-02,,226.93927001953125
2018-04-03,,229.84796142578125
2018-04-04,,232.30711364746094
2018-04-05,,234.1404571533203
2018-04-06,,228.92250061035156
2018-04-09,,230.0507049560547
2018-04-10,,233.70863342285156
2018-04-11,,232.4833526611328
2018-04-12,,234.3960723876953
2018-04-13,,233.70863342285156
2018-04-16,,235.63009643554688
2018-04-17,,238.1509246826172
2018-04-18,,238.32717895507812
2018-04-19,,237.00509643554688
2018-04-20,,234.99539184570312
2018-04-23,,234.96023559570312
2018-04-24,,231.79588317871094
2018-04-25,,232.36883544921875
2018-04-26,,234.73101806640625
2018-04-27,,234.95140075683594
2018-04-30,,233.14450073242188
2018-05-01,,233.55874633789062
2018-05-02,,231.98980712890625
2018-05-03,,231.47853088378906
2018-05-04,,234.4753875732422
2018-05-07,,235.26870727539062
2018-05-08,,235.26870727539062
2018-05-09,,237.54270935058594
2018-05-10,,239.76393127441406
2018-05-11,,240.4955291748047
2018-05-14,,240.61007690429688
2018-05-15,,238.9530792236328
2018-05-16,,239.95787048339844
2018-05-17,,239.755126953125
2018-05-18,,239.15570068359375
2018-05-21,,240.95387268066406
2018-05-22,,240.28402709960938
2018-05-23,,240.94505310058594
2018-05-24,,240.451416015625
2018-05-25,,239.8785400390625
2018-05-29,,237.1196746826172
2018-05-30,,240.28402709960938
2018-05-31,,238.81198120117188
2018-06-01,,241.15660095214844
2018-06-04,,242.3024139404297
2018-06-05,,242.4786834716797
2018-06-06,,244.5059814453125
2018-06-07,,244.47950744628906
2018-06-08,,245.2022705078125
2018-06-11,,245.52845764160156
2018-06-12,,245.84571838378906
2018-06-13,,245.06126403808594
2018-06-14,,245.6782684326172
2018-06-15,,245.36485290527344
2018-06-18,,244.86013793945312
2018-06-19,,243.92166137695312
2018-06-20,,244.33779907226562
2018-06-21,,242.8060760498047
2018-06-22,,243.24874877929688
2018-06-25,,239.93751525878906
2018-06-26,,240.46873474121094
2018-06-27,,238.4766082763672
2018-06-28,,239.84002685546875
2018-06-29,,240.18533325195312
2018-07-02,,240.6988067626953
2018-07-03,,239.84889221191406
2018-07-05,,241.80560302734375
2018-07-06,,243.850830078125
2018-07-09,,246.0465850830078
2018-07-10,,246.93186950683594
2018-07-11,,245.1257781982422
2018-07-12,,247.34803771972656
2018-07-13,,247.5427703857422
2018-07-16,,247.32151794433594
2018-07-17,,248.322021484375
2018-07-18,,248.84434509277344
2018-07-19,,247.9058380126953
2018-07-20,,247.62249755859375
2018-07-23,,248.08302307128906
2018-07-24,,249.33123779296875
2018-07-25,,251.45626831054688
2018-07-26,,250.8630828857422
2018-07-27,,249.1630859375
2018-07-30,,247.86163330078125
2018-07-31,,249.08340454101562
2018-08-01,,248.66729736328125
2018-08-02,22.777873992919922,250.02197265625
2018-08-03,22.88677215576172,251.09327697753906
2018-08-06,22.941219329833984,252.0139617919922
2018-08-07,23.06827163696289,252.84629821777344
2018-08-08,23.05919647216797,252.74005126953125
2018-08-09,23.086414337158203,252.39476013183594
2018-08-10,22.941219329833984,250.7036895751953
2018-08-13,22.88677215576172,249.76519775390625
2018-08-14,22.977523803710938,251.35874938964844
2018-08-15,22.832326889038086,249.4818115234375
2018-08-16,23.031967163085938,251.50050354003906
2018-08-17,23.104564666748047,252.3858642578125
2018-08-20,23.186233520507812,252.9259490966797
2018-08-21,23.23161506652832,253.5192413330078
2018-08-22,23.213462829589844,253.36866760253906
2018-08-23,23.177167892456055,253.0322265625
2018-08-24,23.322364807128906,254.55511474609375
2018-08-27,23.458484649658203,256.5648498535156
2018-08-28,23.431257247924805,256.68878173828125
2018-08-29,23.54923439025879,258.0699768066406
2018-08-30,23.49478530883789,257.02520751953125
2018-08-31,23.431257247924805,257.0341491699219
2018-09-04,23.40403938293457,256.5914001464844
2018-09-05,23.40403938293457,255.90081787109375
2018-09-06,23.23161506652832,255.13064575195312
2018-09-07,23.240692138671875,254.634765625
2018-09-10,23.23161506652832,255.07742309570312
2018-09-11,23.304210662841797,255.9185791015625
2018-09-12,23.2497615814209,255.98045349121094
2018-09-13,23.2497615814209,257.4945373535156
2018-09-14,23.41311264038086,257.5387878417969
2018-09-17,23.331438064575195,256.1753234863281
2018-09-18,23.394960403442383,257.5653076171875
2018-09-19,23.37681007385254,257.8398742675781
2018-09-20,23.558313369750977,259.9291687011719
2018-09-21,23.53108787536621,259.69171142578125
2018-09-24,23.449411392211914,258.82916259765625
2018-09-25,23.503986358642578,258.5890197753906
2018-09-26,23.44940948486328,257.81524658203125
2018-09-27,23.422122955322266,258.53558349609375
2018-09-28,23.4039306640625,258.5624084472656
2018-10-01,23.51308250427246,259.46063232421875
2018-10-02,23.503986358642578,259.309326171875
2018-10-03,23.48579216003418,259.4517517089844
2018-10-04,23.21291732788086,257.42388916015625
2018-10-05,23.067378997802734,255.9832000732422
2018-10-08,23.067378997802734,255.9832000732422
2018-10-09,23.049190521240234,255.60960388183594
2018-10-10,22.376089096069336,247.5160675048828
2018-10-11,22.203262329101562,242.06422424316406
2018-10-12,22.085023880004883,245.42599487304688
2018-10-15,22.21236228942871,244.0475616455078
2018-10-16,22.530717849731445,249.38385009765625
2018-10-17,22.548912048339844,249.4282684326172
2018-10-18,22.52161979675293,245.82626342773438
2018-10-19,22.439754486083984,245.6929473876953
2018-10-22,22.175973892211914,244.59011840820312
2018-10-23,22.15778350830078,243.34494018554688
2018-10-24,21.739364624023438,235.97186279296875
2018-10-25,21.948572158813477,240.20538330078125
2018-10-26,21.59383201599121,235.98072814941406
2018-10-29,21.439208984375,234.6733856201172
2018-10-30,21.657503128051758,238.15087890625
2018-10-31,22.012245178222656,240.69459533691406
2018-11-01,22.085023880004883,243.2559814453125
2018-11-02,21.821226119995117,241.81515502929688
2018-11-05,22.00315284729004,243.14927673339844
2018-11-06,22.075918197631836,244.6878662109375
2018-11-07,22.366992950439453,249.92633056640625
2018-11-08,22.49433135986328,249.47276306152344
2018-11-09,22.339698791503906,247.03585815429688
2018-11-12,22.339698791503906,242.42001342773438
2018-11-13,22.066822052001953,241.96636962890625
2018-11-14,21.975862503051758,240.31207275390625
2018-11-15,22.048629760742188,242.82017517089844
2018-11-16,22.048629760742188,243.45167541503906
2018-11-19,21.93947982788086,239.33383178710938
2018-11-20,21.466487884521484,234.90460205078125
2018-11-21,21.639310836791992,235.705078125
2018-11-23,21.639310836791992,234.130859375
2018-11-26,21.68479347229004,237.9107666015625
2018-11-27,21.693885803222656,238.71119689941406
2018-11-28,22.10320472717285,244.2076416015625
2018-11-29,22.10320472717285,243.67393493652344
2018-11-30,22.339698791503906,245.15927124023438
2018-12-03,22.339698791503906,248.405517578125
2018-12-04,22.15778350830078,240.3565673828125
2018-12-06,21.812135696411133,239.99195861816406
2018-12-07,21.675695419311523,234.4154815673828
2018-12-10,21.675695419311523,234.86021423339844
2018-12-11,21.63022232055664,234.91358947753906
2018-12-12,21.721174240112305,236.09637451171875
2018-12-13,21.702983856201172,236.0164337158203
2018-12-14,21.366430282592773,231.65834045410156
2018-12-17,20.975305557250977,227.1136474609375
2018-12-18,21.048072814941406,226.86460876464844
2018-12-19,20.81157875061035,223.46713256835938
2018-12-20,20.420454025268555,219.82957458496094
2018-12-21,20.111190795898438,215.32537841796875
2018-12-24,19.683019638061523,209.63580322265625
2018-12-26,20.44075584411621,220.2275848388672
2018-12-27,20.57770347595215,221.91842651367188
2018-12-28,20.650737762451172,221.63211059570312
2018-12-31,20.796804428100586,223.57339477539062
2019-01-02,20.906362533569336,223.80592346191406
2019-01-03,20.5594425201416,218.46531677246094
2019-01-04,21.088953018188477,225.7830047607422
2019-01-07,21.216758728027344,227.56317138671875
2019-01-08,21.344575881958008,229.70123291015625
2019-01-09,21.4176082611084,230.77471923828125
2019-01-10,21.49976921081543,231.58885192871094
2019-01-11,21.52716827392578,231.67823791503906
2019-01-14,21.4176082611084,230.26483154296875
2019-01-15,21.618457794189453,232.90382385253906
2019-01-16,21.682361602783203,233.46737670898438
2019-01-17,21.682361602783203,235.2386932373047
2019-01-18,21.99276351928711,238.3696746826172
2019-01-22,21.718875885009766,235.14923095703125
2019-01-23,21.801044464111328,235.64120483398438
2019-01-24,21.874082565307617,235.7664794921875
2019-01-25,22.011018753051758,237.76144409179688
2019-01-28,21.837560653686523,235.95433044433594
2019-01-29,21.846694946289062,235.64120483398438
2019-01-30,22.18447494506836,239.37161254882812
2019-01-31,22.430971145629883,241.47384643554688
2019-02-01,22.376197814941406,241.5902099609375
2019-02-04,22.485746383666992,243.28988647460938
2019-02-05,22.60443115234375,244.30975341796875
2019-02-06,22.5861759185791,243.98765563964844
2019-02-07,22.41271209716797,241.6617889404297
2019-02-08,22.421836853027344,241.95697021484375
2019-02-11,22.467493057250977,242.0911865234375
2019-02-12,22.704856872558594,245.20436096191406
2019-02-13,22.74137306213379,246.0004425048828
2019-02-14,22.74137306213379,245.45486450195312
2019-02-15,22.94222640991211,248.1295928955078
2019-02-19,23.006134033203125,248.55899047851562
2019-02-20,23.015254974365234,249.0599365234375
2019-02-21,22.91483497619629,248.17430114746094
2019-02-22,23.07916259765625,249.71299743652344
2019-02-25,23.106548309326172,250.05299377441406
2019-02-26,23.133941650390625,249.87396240234375
2019-02-27,23.07003402709961,249.7666473388672
2019-02-28,22.987873077392578,249.30148315429688
2019-03-01,23.088293075561523,250.85801696777344
2019-03-04,23.015254974365234,249.94554138183594
2019-03-05,23.04264259338379,249.6056365966797
2019-03-06,22.93309211730957,248.09385681152344
2019-03-07,22.787019729614258,246.0184326171875
2019-03-08,22.7596378326416,245.52630615234375
2019-03-11,23.060903549194336,249.08677673339844
2019-03-12,23.15220069885254,250.0260772705078
2019-03-13,23.29826545715332,251.68101501464844
2019-03-14,23.270883560180664,251.52003479003906
2019-03-15,23.380430221557617,252.76272583007812
2019-03-18,23.471725463867188,253.67918395996094
2019-03-19,23.435211181640625,253.74203491210938
2019-03-20,23.471725463867188,252.97828674316406
2019-03-21,23.690832138061523,255.83563232421875
2019-03-22,23.389558792114258,250.9116973876953
2019-03-25,23.380430221557617,250.72312927246094
2019-03-26,23.508697509765625,252.59193420410156
2019-03-27,23.45372772216797,251.27120971679688
2019-03-28,23.536182403564453,252.2235565185547
2019-03-29,23.646120071411133,253.81402587890625
2019-04-01,23.829345703125,256.8239440917969
2019-04-02,23.84766960144043,256.9497985839844
2019-04-03,23.84766960144043,257.3541564941406
2019-04-04,23.893484115600586,258.037109375
2019-04-05,23.9851016998291,259.28594970703125
2019-04-08,23.9851016998291,259.4836730957031
2019-04-09,23.893484115600586,258.1538391113281
2019-04-10,23.9851016998291,259.03436279296875
2019-04-11,23.994264602661133,258.9625244140625
2019-04-12,24.067550659179688,260.71466064453125
2019-04-15,24.076711654663086,260.54388427734375
2019-04-16,24.049232482910156,260.71466064453125
2019-04-17,24.012582778930664,260.0766296386719
2019-04-18,24.05838966369629,260.5887756347656
2019-04-22,24.076711654663086,260.8134460449219
2019-04-23,24.287429809570312,263.1585388183594
2019-04-24,24.305763244628906,262.57452392578125
2019-04-25,24.296588897705078,262.4127502441406
2019-04-26,24.388208389282227,263.634765625
2019-04-29,24.415695190429688,264.0481262207031
2019-04-30,24.461498260498047,264.1828918457031
2019-05-01,24.314912796020508,262.1971740722656
2019-05-02,24.204978942871094,261.6311340332031
2019-05-03,24.45234489440918,264.19183349609375
2019-05-06,24.379047393798828,263.1046447753906
2019-05-07,24.049232482910156,258.7109069824219
2019-05-08,24.003419876098633,258.3515319824219
2019-05-09,23.95761489868164,257.56982421875
2019-05-10,24.012582778930664,258.8636779785156
2019-05-13,23.572826385498047,252.35841369628906
2019-05-14,23.756059646606445,254.6405792236328
2019-05-15,23.92096519470215,256.1321105957031
2019-05-16,24.076711654663086,258.5042724609375
2019-05-17,23.9851016998291,256.8330078125
2019-05-20,23.811025619506836,255.13479614257812
2019-05-21,23.95761489868164,257.43499755859375
2019-05-22,23.95761489868164,256.6442565917969
2019-05-23,23.737735748291016,253.50851440429688
2019-05-24,23.80186653137207,254.0835418701172
2019-05-28,23.682764053344727,251.72042846679688
2019-05-29,23.51785659790039,250.0311737060547
2019-05-30,23.591154098510742,250.7140655517578
2019-05-31,23.417083740234375,247.33563232421875
2019-06-03,23.380430221557617,246.70668029785156
2019-06-04,23.78354835510254,252.0618438720703
2019-06-05,23.966779708862305,254.24525451660156
2019-06-06,24.085874557495117,255.8985137939453
2019-06-07,24.36988639831543,258.4593505859375
2019-06-10,24.434019088745117,259.645263671875
2019-06-11,24.415695190429688,259.58245849609375
2019-06-12,24.397369384765625,259.124267578125
2019-06-13,24.470664978027344,260.1934814453125
2019-06-14,24.49814796447754,259.90594482421875
2019-06-17,24.49814796447754,260.0047302246094
2019-06-18,24.7088680267334,262.727294921875
2019-06-19,24.855449676513672,263.3203430175781
2019-06-20,25.093656539916992,265.8360900878906
2019-06-21,25.002037048339844,265.4497375488281
2019-06-24,24.98825454711914,265.1246643066406
2019-06-25,24.813568115234375,262.5243835449219
2019-06-26,24.730825424194336,262.2625427246094
2019-06-27,24.859539031982422,263.1925354003906
2019-06-28,24.969863891601562,264.5468444824219
2019-07-01,25.107755661010742,266.9484558105469
2019-07-02,25.23647689819336,267.6436462402344
2019-07-03,25.41115379333496,269.7835998535156
2019-07-05,25.29163360595703,269.47662353515625
2019-07-08,25.19970703125,267.9958801269531
2019-07-09,25.22728157043457,268.3300476074219
2019-07-10,25.3468017578125,269.6120300292969
2019-07-11,25.33760643005371,270.24407958984375
2019-07-12,25.447927474975586,271.453857421875
2019-07-15,25.48470687866211,271.5442810058594
2019-07-16,25.38357162475586,270.6684875488281
2019-07-17,25.300827026367188,268.8265380859375
2019-07-18,25.38357162475586,269.8106689453125
2019-07-19,25.24567222595215,268.3119201660156
2019-07-22,25.319217681884766,268.970947265625
2019-07-23,25.429540634155273,270.8941345214844
2019-07-24,25.55825424194336,272.16717529296875
2019-07-25,25.429540634155273,270.8670349121094
2019-07-26,25.613414764404297,272.6818542480469
2019-07-29,25.59502410888672,272.1852722167969
2019-07-30,25.50308609008789,271.5171813964844
2019-07-31,25.300827026367188,268.5466613769531
2019-08-01,25.22728157043457,266.2081604003906
2019-08-02,25.08937644958496,264.2037353515625
2019-08-05,24.546947479248047,256.25836181640625
2019-08-06,24.84115219116211,259.8517761230469
2019-08-07,24.887115478515625,260.0052795410156
2019-08-08,25.264055252075195,265.10662841796875
2019-08-09,25.14453887939453,263.3008117675781
2019-08-12,24.94227409362793,260.09564208984375
2019-08-13,25.218082427978516,264.1405944824219
2019-08-14,24.712440490722656,256.3304748535156
2019-08-15,24.795185089111328,257.0076904296875
2019-08-16,25.08937644958496,260.7998046875
2019-08-19,25.300827026367188,263.94189453125
2019-08-20,25.181312561035156,261.9194641113281
2019-08-21,25.319217681884766,264.0502624511719
2019-08-22,25.282442092895508,263.968994140625
2019-08-23,24.730825424194336,257.18829345703125
2019-08-26,25.0250244140625,260.0323486328125
2019-08-27,25.015827178955078,259.0121154785156
2019-08-28,25.135347366333008,260.83599853515625
2019-08-29,25.401960372924805,264.1676025390625
2019-08-30,25.401960372924805,264.0502624511719
2019-09-03,25.264055252075195,262.5063781738281
2019-09-04,25.55825424194336,265.4858703613281
2019-09-05,25.76050567626953,268.89874267578125
2019-09-06,25.797277450561523,269.1063537597656
2019-09-09,25.686960220336914,269.24188232421875
2019-09-10,25.549060821533203,269.1786804199219
2019-09-11,25.723735809326172,271.0927734375
2019-09-12,25.806476593017578,272.03179931640625
2019-09-13,25.650192260742188,271.8511657714844
2019-09-16,25.6409912109375,271.011474609375
2019-09-17,25.742122650146484,271.69769287109375
2019-09-18,25.76050567626953,271.8602294921875
2019-09-19,25.778898239135742,271.8421630859375
2019-09-20,25.76050567626953,270.5577697753906
2019-09-23,25.76050567626953,270.4942626953125
2019-09-24,25.61320686340332,268.37176513671875
2019-09-25,25.705272674560547,269.9591979980469
2019-09-26,25.659231185913086,269.396728515625
2019-09-27,25.557960510253906,267.94549560546875
2019-09-30,25.677648544311523,269.1881103515625
2019-10-01,25.43827247619629,265.98614501953125
2019-10-02,25.070003509521484,261.28765869140625
2019-10-03,25.30937957763672,263.4283752441406
2019-10-04,25.659231185913086,266.99310302734375
2019-10-07,25.548755645751953,265.8411560058594
2019-10-08,25.208101272583008,261.7140197753906
2019-10-09,25.318584442138672,264.1993408203125
2019-10-10,25.40144920349121,265.98614501953125
2019-10-11,25.59478759765625,268.7436828613281
2019-10-14,25.59478759765625,268.44439697265625
2019-10-15,25.72368049621582,271.1019592285156
2019-10-16,25.732892990112305,270.6666259765625
2019-10-17,25.77892303466797,271.4648742675781
2019-10-18,25.705272674560547,270.27655029296875
2019-10-21,25.78813362121582,272.1087951660156
2019-10-22,25.74209976196289,271.2199401855469
2019-10-23,25.76050567626953,272.00909423828125
2019-10-24,25.852577209472656,272.4535827636719
2019-10-25,25.917022705078125,273.5692138671875
2019-10-28,26.027507781982422,275.1111755371094
2019-10-29,26.00908851623535,275.0296325683594
2019-10-30,26.11957550048828,275.8731994628906
2019-10-31,26.101158142089844,275.138427734375
2019-11-01,26.340538024902344,277.6873474121094
2019-11-04,26.340538024902344,278.802978515625
2019-11-05,26.23926544189453,278.49456787109375
2019-11-06,26.276086807250977,278.55810546875
2019-11-07,26.23926544189453,279.5376281738281
2019-11-08,26.276086807250977,280.2269287109375
2019-11-11,26.26688575744629,279.6919250488281
2019-11-12,26.33133316040039,280.281494140625
2019-11-13,26.377363204956055,280.3721618652344
2019-11-14,26.46942710876465,280.7803039550781
2019-11-15,26.635156631469727,282.8121643066406
2019-11-18,26.671977996826172,283.02081298828125
2019-11-19,26.671977996826172,282.9391784667969
2019-11-20,26.671977996826172,281.88690185546875
2019-11-21,26.607532501220703,281.4334411621094
2019-11-22,26.6535701751709,282.0592956542969
2019-11-25,26.83769989013672,284.2453308105469
2019-11-26,26.920562744140625,284.889404296875
2019-11-27,26.994213104248047,286.1591796875
2019-11-29,26.902143478393555,285.0978698730469
2019-12-02,26.625946044921875,282.6761474609375
2019-12-03,26.589115142822266,280.7803039550781
2019-12-04,26.671977996826172,282.5128479003906
2019-12-05,26.671977996826172,283.02081298828125
2019-12-06,26.83769989013672,285.6059265136719
2019-12-09,26.785015106201172,284.7080078125
2019-12-10,26.80350685119629,284.39044189453125
2019-12-11,26.831228256225586,285.19781494140625
2019-12-12,26.988357543945312,287.6558532714844
2019-12-13,27.1362361907959,287.8282470703125
2019-12-16,27.237903594970703,289.8055114746094
2019-12-17,27.21017837524414,289.86907958984375
2019-12-18,27.163963317871094,289.8872375488281
2019-12-19,27.284114837646484,291.0754699707031
2019-12-20,27.422760009765625,292.35162353515625
2019-12-23,27.418121337890625,292.7982177734375
2019-12-24,27.42739486694336,292.80743408203125
2019-12-26,27.575851440429688,294.3660888671875
2019-12-27,27.538738250732422,294.2931213378906
2019-12-30,27.436677932739258,292.67059326171875
2019-12-31,27.483064651489258,293.381591796875
2020-01-02,27.72430992126465,296.12518310546875
2020-01-03,27.687192916870117,293.88299560546875
2020-01-06,27.752151489257812,295.0041809082031
2020-01-07,27.650083541870117,294.1745910644531
2020-01-08,27.761423110961914,295.74249267578125
2020-01-09,27.919158935546875,297.747802734375
2020-01-10,27.919158935546875,296.8910217285156
2020-01-13,28.10472869873047,298.9327697753906
2020-01-14,28.067617416381836,298.4770202636719
2020-01-15,28.10472869873047,299.151611328125
2020-01-16,28.336700439453125,301.63995361328125
2020-01-17,28.355255126953125,302.5788879394531
2020-01-21,28.41092300415039,301.9864196777344
2020-01-22,28.448030471801758,302.02276611328125
2020-01-23,28.438756942749023,302.3692321777344
2020-01-24,28.29958152770996,299.68023681640625
2020-01-27,28.03050422668457,294.87646484375
2020-01-28,28.243911743164062,297.96661376953125
2020-01-29,28.262466430664062,297.72039794921875
2020-01-30,28.401641845703125,298.6866149902344
2020-01-31,28.039779663085938,293.26312255859375
2020-02-03,28.225351333618164,295.4416198730469
2020-02-04,28.54082489013672,299.9446105957031
2020-02-05,28.642887115478516,303.4083251953125
2020-02-06,28.847015380859375,304.4292907714844
2020-02-07,28.782066345214844,302.8067626953125
2020-02-10,28.99547576904297,305.0672607421875
2020-02-11,29.014034271240234,305.59600830078125
2020-02-12,29.097536087036133,307.5648193359375
2020-02-13,29.1160888671875,307.2367248535156
2020-02-14,29.19959831237793,307.7289733886719
2020-02-18,29.181049346923828,306.9358825683594
2020-02-19,29.28310775756836,308.4033508300781
2020-02-20,29.255271911621094,307.13641357421875
2020-02-21,29.023311614990234,303.97344970703125
2020-02-24,28.271743774414062,293.8920593261719
2020-02-25,27.418121337890625,284.98651123046875
2020-02-26,27.390281677246094,283.9383544921875
2020-02-27,26.44386863708496,271.1861572265625
2020-02-28,26.202627182006836,270.0466613769531
2020-03-02,27.381006240844727,281.7414855957031
2020-03-03,26.96346664428711,273.67449951171875
2020-03-04,27.798538208007812,285.17791748046875
2020-03-05,27.046977996826172,275.69818115234375
2020-03-06,26.842851638793945,271.1404724121094
2020-03-09,25.237655639648438,249.96595764160156
2020-03-10,25.998498916625977,262.9004211425781
2020-03-11,24.922189712524414,250.0844268798828
2020-03-12,22.973691940307617,226.15708923339844
2020-03-13,24.773731231689453,245.49038696289062
2020-03-16,21.804595947265625,218.62794494628906
2020-03-17,23.08503532409668,230.43206787109375
2020-03-18,21.850984573364258,218.76466369628906
2020-03-19,21.971607208251953,219.22952270507812
2020-03-20,21.424175262451172,209.78201293945312
2020-03-23,20.988086700439453,204.41822814941406
2020-03-24,22.51876449584961,222.93922424316406
2020-03-25,23.039215087890625,226.27667236328125
2020-03-26,24.1265811920166,239.48890686035156
2020-03-27,23.4388427734375,232.3555450439453
2020-03-30,24.321758270263672,239.9014892578125
2020-03-31,23.94070816040039,236.3256378173828
2020-04-01,23.029924392700195,225.68988037109375
2020-04-02,23.3644962310791,230.89773559570312
2020-04-03,23.215795516967773,227.560302734375
2020-04-06,24.507627487182617,242.84463500976562
2020-04-07,24.5448055267334,243.0922088623047
2020-04-08,25.26042366027832,251.25242614746094
2020-04-09,25.62287712097168,255.0758056640625
2020-04-13,25.399829864501953,252.7469482421875
2020-04-14,26.115442276000977,260.2011413574219
2020-04-15,25.725107192993164,254.67239379882812
2020-04-16,25.88310432434082,255.90106201171875
2020-04-17,26.44072914123535,262.8143615722656
2020-04-20,26.05039405822754,258.1840515136719
2020-04-21,25.409120559692383,250.3447723388672
2020-04-22,25.855224609375,255.90106201171875
2020-04-23,25.855224609375,255.88265991210938
2020-04-24,26.19908905029297,259.4493408203125
2020-04-27,26.477903366088867,263.190185546875
2020-04-28,26.384965896606445,261.9798889160156
2020-04-29,26.951881408691406,268.8382263183594
2020-04-30,26.756715774536133,266.3350524902344
2020-05-01,26.087562561035156,259.28436279296875
2020-05-04,26.1340389251709,259.99951171875
2020-05-05,26.34779167175293,262.40167236328125
2020-05-06,26.236265182495117,260.6228942871094
2020-05-07,26.57084083557129,263.7678527832031
2020-05-08,26.905418395996094,268.1322326660156
2020-05-11,26.914705276489258,268.187255859375
2020-05-12,26.487197875976562,262.841796875
2020-05-13,25.92957305908203,258.1932678222656
2020-05-14,26.245561599731445,261.2831115722656
2020-05-15,26.34779167175293,262.4842529296875
2020-05-18,27.119171142578125,270.47943115234375
2020-05-19,26.803186416625977,267.7012634277344
2020-05-20,27.34221839904785,272.24896240234375
2020-05-21,27.119171142578125,270.3693542480469
2020-05-22,27.137758255004883,270.88287353515625
2020-05-26,27.472333908081055,274.22021484375
2020-05-27,27.834793090820312,278.3003845214844
2020-05-28,27.816204071044922,277.78704833984375
2020-05-29,28.104305267333984,279.0247802734375
2020-06-01,28.104305267333984,280.1524353027344
2020-06-02,28.197248458862305,282.4721984863281
2020-06-03,28.45747184753418,286.23138427734375
2020-06-04,28.243715286254883,285.47955322265625
2020-06-05,28.922163009643555,292.7962341308594
2020-06-08,29.275327682495117,296.33544921875
2020-06-09,29.14521598815918,294.1257019042969
2020-06-10,29.08015251159668,292.48455810546875
2020-06-11,27.695384979248047,275.6231384277344
2020-06-12,27.983491897583008,278.92388916015625
2020-06-15,28.15077781677246,281.5278015136719
2020-06-16,28.61546516418457,286.9465637207031
2020-06-17,28.559703826904297,285.7546081542969
2020-06-18,28.49464225769043,285.8646545410156
2020-06-19,28.345943450927734,284.23089599609375
2020-06-22,28.50394058227539,286.0543518066406
2020-06-23,28.741518020629883,287.3711853027344
2020-06-24,28.13593864440918,280.0406799316406
2020-06-25,28.434070587158203,283.0429992675781
2020-06-26,27.81917953491211,276.3202819824219
2020-06-29,28.0614070892334,280.3814392089844
2020-06-30,28.480649948120117,283.9730529785156
2020-07-01,28.694923400878906,285.9622802734375
2020-07-02,28.741518020629883,287.5370178222656
2020-07-06,29.225971221923828,291.9757995605469
2020-07-07,29.058273315429688,288.9644470214844
2020-07-08,29.15144157409668,291.1746520996094
2020-07-09,29.160755157470703,289.5169677734375
2020-07-10,29.458887100219727,292.4731140136719
2020-07-13,29.198020935058594,289.9405822753906
2020-07-14,29.468202590942383,293.69793701171875
2020-07-15,29.766328811645508,296.3961486816406
2020-07-16,29.579998016357422,295.4200439453125
2020-07-17,29.757017135620117,296.2765197753906
2020-07-20,30.04583168029785,298.6709289550781
2020-07-21,29.952667236328125,299.30633544921875
2020-07-22,30.232162475585938,301.0100402832031
2020-07-23,29.757017135620117,297.41845703125
2020-07-24,29.579998016357422,295.50286865234375
2020-07-27,29.896766662597656,297.6578674316406
2020-07-28,29.747697830200195,295.7700500488281
2020-07-29,30.04583168029785,299.4076232910156
2020-07-30,30.04583168029785,298.33935546875
2020-07-31,30.213525772094727,300.6968688964844
2020-08-03,30.316009521484375,302.787353515625
2020-08-04,30.539600372314453,303.9569396972656
2020-08-05,30.65140151977539,305.8448181152344
2020-08-06,30.94953155517578,307.8891906738281
2020-08-07,30.78183364868164,308.1102600097656
2020-08-10,30.95885467529297,309.0311584472656
2020-08-11,30.558242797851562,306.480224609375
2020-08-12,30.819103240966797,310.75323486328125
2020-08-13,30.940216064453125,310.1914978027344
2020-08-14,30.93090057373047,310.2007751464844
2020-08-17,30.93090057373047,311.1860656738281
2020-08-18,31.182443618774414,311.8583984375
2020-08-19,30.99611473083496,310.5598449707031
2020-08-20,31.145185470581055,311.5268859863281
2020-08-21,31.29424285888672,312.6319274902344
2020-08-24,31.452617645263672,315.7998962402344
2020-08-25,31.60169219970703,316.90496826171875
2020-08-26,31.89982032775879,320.08221435546875
2020-08-27,31.88118553161621,320.7820739746094
2020-08-28,32.07683563232422,322.8540954589844
2020-08-31,32.10478973388672,321.6844787597656
2020-09-01,32.421546936035156,324.7143249511719
2020-09-02,32.850101470947266,329.4110107421875
2020-09-03,31.83460235595703,318.0746154785156
2020-09-04,31.4805850982666,315.4775390625
2020-09-08,30.520965576171875,306.8578796386719
2020-09-09,31.26629066467285,312.91748046875
2020-09-10,30.77251625061035,307.4839172363281
2020-09-11,30.82842254638672,307.6405029296875
2020-09-14,31.070646286010742,311.69256591796875
2020-09-15,31.26629066467285,313.2673034667969
2020-09-16,31.182443618774414,312.02410888671875
2020-09-17,30.93090057373047,309.27984619140625
2020-09-18,30.623455047607422,305.7192077636719
2020-09-21,30.381227493286133,302.31658935546875
2020-09-22,30.62875747680664,305.3955078125
2020-09-23,29.94687271118164,298.3132019042969
2020-09-24,30.105667114257812,299.1082458496094
2020-09-25,30.432600021362305,303.9439697265625
2020-09-28,30.83425521850586,308.9923095703125
2020-09-29,30.88096046447754,307.3094177246094
2020-09-30,31.086454391479492,309.6395263671875
2020-10-01,31.161184310913086,311.6273498535156
2020-10-02,30.937007904052734,308.6686706542969
2020-10-05,31.2078914642334,314.1423034667969
2020-10-06,30.955684661865234,309.67645263671875
2020-10-07,31.38536834716797,315.0668640136719
2020-10-08,31.51614761352539,317.8591613769531
2020-10-09,31.899126052856445,320.6977233886719
2020-10-12,32.36616516113281,325.85693359375
2020-10-13,32.29144287109375,323.7304382324219
2020-10-14,32.05791091918945,321.6962585449219
2020-10-15,32.02055358886719,321.2986755371094
2020-10-16,32.00186538696289,321.10455322265625
2020-10-19,31.56285285949707,316.2226257324219
2020-10-20,31.61888885498047,317.4893798828125
2020-10-21,31.534820556640625,316.8883056640625
2020-10-22,31.581527709960938,318.6266174316406
2020-10-23,31.730979919433594,319.70843505859375
2020-10-26,31.254594802856445,313.8001403808594
2020-10-27,31.226572036743164,312.71844482421875
2020-10-28,30.2737979888916,302.0299987792969
2020-10-29,30.423259735107422,305.099609375
2020-10-30,30.086984634399414,301.9190979003906
2020-11-02,30.264467239379883,305.3031005859375
2020-11-03,30.852943420410156,310.69342041015625
2020-11-04,31.674936294555664,317.63726806640625
2020-11-05,32.25407409667969,323.83209228515625
2020-11-06,32.12329864501953,323.7581481933594
2020-11-09,32.3007698059082,327.8263854980469
2020-11-10,31.992530822753906,327.3455810546875
2020-11-11,32.32879638671875,329.7773132324219
2020-11-12,32.27275848388672,326.578125
2020-11-13,32.59967803955078,331.09942626953125
2020-11-16,32.917274475097656,335.2323913574219
2020-11-17,32.8425407409668,333.4294128417969
2020-11-18,32.543636322021484,329.4167175292969
2020-11-19,32.73045349121094,330.8035583496094
2020-11-20,32.5903434753418,328.53826904296875
2020-11-23,32.73045349121094,330.5077819824219
2020-11-24,33.141448974609375,335.8334655761719
2020-11-25,33.094749450683594,335.31561279296875
2020-11-27,33.318931579589844,336.2494812011719
2020-11-30,33.22552490234375,334.7608947753906
2020-12-01,33.38431930541992,338.4222717285156
2020-12-02,33.40299606323242,339.1341552734375
2020-12-03,33.46839141845703,339.041748046875
2020-12-04,33.664546966552734,341.9635009765625
2020-12-07,33.63652038574219,341.26080322265625
2020-12-08,33.704750061035156,342.2593994140625
2020-12-09,33.49911880493164,339.18975830078125
2020-12-10,33.573890686035156,339.07867431640625
2020-12-11,33.43368911743164,338.68115234375
2020-12-14,33.40565872192383,337.1648254394531
2020-12-15,33.770179748535156,341.7231140136719
2020-12-16,33.798221588134766,342.2593994140625
2020-12-17,34.01320266723633,344.1732482910156
2020-12-18,33.95712661743164,342.7990417480469
2020-12-21,33.88679122924805,341.5733642578125
2020-12-22,33.89617919921875,340.9976501464844
2020-12-23,33.70863723754883,341.3040466308594
2020-12-24,33.95242691040039,342.6319274902344
2020-12-28,34.130592346191406,345.575439453125
2020-12-29,34.11183166503906,344.9161376953125
2020-12-30,34.14933776855469,345.4082336425781
2020-12-31,34.31810760498047,347.1632080078125
2021-01-04,33.88679122924805,342.4368896484375
2021-01-05,34.07432174682617,344.79547119140625
2021-01-06,34.08370590209961,346.8567199707031
2021-01-07,34.54315185546875,352.01025390625
2021-01-08,34.655662536621094,354.0158996582031
2021-01-11,34.40250778198242,351.6294860839844
2021-01-12,34.40250778198242,351.7037048339844
2021-01-13,34.468135833740234,352.6508483886719
2021-01-14,34.29935836791992,351.4158935546875
2021-01-15,34.12120819091797,348.8531799316406
2021-01-19,34.5150260925293,351.5924072265625
2021-01-20,34.890079498291016,356.4579772949219
2021-01-21,34.93696212768555,356.78289794921875
2021-01-22,34.89946365356445,355.5201721191406
2021-01-25,35.00260925292969,356.92218017578125
2021-01-26,34.97447204589844,356.3650817871094
2021-01-27,34.130592346191406,347.6553955078125
2021-01-28,34.37437438964844,350.6452331542969
2021-01-29,33.830535888671875,343.6254577636719
2021-02-01,34.355621337890625,349.3452453613281
2021-02-02,34.78694534301758,354.2851257324219
2021-02-03,34.805702209472656,354.5636901855469
2021-02-04,35.0682373046875,358.5935363769531
2021-02-05,35.26514434814453,360.0048828125
2021-02-08,35.480804443359375,362.6048583984375
2021-02-09,35.471435546875,362.3634948730469
2021-02-10,35.43391799926758,362.20556640625
2021-02-11,35.583953857421875,362.79058837890625
2021-02-12,35.72459030151367,364.5826721191406
2021-02-16,35.630828857421875,364.2669372558594
2021-02-17,35.57456970214844,364.35052490234375
2021-02-18,35.37765884399414,362.7998962402344
2021-02-19,35.321407318115234,362.15911865234375
2021-02-22,34.89946365356445,359.37359619140625
2021-02-23,34.833831787109375,359.80987548828125
2021-02-24,35.208885192871094,363.77484130859375
2021-02-25,34.233726501464844,355.0094299316406
2021-02-26,34.03682327270508,353.18011474609375
2021-03-01,34.90884017944336,361.74127197265625
2021-03-02,34.67441940307617,358.9185791015625
2021-03-03,34.22434616088867,354.1643981933594
2021-03-04,33.718021392822266,349.78173828125
2021-03-05,34.18684387207031,356.21649169921875
2021-03-08,33.8117790222168,354.4429931640625
2021-03-09,34.28998565673828,359.5035400390625
2021-03-10,34.608787536621094,361.74127197265625
2021-03-11,35.04948425292969,365.4090270996094
2021-03-12,35.030731201171875,365.90118408203125
2021-03-15,35.13387680053711,368.0832824707031
2021-03-16,35.077613830566406,367.61895751953125
2021-03-17,35.208885192871094,368.87255859375
2021-03-18,34.63690948486328,363.5055236816406
2021-03-19,34.4212532043457,362.8329772949219
2021-03-22,34.66504669189453,365.730224609375
2021-03-23,34.59941101074219,362.85162353515625
2021-03-24,34.36500549316406,361.0069885253906
2021-03-25,34.57083511352539,363.0379638671875
2021-03-26,35.17240524291992,368.8882751464844
2021-03-29,35.05961227416992,368.7019348144531
2021-03-30,34.90921401977539,367.72381591796875
2021-03-31,35.08781814575195,369.21429443359375
2021-04-01,35.416786193847656,373.2013854980469
2021-04-05,35.924354553222656,378.5580749511719
2021-04-06,35.89615249633789,378.33447265625
2021-04-07,35.999549865722656,378.7723693847656
2021-04-08,36.15934371948242,380.57025146484375
2021-04-09,36.36612319946289,383.3370666503906
2021-04-12,36.46010971069336,383.4768371582031
2021-04-13,36.601097106933594,384.61334228515625
2021-04-14,36.49771499633789,383.29986572265625
2021-04-15,36.89248275756836,387.4173889160156
2021-04-16,36.98647689819336,388.71221923828125
2021-04-19,36.873687744140625,386.80255126953125
2021-04-20,36.65750503540039,383.9705810546875
2021-04-21,36.95828628540039,387.60369873046875
2021-04-22,36.68569564819336,384.0637512207031
2021-04-23,37.05228042602539,388.22784423828125
2021-04-26,36.98647689819336,389.03839111328125
2021-04-27,37.04288101196289,388.9544982910156
2021-04-28,37.04288101196289,388.8427429199219
2021-04-29,37.183868408203125,391.3207702636719
2021-04-30,36.81728744506836,388.7495422363281
2021-05-03,36.89248275756836,389.5880126953125
2021-05-04,36.751487731933594,387.1845703125
2021-05-05,36.666900634765625,387.3056640625
2021-05-06,37.05228042602539,390.3984375
2021-05-07,37.315452575683594,393.2398376464844
2021-05-10,36.89248275756836,389.3457946777344
2021-05-11,36.450706481933594,385.8710021972656
2021-05-12,35.717559814453125,377.6731262207031
2021-05-13,36.178138732910156,382.2098388671875
2021-05-14,36.789085388183594,388.07879638671875
2021-05-17,36.638702392578125,387.09136962890625
2021-05-18,36.24393081665039,383.7563171386719
2021-05-19,36.262733459472656,382.75018310546875
2021-05-20,36.71390151977539,386.86767578125
2021-05-21,36.68569564819336,386.55108642578125
2021-05-24,37.06167221069336,390.49163818359375
2021-05-25,37.07107162475586,389.6252136230469
2021-05-26,36.995880126953125,390.3984375
2021-05-27,36.71390151977539,390.6033630371094
2021-05-28,37.089874267578125,391.30218505859375
2021-06-01,37.11806869506836,390.9574279785156
2021-06-02,37.212066650390625,391.572265625
2021-06-03,37.014678955078125,390.11895751953125
2021-06-04,37.28725814819336,393.6870422363281
2021-06-07,37.268455505371094,393.30499267578125
2021-06-08,37.39064407348633,393.3888244628906
2021-06-09,37.371856689453125,392.802001953125
2021-06-10,37.550445556640625,394.6278991699219
2021-06-11,37.61623764038086,395.27996826171875
2021-06-14,37.785423278808594,396.1650085449219
2021-06-15,37.541038513183594,395.4383544921875
2021-06-16,37.409454345703125,393.2304992675781
2021-06-17,37.41884231567383,393.1001281738281
2021-06-18,37.24026107788086,387.7970275878906
2021-06-21,37.550445556640625,393.3486633300781
2021-06-22,37.747825622558594,395.4515686035156
2021-06-23,37.84181213378906,394.9749755859375
2021-06-24,37.978397369384766,397.31146240234375
2021-06-25,38.05375289916992,398.7228698730469
2021-06-28,38.176204681396484,399.52655029296875
2021-06-29,38.223297119140625,399.7415466308594
2021-06-30,38.27981185913086,400.0780334472656
2021-07-01,38.3740119934082,402.2931213378906
2021-07-02,38.70367431640625,405.3680419921875
2021-07-06,38.892066955566406,404.62969970703125
2021-07-07,38.99568176269531,406.0596008300781
2021-07-08,38.6660041809082,402.7510986328125
2021-07-09,38.92033004760742,407.05035400390625
2021-07-12,39.136962890625,408.5083312988281
2021-07-13,39.005096435546875,407.1157531738281
2021-07-14,39.09928894042969,407.72320556640625
2021-07-15,38.90148162841797,406.3306884765625
2021-07-16,38.76960754394531,403.14361572265625
2021-07-19,38.27981185913086,397.1900329589844
2021-07-20,38.976844787597656,402.88189697265625
2021-07-21,38.92974853515625,406.1438293457031
2021-07-22,39.27825927734375,406.99432373046875
2021-07-23,39.589080810546875,411.181396484375
2021-07-26,39.645606994628906,412.1907958984375
2021-07-27,39.57966995239258,410.312255859375
2021-07-28,39.57966995239258,410.1440124511719
2021-07-29,39.57966995239258,411.8450622558594
2021-07-30,39.52314758300781,409.8448791503906
2021-08-02,39.51372528076172,408.98504638671875
2021-08-03,39.63618087768555,412.3123779296875
2021-08-04,39.655029296875,410.2842102050781
2021-08-05,39.73038101196289,412.8824768066406
2021-08-06,39.73038101196289,413.5647888183594
2021-08-09,39.71154022216797,413.22821044921875
2021-08-10,39.73979568481445,413.74237060546875
2021-08-11,39.589080810546875,414.7704162597656
2021-08-12,39.79631042480469,416.0135192871094
2021-08-13,40.03179168701172,416.7705383300781
2021-08-16,40.07889175415039,417.75189208984375
2021-08-17,39.84341049194336,415.0134582519531
2021-08-18,39.41954040527344,410.47113037109375
2021-08-19,39.55141067504883,411.106689453125
2021-08-20,39.74921417236328,414.3778381347656
2021-08-23,40.08831787109375,418.02294921875
2021-08-24,40.16365432739258,418.6865539550781
2021-08-25,40.267276763916016,419.5650939941406
2021-08-26,40.09773254394531,417.0883483886719
2021-08-27,40.41797637939453,420.8175354003906
2021-08-30,40.65346145629883,422.6680603027344
2021-08-31,40.5781135559082,422.0418395996094
2021-09-01,40.596954345703125,422.2662658691406
2021-09-02,40.757076263427734,423.5653381347656
2021-09-03,40.65346145629883,423.4625549316406
2021-09-07,40.51218032836914,421.9483947753906
2021-09-08,40.427398681640625,421.43438720703125
2021-09-09,40.389732360839844,419.63055419921875
2021-09-10,40.03179168701172,416.3219299316406
2021-09-13,39.60791778564453,417.3874206542969
2021-09-14,40.0035400390625,415.1349182128906
2021-09-15,40.04121017456055,418.6024475097656
2021-09-16,40.220184326171875,417.9388732910156
2021-09-17,39.82456970214844,413.8677062988281
2021-09-20,39.089866638183594,406.96673583984375
2021-09-21,39.27825927734375,406.58233642578125
2021-09-22,39.626766204833984,410.5484924316406
2021-09-23,39.98469543457031,415.53662109375
2021-09-24,39.91862487792969,416.22113037109375
2021-09-27,39.51272964477539,415.0303955078125
2021-09-28,38.70096206665039,406.6667175292969
2021-09-29,38.71039581298828,407.35113525390625
2021-09-30,38.45553970336914,402.3724060058594
2021-10-01,38.68207931518555,407.15423583984375
2021-10-04,38.493289947509766,401.90362548828125
2021-10-05,38.691524505615234,406.08538818359375
2021-10-06,38.88974380493164,407.7731628417969
2021-10-07,39.125732421875,411.2985534667969
2021-10-08,39.003013610839844,410.5484924316406
2021-10-11,38.823673248291016,407.57623291015625
2021-10-12,38.7198371887207,406.5729675292969
2021-10-13,38.91805648803711,408.0356750488281
2021-10-14,39.55049514770508,414.8990478515625
2021-10-15,39.899749755859375,418.0587463378906
2021-10-18,39.909183502197266,419.2965393066406
2021-10-19,40.088531494140625,422.5312805175781
2021-10-20,40.182926177978516,424.19097900390625
2021-10-21,40.35283279418945,425.29730224609375
2021-10-22,40.333946228027344,424.8566589355469
2021-10-25,40.50385284423828,427.1350402832031
2021-10-26,40.57938003540039,427.51953125
2021-10-27,40.428340911865234,425.62548828125
2021-10-28,40.66432571411133,429.73236083984375
2021-10-29,40.834224700927734,430.604248046875
2021-11-01,40.97581100463867,431.344970703125
2021-11-02,41.089088439941406,433.0888977050781
2021-11-03,41.25899887084961,435.7330322265625
2021-11-04,41.53273391723633,437.7864685058594
2021-11-05,41.721527099609375,439.3054504394531
2021-11-08,41.74040985107422,439.6803894042969
2021-11-09,41.63656997680664,438.2271728515625
2021-11-10,41.2117919921875,434.7017517089844
2021-11-11,41.16459655761719,434.8423156738281
2021-11-12,41.38170623779297,438.1240539550781
2021-11-15,41.3250732421875,438.2740478515625
2021-11-16,41.57992935180664,440.00860595703125
2021-11-17,41.353397369384766,438.9397888183594
2021-11-18,41.45722198486328,440.4306640625
2021-11-19,41.53273391723633,439.6429443359375
2021-11-22,41.1551628112793,438.4053039550781
2021-11-23,41.25899887084961,438.98663330078125
2021-11-24,41.38170623779297,440.1586608886719
2021-11-26,41.07965087890625,430.3417663574219
2021-11-29,41.19291687011719,435.6205749511719
2021-11-30,40.72095489501953,427.1444396972656
2021-12-01,40.11684036254883,422.3999938964844
2021-12-02,40.654884338378906,428.8695983886719
2021-12-03,40.35283279418945,425.1379699707031
2021-12-06,40.82478713989258,430.17291259765625
2021-12-07,41.47609329223633,439.07098388671875
2021-12-08,41.59880828857422,440.2336120605469
2021-12-09,41.36283493041992,437.2613830566406
2021-12-10,41.52328872680664,441.37750244140625
2021-12-13,41.42890167236328,437.46771240234375
2021-12-14,40.90974426269531,434.4579162597656
2021-12-15,41.4666633605957,441.2463073730469
2021-12-16,41.25899887084961,437.3551940917969
2021-12-17,41.070213317871094,432.700439453125
2021-12-20,40.62657165527344,428.0993957519531
2021-12-21,41.40058898925781,435.7019958496094
2021-12-22,41.6460075378418,440.05841064453125
2021-12-23,41.721527099609375,442.7965393066406
2021-12-27,42.22389221191406,449.06298828125
2021-12-28,42.09143829345703,448.69610595703125
2021-12-29,42.02520751953125,449.2700500488281
2021-12-30,42.15766525268555,448.0280456542969
2021-12-31,41.9400634765625,446.89892578125
2022-01-03,41.9400634765625,449.4864807128906
2022-01-04,41.873836517333984,449.33587646484375
2022-01-05,41.003440856933594,440.7076721191406
2022-01-06,40.91828918457031,440.293701171875
2022-01-07,40.766910552978516,438.55291748046875
2022-01-10,40.65339660644531,438.00726318359375
2022-01-11,41.079124450683594,441.99676513671875
2022-01-12,40.87099075317383,443.1916809082031
2022-01-13,40.69123077392578,437.0851135253906
2022-01-14,40.46416473388672,437.2638854980469
2022-01-18,39.48970413208008,429.5201110839844
2022-01-19,39.3667106628418,425.0601806640625
2022-01-20,39.02611541748047,420.355712890625
2022-01-21,38.316551208496094,412.103759765625
2022-01-24,38.297630310058594,413.8538818359375
2022-01-25,37.909725189208984,408.8011169433594
2022-01-26,37.5407600402832,407.77545166015625
2022-01-27,37.58806610107422,405.76190185546875
2022-01-28,38.420616149902344,415.8392028808594
2022-01-31,39.30994415283203,423.3288879394531
2022-02-01,39.53700256347656,426.1893615722656
2022-02-02,39.801910400390625,430.329345703125
2022-02-03,38.799049377441406,420.2144775390625
2022-02-04,38.87474060058594,422.1903991699219
2022-02-07,38.73283004760742,420.8354797363281
2022-02-08,39.1396369934082,424.29803466796875
2022-02-09,39.735679626464844,430.5081481933594
2022-02-10,38.80851364135742,422.7737121582031
2022-02-11,38.17463684082031,414.4372863769531
2022-02-14,37.938114166259766,413.0823059082031
2022-02-15,38.38277816772461,419.7440185546875
2022-02-16,38.62876510620117,420.2144775390625
2022-02-17,37.84351348876953,411.23809814453125
2022-02-18,37.64482879638672,408.5753479003906
2022-02-22,37.247474670410156,404.1906433105469
2022-02-23,36.424373626708984,397.0208740234375
2022-02-24,37.058250427246094,402.9956970214844
2022-02-25,38.07057189941406,411.8872375488281
2022-02-28,37.95703887939453,410.83355712890625
2022-03-01,37.663753509521484,404.576416015625
2022-03-02,38.004337310791016,412.0190124511719
2022-03-03,37.98542022705078,409.9678649902344
2022-03-04,37.815128326416016,406.6370544433594
2022-03-07,36.7555046081543,394.6496276855469
2022-03-08,36.358154296875,391.6575927734375
2022-03-09,37.13393783569336,402.1581726074219
2022-03-10,36.897422790527344,400.3422546386719
2022-03-11,36.424373626708984,395.25189208984375
2022-03-14,35.781036376953125,392.36328125
2022-03-15,36.59467697143555,400.9914855957031
2022-03-16,37.370460510253906,409.8832092285156
2022-03-17,37.711055755615234,415.01123046875
2022-03-18,38.18410110473633,419.55670166015625
2022-03-21,37.767818450927734,419.4340515136719
2022-03-22,38.30708694458008,424.3420104980469
2022-03-23,37.900272369384766,418.87713623046875
2022-03-24,38.316551208496094,425.19146728515625
2022-03-25,38.35447692871094,427.26788330078125
2022-03-28,38.601009368896484,430.3070373535156
2022-03-29,39.283714294433594,435.6303405761719
2022-03-30,39.0561408996582,432.9403991699219
2022-03-31,38.42085647583008,426.27691650390625
2022-04-01,38.55359649658203,427.4849853515625
2022-04-04,38.77168273925781,431.1470642089844
2022-04-05,38.051063537597656,425.70111083984375
2022-04-06,37.72867202758789,421.44439697265625
2022-04-07,37.82349395751953,423.56805419921875
2022-04-08,37.58643341064453,422.4354248046875
2022-04-11,36.82788848876953,415.2150573730469
2022-04-12,36.67617416381836,413.6766357421875
2022-04-13,37.339908599853516,418.4146728515625
2022-04-14,36.76151657104492,413.20465087890625
2022-04-18,36.64773178100586,413.3745422363281
2022-04-19,37.04596710205078,420.0475158691406
2022-04-20,37.083900451660156,419.73602294921875
2022-04-21,36.5339469909668,413.4595031738281
2022-04-22,35.56678771972656,402.11444091796875
2022-04-25,35.81331253051758,404.44580078125
2022-04-26,35.092689514160156,392.7327575683594
2022-04-27,34.98838806152344,393.8370361328125
2022-04-28,35.8038330078125,403.7850646972656
2022-04-29,34.523780822753906,388.8630065917969
2022-05-02,34.523780822753906,391.2037353515625
2022-05-03,34.751338958740234,392.9969787597656
2022-05-04,35.7469482421875,404.9649353027344
2022-05-05,34.47636413574219,390.5713195800781
2022-05-06,34.030704498291016,388.24005126953125
2022-05-09,33.016143798828125,375.8096923828125
2022-05-10,33.27215576171875,376.677978515625
2022-05-11,32.437747955322266,370.6940612792969
2022-05-12,32.97821044921875,370.3070373535156
2022-05-13,33.58505630493164,379.16021728515625
2022-05-16,33.42386245727539,377.621826171875
2022-05-17,33.878997802734375,385.38958740234375
2022-05-18,32.85494613647461,369.8540344238281
2022-05-19,32.58945846557617,367.58880615234375
2022-05-20,32.8454704284668,367.749267578125
2022-05-23,33.300601959228516,374.6298828125
2022-05-24,32.99717712402344,371.76995849609375
2022-05-25,33.45231246948242,375.05462646484375
2022-05-26,34.068641662597656,382.5487060546875
2022-05-27,34.73237228393555,391.93988037109375
2022-05-31,34.35309982299805,389.74078369140625
2022-06-01,34.19189453125,386.58831787109375
2022-06-02,34.751338958740234,393.9502868652344
2022-06-03,34.305686950683594,387.48492431640625
2022-06-06,34.1065673828125,388.664794921875
2022-06-07,34.55221939086914,392.3929443359375
2022-06-08,34.20138168334961,388.1267395019531
2022-06-09,33.35749053955078,378.89599609375
2022-06-10,32.33344650268555,367.9096374511719
2022-06-13,30.560319900512695,353.9407958984375
2022-06-14,30.579282760620117,352.8742980957031
2022-06-15,31.214569091796875,357.90496826171875
2022-06-16,30.437047958374023,346.0596923828125
2022-06-17,30.52238655090332,346.80572509765625
2022-06-21,31.15768814086914,355.5360412597656
2022-06-22,31.261985778808594,354.89154052734375
2022-06-23,31.660228729248047,358.3703308105469
2022-06-24,32.54985046386719,369.76434326171875
2022-06-27,32.35003662109375,368.3519287109375
2022-06-28,31.69352149963379,360.8255310058594
2022-06-29,31.79817771911621,360.53167724609375
2022-06-30,31.722070693969727,357.6025085449219
2022-07-01,32.1121711730957,361.384765625
2022-07-05,32.35003662109375,362.0672607421875
2022-07-06,32.35003662109375,363.29010009765625
2022-07-07,32.702091217041016,368.7311096191406
2022-07-08,32.54985046386719,368.4278259277344
2022-07-11,32.23586654663086,364.2190856933594
2022-07-12,31.988479614257812,360.99609375
2022-07-13,32.055084228515625,359.1003112792969
2022-07-14,31.84576416015625,358.22821044921875
2022-07-15,32.33100509643555,365.0721435546875
2022-07-18,32.08363342285156,362.05780029296875
2022-07-19,32.82578659057617,371.84027099609375
2022-07-20,33.10171127319336,374.2101135253906
2022-07-21,33.501319885253906,378.0207824707031
2022-07-22,33.4727783203125,374.5133972167969
2022-07-25,33.38714599609375,374.96844482421875
2022-07-26,33.006553649902344,370.5321960449219
2022-07-27,33.86288070678711,380.1535339355469
2022-07-28,34.34812927246094,384.9216003417969
2022-07-29,34.72872543334961,390.5332946777344
2022-08-01,34.82386016845703,389.3768615722656
2022-08-02,34.45280075073242,386.8079528808594
2022-08-03,34.985618591308594,392.86517333984375
2022-08-04,34.93803405761719,392.5997314453125
2022-08-05,34.662109375,391.9361572265625
2022-08-08,34.80484390258789,391.4811706542969
2022-08-09,34.633575439453125,389.92657470703125
2022-08-10,35.204463958740234,398.1166076660156
2022-08-11,35.18543243408203,398.1166076660156
2022-08-12,35.67067337036133,404.8563537597656
2022-08-15,35.91806411743164,406.5246887207031
2022-08-16,35.8895149230957,407.3209228515625
2022-08-17,35.585044860839844,404.42974853515625
2022-08-18,35.62310791015625,405.605224609375
2022-08-19,35.19493865966797,400.15472412109375
2022-08-22,34.3291015625,391.8224792480469
2022-08-23,34.30055236816406,390.87451171875
2022-08-24,34.21492004394531,392.1258239746094
2022-08-25,34.87144088745117,397.66168212890625
2022-08-26,33.86288070678711,384.201171875
2022-08-29,33.510841369628906,381.6607666015625
2022-08-30,33.092185974121094,377.47088623046875
2022-08-31,32.90190505981445,374.5987548828125
2022-09-01,32.835289001464844,375.774169921875
2022-09-02,32.616455078125,371.81182861328125
2022-09-06,32.502281188964844,370.4089050292969
2022-09-07,32.873348236083984,377.0633239746094
2022-09-08,33.11122131347656,379.5279235839844
2022-09-09,33.53937911987305,385.4239807128906
2022-09-12,33.777252197265625,389.56640625
2022-09-13,32.49276351928711,372.6271057128906
2022-09-14,32.4356689453125,374.0489501953125
2022-09-15,32.16926574707031,369.8022766113281
2022-09-16,31.883825302124023,366.9810791015625
2022-09-19,32.0931396484375,369.8269958496094
2022-09-20,31.4271183013916,365.5818176269531
2022-09-21,31.246328353881836,359.204833984375
2022-09-22,30.751571655273438,356.1876220703125
2022-09-23,30.171167373657227,350.21966552734375
2022-09-26,29.631635665893555,346.755126953125
2022-09-27,29.602985382080078,345.8698425292969
2022-09-28,30.462425231933594,352.6753234863281
2022-09-29,29.688928604125977,345.3083190917969
2022-09-30,29.20191192626953,339.9685974121094
2022-10-03,30.0804500579834,348.9441833496094
2022-10-04,31.15952491760254,359.75677490234375
2022-10-05,30.939891815185547,358.9192199707031
2022-10-06,30.57701873779297,355.21673583984375
2022-10-07,29.593435287475586,345.3083190917969
2022-10-10,29.268754959106445,342.6717529296875
2022-10-11,29.04911994934082,340.5016174316406
2022-10-12,29.249658584594727,339.37847900390625
2022-10-13,29.679378509521484,348.3350830078125
2022-10-14,28.99182891845703,340.3968811035156
2022-10-17,29.765321731567383,349.1440734863281
2022-10-18,30.156850814819336,353.24639892578125
2022-10-19,29.784421920776367,350.7431335449219
2022-10-20,29.3260555267334,347.8020324707031
2022-10-21,30.12820053100586,356.2542419433594
2022-10-24,30.261892318725586,360.6134338378906
2022-10-25,31.025840759277344,366.3719482421875
2022-10-26,30.787105560302734,363.6116943359375
2022-10-27,30.787105560302734,361.66998291015625
2022-10-28,31.41736602783203,370.2743835449219
2022-10-31,31.149982452392578,367.5997314453125
2022-11-01,30.987642288208008,365.9911804199219
2022-11-02,30.214141845703125,356.80621337890625
2022-11-03,29.889463424682617,353.1322021484375
2022-11-04,30.061355590820312,358.21490478515625
2022-11-07,30.39558219909668,361.6414489746094
2022-11-08,30.51972198486328,363.5926513671875
2022-11-09,29.984956741333008,356.10186767578125
2022-11-10,31.73248863220215,375.671142578125
2022-11-11,32.04762268066406,379.3070983886719
2022-11-14,32.02851486206055,376.0804443359375
2022-11-15,32.23860168457031,379.2879943847656
2022-11-16,32.219505310058594,376.39453125
2022-11-17,32.04762268066406,375.24285888671875
2022-11-18,32.095367431640625,376.94659423828125
2022-11-21,31.980775833129883,375.575927734375
2022-11-22,32.40095138549805,380.630126953125
2022-11-23,32.572837829589844,383.02862548828125
2022-11-25,32.630126953125,382.9429626464844
2022-11-28,32.20041275024414,376.8323974609375
2022-11-29,31.980775833129883,376.1851806640625
2022-11-30,33.07895278930664,388.03521728515625
2022-12-01,33.203094482421875,387.7497253417969
2022-12-02,33.32723617553711,387.30230712890625
2022-12-05,32.572837829589844,380.3349914550781
2022-12-06,32.23860168457031,374.85260009765625
2022-12-07,32.34364700317383,374.21484375
2022-12-08,32.50598907470703,377.1464538574219
2022-12-09,32.15266036987305,374.3291015625
2022-12-12,32.48688507080078,379.72589111328125
2022-12-13,32.83067321777344,382.6003112792969
2022-12-14,32.67787170410156,380.15423583984375
2022-12-15,31.990327835083008,370.85498046875
2022-12-16,31.59879493713379,366.4766845703125
2022-12-19,31.21682357788086,363.3690185546875
2022-12-20,31.17862892150879,363.86627197265625
2022-12-21,31.73248863220215,369.30694580078125
2022-12-22,31.17862892150879,364.0383605957031
2022-12-23,31.25722885131836,366.1324157714844
2022-12-27,31.075109481811523,364.6885681152344
2022-12-28,30.595848083496094,360.15618896484375
2022-12-29,31.25722885131836,366.63922119140625
2022-12-30,31.103866577148438,365.67340087890625
2023-01-03,31.09427833557129,364.13397216796875
2023-01-04,31.391420364379883,366.94512939453125
2023-01-05,31.075109481811523,362.7571105957031
2023-01-06,31.861095428466797,371.0758972167969
2023-01-09,31.899429321289062,370.8655090332031
2023-01-10,31.928184509277344,373.46624755859375
2023-01-11,32.36910629272461,378.1898193359375
2023-01-12,32.49371337890625,379.5667724609375
2023-01-13,32.79084777832031,381.03924560546875
2023-01-17,32.5224723815918,380.34124755859375
2023-01-18,32.35951614379883,374.3364562988281
2023-01-19,32.139060974121094,371.6112976074219
2023-01-20,32.647071838378906,378.5340881347656
2023-01-23,32.82919692993164,383.0758972167969
2023-01-24,32.91545486450195,382.664794921875
2023-01-25,32.963382720947266,382.80828857421875
2023-01-26,33.17425537109375,387.0154113769531
2023-01-27,33.30845260620117,387.9046630859375
2023-01-30,32.781272888183594,383.0376892089844
2023-01-31,33.27010726928711,388.6696472167969
2023-02-01,33.78770446777344,392.80035400390625
2023-02-02,34.180702209472656,398.5183410644531
2023-02-03,33.806884765625,394.2824401855469
2023-02-06,33.365962982177734,391.87286376953125
2023-02-07,33.845218658447266,396.9980163574219
2023-02-08,33.43305587768555,392.6568603515625
2023-02-09,33.059234619140625,389.2529296875
2023-02-10,33.01131057739258,390.1612243652344
2023-02-13,33.51932907104492,394.74139404296875
2023-02-14,33.46181869506836,394.5597839355469
2023-02-15,33.48098373413086,395.8410339355469
2023-02-16,32.9825553894043,390.3907165527344
2023-02-17,32.93463134765625,389.41552734375
2023-02-21,32.119895935058594,381.60345458984375
2023-02-22,32.119895935058594,381.0775451660156
2023-02-23,32.35951614379883,383.1046447753906
2023-02-24,32.0240364074707,379.01220703125
2023-02-27,32.196571350097656,380.3030090332031
2023-02-28,32.01445770263672,378.8974304199219
2023-03-01,31.832334518432617,377.4440002441406
2023-03-02,31.861095428466797,380.3794860839844
2023-03-03,32.484130859375,386.48004150390625
2023-03-06,32.53206253051758,386.7477111816406
2023-03-07,32.052791595458984,380.8193359375
2023-03-08,32.062381744384766,381.4408874511719
2023-03-09,31.621463775634766,374.4034118652344
2023-03-10,31.487276077270508,369.00091552734375
2023-03-13,31.659809112548828,368.4750061035156
2023-03-14,32.167823791503906,374.56591796875
2023-03-15,32.158226013183594,372.2232971191406
2023-03-16,32.5416374206543,378.7540283203125
2023-03-17,32.31159210205078,374.3253173828125
2023-03-20,32.589561462402344,377.9247131347656
2023-03-21,32.819610595703125,382.8870849609375
2023-03-22,32.41702651977539,376.36016845703125
2023-03-23,32.647071838378906,377.37762451171875
2023-03-24,32.89629364013672,379.85400390625
2023-03-27,32.61751174926758,380.564208984375
2023-03-28,32.57905197143555,379.7099914550781
2023-03-29,32.92512893676758,385.22900390625
2023-03-30,33.242374420166016,387.4846496582031
2023-03-31,33.70379638671875,392.9460754394531
2023-04-03,33.88644790649414,394.4434814453125
2023-04-04,33.83837890625,392.2550354003906
2023-04-05,33.81916046142578,391.2280578613281
2023-04-06,33.934505462646484,392.7541198730469
2023-04-10,33.80954360961914,393.15728759765625
2023-04-11,33.70379638671875,393.26287841796875
2023-04-12,33.63651657104492,391.6598815917969
2023-04-13,34.3767204284668,396.8622741699219
2023-04-14,33.88644790649414,395.8927917480469
2023-04-17,33.83837890625,397.3133239746094
2023-04-18,33.963356018066406,397.5725402832031
2023-04-19,33.847999572753906,397.5053405761719
2023-04-20,33.751861572265625,395.3360900878906
2023-04-21,33.742244720458984,395.6432189941406
2023-04-24,33.88644790649414,396.0560302734375
2023-04-25,33.559600830078125,389.7690124511719
2023-04-26,33.348106384277344,388.11810302734375
2023-04-27,33.799930572509766,395.8447570800781
2023-04-28,34.1460075378418,399.2234191894531
2023-05-01,33.934505462646484,398.8203430175781
2023-05-02,33.88644790649414,394.337890625
2023-05-03,33.6845703125,391.63116455078125
2023-05-04,33.578834533691406,388.8572692871094
2023-05-05,34.011417388916016,396.0560302734375
2023-05-08,33.88644790649414,396.1615295410156
2023-05-09,33.799930572509766,394.42425537109375
2023-05-10,33.982582092285156,396.2671813964844
2023-05-11,34.07870864868164,395.57611083984375
2023-05-12,33.85761260986328,395.0577392578125
2023-05-15,33.90567398071289,396.4207458496094
2023-05-16,33.665348052978516,393.7715759277344
2023-05-17,33.963356018066406,398.551513671875
2023-05-18,34.1844596862793,402.3908996582031
2023-05-19,34.07870864868164,401.8053894042969
2023-05-22,34.07870864868164,401.96856689453125
2023-05-23,33.751861572265625,397.45733642578125
2023-05-24,33.50191879272461,394.57781982421875
2023-05-25,33.665348052978516,397.99481201171875
2023-05-26,34.069087982177734,403.149169921875
2023-05-30,34.194068908691406,403.3027038574219
2023-05-31,34.08833312988281,401.0662841796875
2023-06-01,34.51131057739258,404.8769226074219
2023-06-02,34.79970169067383,410.7318115234375
2023-06-05,34.76124954223633,409.94482421875
2023-06-06,34.82854080200195,410.83740234375
2023-06-07,34.4920768737793,409.4168395996094
2023-06-08,34.85737228393555,411.89324951171875
2023-06-09,34.79008865356445,412.63226318359375
2023-06-12,35.08808898925781,416.3756103515625
2023-06-13,35.09770584106445,419.1207580566406
2023-06-14,35.09770584106445,419.6198425292969
2023-06-15,35.693721771240234,424.8221740722656
2023-06-16,35.626434326171875,423.3751525878906
2023-06-20,35.414947509765625,421.1785888671875
2023-06-21,35.318809509277344,419.02056884765625
2023-06-22,35.35725784301758,420.533203125
2023-06-23,35.10731887817383,417.3539123535156
2023-06-26,35.05910873413086,415.648681640625
2023-06-27,35.39658737182617,420.20556640625
2023-06-28,35.42551803588867,420.41754150390625
2023-06-29,35.280879974365234,422.07452392578125
2023-06-30,35.74370574951172,427.0552978515625
2023-07-03,35.705135345458984,427.5466003417969
2023-07-05,35.714786529541016,426.9107971191406
2023-07-06,35.16518020629883,423.56781005859375
2023-07-07,35.136253356933594,422.4983825683594
2023-07-10,35.2615966796875,423.56781005859375
2023-07-11,35.47372055053711,426.26531982421875
2023-07-12,35.91727066040039,429.6950378417969
2023-07-13,36.399375915527344,433.1054382324219
2023-07-14,36.2836799621582,432.8356628417969
2023-07-17,36.40901565551758,434.338623046875
2023-07-18,36.61151123046875,437.5660095214844
2023-07-19,36.82362747192383,438.5390625
2023-07-20,36.42830276489258,435.6295471191406
2023-07-21,36.418663024902344,435.6295471191406
2023-07-24,36.437950134277344,437.57562255859375
2023-07-25,36.544010162353516,438.7702331542969
2023-07-26,36.57294464111328,438.8377380371094
2023-07-27,36.26438522338867,435.9281921386719
2023-07-28,36.61151123046875,440.1960754394531
2023-07-31,36.630794525146484,441.0342712402344
2023-08-01,36.544010162353516,439.77215576171875
2023-08-02,35.88833999633789,433.65460205078125
2023-08-03,35.83049392700195,432.4118347167969
2023-08-04,35.666561126708984,430.45611572265625
2023-08-07,36.01368713378906,434.21337890625
2023-08-08,35.955841064453125,432.32513427734375
2023-08-09,35.68585205078125,429.4349365234375
2023-08-10,35.49301528930664,429.5890808105469
2023-08-11,35.521942138671875,429.3385314941406
2023-08-14,35.56050491333008,431.7085266113281
2023-08-15,35.280879974365234,426.6795959472656
2023-08-16,34.856624603271484,423.5486145019531
2023-08-17,34.67341995239258,420.3211669921875
2023-08-18,34.70235061645508,420.5235900878906
2023-08-21,34.81805419921875,423.2595520019531
2023-08-22,34.81805419921875,422.1131591796875
2023-08-23,35.2423095703125,426.8144836425781
2023-08-24,34.81805419921875,420.89923095703125
2023-08-25,35.05910873413086,423.866455078125
2023-08-28,35.18445587158203,426.5543518066406
2023-08-29,35.76300048828125,432.72015380859375
2023-08-30,35.91727066040039,434.50238037109375
2023-08-31,35.91727066040039,433.8665771484375
2023-09-01,35.89798355102539,434.67584228515625
2023-09-05,35.67620849609375,432.79718017578125
2023-09-06,35.40623474121094,429.8877258300781
2023-09-07,35.37730407714844,428.5678405761719
2023-09-08,35.42551803588867,429.21331787109375
2023-09-11,35.550865173339844,432.0361022949219
2023-09-12,35.38694763183594,429.6661071777344
2023-09-13,35.300174713134766,430.1671142578125
2023-09-14,35.714786529541016,433.8761901855469
2023-09-15,35.290523529052734,428.64874267578125
2023-09-18,35.23267364501953,428.9001159667969
2023-09-19,35.11696243286133,428.0106201171875
2023-09-20,34.76984405517578,424.0758361816406
2023-09-21,34.18166732788086,417.0664367675781
2023-09-22,34.133460998535156,416.12872314453125
2023-09-25,34.157649993896484,417.8786315917969
2023-09-26,33.5286865234375,411.73944091796875
2023-09-27,33.6351203918457,411.90380859375
2023-09-28,33.86735916137695,414.291748046875
2023-09-29,33.828643798828125,413.2863464355469
2023-10-02,33.654476165771484,413.1219482421875
2023-10-03,33.044864654541016,407.5918273925781
2023-10-04,33.36418151855469,410.5599365234375
2023-10-05,33.422245025634766,410.40521240234375
2023-10-06,33.71253204345703,415.2779235839844
2023-10-09,34.031856536865234,417.9366455078125
2023-10-10,34.225379943847656,420.1119384765625
2023-10-11,34.660823822021484,421.83282470703125
2023-10-12,34.1092643737793,419.2611083984375
2023-10-13,34.12862777709961,417.1728210449219
2023-10-16,34.32215118408203,421.5621337890625
2023-10-17,33.88671112060547,421.5427551269531
2023-10-18,33.499656677246094,415.9256591796875
2023-10-19,33.141624450683594,412.27117919921875
2023-10-20,32.909393310546875,407.2051696777344
2023-10-23,32.948097229003906,406.4993896484375
2023-10-24,33.248069763183594,409.56414794921875
2023-10-25,32.648136138916016,403.6860046386719
2023-10-26,32.40622329711914,398.85205078125
2023-10-27,32.1933479309082,397.0440979003906
2023-10-30,32.56104278564453,401.79107666015625
2023-10-31,32.715858459472656,404.3144836425781
2023-11-01,33.180328369140625,408.6263732910156
2023-11-02,33.915740966796875,416.4573974609375
2023-11-03,34.36085510253906,420.2569580078125
2023-11-06,34.399559020996094,421.2237243652344
2023-11-07,34.55438232421875,422.42254638671875
2023-11-08,34.65114212036133,422.73193359375
2023-11-09,34.2157096862793,419.43511962890625
2023-11-10,34.74789810180664,425.9803466796875
2023-11-13,34.62211227416992,425.57427978515625
2023-11-14,35.52202224731445,433.83074951171875
2023-11-15,35.49299240112305,434.7491760253906
2023-11-16,35.57040023803711,435.2809753417969
2023-11-17,35.66716766357422,435.8223876953125
2023-11-20,35.92842483520508,439.1771240234375
2023-11-21,35.821990966796875,438.2200012207031
2023-11-22,36.00584030151367,439.9118957519531
2023-11-24,35.967132568359375,440.1826171875
2023-11-27,35.967132568359375,439.3898620605469
2023-11-28,36.04454803466797,439.82489013671875
2023-11-29,36.17034149169922,439.5155029296875
2023-11-30,36.20904541015625,441.24609375
2023-12-01,36.53803634643555,443.8564758300781
2023-12-04,36.29613494873047,441.52642822265625
2023-12-05,36.441280364990234,441.43939208984375
2023-12-06,36.42192459106445,439.6604919433594
2023-12-07,36.567073822021484,443.0153503417969
2023-12-08,36.6251220703125,444.9199523925781
2023-12-11,36.7702751159668,446.6504821777344
2023-12-12,36.93476867675781,448.6904602050781
2023-12-13,37.59276580810547,454.8779296875
2023-12-14,37.97981643676758,456.3377380371094
2023-12-15,37.87338638305664,455.58636474609375
2023-12-18,38.04755783081055,458.14910888671875
2023-12-19,38.27011489868164,460.9350891113281
2023-12-20,37.737911224365234,454.5478210449219
2023-12-21,38.105621337890625,458.85772705078125
2023-12-22,38.163875579833984,459.7799072265625
2023-12-26,38.39694595336914,461.72137451171875
2023-12-27,38.474632263183594,462.55621337890625
2023-12-28,38.58143997192383,462.7308654785156
2023-12-29,38.163875579833984,461.39129638671875
2024-01-02,37.87255096435547,458.8092041015625
2024-01-03,37.843421936035156,455.062255859375
2024-01-04,37.649200439453125,453.5964660644531
2024-01-05,37.58122634887695,454.2176818847656
2024-01-08,38.13475036621094,460.7021179199219
2024-01-09,38.05705642700195,460.003173828125
2024-01-10,38.25127410888672,462.6047058105469
2024-01-11,38.3289680480957,462.4009094238281
2024-01-12,38.406654357910156,462.7211608886719
2024-01-16,38.14445877075195,461.0224304199219
2024-01-17,37.8531379699707,458.4598083496094
2024-01-18,38.05705642700195,462.5367736816406
2024-01-19,38.532894134521484,468.3028259277344
2024-01-22,38.668853759765625,469.2929992675781
2024-01-23,38.69797897338867,470.6616516113281
2024-01-24,38.73682403564453,471.1761779785156
2024-01-25,38.84364318847656,473.7388610839844
2024-01-26,38.88249206542969,473.13702392578125
2024-01-29,39.27092361450195,476.8839416503906
2024-01-30,39.27092361450195,476.51507568359375
2024-01-31,38.824222564697266,468.7396545410156
2024-02-01,39.39716339111328,474.8746337890625
2024-02-02,39.58167266845703,479.87384033203125
2024-02-05,39.15439224243164,478.1264343261719
2024-02-06,39.387454986572266,479.5146179199219
2024-02-07,39.756465911865234,483.5139465332031
2024-02-08,39.65936279296875,483.7275085449219
2024-02-09,39.82444763183594,486.5231628417969
2024-02-12,39.81473922729492,486.3096618652344
2024-02-13,39.18352127075195,479.61163330078125
2024-02-14,39.60110092163086,483.97021484375
2024-02-15,39.82444763183594,487.3094482421875
2024-02-16,39.60110092163086,484.88262939453125
2024-02-20,39.32918930053711,482.2132568359375
2024-02-21,39.416587829589844,482.64996337890625
2024-02-22,40.13520050048828,492.638671875
2024-02-23,40.11578369140625,492.9784240722656
2024-02-26,39.96039962768555,491.17291259765625
2024-02-27,40.00895690917969,492.08538818359375
2024-02-28,39.97010803222656,491.43505859375
2024-02-29,40.30028533935547,493.2016906738281
2024-03-01,40.67900848388672,497.8319396972656
2024-03-04,40.61103057861328,497.2981262207031
2024-03-05,40.30028533935547,492.32806396484375
2024-03-06,40.67900848388672,494.8227844238281
2024-03-07,40.98976135253906,499.734619140625
2024-03-08,40.74698257446289,496.7351379394531
2024-03-11,40.60132598876953,496.3079833984375
2024-03-12,40.87322235107422,501.64691162109375
2024-03-13,40.81495666503906,500.8606262207031
2024-03-14,40.59160614013672,499.8705139160156
2024-03-15,40.26144027709961,496.4381103515625
2024-03-18,40.5139274597168,499.38848876953125
2024-03-19,40.785823822021484,502.16375732421875
2024-03-20,41.125709533691406,506.808349609375
2024-03-21,41.29079818725586,508.4831848144531
2024-03-22,41.36381149291992,507.5191650390625
2024-03-25,41.14963912963867,506.1169738769531
2024-03-26,41.188575744628906,505.1822509765625
2024-03-27,41.470890045166016,509.4277038574219
2024-03-28,41.11070251464844,509.3302917480469
2024-04-01,41.13990020751953,508.4441833496094
2024-04-02,40.95493698120117,505.2115173339844
2024-04-03,40.96467971801758,505.7664794921875
2024-04-04,40.69209289550781,499.593017578125
2024-04-05,41.0620231628418,504.81219482421875
2024-04-08,40.84785461425781,505.0946350097656
2024-04-09,41.13990020751953,505.6788330078125
2024-04-10,40.39030838012695,500.6154479980469
2024-04-11,40.59474182128906,504.3934631347656
2024-04-12,40.059326171875,497.4313049316406
2024-04-15,39.66019058227539,491.199462890625
2024-04-16,39.41681671142578,490.3035583496094
2024-04-17,39.21238327026367,487.40191650390625
2024-04-18,39.144229888916016,486.39892578125
2024-04-19,38.99821853637695,482.1534729003906
2024-04-22,39.11503982543945,486.59368896484375
2024-04-23,39.61151123046875,492.3679504394531
2024-04-24,39.54336929321289,492.13427734375
2024-04-25,39.377872467041016,490.2646789550781
2024-04-26,39.55310821533203,494.9093933105469
2024-04-29,39.893829345703125,496.662109375
2024-04-30,39.2415885925293,488.79437255859375
2024-05-01,39.21238327026367,487.2071533203125
2024-05-02,39.57257843017578,491.7642517089844
2024-05-03,40.15667724609375,497.8598327636719
2024-05-06,40.614219665527344,503.0010681152344
2024-05-07,40.614219665527344,503.55609130859375
2024-05-08,40.59474182128906,503.60479736328125
2024-05-09,40.77970886230469,506.50653076171875
2024-05-10,40.69209289550781,507.1590270996094
2024-05-13,40.80891418457031,507.22711181640625
2024-05-14,41.01335144042969,509.5543212890625
2024-05-15,41.665592193603516,515.8641357421875
2024-05-16,41.59744644165039,514.802734375
2024-05-17,41.539031982421875,515.5427856445312
2024-05-20,41.626651763916016,516.1368408203125
2024-05-21,41.6461181640625,517.4026489257812
2024-05-22,41.626651763916016,515.912841796875
2024-05-23,41.23725128173828,512.1444702148438
2024-05-24,41.519569396972656,515.5330200195312
2024-05-28,41.50009536743164,515.893310546875
2024-05-29,41.266456604003906,512.2806396484375
2024-05-30,40.82838439941406,508.88238525390625
2024-05-31,41.159366607666016,513.517333984375
2024-06-03,41.324867248535156,513.9361572265625
2024-06-04,41.61691665649414,514.5107421875
2024-06-05,42.132869720458984,520.6256713867188
2024-06-06,42.103660583496094,520.6159057617188
2024-06-07,41.93816375732422,519.98291015625
2024-06-10,41.96737289428711,521.589599609375
2024-06-11,42.035518646240234,522.8458251953125
2024-06-12,42.59040832519531,527.139892578125
2024-06-13,42.755897521972656,528.2012939453125
2024-06-14,43.04795455932617,528.522705078125
2024-06-17,43.223175048828125,532.7290649414062
2024-06-18,43.339996337890625,534.0826416015625
2024-06-20,43.08689880371094,532.6317138671875
2024-06-21,42.9603385925293,531.917724609375
2024-06-24,42.88246154785156,530.1885986328125
2024-06-25,43.111881256103516,532.230224609375
2024-06-26,43.024017333984375,532.8945922851562
2024-06-27,43.150936126708984,533.734619140625
2024-06-28,42.86781311035156,531.6343994140625
2024-07-01,42.66279602050781,532.728515625
2024-07-02,43.043540954589844,536.3135986328125
2024-07-03,43.424285888671875,538.7069702148438
2024-07-05,43.814788818359375,541.8134155273438
2024-07-08,43.7562141418457,542.4385986328125
2024-07-09,43.77573776245117,542.9661254882812
2024-07-10,44.17601013183594,548.3388671875
2024-07-11,43.687870025634766,543.6107788085938
2024-07-12,44.26387405395508,547.0396728515625
2024-07-15,44.34197235107422,548.5440673828125
2024-07-16,44.64461898803711,551.797119140625
2024-07-17,44.000282287597656,544.0601806640625
2024-07-18,43.67811584472656,539.879150390625
2024-07-19,43.3754768371582,536.2940673828125
2024-07-22,43.62929916381836,541.8231811523438
2024-07-23,43.687870025634766,540.973388671875
2024-07-24,42.916622161865234,528.7135620117188
2024-07-25,42.56517028808594,525.9586791992188
2024-07-26,43.09235382080078,531.8493041992188
2024-07-29,43.10211944580078,532.1619262695312
2024-07-30,42.66279602050781,529.4657592773438
2024-07-31,43.697635650634766,538.0719604492188
2024-08-01,43.18021774291992,530.4523315429688
2024-08-02,42.916622161865234,520.576171875
2024-08-05,41.706058502197266,505.41510009765625
2024-08-06,41.97941207885742,510.0748291015625
2024-08-07,41.823211669921875,506.6654968261719
2024-08-08,42.41873550415039,518.3782348632812
2024-08-09,42.71161651611328,520.6641235351562
2024-08-12,42.73114013671875,520.9376220703125
2024-08-13,43.463340759277344,529.5048217773438
2024-08-14,43.62929916381836,531.17529296875
2024-08-15,44.09790802001953,540.2797241210938
2024-08-16,44.21506118774414,541.4910888671875
2024-08-19,44.712955474853516,546.66845703125
2024-08-20,44.66415023803711,545.779541015625
2024-08-21,45.00583267211914,547.6550903320312
2024-08-22,44.39079284667969,543.35693359375
2024-08-23,44.947265625,549.1302490234375
2024-08-26,44.86915969848633,547.8212280273438
2024-08-27,44.810585021972656,548.573486328125
2024-08-28,44.20528793334961,545.3887939453125
2024-08-29,44.48841857910156,545.4375610351562
2024-08-30,44.908206939697266,550.6444091796875
2024-09-03,44.07838439941406,539.3126831054688
2024-09-04,44.17601013183594,538.2088012695312
2024-09-05,44.20528793334961,536.8997802734375
2024-09-06,43.404762268066406,527.863525390625
2024-09-09,43.99052047729492,533.7737426757812
2024-09-10,44.44935989379883,536.0987548828125
2024-09-11,44.4981803894043,541.5985107421875
2024-09-12,44.722721099853516,546.1604614257812
2024-09-13,45.19133377075195,549.0130004882812
2024-09-16,45.318241119384766,549.8237915039062
2024-09-17,45.28895568847656,550.0485229492188
2024-09-18,45.035125732421875,548.4171752929688
2024-09-19,45.7575569152832,557.7755126953125
2024-09-20,45.513492584228516,556.8114013671875
2024-09-23,45.77708435058594,558.2028198242188
2024-09-24,45.88447570800781,559.7999267578125
2024-09-25,45.806156158447266,558.5653076171875
2024-09-26,45.93342208862305,560.7799072265625
2024-09-27,45.904052734375,559.9664916992188
2024-09-30,46.001949310302734,562.2103881835938
2024-10-01,45.88447189331055,557.1739501953125
2024-10-02,45.60057067871094,557.4090576171875
2024-10-03,45.49288558959961,556.3900146484375
2024-10-04,45.5026741027832,561.4461669921875
2024-10-07,45.07192611694336,556.370361328125
2024-10-08,45.41456985473633,561.63232421875
2024-10-09,45.74742126464844,565.5223999023438
2024-10-10,45.6103630065918,564.53271484375
2024-10-11,45.88447189331055,567.913330078125
2024-10-14,46.19774627685547,572.5578002929688
2024-10-15,46.001949310302734,568.1091918945312
2024-10-16,46.15858840942383,570.57861328125
2024-10-17,46.001949310302734,570.62744140625
2024-10-18,46.2564811706543,572.822509765625
2024-10-21,45.99216079711914,571.8817138671875
2024-10-22,46.050899505615234,571.5779418945312
2024-10-23,45.541839599609375,566.355224609375
2024-10-24,45.75720977783203,567.580078125
2024-10-25,45.620147705078125,567.3840942382812
2024-10-28,45.620147705078125,569.1381225585938
2024-10-29,45.806156158447266,570.0592041015625
2024-10-30,45.68867111206055,568.3345947265625
2024-10-31,44.974029541015625,557.193603515625
2024-11-01,44.944664001464844,559.545166015625
2024-11-04,44.885921478271484,558.3399047851562
2024-11-05,45.41456985473633,565.0912475585938
2024-11-06,46.34459686279297,579.1425170898438
2024-11-07,46.834083557128906,583.62060546875
2024-11-08,47.0886116027832,586.1487426757812
2024-11-11,47.0886116027832,586.7071533203125
2024-11-12,46.804710388183594,584.8846435546875
2024-11-13,46.89281463623047,585.1688842773438
2024-11-14,46.54039001464844,581.4060668945312
2024-11-15,45.94321823120117,573.9590454101562
2024-11-18,46.18795394897461,576.3108520507812
2024-11-19,46.48164367675781,578.41748046875
2024-11-20,46.325008392333984,578.613525390625
2024-11-21,46.657859802246094,581.7196044921875
2024-11-22,46.76555252075195,583.5225830078125
2024-11-25,47.09840393066406,585.501953125
2024-11-26,47.38230514526367,588.5591430664062
2024-11-27,47.1963005065918,586.7757568359375
2024-11-29,47.597679138183594,590.4208374023438
2024-12-02,47.78368377685547,591.4791259765625
2024-12-03,47.754310607910156,591.7534790039062
2024-12-04,48.05779266357422,595.4279174804688
2024-12-05,48.06758117675781,594.4481201171875
2024-12-06,48.24380111694336,595.574951171875
2024-12-09,47.88157653808594,592.5079956054688
2024-12-10,47.70536422729492,590.6658325195312
2024-12-11,47.77389144897461,595.2321166992188
2024-12-12,47.597679138183594,592.1650390625
2024-12-13,47.45083236694336,592.0475463867188
2024-12-16,47.77389144897461,594.5755004882812
2024-12-17,47.60746765136719,592.1257934570312
2024-12-18,46.12921905517578,574.4783935546875
2024-12-19,45.99216079711914,574.302001953125
2024-12-20,46.45227813720703,581.1998901367188
2024-12-23,46.559967041015625,584.6803588867188
2024-12-24,47.1473503112793,591.1791381835938
2024-12-26,47.12179946899414,591.2184448242188
2024-12-27,46.4635124206543,584.9949340820312
2024-12-30,46.286659240722656,578.3192138671875
2024-12-31,45.87399673461914,576.2152709960938
2025-01-02,45.962425231933594,574.799560546875
2025-01-03,46.48316192626953,581.9864501953125
2025-01-06,46.699317932128906,585.3390502929688
2025-01-07,46.090152740478516,578.722412109375
2025-01-08,46.139278411865234,579.5678100585938
2025-01-10,45.25501251220703,570.7192993164062
2025-01-13,45.3729133605957,571.6041870117188
2025-01-14,45.17640686035156,572.3907470703125
2025-01-15,46.325958251953125,582.8026123046875
2025-01-16,46.365257263183594,581.6817016601562
2025-01-17,46.777923583984375,587.521728515625
2025-01-21,47.25935363769531,592.8995971679688
2025-01-22,47.524635314941406,596.2326049804688
2025-01-23,47.583587646484375,599.4868774414062
2025-01-24,47.534461975097656,597.7367553710938
2025-01-27,47.03337860107422,589.2815551757812
2025-01-28,47.563941955566406,594.344970703125
2025-01-29,47.23971176147461,591.6804809570312
2025-01-30,47.534461975097656,594.8560791015625
2025-01-31,47.33795928955078,591.6903686523438
2025-02-03,47.09232711791992,587.70849609375
2025-02-04,47.49516677856445,591.6510620117188
2025-02-05,47.750614166259766,594.0498657226562
2025-02-06,47.87834548950195,596.114501953125
2025-02-07,47.43620681762695,590.6580200195312
2025-02-10,47.573768615722656,594.6693725585938
2025-02-11,47.65236282348633,595.1216430664062
2025-02-12,47.16110610961914,593.2044067382812
2025-02-13,48.01589584350586,599.4672241210938
2025-02-14,48.14362335205078,599.4376831054688
2025-02-18,47.93730163574219,601.1975708007812
2025-02-19,48.192752838134766,602.6133422851562
2025-02-20,48.01589584350586,600.1063232421875
2025-02-21,47.42638397216797,589.8421020507812
2025-02-24,47.16110610961914,587.1580200195312
2025-02-25,46.994075775146484,584.2379150390625
2025-02-26,47.15127944946289,584.5328979492188
2025-02-27,46.44386291503906,575.20263671875
2025-02-28,47.19057846069336,584.1790161132812
2025-03-03,46.6010627746582,573.9441528320312
2025-03-04,45.99190139770508,567.1504516601562
2025-03-05,46.22770690917969,573.24609375
2025-03-06,45.500640869140625,563.0703125
2025-03-07,45.54976272583008,566.2261962890625
2025-03-10,44.49846649169922,551.1444702148438
2025-03-11,44.28231430053711,546.5629272460938
2025-03-12,44.4493408203125,549.4632568359375
2025-03-13,43.91877746582031,542.1387329101562
2025-03-14,44.675323486328125,553.3369140625
2025-03-17,45.00938415527344,557.6038818359375
2025-03-18,44.51811981201172,551.5770874023438
2025-03-19,44.96024703979492,557.584228515625
2025-03-20,45.029029846191406,555.9718627929688
2025-03-21,44.99955368041992,556.1552734375
2025-03-24,45.68731689453125,566.1151733398438
2025-03-25,45.7560920715332,567.4760131835938
2025-03-26,45.23390197753906,560.7012939453125
2025-03-27,45.02699661254883,559.2122802734375
2025-03-28,44.4161262512207,547.95068359375
2025-03-31,44.64274215698242,551.62890625
2025-04-01,44.90876388549805,553.1869506835938
2025-04-02,45.15508270263672,556.687744140625
2025-04-03,43.43085479736328,529.2537841796875
2025-04-04,40.209007263183594,498.2696838378906
2025-04-07,40.84943771362305,497.3821716308594
2025-04-08,40.130191802978516,489.5917663574219
2025-04-09,43.558937072753906,541.0084838867188
2025-04-10,41.943092346191406,517.3018798828125
2025-04-11,42.60322952270508,526.5320434570312
2025-04-14,43.086002349853516,531.64013671875
2025-04-15,43.105712890625,530.151123046875
2025-04-16,42.24851989746094,518.3670043945312
2025-04-17,42.28793716430664,519.1065673828125
2025-04-21,41.273101806640625,506.7503356933594
2025-04-22,42.12043762207031,519.9349365234375
2025-04-23,42.84954071044922,527.9915161132812
2025-04-24,43.7559928894043,539.1051635742188
2025-04-25,44.18950653076172,543.0003662109375
2025-04-28,44.26833724975586,543.2074584960938
2025-04-29,44.662445068359375,546.6292724609375
2025-04-30,44.7215576171875,546.84619140625
2025-05-01,44.82994079589844,550.7217407226562
2025-05-02,45.194488525390625,558.8966674804688
2025-05-05,44.928466796875,555.6917724609375
2025-05-06,44.731414794921875,551.047119140625
2025-05-07,44.8594970703125,553.3646240234375
2025-05-08,44.96788024902344,557.2202758789062
2025-05-09,44.91861343383789,556.5103759765625
2025-05-12,46.0615348815918,574.9015502929688
2025-05-13,46.56401824951172,578.6981201171875
2025-05-14,46.43593978881836,579.437744140625
2025-05-15,46.74136734008789,582.2678833007812
2025-05-16,47.174896240234375,585.9559936523438
2025-05-19,47.08621597290039,586.5969848632812
2025-05-20,46.81033706665039,584.6246948242188
2025-05-21,45.89403533935547,574.7733154296875
2025-05-22,46.19947052001953,575.0001220703125
2025-05-23,45.972862243652344,571.0753784179688
2025-05-27,46.88916015625,582.9483642578125
2025-05-28,46.30785369873047,579.5757446289062
2025-05-29,46.86945724487305,581.8635864257812
2025-05-30,46.94827651977539,581.2127685546875
2025-06-02,47.0566520690918,584.4867553710938
2025-06-03,47.26356506347656,587.8197631835938
2025-06-04,47.50003433227539,587.6619873046875
2025-06-05,47.12562561035156,584.8218994140625
2025-06-06,47.440921783447266,590.8274536132812
2025-06-09,47.509883880615234,591.3599853515625
2025-06-10,47.66752624511719,594.7128295898438
2025-06-11,47.76605987548828,593.0166625976562
2025-06-12,47.894142150878906,595.3734130859375
2025-06-13,47.411354064941406,588.7171630859375
2025-06-16,47.69709014892578,594.318359375
2025-06-17,47.52959060668945,589.2398071289062
2025-06-18,47.480323791503906,589.1510009765625
2025-06-20,47.46061325073242,587.7673950195312
2025-06-23,47.864585876464844,593.5730590820312
2025-06-24,48.5444221496582,600.13037109375
2025-06-25,48.55924987792969,600.4666748046875
2025-06-26,48.9546012878418,605.1646118164062
2025-06-27,49.11274337768555,608.1712646484375
2025-06-30,49.47844314575195,611.0790405273438
2025-07-01,49.369720458984375,610.8812866210938
2025-07-02,49.527862548828125,613.6505737304688
2025-07-03,49.686004638671875,618.4869995117188
2025-07-07,49.38949203491211,613.8780517578125
2025-07-08,49.18193054199219,613.5418090820312
2025-07-09,49.616817474365234,617.2210083007812
2025-07-10,49.78483963012695,618.9617309570312
2025-07-11,48.835994720458984,616.7858276367188
2025-07-14,49.47844314575195,617.9627685546875
2025-07-15,49.32030487060547,615.322021484375
2025-07-16,49.51797866821289,617.3792114257812
2025-07-17,49.686004638671875,621.1573486328125
2025-07-18,49.76507568359375,620.7025146484375
2025-07-21,49.9528694152832,621.8794555664062
2025-07-22,50.11101150512695,621.9683837890625
2025-07-23,50.26914596557617,627.259765625
2025-07-24,50.34821701049805,627.4674072265625
2025-07-25,50.57554626464844,630.1181030273438
2025-07-28,50.5360107421875,629.9598999023438
2025-07-29,50.595314025878906,628.2982788085938
2025-07-30,50.486595153808594,627.5070190429688
2025-07-31,50.2493782043457,625.1531982421875
2025-08-01,49.76507568359375,614.9066162109375
2025-08-04,50.57554626464844,624.2530517578125
2025-08-05,50.21973419189453,621.0880737304688
2025-08-06,50.67438507080078,625.845458984375
2025-08-07,50.57554626464844,625.3212280273438
2025-08-08,50.74357223510742,630.197265625
2025-08-11,50.78310775756836,628.9509887695312
2025-08-12,51.484859466552734,635.6468505859375
2025-08-13,51.51450729370117,637.8228149414062
2025-08-14,51.4552116394043,637.882080078125
2025-08-15,50.91159439086914,636.388671875
2025-08-18,51.247642517089844,636.2501831054688
2025-08-19,50.951133728027344,632.7984008789062
2025-08-20,50.8819465637207,631.1170043945312
2025-08-21,50.605201721191406,628.5850830078125
2025-08-22,51.42555618286133,638.2381591796875
2025-08-25,51.257530212402344,635.42919921875
2025-08-26,51.484859466552734,638.0897827148438
2025-08-27,51.64299774169922,639.543701171875
2025-08-28,51.870330810546875,641.8085327148438
2025-08-29,51.4749755859375,637.9810180664062
2025-09-02,51.09939193725586,633.2533569335938
2025-09-03,51.42555618286133,636.6853637695312
2025-09-04,51.94940185546875,642.00634765625
2025-09-05,51.94940185546875,640.14697265625
2025-09-08,52.18661117553711,641.719482421875
2025-09-09,52.176727294921875,643.2030639648438
2025-09-10,52.483123779296875,645.0625
2025-09-11,52.70056915283203,650.4231567382812
2025-09-12,52.7499885559082,650.20556640625
2025-09-15,53.026737213134766,653.6671142578125
2025-09-16,53.184879302978516,652.76708984375
2025-09-17,52.878482818603516,651.9561767578125
2025-09-18,53.184879302978516,655.00244140625
2025-09-19,53.244178771972656,658.2465209960938
2025-09-22,53.451744079589844,661.3607177734375
2025-09-23,53.33313751220703,657.7605590820312
2025-09-24,53.095924377441406,655.6677856445312
2025-09-25,52.79846954345703,652.6429443359375
2025-09-26,53.05625915527344,656.3819580078125
2025-09-29,53.28430938720703,658.2266845703125
2025-09-30,53.46278381347656,660.7061157226562
2025-10-01,53.7205810546875,662.9574584960938
2025-10-02,53.59168243408203,663.7210693359375
2025-10-03,53.66108703613281,663.7112426757812
2025-10-06,53.809818267822266,666.0914916992188
2025-10-07,53.65117645263672,663.6219482421875
2025-10-08,53.79990005493164,667.5791625976562
2025-10-09,53.69083786010742,665.6452026367188
2025-10-10,52.540672302246094,647.6542358398438
2025-10-13,53.353721618652344,657.5919189453125
2025-10-14,53.433040618896484,656.78857421875
2025-10-15,53.611515045166016,659.7044067382812
2025-10-16,53.42313003540039,655.2117309570312
2025-10-17,53.65117645263672,658.9308471679688
2025-10-20,54.1568489074707,665.7840576171875
2025-10-21,54.23617172241211,665.7741088867188
2025-10-22,53.92879867553711,662.3128051757812
2025-10-23,54.07752990722656,666.2402954101562
2025-10-24,54.52371597290039,671.6851806640625
2025-10-27,55.13845443725586,679.6094970703125
2025-10-28,55.31692886352539,681.4144897460938
2025-10-29,55.10871124267578,681.7418823242188
2025-10-30,54.543540954589844,674.2440185546875
2025-10-31,54.712100982666016,676.4556274414062
2025-11-03,54.76167678833008,677.7251586914062
2025-11-04,54.23617172241211,669.6917114257812
2025-11-05,54.10727310180664,672.012451171875
2025-11-06,53.83956527709961,664.8021850585938
2025-11-07,53.730491638183594,665.4567260742188
2025-11-10,54.335323333740234,675.8407592773438
2025-11-11,54.95998001098633,677.3878784179688
2025-11-12,54.712100982666016,677.7647705078125
2025-11-13,53.85939025878906,666.5180053710938
2025-11-14,53.6809196472168,666.4088745117188
2025-11-17,53.34379959106445,660.2002563476562
2025-11-18,53.02651596069336,654.6561889648438
2025-11-19,53.105838775634766,657.185302734375
2025-11-20,52.36219787597656,647.1683349609375
2025-11-21,52.85795974731445,653.6148681640625
2025-11-24,53.69083786010742,663.2351684570312
2025-11-25,54.325408935546875,669.4734497070312
2025-11-26,54.73193359375,674.09521484375
2025-11-28,54.87074661254883,677.7747192382812
2025-12-01,54.47413635253906,674.6802978515625
2025-12-02,54.503883361816406,675.9300537109375
2025-12-03,54.91040802001953,678.2706298828125
2025-12-04,54.81125259399414,678.7665405273438
2025-12-05,54.86083221435547,680.0557861328125
2025-12-08,54.4642219543457,678.0127563476562
2025-12-09,54.39481735229492,677.4276123046875
2025-12-10,54.96989822387695,681.92041015625
2025-12-11,54.87074661254883,683.5072631835938
2025-12-12,54.40473175048828,676.1581420898438
2025-12-15,54.36507034301758,675.1365356445312
2025-12-16,54.206424713134766,673.2918701171875
2025-12-17,53.730491638183594,665.8832397460938
2025-12-18,54.196510314941406,670.9114990234375
2025-12-19,54.30557632446289,676.9923095703125
2025-12-22,54.89057159423828,681.2098388671875
2025-12-23,54.98972702026367,684.3233032226562
2025-12-24,55.34667205810547,686.7305297851562
2025-12-26,55.324798583984375,686.660888671875
2025-12-29,55.18556594848633,684.2138671875
2025-12-30,55.115943908691406,683.3782958984375
2025-12-31,54.50929641723633,678.3152465820312
2026-01-02,54.5291862487793,679.55859375
2026-01-05,54.9269905090332,684.0845947265625
2026-01-06,55.324798583984375,688.1529541015625
2026-01-07,55.17561721801758,685.9347534179688
2026-01-08,55.17561721801758,685.8651123046875
2026-01-09,55.3944091796875,690.4010009765625
2026-01-12,55.563480377197266,691.4852294921875
2026-01-13,55.55353546142578,690.1026000976562
2026-01-14,55.38446807861328,686.7105712890625
2026-01-15,55.19550704956055,688.5806884765625
2026-01-16,55.19550704956055,688.0037231445312
2026-01-20,53.982200622558594,673.9981689453125
2026-01-21,54.55902099609375,681.77685546875
2026-01-22,54.79770278930664,685.3379516601562
2026-01-23,54.84743118286133,685.5865478515625
2026-01-26,55.14578628540039,689.068115234375
2026-01-27,55.4341926574707,691.8134765625
2026-01-28,55.2651252746582,691.7438354492188
2026-01-29,55.0562744140625,690.3711547851562
2026-01-30,54.93693542480469,688.3121337890625
2026-02-02,55.28501510620117,691.73388671875
2026-02-03,54.74797821044922,685.885009765625
2026-02-04,54.469512939453125,682.5626831054688
2026-02-05,53.992149353027344,674.0379638671875
2026-02-06,54.9269905090332,686.96923828125
2026-02-09,55.225341796875,690.2816162109375
2026-02-10,55.29495620727539,688.4613037109375
2026-02-11,55.21540069580078,688.3021850585938
2026-02-12,54.4197883605957,677.668701171875
2026-02-13,54.568965911865234,678.1461181640625
2026-02-17,54.718143463134766,679.2402954101562
2026-02-18,54.79770278930664,682.662109375
2026-02-19,54.79770278930664,680.8616943359375
2026-02-20,55.125892639160156,685.7855834960938
2026-02-23,54.55902099609375,678.7827758789062
2026-02-24,55.00654983520508,683.7164916992188
2026-02-25,55.454078674316406,689.4859008789062
2026-02-26,55.2651252746582,685.6561889648438
2026-02-27,55.01649475097656,682.3637084960938
2026-03-02,54.996604919433594,682.7516479492188
2026-03-03,54.49934768676758,676.7337036132812
2026-03-04,54.74797821044922,681.50830078125
2026-03-05,54.49934768676758,677.7084350585938
2026-03-06,53.8529167175293,668.8256225585938
2026-03-09,54.40983963012695,674.6845092773438
2026-03-10,54.1910514831543,673.6002807617188
2026-03-11,54.17116165161133,672.7548217773438
2026-03-12,52.98768615722656,662.5390625
2026-03-13,52.848453521728516,658.7890014648438
2026-03-16,53.305931091308594,665.493408203125
2026-03-17,53.61423110961914,667.2440185546875
2026-03-18,52.758949279785156,657.9335327148438
2026-03-19,52.41086959838867,656.3121337890625
2026-03-20,51.118003845214844,646.9034423828125
2026-03-23,51.8241081237793,653.6959228515625
2026-03-24,51.8638916015625,651.5015869140625
2026-03-25,52.430763244628906,655.1322021484375
2026-03-26,51.39860153198242,643.432373046875
2026-03-27,50.471153259277344,632.4606323242188
2026-03-30,50.60079574584961,630.3460693359375
2026-03-31,52.006927490234375,648.6688842773438
2026-04-01,52.20637893676758,653.5562744140625
2026-04-02,52.43574905395508,654.144775390625
2026-04-06,52.59531021118164,657.23681640625
2026-04-07,52.61525344848633,657.5260009765625
2026-04-08,53.75212860107422,674.27294921875
2026-04-09,54.200889587402344,678.162841796875
2026-04-10,54.09119415283203,677.7140502929688
2026-04-13,54.45020294189453,684.3369750976562
2026-04-14,55.377655029296875,692.675537109375
2026-04-15,55.61699676513672,698.1414184570312
2026-04-16,55.67683410644531,699.8569946289062
2026-04-17,56.424774169921875,708.3152465820312
2026-04-20,56.44471740722656,706.8988037109375
2026-04-21,55.99595642089844,702.2708129882812
2026-04-22,56.4846076965332,709.3825073242188
2026-04-23,56.25524139404297,706.6295776367188
2026-04-24,56.684059143066406,712.10546875
2026-04-27,56.62422561645508,713.332275390625
2026-04-28,56.384883880615234,709.8612060546875
2026-04-29,56.17546081542969,709.7515258789062
2026-04-30,56.86356735229492,716.8132934570312
2026-05-01,57.053043365478516,718.7982177734375
2026-05-04,56.72395324707031,716.1649780273438
2026-05-05,57.22257995605469,721.9102172851562
2026-05-06,58.06027603149414,731.9443359375
2026-05-07,57.71123504638672,729.7001342773438
2026-05-08,58.249752044677734,735.724609375
2026-05-11,58.19989013671875,737.4002685546875
2026-05-12,58.15999984741211,736.2831420898438
2026-05-13,58.49906539916992,740.4025268554688
2026-05-14,58.87802505493164,746.2474975585938
2026-05-15,58.00043869018555,737.2706298828125
2026-05-18,57.960548400878906,736.751953125
2026-05-19,57.48186492919922,731.8446044921875
2026-05-20,58.18991470336914,739.3452758789062
2026-05-21,58.339508056640625,740.8114624023438
2026-05-22,58.53895950317383,743.7239990234375
2026-05-26,58.828163146972656,748.6613159179688
2026-05-27,58.94783401489258,748.5316162109375
2026-05-28,59.466407775878906,752.6609497070312
2026-05-29,59.62596893310547,754.5361328125
2026-06-01,59.77555465698242,756.5908203125
2026-06-02,59.835391998291016,757.6182250976562
2026-06-03,59.20711898803711,752.3018798828125
2026-06-04,59.6858024597168,755.1445922851562
2026-06-05,57.970523834228516,735.65478515625
2026-06-08,58.19989013671875,737.3204345703125
2026-06-09,57.970523834228516,735.1560668945312
2026-06-10,56.983238220214844,723.56591796875
2026-06-11,58.16997528076172,735.8642578125
2026-06-12,58.479122161865234,739.843994140625
2026-06-15,59.38662338256836,752.890380859375
2026-06-16,59.187171936035156,748.4019775390625
2026-06-17,58.38936996459961,739.0560302734375
2026-06-18,59.0375862121582,746.739990234375
2026-06-22,58.54893112182617,744.3900146484375
2026-06-23,58.03035354614258,733.5800170898438
2026-06-24,58.15999984741211,733.239990234375
2026-06-25,58.0099983215332,734.2999877929688
2026-06-26,58.22999954223633,728.989990234375
2026-06-29,58.84000015258789,741.0
2026-06-30,59.04999923706055,746.77001953125
2026-07-01,58.91999816894531,745.760009765625
2026-07-02,58.779998779296875,744.780029296875
2026-07-06,59.380001068115234,751.280029296875
2026-07-07,59.16999816894531,747.7100219726562
2026-07-08,58.7400016784668,745.4000244140625
2026-07-09,59.349998474121094,751.7100219726562
2026-07-10,59.2599983215332,754.9500122070312
2026-07-13,58.970001220703125,749.1699829101562
2026-07-14,59.130001068115234,751.8300170898438
2026-07-15,59.47999954223633,754.8099975585938
2026-07-16,59.18000030517578,750.719970703125
2026-07-17,58.650001525878906,743.2899780273438
2026-07-20,58.470001220703125,742.0900268554688
2026-07-21,58.790000915527344,748.280029296875
2026-07-22,58.79999923706055,747.4099731445312
2026-07-23,57.84000015258789,738.1799926757812
2026-07-24,57.810001373291016,738.9299926757812
2026-07-27,57.939998626708984,739.0900268554688
2026-07-28,58.33000183105469,740.8599853515625
2026-07-29,57.27000045776367,729.4600219726562
2026-07-30,58.06999969482422,741.6900024414062
2026-07-31,58.47999954223633,747.030029296875
2026-08-03,59.40999984741211,757.6699829101562
2026-08-04,60.349998474121094,771.3300170898438
2026-08-05,60.470001220703125,769.7899780273438
2026-08-06,60.04999923706055,768.5599975585938
2026-08-07,60.599998474121094,773.260009765625
2026-08-10,60.369998931884766,773.030029296875
2026-08-11,60.22999954223633,770.5599975585938
2026-08-12,60.41999816894531,772.489990234375
2026-08-13,60.88999938964844,777.8800048828125
2026-08-14,60.720001220703125,776.3400268554688
2026-08-17,60.380001068115234,772.6699829101562
2026-08-18,60.099998474121094,767.4500122070312
2026-08-19,60.08000183105469,769.0599975585938
2026-08-20,59.7400016784668,762.5999755859375
2026-08-21,59.810001373291016,765.719970703125
2026-08-24,59.84000015258789,763.469970703125
2026-08-25,60.060001373291016,765.9099731445312
2026-08-26,59.95000076293945,766.0800170898438
2026-08-27,60.4900016784668,771.0999755859375
2026-08-28,60.209999084472656,769.3499755859375
2026-08-31,60.040000915527344,767.0499877929688
2026-09-01,59.31999969482422,761.780029296875
2026-09-02,59.790000915527344,765.1599731445312
2026-09-03,60.27000045776367,773.1699829101562
2026-09-04,60.20000076293945,770.1900024414062
